evidence,module,path,class,model,table,decorator_count,business_method_count,sample_methods
01 ACCOUNT.zip,account_fleet,01 ACCOUNT/account_fleet/models/account_move.py,AccountMoveLine,account.move.line,account_move_line,0,3,_compute_need_vehicle|write|unlink
01 ACCOUNT.zip,account_fleet,01 ACCOUNT/account_fleet/models/fleet_vehicle_log_services.py,FleetVehicleLogServices,fleet.vehicle.log.services,fleet_vehicle_log_services,2,4,_compute_vehicle_id|_inverse_amount|_compute_amount|action_open_account_move
01 ACCOUNT.zip,account_fleet,01 ACCOUNT/account_fleet/models/fleet_vehicle.py,FleetVehicle,fleet.vehicle,fleet_vehicle,0,2,_compute_move_ids|action_view_bills
01 ACCOUNT.zip,account_qr_code_emv,01 ACCOUNT/account_qr_code_emv/models/res_bank.py,ResPartnerBank,res.partner.bank,res_partner_bank,6,3,_compute_country_proxy_keys|_compute_display_qr_setting|_check_for_qr_code_errors
01 ACCOUNT.zip,account_iso20022,01 ACCOUNT/account_iso20022/tests/test_sepa_credit_transfer.py,TestSEPACreditTransfer,,,0,1,_check_structured_reference
01 ACCOUNT.zip,account_iso20022,01 ACCOUNT/account_iso20022/models/account_journal.py,AccountJournal,account.journal,account_journal,3,3,_compute_sepa_pain_version|_compute_has_sepa_ct_payment_method|_compute_has_iso20022_payment_method
01 ACCOUNT.zip,account_iso20022,01 ACCOUNT/account_iso20022/models/account_payment_method.py,AccountPaymentMethod,account.payment.method,account_payment_method,2,1,_compute_is_iso20022
01 ACCOUNT.zip,account_iso20022,01 ACCOUNT/account_iso20022/models/account_payment.py,AccountPayment,account.payment,account_payment,9,7,_compute_iso20022_charge_bearer|_check_sepa_bank_account|_check_sepa_currency|_compute_end_to_end_uuid|_compute_iso20022_uetr|_compute_payment_method_priority|create
01 ACCOUNT.zip,account_iso20022,01 ACCOUNT/account_iso20022/models/account_journal_dashboard.py,AccountJournal,account.journal,account_journal,0,1,action_sepa_ct_to_send
01 ACCOUNT.zip,account_iso20022,01 ACCOUNT/account_iso20022/models/res_company.py,ResCompany,res.company,res_company,2,2,create|_compute_iso20022_orgid
01 ACCOUNT.zip,account_iso20022,01 ACCOUNT/account_iso20022/models/res_partner.py,ResPartner,res.partner,res_partner,1,1,_check_iso20022_lei
01 ACCOUNT.zip,account_intrastat,01 ACCOUNT/account_intrastat/models/account_move.py,AccountMove,account.move,account_move,1,1,_compute_intrastat_country_id
01 ACCOUNT.zip,account_intrastat,01 ACCOUNT/account_intrastat/models/account_move.py,AccountMoveLine,account.move.line,account_move_line,2,2,_compute_origin_country|_compute_intrastat_transaction_id
01 ACCOUNT.zip,account_intrastat,01 ACCOUNT/account_intrastat/models/account_intrastat_code.py,AccountIntrastatCode,account.intrastat.code,account_intrastat_code,1,1,_compute_display_name
01 ACCOUNT.zip,account_intrastat,01 ACCOUNT/account_intrastat/models/account_return.py,AccountReturnType,account.return.type,account_return_type,1,2,_compute_is_intrastat_return_type|_compute_states_workflow
01 ACCOUNT.zip,account_intrastat,01 ACCOUNT/account_intrastat/models/account_return.py,AccountReturn,account.return,account_return,0,1,_check_suite_common_intrastat_goods
01 ACCOUNT.zip,account_intrastat,01 ACCOUNT/account_intrastat/models/product.py,ProductTemplate,product.template,product_template,3,6,_compute_intrastat_code_domain|_compute_intrastat_values|_compute_valid_intrastat_code_ids|_inverse_intrastat_code_id|_inverse_intrastat_supplementary_unit_amount|_inverse_intrastat_origin_country_id
01 ACCOUNT.zip,account_intrastat,01 ACCOUNT/account_intrastat/models/product.py,ProductProduct,product.product,product_product,1,1,_compute_intrastat_supplementary_unit_amount
01 ACCOUNT.zip,account_intrastat,01 ACCOUNT/account_intrastat/models/res_config_settings.py,ResConfigSettings,res.config.settings,res_config_settings,1,1,_compute_has_country_regions
01 ACCOUNT.zip,account_intrastat,01 ACCOUNT/account_intrastat/models/account_intrastat_report.py,AccountIntrastatReportHandler,account.intrastat.report.handler,account_intrastat_report_handler,3,8,action_invalid_code_moves|action_invalid_code_products|action_undefined_units_products|action_undefined_weight_products|action_missing_intrastat_product_origin_country_code|action_invalid_transport_mode_moves|action_missing_product|_check_date_range
01 ACCOUNT.zip,account_online_synchronization,01 ACCOUNT/account_online_synchronization/wizard/account_journal_duplicate_transactions.py,AccountDuplicateTransactionWizard,account.duplicate.transaction.wizard,account_duplicate_transaction_wizard,4,4,_compute_display_name|_compute_transaction_ids|_compute_provider_duplicate_ids|_compute_date
01 ACCOUNT.zip,account_online_synchronization,01 ACCOUNT/account_online_synchronization/wizard/account_bank_selection_wizard.py,AccountBankSelection,account.bank.selection,account_bank_selection,1,1,_compute_online_account
01 ACCOUNT.zip,account_online_synchronization,01 ACCOUNT/account_online_synchronization/wizard/account_bank_statement_line.py,AccountBankStatementLineTransient,account.bank.statement.line.transient,account_bank_statement_line_transient,1,2,action_import_transactions|create
01 ACCOUNT.zip,account_online_synchronization,01 ACCOUNT/account_online_synchronization/wizard/account_journal_missing_transactions.py,AccountMissingTransactionWizard,account.missing.transaction.wizard,account_missing_transaction_wizard,0,3,action_fetch_missing_transaction|action_open_manual_bank_statement_lines|action_open_cancelled_bank_statement_lines
01 ACCOUNT.zip,account_online_synchronization,01 ACCOUNT/account_online_synchronization/models/account_online.py,AccountOnlineAccount,account.online.account,account_online_account,2,5,_check_journal_ids|create|write|unlink|action_reset_fetching_status
01 ACCOUNT.zip,account_online_synchronization,01 ACCOUNT/account_online_synchronization/models/account_online.py,AccountOnlineLink,account.online.link,account_online_link,7,8,_compute_next_synchronization|_compute_journal_ids|_compute_show_sync_actions|unlink|action_new_synchronization|action_update_credentials|action_fetch_transactions|action_reconnect_account
01 ACCOUNT.zip,account_online_synchronization,01 ACCOUNT/account_online_synchronization/models/company.py,ResCompany,res.company,res_company,2,0,
01 ACCOUNT.zip,account_online_synchronization,01 ACCOUNT/account_online_synchronization/models/account_journal.py,AccountJournal,account.journal,account_journal,6,15,write|_compute_expiring_synchronization_due_day|_check_account_online_account_id|unlink|action_configure_bank_journal|action_open_account_online_link|action_extend_consent|action_reconnect_online_account|action_send_reminder|action_open_missing_transaction_wizard|action_open_duplicate_transaction_wizard|action_open_dashboard_asynchronous_action
01 ACCOUNT.zip,account_online_synchronization,01 ACCOUNT/account_online_synchronization/models/account_bank_statement.py,AccountBankStatementLine,account.bank.statement.line,account_bank_statement_line,2,1,create
01 ACCOUNT.zip,account_update_tax_tags,01 ACCOUNT/account_update_tax_tags/wizard/account_update_tax_tags_wizard.py,AccountUpdateTaxTagsWizard,account.update.tax.tags.wizard,account_update_tax_tags_wizard,2,2,_compute_date_from|_compute_display_lock_date_warning
01 ACCOUNT.zip,account_avatax,01 ACCOUNT/account_avatax/wizard/avatax_validate_address.py,AvataxValidateAddress,avatax.validate.address,avatax_validate_address,1,2,_compute_validated_address|action_save_validated
01 ACCOUNT.zip,account_avatax,01 ACCOUNT/account_avatax/models/account_move.py,AccountMove,account.move,account_move,1,1,_compute_is_tax_computed_externally
01 ACCOUNT.zip,account_avatax,01 ACCOUNT/account_avatax/models/account_avatax_unique_code.py,AccountAvataxUniqueCode,account.avatax.unique.code,account_avatax_unique_code,0,1,_compute_avatax_unique_code
01 ACCOUNT.zip,account_avatax,01 ACCOUNT/account_avatax/models/avatax_exemption.py,AvataxExemption,avatax.exemption,avatax_exemption,1,1,_compute_display_name
01 ACCOUNT.zip,account_avatax,01 ACCOUNT/account_avatax/models/account_external_tax_mixin.py,AccountExternalTaxMixin,account.external.tax.mixin,account_external_tax_mixin,7,3,_compute_is_avatax|_compute_is_tax_computed_externally|_check_address
01 ACCOUNT.zip,account_avatax,01 ACCOUNT/account_avatax/models/product.py,ProductAvataxCategory,product.avatax.category,product_avatax_category,1,1,_compute_display_name
01 ACCOUNT.zip,account_avatax,01 ACCOUNT/account_avatax/models/res_partner.py,ResPartner,res.partner,res_partner,1,2,_compute_avalara_show_address_validation|action_open_validation_wizard
01 ACCOUNT.zip,account_bank_statement_import_qif,01 ACCOUNT/account_bank_statement_import_qif/models/account_journal.py,AccountJournal,account.journal,account_journal,0,1,_check_qif
01 ACCOUNT.zip,account_3way_match,01 ACCOUNT/account_3way_match/models/account_invoice.py,AccountMove,account.move,account_move,3,3,_compute_release_to_pay|_compute_release_to_pay_manual|_onchange_release_to_pay_manual
01 ACCOUNT.zip,account_3way_match,01 ACCOUNT/account_3way_match/models/account_invoice.py,AccountMoveLine,account.move.line,account_move_line,1,0,
01 ACCOUNT.zip,account_bank_statement_import_camt,01 ACCOUNT/account_bank_statement_import_camt/models/account_journal.py,AccountJournal,account.journal,account_journal,0,1,_check_camt
01 ACCOUNT.zip,account_bank_statement_extract,01 ACCOUNT/account_bank_statement_extract/models/account_journal.py,AccountJournal,account.journal,account_journal,0,1,_check_attachments_ocrizable
01 ACCOUNT.zip,account_bank_statement_extract,01 ACCOUNT/account_bank_statement_extract/models/account_bank_statement_line.py,AccountBankStatementLine,account.bank.statement.line,account_bank_statement_line,3,3,_compute_debit_credit|_inverse_debit|_inverse_credit
01 ACCOUNT.zip,account_bank_statement_extract,01 ACCOUNT/account_bank_statement_extract/models/account_bank_statement.py,AccountBankStatement,account.bank.statement,account_bank_statement,1,2,_compute_is_in_extractable_state|_compute_journal_id
01 ACCOUNT.zip,account_invoice_extract,01 ACCOUNT/account_invoice_extract/tests/test_invoice_extract_concurrency.py,TestInvoiceExtractConcurrency,,,0,1,unlink
01 ACCOUNT.zip,account_invoice_extract,01 ACCOUNT/account_invoice_extract/models/account_invoice.py,AccountMove,account.move,account_move,8,4,_compute_is_in_extractable_state|_compute_show_banners|action_reload_ai_data|_check_digitalization_mode
01 ACCOUNT.zip,account_check_printing,01 ACCOUNT/account_check_printing/wizard/print_prenumbered_checks.py,PrintPrenumberedChecks,print.prenumbered.checks,print_prenumbered_checks,1,1,_check_next_check_number
01 ACCOUNT.zip,account_check_printing,01 ACCOUNT/account_check_printing/models/account_journal.py,AccountJournal,account.journal,account_journal,2,4,_compute_check_next_number|_inverse_check_next_number|create|action_checks_to_print
01 ACCOUNT.zip,account_check_printing,01 ACCOUNT/account_check_printing/models/account_payment_method.py,AccountPaymentMethod,account.payment.method,account_payment_method,1,0,
01 ACCOUNT.zip,account_check_printing,01 ACCOUNT/account_check_printing/models/account_payment.py,AccountPayment,account.payment,account_payment,7,10,_compute_show_check_number|_compute_check_amount_in_words|_compute_check_number|_inverse_check_number|action_post|action_void_check|_check_fill_line|_check_build_page_info|_check_get_pages|_check_make_stub_pages
01 ACCOUNT.zip,account_winbooks_import,01 ACCOUNT/account_winbooks_import/wizard/account_import_summary.py,AccountImportSummary,account.import.summary,account_import_summary,3,5,_compute_import_summary_len_analytic|_compute_import_summary_len_analytic_line|_compute_import_summary_have_data|action_open_analytic_view|action_open_analytic_line_view
01 ACCOUNT.zip,account_winbooks_import,01 ACCOUNT/account_winbooks_import/models/account_move.py,AccountMoveLine,account.move.line,account_move_line,1,1,_check_payable_receivable
01 ACCOUNT.zip,account_winbooks_import,01 ACCOUNT/account_winbooks_import/models/res_company.py,ResCompany,res.company,res_company,1,0,
01 ACCOUNT.zip,account_test,01 ACCOUNT/account_test/report/report_account_test.py,ReportAccount_TestReport_Accounttest,report.account_test.report_accounttest,report_account_test_report_accounttest,2,0,
01 ACCOUNT.zip,account_peppol,01 ACCOUNT/account_peppol/wizard/peppol_registration.py,PeppolRegistration,peppol.registration,peppol_registration,17,16,_onchange_peppol_endpoint|_onchange_phone_number|_compute_parent_company_id|_compute_display_use_parent_connection_selection|_compute_use_parent_connection_selection|_compute_use_parent_connection|_compute_selected_company_id|_compute_edi_user_id|_compute_peppol_warnings|_compute_edi_mode|_compute_smp_registration_external_provider|_compute_peppol_can_connect_data
01 ACCOUNT.zip,account_peppol,01 ACCOUNT/account_peppol/wizard/account_move_send_wizard.py,AccountMoveSendWizard,account.move.send.wizard,account_move_send_wizard,0,2,_compute_sending_method_checkboxes|action_send_and_print
01 ACCOUNT.zip,account_peppol,01 ACCOUNT/account_peppol/wizard/account_move_send_batch_wizard.py,AccountMoveSendBatchWizard,account.move.send.batch.wizard,account_move_send_batch_wizard,0,1,action_send_and_print
01 ACCOUNT.zip,account_peppol,01 ACCOUNT/account_peppol/wizard/peppol_config_wizard.py,PeppolConfigWizard,peppol.config.wizard,peppol_config_wizard,5,9,_compute_service_json|_compute_service_info|_compute_service_ids|_compute_peppol_activate_self_billing|_inverse_peppol_activate_self_billing|button_sync_form_with_peppol_proxy|button_peppol_unregister|button_peppol_reset_to_sender|button_peppol_register_sender_as_receiver
01 ACCOUNT.zip,account_peppol,01 ACCOUNT/account_peppol/models/account_move.py,AccountMove,account.move,account_move,1,4,action_send_and_print|action_cancel_peppol_documents|_compute_display_send_button|_compute_peppol_move_state
01 ACCOUNT.zip,account_peppol,01 ACCOUNT/account_peppol/models/account_move_send.py,AccountMoveSend,account.move.send,account_move_send,1,1,action_what_is_peppol_activate
01 ACCOUNT.zip,account_peppol,01 ACCOUNT/account_peppol/models/account_journal.py,AccountJournal,account.journal,account_journal,3,5,_check_type_for_peppol_journal|_compute_show_refresh_out_einvoices_status_button|_compute_show_fetch_in_einvoices_button|button_fetch_in_einvoices|button_refresh_out_einvoices_status
01 ACCOUNT.zip,account_peppol,01 ACCOUNT/account_peppol/models/account_edi_proxy_user.py,Account_Edi_Proxy_ClientUser,account_edi_proxy_client.user,account_edi_proxy_client_user,6,0,
01 ACCOUNT.zip,account_peppol,01 ACCOUNT/account_peppol/models/res_company.py,ResCompany,res.company,res_company,13,16,_check_phonenumbers_import|_check_peppol_endpoint_number|_check_account_peppol_phone_number|_check_peppol_endpoint|_check_peppol_purchase_journal_id|_compute_account_peppol_edi_user|_compute_peppol_parent_company_id|_compute_peppol_purchase_journal_id|_inverse_peppol_purchase_journal_id|_compute_peppol_self_billing_reception_journal_id|_inverse_peppol_self_billing_reception_journal_id|_compute_account_peppol_contact_email
01 ACCOUNT.zip,account_peppol,01 ACCOUNT/account_peppol/models/res_config_settings.py,ResConfigSettings,res.config.settings,res_config_settings,3,12,_compute_peppol_use_parent_company|_compute_peppol_participation_role|_inverse_peppol_participation_role|_compute_account_peppol_contact_email|_inverse_account_peppol_contact_email|action_open_peppol_form|button_open_peppol_config_wizard|button_peppol_disconnect_branch_from_parent|button_peppol_register_sender_as_receiver|button_reconnect_this_database|button_disconnect_this_database|button_peppol_deregister
01 ACCOUNT.zip,account_peppol,01 ACCOUNT/account_peppol/models/res_partner.py,ResPartner,res.partner,res_partner,10,10,_onchange_verify_peppol_status|_compute_available_peppol_sending_methods|_compute_available_peppol_edi_formats|_compute_available_peppol_eas|_check_peppol_participant_exists|_check_document_type_support|create|_compute_peppol_endpoint|_compute_peppol_eas|button_account_peppol_check_partner_endpoint
01 ACCOUNT.zip,account_bank_statement_import_csv,01 ACCOUNT/account_bank_statement_import_csv/wizard/account_bank_statement_import_csv.py,Base_ImportImport,base_import.import,base_import_import,1,0,
01 ACCOUNT.zip,account_bank_statement_import_csv,01 ACCOUNT/account_bank_statement_import_csv/models/account_journal.py,AccountJournal,account.journal,account_journal,0,1,_check_file_format
01 ACCOUNT.zip,account_sepa_direct_debit,01 ACCOUNT/account_sepa_direct_debit/wizard/sdd_mandate_send.py,SddMandateSend,sdd.mandate.send,sdd_mandate_send,5,6,_compute_recipient_ids|_compute_company_id|_compute_warnings|_compute_subject|_compute_body|action_send_and_print
01 ACCOUNT.zip,account_sepa_direct_debit,01 ACCOUNT/account_sepa_direct_debit/wizard/account_payment_register.py,AccountPaymentRegister,account.payment.register,account_payment_register,1,2,_compute_no_sdd_mandate_partner_ids|action_create_payments
01 ACCOUNT.zip,account_sepa_direct_debit,01 ACCOUNT/account_sepa_direct_debit/models/sdd_mandate.py,SddMandate,sdd.mandate,sdd_mandate,5,9,_compute_from_moves|action_send_and_print|action_validate_mandate|action_revoke_mandate|action_cancel_mandate|action_close_mandate|action_view_paid_invoices|action_view_payments_to_collect|action_parent_id_from_sdd_mandate
01 ACCOUNT.zip,account_sepa_direct_debit,01 ACCOUNT/account_sepa_direct_debit/models/account_batch_payment.py,AccountBatchPayment,account.batch.payment,account_batch_payment,7,8,_compute_payment_ids_domain|_compute_sdd_required_collection_date|_compute_sdd_min_required_collection_date|_compute_sdd_first_time_payment_ids|_compute_sdd_scheme|_check_minimal_collection_date|_check_payments_constrains|_check_and_post_draft_payments
01 ACCOUNT.zip,account_sepa_direct_debit,01 ACCOUNT/account_sepa_direct_debit/models/account_payment_method.py,AccountPaymentMethod,account.payment.method,account_payment_method,2,0,
01 ACCOUNT.zip,account_sepa_direct_debit,01 ACCOUNT/account_sepa_direct_debit/models/account_invoice.py,AccountMove,account.move,account_move,2,1,_compute_sdd_has_usable_mandate
01 ACCOUNT.zip,account_sepa_direct_debit,01 ACCOUNT/account_sepa_direct_debit/models/account_payment.py,AccountPayment,account.payment,account_payment,5,4,_compute_sdd_mandate_id|_onchange_partner_id|write|_compute_usable_mandate
01 ACCOUNT.zip,account_sepa_direct_debit,01 ACCOUNT/account_sepa_direct_debit/models/res_company.py,ResCompany,res.company,res_company,2,0,
01 ACCOUNT.zip,account_sepa_direct_debit,01 ACCOUNT/account_sepa_direct_debit/models/res_partner.py,ResPartner,res.partner,res_partner,0,2,_compute_sdd_count|action_open_ssd_mandates
01 ACCOUNT.zip,account_reports,01 ACCOUNT/account_reports/wizard/return_submission_wizard.py,AccountReturnSubmissionWizard,account.return.submission.wizard,account_return_submission_wizard,1,1,action_proceed_with_submission
01 ACCOUNT.zip,account_reports,01 ACCOUNT/account_reports/wizard/qr_code_payment_wizard.py,QRCodePaymentWizard,qr.code.payment.wizard,qr_code_payment_wizard,1,1,_compute_qr_code
01 ACCOUNT.zip,account_reports,01 ACCOUNT/account_reports/wizard/return_creation_wizard.py,AccountReturnCreationWizard,account.return.creation.wizard,account_return_creation_wizard,5,6,_compute_return_type_id|_compute_is_create_disabled|_onchange_return_type_id|_compute_available_return_type|_compute_warnings|action_create_manual_account_returns
01 ACCOUNT.zip,account_reports,01 ACCOUNT/account_reports/wizard/mail_compose_message.py,MailComposeMessage,mail.compose.message,mail_compose_message,0,3,_action_send_mail_comment|_action_send_mail|action_send_mail
01 ACCOUNT.zip,account_reports,01 ACCOUNT/account_reports/wizard/account_report_send.py,AccountReportSend,account.report.send,account_report_send,12,10,_compute_mode|_compute_send_mail_extra_fields|_compute_warnings|_compute_mail_lang|_compute_partner_ids|_compute_mail_partner_ids|_compute_mail_subject_body|_compute_mail_attachments_widget|_action_download|action_send_and_print
01 ACCOUNT.zip,account_reports,01 ACCOUNT/account_reports/wizard/account_report_file_download_error_wizard.py,AccountReportFileDownloadErrorWizard,account.report.file.download.error.wizard,account_report_file_download_error_wizard,0,1,button_download
01 ACCOUNT.zip,account_reports,01 ACCOUNT/account_reports/wizard/report_export_wizard.py,Account_ReportsExportWizard,account_reports.export.wizard,account_reports_export_wizard,1,1,create
01 ACCOUNT.zip,account_reports,01 ACCOUNT/account_reports/wizard/fiscal_year.py,AccountFinancialYearOp,account.financial.year.op,account_financial_year_op,0,1,action_save_onboarding_fiscal_year
01 ACCOUNT.zip,account_reports,01 ACCOUNT/account_reports/wizard/return_generic_payment_wizard.py,AccountReturnGenericPaymentWizard,account.return.payment.wizard,account_return_payment_wizard,3,5,_compute_amount_to_pay|_compute_is_recoverable|_compute_communication|action_mark_as_paid|action_send_email_instructions
01 ACCOUNT.zip,account_reports,01 ACCOUNT/account_reports/wizard/multicurrency_revaluation.py,AccountMulticurrencyRevaluationWizard,account.multicurrency.revaluation.wizard,account_multicurrency_revaluation_wizard,5,6,_compute_show_warning|_compute_preview_data|_compute_accounting_values|_inverse_revaluation_journal|_inverse_expense_provision_account|_inverse_income_provision_account
01 ACCOUNT.zip,account_reports,01 ACCOUNT/account_reports/models/account_aged_partner_balance.py,AccountAgedPayableReportHandler,account.aged.payable.report.handler,account_aged_payable_report_handler,0,1,action_audit_cell
01 ACCOUNT.zip,account_reports,01 ACCOUNT/account_reports/models/account_aged_partner_balance.py,AccountAgedReceivableReportHandler,account.aged.receivable.report.handler,account_aged_receivable_report_handler,0,1,action_audit_cell
01 ACCOUNT.zip,account_reports,01 ACCOUNT/account_reports/models/account_tax.py,AccountTaxUnit,account.tax.unit,account_tax_unit,7,8,create|write|_compute_fiscal_position_completion|action_sync_unit_fiscal_positions|unlink|_onchange_vat|_inverse_vat|_onchange_company_ids
01 ACCOUNT.zip,account_reports,01 ACCOUNT/account_reports/models/account_analytic_report.py,AccountReport,account.report,account_report,2,1,action_audit_cell
01 ACCOUNT.zip,account_reports,01 ACCOUNT/account_reports/models/account_analytic_report.py,AccountMoveLine,account.move.line,account_move_line,1,0,
01 ACCOUNT.zip,account_reports,01 ACCOUNT/account_reports/models/account_move.py,AccountMove,account.move,account_move,0,3,action_open_tax_return|unlink|button_draft
01 ACCOUNT.zip,account_reports,01 ACCOUNT/account_reports/models/account_partner_ledger.py,AccountPartnerLedgerReportHandler,account.partner.ledger.report.handler,account_partner_ledger_report_handler,3,2,action_open_partner|action_toggle_no_followup
01 ACCOUNT.zip,account_reports,01 ACCOUNT/account_reports/models/account_followup_report.py,AccountFollowupCustomHandler,account.followup.report.handler,account_followup_report_handler,0,1,action_send_follow_up
01 ACCOUNT.zip,account_reports,01 ACCOUNT/account_reports/models/account_generic_tax_report.py,AccountTaxReportHandler,account.tax.report.handler,account_tax_report_handler,0,1,action_open_amls_with_archived_tags
01 ACCOUNT.zip,account_reports,01 ACCOUNT/account_reports/models/account_generic_tax_report.py,AccountGenericTaxReportHandler,account.generic.tax.report.handler,account_generic_tax_report_handler,1,1,_check_line_consistency
01 ACCOUNT.zip,account_reports,01 ACCOUNT/account_reports/models/account_cash_flow_report.py,AccountCashFlowReportHandler,account.cash.flow.report.handler,account_cash_flow_report_handler,0,1,_compute_liquidity_balance
01 ACCOUNT.zip,account_reports,01 ACCOUNT/account_reports/models/budget.py,AccountReportBudget,account.report.budget,account_report_budget,2,2,create|copy
01 ACCOUNT.zip,account_reports,01 ACCOUNT/account_reports/models/account_move_line.py,AccountMoveLine,account.move.line,account_move_line,5,4,_compute_exclude_bank_lines|_check_taxes_on_closing_entries|_compute_tax_ids|_compute_analytic_coverage
01 ACCOUNT.zip,account_reports,01 ACCOUNT/account_reports/models/account_customer_statement.py,CustomerStatementCustomHandler,account.customer.statement.report.handler,account_customer_statement_report_handler,0,1,action_send_statements
01 ACCOUNT.zip,account_reports,01 ACCOUNT/account_reports/models/account_trial_balance_report.py,AccountTrialBalanceReportHandler,account.trial.balance.report.handler,account_trial_balance_report_handler,1,1,action_audit_cell
01 ACCOUNT.zip,account_reports,01 ACCOUNT/account_reports/models/account_journal_dashboard.py,AccountJournal,account.journal,account_journal,0,1,action_open_bank_balance_in_gl
01 ACCOUNT.zip,account_reports,01 ACCOUNT/account_reports/models/res_company.py,ResCompany,res.company,res_company,3,4,_compute_account_display_representative_field|_compute_totals_below_sections|create|write
01 ACCOUNT.zip,account_reports,01 ACCOUNT/account_reports/models/account_multicurrency_revaluation_report.py,AccountMulticurrencyRevaluationReportHandler,account.multicurrency.revaluation.report.handler,account_multicurrency_revaluation_report_handler,0,4,action_multi_currency_revaluation_open_revaluation_wizard|action_multi_currency_revaluation_open_general_ledger|action_multi_currency_revaluation_toggle_provision|action_multi_currency_revaluation_open_currency_rates
01 ACCOUNT.zip,account_reports,01 ACCOUNT/account_reports/models/account_return.py,AccountReturnType,account.return.type,account_return_type,13,7,create|_compute_report_return_type|_compute_country_id|_compute_auto_generate|_compute_states_workflow|_onchange_category|_compute_display_name
01 ACCOUNT.zip,account_reports,01 ACCOUNT/account_reports/models/account_return.py,AccountReturn,account.return,account_return,30,54,create|write|action_refresh_all_returns|_compute_deadline|_compute_company_ids|_compute_show_companies|_check_all_branches_allowed|_compute_is_main_company_active|_compute_show_amount_to_pay|_compute_state|_compute_next_state|_inverse_state
01 ACCOUNT.zip,account_reports,01 ACCOUNT/account_reports/models/account_return.py,AccountReturnCheck,account.return.check,account_return_check,5,8,create|write|_compute_records_name|_check_code|_compute_approver_supervisor_ids|action_review|action_open_document|action_unlink_attachments
01 ACCOUNT.zip,account_reports,01 ACCOUNT/account_reports/models/kpi_provider.py,KpiProvider,kpi.provider,kpi_provider,2,0,
01 ACCOUNT.zip,account_reports,01 ACCOUNT/account_reports/models/account_report.py,AccountReport,account.report,account_report,43,26,unlink|write|create|action_open_report_form|_compute_expression_totals_for_each_column_group|_compute_expression_totals_for_single_column_group|_compute_totals_no_batch_aggregation|_check_is_float|_compute_formula_batch|_compute_formula_batch_with_engine_tax_tags|_compute_formula_batch_with_engine_domain|_compute_formula_batch_with_engine_account_codes
01 ACCOUNT.zip,account_reports,01 ACCOUNT/account_reports/models/account_report.py,AccountReportLine,account.report.line,account_report_line,2,2,_compute_display_custom_groupby_warning|action_reset_custom_groupby
01 ACCOUNT.zip,account_reports,01 ACCOUNT/account_reports/models/account_report.py,AccountReportExpression,account.report.expression,account_report_expression,0,1,action_view_carryover_lines
01 ACCOUNT.zip,account_reports,01 ACCOUNT/account_reports/models/account_report.py,AccountReportExternalValue,account.report.external.value,account_report_external_value,2,3,create|write|_check_lock_date_violation
01 ACCOUNT.zip,account_reports,01 ACCOUNT/account_reports/models/account_report.py,AccountReportHorizontalGroupRule,account.report.horizontal.group.rule,account_report_horizontal_group_rule,1,1,_compute_res_model_name
01 ACCOUNT.zip,account_reports,01 ACCOUNT/account_reports/models/bank_reconciliation_report.py,AccountBankReconciliationReportHandler,account.bank.reconciliation.report.handler,account_bank_reconciliation_report_handler,0,6,_compute_result|_compute_journal_balances|_compute_balances|action_audit_cell|action_redirect_to_general_ledger|action_redirect_to_bank_statement_widget
01 ACCOUNT.zip,account_reports,01 ACCOUNT/account_reports/models/mail_activity.py,MailActivity,mail.activity,mail_activity,0,1,action_open_document
01 ACCOUNT.zip,account_reports,01 ACCOUNT/account_reports/models/account_sales_report.py,AccountEcSalesReportHandler,account.ec.sales.report.handler,account_ec_sales_report_handler,2,0,
01 ACCOUNT.zip,account_reports,01 ACCOUNT/account_reports/models/res_users.py,ResUsers,res.users,res_users,1,0,
01 ACCOUNT.zip,account_reports,01 ACCOUNT/account_reports/models/account_fiscal_position.py,AccountFiscalPosition,account.fiscal.position,account_fiscal_position,0,1,action_create_foreign_taxes
01 ACCOUNT.zip,account_reports,01 ACCOUNT/account_reports/models/res_partner.py,ResPartner,res.partner,res_partner,1,1,_compute_display_name
01 ACCOUNT.zip,account_reports,01 ACCOUNT/account_reports/models/account_deferred_reports.py,AccountDeferredReportHandler,account.deferred.report.handler,account_deferred_report_handler,8,2,action_audit_cell|action_generate_entry
01 ACCOUNT.zip,account_reports,01 ACCOUNT/account_reports/models/account_analytic_line.py,AccountAnalyticLine,account.analytic.line,account_analytic_line,1,1,_compute_analytic_coverage
01 ACCOUNT.zip,account_reports,01 ACCOUNT/account_reports/models/account.py,AccountAccount,account.account,account_account,6,9,_compute_audit_period|_compute_audit_variation|_compute_audit_status|_inverse_audit_status|_compute_balance_warning|_compute_audit_balance_show_warning|_compute_audit_previous_balance_show_warning|_compute_last_message|action_audit_account
01 ACCOUNT.zip,account_reports,01 ACCOUNT/account_reports/controllers/main.py,AccountReportController,,,2,0,
01 ACCOUNT.zip,account_bank_statement_import,01 ACCOUNT/account_bank_statement_import/models/account_journal.py,AccountJournal,account.journal,account_journal,0,1,_check_parsed_data
01 ACCOUNT.zip,account_bank_statement_import,01 ACCOUNT/account_bank_statement_import/models/account_bank_statement.py,AccountBankStatementLine,account.bank.statement.line,account_bank_statement_line,1,1,_action_open_bank_reconciliation_widget
01 ACCOUNT.zip,account_inter_company_rules,01 ACCOUNT/account_inter_company_rules/models/res_company.py,ResCompany,res.company,res_company,2,1,_compute_intercompany_purchase_journal_id
01 ACCOUNT.zip,account_avatax_stock,01 ACCOUNT/account_avatax_stock/models/account_external_tax_mixin.py,AccountExternalTaxMixin,account.external.tax.mixin,account_external_tax_mixin,1,0,
01 ACCOUNT.zip,account_saft_import,01 ACCOUNT/account_saft_import/wizard/import_wizard.py,AccountSaftImportWizard,account.saft.import.wizard,account_saft_import_wizard,0,1,action_import
01 ACCOUNT.zip,account_saft_import,01 ACCOUNT/account_saft_import/models/res_company.py,ResCompany,res.company,res_company,1,0,
01 ACCOUNT.zip,account_qr_code_sepa,01 ACCOUNT/account_qr_code_sepa/models/res_bank.py,ResPartnerBank,res.partner.bank,res_partner_bank,1,1,_check_for_qr_code_errors
01 ACCOUNT.zip,accountant,01 ACCOUNT/accountant/models/res_company.py,ResCompany,res.company,res_company,0,1,_inverse_account_tax_return_journal_id
01 ACCOUNT.zip,account_bank_statement_import_ofx,01 ACCOUNT/account_bank_statement_import_ofx/models/account_journal.py,AccountJournal,account.journal,account_journal,0,1,_check_ofx
01 ACCOUNT.zip,account_reports_cash_basis,01 ACCOUNT/account_reports_cash_basis/models/account_move_line.py,AccountMoveLine,account.move.line,account_move_line,1,0,
01 ACCOUNT.zip,account_reports_cash_basis,01 ACCOUNT/account_reports_cash_basis/models/account_report.py,AccountReport,account.report,account_report,2,1,action_audit_cell
01 ACCOUNT.zip,account_tax_python,01 ACCOUNT/account_tax_python/models/account_tax.py,AccountTax,account.tax,account_tax,3,3,_check_amount_type_code_formula|_compute_formula_decoded_info|_check_and_normalize_formula
01 ACCOUNT.zip,account_fiscal_categories,01 ACCOUNT/account_fiscal_categories/models/account_fiscal_category.py,AccountFiscalCategory,account.fiscal.category,account_fiscal_category,2,1,_compute_display_name
01 ACCOUNT.zip,account_fiscal_categories,01 ACCOUNT/account_fiscal_categories/models/account_account.py,AccountAccount,account.account,account_account,2,2,_compute_current_rate|_onchange_internal_group
01 ACCOUNT.zip,accountant_knowledge,01 ACCOUNT/accountant_knowledge/models/audit_report.py,AuditReport,audit.report,audit_report,1,6,create|write|action_set_to_draft|action_set_to_done|action_edit_audit_report|action_audit_report_pdf
01 ACCOUNT.zip,accountant_knowledge,01 ACCOUNT/accountant_knowledge/models/knowledge_article.py,KnowledgeArticle,knowledge.article,knowledge_article,2,1,_compute_inherited_audit_report
01 ACCOUNT.zip,account_transfer,01 ACCOUNT/account_transfer/demo/account_demo.py,AccountChartTemplate,account.chart.template,account_chart_template,1,0,
01 ACCOUNT.zip,account_transfer,01 ACCOUNT/account_transfer/models/transfer_model.py,AccountTransferModel,account.transfer.model,account_transfer_model,5,10,copy|_compute_move_ids_count|_compute_has_draft_moves|_check_line_ids_percent|_compute_total_percent|action_enable|action_disable|action_archive|action_cron_auto_transfer|action_perform_auto_transfer
01 ACCOUNT.zip,account_transfer,01 ACCOUNT/account_transfer/models/transfer_model_line.py,AccountTransferModelLine,account.transfer.model.line,account_transfer_model_line,1,0,
01 ACCOUNT.zip,account_transfer,01 ACCOUNT/account_transfer/models/account_move_line.py,AccountMoveLine,account.move.line,account_move_line,1,1,_check_auto_transfer_line_ids_tax
01 ACCOUNT.zip,account_budget_purchase,01 ACCOUNT/account_budget_purchase/models/budget_line.py,BudgetLine,budget.line,budget_line,0,1,_compute_all
01 ACCOUNT.zip,account_budget_purchase,01 ACCOUNT/account_budget_purchase/models/purchase_order_line.py,PurchaseOrderLine,purchase.order.line,purchase_order_line,3,3,_compute_analytic_json|_compute_budget_line_ids|_compute_above_budget
01 ACCOUNT.zip,account_budget_purchase,01 ACCOUNT/account_budget_purchase/models/purchase_order.py,PurchaseOrder,purchase.order,purchase_order,2,3,_compute_is_analytic|_compute_above_budget|action_budget
01 ACCOUNT.zip,account_fiscal_categories_fleet,01 ACCOUNT/account_fiscal_categories_fleet/models/account_move.py,AccountMoveLine,account.move.line,account_move_line,3,1,_compute_need_vehicle
01 ACCOUNT.zip,account_fiscal_categories_fleet,01 ACCOUNT/account_fiscal_categories_fleet/models/account_deferred_reports.py,AccountDeferredReportHandler,account.deferred.report.handler,account_deferred_report_handler,4,0,
01 ACCOUNT.zip,account_fiscal_categories_fleet,01 ACCOUNT/account_fiscal_categories_fleet/report/account_fiscal_categories_fleet_report_handler.py,AccountFiscalCategoriesFleetReportHandler,account.fiscal.categories.fleet.report.handler,account_fiscal_categories_fleet_report_handler,0,1,action_open_accounts
01 ACCOUNT.zip,account_asset_fleet,01 ACCOUNT/account_asset_fleet/models/fleet_vehicle_log_services.py,FleetVehicleLogServices,fleet.vehicle.log.services,fleet_vehicle_log_services,1,1,_compute_amount
01 ACCOUNT.zip,account_asset_fleet,01 ACCOUNT/account_asset_fleet/models/account_asset.py,AccountAsset,account.asset,account_asset,1,2,_compute_vehicle_id|action_open_vehicle
01 ACCOUNT.zip,account_base_import,01 ACCOUNT/account_base_import/wizard/account_import_summary.py,AccountImportSummary,account.import.summary,account_import_summary,6,12,_compute_import_summary_len_account|_compute_import_summary_len_journal|_compute_import_summary_len_move|_compute_import_summary_len_partner|_compute_import_summary_len_tax|_compute_import_summary_have_data|action_open_summary_view|action_open_account_view|action_open_journal_view|action_open_move_view|action_open_partner_view|action_open_tax_view
01 ACCOUNT.zip,account_base_import,01 ACCOUNT/account_base_import/wizard/account_move_line_import.py,Base_ImportImport,base_import.import,base_import_import,1,0,
01 ACCOUNT.zip,account_base_import,01 ACCOUNT/account_base_import/models/account_move_line.py,AccountMoveLine,account.move.line,account_move_line,1,0,
01 ACCOUNT.zip,account_base_import,01 ACCOUNT/account_base_import/models/account_account.py,AccountAccount,account.account,account_account,1,0,
01 ACCOUNT.zip,account_external_tax,01 ACCOUNT/account_external_tax/wizard/payment_link_wizard.py,PaymentLinkWizard,payment.link.wizard,payment_link_wizard,1,0,
01 ACCOUNT.zip,account_external_tax,01 ACCOUNT/account_external_tax/models/account_move.py,AccountMove,account.move,account_move,0,2,button_draft|unlink
01 ACCOUNT.zip,account_external_tax,01 ACCOUNT/account_external_tax/models/account_external_tax_mixin.py,AccountExternalTaxMixin,account.external.tax.mixin,account_external_tax_mixin,3,2,_compute_is_tax_computed_externally|button_external_tax_calculation
01 ACCOUNT.zip,account_online_payment,01 ACCOUNT/account_online_payment/models/account_batch_payment.py,AccountBatchPayment,account.batch.payment,account_batch_payment,1,1,_compute_account_online_link_payments_enabled
01 ACCOUNT.zip,account_online_payment,01 ACCOUNT/account_online_payment/models/account_online_link.py,AccountOnlineLink,account.online.link,account_online_link,0,1,action_activate_payments
01 ACCOUNT.zip,account_online_payment,01 ACCOUNT/account_online_payment/models/account_payment.py,AccountPayment,account.payment,account_payment,0,1,action_draft
01 ACCOUNT.zip,account_edi_ubl_cii,01 ACCOUNT/account_edi_ubl_cii/wizard/account_move_send_wizard.py,AccountMoveSendWizard,account.move.send.wizard,account_move_send_wizard,1,1,_compute_attachments_not_supported
01 ACCOUNT.zip,account_edi_ubl_cii,01 ACCOUNT/account_edi_ubl_cii/models/account_edi_xml_cii_facturx.py,AccountEdiXmlCii,account.edi.xml.cii,account_edi_xml_cii,0,2,_check_required_tax|_check_non_0_rate_tax
01 ACCOUNT.zip,account_edi_ubl_cii,01 ACCOUNT/account_edi_ubl_cii/models/account_tax.py,AccountTax,account.tax,account_tax,2,2,_compute_ubl_cii_requires_exemption_reason|_onchange_ubl_cii_tax_category_code
01 ACCOUNT.zip,account_edi_ubl_cii,01 ACCOUNT/account_edi_ubl_cii/models/account_move.py,AccountMove,account.move,account_move,4,4,_compute_filename|action_invoice_download_ubl|action_group_ungroup_lines_by_tax|_check_move_for_group_ungroup_lines_by_tax
01 ACCOUNT.zip,account_edi_ubl_cii,01 ACCOUNT/account_edi_ubl_cii/models/account_move_send.py,AccountMoveSend,account.move.send,account_move_send,5,0,
01 ACCOUNT.zip,account_edi_ubl_cii,01 ACCOUNT/account_edi_ubl_cii/models/account_edi_xml_ubl_bis3.py,AccountEdiXmlUbl_Bis3,account.edi.xml.ubl_bis3,account_edi_xml_ubl_bis3,1,0,
01 ACCOUNT.zip,account_edi_ubl_cii,01 ACCOUNT/account_edi_ubl_cii/models/account_edi_common.py,AccountEdiCommon,account.edi.common,account_edi_common,2,1,_check_required_fields
01 ACCOUNT.zip,account_edi_ubl_cii,01 ACCOUNT/account_edi_ubl_cii/models/res_partner.py,ResPartner,res.partner,res_partner,14,6,_check_peppol_fields|_compute_is_ubl_format|_compute_is_peppol_edi_format|_compute_peppol_endpoint|_compute_peppol_eas|_compute_available_peppol_eas
01 ACCOUNT.zip,account_edi_proxy_client,01 ACCOUNT/account_edi_proxy_client/models/key.py,CertificateKey,certificate.key,certificate_key,1,0,
01 ACCOUNT.zip,account,01 ACCOUNT/account/demo/account_demo.py,AccountChartTemplate,account.chart.template,account_chart_template,14,0,
01 ACCOUNT.zip,account,01 ACCOUNT/account/tests/test_account_move_out_invoice.py,TestAccountMoveOutInvoiceOnchanges,,,0,1,_check_invoice_values
01 ACCOUNT.zip,account,01 ACCOUNT/account/wizard/account_validate_account_move.py,ValidateAccountMove,validate.account.move,validate_account_move,6,5,_compute_display_force_post|_compute_display_force_hash|_compute_is_entries|_compute_abnormal_date_partner_ids|_compute_abnormal_amount_partner_ids
01 ACCOUNT.zip,account,01 ACCOUNT/account/wizard/account_autopost_bills_wizard.py,AccountAutopostBillsWizard,account.autopost.bills.wizard,account_autopost_bills_wizard,0,3,action_automate_partner|action_ask_later|action_never_automate_partner
01 ACCOUNT.zip,account,01 ACCOUNT/account/wizard/base_document_layout.py,BaseDocumentLayout,base.document.layout,base_document_layout,2,3,_compute_account_number|_compute_preview|_inverse_account_number
01 ACCOUNT.zip,account,01 ACCOUNT/account/wizard/account_move_reversal.py,AccountMoveReversal,account.move.reversal,account_move_reversal,5,4,_compute_journal_id|_compute_available_journal_ids|_check_journal_type|_compute_from_moves
01 ACCOUNT.zip,account,01 ACCOUNT/account/wizard/account_move_send_wizard.py,AccountMoveSendWizard,account.move.send.wizard,account_move_send_wizard,25,26,_compute_alerts|_compute_sending_methods|_inverse_sending_methods|_compute_sending_method_checkboxes|_compute_display_attachments_widget|_compute_extra_edis|_inverse_extra_edis|_compute_extra_edi_checkboxes|_compute_invoice_edi_format|_compute_pdf_report_id|_compute_available_pdf_report_ids|_compute_display_pdf_report_id
01 ACCOUNT.zip,account,01 ACCOUNT/account/wizard/account_automatic_entry_wizard.py,AccountAutomaticEntryWizard,account.automatic.entry.wizard,account_automatic_entry_wizard,13,14,_compute_expense_accrual_account|_inverse_expense_accrual_account|_compute_revenue_accrual_account|_inverse_revenue_accrual_account|_compute_journal_id|_inverse_journal_id|_compute_total_amount|_compute_percentage|_compute_account_type|_compute_lock_date_message|_compute_display_currency_helper|_check_date
01 ACCOUNT.zip,account,01 ACCOUNT/account/wizard/account_payment_register.py,AccountPaymentRegister,account.payment.register,account_payment_register,38,33,_compute_show_payment_difference|_compute_batches|_compute_trust_values|_compute_from_lines|_compute_can_group_payments|_compute_communication|_compute_group_payment|_compute_currency_id|_compute_available_journal_ids|_compute_journal_id|_compute_available_partner_bank_ids|_compute_partner_bank_id
01 ACCOUNT.zip,account,01 ACCOUNT/account/wizard/account_move_send_batch_wizard.py,AccountMoveSendBatchWizard,account.move.send.batch.wizard,account_move_send_batch_wizard,4,4,_compute_summary_data|_compute_alerts|_check_move_ids_constraints|action_send_and_print
01 ACCOUNT.zip,account,01 ACCOUNT/account/wizard/account_merge_wizard.py,AccountMergeWizard,account.merge.wizard,account_merge_wizard,5,5,_compute_wizard_line_ids|_compute_disable_merge_button|action_merge|_check_access_rights|_action_merge
01 ACCOUNT.zip,account,01 ACCOUNT/account/wizard/account_merge_wizard.py,AccountMergeWizardLine,account.merge.wizard.line,account_merge_wizard_line,2,2,_compute_account_has_hashed_entries|_compute_info
01 ACCOUNT.zip,account,01 ACCOUNT/account/wizard/account_secure_entries_wizard.py,AccountSecureEntriesWizard,account.secure.entries.wizard,account_secure_entries_wizard,6,7,_compute_hash_date|_compute_max_hash_date|_compute_data|_compute_warnings|action_show_moves|action_show_draft_moves_in_hashed_period|action_secure_entries
01 ACCOUNT.zip,account,01 ACCOUNT/account/wizard/setup_wizards.py,AccountFinancialYearOp,account.financial.year.op,account_financial_year_op,5,5,_compute_opening_move_posted|_check_fiscalyear|create|write|action_save_onboarding_fiscal_year
01 ACCOUNT.zip,account,01 ACCOUNT/account/wizard/setup_wizards.py,AccountSetupBankManualConfig,account.setup.bank.manual.config,account_setup_bank_manual_config,4,5,_onchange_acc_number|create|_onchange_new_journal_related_data|_compute_linked_journal_id|_compute_company_id
01 ACCOUNT.zip,account,01 ACCOUNT/account/wizard/account_resequence.py,AccountResequenceWizard,account.resequence.wizard,account_resequence_wizard,5,4,_compute_sequence_number_reset|_compute_first_name|_compute_preview_moves|_compute_new_values
01 ACCOUNT.zip,account,01 ACCOUNT/account/wizard/accrued_orders.py,AccountAccruedOrdersWizard,account.accrued.orders.wizard,account_accrued_orders_wizard,5,5,_compute_display_amount|_compute_reversal_date|_compute_journal_id|_compute_preview_data|_compute_move_vals
01 ACCOUNT.zip,account,01 ACCOUNT/account/models/digest.py,DigestDigest,digest.digest,digest_digest,0,2,_compute_kpi_account_total_revenue_value|_compute_kpis_actions
01 ACCOUNT.zip,account,01 ACCOUNT/account/models/account_code_mapping.py,AccountCodeMapping,account.code.mapping,account_code_mapping,2,5,create|_compute_account_id|_compute_company_id|_compute_code|_inverse_code
01 ACCOUNT.zip,account,01 ACCOUNT/account/models/account_payment_term.py,AccountPaymentTerm,account.payment.term,account_payment_term,9,7,_compute_fiscal_country_codes|_compute_currency_id|_compute_discount_computation|_compute_example_invalid|_compute_example_preview|_check_lines|_compute_terms
01 ACCOUNT.zip,account,01 ACCOUNT/account/models/account_payment_term.py,AccountPaymentTermLine,account.payment.term.line,account_payment_term_line,5,5,_check_valid_char_value|_compute_display_days_next_month|_check_percent|_compute_days|_compute_value_amount
01 ACCOUNT.zip,account,01 ACCOUNT/account/models/onboarding_onboarding_step.py,OnboardingOnboardingStep,onboarding.onboarding.step,onboarding_onboarding_step,8,8,action_open_step_company_data|action_open_step_base_document_layout|action_validate_step_base_document_layout|action_open_step_bank_account|action_open_step_create_invoice|action_open_step_fiscal_year|action_open_step_chart_of_accounts|action_open_step_sales_tax
01 ACCOUNT.zip,account,01 ACCOUNT/account/models/account_tax.py,AccountTaxGroup,account.tax.group,account_tax_group,1,1,_compute_country_id
01 ACCOUNT.zip,account,01 ACCOUNT/account/models/account_tax.py,AccountTax,account.tax,account_tax,82,18,_compute_country_id|_compute_tax_group_id|_compute_price_include|_compute_is_domestic|_compute_display_alternative_taxes_field|_compute_is_used|_compute_repartition_lines_str|_compute_invoice_repartition_line_ids|_compute_refund_repartition_line_ids|_compute_has_negative_factor|_check_repartition_lines|_check_children_scope
01 ACCOUNT.zip,account,01 ACCOUNT/account/models/account_tax.py,AccountTaxRepartitionLine,account.tax.repartition.line,account_tax_repartition_line,4,4,_compute_tag_ids_domain|_compute_use_in_tax_closing|_compute_factor|_onchange_repartition_type
01 ACCOUNT.zip,account,01 ACCOUNT/account/models/account_move.py,AccountMove,account.move,account_move,125,138,_compute_invoice_default_sale_person|_compute_is_being_sent|_compute_payment_reference|_compute_date|_compute_auto_post_until|_compute_hide_post_button|_compute_company_id|_compute_journal_id|_compute_is_storno|_compute_suitable_journal_ids|_compute_name|_compute_name_placeholder
01 ACCOUNT.zip,account,01 ACCOUNT/account/models/company.py,ResCompany,res.company,res_company,31,25,_check_audit_trail_restriction|_check_set_account_price_include|_check_fiscalyear_last_day|_compute_force_restrictive_audit_trail|_compute_domestic_fiscal_position_id|_compute_account_fiscal_country_group_codes|_compute_multi_vat_foreign_country|_compute_account_enabled_tax_country_ids|_compute_invoice_terms_html|_compute_user_fiscalyear_lock_date|_compute_user_tax_lock_date|_compute_user_sale_lock_date
01 ACCOUNT.zip,account,01 ACCOUNT/account/models/account_reconcile_model.py,AccountReconcileModelLine,account.reconcile.model.line,account_reconcile_model_line,3,2,_onchange_amount_type|_compute_float_amount
01 ACCOUNT.zip,account,01 ACCOUNT/account/models/account_reconcile_model.py,AccountReconcileModel,account.reconcile.model,account_reconcile_model,3,6,_check_match_label_param|_compute_can_be_proposed|_compute_partner_mapping|action_set_manual|action_set_auto_reconcile|action_reconcile_stat
01 ACCOUNT.zip,account,01 ACCOUNT/account/models/ir_http.py,IrHttp,ir.http,ir_http,1,0,
01 ACCOUNT.zip,account,01 ACCOUNT/account/models/ir_attachment.py,IrAttachment,ir.attachment,ir_attachment,0,2,write|unlink
01 ACCOUNT.zip,account,01 ACCOUNT/account/models/account_move_send.py,AccountMoveSend,account.move.send,account_move_send,47,3,_check_move_constraints|_check_invoice_report|_check_sending_data
01 ACCOUNT.zip,account,01 ACCOUNT/account/models/account_analytic_account.py,AccountAnalyticAccount,account.analytic.account,account_analytic_account,2,4,_compute_invoice_count|_compute_vendor_bill_count|action_view_invoice|action_view_vendor_bill
01 ACCOUNT.zip,account,01 ACCOUNT/account/models/account_incoterms.py,AccountIncoterms,account.incoterms,account_incoterms,1,1,_compute_display_name
01 ACCOUNT.zip,account,01 ACCOUNT/account/models/partner.py,AccountFiscalPosition,account.fiscal.position,account_fiscal_position,12,14,_compute_is_domestic|_compute_states_count|_compute_foreign_vat_header_mode|_compute_tax_map|_compute_account_map|_check_zip|_onchange_foreign_vat|_inverse_foreign_vat|_onchange_country_id|_onchange_country_group_id|create|write
01 ACCOUNT.zip,account,01 ACCOUNT/account/models/partner.py,ResPartner,res.partner,res_partner,23,21,_compute_fiscal_country_codes|_compute_fiscal_country_group_codes|_compute_credit_to_invoice|_compute_days_sales_outstanding|_compute_available_invoice_template_pdf_report_ids|_compute_bank_count|_compute_supplier_invoice_count|_compute_invoice_edi_format|_inverse_invoice_edi_format|_compute_use_partner_credit_limit|_inverse_use_partner_credit_limit|_compute_show_credit_limit
01 ACCOUNT.zip,account,01 ACCOUNT/account/models/account_journal.py,AccountJournal,account.journal,account_journal,31,32,_compute_has_invalid_statements|_compute_display_alias_fields|_compute_code|_compute_available_payment_method_ids|_compute_default_account_type|_compute_inbound_payment_method_line_ids|_compute_outbound_payment_method_line_ids|_compute_selected_payment_method_codes|_compute_suspense_account_id|_compute_accounting_date|_compute_show_fetch_in_einvoices_button|_compute_show_refresh_out_einvoices_status_button
01 ACCOUNT.zip,account,01 ACCOUNT/account/models/account_move_line.py,AccountMoveLine,account.move.line,account_move_line,62,61,_compute_display_type|_compute_partner_id|_compute_currency_id|_compute_name|_compute_translated_product_name|_compute_account_id|_compute_is_storno|_compute_balance|_compute_debit_credit|_compute_currency_rate|_compute_same_currency|_compute_amount_currency
01 ACCOUNT.zip,account,01 ACCOUNT/account/models/account_root.py,AccountRoot,account.root,account_root,1,1,_compute_root
01 ACCOUNT.zip,account,01 ACCOUNT/account/models/account_payment_method.py,AccountPaymentMethod,account.payment.method,account_payment_method,4,2,create|unlink
01 ACCOUNT.zip,account,01 ACCOUNT/account/models/account_payment_method.py,AccountPaymentMethodLine,account.payment.method.line,account_payment_method_line,5,3,_compute_display_name|_compute_name|unlink
01 ACCOUNT.zip,account,01 ACCOUNT/account/models/account_account.py,AccountAccount,account.account,account_account,40,32,_check_reconcile|_check_journal_consistency|_check_company_consistency|_check_account_type_sales_purchase_journal|_check_account_code|_check_account_is_bank_journal_bank_account|_compute_code|_inverse_code|_compute_placeholder_code|_compute_account_root|_compute_account_group|_compute_used
01 ACCOUNT.zip,account,01 ACCOUNT/account/models/account_account.py,AccountGroup,account.group,account_group,7,7,_compute_code_prefix_end|_compute_code_prefix_start|_compute_display_name|_check_parent_not_circular|create|write|unlink
01 ACCOUNT.zip,account,01 ACCOUNT/account/models/res_partner_bank.py,ResPartnerBank,res.partner.bank,res_partner_bank,13,12,_check_journal_id|_check_allow_out_payment|_compute_duplicate_bank_partner_ids|_compute_display_account_warning|_compute_money_transfer_service_name|_compute_user_has_group_validate_bank_account|_compute_lock_trust_fields|_check_for_qr_code_errors|create|write|unlink|_compute_display_name
01 ACCOUNT.zip,account,01 ACCOUNT/account/models/account_payment.py,AccountPayment,account.payment,account_payment,27,38,_compute_name|_compute_journal_id|_compute_company_id|_compute_state|_compute_reconciliation_status|action_open_business_doc|_compute_show_require_partner_bank|_compute_amount_company_currency_signed|_compute_amount_signed|_compute_available_partner_bank_ids|_compute_partner_bank_id|_compute_payment_method_line_id
01 ACCOUNT.zip,account,01 ACCOUNT/account/models/account_journal_dashboard.py,AccountJournal,account.journal,account_journal,2,9,_compute_current_statement_balance|_compute_last_bank_statement|_compute_has_sequence_holes|_compute_has_unhashed_entries|_compute_has_entries|_compute_entries_count|action_create_new|action_create_vendor_bill|action_post_all_entries
01 ACCOUNT.zip,account,01 ACCOUNT/account/models/res_currency.py,ResCurrency,res.currency,res_currency,1,3,_compute_display_rounding_warning|write|_check_currency_table_monocurrency
01 ACCOUNT.zip,account,01 ACCOUNT/account/models/kpi_provider.py,KpiProvider,kpi.provider,kpi_provider,2,0,
01 ACCOUNT.zip,account,01 ACCOUNT/account/models/sequence_mixin.py,SequenceMixin,sequence.mixin,sequence_mixin,3,2,write|_compute_split_sequence
01 ACCOUNT.zip,account,01 ACCOUNT/account/models/uom_uom.py,UomUom,uom.uom,uom_uom,2,1,_compute_fiscal_country_codes
01 ACCOUNT.zip,account,01 ACCOUNT/account/models/ir_module.py,IrModuleModule,ir.module.module,ir_module_module,1,2,_compute_account_templates|write
01 ACCOUNT.zip,account,01 ACCOUNT/account/models/account_report.py,AccountReport,account.report,account_report,8,7,_compute_report_option_filter|_compute_default_availability_condition|_compute_use_sections|_onchange_availability_condition|write|copy|_compute_display_name
01 ACCOUNT.zip,account,01 ACCOUNT/account/models/account_report.py,AccountReportLine,account.report.line,account_report_line,7,10,_compute_hierarchy_level|_compute_report_id|_compute_horizontal_split_side|_compute_user_groupby|_check_parent_line|_inverse_domain_formula|_inverse_aggregation_formula|_inverse_aggregation_tax_formula|_inverse_account_codes_formula|_inverse_external_formula
01 ACCOUNT.zip,account,01 ACCOUNT/account/models/account_report.py,AccountReportExpression,account.report.expression,account_report_expression,7,6,_check_carryover_target|_check_formula|_compute_auditable|create|write|_compute_display_name
01 ACCOUNT.zip,account,01 ACCOUNT/account/models/mail_tracking_value.py,MailTrackingValue,mail.tracking.value,mail_tracking_value,0,1,write
01 ACCOUNT.zip,account,01 ACCOUNT/account/models/account_analytic_plan.py,AccountAnalyticApplicability,account.analytic.applicability,account_analytic_applicability,2,2,_compute_prefix_placeholder|_compute_display_account_prefix
01 ACCOUNT.zip,account,01 ACCOUNT/account/models/account_lock_exception.py,AccountLock_Exception,account.lock_exception,account_lock_exception,4,7,_compute_display_name|_compute_state|_compute_lock_dates|create|copy|action_revoke|action_show_audit_trail_during_exception
01 ACCOUNT.zip,account,01 ACCOUNT/account/models/res_users.py,ResGroups,res.groups,res_groups,2,0,
01 ACCOUNT.zip,account,01 ACCOUNT/account/models/product.py,ProductTemplate,product.template,product_template,7,5,_compute_fiscal_country_codes|_compute_tax_string|_check_uom_not_in_invoice|_onchange_type|create
01 ACCOUNT.zip,account,01 ACCOUNT/account/models/product.py,ProductProduct,product.product,product_product,2,1,_compute_tax_string
01 ACCOUNT.zip,account,01 ACCOUNT/account/models/res_config_settings.py,ResConfigSettings,res.config.settings,res_config_settings,9,10,_compute_is_account_peppol_eligible|_compute_account_default_credit_limit|_inverse_account_default_credit_limit|_compute_has_chart_of_accounts|_compute_module_account_invoice_extract|_compute_module_account_bank_statement_extract|_onchange_tax_exigibility|_compute_terms_preview|action_update_terms|action_eu_oss_tax_mapping
01 ACCOUNT.zip,account,01 ACCOUNT/account/models/account_move_line_tax_details.py,AccountMoveLine,account.move.line,account_move_line,3,0,
01 ACCOUNT.zip,account,01 ACCOUNT/account/models/account_account_tag.py,AccountAccountTag,account.account.tag,account_account_tag,6,3,_compute_display_name|_compute_report_expression_id|create
01 ACCOUNT.zip,account,01 ACCOUNT/account/models/account_bank_statement_line.py,AccountBankStatementLine,account.bank.statement.line,account_bank_statement_line,11,11,_compute_amount_currency|_compute_currency_id|_compute_running_balance|_compute_internal_index|_compute_is_reconciled|_check_amounts_currencies|create|write|unlink|action_undo_reconciliation|_check_allow_unlink
01 ACCOUNT.zip,account,01 ACCOUNT/account/models/mail_message.py,MailMessage,mail.message,mail_message,1,9,_compute_account_audit_log_preview|_compute_account_audit_log_move_id|_compute_account_audit_log_account_id|_compute_account_audit_log_tax_id|_compute_account_audit_log_company_id|_compute_account_audit_log_partner_id|_compute_account_audit_log_restricted|_compute_audit_log_related_record_id|write
01 ACCOUNT.zip,account,01 ACCOUNT/account/models/account_document_import_mixin.py,AccountDocumentImportMixin,account.document.import.mixin,account_document_import_mixin,8,0,
01 ACCOUNT.zip,account,01 ACCOUNT/account/models/account_full_reconcile.py,AccountFullReconcile,account.full.reconcile,account_full_reconcile,1,1,create
01 ACCOUNT.zip,account,01 ACCOUNT/account/models/decimal_precision.py,DecimalPrecision,decimal.precision,decimal_precision,1,0,
01 ACCOUNT.zip,account,01 ACCOUNT/account/models/chart_template.py,AccountChartTemplate,account.chart.template,account_chart_template,2,0,
01 ACCOUNT.zip,account,01 ACCOUNT/account/models/account_bank_statement.py,AccountBankStatement,account.bank.statement,account_bank_statement,13,14,_compute_name|_compute_first_line_index|_compute_date|_compute_balance_start|_compute_balance_end|_compute_balance_end_real|_compute_currency_id|_compute_journal_id|_compute_is_complete|_compute_is_valid|_compute_problem_description|_check_attachments
01 ACCOUNT.zip,account,01 ACCOUNT/account/models/account_partial_reconcile.py,AccountPartialReconcile,account.partial.reconcile,account_partial_reconcile,13,5,_check_required_computed_currencies|_compute_max_date|_compute_company_id|unlink|create
01 ACCOUNT.zip,account,01 ACCOUNT/account/models/account_cash_rounding.py,AccountCashRounding,account.cash.rounding,account_cash_rounding,1,0,
01 ACCOUNT.zip,account,01 ACCOUNT/account/models/onboarding_onboarding.py,OnboardingOnboarding,onboarding.onboarding,onboarding_onboarding,2,2,action_close_panel_account_invoice|action_close_panel_account_dashboard
01 ACCOUNT.zip,account,01 ACCOUNT/account/models/account_analytic_line.py,AccountAnalyticLine,account.analytic.line,account_analytic_line,6,6,_compute_general_account_id|_check_general_account_id|_compute_partner_id|create|write|unlink
01 ACCOUNT.zip,account,01 ACCOUNT/account/models/account_analytic_distribution_model.py,AccountAnalyticDistributionModel,account.analytic.distribution.model,account_analytic_distribution_model,1,1,_compute_prefix_placeholder
01 ACCOUNT.zip,account,01 ACCOUNT/account/report/account_invoice_report.py,AccountInvoiceReport,account.invoice.report,account_invoice_report,3,0,
01 ACCOUNT.zip,account,01 ACCOUNT/account/report/account_invoice_report.py,ReportAccountReport_Invoice,report.account.report_invoice,report_account_report_invoice,1,0,
01 ACCOUNT.zip,account,01 ACCOUNT/account/report/account_invoice_report.py,ReportAccountReport_Invoice_With_Payments,report.account.report_invoice_with_payments,report_account_report_invoice_with_payments,1,0,
01 ACCOUNT.zip,account,01 ACCOUNT/account/report/account_hash_integrity_templates.py,ReportAccountReport_Hash_Integrity,report.account.report_hash_integrity,report_account_report_hash_integrity,1,0,
01 ACCOUNT.zip,account,01 ACCOUNT/account/controllers/portal.py,PortalAccount,,,3,0,
01 ACCOUNT.zip,account_loans,01 ACCOUNT/account_loans/wizard/account_loan_compute_wizard.py,AccountLoanComputeWizard,account.loan.compute.wizard,account_loan_compute_wizard,3,4,_onchange_preview|_onchange_start_date|_compute_preview|action_save
01 ACCOUNT.zip,account_loans,01 ACCOUNT/account_loans/wizard/account_loan_close_wizard.py,AccountLoanCloseWizard,account.loan.close.wizard,account_loan_close_wizard,0,1,action_save
01 ACCOUNT.zip,account_loans,01 ACCOUNT/account_loans/models/account_loan.py,AccountLoan,account.loan,account_loan,11,19,_compute_display_name|_compute_start_end_date|_compute_is_wrong_date|_compute_amount_borrowed_difference|_compute_interest_difference|_compute_duration_difference|_compute_nb_posted_entries|_compute_outstanding_balance|_compute_linked_assets|action_confirm|action_upload_amortization_schedule|action_file_uploaded
01 ACCOUNT.zip,account_loans,01 ACCOUNT/account_loans/models/account_loan_line.py,AccountLoanLine,account.loan.line,account_loan_line,5,5,_compute_payment|_compute_outstanding_balance|_compute_theoretical_balances|_compute_sequence|_compute_is_payment_move_posted
01 ACCOUNT.zip,account_loans,01 ACCOUNT/account_loans/models/account_return.py,AccountReturn,account.return,account_return,0,1,_check_suite_annual_closing
01 ACCOUNT.zip,account_loans,01 ACCOUNT/account_loans/models/account_asset_group.py,AccountAssetGroup,account.asset.group,account_asset_group,1,2,_compute_count_linked_loans|action_open_linked_loans
01 ACCOUNT.zip,account_loans,01 ACCOUNT/account_loans/models/account_asset.py,AccountAsset,account.asset,account_asset,1,2,_compute_count_linked_loans|action_open_linked_loans
01 ACCOUNT.zip,account_accountant_batch_payment,01 ACCOUNT/account_accountant_batch_payment/models/account_batch_payment.py,AccountBatchPayment,account.batch.payment,account_batch_payment,0,1,action_open_batch_payment
01 ACCOUNT.zip,account_followup,01 ACCOUNT/account_followup/wizard/followup_manual_reminder.py,Account_FollowupManual_Reminder,account_followup.manual_reminder,account_followup_manual_reminder,7,7,_compute_show_send_button|_compute_show_print_button|_compute_render_model|_compute_subject|_compute_body|_compute_email_recipient_ids|_compute_sms_body
01 ACCOUNT.zip,account_followup,01 ACCOUNT/account_followup/models/account_followup.py,Account_FollowupFollowupLine,account_followup.followup.line,account_followup_followup_line,1,1,_onchange_auto_execute
01 ACCOUNT.zip,account_followup,01 ACCOUNT/account_followup/models/account_followup_report.py,AccountFollowupReport,account.followup.report,account_followup_report,11,0,
01 ACCOUNT.zip,account_followup,01 ACCOUNT/account_followup/models/res_partner.py,ResPartner,res.partner,res_partner,5,9,_compute_followup_status|_compute_unpaid_invoices|action_view_unpaid_invoices|action_open_overdue_entries|action_open_partner_followup_journal_items|action_open_unreconciled_partner|_compute_total_due|action_manually_process_automatic_followups|_compute_has_moves
01 ACCOUNT.zip,account_payment,01 ACCOUNT/account_payment/models/payment_provider.py,PaymentProvider,payment.provider,payment_provider,5,3,_compute_journal_id|_inverse_journal_id|_check_existing_payment
01 ACCOUNT.zip,account_payment,01 ACCOUNT/account_payment/models/account_move.py,AccountMove,account.move,account_move,3,4,_compute_authorized_transaction_ids|_compute_transaction_count|_compute_amount_paid|action_view_payment_transactions
01 ACCOUNT.zip,account_payment,01 ACCOUNT/account_payment/models/payment_transaction.py,PaymentTransaction,payment.transaction,payment_transaction,2,3,_compute_invoices_count|action_view_invoices|_compute_reference_prefix
01 ACCOUNT.zip,account_payment,01 ACCOUNT/account_payment/models/account_payment_method_line.py,AccountPaymentMethodLine,account.payment.method.line,account_payment_method_line,2,3,_compute_name|_compute_payment_provider_id|action_open_provider_form
01 ACCOUNT.zip,account_payment,01 ACCOUNT/account_payment/models/account_payment_method.py,AccountPaymentMethod,account.payment.method,account_payment_method,1,0,
01 ACCOUNT.zip,account_payment,01 ACCOUNT/account_payment/models/account_payment.py,AccountPayment,account.payment,account_payment,3,8,_compute_amount_available_for_refund|_compute_suitable_payment_token_ids|_compute_use_electronic_payment_method|_compute_refunds_count|_onchange_set_payment_token_id|action_post|action_refund_wizard|action_view_refunds
01 ACCOUNT.zip,account_payment,01 ACCOUNT/account_payment/wizards/account_payment_register.py,AccountPaymentRegister,account.payment.register,account_payment_register,3,3,_compute_suitable_payment_token_ids|_compute_use_electronic_payment_method|_compute_payment_token_id
01 ACCOUNT.zip,account_payment,01 ACCOUNT/account_payment/wizards/payment_link_wizard.py,PaymentLinkWizard,payment.link.wizard,payment_link_wizard,4,5,_compute_warning_message|_compute_invoice_amount_due|_compute_open_installments_preview|_compute_epd_info|_compute_display_open_installments
01 ACCOUNT.zip,account_payment,01 ACCOUNT/account_payment/wizards/payment_refund_wizard.py,PaymentRefundWizard,payment.refund.wizard,payment_refund_wizard,5,6,_check_amount_to_refund_within_boundaries|_compute_refunded_amount|_compute_amount_to_refund|_compute_support_refund|_compute_has_pending_refund|action_refund
01 ACCOUNT.zip,account_payment,01 ACCOUNT/account_payment/controllers/portal.py,PortalAccount,,,2,0,
01 ACCOUNT.zip,account_avatax_geolocalize,01 ACCOUNT/account_avatax_geolocalize/wizard/avatax_validate_address.py,AvataxValidateAddress,avatax.validate.address,avatax_validate_address,0,1,action_save_validated
01 ACCOUNT.zip,account_accountant_fleet,01 ACCOUNT/account_accountant_fleet/models/account_move_line.py,AccountMoveLine,account.move.line,account_move_line,1,0,
01 ACCOUNT.zip,account_saft,01 ACCOUNT/account_saft/models/account_general_ledger.py,AccountGeneralLedgerReportHandler,account.general.ledger.report.handler,account_general_ledger_report_handler,6,1,action_fill_company_details
01 ACCOUNT.zip,account_accountant,01 ACCOUNT/account_accountant/demo/account_accountant_demo.py,AccountChartTemplate,account.chart.template,account_chart_template,1,0,
01 ACCOUNT.zip,account_accountant,01 ACCOUNT/account_accountant/tests/test_reconciliation_matching_rules.py,TestReconciliationMatchingRules,,,0,1,_check_st_line_matching
01 ACCOUNT.zip,account_accountant,01 ACCOUNT/account_accountant/wizard/account_change_lock_date.py,AccountChangeLockDate,account.change.lock.date,account_change_lock_date,5,16,_compute_lock_date_exceptions|_compute_show_draft_entries_warning|_compute_show_posted_tax_closing_warning|_compute_exception_needed_fields|action_show_draft_moves_in_locked_period|action_show_posted_tax_closing_in_locked_period|action_reopen_wizard|_action_revoke_min_exception|action_revoke_min_sale_lock_date_exception_for_me|action_revoke_min_purchase_lock_date_exception_for_me|action_revoke_min_tax_lock_date_exception_for_me|action_revoke_min_fiscalyear_lock_date_exception_for_me
01 ACCOUNT.zip,account_accountant,01 ACCOUNT/account_accountant/wizard/account_auto_reconcile_wizard.py,AccountAutoReconcileWizard,account.auto.reconcile.wizard,account_auto_reconcile_wizard,2,0,
01 ACCOUNT.zip,account_accountant,01 ACCOUNT/account_accountant/wizard/account_reconcile_wizard.py,AccountReconcileWizard,account.reconcile.wizard,account_reconcile_wizard,19,20,_compute_company_id|_compute_single_currency_mode|_compute_allow_partials|_compute_display_allow_partials|_compute_date|_compute_journal_id|_compute_is_rec_pay_account|_compute_to_partner_id|_compute_is_write_off_required|_compute_reco_wizard_data|_compute_edit_mode_amount_currency|_compute_edit_mode_amount
01 ACCOUNT.zip,account_accountant,01 ACCOUNT/account_accountant/models/digest.py,DigestDigest,digest.digest,digest_digest,0,2,_compute_kpi_account_total_bank_cash_value|_compute_kpis_actions
01 ACCOUNT.zip,account_accountant,01 ACCOUNT/account_accountant/models/account_move.py,AccountMove,account.move,account_move,7,9,_compute_signing_user|_compute_signature|button_draft|unlink|_compute_deferred_entry_type|action_open_bank_reconciliation_widget|action_open_bank_reconciliation_widget_statement|action_open_business_doc|_compute_payments_widget_to_reconcile_info
01 ACCOUNT.zip,account_accountant,01 ACCOUNT/account_accountant/models/account_move.py,AccountMoveLine,account.move.line,account_move_line,13,11,write|_compute_full_amount_switch_html|_compute_has_deferred_moves|_compute_has_abnormal_deferred_dates|_onchange_deferred_start_date|_onchange_deferred_end_date|_compute_deferred_start_date|_check_deferred_dates|_compute_attachment|action_reconcile|_onchange_name_predictive
01 ACCOUNT.zip,account_accountant,01 ACCOUNT/account_accountant/models/account_reconcile_model.py,AccountReconcileModel,account.reconcile.model,account_reconcile_model,2,3,write|create|action_archive
01 ACCOUNT.zip,account_accountant,01 ACCOUNT/account_accountant/models/account_account.py,AccountAccount,account.account,account_account,0,1,action_open_reconcile
01 ACCOUNT.zip,account_accountant,01 ACCOUNT/account_accountant/models/account_payment.py,AccountPayment,account.payment,account_payment,0,2,action_open_manual_reconciliation_widget|button_open_statement_lines
01 ACCOUNT.zip,account_accountant,01 ACCOUNT/account_accountant/models/account_reconcile_model_line.py,AccountReconcileModelLine,account.reconcile.model.line,account_reconcile_model_line,1,0,
01 ACCOUNT.zip,account_accountant,01 ACCOUNT/account_accountant/models/account_journal_dashboard.py,AccountJournal,account.journal,account_journal,0,4,action_open_reconcile|action_open_to_check|action_open_bank_transactions|action_open_reconcile_statement
01 ACCOUNT.zip,account_accountant,01 ACCOUNT/account_accountant/models/res_company.py,ResCompany,res.company,res_company,0,1,write
01 ACCOUNT.zip,account_accountant,01 ACCOUNT/account_accountant/models/res_config_settings.py,ResConfigSettings,res.config.settings,res_config_settings,3,3,_compute_module_sign_status|_check_fiscalyear|create
01 ACCOUNT.zip,account_accountant,01 ACCOUNT/account_accountant/models/account_fiscal_year.py,AccountFiscalYear,account.fiscal.year,account_fiscal_year,1,1,_check_dates
01 ACCOUNT.zip,account_accountant,01 ACCOUNT/account_accountant/models/analytic_mixin.py,AnalyticMixin,analytic.mixin,analytic_mixin,3,0,
01 ACCOUNT.zip,account_accountant,01 ACCOUNT/account_accountant/models/account_bank_statement.py,AccountBankStatement,account.bank.statement,account_bank_statement,1,4,action_open_bank_reconcile_widget|action_open_journal_invalid_statements|action_generate_attachment|create
01 ACCOUNT.zip,account_accountant,01 ACCOUNT/account_accountant/models/account_bank_statement.py,AccountBankStatementLine,account.bank.statement.line,account_bank_statement_line,3,10,action_save_close|action_save_new|action_button_draft|_compute_bank_statement_attachment_ids|_action_open_bank_reconciliation_widget|action_open_recon_st_line|_action_manual_reco_model|_check_and_create_reconciliation_rule|action_unreconcile_entry|create
01 ACCOUNT.zip,account_asset,01 ACCOUNT/account_asset/wizard/asset_modify.py,AssetModify,asset.modify,asset_modify,10,12,_compute_modify_action|_compute_accounts|_compute_value_residual|_inverse_gain_account|_inverse_loss_account|_onchange_action|_onchange_invoice_ids|_compute_gain_or_loss|_compute_gain_value|_compute_informational_text|_compute_select_invoice_line_id|create
01 ACCOUNT.zip,account_asset,01 ACCOUNT/account_asset/models/account_move.py,AccountMove,account.move,account_move,6,8,_compute_depreciation_cumulative_value|_compute_depreciation_value|_compute_asset_move_type|_inverse_depreciation_value|button_cancel|button_draft|_compute_asset_ids|action_open_asset_ids
01 ACCOUNT.zip,account_asset,01 ACCOUNT/account_asset/models/account_move.py,AccountMoveLine,account.move.line,account_move_line,1,1,_compute_non_deductible_tax_value
01 ACCOUNT.zip,account_asset,01 ACCOUNT/account_asset/models/account_return.py,AccountReturn,account.return,account_return,0,1,_check_suite_annual_closing
01 ACCOUNT.zip,account_asset,01 ACCOUNT/account_asset/models/account.py,AccountAccount,account.account,account_account,3,3,_compute_can_create_asset|_onchange_multiple_assets_per_line|_compute_create_asset
01 ACCOUNT.zip,account_asset,01 ACCOUNT/account_asset/models/account_asset_group.py,AccountAssetGroup,account.asset.group,account_asset_group,1,2,_compute_count_linked_asset|action_open_linked_assets
01 ACCOUNT.zip,account_asset,01 ACCOUNT/account_asset/models/account_asset.py,AccountAsset,account.asset,account_asset,31,34,_compute_journal_id|_compute_total_depreciable_value|_compute_salvage_value|_compute_disposal_date|_compute_value|_compute_display_account_asset_id|_compute_account_asset_id|_compute_analytic_distribution|_compute_lifetime_days|_compute_prorata_date|_compute_paused_prorata_date|_compute_related_purchase_value
01 ACCOUNT.zip,account_peppol_response,01 ACCOUNT/account_peppol_response/wizard/peppol_rejection_wizard.py,PeppolRejectionWizard,account.peppol.rejection.wizard,account_peppol_rejection_wizard,0,1,button_send
01 ACCOUNT.zip,account_peppol_response,01 ACCOUNT/account_peppol_response/models/account_move.py,AccountMove,account.move,account_move,2,6,_compute_peppol_move_state|_compute_peppol_can_send_response|button_cancel|action_peppol_send_approval_response|action_peppol_open_rejection_wizard|action_open_peppol_reponses
01 ACCOUNT.zip,account_peppol_response,01 ACCOUNT/account_peppol_response/models/account_edi_proxy_user.py,AccountEdiProxyClientUser,account_edi_proxy_client.user,account_edi_proxy_client_user,1,0,
01 ACCOUNT.zip,account_peppol_response,01 ACCOUNT/account_peppol_response/models/res_partner.py,ResPartner,res.partner,res_partner,1,2,_compute_response_support|button_account_peppol_check_partner_endpoint
01 ACCOUNT.zip,account_batch_payment,01 ACCOUNT/account_batch_payment/wizard/create_batch_error.py,CreateBatchErrorWizard,account.create.batch.error.wizard,account_create_batch_error_wizard,1,4,_compute_error_message|_compute_has_valid_payments|action_open_invalid_payments|action_create_batch
01 ACCOUNT.zip,account_batch_payment,01 ACCOUNT/account_batch_payment/wizard/batch_error.py,AccountBatchErrorWizard,account.batch.error.wizard,account_batch_error_wizard,2,0,
01 ACCOUNT.zip,account_batch_payment,01 ACCOUNT/account_batch_payment/wizard/batch_error.py,AccountBatchErrorWizardLine,account.batch.error.wizard.line,account_batch_error_wizard_line,0,1,_compute_show_remove_button
01 ACCOUNT.zip,account_batch_payment,01 ACCOUNT/account_batch_payment/models/account_batch_payment.py,AccountBatchPayment,account.batch.payment,account_batch_payment,12,16,_compute_payment_ids_domain|_compute_payment_method_id|_compute_available_payment_method_ids|_compute_state|_compute_file_generation_enabled|_compute_currency|_compute_from_payment_ids|_check_payments_constrains|create|write|unlink|_compute_display_name
01 ACCOUNT.zip,account_batch_payment,01 ACCOUNT/account_batch_payment/models/account_journal.py,AccountJournal,account.journal,account_journal,2,0,
01 ACCOUNT.zip,account_batch_payment,01 ACCOUNT/account_batch_payment/models/account_payment_method.py,AccountPaymentMethod,account.payment.method,account_payment_method,1,0,
01 ACCOUNT.zip,account_batch_payment,01 ACCOUNT/account_batch_payment/models/account_payment.py,AccountPayment,account.payment,account_payment,2,3,_compute_amount_signed|button_open_batch_payment|write
01 ACCOUNT.zip,account_batch_payment,01 ACCOUNT/account_batch_payment/report/account_batch_payment_report.py,ReportAccount_Batch_PaymentPrint_Batch_Payment,report.account_batch_payment.print_batch_payment,report_account_batch_payment_print_batch_payment,1,0,
01 ACCOUNT.zip,account_edi,01 ACCOUNT/account_edi/models/account_move.py,AccountMove,account.move,account_move,8,17,_compute_edi_state|_compute_edi_show_force_cancel_button|_compute_edi_error_count|_compute_edi_error_message|_compute_edi_web_services_to_process|_check_edi_documents_for_reset_to_draft|_compute_show_reset_to_draft_button|_compute_edi_show_cancel_button|_compute_edi_show_abandon_cancel_button|button_force_cancel|button_cancel|button_draft
01 ACCOUNT.zip,account_edi,01 ACCOUNT/account_edi/models/account_edi_format.py,AccountEdiFormat,account.edi.format,account_edi_format,2,2,create|_check_move_configuration
01 ACCOUNT.zip,account_edi,01 ACCOUNT/account_edi/models/account_move_send.py,AccountMoveSend,account.move.send,account_move_send,1,0,
01 ACCOUNT.zip,account_edi,01 ACCOUNT/account_edi/models/account_journal.py,AccountJournal,account.journal,account_journal,2,3,write|_compute_compatible_edi_ids|_compute_edi_format_ids
01 ACCOUNT.zip,account_edi,01 ACCOUNT/account_edi/models/account_edi_document.py,AccountEdiDocument,account.edi.document,account_edi_document,3,2,_compute_edi_content|action_export_xml
01 ACCOUNT.zip,account_budget,01 ACCOUNT/account_budget/models/budget_line.py,BudgetLine,budget.line,budget_line,4,6,_check_date_range|_compute_currency_id|_compute_above_budget|_compute_all|_compute_theoritical_amount|action_open_budget_entries
01 ACCOUNT.zip,account_budget,01 ACCOUNT/account_budget/models/budget_analytic.py,BudgetAnalytic,budget.analytic,budget_analytic,2,8,_check_dates|_check_parent_id|action_budget_confirm|action_budget_draft|action_budget_cancel|action_budget_done|action_open_budget_lines|action_open_budget_report
01 ACCOUNT.zip,account_budget,01 ACCOUNT/account_budget/wizards/budget_split_wizard.py,BudgetSplitWizard,budget.split.wizard,budget_split_wizard,1,1,action_budget_split
01 ACCOUNT.zip,account_budget,01 ACCOUNT/account_budget/reports/budget_report.py,BudgetReport,budget.report,budget_report,0,1,action_open_reference
01 ACCOUNT.zip,account_debit_note,01 ACCOUNT/account_debit_note/wizard/account_debit_note.py,AccountDebitNote,account.debit.note,account_debit_note,3,2,_compute_from_moves|_compute_journal_type
01 ACCOUNT.zip,account_debit_note,01 ACCOUNT/account_debit_note/models/account_move.py,AccountMove,account.move,account_move,1,3,_compute_debit_count|action_view_debit_notes|action_debit_note
01 ACCOUNT.zip,account_debit_note,01 ACCOUNT/account_debit_note/models/account_journal.py,AccountJournal,account.journal,account_journal,1,1,_compute_debit_sequence
02 OTHER.zip,test_access_rights,02 OTHER/test_access_rights/models.py,Test_Access_RightObj_Categ,test_access_right.obj_categ,test_access_right_obj_categ,1,0,
02 OTHER.zip,test_http,02 OTHER/test_http/models.py,Test_HttpStargate,test_http.stargate,test_http_stargate,4,4,_compute_has_galaxy_crystal|_compute_name|_compute_sgc_designation|_compute_glyph_compute
02 OTHER.zip,test_http,02 OTHER/test_http/models.py,Test_HttpGalaxy,test_http.galaxy,test_http_galaxy,1,0,
02 OTHER.zip,test_convert,02 OTHER/test_convert/models.py,Test_ConvertTest_Model,test_convert.test_model,test_convert_test_model,3,3,action_test_date|action_test_time|action_test_timezone
02 OTHER.zip,test_convert,02 OTHER/test_convert/models.py,Test_ConvertUsered,test_convert.usered,test_convert_usered,1,0,
02 OTHER.zip,test_rpc,02 OTHER/test_rpc/models.py,Test_RpcModel_A,test_rpc.model_a,test_rpc_model_a,1,0,
02 OTHER.zip,test_inherits,02 OTHER/test_inherits/models.py,TestUnit,test.unit,test_unit,1,1,_compute_surname
02 OTHER.zip,test_inherits,02 OTHER/test_inherits/models.py,TestAnother_Box,test.another_box,test_another_box,1,1,_check_values
02 OTHER.zip,test_inherits,02 OTHER/test_inherits/models.py,TestUnstoredInheritsChild,test.unstored.inherits.child,test_unstored_inherits_child,1,1,_compute_test_unstored_inherits_shared_line_ids
02 OTHER.zip,test_inherits,02 OTHER/test_inherits/models.py,TestUnstoredInheritsParent,test.unstored.inherits.parent,test_unstored_inherits_parent,2,1,_compute_child_id
02 OTHER.zip,test_read_group,02 OTHER/test_read_group/models.py,TestReadGroupAggregateMonetaryRelated,test_read_group.aggregate.monetary.related,test_read_group_aggregate_monetary_related,1,1,_compute_non_stored_currency_id
02 OTHER.zip,test_read_group,02 OTHER/test_read_group/models.py,Test_Read_GroupRelated_Bar,test_read_group.related_bar,test_read_group_related_bar,0,1,_compute_computed_base_ids
02 OTHER.zip,auth_totp_mail,02 OTHER/auth_totp_mail/models/auth_totp_device.py,Auth_TotpDevice,auth_totp.device,auth_totp_device,0,1,unlink
02 OTHER.zip,auth_totp_mail,02 OTHER/auth_totp_mail/models/res_users.py,ResUsers,res.users,res_users,0,4,write|action_open_my_account_settings|action_totp_invite|_check_credentials
02 OTHER.zip,auth_totp_mail,02 OTHER/auth_totp_mail/models/res_config_settings.py,ResConfigSettings,res.config.settings,res_config_settings,2,1,_onchange_auth_totp_enforce
02 OTHER.zip,auth_signup,02 OTHER/auth_signup/models/res_users.py,ResUsers,res.users,res_users,5,6,_compute_state|action_reset_password|_action_reset_password|create|write|copy
02 OTHER.zip,auth_signup,02 OTHER/auth_signup/models/res_partner.py,ResPartner,res.partner,res_partner,3,1,action_signup_prepare
02 OTHER.zip,website_timesheet,02 OTHER/website_timesheet/models/account_analytic_line.py,AccountAnalyticLine,account.analytic.line,account_analytic_line,1,0,
02 OTHER.zip,helpdesk_sale,02 OTHER/helpdesk_sale/models/helpdesk_team.py,HelpdeskTeam,helpdesk.team,helpdesk_team,1,4,create|write|_check_sale_timesheet_feature_enabled|_check_helpdesk_sale_timesheet_group
02 OTHER.zip,l10n_ar_reports,02 OTHER/l10n_ar_reports/models/l10n_ar_vat_book.py,L10n_ArTaxReportHandler,l10n_ar.tax.report.handler,l10n_ar_tax_report_handler,4,0,
02 OTHER.zip,l10n_ar_reports,02 OTHER/l10n_ar_reports/report/account_ar_vat_line.py,AccountArVatLine,account.ar.vat.line,account_ar_vat_line,1,0,
02 OTHER.zip,pos_platform_order_gofood,02 OTHER/pos_platform_order_gofood/models/platform_order_entity.py,PlatformOrderEntity,platform.order.entity,platform_order_entity,1,0,
02 OTHER.zip,pos_platform_order_gofood,02 OTHER/pos_platform_order_gofood/models/pos_order.py,PosOrder,pos.order,pos_order,1,0,
02 OTHER.zip,website_sale_loyalty,02 OTHER/website_sale_loyalty/wizard/coupon_share.py,CouponShare,coupon.share,coupon_share,6,5,_check_program|_check_website|_compute_promo_code|_compute_share_link|action_generate_short_link
02 OTHER.zip,website_sale_loyalty,02 OTHER/website_sale_loyalty/models/sale_order.py,SaleOrder,sale.order,sale_order,0,2,_compute_website_order_line|_compute_cart_info
02 OTHER.zip,website_sale_loyalty,02 OTHER/website_sale_loyalty/models/sale_order_line.py,SaleOrderLine,sale.order.line,sale_order_line,0,1,unlink
02 OTHER.zip,website_sale_loyalty,02 OTHER/website_sale_loyalty/models/loyalty_program.py,LoyaltyProgram,loyalty.program,loyalty_program,1,2,_compute_show_non_published_product_warning|action_program_share
02 OTHER.zip,website_sale_loyalty,02 OTHER/website_sale_loyalty/models/loyalty_card.py,LoyaltyCard,loyalty.card,loyalty_card,0,1,action_coupon_share
02 OTHER.zip,website_sale_loyalty,02 OTHER/website_sale_loyalty/models/loyalty_rule.py,LoyaltyRule,loyalty.rule,loyalty_rule,1,0,
02 OTHER.zip,l10n_ar_reports_simple,02 OTHER/l10n_ar_reports_simple/models/l10n_ar_vat_book.py,L10n_ArTaxReportHandler,l10n_ar.tax.report.handler,l10n_ar_tax_report_handler,1,0,
02 OTHER.zip,l10n_ar_reports_simple,02 OTHER/l10n_ar_reports_simple/models/l10n_ar_arca_activity.py,ARCAActivity,l10n_ar.arca.activity,l10n_ar_arca_activity,2,1,_compute_display_name
02 OTHER.zip,l10n_nl,02 OTHER/l10n_nl/models/account_journal.py,AccountJournal,account.journal,account_journal,1,0,
02 OTHER.zip,l10n_hu,02 OTHER/l10n_hu/models/account_move.py,AccountMove,account.move,account_move,1,1,_compute_show_delivery_date
02 OTHER.zip,l10n_hu,02 OTHER/l10n_hu/models/res_partner.py,ResPartner,res.partner,res_partner,1,1,_compute_l10n_hu_eu_vat
02 OTHER.zip,l10n_ro_hr_payroll,02 OTHER/l10n_ro_hr_payroll/models/hr_version.py,HrVersion,hr.version,hr_version,1,0,
02 OTHER.zip,web_gantt,02 OTHER/web_gantt/models/models.py,Base,base,base,5,1,action_rollback_scheduling
02 OTHER.zip,stock_barcode_product_expiry,02 OTHER/stock_barcode_product_expiry/models/product_product.py,ProductProduct,product.product,product_product,1,0,
02 OTHER.zip,stock_barcode_product_expiry,02 OTHER/stock_barcode_product_expiry/models/stock_lot.py,StockLot,stock.lot,stock_lot,1,0,
02 OTHER.zip,l10n_in_hr_holidays,02 OTHER/l10n_in_hr_holidays/models/hr_leave.py,HrLeave,hr.leave,hr_leave,1,3,action_refuse|action_approve|_action_user_cancel
02 OTHER.zip,l10n_in_hr_holidays,02 OTHER/l10n_in_hr_holidays/models/hr_employee.py,HrEmployees,hr.employee,hr_employee,1,0,
02 OTHER.zip,l10n_in_hr_holidays,02 OTHER/l10n_in_hr_holidays/models/l10n_in_hr_leave_optional_holiday.py,L10nInHrLeaveOptionalHoliday,l10n.in.hr.leave.optional.holiday,l10n_in_hr_leave_optional_holiday,2,1,_compute_display_name
02 OTHER.zip,sale_planning,02 OTHER/sale_planning/models/sale_order.py,SaleOrder,sale.order,sale_order,4,7,_compute_planning_hours|_compute_planning_first_sale_line_id|_compute_planning_initial_date|_check_company_id|_action_cancel|_action_confirm|action_view_planning
02 OTHER.zip,sale_planning,02 OTHER/sale_planning/models/sale_order_line.py,SaleOrderLine,sale.order.line,sale_order_line,5,5,_compute_planning_hours_to_plan|_compute_planning_hours_planned|create|write|_compute_display_name
02 OTHER.zip,sale_planning,02 OTHER/sale_planning/models/planning_slot.py,PlanningSlot,planning.slot,planning_slot,13,12,_compute_role_id|_compute_allocated_hours|_compute_allocated_percentage|_compute_past_shift|_compute_unassign_deadline|_compute_is_unassign_deadline_passed|_compute_template_autocomplete_ids|create|write|action_view_sale_order|action_rollback_auto_plan_ids|action_unschedule
02 OTHER.zip,sale_planning,02 OTHER/sale_planning/models/planning_role.py,PlanningRole,planning.role,planning_role,1,0,
02 OTHER.zip,sale_planning,02 OTHER/sale_planning/models/product.py,ProductTemplate,product.template,product_template,2,2,_check_planning_product_is_service|_compute_planning_enabled
02 OTHER.zip,sale_planning,02 OTHER/sale_planning/report/planning_analysis_report.py,PlanningAnalysisReport,planning.analysis.report,planning_analysis_report,4,1,_compute_role_product_ids
02 OTHER.zip,documents_product,02 OTHER/documents_product/models/product_template.py,ProductTemplate,product.template,product_template,0,1,_check_create_documents
02 OTHER.zip,documents_product,02 OTHER/documents_product/models/product_product.py,ProductProduct,product.product,product_product,0,1,_check_create_documents
02 OTHER.zip,documents_product,02 OTHER/documents_product/models/res_company.py,ResCompany,res.company,res_company,1,1,_compute_product_folder_id
02 OTHER.zip,documents_product,02 OTHER/documents_product/models/document.py,DocumentsDocument,documents.document,documents_document,4,2,_compute_product|write
02 OTHER.zip,website_event_track_live,02 OTHER/website_event_track_live/models/event_track.py,EventTrack,event.track,event_track,3,3,_compute_youtube_video_id|_compute_website_image_url|_compute_is_youtube_chat_available
02 OTHER.zip,payment_sepa_direct_debit,02 OTHER/payment_sepa_direct_debit/models/payment_provider.py,PaymentProvider,payment.provider,payment_provider,4,4,_compute_feature_support_fields|_check_journal_iban_is_valid|_check_has_creditor_identifier|_check_country_in_sepa_zone
02 OTHER.zip,payment_sepa_direct_debit,02 OTHER/payment_sepa_direct_debit/models/payment_transaction.py,PaymentTransaction,payment.transaction,payment_transaction,1,1,create
02 OTHER.zip,payment_sepa_direct_debit,02 OTHER/payment_sepa_direct_debit/models/sdd_mandate.py,SddMandate,sdd.mandate,sdd_mandate,1,5,_compute_is_online_payment|_compute_payment_transaction_count|write|action_validate_mandate|action_view_payment_transactions
02 OTHER.zip,payment_sepa_direct_debit,02 OTHER/payment_sepa_direct_debit/models/account_payment_method.py,AccountPaymentMethod,account.payment.method,account_payment_method,2,0,
02 OTHER.zip,payment_sepa_direct_debit,02 OTHER/payment_sepa_direct_debit/models/account_bank_statement_line.py,AccountBankStatementLine,account.bank.statement.line,account_bank_statement_line,1,1,create
02 OTHER.zip,payment_sepa_direct_debit,02 OTHER/payment_sepa_direct_debit/models/res_partner.py,ResPartner,res.partner,res_partner,0,1,write
02 OTHER.zip,l10n_rs_edi,02 OTHER/l10n_rs_edi/wizard/account_move_send_wizard.py,AccountMoveSendWizard,account.move.send.wizard,account_move_send_wizard,1,1,_onchange_extra_edi_checkboxes
02 OTHER.zip,l10n_rs_edi,02 OTHER/l10n_rs_edi/models/account_move.py,AccountMove,account.move,account_move,5,6,_compute_show_delivery_date|_compute_l10n_rs_edi_is_eligible|_compute_l10n_rs_tax_date_obligations_code|_compute_show_reset_to_draft_button|_compute_l10n_rs_edi_uuid|button_draft
02 OTHER.zip,l10n_rs_edi,02 OTHER/l10n_rs_edi/models/account_move_send.py,AccountMoveSend,account.move.send,account_move_send,3,0,
02 OTHER.zip,l10n_rs_edi,02 OTHER/l10n_rs_edi/models/res_partner.py,ResPartner,res.partner,res_partner,2,2,_check_l10n_rs_edi_public_funds|_check_l10n_rs_edi_registration_number
02 OTHER.zip,l10n_pl_edi,02 OTHER/l10n_pl_edi/models/account_move.py,AccountMove,account.move,account_move,4,4,action_l10n_pl_edi_update_invoice_status|action_l10n_pl_edi_get_invoice_UPO|button_draft|_compute_show_reset_to_draft_button
02 OTHER.zip,l10n_pl_edi,02 OTHER/l10n_pl_edi/models/res_company.py,ResCompany,res.company,res_company,2,1,_compute_l10n_pl_edi_register
02 OTHER.zip,l10n_pl_edi,02 OTHER/l10n_pl_edi/models/res_config_settings.py,ResConfigSettings,res.config.settings,res_config_settings,2,1,_compute_l10n_pl_edi_certificate
02 OTHER.zip,helpdesk_timesheet,02 OTHER/helpdesk_timesheet/wizard/timesheet_merge_wizard.py,MergeTimesheets,hr_timesheet.merge.wizard,hr_timesheet_merge_wizard,1,1,_check_timesheet_ids_helpdesk_ticket_id
02 OTHER.zip,helpdesk_timesheet,02 OTHER/helpdesk_timesheet/models/helpdesk_ticket.py,HelpdeskTicket,helpdesk.ticket,helpdesk_ticket,7,12,_compute_encode_uom_in_days|_compute_display_timesheet_timer|_compute_timesheet_unit_amount|_compute_total_hours_spent|_onchange_team_id|create|_compute_analytic_account_id|_compute_display_extra_info|write|action_timer_start|action_timer_stop|_action_interrupt_user_timers
02 OTHER.zip,helpdesk_timesheet,02 OTHER/helpdesk_timesheet/models/project_project.py,ProjectProject,project.project,project_project,2,3,_compute_ticket_count|_compute_has_helpdesk_team|action_open_project_tickets
02 OTHER.zip,helpdesk_timesheet,02 OTHER/helpdesk_timesheet/models/helpdesk_team.py,HelpdeskTeam,helpdesk.team,helpdesk_team,2,5,_compute_total_timesheet_time|create|write|_check_timesheet_group|action_view_timesheets
02 OTHER.zip,helpdesk_timesheet,02 OTHER/helpdesk_timesheet/models/account_analytic_line.py,AccountAnalyticLine,account.analytic.line,account_analytic_line,9,10,_compute_display_task|_compute_project_id|_inverse_project_id|_compute_task_id|_compute_helpdesk_ticket_id|_check_no_link_task_and_ticket|_compute_partner_id|_onchange_project_id|write|create
02 OTHER.zip,helpdesk_timesheet,02 OTHER/helpdesk_timesheet/report/timesheets_analysis_report.py,TimesheetsAnalysisReport,timesheets.analysis.report,timesheets_analysis_report,1,0,
02 OTHER.zip,spreadsheet_dashboard_edition,02 OTHER/spreadsheet_dashboard_edition/models/spreadsheet_dashboard.py,SpreadsheetDashboard,spreadsheet.dashboard,spreadsheet_dashboard,2,3,_compute_is_from_data|action_edit_dashboard|action_open_spreadsheet
02 OTHER.zip,l10n_au_hr_payroll_account,02 OTHER/l10n_au_hr_payroll_account/wizard/l10n_au_payroll_finalisation.py,L10n_AuPayrollFinalisationWizard,l10n_au.payroll.finalisation.wizard,l10n_au_payroll_finalisation_wizard,3,3,_compute_name|_compute_date_period|_compute_all_employees
02 OTHER.zip,l10n_au_hr_payroll_account,02 OTHER/l10n_au_hr_payroll_account/wizard/l10n_au_payroll_finalisation.py,L10n_AuPayrollFinalisationWizardEmp,l10n_au.payroll.finalisation.wizard.emp,l10n_au_payroll_finalisation_wizard_emp,3,3,_check_employee|_compute_amounts_to_report|_compute_available_employees
02 OTHER.zip,l10n_au_hr_payroll_account,02 OTHER/l10n_au_hr_payroll_account/wizard/l10n_au_stp_ffr.py,L10n_AuStpFfrWizard,l10n_au.stp.ffr.wizard,l10n_au_stp_ffr_wizard,2,2,_check_stp_status|action_create_ffr
02 OTHER.zip,l10n_au_hr_payroll_account,02 OTHER/l10n_au_hr_payroll_account/wizard/l10n_au_stp_submit.py,L10n_AuStpSubmit,l10n_au.stp.submit,l10n_au_stp_submit,1,2,_compute_terms|action_submit
02 OTHER.zip,l10n_au_hr_payroll_account,02 OTHER/l10n_au_hr_payroll_account/wizard/account_payment_register.py,AccountPaymentRegister,account.payment.register,account_payment_register,0,2,_compute_trust_values|action_open_missing_account_employees
02 OTHER.zip,l10n_au_hr_payroll_account,02 OTHER/l10n_au_hr_payroll_account/wizard/l10n_au_previous_payroll_transfer.py,L10n_AuPreviousPayrollTransfer,l10n_au.previous.payroll.transfer,l10n_au_previous_payroll_transfer,3,5,write|_compute_zeroed_previous_payroll|_onchange_zeroed_previous_payroll|_compute_all_employees|action_transfer
02 OTHER.zip,l10n_au_hr_payroll_account,02 OTHER/l10n_au_hr_payroll_account/wizard/l10n_au_previous_payroll_transfer.py,L10n_AuPreviousPayrollTransferEmployee,l10n_au.previous.payroll.transfer.employee,l10n_au_previous_payroll_transfer_employee,2,2,_compute_payroll_id|_compute_income_stream_type
02 OTHER.zip,l10n_au_hr_payroll_account,02 OTHER/l10n_au_hr_payroll_account/models/l10n_au_super_stream.py,L10n_auSuperStream,l10n_au.super.stream,l10n_au_super_stream,6,10,create|_compute_sid|_compute_amount_total|_check_journal|action_register_super_payment|action_open_payment|_check_super_account_proportions|_check_mandatory_fields|action_confirm|action_draft
02 OTHER.zip,l10n_au_hr_payroll_account,02 OTHER/l10n_au_hr_payroll_account/models/l10n_au_super_stream.py,L10n_AuSuperStreamLine,l10n_au.super.stream.line,l10n_au_super_stream_line,5,4,_compute_name|_compute_payslip_fields|_compute_allowed_super_account_ids|_compute_amount_total
02 OTHER.zip,l10n_au_hr_payroll_account,02 OTHER/l10n_au_hr_payroll_account/models/hr_payslip_run.py,HrPayslipRun,hr.payslip.run,hr_payslip_run,1,7,_compute_stp_status|_compute_stp_count|action_register_payment|action_open_payment_batch|action_post|action_payment_report|action_open_stp
02 OTHER.zip,l10n_au_hr_payroll_account,02 OTHER/l10n_au_hr_payroll_account/models/hr_payslip.py,HrPayslip,hr.payslip,hr_payslip,4,13,create|_compute_stp_count|_compute_has_superstream|_compute_stp_status|_compute_payslip_ytd_totals|action_payslip_done|action_payslip_cancel|action_payslip_draft|action_open_superstream|action_open_payslip_stp|action_register_payment|action_payslip_payment_report
02 OTHER.zip,l10n_au_hr_payroll_account,02 OTHER/l10n_au_hr_payroll_account/models/account_payment_method.py,AccountPaymentMethod,account.payment.method,account_payment_method,1,0,
02 OTHER.zip,l10n_au_hr_payroll_account,02 OTHER/l10n_au_hr_payroll_account/models/hr_payslip_line.py,HrPayslipLine,hr.payslip.line,hr_payslip_line,2,2,_compute_debit_tags|_compute_credit_tags
02 OTHER.zip,l10n_au_hr_payroll_account,02 OTHER/l10n_au_hr_payroll_account/models/account_payment.py,AccountPayment,account.payment,account_payment,0,1,_compute_outstanding_account_id
02 OTHER.zip,l10n_au_hr_payroll_account,02 OTHER/l10n_au_hr_payroll_account/models/res_company.py,ResCompany,res.company,res_company,1,1,_check_payroll_responsible_fields
02 OTHER.zip,l10n_au_hr_payroll_account,02 OTHER/l10n_au_hr_payroll_account/models/account_return.py,L10NAUAccountReturn,account.return,account_return,0,1,_compute_tax_closing_entry
02 OTHER.zip,l10n_au_hr_payroll_account,02 OTHER/l10n_au_hr_payroll_account/models/l10n_au_payslip_ytd.py,L10n_AuPayslipYtd,l10n_au.payslip.ytd,l10n_au_payslip_ytd,7,7,_compute_total_ytd|_compute_name|_compute_struct_id|_check_unique_rule|write|action_add_inputs|button_finalise
02 OTHER.zip,l10n_au_hr_payroll_account,02 OTHER/l10n_au_hr_payroll_account/models/l10n_au_payslip_ytd.py,L10nAUPayslipYTDInput,l10n_au.payslip.ytd.input,l10n_au_payslip_ytd_input,1,2,_compute_name|write
02 OTHER.zip,l10n_au_hr_payroll_account,02 OTHER/l10n_au_hr_payroll_account/models/res_config_settings.py,ResConfigSettings,res.config.settings,res_config_settings,1,1,_compute_super_payable_account
02 OTHER.zip,l10n_au_hr_payroll_account,02 OTHER/l10n_au_hr_payroll_account/models/l10n_au_stp_emp.py,L10n_AuStpEmp,l10n_au.stp.emp,l10n_au_stp_emp,1,1,_compute_ytd
02 OTHER.zip,l10n_au_hr_payroll_account,02 OTHER/l10n_au_hr_payroll_account/models/l10n_au_super_fund.py,L10n_AuSuperFund,l10n_au.super.fund,l10n_au_super_fund,2,2,_check_bank_account_id|_compute_bank_account
02 OTHER.zip,l10n_au_hr_payroll_account,02 OTHER/l10n_au_hr_payroll_account/models/l10n_au_stp.py,L10n_AuStp,l10n_au.stp,l10n_au_stp,9,18,create|write|_compute_end_date|_compute_currency_id|_compute_name|_compute_submit_date|_compute_warning_message|_compute_file_replacement_message|_compute_is_latest|_compute_is_not_paid|_check_submit_date|_check_payevent_type
02 OTHER.zip,l10n_my_reports,02 OTHER/l10n_my_reports/models/account_aged_receivable.py,AccountAgedReceivableReportHandler,account.aged.receivable.report.handler,account_aged_receivable_report_handler,1,1,action_print_report_statement_account
02 OTHER.zip,l10n_my_reports,02 OTHER/l10n_my_reports/models/res_partner.py,ResPartner,res.partner,res_partner,0,1,action_print_report_statement_account
02 OTHER.zip,industry_fsm,02 OTHER/industry_fsm/wizard/task_stop_timer_confirmation_wizard.py,ProjectTaskStopTimersWizard,project.task.stop.timers.wizard,project_task_stop_timers_wizard,0,1,action_confirm
02 OTHER.zip,industry_fsm,02 OTHER/industry_fsm/wizard/hr_timesheet_stop_timer_confirmation_wizard.py,HrTimesheetStopTimerConfirmationWizard,hr.timesheet.stop.timer.confirmation.wizard,hr_timesheet_stop_timer_confirmation_wizard,0,1,action_save_timesheet
02 OTHER.zip,industry_fsm,02 OTHER/industry_fsm/models/project_task_recurrence.py,ProjectTaskRecurrence,project.task.recurrence,project_task_recurrence,1,0,
02 OTHER.zip,industry_fsm,02 OTHER/industry_fsm/models/res_company.py,ResCompany,res.company,res_company,1,1,create
02 OTHER.zip,industry_fsm,02 OTHER/industry_fsm/models/project_task.py,ProjectTask,project.task,project_task,9,18,_compute_planning_overlap|_compute_mark_as_done_buttons|_compute_is_task_phone_update|_compute_display_conditions_count|_compute_display_timesheet_timer|_onchange_planned_dates|write|_compute_fsm_done|action_timer_start|action_view_timesheets|action_fsm_validate|action_fsm_navigate
02 OTHER.zip,industry_fsm,02 OTHER/industry_fsm/models/rating_rating.py,RatingRating,rating.rating,rating_rating,1,1,_compute_project_id
02 OTHER.zip,industry_fsm,02 OTHER/industry_fsm/models/project_project.py,ProjectProject,project.project,project_project,8,4,_compute_display_name|_compute_company_id|_compute_allow_geolocation|create
02 OTHER.zip,industry_fsm,02 OTHER/industry_fsm/models/res_partner.py,ResPartner,res.partner,res_partner,0,1,action_partner_navigate
02 OTHER.zip,industry_fsm,02 OTHER/industry_fsm/models/account_analytic_line.py,AccountAnalyticLine,account.analytic.line,account_analytic_line,0,2,action_timer_start|action_timer_stop
02 OTHER.zip,industry_fsm,02 OTHER/industry_fsm/report/worksheet_custom_reports.py,ReportIndustry_FsmWorksheet_Custom,report.industry_fsm.worksheet_custom,report_industry_fsm_worksheet_custom,1,0,
02 OTHER.zip,website_event_track,02 OTHER/website_event_track/models/event_track_stage.py,EventTrackStage,event.track.stage,event_track_stage,2,2,_compute_is_visible_in_agenda|_compute_is_fully_accessible
02 OTHER.zip,website_event_track,02 OTHER/website_event_track/models/event_type.py,EventType,event.type,event_type,1,1,_compute_website_track_menu_data
02 OTHER.zip,website_event_track,02 OTHER/website_event_track/models/website_menu.py,WebsiteMenu,website.menu,website_menu,0,1,unlink
02 OTHER.zip,website_event_track,02 OTHER/website_event_track/models/event_event.py,EventEvent,event.event,event_event,3,4,_compute_track_count|_compute_website_track|_compute_website_track_proposal|_compute_tracks_tag_ids
02 OTHER.zip,website_event_track,02 OTHER/website_event_track/models/event_track.py,EventTrack,event.track,event_track,24,24,_compute_website_url|_compute_kanban_state_label|_compute_partner_name|_compute_partner_email|_compute_partner_phone|_compute_partner_biography|_compute_partner_function|_compute_partner_company_name|_compute_partner_tag_line|_compute_partner_image|_compute_contact_email|_compute_contact_phone
02 OTHER.zip,website_event_track,02 OTHER/website_event_track/models/website.py,Website,website,website,3,3,_compute_events_app_name|_check_events_app_name|_compute_app_icon
02 OTHER.zip,website_event_track,02 OTHER/website_event_track/models/event_track_visitor.py,EventTrackVisitor,event.track.visitor,event_track_visitor,1,1,_compute_partner_id
02 OTHER.zip,website_event_track,02 OTHER/website_event_track/models/website_visitor.py,WebsiteVisitor,website.visitor,website_visitor,1,1,_compute_event_track_wishlisted_ids
02 OTHER.zip,website_event_track,02 OTHER/website_event_track/controllers/event_track.py,EventTrackController,,,9,0,
02 OTHER.zip,l10n_gr_edi,02 OTHER/l10n_gr_edi/models/account_move.py,AccountMove,account.move,account_move,12,8,_compute_from_l10n_gr_edi_document_ids|_compute_show_reset_to_draft_button|_compute_l10n_gr_edi_alerts|_compute_l10n_gr_edi_enable_fields|_compute_l10n_gr_edi_payment_method|_compute_l10n_gr_edi_available_inv_type|_compute_l10n_gr_edi_inv_type|_compute_l10n_gr_edi_need_fields
02 OTHER.zip,l10n_gr_edi,02 OTHER/l10n_gr_edi/models/preferred_classification.py,PreferredClassification,l10n_gr_edi.preferred_classification,l10n_gr_edi_preferred_classification,7,4,_onchange_reset_cls_category|_onchange_reset_cls_type|_compute_l10n_gr_edi_available_cls_category|_compute_l10n_gr_edi_available_cls_type
02 OTHER.zip,l10n_gr_edi,02 OTHER/l10n_gr_edi/models/account_move_send.py,AccountMoveSend,account.move.send,account_move_send,1,0,
02 OTHER.zip,l10n_gr_edi,02 OTHER/l10n_gr_edi/models/l10n_gr_edi_document.py,GreeceEDIDocument,l10n_gr_edi.document,l10n_gr_edi_document,0,1,action_download
02 OTHER.zip,l10n_gr_edi,02 OTHER/l10n_gr_edi/models/account_move_line.py,AccountMoveLine,account.move.line,account_move_line,8,8,_compute_l10n_gr_edi_detail_type|_compute_l10n_gr_edi_available_cls_category|_compute_l10n_gr_edi_available_cls_type|_compute_l10n_gr_edi_cls_category|_compute_l10n_gr_edi_cls_type|_compute_l10n_gr_edi_cls_vat|_compute_l10n_gr_edi_need_exemption_category|_compute_l10n_gr_edi_tax_exemption_category
02 OTHER.zip,l10n_gr_edi,02 OTHER/l10n_gr_edi/models/res_company.py,ResCompany,res.company,res_company,1,0,
02 OTHER.zip,l10n_gr_edi,02 OTHER/l10n_gr_edi/models/res_partner.py,ResPartner,res.partner,res_partner,1,1,_compute_l10n_gr_edi_branch_number
02 OTHER.zip,website_slides_forum,02 OTHER/website_slides_forum/models/slide_channel.py,SlideChannel,slide.channel,slide_channel,1,3,action_redirect_to_forum|create|write
02 OTHER.zip,website_slides_forum,02 OTHER/website_slides_forum/models/forum_forum.py,ForumForum,forum.forum,forum_forum,2,2,_compute_slide_channel_id|_compute_image_1920
02 OTHER.zip,l10n_in_edi,02 OTHER/l10n_in_edi/models/account_move.py,AccountMove,account.move,account_move,1,6,_compute_l10n_in_edi_content|_compute_l10n_in_warning|action_export_l10n_in_edi_content_json|button_request_cancel|action_l10n_in_edi_force_cancel|button_draft
02 OTHER.zip,l10n_in_edi,02 OTHER/l10n_in_edi/models/account_move_send.py,AccountMoveSend,account.move.send,account_move_send,1,0,
02 OTHER.zip,l10n_ee_intrastat,02 OTHER/l10n_ee_intrastat/wizard/intrastat_goods_submission_wizard.py,L10n_Ee_IntrastatIntrastatGoodsSubmissionWizard,l10n_ee_intrastat.intrastat.goods.submission.wizard,l10n_ee_intrastat_intrastat_goods_submission_wizard,0,1,action_proceed_with_submission
02 OTHER.zip,l10n_ee_intrastat,02 OTHER/l10n_ee_intrastat/models/account_return.py,AccountReturn,account.return,account_return,0,1,action_submit
02 OTHER.zip,l10n_ee_intrastat,02 OTHER/l10n_ee_intrastat/models/account_intrastat_report.py,IntrastatReportGoodsCustomHandler,account.intrastat.goods.report.handler,account_intrastat_goods_report_handler,7,0,
02 OTHER.zip,ai_knowledge,02 OTHER/ai_knowledge/models/ai_agent_source.py,AIAgentSource,ai.agent.source,ai_agent_source,3,2,_compute_user_has_access|action_access_source
02 OTHER.zip,website_event_exhibitor,02 OTHER/website_event_exhibitor/models/event_type.py,EventType,event.type,event_type,1,1,_compute_exhibitor_menu
02 OTHER.zip,website_event_exhibitor,02 OTHER/website_event_exhibitor/models/event_event.py,EventEvent,event.event,event_event,1,2,_compute_sponsor_count|_compute_exhibitor_menu
02 OTHER.zip,website_event_exhibitor,02 OTHER/website_event_exhibitor/models/event_sponsor.py,EventSponsor,event.sponsor,event_sponsor,12,11,_compute_url|_compute_name|_compute_email|_compute_phone|_compute_image_512|_compute_website_image_url|_compute_website_description|_compute_is_in_opening_hours|_compute_country_flag_url|_compute_website_url|_compute_website_absolute_url
02 OTHER.zip,sale,02 OTHER/sale/tests/test_sale_to_invoice.py,TestSaleToInvoice,,,0,1,_check_order_search
02 OTHER.zip,sale,02 OTHER/sale/wizard/sale_order_discount.py,SaleOrderDiscount,sale.order.discount,sale_order_discount,1,2,_check_discount_amount|action_apply_discount
02 OTHER.zip,sale,02 OTHER/sale/wizard/mass_cancel_orders.py,SaleMassCancelOrders,sale.mass.cancel.orders,sale_mass_cancel_orders,2,3,_compute_sale_orders_count|_compute_has_confirmed_order|action_mass_cancel
02 OTHER.zip,sale,02 OTHER/sale/wizard/sale_make_invoice_advance.py,SaleAdvancePaymentInv,sale.advance.payment.inv,sale_advance_payment_inv,7,8,_compute_count|_compute_has_down_payments|_compute_currency_id|_compute_company_id|_compute_display_draft_invoice_warning|_compute_invoice_amounts|_onchange_advance_payment_method|_check_amount_is_positive
02 OTHER.zip,sale,02 OTHER/sale/wizard/res_config_settings.py,ResConfigSettings,res.config.settings,res_config_settings,5,6,_onchange_group_discount_per_so_line|_onchange_group_product_variant|_onchange_portal_confirmation_pay|_onchange_prepayment_percent|_onchange_quotation_validity_days|action_sale_start_payment_onboarding
02 OTHER.zip,sale,02 OTHER/sale/wizard/payment_link_wizard.py,PaymentLinkWizard,payment.link.wizard,payment_link_wizard,2,2,_compute_confirmation_message|_compute_warning_message
02 OTHER.zip,sale,02 OTHER/sale/models/crm_team.py,CrmTeam,crm.team,crm_team,0,4,_compute_invoiced|_compute_sale_order_count|_compute_dashboard_button_name|action_primary_channel_button
02 OTHER.zip,sale,02 OTHER/sale/models/account_move.py,AccountMove,account.move,account_move,3,9,unlink|_compute_team_id|_compute_origin_so_count|_compute_sale_warning_text|action_post|button_draft|button_cancel|_action_invoice_ready_to_be_sent|action_view_source_sale_orders
02 OTHER.zip,sale,02 OTHER/sale/models/payment_transaction.py,PaymentTransaction,payment.transaction,payment_transaction,2,5,_compute_sale_order_reference|_compute_sale_order_ids_nbr|_check_amount_and_confirm_order|_compute_reference_prefix|action_view_sales_orders
02 OTHER.zip,sale,02 OTHER/sale/models/sale_order.py,SaleOrder,sale.order,sale_order,49,62,_compute_display_name|_compute_has_archived_products|_compute_require_signature|_compute_require_payment|_compute_prepayment_percent|_compute_validity_date|_compute_journal_id|_compute_note|_compute_partner_invoice_id|_compute_partner_shipping_id|_compute_fiscal_position_id|_compute_payment_term_id
02 OTHER.zip,sale,02 OTHER/sale/models/account_move_line.py,AccountMoveLine,account.move.line,account_move_line,2,2,_compute_sale_line_warn_msg|_compute_is_storno
02 OTHER.zip,sale,02 OTHER/sale/models/sale_order_line.py,SaleOrderLine,sale.order.line,sale_order_line,41,42,_compute_display_name|_compute_product_template_id|_compute_is_product_archived|_compute_custom_attribute_values|_compute_no_variant_attribute_values|_compute_name|_compute_translated_product_name|_compute_product_uom_qty|_compute_product_uom_id|_compute_sale_line_warn_msg|_compute_allowed_uom_ids|_compute_tax_ids
02 OTHER.zip,sale,02 OTHER/sale/models/product_template.py,ProductTemplate,product.template,product_template,16,11,_compute_product_tooltip|_compute_service_tracking|_compute_visible_expense_policy|_compute_expense_policy|_compute_sales_count|_check_sale_product_company|action_view_sales|_onchange_type|_compute_service_type|_compute_invoice_policy|_check_incompatible_types
02 OTHER.zip,sale,02 OTHER/sale/models/product_product.py,ProductProduct,product.product,product_product,2,4,_compute_sales_count|_onchange_type|_compute_product_is_in_sale_order|action_view_sales
02 OTHER.zip,sale,02 OTHER/sale/models/res_company.py,ResCompany,res.company,res_company,1,1,_check_prepayment_percent
02 OTHER.zip,sale,02 OTHER/sale/models/ir_config_parameter.py,IrConfigParameter,ir.config_parameter,ir_config_parameter,1,3,create|write|unlink
02 OTHER.zip,sale,02 OTHER/sale/models/utm_campaign.py,UtmCampaign,utm.campaign,utm_campaign,0,4,_compute_quotation_count|_compute_sale_invoiced_amount|action_redirect_to_quotations|action_redirect_to_invoiced
02 OTHER.zip,sale,02 OTHER/sale/models/product_pricelist_item.py,ProductPricelistItem,product.pricelist.item,product_pricelist_item,1,0,
02 OTHER.zip,sale,02 OTHER/sale/models/res_partner.py,ResPartner,res.partner,res_partner,1,3,_compute_sale_order_count|_compute_application_statistics_hook|_compute_credit_to_invoice
02 OTHER.zip,sale,02 OTHER/sale/report/sale_report.py,SaleReport,sale.report,sale_report,1,1,action_open_order
02 OTHER.zip,sale,02 OTHER/sale/controllers/portal.py,CustomerPortal,,,7,0,
02 OTHER.zip,l10n_de,02 OTHER/l10n_de/models/account_move.py,AccountMove,account.move,account_move,1,1,_compute_show_delivery_date
02 OTHER.zip,l10n_de,02 OTHER/l10n_de/models/account_journal.py,AccountJournal,account.journal,account_journal,1,0,
02 OTHER.zip,l10n_de,02 OTHER/l10n_de/models/account_account.py,AccountAccount,account.account,account_account,0,1,write
02 OTHER.zip,l10n_de,02 OTHER/l10n_de/models/res_company.py,ResCompany,res.company,res_company,2,2,write|_compute_force_restrictive_audit_trail
02 OTHER.zip,l10n_de,02 OTHER/l10n_de/report/account_invoice_report.py,ReportInvoiceWithoutPayment,report.account.report_invoice,report_account_report_invoice,1,0,
02 OTHER.zip,pos_sale_subscription,02 OTHER/pos_sale_subscription/models/pos_order.py,PosOrder,pos.order,pos_order,0,1,action_pos_order_paid
02 OTHER.zip,l10n_it_reports,02 OTHER/l10n_it_reports/wizard/monthly_tax_report_xml_export.py,L10nItMonthlyTaxReportXmlExportWizard,l10n_it_reports.monthly.tax.report.xml.export.wizard,l10n_it_reports_monthly_tax_report_xml_export_wizard,0,2,_compute_show_method|action_generate_export
02 OTHER.zip,l10n_it_reports,02 OTHER/l10n_it_reports/models/italy_libro_giornale_report.py,LibroGiornaleReportHandler,l10n_it.libro_giornale.report.handler,l10n_it_libro_giornale_report_handler,1,0,
02 OTHER.zip,l10n_it_reports,02 OTHER/l10n_it_reports/models/account_return.py,AccountReturn,account.return,account_return,2,4,_compute_is_quarter_month|_compute_record_states_for_it|_compute_visible_states|action_submit
02 OTHER.zip,stock_picking_batch,02 OTHER/stock_picking_batch/wizard/stock_add_to_wave.py,StockAddToWave,stock.add.to.wave,stock_add_to_wave,1,0,
02 OTHER.zip,stock_picking_batch,02 OTHER/stock_picking_batch/models/stock_picking_batch.py,StockPickingBatch,stock.picking.batch,stock_picking_batch,12,22,_compute_display_name|_compute_show_lots_text|_compute_estimated_shipping_capacity|_compute_allowed_picking_ids|_compute_move_ids|_compute_move_line_ids|_compute_show_allocation|_compute_state|_compute_scheduled_date|create|write|action_confirm
02 OTHER.zip,stock_picking_batch,02 OTHER/stock_picking_batch/models/stock_move_line.py,StockMoveLine,stock.move.line,stock_move_line,0,1,action_open_add_to_wave
02 OTHER.zip,stock_picking_batch,02 OTHER/stock_picking_batch/models/stock_move.py,StockMove,stock.move,stock_move,0,4,_action_cancel|write|_action_assign|action_show_details
02 OTHER.zip,stock_picking_batch,02 OTHER/stock_picking_batch/models/stock_picking.py,StockPickingType,stock.picking.type,stock_picking_type,6,3,_compute_picking_count|action_batch|action_wave
02 OTHER.zip,stock_picking_batch,02 OTHER/stock_picking_batch/models/stock_picking.py,StockPicking,stock.picking,stock_picking,1,7,create|write|action_add_operations|action_confirm|button_validate|action_cancel|action_view_batch
02 OTHER.zip,l10n_mx,02 OTHER/l10n_mx/models/account_tax.py,AccountTax,account.tax,account_tax,3,1,_compute_l10n_mx_tax_type
02 OTHER.zip,l10n_mx,02 OTHER/l10n_mx/models/account_move_line.py,AccountMoveLine,account.move.line,account_move_line,0,1,_compute_account_id
02 OTHER.zip,l10n_mx,02 OTHER/l10n_mx/models/account_account.py,AccountAccount,account.account,account_account,1,1,create
02 OTHER.zip,im_livechat,02 OTHER/im_livechat/models/discuss_channel.py,DiscussChannel,discuss.channel,discuss_channel,17,19,write|_compute_duration|_compute_livechat_status|_compute_livechat_is_escalated|_compute_livechat_agent_history_ids|_compute_livechat_bot_history_ids|_compute_livechat_customer_history_ids|_compute_livechat_agent_partner_ids|_compute_livechat_bot_partner_ids|_compute_livechat_customer_partner_ids|_compute_livechat_customer_guest_ids|_compute_livechat_agent_requesting_help_history
02 OTHER.zip,im_livechat,02 OTHER/im_livechat/models/digest.py,DigestDigest,digest.digest,digest_digest,0,4,_compute_kpi_livechat_rating_value|_compute_kpi_livechat_conversations_value|_compute_kpi_livechat_response_value|_compute_kpis_actions
02 OTHER.zip,im_livechat,02 OTHER/im_livechat/models/im_livechat_expertise.py,Im_LivechatExpertise,im_livechat.expertise,im_livechat_expertise,0,2,_compute_user_ids|_inverse_user_ids
02 OTHER.zip,im_livechat,02 OTHER/im_livechat/models/chatbot_script.py,ChatbotScript,chatbot.script,chatbot_script,4,8,_check_question_selection|_onchange_script_step_ids|_compute_livechat_channel_count|_compute_first_step_warning|copy|create|write|action_view_livechat_channels
02 OTHER.zip,im_livechat,02 OTHER/im_livechat/models/chatbot_script_step.py,ChatbotScriptStep,chatbot.script.step,chatbot_script_step,6,5,_compute_name|_compute_triggering_answer_ids|_compute_is_forward_operator|_compute_is_forward_operator_child|create
02 OTHER.zip,im_livechat,02 OTHER/im_livechat/models/im_livechat_conversation_tag.py,Im_LivechatConversationTag,im_livechat.conversation.tag,im_livechat_conversation_tag,1,0,
02 OTHER.zip,im_livechat,02 OTHER/im_livechat/models/discuss_channel_member.py,DiscussChannelMember,discuss.channel.member,discuss_channel_member,4,7,create|_compute_livechat_member_type|_compute_chatbot_script_id|_compute_agent_expertise_ids|_inverse_livechat_member_type|_inverse_chatbot_script_id|_inverse_agent_expertise_ids
02 OTHER.zip,im_livechat,02 OTHER/im_livechat/models/discuss_channel_rtc_session.py,DiscussChannelRtcSession,discuss.channel.rtc.session,discuss_channel_rtc_session,1,1,create
02 OTHER.zip,im_livechat,02 OTHER/im_livechat/models/chatbot_script_answer.py,ChatbotScriptAnswer,chatbot.script.answer,chatbot_script_answer,3,1,_compute_display_name
02 OTHER.zip,im_livechat,02 OTHER/im_livechat/models/res_groups.py,ResGroups,res.groups,res_groups,0,1,write
02 OTHER.zip,im_livechat,02 OTHER/im_livechat/models/im_livechat_channel.py,Im_LivechatChannel,im_livechat.channel,im_livechat_channel,6,12,_compute_ongoing_sessions_count|_compute_remaining_session_capacity|_compute_available_operator_ids|_check_review_link|_compute_chatbot_script_count|_compute_script_external|_compute_web_page_link|_compute_nbr_channel|action_join|action_quit|action_view_rating|action_view_chatbot_scripts
02 OTHER.zip,im_livechat,02 OTHER/im_livechat/models/res_users.py,ResUsers,res.users,res_users,7,10,_compute_livechat_is_in_call|_compute_livechat_ongoing_session_count|_compute_livechat_username|_inverse_livechat_username|_compute_livechat_lang_ids|_inverse_livechat_lang_ids|_compute_livechat_expertise_ids|_inverse_livechat_expertise_ids|_compute_has_access_livechat|write
02 OTHER.zip,im_livechat,02 OTHER/im_livechat/models/rating_rating.py,RatingRating,rating.rating,rating_rating,1,2,_compute_res_name|action_open_rated_object
02 OTHER.zip,im_livechat,02 OTHER/im_livechat/models/res_partner.py,ResPartner,res.partner,res_partner,2,4,_compute_user_livechat_username|_compute_livechat_channel_count|_compute_display_name|action_view_livechat_sessions
02 OTHER.zip,im_livechat,02 OTHER/im_livechat/models/im_livechat_channel_member_history.py,ImLivechatChannelMemberHistory,im_livechat.channel.member.history,im_livechat_channel_member_history,10,9,_compute_member_fields|_compute_display_name|_compute_avatar_128|_compute_has_call|_compute_call_duration_hour|_compute_help_status|_compute_rating_id|_compute_session_duration_hour|action_open_discuss_channel_view
02 OTHER.zip,im_livechat,02 OTHER/im_livechat/report/im_livechat_report_channel.py,Im_LivechatReportChannel,im_livechat.report.channel,im_livechat_report_channel,2,1,action_open_discuss_channel_view
02 OTHER.zip,im_livechat,02 OTHER/im_livechat/controllers/main.py,LivechatController,,,13,0,
02 OTHER.zip,project_enterprise,02 OTHER/project_enterprise/models/project_task_recurrence.py,ProjectTaskRecurrence,project.task.recurrence,project_task_recurrence,1,0,
02 OTHER.zip,project_enterprise,02 OTHER/project_enterprise/models/project_task.py,ProjectTask,project.task,project_task,16,17,action_unschedule_task|_compute_display_warning_dependency_in_gantt|_onchange_planned_dates|_compute_allocated_hours|_compute_planning_overlap|_compute_user_names|_compute_dependency_warning|_compute_planned_date_start|_inverse_planned_date_start|_inverse_state|write|action_rollback_auto_scheduling
02 OTHER.zip,project_enterprise,02 OTHER/project_enterprise/models/project_project.py,ProjectProject,project.project,project_project,0,2,action_view_tasks|action_create_from_template
02 OTHER.zip,l10n_sa_edi,02 OTHER/l10n_sa_edi/wizard/l10n_sa_edi_otp_wizard.py,L10n_Sa_EdiOtpWizard,l10n_sa_edi.otp.wizard,l10n_sa_edi_otp_wizard,1,0,
02 OTHER.zip,l10n_sa_edi,02 OTHER/l10n_sa_edi/wizard/base_document_layout.py,BaseDocumentLayout,base.document.layout,base_document_layout,1,0,
02 OTHER.zip,l10n_sa_edi,02 OTHER/l10n_sa_edi/models/account_tax.py,AccountTax,account.tax,account_tax,2,0,
02 OTHER.zip,l10n_sa_edi,02 OTHER/l10n_sa_edi/models/account_move.py,AccountMove,account.move,account_move,4,5,_compute_qr_code_str|_compute_edi_show_cancel_button|_compute_show_reset_to_draft_button|button_draft|action_show_chain_head
02 OTHER.zip,l10n_sa_edi,02 OTHER/l10n_sa_edi/models/account_move.py,AccountMoveLine,account.move.line,account_move_line,1,1,_compute_tax_amount
02 OTHER.zip,l10n_sa_edi,02 OTHER/l10n_sa_edi/models/account_edi_format.py,AccountEdiFormat,account.edi.format,account_edi_format,1,1,_check_move_configuration
02 OTHER.zip,l10n_sa_edi,02 OTHER/l10n_sa_edi/models/certificate.py,CertificateCertificate,certificate.certificate,certificate_certificate,3,0,
02 OTHER.zip,l10n_sa_edi,02 OTHER/l10n_sa_edi/models/account_move_send.py,AccountMoveSend,account.move.send,account_move_send,1,0,
02 OTHER.zip,l10n_sa_edi,02 OTHER/l10n_sa_edi/models/res_company.py,ResCompany,res.company,res_company,0,1,write
02 OTHER.zip,l10n_sa_edi,02 OTHER/l10n_sa_edi/models/res_config_settings.py,ResConfigSettings,res.config.settings,res_config_settings,1,1,_compute_company_informations
02 OTHER.zip,l10n_sa_edi,02 OTHER/l10n_sa_edi/models/res_partner.py,ResPartner,res.partner,res_partner,1,0,
02 OTHER.zip,mrp_workorder_plm,02 OTHER/mrp_workorder_plm/wizard/propose_change.py,ProposeChange,propose.change,propose_change,1,0,
02 OTHER.zip,mrp_workorder_plm,02 OTHER/mrp_workorder_plm/models/mrp_eco.py,MrpEco,mrp.eco,mrp_eco,1,1,_compute_routing_change_ids
02 OTHER.zip,mrp_workorder_plm,02 OTHER/mrp_workorder_plm/models/mrp_eco.py,MrpEcoRoutingChange,mrp.eco.routing.change,mrp_eco_routing_change,0,1,action_open_routing_change_quality_point
02 OTHER.zip,hr_recruitment_skills,02 OTHER/hr_recruitment_skills/models/hr_job.py,HrJob,hr.job,hr_job,1,2,_compute_applicant_matching_score|action_search_matching_applicants
02 OTHER.zip,hr_recruitment_skills,02 OTHER/hr_recruitment_skills/models/hr_applicant.py,HrApplicant,hr.applicant,hr_applicant,5,6,_compute_current_applicant_skill_ids|_compute_skill_ids|_compute_matching_skill_ids|action_add_to_job|create|write
02 OTHER.zip,l10n_at,02 OTHER/l10n_at/models/account_journal.py,AccountJournal,account.journal,account_journal,1,0,
02 OTHER.zip,website_event_booth,02 OTHER/website_event_booth/models/event_type.py,EventType,event.type,event_type,1,1,_compute_booth_menu
02 OTHER.zip,website_event_booth,02 OTHER/website_event_booth/models/event_event.py,EventEvent,event.event,event_event,1,1,_compute_booth_menu
02 OTHER.zip,hr_org_chart,02 OTHER/hr_org_chart/models/hr_org_chart_mixin.py,HrEmployee,hr.employee,hr_employee,3,3,_compute_subordinates|_compute_is_subordinate|_compute_child_count
02 OTHER.zip,hr_org_chart,02 OTHER/hr_org_chart/models/hr_org_chart_mixin.py,HrEmployeePublic,hr.employee.public,hr_employee_public,0,3,_compute_child_all_count|_compute_department_color|_compute_child_count
02 OTHER.zip,website_helpdesk,02 OTHER/website_helpdesk/models/helpdesk.py,HelpdeskTeam,helpdesk.team,helpdesk_team,7,9,_check_website_company|_compute_website_id|_compute_show_knowledge_base|_compute_website_url|_onchange_use_website_helpdesk|write|create|unlink|_compute_form_url
02 OTHER.zip,website_helpdesk,02 OTHER/website_helpdesk/models/website_menu.py,WebsiteMenu,website.menu,website_menu,0,1,_compute_visible
02 OTHER.zip,website_helpdesk,02 OTHER/website_helpdesk/models/website_page.py,WebsitePage,website.page,website_page,1,0,
02 OTHER.zip,website_helpdesk,02 OTHER/website_helpdesk/controllers/main.py,WebsiteHelpdesk,,,3,0,
02 OTHER.zip,hr_payroll_sale_commission,02 OTHER/hr_payroll_sale_commission/models/hr_payslip.py,HrPayslip,hr.payslip,hr_payslip,0,1,_compute_input_line_ids
02 OTHER.zip,pos_enterprise,02 OTHER/pos_enterprise/models/product_attribute_custom_value.py,ProductAttributeCustomValue,product.attribute.custom.value,product_attribute_custom_value,1,0,
02 OTHER.zip,pos_enterprise,02 OTHER/pos_enterprise/models/pos_category.py,PosCategory,pos.category,pos_category,2,0,
02 OTHER.zip,pos_enterprise,02 OTHER/pos_enterprise/models/pos_preset.py,PosPreset,pos.preset,pos_preset,2,0,
02 OTHER.zip,pos_enterprise,02 OTHER/pos_enterprise/models/product_attribute_attribute_value.py,ProductTemplateAttributeValue,product.template.attribute.value,product_template_attribute_value,1,0,
02 OTHER.zip,pos_enterprise,02 OTHER/pos_enterprise/models/resource_calendar_attendance.py,ResourceCalendarAttendance,resource.calendar.attendance,resource_calendar_attendance,2,0,
02 OTHER.zip,pos_enterprise,02 OTHER/pos_enterprise/models/pos_prep_order.py,PosPrepOrder,pos.prep.order,pos_prep_order,3,1,_compute_order_name
02 OTHER.zip,pos_enterprise,02 OTHER/pos_enterprise/models/pos_load_mixin.py,PosLoadMixin,pos.load.mixin,pos_load_mixin,2,0,
02 OTHER.zip,pos_enterprise,02 OTHER/pos_enterprise/models/pos_session.py,PosSession,pos.session,pos_session,1,0,
02 OTHER.zip,pos_enterprise,02 OTHER/pos_enterprise/models/pos_config.py,PosConfig,pos.config,pos_config,2,0,
02 OTHER.zip,pos_enterprise,02 OTHER/pos_enterprise/models/pos_prep_display.py,PosPrepDisplay,pos.prep.display,pos_prep_display,8,4,_check_clear_time_interval_positive|_compute_order_count|_check_stage_ids|_compute_contains_bar_restaurant
02 OTHER.zip,pos_enterprise,02 OTHER/pos_enterprise/models/product_product.py,ProductProduct,product.product,product_product,1,0,
02 OTHER.zip,pos_enterprise,02 OTHER/pos_enterprise/models/pos_prep_stage.py,PosPrepStage,pos.prep.stage,pos_prep_stage,1,0,
02 OTHER.zip,pos_enterprise,02 OTHER/pos_enterprise/models/product_attribute.py,ProductAttribute,product.attribute,product_attribute,1,0,
02 OTHER.zip,pos_enterprise,02 OTHER/pos_enterprise/models/pos_order.py,PosOrder,pos.order,pos_order,2,2,_compute_avg_time|action_pos_order_cancel
02 OTHER.zip,hr_recruitment_sign,02 OTHER/hr_recruitment_sign/wizard/hr_recruitment_sign_document_wizard.py,HrRecruitmentSignDocumentWizard,hr.recruitment.sign.document.wizard,hr_recruitment_sign_document_wizard,4,4,_compute_applicant_role_id|_compute_responsible_ids|_compute_possible_template_ids|_compute_has_both_template
02 OTHER.zip,website_sale_gelato,02 OTHER/website_sale_gelato/models/product_document.py,ProductDocument,product.document,product_document,1,1,_check_product_is_unpublished_before_removing_print_images
02 OTHER.zip,website_sale_gelato,02 OTHER/website_sale_gelato/models/product_template.py,ProductTemplate,product.template,product_template,1,2,_check_print_images_are_set_before_publishing|action_create_product_variants_from_gelato_template
02 OTHER.zip,l10n_br,02 OTHER/l10n_br/demo/account_demo.py,AccountChartTemplate,account.chart.template,account_chart_template,1,0,
02 OTHER.zip,l10n_br,02 OTHER/l10n_br/wizard/account_move_reversal.py,AccountMoveReversal,account.move.reversal,account_move_reversal,0,1,_compute_document_type
02 OTHER.zip,l10n_br,02 OTHER/l10n_br/models/res_city.py,ResCity,res.city,res_city,1,1,_compute_l10n_br_zip_ranges
02 OTHER.zip,l10n_br,02 OTHER/l10n_br/models/l10n_br_zip_range.py,L10n_BrZipRange,l10n_br.zip.range,l10n_br_zip_range,1,1,_check_range
02 OTHER.zip,l10n_br,02 OTHER/l10n_br/models/account_move.py,AccountMove,account.move,account_move,0,1,_compute_l10n_latam_document_type
02 OTHER.zip,l10n_br,02 OTHER/l10n_br/models/account_journal.py,AccountJournal,account.journal,account_journal,1,1,_compute_display_name
02 OTHER.zip,l10n_br,02 OTHER/l10n_br/models/res_partner_bank.py,ResPartnerBank,res.partner.bank,res_partner_bank,3,4,_check_br_proxy|_compute_country_proxy_keys|_compute_display_qr_setting|_check_for_qr_code_errors
02 OTHER.zip,l10n_br,02 OTHER/l10n_br/models/account_fiscal_position.py,AccountFiscalPosition,account.fiscal.position,account_fiscal_position,1,0,
02 OTHER.zip,l10n_dk,02 OTHER/l10n_dk/models/account_journal.py,AccountJournal,account.journal,account_journal,1,0,
02 OTHER.zip,l10n_dk,02 OTHER/l10n_dk/models/res_partner.py,ResPartner,res.partner,res_partner,2,2,_compute_company_registry|_compute_company_registry_placeholder
02 OTHER.zip,website_appointment,02 OTHER/website_appointment/models/appointment_invite.py,AppointmentInvite,appointment.invite,appointment_invite,3,3,_compute_disable_save_button|_compute_appointment_type_warning_msg|_compute_base_book_url
02 OTHER.zip,website_appointment,02 OTHER/website_appointment/models/website_snippet_filter.py,WebsiteSnippetFilter,website.snippet.filter,website_snippet_filter,1,0,
02 OTHER.zip,website_appointment,02 OTHER/website_appointment/models/appointment_type.py,AppointmentType,appointment.type,appointment_type,1,2,_compute_website_url|action_share_invite
02 OTHER.zip,website_appointment,02 OTHER/website_appointment/models/website_visitor.py,WebsiteVisitor,website.visitor,website_visitor,1,1,_compute_email_phone
02 OTHER.zip,l10n_es_edi_sii,02 OTHER/l10n_es_edi_sii/models/account_move.py,AccountMove,account.move,account_move,1,2,_compute_l10n_es_edi_is_required|_check_edi_documents_for_reset_to_draft
02 OTHER.zip,l10n_es_edi_sii,02 OTHER/l10n_es_edi_sii/models/account_edi_format.py,AccountEdiFormat,account.edi.format,account_edi_format,0,1,_check_move_configuration
02 OTHER.zip,l10n_es_edi_sii,02 OTHER/l10n_es_edi_sii/models/res_company.py,ResCompany,res.company,res_company,1,1,_compute_l10n_es_sii_certificate
02 OTHER.zip,appointment_google_calendar,02 OTHER/appointment_google_calendar/models/calendar_event.py,CalendarEvent,calendar.event,calendar_event,0,1,_compute_videocall_redirection
02 OTHER.zip,appointment_google_calendar,02 OTHER/appointment_google_calendar/models/appointment_type.py,AppointmentType,appointment.type,appointment_type,1,2,_compute_users_wo_google_calendar_msg|_compute_connector_google
02 OTHER.zip,delivery_usps_rest,02 OTHER/delivery_usps_rest/models/delivery_usps.py,ProviderUSPS,delivery.carrier,delivery_carrier,1,1,_compute_can_generate_return
02 OTHER.zip,hr_skills_survey,02 OTHER/hr_skills_survey/models/hr_resume_line.py,HrResumeLine,hr.resume.line,hr_resume_line,1,1,_compute_expiration_status
02 OTHER.zip,delivery_mondialrelay,02 OTHER/delivery_mondialrelay/wizard/choose_delivery_carrier.py,ChooseDeliveryCarrier,choose.delivery.carrier,choose_delivery_carrier,3,4,_compute_is_mondialrelay|_compute_mr_last_selected_id|_compute_mr_allowed_countries|button_confirm
02 OTHER.zip,delivery_mondialrelay,02 OTHER/delivery_mondialrelay/models/sale_order.py,SaleOrder,sale.order,sale_order,0,1,action_confirm
02 OTHER.zip,delivery_mondialrelay,02 OTHER/delivery_mondialrelay/models/delivery_carrier.py,DeliveryCarrier,delivery.carrier,delivery_carrier,1,1,_compute_is_mondialrelay
02 OTHER.zip,delivery_mondialrelay,02 OTHER/delivery_mondialrelay/models/res_partner.py,ResPartner,res.partner,res_partner,2,1,_compute_is_mondialrelay
02 OTHER.zip,website_sale_renting,02 OTHER/website_sale_renting/models/sale_order.py,SaleOrder,sale.order,sale_order,0,1,_check_cart_is_ready_to_be_paid
02 OTHER.zip,website_sale_renting,02 OTHER/website_sale_renting/models/product_template.py,ProductTemplate,product.template,product_template,4,0,
02 OTHER.zip,l10n_ec_reports_ats,02 OTHER/l10n_ec_reports_ats/models/tax_report.py,AccountTaxReportHandler,account.tax.report.handler,account_tax_report_handler,9,0,
02 OTHER.zip,delivery_dhl,02 OTHER/delivery_dhl/models/delivery_dhl.py,DeliveryCarrier,delivery.carrier,delivery_carrier,0,2,_compute_can_generate_return|_compute_supports_shipping_insurance
02 OTHER.zip,l10n_kh,02 OTHER/l10n_kh/models/res_bank.py,ResPartnerBank,res.partner.bank,res_partner_bank,2,4,_check_kh_proxy|_compute_display_qr_setting|_compute_country_proxy_keys|_check_for_qr_code_errors
02 OTHER.zip,hr_payroll_planning,02 OTHER/hr_payroll_planning/models/hr_payslip.py,HrPayslip,hr.payslip,hr_payslip,1,2,_compute_planning_slot_count|action_open_planning_slots
02 OTHER.zip,sale_expense,02 OTHER/sale_expense/models/account_move.py,AccountMove,account.move,account_move,0,2,button_draft|unlink
02 OTHER.zip,sale_expense,02 OTHER/sale_expense/models/hr_expense.py,HrExpense,hr.expense,hr_expense,3,5,_compute_can_be_reinvoiced|_compute_sale_order_id|_onchange_sale_order_id|action_post|action_open_sale_order
02 OTHER.zip,sale_expense,02 OTHER/sale_expense/models/sale_order.py,SaleOrder,sale.order,sale_order,2,1,_compute_expense_count
02 OTHER.zip,sale_expense,02 OTHER/sale_expense/models/product_template.py,ProductTemplate,product.template,product_template,4,3,_compute_expense_policy_tooltip|_compute_visible_expense_policy|_compute_expense_policy
02 OTHER.zip,sale_expense,02 OTHER/sale_expense/models/hr_expense_split.py,HrExpenseSplit,hr.expense.split,hr_expense_split,2,2,_compute_can_be_reinvoiced|_compute_sale_order_id
02 OTHER.zip,hr_work_entry,02 OTHER/hr_work_entry/wizard/hr_work_entry_regeneration_wizard.py,HrWorkEntryRegenerationWizard,hr.work.entry.regeneration.wizard,hr_work_entry_regeneration_wizard,8,7,_compute_date_to|_compute_earliest_available_date|_compute_latest_available_date|_compute_validated_work_entry_employee_ids|_compute_valid|_compute_search_criteria_completed|_check_dates
02 OTHER.zip,hr_work_entry,02 OTHER/hr_work_entry/models/hr_version.py,HrVersion,hr.version,hr_version,5,3,_compute_work_entry_source_calendar_invalid|write|unlink
02 OTHER.zip,hr_work_entry,02 OTHER/hr_work_entry/models/resource_calendar.py,ResourceCalendar,resource.calendar,resource_calendar,1,1,_compute_hours_per_week
02 OTHER.zip,hr_work_entry,02 OTHER/hr_work_entry/models/hr_employee.py,HrEmployee,hr.employee,hr_employee,0,2,_compute_has_work_entries|action_open_work_entries
02 OTHER.zip,hr_work_entry,02 OTHER/hr_work_entry/models/hr_work_entry_type.py,HrWorkEntryType,hr.work.entry.type,hr_work_entry_type,3,4,_check_work_entry_type_country|_check_code_unicity|_compute_is_work|_inverse_is_work
02 OTHER.zip,hr_work_entry,02 OTHER/hr_work_entry/models/hr_work_entry.py,HrWorkEntry,hr.work.entry,hr_work_entry,9,11,_check_duration|_compute_display_name|_compute_name|_compute_conflict|_onchange_version_id|action_validate|action_split|_check_if_error|create|write|unlink
02 OTHER.zip,mass_mailing_event_track,02 OTHER/mass_mailing_event_track/models/event_event.py,EventEvent,event.event,event_event,0,1,action_mass_mailing_track_speakers
02 OTHER.zip,website_sale_subscription,02 OTHER/website_sale_subscription/models/product_template.py,ProductTemplate,product.template,product_template,1,0,
02 OTHER.zip,calendar_sms,02 OTHER/calendar_sms/models/calendar_alarm_manager.py,CalendarAlarm_Manager,calendar.alarm_manager,calendar_alarm_manager,1,0,
02 OTHER.zip,calendar_sms,02 OTHER/calendar_sms/models/calendar_event.py,CalendarEvent,calendar.event,calendar_event,0,1,action_send_sms
02 OTHER.zip,calendar_sms,02 OTHER/calendar_sms/models/calendar_alarm.py,CalendarAlarm,calendar.alarm,calendar_alarm,1,1,_compute_sms_template_id
02 OTHER.zip,google_calendar,02 OTHER/google_calendar/models/google_sync.py,GoogleCalendarSync,google.calendar.sync,google_calendar_sync,6,4,write|create|unlink|_check_any_records_to_sync
02 OTHER.zip,google_calendar,02 OTHER/google_calendar/models/calendar_alarm_manager.py,AlarmManager,calendar.alarm_manager,calendar_alarm_manager,1,0,
02 OTHER.zip,google_calendar,02 OTHER/google_calendar/models/res_users_settings.py,ResUsersSettings,res.users.settings,res_users_settings,1,0,
02 OTHER.zip,google_calendar,02 OTHER/google_calendar/models/calendar.py,CalendarEvent,calendar.event,calendar_event,12,7,_compute_google_id|_compute_videocall_source|create|_check_values_to_sync|write|_check_modify_event_permission|action_mass_archive
02 OTHER.zip,google_calendar,02 OTHER/google_calendar/models/res_users.py,ResUsers,res.users,res_users,3,1,_check_pending_odoo_records
02 OTHER.zip,google_calendar,02 OTHER/google_calendar/models/calendar_recurrence_rule.py,CalendarRecurrence,calendar.recurrence,calendar_recurrence,2,0,
02 OTHER.zip,website_sale_mass_mailing,02 OTHER/website_sale_mass_mailing/models/res_config_settings.py,ResConfigSettings,res.config.settings,res_config_settings,1,1,_compute_is_newsletter_enabled
02 OTHER.zip,l10n_au_hr_payroll_api,02 OTHER/l10n_au_hr_payroll_api/wizard/l10n_au_superstream_cancel.py,L10n_AuSuperStreamCancel,l10n_au.superstream.cancel,l10n_au_superstream_cancel,0,1,action_cancel
02 OTHER.zip,l10n_au_hr_payroll_api,02 OTHER/l10n_au_hr_payroll_api/wizard/l10n_au_payroll_register.py,L10n_AuPayrollRegister,l10n_au.payroll.register.wizard,l10n_au_payroll_register_wizard,1,9,write|_compute_payroll_fields|_compute_attachment_ids|_inverse_stage|_inverse_payroll_responsible|_inverse_authorised|_inverse_journal_id|action_next|action_back
02 OTHER.zip,l10n_au_hr_payroll_api,02 OTHER/l10n_au_hr_payroll_api/models/hr_payslip.py,Payslip,hr.payslip,hr_payslip,0,1,action_payslip_done
02 OTHER.zip,l10n_au_hr_payroll_api,02 OTHER/l10n_au_hr_payroll_api/models/res_groups.py,ResGroups,res.groups,res_groups,1,1,_check_lock_timeout
02 OTHER.zip,l10n_au_hr_payroll_api,02 OTHER/l10n_au_hr_payroll_api/models/res_partner_bank.py,ResPartnerBank,res.partner.bank,res_partner_bank,2,0,
02 OTHER.zip,l10n_au_hr_payroll_api,02 OTHER/l10n_au_hr_payroll_api/models/res_company.py,ResCompany,res.company,res_company,3,6,write|_compute_l10n_au_payroll_proxy_user_id|_compute_l10n_au_employer_registration_id|_compute_l10n_au_employer_registration|action_check_abn|action_view_payroll_onboarding
02 OTHER.zip,l10n_au_hr_payroll_api,02 OTHER/l10n_au_hr_payroll_api/models/l10n_au_superstream.py,L10n_auSuperStream,l10n_au.super.stream,l10n_au_super_stream,0,8,_compute_to_be_replaced|_compute_funds_update|action_update_funds|action_open_payment|action_register_super_payment|action_check_cancelation_type|action_cancel|action_resubmit_failed
02 OTHER.zip,l10n_au_hr_payroll_api,02 OTHER/l10n_au_hr_payroll_api/models/hr_employee.py,HREmployee,hr.employee,hr_employee,1,0,
02 OTHER.zip,l10n_au_hr_payroll_api,02 OTHER/l10n_au_hr_payroll_api/models/res_users.py,ResUsers,res.users,res_users,2,2,write|create
02 OTHER.zip,l10n_au_hr_payroll_api,02 OTHER/l10n_au_hr_payroll_api/models/res_config_settings.py,ResConfigSettings,res.config.settings,res_config_settings,0,1,action_view_payroll_onboarding
02 OTHER.zip,l10n_au_hr_payroll_api,02 OTHER/l10n_au_hr_payroll_api/models/l10n_au_super_fund.py,L10n_AuSuperFund,l10n_au.super.fund,l10n_au_super_fund,1,0,
02 OTHER.zip,l10n_au_hr_payroll_api,02 OTHER/l10n_au_hr_payroll_api/models/l10n_au_stp.py,L10n_AuSTP,l10n_au.stp,l10n_au_stp,0,2,action_pre_submit|action_draft
02 OTHER.zip,l10n_au_hr_payroll_api,02 OTHER/l10n_au_hr_payroll_api/models/l10n_au_audit_log.py,L10n_AuAuditLog,l10n_au.audit.log,l10n_au_audit_log,1,0,
02 OTHER.zip,l10n_au_hr_payroll_api,02 OTHER/l10n_au_hr_payroll_api/models/l10n_au_audit_logging_mixin.py,L10n_AuAuditLoggingMixin,l10n_au.audit.logging.mixin,l10n_au_audit_logging_mixin,2,2,write|create
02 OTHER.zip,l10n_au_hr_payroll_api,02 OTHER/l10n_au_hr_payroll_api/models/l10n_au_employer_registration.py,EmployerRegistration,l10n_au.employer.registration,l10n_au_employer_registration,4,5,create|_compute_display_name|_compute_authorisation_checks|_check_registration_mode|action_confirm
02 OTHER.zip,event_booth,02 OTHER/event_booth/models/event_event.py,EventEvent,event.event,event_event,4,4,_compute_event_booth_ids|_compute_event_booth_count|_compute_event_booth_category_ids|_compute_event_booth_category_available_ids
02 OTHER.zip,event_booth,02 OTHER/event_booth/models/event_type_booth.py,EventTypeBooth,event.type.booth,event_type_booth,1,0,
02 OTHER.zip,event_booth,02 OTHER/event_booth/models/event_booth.py,EventBooth,event.booth,event_booth,5,8,_compute_contact_name|_compute_contact_email|_compute_contact_phone|_compute_is_available|create|write|action_confirm|_action_post_confirm
02 OTHER.zip,pos_self_order_stripe,02 OTHER/pos_self_order_stripe/models/pos_payment_method.py,PosPaymentMethod,pos.payment.method,pos_payment_method,1,0,
02 OTHER.zip,pos_self_order_stripe,02 OTHER/pos_self_order_stripe/controllers/orders.py,PosSelfOrderControllerStripe,,,2,0,
02 OTHER.zip,pos_settle_due,02 OTHER/pos_settle_due/models/account_move.py,AccountMove,account.move,account_move,3,1,_compute_pos_amount_unsettled
02 OTHER.zip,pos_settle_due,02 OTHER/pos_settle_due/models/pos_session.py,PosSession,pos.session,pos_session,1,0,
02 OTHER.zip,pos_settle_due,02 OTHER/pos_settle_due/models/pos_config.py,PosConfig,pos.config,pos_config,1,0,
02 OTHER.zip,pos_settle_due,02 OTHER/pos_settle_due/models/pos_order_line.py,PosOrderLine,pos.order.line,pos_order_line,1,0,
02 OTHER.zip,pos_settle_due,02 OTHER/pos_settle_due/models/ir_ui_view.py,IrUiView,ir.ui.view,ir_ui_view,2,0,
02 OTHER.zip,pos_settle_due,02 OTHER/pos_settle_due/models/res_company.py,ResCompany,res.company,res_company,1,0,
02 OTHER.zip,pos_settle_due,02 OTHER/pos_settle_due/models/res_partner.py,ResPartner,res.partner,res_partner,2,3,_compute_pos_orders_amount_due|_compute_invoices_amount_due|_compute_has_moves
02 OTHER.zip,pos_settle_due,02 OTHER/pos_settle_due/models/pos_order.py,PosOrder,pos.order,pos_order,2,3,_compute_customer_due_total|_compute_settled_orders_count|action_view_settled_orders
02 OTHER.zip,stock_delivery,02 OTHER/stock_delivery/wizard/choose_delivery_carrier.py,ChooseDeliveryCarrier,choose.delivery.carrier,choose_delivery_carrier,1,1,_compute_invoicing_message
02 OTHER.zip,stock_delivery,02 OTHER/stock_delivery/wizard/stock_put_in_pack.py,StockPutInPack,stock.put.in.pack,stock_put_in_pack,2,3,_compute_weight_uom_name|_compute_shipping_weight|_onchange_package_type_weight
02 OTHER.zip,stock_delivery,02 OTHER/stock_delivery/models/stock_package.py,StockPackage,stock.package,stock_package,1,3,_compute_weight|_compute_weight_uom_name|_compute_weight_is_kg
02 OTHER.zip,stock_delivery,02 OTHER/stock_delivery/models/stock_move.py,StockMove,stock.move,stock_move,1,0,
02 OTHER.zip,stock_delivery,02 OTHER/stock_delivery/models/stock_move.py,StockMoveLine,stock.move.line,stock_move_line,1,1,_compute_sale_price
02 OTHER.zip,stock_delivery,02 OTHER/stock_delivery/models/stock_picking.py,StockPicking,stock.picking,stock_picking,4,7,_compute_weight_uom_name|_compute_allowed_carrier_ids|_compute_carrier_tracking_url|_compute_return_picking|_compute_return_label|button_validate|_check_carrier_details_compliance
02 OTHER.zip,stock_delivery,02 OTHER/stock_delivery/models/stock_package_type.py,StockPackageType,stock.package.type,stock_package_type,2,2,_onchange_carrier_type|_compute_length_uom_name
02 OTHER.zip,l10n_uk_reports_cis,02 OTHER/l10n_uk_reports_cis/wizard/monthly_return_wizard.py,MontlhyReturnWizard,cis.monthly.return.wizard,cis_monthly_return_wizard,2,1,action_send_montlhy_return
02 OTHER.zip,l10n_uk_reports_cis,02 OTHER/l10n_uk_reports_cis/models/account_move.py,AccountMove,account.move,account_move,2,2,_compute_l10n_uk_cis_wrong_taxes|_compute_l10n_uk_cis_inactive_partner
02 OTHER.zip,l10n_uk_reports_cis,02 OTHER/l10n_uk_reports_cis/models/hmrc_transaction.py,HmrcTransaction,l10n_uk.hmrc.transaction,l10n_uk_hmrc_transaction,1,0,
02 OTHER.zip,l10n_uk_reports_cis,02 OTHER/l10n_uk_reports_cis/models/res_partner.py,ResPartner,res.partner,res_partner,5,5,_check_l10n_uk_reports_cis_verification_number|_check_partner_l10n_uk_reports_cis_forename|_check_partner_l10n_uk_reports_cis_surname|_compute_l10n_uk_reports_cis_deduction_rate|_compute_l10n_uk_cis_name_fields
02 OTHER.zip,l10n_uk_reports_cis,02 OTHER/l10n_uk_reports_cis/models/tax_report.py,BritishCISTaxReportCustomHandler,cis.tax.report.handler,cis_tax_report_handler,0,3,action_open_monthly_return_wizard|action_refresh_hmrc_request|action_open_partners_view_with_unregistered_cis
02 OTHER.zip,l10n_se_sie4_import,02 OTHER/l10n_se_sie4_import/wizard/import_wizard.py,SIE4ImportWizard,l10n_se_sie4_import.wizard,l10n_se_sie4_import_wizard,3,1,action_import_sie4
02 OTHER.zip,pos_hr,02 OTHER/pos_hr/wizard/pos_daily_sales_reports.py,PosDailySalesReportsWizard,pos.daily.sales.reports.wizard,pos_daily_sales_reports_wizard,2,2,_compute_employee_ids|_onchange_pos_session_id
02 OTHER.zip,pos_hr,02 OTHER/pos_hr/models/pos_session.py,PosSession,pos.session,pos_session,1,0,
02 OTHER.zip,pos_hr,02 OTHER/pos_hr/models/pos_config.py,PosConfig,pos.config,pos_config,3,4,write|_onchange_minimal_employee_ids|_onchange_basic_employee_ids|_onchange_advanced_employee_ids
02 OTHER.zip,pos_hr,02 OTHER/pos_hr/models/product_product.py,ProductProduct,product.product,product_product,1,0,
02 OTHER.zip,pos_hr,02 OTHER/pos_hr/models/hr_employee.py,HrEmployee,hr.employee,hr_employee,3,0,
02 OTHER.zip,pos_hr,02 OTHER/pos_hr/models/res_config_settings.py,ResConfigSettings,res.config.settings,res_config_settings,4,4,create|_onchange_minimal_employee_ids|_onchange_basic_employee_ids|_onchange_advanced_employee_ids
02 OTHER.zip,pos_hr,02 OTHER/pos_hr/models/pos_payment.py,PosPayment,pos.payment,pos_payment,1,1,_compute_cashier
02 OTHER.zip,pos_hr,02 OTHER/pos_hr/models/single_employee_sales_report.py,ReportPos_HrSingle_Employee_Sales_Report,report.pos_hr.single_employee_sales_report,report_pos_hr_single_employee_sales_report,1,0,
02 OTHER.zip,pos_hr,02 OTHER/pos_hr/models/pos_order.py,PosOrder,pos.order,pos_order,1,1,_compute_cashier
02 OTHER.zip,link_tracker,02 OTHER/link_tracker/models/mail_render_mixin.py,MailRenderMixin,mail.render.mixin,mail_render_mixin,2,0,
02 OTHER.zip,link_tracker,02 OTHER/link_tracker/models/utm.py,UtmCampaign,utm.campaign,utm_campaign,0,1,_compute_clicks_count
02 OTHER.zip,link_tracker,02 OTHER/link_tracker/models/link_tracker.py,LinkTracker,link.tracker,link_tracker,12,11,_compute_absolute_url|_compute_count|_compute_short_url|_compute_short_url_host|_compute_code|_inverse_code|_compute_redirected_url|_check_unicity|create|action_view_statistics|action_visit_page
02 OTHER.zip,link_tracker,02 OTHER/link_tracker/models/link_tracker.py,LinkTrackerCode,link.tracker.code,link_tracker_code,1,0,
02 OTHER.zip,link_tracker,02 OTHER/link_tracker/models/link_tracker.py,LinkTrackerClick,link.tracker.click,link_tracker_click,1,0,
02 OTHER.zip,sale_gelato,02 OTHER/sale_gelato/models/sale_order.py,SaleOrder,sale.order,sale_order,0,2,action_open_delivery_wizard|action_confirm
02 OTHER.zip,sale_gelato,02 OTHER/sale_gelato/models/sale_order_line.py,SaleOrderLine,sale.order.line,sale_order_line,1,2,create|write
02 OTHER.zip,sale_gelato,02 OTHER/sale_gelato/models/product_template.py,ProductTemplate,product.template,product_template,2,4,_compute_gelato_product_uid|_inverse_gelato_product_uid|_compute_gelato_missing_images|action_sync_gelato_template_info
02 OTHER.zip,l10n_be_codabox,02 OTHER/l10n_be_codabox/wizard/connection_wizard.py,L10n_Be_CodaboxConnectionWizard,l10n_be_codabox.connection.wizard,l10n_be_codabox_connection_wizard,0,2,_compute_company_vat|_compute_show_fidu_password
02 OTHER.zip,l10n_be_codabox,02 OTHER/l10n_be_codabox/models/res_company.py,ResCompany,res.company,res_company,3,3,_compute_l10n_be_codabox_company_vat|_compute_l10n_be_codabox_fiduciary_vat|_compute_l10n_be_codabox_is_connected
02 OTHER.zip,appointment,02 OTHER/appointment/wizard/appointment_manage_leaves.py,AppointmentManageLeaves,appointment.manage.leaves,appointment_manage_leaves,0,1,action_create_leave
02 OTHER.zip,appointment,02 OTHER/appointment/models/appointment_booking_line.py,AppointmentBookingLine,appointment.booking.line,appointment_booking_line,3,3,_check_user_or_resource_set|_check_user_or_resource_match_appointment_type|_compute_capacity_used
02 OTHER.zip,appointment,02 OTHER/appointment/models/calendar_attendee.py,CalendarAttendee,calendar.attendee,calendar_attendee,0,1,_compute_mail_tz
02 OTHER.zip,appointment,02 OTHER/appointment/models/appointment_invite.py,AppointmentInvite,appointment.invite,appointment_invite,19,20,_compute_disable_save_button|_check_short_code_format|_compute_schedule_based_on|_compute_appointment_type_info_msg|_compute_appointment_type_count|_compute_base_book_url|_compute_calendar_event_count|_compute_short_code_warning|_compute_resources_choice|_compute_resource_ids|_compute_staff_user_ids|_compute_suggested_resource_count
02 OTHER.zip,appointment,02 OTHER/appointment/models/appointment_resource.py,AppointmentResource,appointment.resource,appointment_resource,2,3,_compute_linked_resource_ids|_inverse_linked_resource_ids|_compute_display_name
02 OTHER.zip,appointment,02 OTHER/appointment/models/appointment_question.py,AppointmentQuestion,appointment.question,appointment_question,3,5,_check_question_type|_compute_appointment_count|_compute_is_reusable|action_view_question_answer_inputs|action_view_appointment_types
02 OTHER.zip,appointment,02 OTHER/appointment/models/ir_ui_view.py,IrUiView,ir.ui.view,ir_ui_view,1,0,
02 OTHER.zip,appointment,02 OTHER/appointment/models/calendar_event.py,CalendarEvent,calendar.event,calendar_event,15,20,_check_resource_and_appointment_type|_check_status_and_appointment_type|_check_organizer_validation_conditions|_compute_alarm_ids|_compute_appointment_status|_compute_name|_compute_resource_ids|_compute_unavailable_resource_ids|_compute_total_capacity|_compute_videocall_redirection|_compute_videocall_source|_compute_is_highlighted
02 OTHER.zip,appointment,02 OTHER/appointment/models/appointment_slot.py,AppointmentSlot,appointment.slot,appointment_slot,8,8,_compute_duration|_compute_slot_type|_compute_end_hour|_check_delta_hours|_check_unique_slot_has_datetime|_compute_display_name|_compute_restrict_to_resource_ids|_compute_restrict_to_user_ids
02 OTHER.zip,appointment,02 OTHER/appointment/models/appointment_type.py,AppointmentType,appointment.type,appointment_type,33,33,_compute_appointment_counts|_compute_appointment_duration_formatted|_compute_appointment_invite_count|_compute_assignment_method|_onchange_assignment_method|_compute_show_avatars|_compute_category|_inverse_category|_compute_category_slot_scheduling|_onchange_category_slot_scheduling|_compute_category_time_display|_onchange_category_time_display
02 OTHER.zip,appointment,02 OTHER/appointment/models/res_partner.py,ResPartner,res.partner,res_partner,0,1,_compute_upcoming_appointment_ids
02 OTHER.zip,appointment,02 OTHER/appointment/controllers/appointment.py,AppointmentController,,,7,1,_check_appointment_is_valid_slot
02 OTHER.zip,l10n_be_hr_payroll_prisma,02 OTHER/l10n_be_hr_payroll_prisma/models/res_company.py,ResCompany,res.company,res_company,1,1,_check_prisma_code
02 OTHER.zip,l10n_be_hr_payroll_prisma,02 OTHER/l10n_be_hr_payroll_prisma/models/hr_employee.py,HrEmployee,hr.employee,hr_employee,1,1,_check_prisma_code
02 OTHER.zip,l10n_be_hr_payroll_prisma,02 OTHER/l10n_be_hr_payroll_prisma/models/hr_work_entry_type.py,HrWorkEntryType,hr.work.entry.type,hr_work_entry_type,1,1,_check_prisma_code
02 OTHER.zip,l10n_be_hr_payroll_prisma,02 OTHER/l10n_be_hr_payroll_prisma/models/hr_payroll_export_prisma.py,L10nBeHrPayrollExportPrisma,l10n.be.hr.payroll.export.prisma,l10n_be_hr_payroll_export_prisma,1,0,
02 OTHER.zip,hr_recruitment_survey,02 OTHER/hr_recruitment_survey/wizard/survey_invite.py,SurveyInvite,survey.invite,survey_invite,0,1,action_invite
02 OTHER.zip,hr_recruitment_survey,02 OTHER/hr_recruitment_survey/models/hr_job.py,HrJob,hr.job,hr_job,0,2,action_test_survey|action_new_survey
02 OTHER.zip,hr_recruitment_survey,02 OTHER/hr_recruitment_survey/models/survey_survey.py,SurveySurvey,survey.survey,survey_survey,2,2,_compute_allowed_survey_types|action_survey_user_input_completed
02 OTHER.zip,hr_recruitment_survey,02 OTHER/hr_recruitment_survey/models/hr_applicant.py,HrApplicant,hr.applicant,hr_applicant,0,2,action_print_survey|action_send_survey
02 OTHER.zip,website_customer,02 OTHER/website_customer/models/res_partner.py,ResPartnerTag,res.partner.tag,res_partner_tag,1,0,
02 OTHER.zip,website_customer,02 OTHER/website_customer/controllers/main.py,WebsiteCustomer,,,2,0,
02 OTHER.zip,esg_hr_fleet,02 OTHER/esg_hr_fleet/wizard/employee_commuting_emissions_wizard.py,EmployeeCommutingEmissionsWizard,employee.commuting.emissions.wizard,employee_commuting_emissions_wizard,1,3,_compute_conflicting_emission_ids|action_save|action_see_conflicting_emissions
02 OTHER.zip,l10n_se_returns,02 OTHER/l10n_se_returns/wizard/vat_return_submission_wizard.py,SwedishVatReturnXmlExport,l10n_se_returns.vat.return.submission.wizard,l10n_se_returns_vat_return_submission_wizard,0,1,action_proceed_with_submission
02 OTHER.zip,l10n_se_returns,02 OTHER/l10n_se_returns/wizard/ec_sales_list_submission_wizard.py,SwedishEcSalesListSubmissionWizard,l10n_se_returns.ec.sales.list.submission.wizard,l10n_se_returns_ec_sales_list_submission_wizard,0,1,action_proceed_with_submission
02 OTHER.zip,l10n_se_returns,02 OTHER/l10n_se_returns/models/account_return_type.py,AccountReturnType,account.return.type,account_return_type,1,0,
02 OTHER.zip,l10n_se_returns,02 OTHER/l10n_se_returns/models/account_return.py,AccountReturn,account.return,account_return,0,1,action_submit
02 OTHER.zip,web_cohort,02 OTHER/web_cohort/models/models.py,Base,base,base,1,0,
02 OTHER.zip,payment_redsys,02 OTHER/payment_redsys/models/payment_transaction.py,PaymentTransaction,payment.transaction,payment_transaction,2,2,create|_compute_reference
02 OTHER.zip,test_mail_sms,02 OTHER/test_mail_sms/models/test_mail_sms_models.py,MailTestSmsBl,mail.test.sms.bl,mail_test_sms_bl,1,1,_compute_phone_nbr
02 OTHER.zip,appointment_google_reserve,02 OTHER/appointment_google_reserve/models/resource_calendar_leaves.py,ResourceCalendarLeaves,resource.calendar.leaves,resource_calendar_leaves,1,2,create|write
02 OTHER.zip,appointment_google_reserve,02 OTHER/appointment_google_reserve/models/google_reserve_merchant.py,GoogleReserveMerchant,google.reserve.merchant,google_reserve_merchant,2,2,_check_location|write
02 OTHER.zip,appointment_google_reserve,02 OTHER/appointment_google_reserve/models/appointment_resource.py,AppointmentResource,appointment.resource,appointment_resource,0,1,write
02 OTHER.zip,appointment_google_reserve,02 OTHER/appointment_google_reserve/models/calendar_event.py,CalendarEvent,calendar.event,calendar_event,1,2,create|write
02 OTHER.zip,appointment_google_reserve,02 OTHER/appointment_google_reserve/models/appointment_type.py,AppointmentType,appointment.type,appointment_type,4,7,_check_appointment_category_for_google_reserve|_check_google_reserve_fields|_compute_is_auto_assign|create|write|action_google_reserve_enable|action_google_reserve_disable
02 OTHER.zip,l10n_mx_edi_pos,02 OTHER/l10n_mx_edi_pos/wizard/l10n_mx_edi_global_invoice_create.py,L10n_Mx_EdiGlobal_InvoiceCreate,l10n_mx_edi.global_invoice.create,l10n_mx_edi_global_invoice_create,1,1,action_create_global_invoice
02 OTHER.zip,l10n_mx_edi_pos,02 OTHER/l10n_mx_edi_pos/models/account_move.py,AccountMove,account.move,account_move,1,1,_compute_l10n_mx_edi_payment_method_id
02 OTHER.zip,l10n_mx_edi_pos,02 OTHER/l10n_mx_edi_pos/models/account_move_line.py,AccountMoveLine,account.move.line,account_move_line,0,1,_compute_account_id
02 OTHER.zip,l10n_mx_edi_pos,02 OTHER/l10n_mx_edi_pos/models/pos_config.py,PosConfig,pos.config,pos_config,1,0,
02 OTHER.zip,l10n_mx_edi_pos,02 OTHER/l10n_mx_edi_pos/models/pos_order_line.py,PosOrderLine,pos.order.line,pos_order_line,1,0,
02 OTHER.zip,l10n_mx_edi_pos,02 OTHER/l10n_mx_edi_pos/models/pos_payment_method.py,PosPaymentMethod,pos.payment.method,pos_payment_method,1,1,_compute_l10n_mx_edi_payment_method_id
02 OTHER.zip,l10n_mx_edi_pos,02 OTHER/l10n_mx_edi_pos/models/res_partner.py,ResPartner,res.partner,res_partner,1,0,
02 OTHER.zip,l10n_mx_edi_pos,02 OTHER/l10n_mx_edi_pos/models/pos_order.py,PosOrder,pos.order,pos_order,9,7,action_pos_order_invoice|_compute_l10n_mx_edi_is_cfdi_needed|_compute_l10n_mx_edi_cfdi_state_and_attachment|_compute_l10n_mx_edi_cfdi_to_public|_compute_l10n_mx_edi_update_sat_needed|_compute_l10n_mx_edi_cfdi_uuid|_compute_l10n_mx_edi_payment_method_id
02 OTHER.zip,l10n_mx_edi_pos,02 OTHER/l10n_mx_edi_pos/models/l10n_mx_edi_document.py,L10n_Mx_EdiDocument,l10n_mx_edi.document,l10n_mx_edi_document,4,1,action_show_document
02 OTHER.zip,pos_self_order_qfpay,02 OTHER/pos_self_order_qfpay/models/pos_payment_method.py,PosPaymentMethod,pos.payment.method,pos_payment_method,2,0,
02 OTHER.zip,l10n_se_sie4_export,02 OTHER/l10n_se_sie4_export/models/account_general_ledger.py,GeneralLedgerCustomHandler,account.general.ledger.report.handler,account_general_ledger_report_handler,9,0,
02 OTHER.zip,hr_holidays_attendance,02 OTHER/hr_holidays_attendance/models/hr_leave.py,HrLeave,hr.leave,hr_leave,4,7,_compute_overtime_deductible|create|write|_compute_employee_overtime|_check_overtime_deductible|action_reset_confirm|action_approve
02 OTHER.zip,hr_holidays_attendance,02 OTHER/hr_holidays_attendance/models/resource_calendar_leaves.py,ResourceCalendarLeaves,resource.calendar.leaves,resource_calendar_leaves,1,3,create|write|unlink
02 OTHER.zip,hr_holidays_attendance,02 OTHER/hr_holidays_attendance/models/hr_leave_accrual_plan_level.py,HrLeaveAccrualLevel,hr.leave.accrual.level,hr_leave_accrual_level,2,2,_check_worked_hours|_compute_frequency
02 OTHER.zip,hr_holidays_attendance,02 OTHER/hr_holidays_attendance/models/hr_leave_allocation.py,HrLeaveAllocation,hr.leave.allocation,hr_leave_allocation,4,5,_compute_overtime_deductible|_compute_employee_overtime|create|write|action_refuse
02 OTHER.zip,hr_holidays_attendance,02 OTHER/hr_holidays_attendance/models/hr_leave_type.py,HrLeaveType,hr.leave.type,hr_leave_type,2,1,_compute_display_name
02 OTHER.zip,hr_holidays_attendance,02 OTHER/hr_holidays_attendance/report/hr_leave_attendance_report.py,HrLeaveAttendanceReport,hr.leave.attendance.report,hr_leave_attendance_report,1,2,_compute_display_name|_compute_leave_attendance_fields
02 OTHER.zip,l10n_jo_edi_pos,02 OTHER/l10n_jo_edi_pos/models/account_move.py,AccountMove,account.move,account_move,0,1,_compute_l10n_jo_edi_is_needed
02 OTHER.zip,l10n_jo_edi_pos,02 OTHER/l10n_jo_edi_pos/models/res_company.py,ResCompany,res.company,res_company,1,0,
02 OTHER.zip,l10n_jo_edi_pos,02 OTHER/l10n_jo_edi_pos/models/pos_payment_method.py,PosPaymentMethod,pos.payment.method,pos_payment_method,1,1,_compute_l10n_jo_edi_pos_is_cash
02 OTHER.zip,l10n_jo_edi_pos,02 OTHER/l10n_jo_edi_pos/models/pos_order.py,PosOrder,pos.order,pos_order,3,5,_compute_l10n_jo_edi_pos_uuid|_onchange_l10n_jo_edi_pos_state|action_pos_order_paid|button_l10n_jo_edi_pos|_compute_l10n_jo_edi_pos_computed_xml
02 OTHER.zip,databases,02 OTHER/databases/wizard/project_template_create_wizard.py,ProjectTemplateCreateWizard,project.template.create.wizard,project_template_create_wizard,1,1,action_open_template_view
02 OTHER.zip,databases,02 OTHER/databases/wizard/databases_manage_users_wizard.py,DatabasesInviteUsersWizard,databases.manage_users.wizard,databases_manage_users_wizard,3,5,_compute_summary_message|_compute_everywhere_user_ids|_compute_removable_user_ids|action_invite_users|action_remove_users
02 OTHER.zip,databases,02 OTHER/databases/wizard/databases_synchronization_wizard.py,DatabasesSynchronizationWizard,databases.synchronization.wizard,databases_synchronization_wizard,1,2,_compute_summary_message|action_add_metrics_to_dashboard
02 OTHER.zip,databases,02 OTHER/databases/models/databases_user.py,DatabasesUser,databases.user,databases_user,1,3,_compute_local_user_id|action_invite_users|action_remove_users
02 OTHER.zip,databases,02 OTHER/databases/models/res_users.py,ResUsers,res.users,res_users,0,1,action_remove_from_all_database
02 OTHER.zip,databases,02 OTHER/databases/models/project_project.py,ProjectProject,project.project,project_project,10,12,_compute_database_api_key_to_use|_compute_database_kpi_base_definition_id|_compute_database_nb_users|_compute_database_can_access|_onchange_database_url|create|action_open_self|action_synchronize_all_databases|action_database_synchronize|action_database_connect|action_database_invite_users|action_database_remove_users
02 OTHER.zip,l10n_au,02 OTHER/l10n_au/models/res_partner_bank.py,ResPartnerBank,res.partner.bank,res_partner_bank,3,1,_compute_acc_type
02 OTHER.zip,l10n_au,02 OTHER/l10n_au/models/account_payment.py,AccountPayment,account.payment,account_payment,1,1,_compute_payment_receipt_title
02 OTHER.zip,sale_timesheet_enterprise,02 OTHER/sale_timesheet_enterprise/wizard/edit_billable_time_target.py,EditBillableTimeTarget,edit.billable.time.target,edit_billable_time_target,0,1,write
02 OTHER.zip,sale_timesheet_enterprise,02 OTHER/sale_timesheet_enterprise/wizard/sale_advance_payment_inv.py,SaleAdvancePaymentInv,sale.advance.payment.inv,sale_advance_payment_inv,1,1,_compute_has_timer_running
02 OTHER.zip,sale_timesheet_enterprise,02 OTHER/sale_timesheet_enterprise/models/account_move_line.py,AccountMoveLine,account.move.line,account_move_line,1,0,
02 OTHER.zip,sale_timesheet_enterprise,02 OTHER/sale_timesheet_enterprise/models/sale_order_line.py,SaleOrderLine,sale.order.line,sale_order_line,1,1,_compute_qty_delivered
02 OTHER.zip,sale_timesheet_enterprise,02 OTHER/sale_timesheet_enterprise/models/res_company.py,ResCompany,res.company,res_company,1,0,
02 OTHER.zip,sale_timesheet_enterprise,02 OTHER/sale_timesheet_enterprise/models/hr_employee.py,HrEmployee,hr.employee,hr_employee,1,0,
02 OTHER.zip,sale_timesheet_enterprise,02 OTHER/sale_timesheet_enterprise/models/hr_employee.py,HREmployeePublic,hr.employee.public,hr_employee_public,0,1,_compute_billable_time_target
02 OTHER.zip,sale_timesheet_enterprise,02 OTHER/sale_timesheet_enterprise/models/hr_timesheet_tip.py,HrTimesheetTip,hr.timesheet.tip,hr_timesheet_tip,1,0,
02 OTHER.zip,sale_timesheet_enterprise,02 OTHER/sale_timesheet_enterprise/models/project_task.py,ProjectTask,project.task,project_task,1,1,_compute_project_sharing_timesheets
02 OTHER.zip,sale_timesheet_enterprise,02 OTHER/sale_timesheet_enterprise/models/res_config_settings.py,ResConfigSettings,res.config.settings,res_config_settings,1,1,_onchange_timesheet_show_rates
02 OTHER.zip,sale_timesheet_enterprise,02 OTHER/sale_timesheet_enterprise/models/project_project.py,ProjectProject,project.project,project_project,0,1,action_profitability_items
02 OTHER.zip,sale_timesheet_enterprise,02 OTHER/sale_timesheet_enterprise/models/account_analytic_line.py,AccountAnalyticLine,account.analytic.line,account_analytic_line,2,4,_compute_display_timer|_compute_so_line|_compute_can_validate|action_invalidate_timesheet
02 OTHER.zip,test_marketing_automation,02 OTHER/test_marketing_automation/models/test_models.py,MarketingTestPerformance,marketing.test.performance,marketing_test_performance,1,1,_compute_from_customer
02 OTHER.zip,test_marketing_automation,02 OTHER/test_marketing_automation/models/test_models.py,MarketingTestSms,marketing.test.sms,marketing_test_sms,1,1,_compute_from_customer
02 OTHER.zip,pos_tyro,02 OTHER/pos_tyro/models/pos_payment_method.py,PosPaymentMethod,pos.payment.method,pos_payment_method,1,2,action_pair_tyro_terminal|action_get_tyro_report
02 OTHER.zip,pos_restaurant_preparation_display,02 OTHER/pos_restaurant_preparation_display/models/restaurant_order_course.py,RestaurantOrderCourse,restaurant.order.course,restaurant_order_course,1,0,
02 OTHER.zip,pos_restaurant_preparation_display,02 OTHER/pos_restaurant_preparation_display/models/pos_prep_order.py,PosPrepOrder,pos.prep.order,pos_prep_order,8,2,create|_compute_order_name
02 OTHER.zip,pos_restaurant_preparation_display,02 OTHER/pos_restaurant_preparation_display/models/pos_config.py,PosConfig,pos.config,pos_config,1,0,
02 OTHER.zip,pos_restaurant_preparation_display,02 OTHER/pos_restaurant_preparation_display/models/restaurant_table.py,PosOrder,restaurant.table,restaurant_table,1,0,
02 OTHER.zip,pos_restaurant_preparation_display,02 OTHER/pos_restaurant_preparation_display/models/pos_order.py,PosOrder,pos.order,pos_order,1,0,
02 OTHER.zip,l10n_ar,02 OTHER/l10n_ar/demo/account_demo.py,AccountChartTemplate,account.chart.template,account_chart_template,2,0,
02 OTHER.zip,l10n_ar,02 OTHER/l10n_ar/models/account_move.py,AccountMove,account.move,account_move,10,8,_check_moves_use_documents|_check_invoice_type_document_type|_compute_l10n_ar_afip_concept|_check_argentinean_invoice_taxes|_onchange_afip_responsibility|_onchange_partner_journal|_compute_l10n_latam_document_type|_inverse_l10n_latam_document_number
02 OTHER.zip,l10n_ar,02 OTHER/l10n_ar/models/account_journal.py,AccountJournal,account.journal,account_journal,6,6,_compute_l10n_ar_is_pos|_compute_l10n_ar_afip_pos_system|_check_afip_pos_system|_check_afip_pos_number|_onchange_set_short_name|write
02 OTHER.zip,l10n_ar,02 OTHER/l10n_ar/models/res_partner_bank.py,ResPartnerBank,res.partner.bank,res_partner_bank,2,0,
02 OTHER.zip,l10n_ar,02 OTHER/l10n_ar/models/res_company.py,ResCompany,res.company,res_company,2,2,_compute_l10n_ar_company_requires_vat|write
02 OTHER.zip,l10n_ar,02 OTHER/l10n_ar/models/account_chart_template.py,AccountChartTemplate,account.chart.template,account_chart_template,1,0,
02 OTHER.zip,l10n_ar,02 OTHER/l10n_ar/models/res_partner.py,ResPartner,res.partner,res_partner,3,2,_compute_l10n_ar_formatted_vat|_compute_l10n_ar_vat
02 OTHER.zip,pos_sms,02 OTHER/pos_sms/models/pos_order.py,PosOrder,pos.order,pos_order,0,1,action_sent_message_on_sms
02 OTHER.zip,portal_rating,02 OTHER/portal_rating/models/rating_rating.py,RatingRating,rating.rating,rating_rating,1,3,create|write|_check_synchronize_publisher_values
02 OTHER.zip,hr_payroll_holidays,02 OTHER/hr_payroll_holidays/models/hr_leave.py,HrLeave,hr.leave,hr_leave,1,9,_compute_can_back_to_approve|_action_validate|action_refuse|_action_user_cancel|action_reset_confirm|action_report_to_next_month|_check_leave_in_payslip|_check_uncovered_by_validated_payslip|write
02 OTHER.zip,hr_payroll_holidays,02 OTHER/hr_payroll_holidays/models/hr_payslip.py,HrPayslip,hr.payslip,hr_payslip,1,0,
02 OTHER.zip,hr_payroll_holidays,02 OTHER/hr_payroll_holidays/models/mail_activity_type.py,MailActivityType,mail.activity.type,mail_activity_type,1,0,
02 OTHER.zip,hr_payroll_holidays,02 OTHER/hr_payroll_holidays/models/mail_activity.py,MailActivity,mail.activity,mail_activity,0,1,_action_done
02 OTHER.zip,delivery_fedex,02 OTHER/delivery_fedex/models/delivery_fedex.py,DeliveryCarrier,delivery.carrier,delivery_carrier,1,2,_compute_can_generate_return|_compute_supports_shipping_insurance
02 OTHER.zip,hr_payroll_account_iso20022,02 OTHER/hr_payroll_account_iso20022/models/hr_payslip_run.py,HrPayslipRun,hr.payslip.run,hr_payslip_run,0,1,action_payment_report
02 OTHER.zip,hr_payroll_account_iso20022,02 OTHER/hr_payroll_account_iso20022/models/hr_payslip.py,HrPayslip,hr.payslip,hr_payslip,0,1,action_payslip_payment_report
02 OTHER.zip,website_knowledge,02 OTHER/website_knowledge/models/knowledge_article.py,KnowledgeArticle,knowledge.article,knowledge_article,3,3,_compute_summary|_compute_website_url|write
02 OTHER.zip,purchase_requisition_sale,02 OTHER/purchase_requisition_sale/wizard/purchase_requisition_create_alternative.py,PurchaseRequisitionCreateAlternative,purchase.requisition.create.alternative,purchase_requisition_create_alternative,1,0,
02 OTHER.zip,base_install_request,02 OTHER/base_install_request/wizard/base_module_install_request.py,BaseModuleInstallRequest,base.module.install.request,base_module_install_request,1,2,_compute_user_ids|action_send_request
02 OTHER.zip,base_install_request,02 OTHER/base_install_request/wizard/base_module_install_request.py,BaseModuleInstallReview,base.module.install.review,base_module_install_review,2,2,_compute_modules_description|action_install_module
02 OTHER.zip,base_install_request,02 OTHER/base_install_request/models/ir_module_module.py,IrModuleModule,ir.module.module,ir_module_module,0,1,action_open_install_request
02 OTHER.zip,industry_fsm_stock,02 OTHER/industry_fsm_stock/wizard/fsm_stock_tracking.py,FsmStockTracking,fsm.stock.tracking,fsm_stock_tracking,1,1,_compute_is_same_warehouse
02 OTHER.zip,industry_fsm_stock,02 OTHER/industry_fsm_stock/wizard/fsm_stock_tracking.py,FsmStockTrackingLine,fsm.stock.tracking.line,fsm_stock_tracking_line,1,1,_compute_warehouse
02 OTHER.zip,industry_fsm_stock,02 OTHER/industry_fsm_stock/models/sale_order_line.py,SaleOrderLine,sale.order.line,sale_order_line,0,1,_action_launch_stock_rule
02 OTHER.zip,industry_fsm_stock,02 OTHER/industry_fsm_stock/models/project_task.py,ProjectTask,project.task,project_task,0,4,_compute_stock_move_customer_product_total|action_fsm_pick_up|action_fsm_view_material|action_fsm_validate
02 OTHER.zip,industry_fsm_stock,02 OTHER/industry_fsm_stock/models/product.py,ProductProduct,product.product,product_product,4,6,_compute_serial_missing|_compute_quantity_decreasable|_inverse_fsm_quantity|write|action_assign_serial|action_product_forecast_report
02 OTHER.zip,pos_viva_com,02 OTHER/pos_viva_com/models/pos_payment_method.py,PosPaymentMethod,pos.payment.method,pos_payment_method,2,4,_compute_viva_com_webhook_endpoint|write|create|_check_viva_com_credentials
02 OTHER.zip,l10n_ca_check_printing,02 OTHER/l10n_ca_check_printing/report/print_check.py,AccountPayment,account.payment,account_payment,0,1,_check_build_page_info
02 OTHER.zip,hr_expense_stripe,02 OTHER/hr_expense_stripe/wizard/hr_expense_stripe_card_receive_wizard.py,HrExpenseStripeCardReceiveWizard,hr.expense.stripe.card.receive.wizard,hr_expense_stripe_card_receive_wizard,1,2,_compute_show_warning_wrong_last_4|action_receive_card
02 OTHER.zip,hr_expense_stripe,02 OTHER/hr_expense_stripe/wizard/hr_expense_stripe_cardholder_wizard.py,HrExpenseStripeCardholderWizard,hr.expense.stripe.cardholder.wizard,hr_expense_stripe_cardholder_wizard,1,1,action_save_cardholder
02 OTHER.zip,hr_expense_stripe,02 OTHER/hr_expense_stripe/wizard/hr_expense_stripe_card_block_wizard.py,HrExpenseStripeCardBlockWizard,hr.expense.stripe.card.block.wizard,hr_expense_stripe_card_block_wizard,0,1,action_block_card
02 OTHER.zip,hr_expense_stripe,02 OTHER/hr_expense_stripe/wizard/hr_expense_stripe_topup_wizard.py,HrExpenseStripeTopupWizard,hr.expense.stripe.topup.wizard,hr_expense_stripe_topup_wizard,4,4,_check_statement_is_only_ascii|_compute_pull_push_funds|_compute_qr_code|action_topup
02 OTHER.zip,hr_expense_stripe,02 OTHER/hr_expense_stripe/models/hr_expense.py,HrExpense,hr.expense,hr_expense,4,5,_compute_is_card_expense|write|action_open_stripe_card|action_submit|action_split_wizard
02 OTHER.zip,hr_expense_stripe,02 OTHER/hr_expense_stripe/models/account_journal.py,AccountJournal,account.journal,account_journal,0,3,_compute_nb_stripe_card|action_open_stripe_issuing_cards|action_open_topup_wizard
02 OTHER.zip,hr_expense_stripe,02 OTHER/hr_expense_stripe/models/product_product.py,ProductProduct,product.product,product_product,3,2,_compute_stripe_issuing_activated|_check_no_cost_if_stripe_mcc
02 OTHER.zip,hr_expense_stripe,02 OTHER/hr_expense_stripe/models/account_payment.py,AccountPayment,account.payment,account_payment,0,1,action_post
02 OTHER.zip,hr_expense_stripe,02 OTHER/hr_expense_stripe/models/res_company.py,ResCompany,res.company,res_company,2,4,_compute_stripe_currency|action_create_stripe_account|action_refresh_stripe_account|action_configure_stripe_account
02 OTHER.zip,hr_expense_stripe,02 OTHER/hr_expense_stripe/models/hr_expense_stripe_card.py,HrExpenseStripeCard,hr.expense.stripe.card,hr_expense_stripe_card,10,21,_check_company_id|_check_employee_has_user|_check_ordered_by|_check_is_delivered|_check_delivery_address_id|_compute_card_number|_compute_name|_compute_from_employee|_compute_expenses_count|_compute_has_limit_higher_than_stripe_warning|action_open_expenses|action_activate_card
02 OTHER.zip,hr_expense_stripe,02 OTHER/hr_expense_stripe/models/hr_employee.py,HrEmployee,hr.employee,hr_employee,0,1,action_archive
02 OTHER.zip,hr_expense_stripe,02 OTHER/hr_expense_stripe/models/res_config_settings.py,ResConfigSettings,res.config.settings,res_config_settings,1,3,action_create_stripe_account|action_refresh_stripe_account|action_configure_stripe_account
02 OTHER.zip,hr_expense_stripe,02 OTHER/hr_expense_stripe/models/account_bank_statement_line.py,AccountBankStatementLine,account.bank.statement.line,account_bank_statement_line,3,0,
02 OTHER.zip,hr_expense_stripe,02 OTHER/hr_expense_stripe/models/product_mcc_stripe_tag.py,ProductMCCSTripeTag,product.mcc.stripe.tag,product_mcc_stripe_tag,1,2,_check_no_cost|write
02 OTHER.zip,attachment_indexation,02 OTHER/attachment_indexation/models/ir_attachment.py,IrAttachment,ir.attachment,ir_attachment,1,1,copy
02 OTHER.zip,l10n_be_hr_payroll_acerta,02 OTHER/l10n_be_hr_payroll_acerta/models/hr_version.py,HrVersion,hr.version,hr_version,1,1,_check_acerta_code
02 OTHER.zip,l10n_be_hr_payroll_acerta,02 OTHER/l10n_be_hr_payroll_acerta/models/res_company.py,ResCompany,res.company,res_company,1,1,_check_acerta_code
02 OTHER.zip,l10n_be_hr_payroll_acerta,02 OTHER/l10n_be_hr_payroll_acerta/models/hr_payroll_export_acerta.py,L10nBeHrPayrollExportAcerta,l10n.be.hr.payroll.export.acerta,l10n_be_hr_payroll_export_acerta,1,0,
02 OTHER.zip,l10n_be_hr_payroll_acerta,02 OTHER/l10n_be_hr_payroll_acerta/models/hr_work_entry_type.py,HrWorkEntryType,hr.work.entry.type,hr_work_entry_type,1,1,_check_acerta_code
02 OTHER.zip,portal,02 OTHER/portal/wizard/portal_share.py,PortalShare,portal.share,portal_share,5,4,_compute_resource_ref|_compute_share_link|_compute_access_warning|action_send_mail
02 OTHER.zip,portal,02 OTHER/portal/wizard/portal_wizard.py,PortalWizard,portal.wizard,portal_wizard,2,3,_compute_user_ids|action_open_wizard|_action_open_modal
02 OTHER.zip,portal,02 OTHER/portal/wizard/portal_wizard.py,PortalWizardUser,portal.wizard.user,portal_wizard_user,3,7,_compute_email_state|_compute_user_id|_compute_group_details|action_grant_access|action_revoke_access|action_invite_again|action_refresh_modal
02 OTHER.zip,portal,02 OTHER/portal/models/ir_http.py,IrHttp,ir.http,ir_http,1,0,
02 OTHER.zip,portal,02 OTHER/portal/models/mail_thread.py,MailThread,mail.thread,mail_thread,2,0,
02 OTHER.zip,portal,02 OTHER/portal/models/portal_mixin.py,PortalMixin,portal.mixin,portal_mixin,1,3,_compute_access_warning|_compute_access_url|action_share
02 OTHER.zip,portal,02 OTHER/portal/models/res_config_settings.py,ResConfigSettings,res.config.settings,res_config_settings,1,2,_compute_portal_allow_api_keys|_inverse_portal_allow_api_keys
02 OTHER.zip,portal,02 OTHER/portal/models/mail_message.py,MailMessage,mail.message,mail_message,0,1,_compute_is_current_user_or_guest_author
02 OTHER.zip,portal,02 OTHER/portal/models/res_partner.py,ResPartner,res.partner,res_partner,2,0,
02 OTHER.zip,portal,02 OTHER/portal/controllers/portal.py,CustomerPortal,,,1,2,_check_billing_address|_check_delivery_address
02 OTHER.zip,l10n_tw_edi_ecpay_website_sale,02 OTHER/l10n_tw_edi_ecpay_website_sale/models/res_partner.py,ResPartner,res.partner,res_partner,1,0,
02 OTHER.zip,l10n_tw_edi_ecpay_website_sale,02 OTHER/l10n_tw_edi_ecpay_website_sale/controllers/main.py,WebsiteSaleL10nTW,,,2,0,
02 OTHER.zip,l10n_pt,02 OTHER/l10n_pt/models/account_tax.py,AccountTax,account.tax,account_tax,2,0,
02 OTHER.zip,room,02 OTHER/room/models/room_room.py,RoomRoom,room.room,room_room,4,7,_compute_display_name|_compute_is_available|_compute_next_booking_start|_compute_room_booking_url|write|action_open_booking_view|action_view_bookings
02 OTHER.zip,room,02 OTHER/room/models/room_office.py,RoomOffice,room.office,room_office,1,1,_compute_display_name
02 OTHER.zip,room,02 OTHER/room/models/room_booking.py,RoomBooking,room.booking,room_booking,5,5,_check_date_boundaries|_check_unique_slot|create|unlink|write
02 OTHER.zip,l10n_in_hr_payroll,02 OTHER/l10n_in_hr_payroll/wizard/hr_salary_register.py,SalaryRegisterWizard,salary.register.wizard,salary_register_wizard,4,4,action_export_xlsx|_compute_employee_ids|_compute_include_paid|_compute_include_done
02 OTHER.zip,l10n_in_hr_payroll,02 OTHER/l10n_in_hr_payroll/wizard/hr_yearly_salary_detail.py,YearlySalaryDetail,yearly.salary.detail,yearly_salary_detail,3,2,_compute_related_employee_ids|_compute_employee_ids
02 OTHER.zip,l10n_in_hr_payroll,02 OTHER/l10n_in_hr_payroll/wizard/l10n_in_labour_welfare_fund_wizard.py,L10nInLabourWelfareFundWizard,l10n.in.labour.welfare.fund.wizard,l10n_in_labour_welfare_fund_wizard,1,2,_compute_line_ids|action_export_xls
02 OTHER.zip,l10n_in_hr_payroll,02 OTHER/l10n_in_hr_payroll/wizard/l10n_in_labour_welfare_fund_wizard.py,L10nInLabourWelfareFundLineWizard,l10n.in.labour.welfare.fund.line.wizard,l10n_in_labour_welfare_fund_line_wizard,0,1,create
02 OTHER.zip,l10n_in_hr_payroll,02 OTHER/l10n_in_hr_payroll/wizard/hr_payroll_payment_report_wizard.py,HrPayrollPaymentReportWizard,hr.payroll.payment.report.wizard,hr_payroll_payment_report_wizard,1,2,_compute_bank_account_ids|create
02 OTHER.zip,l10n_in_hr_payroll,02 OTHER/l10n_in_hr_payroll/wizard/hr_tds_calculation.py,L10nInTdsComputationWizard,l10n.in.tds.computation.wizard,l10n_in_tds_computation_wizard,5,4,_compute_net_monthly|_compute_total_income|_compute_taxable_income|_compute_tds_monthly
02 OTHER.zip,l10n_in_hr_payroll,02 OTHER/l10n_in_hr_payroll/models/hr_version.py,HrVersion,hr.version,hr_version,26,25,_check_l10n_in_total_allowance_below_wage|_compute_l10n_in_basic_salary_amount|_compute_l10n_in_basic_percentage|_compute_l10n_in_hra|_compute_l10n_in_hra_percentage|_compute_l10n_in_standard_allowance|_compute_l10n_in_standard_allowance_percentage|_compute_l10n_in_performance_bonus|_compute_l10n_in_performance_bonus_percentage|_compute_l10n_in_leave_travel_allowance|_compute_l10n_in_leave_travel_percentage|_compute_l10n_in_fixed_allowance
02 OTHER.zip,l10n_in_hr_payroll,02 OTHER/l10n_in_hr_payroll/models/hr_payslip_run.py,HrPayslipRun,hr.payslip.run,hr_payslip_run,0,1,action_payment_report
02 OTHER.zip,l10n_in_hr_payroll,02 OTHER/l10n_in_hr_payroll/models/hr_payslip.py,HrPayslip,hr.payslip,hr_payslip,1,2,_compute_name|action_payslip_payment_report
02 OTHER.zip,l10n_in_hr_payroll,02 OTHER/l10n_in_hr_payroll/models/hr_employee.py,HrEmployee,hr.employee,hr_employee,1,0,
02 OTHER.zip,l10n_in_hr_payroll,02 OTHER/l10n_in_hr_payroll/models/l10n_in_salary_statement.py,L10n_In_Hr_PayrollSalaryStatement,l10n_in_hr_payroll.salary.statement,l10n_in_hr_payroll_salary_statement,2,2,_compute_name|action_generate_declarations
02 OTHER.zip,l10n_in_hr_payroll,02 OTHER/l10n_in_hr_payroll/report/report_hr_epf.py,L10nInHrPayrollEpfReport,l10n.in.hr.payroll.epf.report,l10n_in_hr_payroll_epf_report,2,2,_compute_display_name|action_export_xlsx
02 OTHER.zip,l10n_in_hr_payroll,02 OTHER/l10n_in_hr_payroll/report/report_payroll_advice.py,ReportL10n_In_Hr_PayrollReport_Payrolladvice,report.l10n_in_hr_payroll.report_payrolladvice,report_l10n_in_hr_payroll_report_payrolladvice,1,0,
02 OTHER.zip,l10n_in_hr_payroll,02 OTHER/l10n_in_hr_payroll/report/report_hr_yearly_salary_detail.py,ReportL10n_In_Hr_PayrollReport_Hryearlysalary,report.l10n_in_hr_payroll.report_hryearlysalary,report_l10n_in_hr_payroll_report_hryearlysalary,1,0,
02 OTHER.zip,l10n_in_hr_payroll,02 OTHER/l10n_in_hr_payroll/report/report_hr_esic.py,HrESICReport,l10n.in.hr.payroll.esic.report,l10n_in_hr_payroll_esic_report,3,5,_compute_display_name|_compute_period_has_payslips|action_export_xlsx|action_export_esi_xlsx|action_export_esic_xlsx
02 OTHER.zip,social_crm,02 OTHER/social_crm/wizard/social_post_to_lead.py,SocialPostToLead,social.post.to.lead,social_post_to_lead,3,4,_compute_partner_action_data|_compute_post_data|_compute_utm_data|action_convert_to_lead
02 OTHER.zip,social_crm,02 OTHER/social_crm/models/social_post.py,SocialPost,social.post,social_post,0,3,_compute_use_leads|_compute_leads_opportunities_count|action_redirect_to_leads_opportunities
02 OTHER.zip,website_event_booth_sale,02 OTHER/website_event_booth_sale/models/sale_order_line.py,SaleOrderLine,sale.order.line,sale_order_line,1,1,_compute_name_short
02 OTHER.zip,website_event_booth_sale,02 OTHER/website_event_booth_sale/models/product_template.py,ProductTemplate,product.template,product_template,1,0,
02 OTHER.zip,rating,02 OTHER/rating/models/rating_parent_mixin.py,RatingParentMixin,rating.parent.mixin,rating_parent_mixin,1,1,_compute_rating_percentage_satisfaction
02 OTHER.zip,rating,02 OTHER/rating/models/rating.py,RatingRating,rating.rating,rating_rating,9,10,_compute_res_name|_compute_resource_ref|_compute_parent_ref|_compute_parent_res_name|_compute_rating_image|_compute_rating_text|create|write|unlink|action_open_rated_object
02 OTHER.zip,rating,02 OTHER/rating/models/mail_thread.py,MailThread,mail.thread,mail_thread,0,1,unlink
02 OTHER.zip,rating,02 OTHER/rating/models/mail_message.py,MailMessage,mail.message,mail_message,2,2,_compute_rating_id|_compute_rating_value
02 OTHER.zip,rating,02 OTHER/rating/models/rating_mixin.py,RatingMixin,rating.mixin,rating_mixin,5,5,_compute_rating_last_value|_compute_rating_stats|_compute_rating_avg_text|_compute_rating_satisfaction|write
02 OTHER.zip,rating,02 OTHER/rating/controllers/main.py,Rating,,,2,2,action_open_rating|action_submit_rating
02 OTHER.zip,mail_plugin,02 OTHER/mail_plugin/models/res_partner.py,ResPartner,res.partner,res_partner,1,3,_compute_partner_iap_info|create|write
02 OTHER.zip,website_sale_slides,02 OTHER/website_sale_slides/models/slide_channel.py,SlideChannel,slide.channel,slide_channel,2,4,_compute_product_sale_revenues|create|write|action_view_sales
02 OTHER.zip,website_sale_slides,02 OTHER/website_sale_slides/models/sale_order.py,SaleOrder,sale.order,sale_order,0,1,_action_confirm
02 OTHER.zip,website_sale_slides,02 OTHER/website_sale_slides/models/product_template.py,ProductTemplate,product.template,product_template,1,0,
02 OTHER.zip,calendar,02 OTHER/calendar/wizard/calendar_provider_config.py,CalendarProviderConfig,calendar.provider.config,calendar_provider_config,0,1,action_calendar_prepare_external_provider_sync
02 OTHER.zip,calendar,02 OTHER/calendar/wizard/mail_activity_schedule.py,MailActivitySchedule,mail.activity.schedule,mail_activity_schedule,0,1,action_create_calendar_event
02 OTHER.zip,calendar,02 OTHER/calendar/wizard/calendar_popover_delete_wizard.py,CalendarPopoverDeleteWizard,calendar.popover.delete.wizard,calendar_popover_delete_wizard,3,5,_compute_recipient_ids|_compute_subject|_compute_body|action_delete|action_send_mail_and_delete
02 OTHER.zip,calendar,02 OTHER/calendar/models/calendar_alarm_manager.py,CalendarAlarm_Manager,calendar.alarm_manager,calendar_alarm_manager,3,0,
02 OTHER.zip,calendar,02 OTHER/calendar/models/calendar_attendee.py,CalendarAttendee,calendar.attendee,calendar_attendee,3,6,_compute_common_name|_compute_mail_tz|create|write|unlink|copy
02 OTHER.zip,calendar,02 OTHER/calendar/models/res_users_settings.py,ResUsersSettings,res.users.settings,res_users_settings,1,0,
02 OTHER.zip,calendar,02 OTHER/calendar/models/calendar_recurrence.py,CalendarRecurrence,calendar.recurrence,calendar_recurrence,5,4,_compute_name|_compute_dtstart|_compute_rrule|_inverse_rrule
02 OTHER.zip,calendar,02 OTHER/calendar/models/mail_activity.py,MailActivity,mail.activity,mail_activity,0,3,write|action_create_calendar_event|_action_done
02 OTHER.zip,calendar,02 OTHER/calendar/models/calendar_event.py,CalendarEvent,calendar.event,calendar_event,46,39,_compute_should_show_status|_compute_current_attendee|_compute_attendees_count|_compute_user_can_edit|_compute_invalid_email_partner_ids|_compute_effective_privacy|_compute_is_highlighted|_compute_is_organizer_alone|_compute_display_time|_compute_dates|_compute_duration|_compute_stop
02 OTHER.zip,calendar,02 OTHER/calendar/models/calendar_filter.py,CalendarFilters,calendar.filters,calendar_filters,1,0,
02 OTHER.zip,calendar,02 OTHER/calendar/models/res_users.py,ResUsers,res.users,res_users,6,4,create|write|_compute_calendar_default_privacy|_inverse_calendar_res_users_settings
02 OTHER.zip,calendar,02 OTHER/calendar/models/mail_activity_mixin.py,MailActivityMixin,mail.activity.mixin,mail_activity_mixin,1,1,_compute_activity_calendar_event_id
02 OTHER.zip,calendar,02 OTHER/calendar/models/res_partner.py,ResPartner,res.partner,res_partner,1,3,_compute_meeting_count|_compute_meeting|_compute_application_statistics_hook
02 OTHER.zip,calendar,02 OTHER/calendar/models/calendar_alarm.py,CalendarAlarm,calendar.alarm,calendar_alarm,3,3,_compute_duration_minutes|_compute_mail_template_id|_onchange_duration_interval
02 OTHER.zip,mrp_maintenance,02 OTHER/mrp_maintenance/models/mrp_maintenance.py,MaintenanceStage,maintenance.stage,maintenance_stage,0,1,write
02 OTHER.zip,mrp_maintenance,02 OTHER/mrp_maintenance/models/mrp_maintenance.py,MaintenanceEquipment,maintenance.equipment,maintenance_equipment,0,1,button_mrp_workcenter
02 OTHER.zip,mrp_maintenance,02 OTHER/mrp_maintenance/models/mrp_maintenance.py,MaintenanceRequest,maintenance.request,maintenance_request,5,7,_compute_equipment_id|_compute_workcenter_id|_compute_maintenance_team_id|_compute_user_id|create|write|unlink
02 OTHER.zip,mrp_maintenance,02 OTHER/mrp_maintenance/models/mrp_maintenance.py,MrpProduction,mrp.production,mrp_production,1,2,_compute_maintenance_count|button_maintenance_req
02 OTHER.zip,mrp_maintenance,02 OTHER/mrp_maintenance/models/mrp_maintenance.py,MrpWorkorder,mrp.workorder,mrp_workorder,0,1,button_maintenance_req
02 OTHER.zip,website_sale_mondialrelay,02 OTHER/website_sale_mondialrelay/models/sale_order.py,SaleOrder,sale.order,sale_order,0,2,_check_cart_is_ready_to_be_paid|_compute_partner_shipping_id
02 OTHER.zip,iap_mail,02 OTHER/iap_mail/models/iap_account.py,IapAccount,iap.account,iap_account,4,0,
02 OTHER.zip,l10n_gt_edi,02 OTHER/l10n_gt_edi/models/l10n_gt_edi_document.py,L10nGtEdiDocument,l10n_gt_edi.document,l10n_gt_edi_document,0,1,action_download_file
02 OTHER.zip,l10n_gt_edi,02 OTHER/l10n_gt_edi/models/account_move.py,AccountMove,account.move,account_move,7,7,_compute_show_reset_to_draft_button|_compute_from_l10n_gt_edi_document_ids|_compute_l10n_gt_edi_available_doc_types|_compute_l10n_gt_edi_doc_type|_compute_l10n_gt_edi_phrase_ids|_compute_l10n_gt_edi_show_consignatory_partner|_compute_l10n_gt_edi_consignatory_partner
02 OTHER.zip,l10n_gt_edi,02 OTHER/l10n_gt_edi/models/account_move_send.py,AccountMoveSend,account.move.send,account_move_send,3,0,
02 OTHER.zip,l10n_gt_edi,02 OTHER/l10n_gt_edi/models/l10n_gt_edi_phrase.py,L10nGtEdiPhrase,l10n_gt_edi.phrase,l10n_gt_edi_phrase,1,1,_compute_display_name
02 OTHER.zip,l10n_gt_edi,02 OTHER/l10n_gt_edi/models/res_company.py,ResCompany,res.company,res_company,2,2,_onchange_fill_l10n_gt_edi_default_fields|_compute_l10n_gt_edi_default_fields
02 OTHER.zip,l10n_gt_edi,02 OTHER/l10n_gt_edi/models/res_config_settings.py,ResConfigSettings,res.config.settings,res_config_settings,1,1,_compute_l10n_gt_edi_is_root_company
02 OTHER.zip,pos_self_order,02 OTHER/pos_self_order/tests/test_self_order_mobile.py,TestSelfOrderMobile,,,1,0,
02 OTHER.zip,pos_self_order,02 OTHER/pos_self_order/models/pos_preset.py,PosPreset,pos.preset,pos_preset,3,0,
02 OTHER.zip,pos_self_order,02 OTHER/pos_self_order/models/ir_http.py,IrHttp,ir.http,ir_http,1,0,
02 OTHER.zip,pos_self_order,02 OTHER/pos_self_order/models/res_country.py,ResCountry,res.country,res_country,1,0,
02 OTHER.zip,pos_self_order,02 OTHER/pos_self_order/models/pos_load_mixin.py,PosLoadMixin,pos.load.mixin,pos_load_mixin,4,0,
02 OTHER.zip,pos_self_order,02 OTHER/pos_self_order/models/pos_session.py,PosSession,pos.session,pos_session,3,0,
02 OTHER.zip,pos_self_order,02 OTHER/pos_self_order/models/mail_template.py,MailTemplate,mail.template,mail_template,2,0,
02 OTHER.zip,pos_self_order,02 OTHER/pos_self_order/models/pos_restaurant.py,RestaurantTable,restaurant.table,restaurant_table,3,0,
02 OTHER.zip,pos_self_order,02 OTHER/pos_self_order/models/pos_restaurant.py,RestaurantFloor,restaurant.floor,restaurant_floor,2,0,
02 OTHER.zip,pos_self_order,02 OTHER/pos_self_order/models/pos_config.py,PosConfig,pos.config,pos_config,9,10,create|write|_compute_self_order|_compute_selection_pay_after|_check_default_user|_onchange_payment_method_ids|_compute_self_ordering_url|action_close_kiosk_session|_compute_status|action_open_wizard
02 OTHER.zip,pos_self_order,02 OTHER/pos_self_order/models/product_product.py,ProductTemplate,product.template,product_template,3,2,_compute_self_order_visible|write
02 OTHER.zip,pos_self_order,02 OTHER/pos_self_order/models/product_product.py,ProductProduct,product.product,product_product,0,1,write
02 OTHER.zip,pos_self_order,02 OTHER/pos_self_order/models/pos_self_order_custom_link.py,Pos_Self_OrderCustom_Link,pos_self_order.custom_link,pos_self_order_custom_link,3,1,_compute_link_html
02 OTHER.zip,pos_self_order,02 OTHER/pos_self_order/models/pos_payment_method.py,PosPaymentMethod,pos.payment.method,pos_payment_method,1,0,
02 OTHER.zip,pos_self_order,02 OTHER/pos_self_order/models/res_config_settings.py,ResConfigSettings,res.config.settings,res_config_settings,7,7,_onchange_default_user|_onchange_pos_self_order_service_mode|_onchange_pos_self_order_kiosk_default_language|_onchange_pos_self_order_kiosk|_onchange_pos_payment_method_ids|_onchange_pos_self_order_pay_after|_compute_pos_pricelist_id
02 OTHER.zip,pos_self_order,02 OTHER/pos_self_order/models/res_partner.py,ResPartner,res.partner,res_partner,2,0,
02 OTHER.zip,pos_self_order,02 OTHER/pos_self_order/models/pos_order.py,PosOrderLine,pos.order.line,pos_order_line,1,2,create|write
02 OTHER.zip,pos_self_order,02 OTHER/pos_self_order/models/pos_order.py,PosOrder,pos.order,pos_order,5,7,write|action_pos_order_cancel|action_send_self_order_receipt|_check_pos_order_lines|_check_pos_order|_compute_line_price|_compute_combo_price
02 OTHER.zip,pos_self_order,02 OTHER/pos_self_order/models/product_tag.py,ProductTag,product.tag,product_tag,1,0,
02 OTHER.zip,purchase_requisition_stock,02 OTHER/purchase_requisition_stock/wizard/purchase_requisition_create_alternative.py,PurchaseRequisitionCreateAlternative,purchase.requisition.create.alternative,purchase_requisition_create_alternative,1,0,
02 OTHER.zip,purchase_requisition_stock,02 OTHER/purchase_requisition_stock/models/purchase.py,PurchaseOrder,purchase.order,purchase_order,2,2,_compute_on_time_rate_perc|_onchange_requisition_id
02 OTHER.zip,pos_urban_piper,02 OTHER/pos_urban_piper/models/pos_delivery_provider.py,PosDeliveryProvider,pos.delivery.provider,pos_delivery_provider,2,0,
02 OTHER.zip,pos_urban_piper,02 OTHER/pos_urban_piper/models/product_pricelist.py,ProductPricelist,product.pricelist,product_pricelist,0,1,write
02 OTHER.zip,pos_urban_piper,02 OTHER/pos_urban_piper/models/pos_category.py,PosCategory,pos.category,pos_category,0,1,write
02 OTHER.zip,pos_urban_piper,02 OTHER/pos_urban_piper/models/pos_prep_order.py,PosPrepOrder,pos.prep.order,pos_prep_order,1,1,_compute_order_otp
02 OTHER.zip,pos_urban_piper,02 OTHER/pos_urban_piper/models/pos_session.py,PosSession,pos.session,pos_session,1,0,
02 OTHER.zip,pos_urban_piper,02 OTHER/pos_urban_piper/models/pos_config.py,PosConfig,pos.config,pos_config,1,3,create|write|_check_required_request_params
02 OTHER.zip,pos_urban_piper,02 OTHER/pos_urban_piper/models/ir_config_parameter.py,IrConfig_Parameter,ir.config_parameter,ir_config_parameter,0,1,write
02 OTHER.zip,pos_urban_piper,02 OTHER/pos_urban_piper/models/product.py,ProductTemplate,product.template,product_template,3,2,_compute_urbanpiper_pos_platform_ids|write
02 OTHER.zip,pos_urban_piper,02 OTHER/pos_urban_piper/models/res_config_settings.py,ResConfigSettings,res.config.settings,res_config_settings,0,2,action_refresh_webhooks|action_flush_and_sync_menu
02 OTHER.zip,pos_urban_piper,02 OTHER/pos_urban_piper/models/pos_payment.py,PosPayment,pos.payment,pos_payment,1,1,_check_payment_method_id
02 OTHER.zip,pos_urban_piper,02 OTHER/pos_urban_piper/models/pos_order.py,PosOrder,pos.order,pos_order,1,0,
02 OTHER.zip,pos_urban_piper,02 OTHER/pos_urban_piper/controllers/main.py,PosUrbanPiperController,,,1,0,
02 OTHER.zip,l10n_sk_hr_payroll,02 OTHER/l10n_sk_hr_payroll/models/hr_version.py,HrVersion,hr.version,hr_version,1,0,
02 OTHER.zip,delivery_ups_rest,02 OTHER/delivery_ups_rest/models/payment_provider.py,PaymentProvider,payment.provider,payment_provider,1,0,
02 OTHER.zip,delivery_ups_rest,02 OTHER/delivery_ups_rest/models/delivery_ups.py,DeliveryCarrier,delivery.carrier,delivery_carrier,1,2,_compute_can_generate_return|_compute_supports_shipping_insurance
02 OTHER.zip,delivery_ups_rest,02 OTHER/delivery_ups_rest/models/sale_order.py,SaleOrder,sale.order,sale_order,1,3,_compute_ups_carrier_account|_inverse_ups_carrier_account|_action_confirm
02 OTHER.zip,mrp_product_expiry,02 OTHER/mrp_product_expiry/wizard/confirm_expiry.py,ExpiryPickingConfirmation,expiry.picking.confirmation,expiry_picking_confirmation,1,1,_compute_descriptive_fields
02 OTHER.zip,mrp_product_expiry,02 OTHER/mrp_product_expiry/models/mrp_production.py,MrpProduction,mrp.production,mrp_production,0,1,_check_expired_lots
02 OTHER.zip,l10n_ph,02 OTHER/l10n_ph/wizard/generate_2307_wizard.py,L10n_Ph_2307Wizard,l10n_ph_2307.wizard,l10n_ph_2307_wizard,0,1,action_generate
02 OTHER.zip,l10n_ph,02 OTHER/l10n_ph/models/account_move.py,AccountMove,account.move,account_move,0,1,action_open_l10n_ph_2307_wizard
02 OTHER.zip,l10n_ph,02 OTHER/l10n_ph/models/account_payment.py,AccountPayment,account.payment,account_payment,0,1,action_open_l10n_ph_2307_wizard
02 OTHER.zip,l10n_ph,02 OTHER/l10n_ph/models/res_partner.py,ResPartner,res.partner,res_partner,2,1,_compute_branch_code
02 OTHER.zip,documents_hr_holidays,02 OTHER/documents_hr_holidays/models/hr_leave.py,HrLeave,hr.leave,hr_leave,0,1,_check_create_documents
02 OTHER.zip,website_sale_stock,02 OTHER/website_sale_stock/models/sale_order.py,SaleOrder,sale.order,sale_order,0,2,_compute_warehouse_id|_check_cart_is_ready_to_be_paid
02 OTHER.zip,website_sale_stock,02 OTHER/website_sale_stock/models/sale_order_line.py,SaleOrderLine,sale.order.line,sale_order_line,0,1,_check_availability
02 OTHER.zip,website_sale_stock,02 OTHER/website_sale_stock/models/product_template.py,ProductTemplate,product.template,product_template,1,0,
02 OTHER.zip,l10n_sg,02 OTHER/l10n_sg/models/res_bank.py,ResPartnerBank,res.partner.bank,res_partner_bank,3,4,_check_sg_proxy|_compute_country_proxy_keys|_compute_display_qr_setting|_check_for_qr_code_errors
02 OTHER.zip,l10n_lt_intrastat,02 OTHER/l10n_lt_intrastat/wizard/intrastat_goods_submission_wizard.py,LithuanianIntrastatIntrastatGoodsSubmissionWizard,l10n_lt_intrastat.intrastat.goods.submission.wizard,l10n_lt_intrastat_intrastat_goods_submission_wizard,0,1,action_proceed_with_submission
02 OTHER.zip,l10n_lt_intrastat,02 OTHER/l10n_lt_intrastat/models/account_return_type.py,AccountReturnType,account.return.type,account_return_type,1,0,
02 OTHER.zip,l10n_lt_intrastat,02 OTHER/l10n_lt_intrastat/models/account_return.py,AccountReturn,account.return,account_return,0,1,action_submit
02 OTHER.zip,l10n_lt_intrastat,02 OTHER/l10n_lt_intrastat/models/account_intrastat_report.py,AccountIntrastatGoodsReportHandler,account.intrastat.goods.report.handler,account_intrastat_goods_report_handler,2,0,
02 OTHER.zip,l10n_ke_hr_payroll,02 OTHER/l10n_ke_hr_payroll/models/hr_version.py,HrVersion,hr.version,hr_version,3,2,_check_l10n_ke_mortgage|_check_l10n_ke_housing_allowance_percentage
02 OTHER.zip,l10n_ke_hr_payroll,02 OTHER/l10n_ke_hr_payroll/models/hr_payslip_line.py,HrPayslipLine,hr.payslip.line,hr_payslip_line,1,1,_check_helb_amount
02 OTHER.zip,l10n_ke_hr_payroll,02 OTHER/l10n_ke_hr_payroll/models/l10n_ke_tax_deduction_card.py,L10n_KeTaxDeductionCard,l10n_ke.tax.deduction.card,l10n_ke_tax_deduction_card,1,2,_compute_name|action_generate_declarations
02 OTHER.zip,l10n_ke_hr_payroll,02 OTHER/l10n_ke_hr_payroll/report/l10n_ke_tax_deduction_card_report.py,ReportL10n_Ke_Hr_PayrollReport_Tax_Deduction_Card,report.l10n_ke_hr_payroll.report_tax_deduction_card,report_l10n_ke_hr_payroll_report_tax_deduction_card,1,0,
02 OTHER.zip,l10n_ke_hr_payroll,02 OTHER/l10n_ke_hr_payroll/wizards/l10n_ke_hr_payroll_shif_report_wizard.py,L10nKeHrPayrollShifReportWizard,l10n.ke.hr.payroll.shif.report.wizard,l10n_ke_hr_payroll_shif_report_wizard,6,5,_compute_reference_start_date|_compute_is_nhif|_compute_name|_compute_line_ids|action_export_xlsx
02 OTHER.zip,l10n_ke_hr_payroll,02 OTHER/l10n_ke_hr_payroll/wizards/l10n_ke_hr_payroll_nssf_report_wizard.py,L10nKeHrPayrollNssfReportWizard,l10n.ke.hr.payroll.nssf.report.wizard,l10n_ke_hr_payroll_nssf_report_wizard,3,3,_compute_name|_compute_line_ids|action_export_xlsx
02 OTHER.zip,l10n_latam_base,02 OTHER/l10n_latam_base/models/l10n_latam_identification_type.py,L10n_LatamIdentificationType,l10n_latam.identification.type,l10n_latam_identification_type,1,1,_compute_display_name
02 OTHER.zip,l10n_latam_base,02 OTHER/l10n_latam_base/models/res_company.py,ResCompany,res.company,res_company,1,1,create
02 OTHER.zip,l10n_latam_base,02 OTHER/l10n_latam_base/models/res_partner.py,ResPartner,res.partner,res_partner,3,3,_check_vat|_onchange_country_id|_onchange_vat
02 OTHER.zip,l10n_uy,02 OTHER/l10n_uy/demo/account_demo.py,AccountChartTemplate,account.chart.template,account_chart_template,4,0,
02 OTHER.zip,l10n_uy,02 OTHER/l10n_uy/models/res_partner.py,ResPartner,res.partner,res_partner,1,0,
02 OTHER.zip,project_helpdesk,02 OTHER/project_helpdesk/wizard/project_task_convert_wizard.py,ProjectTaskConvertWizard,project.task.convert.wizard,project_task_convert_wizard,2,2,_compute_default_stage|action_convert
02 OTHER.zip,project_helpdesk,02 OTHER/project_helpdesk/wizard/helpdesk_ticket_convert_wizard.py,HelpdeskTicketConvertWizard,helpdesk.ticket.convert.wizard,helpdesk_ticket_convert_wizard,2,2,_compute_default_stage|action_convert
02 OTHER.zip,project_helpdesk,02 OTHER/project_helpdesk/models/helpdesk_ticket.py,HelpdeskTicket,helpdesk.ticket,helpdesk_ticket,0,1,action_convert_to_task
02 OTHER.zip,project_helpdesk,02 OTHER/project_helpdesk/models/project_task.py,ProjectTask,project.task,project_task,0,1,action_convert_to_ticket
02 OTHER.zip,spreadsheet_account,02 OTHER/spreadsheet_account/models/res_company.py,ResCompany,res.company,res_company,1,0,
02 OTHER.zip,spreadsheet_account,02 OTHER/spreadsheet_account/models/account.py,AccountAccount,account.account,account_account,7,0,
02 OTHER.zip,l10n_my_edi_pos,02 OTHER/l10n_my_edi_pos/models/account_edi_xml_ubl_my.py,AccountEdiXmlUBLMyInvoisMY,account.edi.xml.ubl_myinvois_my,account_edi_xml_ubl_myinvois_my,1,0,
02 OTHER.zip,l10n_my_edi_pos,02 OTHER/l10n_my_edi_pos/models/myinvois_document_pos.py,MyInvoisDocumentPoS,myinvois.document,myinvois_document,2,5,_compute_linked_order_count|_compute_pos_order_date_range|action_view_linked_orders|action_open_consolidate_invoice_wizard|action_show_myinvois_documents
02 OTHER.zip,l10n_my_edi_pos,02 OTHER/l10n_my_edi_pos/models/pos_order.py,PosOrder,pos.order,pos_order,2,1,action_show_myinvois_documents
02 OTHER.zip,stock_enterprise,02 OTHER/stock_enterprise/models/res_config_settings.py,ResConfigSettings,res.config.settings,res_config_settings,1,1,_onchange_stock_confirmation_fields
02 OTHER.zip,stock_enterprise,02 OTHER/stock_enterprise/report/stock_report.py,StockReport,stock.report,stock_report,1,1,_compute_display_name
02 OTHER.zip,ai_livechat,02 OTHER/ai_livechat/models/discuss_channel_member.py,DiscussChannelMember,discuss.channel.member,discuss_channel_member,1,2,_compute_ai_agent_id|_inverse_ai_agent_id
02 OTHER.zip,ai_livechat,02 OTHER/ai_livechat/models/im_livechat_channel.py,Im_LivechatChannel,im_livechat.channel,im_livechat_channel,1,1,_compute_ai_agent_count
02 OTHER.zip,ai_livechat,02 OTHER/ai_livechat/models/im_livechat_channel_member_history.py,ImLivechatChannelMemberHistory,im_livechat.channel.member.history,im_livechat_channel_member_history,0,1,_compute_member_fields
02 OTHER.zip,hr_contract_salary_holidays,02 OTHER/hr_contract_salary_holidays/models/hr_version.py,HrVersion,hr.version,hr_version,0,2,write|action_list_leaves
02 OTHER.zip,google_address_autocomplete,02 OTHER/google_address_autocomplete/models/res_partner.py,ResPartner,res.partner,res_partner,1,0,
02 OTHER.zip,pos_restaurant,02 OTHER/pos_restaurant/models/pos_preset.py,PosPreset,pos.preset,pos_preset,1,0,
02 OTHER.zip,pos_restaurant,02 OTHER/pos_restaurant/models/restaurant_order_course.py,RestaurantOrderCourse,restaurant.order.course,restaurant_order_course,3,2,create|write
02 OTHER.zip,pos_restaurant,02 OTHER/pos_restaurant/models/pos_session.py,PosSession,pos.session,pos_session,2,0,
02 OTHER.zip,pos_restaurant,02 OTHER/pos_restaurant/models/pos_restaurant.py,RestaurantFloor,restaurant.floor,restaurant_floor,3,1,write
02 OTHER.zip,pos_restaurant,02 OTHER/pos_restaurant/models/pos_restaurant.py,RestaurantTable,restaurant.table,restaurant_table,3,1,_compute_display_name
02 OTHER.zip,pos_restaurant,02 OTHER/pos_restaurant/models/pos_config.py,PosConfig,pos.config,pos_config,4,3,create|write|_compute_local_data_integrity
02 OTHER.zip,pos_restaurant,02 OTHER/pos_restaurant/models/pos_order_line.py,PosOrderLine,pos.order.line,pos_order_line,1,0,
02 OTHER.zip,pos_restaurant,02 OTHER/pos_restaurant/models/res_config_settings.py,ResConfigSettings,res.config.settings,res_config_settings,2,2,_compute_pos_module_pos_restaurant|_compute_pos_set_tip_after_payment
02 OTHER.zip,l10n_fr_pos_cert,02 OTHER/l10n_fr_pos_cert/models/pos.py,PosSession,pos.session,pos_session,0,1,_check_session_timing
02 OTHER.zip,l10n_fr_pos_cert,02 OTHER/l10n_fr_pos_cert/models/pos.py,PosOrder,pos.order,pos_order,2,5,_compute_previous_order|_compute_hash|_compute_string_to_hash|create|write
02 OTHER.zip,l10n_fr_pos_cert,02 OTHER/l10n_fr_pos_cert/models/pos.py,PosOrderLine,pos.order.line,pos_order_line,0,1,write
02 OTHER.zip,l10n_fr_pos_cert,02 OTHER/l10n_fr_pos_cert/models/account_closing.py,AccountSaleClosing,account.sale.closing,account_sale_closing,1,2,_compute_amounts|write
02 OTHER.zip,l10n_fr_pos_cert,02 OTHER/l10n_fr_pos_cert/models/res_company.py,ResCompany,res.company,res_company,1,4,create|write|_action_check_pos_hash_integrity|_check_pos_hash_integrity
02 OTHER.zip,l10n_fr_pos_cert,02 OTHER/l10n_fr_pos_cert/models/account_fiscal_position.py,AccountFiscalPosition,account.fiscal.position,account_fiscal_position,0,1,write
02 OTHER.zip,l10n_fr_pos_cert,02 OTHER/l10n_fr_pos_cert/report/pos_hash_integrity.py,ReportL10n_Fr_Pos_CertReport_Pos_Hash_Integrity,report.l10n_fr_pos_cert.report_pos_hash_integrity,report_l10n_fr_pos_cert_report_pos_hash_integrity,1,0,
02 OTHER.zip,l10n_lu_hr_payroll,02 OTHER/l10n_lu_hr_payroll/wizard/l10n_lu_monthly_declaration_wizard.py,L10nLuMonthlyDeclarationWizard,l10n.lu.monthly.declaration.wizard,l10n_lu_monthly_declaration_wizard,6,5,_compute_dates|_compute_batch_ids|_compute_can_generate|_compute_situational_unemployment_ids|action_generate_declaration
02 OTHER.zip,l10n_lu_hr_payroll,02 OTHER/l10n_lu_hr_payroll/models/hr_version.py,HrVersion,hr.version,hr_version,11,10,_compute_indexed_wage|_compute_l10n_lu_meal_voucher_employer_cost|_compute_l10n_lu_deduction_fd|_compute_l10n_lu_deduction_ac_ae|_compute_l10n_lu_deduction_ce|_compute_l10n_lu_deduction_ds|_compute_l10n_lu_deduction_fo|_compute_l10n_lu_deduction_amd|_compute_l10n_lu_package_ffo|_compute_l10n_lu_package_fds
02 OTHER.zip,l10n_lu_hr_payroll,02 OTHER/l10n_lu_hr_payroll/models/hr_payslip.py,HrPayslip,hr.payslip,hr_payslip,17,17,_compute_taxable_days|_compute_prorated_wage|_compute_l10n_lu_tax_id_number|_compute_l10n_lu_tax_classification|_compute_l10n_lu_tax_rate_no_classification|_compute_l10n_lu_deduction_fd_daily|_compute_l10n_lu_deduction_ac_ae_daily|_compute_l10n_lu_deduction_ce_daily|_compute_l10n_lu_deduction_ds_daily|_compute_l10n_lu_deduction_fo_daily|_compute_l10n_lu_deduction_amd_daily|_compute_l10n_lu_package_ffo_daily
02 OTHER.zip,l10n_lu_hr_payroll,02 OTHER/l10n_lu_hr_payroll/models/res_company.py,ResCompany,res.company,res_company,2,2,_compute_l10n_lu_accident_insurance_rate|_compute_l10n_lu_mutuality_rate
02 OTHER.zip,l10n_lu_hr_payroll,02 OTHER/l10n_lu_hr_payroll/models/hr_payslip_worked_days.py,HrPayslipWorkedDays,hr.payslip.worked_days,hr_payslip_worked_days,1,1,_compute_amount
02 OTHER.zip,l10n_se_reports,02 OTHER/l10n_se_reports/models/account_return.py,AccountReturn,account.return,account_return,1,0,
02 OTHER.zip,l10n_se_reports,02 OTHER/l10n_se_reports/models/account_sales_report.py,L10n_SeEcSalesReportHandler,l10n_se.ec.sales.report.handler,l10n_se_ec_sales_report_handler,1,0,
02 OTHER.zip,l10n_ch_hr_payroll_elm_transmission_5_3,02 OTHER/l10n_ch_hr_payroll_elm_transmission_5_3/models/l10n_ch_lpp.py,l10nChLppInsurance,l10n.ch.lpp.insurance,l10n_ch_lpp_insurance,1,0,
02 OTHER.zip,l10n_ch_hr_payroll_elm_transmission_5_3,02 OTHER/l10n_ch_hr_payroll_elm_transmission_5_3/models/l10n_ch_children.py,L10nChHrEmployeeChildren,l10n.ch.hr.employee.children,l10n_ch_hr_employee_children,1,1,_compute_allowance_dates
02 OTHER.zip,l10n_br_website_sale_fiscal_reform,02 OTHER/l10n_br_website_sale_fiscal_reform/models/sale_order.py,SaleOrder,sale.order,sale_order,1,1,_compute_l10n_br_presence
02 OTHER.zip,l10n_br_website_sale_fiscal_reform,02 OTHER/l10n_br_website_sale_fiscal_reform/models/sale_order_line.py,SaleOrderLine,sale.order.line,sale_order_line,1,1,_compute_l10n_br_goods_operation_type_id
02 OTHER.zip,l10n_uk_intrastat,02 OTHER/l10n_uk_intrastat/models/account_return.py,AccountReturnType,account.return.type,account_return_type,1,0,
02 OTHER.zip,pos_restaurant_adyen,02 OTHER/pos_restaurant_adyen/models/pos_payment_method.py,PosPaymentMethod,pos.payment.method,pos_payment_method,1,0,
02 OTHER.zip,pos_restaurant_adyen,02 OTHER/pos_restaurant_adyen/models/pos_order.py,PosOrder,pos.order,pos_order,0,1,action_pos_order_paid
02 OTHER.zip,l10n_gcc_invoice,02 OTHER/l10n_gcc_invoice/models/account_move.py,AccountMove,account.move,account_move,1,2,create|_compute_narration
02 OTHER.zip,l10n_gcc_invoice,02 OTHER/l10n_gcc_invoice/models/account_move.py,AccountMoveLine,account.move.line,account_move_line,2,2,_compute_tax_amount|_compute_l10n_gcc_line_name
02 OTHER.zip,l10n_gcc_invoice,02 OTHER/l10n_gcc_invoice/models/res_company.py,ResCompany,res.company,res_company,1,1,_compute_l10n_gcc_country_is_gcc
02 OTHER.zip,l10n_gcc_invoice,02 OTHER/l10n_gcc_invoice/models/product.py,ProductProduct,product.product,product_product,0,1,_compute_display_name
02 OTHER.zip,hr_payroll_attendance,02 OTHER/hr_payroll_attendance/models/hr_payslip.py,HrPayslip,hr.payslip,hr_payslip,1,2,_compute_attendance_count|action_open_attendances
02 OTHER.zip,planning_attendance,02 OTHER/planning_attendance/report/planning_attendance_analysis_report.py,PlanningAttendanceAnalysisReport,planning.attendance.analysis.report,planning_attendance_analysis_report,1,0,
02 OTHER.zip,analytic_enterprise,02 OTHER/analytic_enterprise/models/models.py,AccountAnalyticLine,account.analytic.line,account_analytic_line,1,0,
02 OTHER.zip,documents_fleet,02 OTHER/documents_fleet/models/fleet_vehicle.py,FleetVehicle,fleet.vehicle,fleet_vehicle,0,3,_compute_document_count|_check_create_documents|action_open_attachments
02 OTHER.zip,documents_fleet,02 OTHER/documents_fleet/models/res_company.py,ResCompany,res.company,res_company,1,1,_compute_documents_fleet_folder
02 OTHER.zip,l10n_tr_reports,02 OTHER/l10n_tr_reports/models/account_general_ledger.py,GeneralLedgerCustomHandler,account.general.ledger.report.handler,account_general_ledger_report_handler,7,1,action_view_waiting_nilvera_moves
02 OTHER.zip,mass_mailing_slides,02 OTHER/mass_mailing_slides/models/slide_channel.py,SlideChannel,slide.channel,slide_channel,0,1,action_mass_mailing_attendees
02 OTHER.zip,crm_iap_enrich,02 OTHER/crm_iap_enrich/models/res_config_settings.py,ResConfigSettings,res.config.settings,res_config_settings,1,0,
02 OTHER.zip,crm_iap_enrich,02 OTHER/crm_iap_enrich/models/crm_lead.py,CrmLead,crm.lead,crm_lead,4,2,_compute_show_enrich_button|create
02 OTHER.zip,payment_authorize,02 OTHER/payment_authorize/models/payment_provider.py,PaymentProvider,payment.provider,payment_provider,1,2,_compute_feature_support_fields|action_update_merchant_details
02 OTHER.zip,cloud_storage_google,02 OTHER/cloud_storage_google/models/res_config_settings.py,ResConfigSettings,res.config.settings,res_config_settings,2,2,_compute_cloud_storage_google_account_info|_check_cloud_storage_uninstallable
02 OTHER.zip,hr_recruitment_integration_website,02 OTHER/hr_recruitment_integration_website/wizard/hr_recruitment_post_job.py,HrRecruitmentPostJobWizard,hr.recruitment.post.job.wizard,hr_recruitment_post_job_wizard,3,5,_compute_post_html|_compute_job_apply_url|_check_fields_before_posting|action_post_job|action_generate_post
02 OTHER.zip,hr_recruitment_integration_website,02 OTHER/hr_recruitment_integration_website/models/hr_job_post.py,HrJobPost,hr.job.post,hr_job_post,1,1,_compute_apply_vector
02 OTHER.zip,certificate,02 OTHER/certificate/models/certificate.py,CertificateCertificate,certificate.certificate,certificate_certificate,5,3,_compute_private_key|_compute_pem_certificate|_compute_is_valid
02 OTHER.zip,certificate,02 OTHER/certificate/models/key.py,CertificateKey,certificate.key,certificate_key,6,1,_compute_pem_key
02 OTHER.zip,ai_fields,02 OTHER/ai_fields/models/models.py,Base,base,base,4,1,write
02 OTHER.zip,ai_fields,02 OTHER/ai_fields/models/ir_model_fields.py,IrModelFields,ir.model.fields,ir_model_fields,2,3,_compute_ai_domain|create|write
02 OTHER.zip,social_facebook,02 OTHER/social_facebook/models/social_post_template.py,SocialPostTemplate,social.post.template,social_post_template,6,4,_check_has_facebook_message_or_image|_compute_has_facebook_account|_compute_display_facebook_preview|_compute_facebook_preview
02 OTHER.zip,social_facebook,02 OTHER/social_facebook/models/social_post.py,SocialPost,social.post,social_post,1,1,_compute_stream_posts_count
02 OTHER.zip,social_facebook,02 OTHER/social_facebook/models/social_stream.py,SocialStream,social.stream,social_stream,2,0,
02 OTHER.zip,social_facebook,02 OTHER/social_facebook/models/social_live_post.py,SocialLivePost,social.live.post,social_live_post,0,1,_compute_live_post_link
02 OTHER.zip,social_facebook,02 OTHER/social_facebook/models/social_account.py,SocialAccount,social.account,social_account,1,5,_compute_stats_link|_compute_statistics|_compute_statistics_facebook_360d|_compute_statistics_facebook|create
02 OTHER.zip,social_facebook,02 OTHER/social_facebook/models/social_stream_post.py,SocialStreamPost,social.stream.post,social_stream_post,1,3,_compute_author_link|_compute_post_link|_compute_is_author
02 OTHER.zip,social_facebook,02 OTHER/social_facebook/models/social_media.py,SocialMedia,social.media,social_media,0,1,_action_add_account
02 OTHER.zip,social_facebook,02 OTHER/social_facebook/models/res_config_settings.py,ResConfigSettings,res.config.settings,res_config_settings,3,5,_onchange_facebook_use_own_account|_compute_facebook_app_id|_inverse_facebook_app_id|_compute_facebook_client_secret|_inverse_facebook_client_secret
02 OTHER.zip,l10n_ec_edi_pos,02 OTHER/l10n_ec_edi_pos/models/l10n_latam_identification_type.py,L10n_LatamIdentificationType,l10n_latam.identification.type,l10n_latam_identification_type,1,0,
02 OTHER.zip,l10n_ec_edi_pos,02 OTHER/l10n_ec_edi_pos/models/account_move.py,AccountMove,account.move,account_move,1,0,
02 OTHER.zip,l10n_ec_edi_pos,02 OTHER/l10n_ec_edi_pos/models/account_edi_format.py,AccountEdiFormat,account.edi.format,account_edi_format,0,1,_check_move_configuration
02 OTHER.zip,l10n_ec_edi_pos,02 OTHER/l10n_ec_edi_pos/models/pos_session.py,PosSession,pos.session,pos_session,1,0,
02 OTHER.zip,l10n_ec_edi_pos,02 OTHER/l10n_ec_edi_pos/models/res_partner.py,ResPartner,res.partner,res_partner,1,0,
02 OTHER.zip,base_address_extended,02 OTHER/base_address_extended/models/res_city.py,ResCity,res.city,res_city,1,1,_compute_display_name
02 OTHER.zip,base_address_extended,02 OTHER/base_address_extended/models/res_partner.py,ResPartner,res.partner,res_partner,5,4,_inverse_street_data|_compute_street_data|_onchange_city_id|_onchange_country_id
02 OTHER.zip,l10n_pl_reports_jpk_fa,02 OTHER/l10n_pl_reports_jpk_fa/models/jpk_fa_report.py,L10nPlJPKFAReportHandler,l10n.pl.reports.jpk.fa.report.handler,l10n_pl_reports_jpk_fa_report_handler,1,1,action_open_partner
02 OTHER.zip,l10n_br_edi_website_sale,02 OTHER/l10n_br_edi_website_sale/models/delivery_carrier.py,DeliveryCarrier,delivery.carrier,delivery_carrier,1,1,_compute_l10n_br_edi_transporter_id
02 OTHER.zip,website_hr_recruitment,02 OTHER/website_hr_recruitment/models/hr_job.py,HrJob,hr.job,hr_job,4,5,_compute_full_url|_compute_published_date|_onchange_website_published|_compute_website_url|action_archive
02 OTHER.zip,website_hr_recruitment,02 OTHER/website_hr_recruitment/models/website_page.py,WebsitePage,website.page,website_page,1,0,
02 OTHER.zip,website_hr_recruitment,02 OTHER/website_hr_recruitment/models/hr_recruitment_source.py,HrRecruitmentSource,hr.recruitment.source,hr_recruitment_source,1,1,_compute_url
02 OTHER.zip,project_sms,02 OTHER/project_sms/models/project_task.py,ProjectTask,project.task,project_task,1,2,create|write
02 OTHER.zip,project_sms,02 OTHER/project_sms/models/project_project.py,ProjectProject,project.project,project_project,1,2,create|write
02 OTHER.zip,test_mass_mailing,02 OTHER/test_mass_mailing/models/mailing_models_cornercase.py,MailingTestPartnerUnstored,mailing.test.partner.unstored,mailing_test_partner_unstored,1,1,_compute_partner_id
02 OTHER.zip,test_mass_mailing,02 OTHER/test_mass_mailing/models/mailing_models.py,MailingTestCustomer,mailing.test.customer,mailing_test_customer,1,1,_compute_email_from
02 OTHER.zip,payment_xendit,02 OTHER/payment_xendit/models/payment_provider.py,PaymentProvider,payment.provider,payment_provider,0,1,_compute_feature_support_fields
02 OTHER.zip,payment_xendit,02 OTHER/payment_xendit/models/payment_transaction.py,PaymentTransaction,payment.transaction,payment_transaction,1,0,
02 OTHER.zip,hr_attendance,02 OTHER/hr_attendance/models/hr_version.py,HrVersion,hr.version,hr_version,2,0,
02 OTHER.zip,hr_attendance,02 OTHER/hr_attendance/models/hr_employee_public.py,HrEmployeePublic,hr.employee.public,hr_employee_public,0,1,action_open_last_month_attendances
02 OTHER.zip,hr_attendance,02 OTHER/hr_attendance/models/ir_http.py,IrHttp,ir.http,ir_http,1,0,
02 OTHER.zip,hr_attendance,02 OTHER/hr_attendance/models/hr_attendance_overtime.py,HrAttendanceOvertimeLine,hr.attendance.overtime.line,hr_attendance_overtime_line,3,6,_compute_status|_compute_manual_duration|_compute_is_manager|action_approve|action_refuse|write
02 OTHER.zip,hr_attendance,02 OTHER/hr_attendance/models/res_company.py,ResCompany,res.company,res_company,1,4,_compute_attendance_kiosk_url|write|_check_hr_presence_control|_action_open_kiosk_mode
02 OTHER.zip,hr_attendance,02 OTHER/hr_attendance/models/hr_employee.py,HrEmployee,hr.employee,hr_employee,6,11,create|write|action_archive|_compute_total_overtime|_compute_hours_last_month|_compute_hours_today|_compute_last_attendance_id|_compute_attendance_state|action_open_last_month_attendances|_compute_presence_state|_compute_presence_icon
02 OTHER.zip,hr_attendance,02 OTHER/hr_attendance/models/res_config_settings.py,ResConfigSettings,res.config.settings,res_config_settings,1,0,
02 OTHER.zip,hr_attendance,02 OTHER/hr_attendance/models/hr_attendance.py,HrAttendance,hr.attendance,hr_attendance,14,21,_compute_date|_compute_expected_hours|_compute_color|_compute_overtime_status|_compute_overtime_hours|_compute_validated_overtime_hours|_compute_linked_overtime_ids|_compute_display_name|_compute_is_manager|_compute_worked_hours|_check_validity_check_in_check_out|_check_validity
02 OTHER.zip,hr_attendance,02 OTHER/hr_attendance/models/hr_attendance_overtime_rule.py,HrAttendanceOvertimeRule,hr.attendance.overtime.rule,hr_attendance_overtime_rule,4,3,_check_expected_hours|_check_work_schedule|_compute_information_display
02 OTHER.zip,hr_attendance,02 OTHER/hr_attendance/models/hr_attendance_overtime_ruleset.py,HrAttendanceOvertimeRuleset,hr.attendance.overtime.ruleset,hr_attendance_overtime_ruleset,0,2,_compute_rules_count|action_regenerate_overtimes
02 OTHER.zip,pos_safaricom,02 OTHER/pos_safaricom/models/pos_payment_method.py,PosPaymentMethod,pos.payment.method,pos_payment_method,2,1,create
02 OTHER.zip,l10n_se_sie_import,02 OTHER/l10n_se_sie_import/wizard/import_wizard.py,L10n_SeSieImportWizard,l10n_se.sie.import.wizard,l10n_se_sie_import_wizard,15,2,_check_company_data|action_import_sie
02 OTHER.zip,website_generator,02 OTHER/website_generator/models/generator.py,Website_GeneratorRequest,website_generator.request,website_generator_request,4,2,create|_compute_status_message
02 OTHER.zip,website_generator,02 OTHER/website_generator/models/website.py,Website,website,website,2,0,
02 OTHER.zip,auth_timeout,02 OTHER/auth_timeout/models/ir_http.py,IrHttp,ir.http,ir_http,1,1,_check_identity
02 OTHER.zip,auth_timeout,02 OTHER/auth_timeout/models/res_groups.py,ResGroups,res.groups,res_groups,11,15,_compute_has_lock_timeout|_compute_lock_timeout_delay_unit|_compute_lock_timeout_2fa_selection|_inverse_lock_timeout_2fa_selection|_compute_lock_timeout_inactivity_bool|_compute_lock_timeout_inactivity_delay_unit|_compute_lock_timeout_inactivity_2fa_selection|_inverse_lock_timeout_inactivity_2fa_selection|_onchange_has_lock_timeout|_onchange_lock_timeout_delay_unit|_onchange_has_lock_timeout_inactivity|_onchange_lock_timeout_inactivity_delay_unit
02 OTHER.zip,l10n_mx_reports,02 OTHER/l10n_mx_reports/models/account_account.py,AccountAccount,account.account,account_account,1,1,_compute_l10n_mx_is_sat_invalid
02 OTHER.zip,l10n_mx_reports,02 OTHER/l10n_mx_reports/models/account_diot.py,L10n_MxReportHandler,l10n_mx.report.handler,l10n_mx_report_handler,0,2,action_get_diot_txt|action_get_dpiva_txt
02 OTHER.zip,l10n_mx_reports,02 OTHER/l10n_mx_reports/models/trial_balance.py,AccountTrialBalanceReportHandler,account.trial.balance.report.handler,account_trial_balance_report_handler,0,3,_check_accounts_code_sat_validity|action_l10n_mx_generate_sat_xml|action_l10n_mx_generate_coa_sat_xml
02 OTHER.zip,l10n_mx_reports,02 OTHER/l10n_mx_reports/models/res_partner.py,ResPartner,res.partner,res_partner,2,2,_compute_type_of_third|_compute_nationality
02 OTHER.zip,payment_mollie,02 OTHER/payment_mollie/models/payment_transaction.py,PaymentTransaction,payment.transaction,payment_transaction,1,0,
02 OTHER.zip,pos_discount,02 OTHER/pos_discount/models/pos_config.py,PosConfig,pos.config,pos_config,1,0,
02 OTHER.zip,pos_discount,02 OTHER/pos_discount/models/product_template.py,ProductTemplate,product.template,product_template,1,0,
02 OTHER.zip,pos_discount,02 OTHER/pos_discount/models/res_config_settings.py,ResConfigSettings,res.config.settings,res_config_settings,1,1,_compute_pos_discount_product_id
02 OTHER.zip,l10n_us_account,02 OTHER/l10n_us_account/models/res_bank.py,ResBank,res.bank,res_bank,1,0,
02 OTHER.zip,quality,02 OTHER/quality/models/quality.py,QualityPoint,quality.point,quality_point,2,3,_compute_check_count|_compute_show_failure_location|create
02 OTHER.zip,quality,02 OTHER/quality/models/quality.py,QualityAlertTeam,quality.alert.team,quality_alert_team,1,2,_compute_check_count|_compute_alert_count
02 OTHER.zip,quality,02 OTHER/quality/models/quality.py,QualityCheck,quality.check,quality_check,5,7,_compute_alert_count|_compute_title|_compute_note|_compute_team_id|_compute_test_type_id|create|write
02 OTHER.zip,quality,02 OTHER/quality/models/quality.py,QualityAlert,quality.alert,quality_alert,4,2,create|write
02 OTHER.zip,l10n_us_1099,02 OTHER/l10n_us_1099/wizard/generate_1099_wizard.py,L10n_Us_1099Wizard,l10n_us_1099.wizard,l10n_us_1099_wizard,1,2,_compute_lines_to_export|action_generate
02 OTHER.zip,pos_account_tax_python,02 OTHER/pos_account_tax_python/models/account_tax.py,AccountTax,account.tax,account_tax,1,0,
02 OTHER.zip,esg_csrd,02 OTHER/esg_csrd/wizard/esg_metric_ask_feedback.py,EsgMetricAskFeedback,esg.metric.ask.feedback,esg_metric_ask_feedback,5,6,_compute_metric_ids|_compute_render_model|_compute_subject|_compute_body|_onchange_partner_ids|action_send
02 OTHER.zip,esg_csrd,02 OTHER/esg_csrd/models/esg_nace.py,EsgNace,esg.nace,esg_nace,1,1,_compute_complete_name
02 OTHER.zip,esg_csrd,02 OTHER/esg_csrd/models/esg_esrs.py,EsgESRS,esg.esrs,esg_esrs,1,1,_compute_complete_name
02 OTHER.zip,esg_csrd,02 OTHER/esg_csrd/models/knowledge_article.py,KnowledgeArticle,knowledge.article,knowledge_article,2,1,_compute_inherited_esg_report_id
02 OTHER.zip,esg_csrd,02 OTHER/esg_csrd/models/esg_metric.py,EsgMetric,esg.metric,esg_metric,11,20,_compute_state_color|_compute_impact_severity_score|_compute_display_impact_severity_score|_compute_financial_severity_score|_compute_display_financial_severity_score|_compute_materiality_type|_compute_materiality_type_color|_compute_priority|_compute_attachment_ids|_compute_stakeholder_impact_severity_score|_compute_stakeholder_financial_severity_score|_compute_survey_answer_statistic
02 OTHER.zip,esg_csrd,02 OTHER/esg_csrd/models/res_config_settings.py,ResConfigSettings,res.config.settings,res_config_settings,1,1,_compute_fiscal_year_dates
02 OTHER.zip,esg_csrd,02 OTHER/esg_csrd/models/esg_report.py,EsgReport,esg.report,esg_report,2,9,_compute_dates|create|write|action_set_to_draft|action_set_to_done|action_edit_esg_report|action_esg_report_pdf|action_update_materiality|action_open_knowledge_report_article
02 OTHER.zip,board,02 OTHER/board/models/board.py,BoardBoard,board.board,board_board,3,1,create
02 OTHER.zip,project_sale_expense,02 OTHER/project_sale_expense/models/hr_expense.py,HrExpense,hr.expense,hr_expense,0,2,_compute_analytic_distribution|action_post
02 OTHER.zip,l10n_be_hr_payroll,02 OTHER/l10n_be_hr_payroll/wizard/l10n_be_holiday_attest_wizard.py,L10nBeHolidayAttestWizard,l10n.be.holiday.attest.wizard,l10n_be_holiday_attest_wizard,1,2,_compute_currency_id|action_create_attest_line
02 OTHER.zip,l10n_be_hr_payroll,02 OTHER/l10n_be_hr_payroll/wizard/hr_payroll_employee_departure_notice.py,HrPayslipEmployeeDepatureNotice,hr.payslip.employee.depature.notice,hr_payslip_employee_depature_notice,8,6,_onchange_leaving_type_id|_compute_oldest_contract_id|_compute_actual_notice_duration|_compute_seniority_description|_compute_start_notice_period|_compute_end_notice_period
02 OTHER.zip,l10n_be_hr_payroll,02 OTHER/l10n_be_hr_payroll/wizard/l10n_be_double_pay_recovery_wizard.py,L10nBeDoublePayRecoveryWizard,l10n.be.double.pay.recovery.wizard,l10n_be_double_pay_recovery_wizard,5,5,_compute_months_count|_compute_line_ids|_compute_gross_salary|_compute_amounts_to_recover|action_validate
02 OTHER.zip,l10n_be_hr_payroll,02 OTHER/l10n_be_hr_payroll/wizard/l10n_be_group_insurance_wizard.py,L10nBeGroupInsuranceWizard,l10n.be.group.insurance.wizard,l10n_be_group_insurance_wizard,2,2,_compute_line_ids|action_export_xls
02 OTHER.zip,l10n_be_hr_payroll,02 OTHER/l10n_be_hr_payroll/wizard/l10n_be_hr_payroll_employee_lang.py,L10n_BeHrPayrollEmployeeLangWizard,l10n_be.hr.payroll.employee.lang.wizard,l10n_be_hr_payroll_employee_lang_wizard,0,1,action_validate
02 OTHER.zip,l10n_be_hr_payroll,02 OTHER/l10n_be_hr_payroll/wizard/l10n_be_hr_payroll_employee_lang.py,L10n_BeHrPayrollEmployeeLangWizardLine,l10n_be.hr.payroll.employee.lang.wizard.line,l10n_be_hr_payroll_employee_lang_wizard_line,1,0,
02 OTHER.zip,l10n_be_hr_payroll,02 OTHER/l10n_be_hr_payroll/wizard/l10n_be_social_balance_sheet.py,L10nBeSocialBalanceSheet,l10n.be.social.balance.sheet,l10n_be_social_balance_sheet,1,1,action_validate
02 OTHER.zip,l10n_be_hr_payroll,02 OTHER/l10n_be_hr_payroll/wizard/l10n_be_eco_vouchers_wizard.py,L10nBeEcoVouchersWizard,l10n.be.eco.vouchers.wizard,l10n_be_eco_vouchers_wizard,3,3,_compute_reference_period|_compute_line_ids|action_export_xls
02 OTHER.zip,l10n_be_hr_payroll,02 OTHER/l10n_be_hr_payroll/wizard/l10n_be_hr_payroll_schedule_change_wizard.py,L10n_BeHrPayrollScheduleChangeWizard,l10n_be.hr.payroll.schedule.change.wizard,l10n_be_hr_payroll_schedule_change_wizard,6,7,_compute_wages|_compute_full_time_off_allocation|_compute_new_allocation|_compute_time_off_allocation|_compute_leave_allocation_id|_compute_requires_new_contract|action_validate
02 OTHER.zip,l10n_be_hr_payroll,02 OTHER/l10n_be_hr_payroll/wizard/l10n_be_social_security_certificate.py,L10nBeSocialSecurityCertificate,l10n.be.social.security.certificate,l10n_be_social_security_certificate,1,1,action_validate
02 OTHER.zip,l10n_be_hr_payroll,02 OTHER/l10n_be_hr_payroll/wizard/hr_payroll_employee_departure_holiday_attest.py,HrPayslipEmployeeDepatureHolidayAttests,hr.payslip.employee.depature.holiday.attests,hr_payslip_employee_depature_holiday_attests,12,10,_compute_payslip_history|_compute_time_off_line_ids|_compute_number_n1_payslips_description|_compute_number_n_payslips_description|_compute_net_n|_compute_net_n1|_compute_fictitious_remuneration_n|_compute_fictitious_remuneration_n1|_compute_gross_reference_remuneration_n|_compute_gross_reference_remuneration_n1
02 OTHER.zip,l10n_be_hr_payroll,02 OTHER/l10n_be_hr_payroll/wizard/hr_payroll_allocating_paid_time_off.py,HrPayrollAllocPaidLeave,hr.payroll.alloc.paid.leave,hr_payroll_alloc_paid_leave,2,1,_compute_alloc_employee_ids
02 OTHER.zip,l10n_be_hr_payroll,02 OTHER/l10n_be_hr_payroll/wizard/l10n_be_december_slip_wizard.py,L10nBeDecemberSlipWizard,l10n.be.december.slip.wizard,l10n_be_december_slip_wizard,6,6,_compute_simple_december_pay|_compute_double_december_pay|_compute_remuneration_n1|_compute_holiday_pay_n1|_compute_holiday_pay_n|action_validate
02 OTHER.zip,l10n_be_hr_payroll,02 OTHER/l10n_be_hr_payroll/models/l10n_be_273S.py,L10n_Be273s,l10n_be.273s,l10n_be_273s,5,7,_compute_display_name|_compute_period|_compute_state|_compute_validation_state|action_generate_pdf|action_generate_xml|action_validate
02 OTHER.zip,l10n_be_hr_payroll,02 OTHER/l10n_be_hr_payroll/models/hr_version.py,HrVersion,hr.version,hr_version,32,28,_check_dependent|_check_l10n_be_group_insurance_rate|write|_compute_dependent_children|_compute_dependent_people|_compute_l10n_be_time_credit|_compute_l10n_be_is_below_scale|_onchange_has_hospital_insurance|_onchange_l10n_be_has_ambulatory_insurance|_compute_insured_relative_adults_total|_compute_insurance_amount|_check_discount_percentage
02 OTHER.zip,l10n_be_hr_payroll,02 OTHER/l10n_be_hr_payroll/models/hr_leave.py,HrLeave,hr.leave,hr_leave,1,4,_compute_can_relapse|_action_validate|_check_work_interval_between_dates|_check_consecutive_leaves
02 OTHER.zip,l10n_be_hr_payroll,02 OTHER/l10n_be_hr_payroll/models/l10n_be_274_XX.py,L10n_Be274_Xx,l10n_be.274_xx,l10n_be_274_xx,7,9,_compute_display_name|_compute_dates|_compute_validation_state|_check_l10n_be_company_number|_compute_line_ids|_compute_amounts|action_generate_pdf|action_generate_xml|action_generate_xls
02 OTHER.zip,l10n_be_hr_payroll,02 OTHER/l10n_be_hr_payroll/models/hr_payslip_run.py,HrPayslipRun,hr.payslip.run,hr_payslip_run,1,2,_compute_l10n_be_display_eco_voucher_button|action_l10n_be_eco_vouchers
02 OTHER.zip,l10n_be_hr_payroll,02 OTHER/l10n_be_hr_payroll/models/hr_payslip.py,HrPayslip,hr.payslip,hr_payslip,6,10,_compute_input_line_ids|_compute_worked_hours|_compute_l10n_be_is_december|_compute_work_entry_dependent_benefits|_compute_l10n_be_is_double_pay|_compute_l10n_be_has_eco_vouchers|_compute_l10n_be_max_seizable_amount|_compute_number_complete_months_of_work|_compute_presence_prorated_fixed_wage|action_payslip_done
02 OTHER.zip,l10n_be_hr_payroll,02 OTHER/l10n_be_hr_payroll/models/l10n_be_double_pay_recovery_line.py,L10nBeDoublePayRecoveryLine,l10n.be.double.pay.recovery.line,l10n_be_double_pay_recovery_line,1,1,_compute_display_name
02 OTHER.zip,l10n_be_hr_payroll,02 OTHER/l10n_be_hr_payroll/models/hr_dmfa.py,L10n_BeDmfa,l10n_be.dmfa,l10n_be_dmfa,8,9,_compute_name|_check_year|_compute_validation_state|_compute_xml_filename|_compute_pdf_filename|_compute_dates|_compute_onss_declaration_count|action_open_onss_declaration|action_create_onss_declaration
02 OTHER.zip,l10n_be_hr_payroll,02 OTHER/l10n_be_hr_payroll/models/hr_job.py,HrJob,hr.job,hr_job,1,1,_compute_display_be
02 OTHER.zip,l10n_be_hr_payroll,02 OTHER/l10n_be_hr_payroll/models/res_company.py,ResCompany,res.company,res_company,2,2,_check_l10n_be_company_number|_check_onss_company_id
02 OTHER.zip,l10n_be_hr_payroll,02 OTHER/l10n_be_hr_payroll/models/hr_employee.py,HrEmployee,hr.employee,hr_employee,14,19,_compute_first_contract_year|_compute_from_double_pay_line_ids|_inverse_double_pay_line_n_ids|_inverse_double_pay_line_n1_ids|_check_notice_period|_compute_l10n_be_holiday_pay_recovered|_compute_spouse_fiscal_status_explanation|_compute_niss|_onchange_disabled_children_bool|_onchange_other_dependent_people|_onchange_has_hospital_insurance|_onchange_l10n_be_has_ambulatory_insurance
02 OTHER.zip,l10n_be_hr_payroll,02 OTHER/l10n_be_hr_payroll/models/l10n_be_individual_account.py,L10n_BeIndividualAccount,l10n_be.individual.account,l10n_be_individual_account,1,2,_compute_name|action_generate_declarations
02 OTHER.zip,l10n_be_hr_payroll,02 OTHER/l10n_be_hr_payroll/models/hr_payslip_worked_days.py,HrPayslipWorkedDays,hr.payslip.worked_days,hr_payslip_worked_days,0,1,_compute_amount
02 OTHER.zip,l10n_be_hr_payroll,02 OTHER/l10n_be_hr_payroll/models/hr_work_entry_type.py,HrWorkEntryType,hr.work.entry.type,hr_work_entry_type,1,0,
02 OTHER.zip,l10n_be_hr_payroll,02 OTHER/l10n_be_hr_payroll/models/l10n_be_onss_declaration.py,L10nBeOnssDeclaration,l10n.be.onss.declaration,l10n_be_onss_declaration,8,6,_compute_name|_compute_onss_file_count|action_open_onss_file|_check_access_sftp_connection|action_test_sftp_connection|action_post
02 OTHER.zip,l10n_be_hr_payroll,02 OTHER/l10n_be_hr_payroll/models/l10n_be_onss_file.py,L10nBeOnssFile,l10n.be.onss.file,l10n_be_onss_file,3,3,_compute_file_description|_compute_file_content|_compute_form_creation_date
02 OTHER.zip,l10n_be_hr_payroll,02 OTHER/l10n_be_hr_payroll/models/l10n_be_281_45.py,L10n_Be281_45,l10n_be.281_45,l10n_be_281_45,5,5,action_generate_declarations|_compute_validation_state|_compute_display_name|_check_employees_configuration|action_generate_xml
02 OTHER.zip,l10n_be_hr_payroll,02 OTHER/l10n_be_hr_payroll/models/hr_work_entry.py,HrWorkEntry,hr.work.entry,hr_work_entry,1,1,create
02 OTHER.zip,l10n_be_hr_payroll,02 OTHER/l10n_be_hr_payroll/models/l10n_be_281_10.py,L10n_Be281_10,l10n_be.281_10,l10n_be_281_10,6,5,_compute_validation_state|_compute_display_name|_check_employees_configuration|action_generate_declarations|action_generate_xml
02 OTHER.zip,l10n_be_hr_payroll,02 OTHER/l10n_be_hr_payroll/models/l10n_be_schedule_change_allocation.py,L10n_BeScheduleChangeAllocation,l10n_be.schedule.change.allocation,l10n_be_schedule_change_allocation,1,0,
02 OTHER.zip,l10n_be_hr_payroll,02 OTHER/l10n_be_hr_payroll/report/l10n_be_hr_dmfa_report.py,ReportL10n_Be_Hr_PayrollDmfa_Pdf_Report,report.l10n_be_hr_payroll.dmfa_pdf_report,report_l10n_be_hr_payroll_dmfa_pdf_report,1,0,
02 OTHER.zip,l10n_be_hr_payroll,02 OTHER/l10n_be_hr_payroll/report/l10n_be_social_balance_report.py,ReportL10n_Be_Hr_PayrollReport_Social_Balance,report.l10n_be_hr_payroll.report_social_balance,report_l10n_be_hr_payroll_report_social_balance,1,0,
02 OTHER.zip,l10n_be_hr_payroll,02 OTHER/l10n_be_hr_payroll/report/l10n_be_hr_payroll_274_XX_sheet.py,ReportL10n_Be_Hr_Payroll_273s_274274_10,report.l10n_be_hr_payroll_273s_274.274_10,report_l10n_be_hr_payroll_273s_274_274_10,1,0,
02 OTHER.zip,l10n_be_hr_payroll,02 OTHER/l10n_be_hr_payroll/report/l10n_be_social_security_certificate_report.py,ReportL10n_Be_Hr_PayrollReport_Social_Security_Certificate,report.l10n_be_hr_payroll.report_social_security_certificate,report_l10n_be_hr_payroll_report_social_security_certificate,1,0,
02 OTHER.zip,l10n_be_hr_payroll,02 OTHER/l10n_be_hr_payroll/report/l10n_be_hr_payroll_273S_pdf.py,ReportL10n_Be_Hr_Payroll_273s_274273s,report.l10n_be_hr_payroll_273s_274.273s,report_l10n_be_hr_payroll_273s_274_273s,1,0,
02 OTHER.zip,l10n_be_hr_payroll,02 OTHER/l10n_be_hr_payroll/controllers/main.py,L10nBeHrPayrollEcoVoucherController,,,1,0,
02 OTHER.zip,l10n_be_hr_payroll,02 OTHER/l10n_be_hr_payroll/controllers/main.py,L10nBeHrPayrollGroupInsuranceController,,,1,0,
02 OTHER.zip,l10n_be_hr_payroll,02 OTHER/l10n_be_hr_payroll/controllers/main.py,L10nBeHrPayroll,,,1,0,
02 OTHER.zip,mrp_workorder_hr_account,02 OTHER/mrp_workorder_hr_account/models/mrp_workorder.py,MrpWorkorder,mrp.workorder,mrp_workorder,0,2,_compute_duration|action_cancel
02 OTHER.zip,l10n_do_check_printing,02 OTHER/l10n_do_check_printing/models/account_payment.py,AccountPayment,account.payment,account_payment,0,1,_check_build_page_info
02 OTHER.zip,ai_crm,02 OTHER/ai_crm/models/crm_lead.py,CrmLead,crm.lead,crm_lead,3,0,
02 OTHER.zip,l10n_de_pos_cert,02 OTHER/l10n_de_pos_cert/models/l10n_de_pos_dsfinvk_export.py,L10n_De_PosDsfinvk_Export,l10n_de_pos.dsfinvk_export,l10n_de_pos_dsfinvk_export,3,3,_check_datetime|_check_fiskaly_client_tss|create
02 OTHER.zip,l10n_de_pos_cert,02 OTHER/l10n_de_pos_cert/models/account_tax.py,AccountTax,account.tax,account_tax,1,1,_compute_l10n_de_vat_definition_export_identifier
02 OTHER.zip,l10n_de_pos_cert,02 OTHER/l10n_de_pos_cert/models/pos_config.py,PosConfig,pos.config,pos_config,2,3,create|write|unlink
02 OTHER.zip,l10n_de_pos_cert,02 OTHER/l10n_de_pos_cert/models/res_company.py,ResCompany,res.company,res_company,3,3,_compute_is_country_germany|write|_check_vat_definition_export_id
02 OTHER.zip,l10n_de_pos_cert,02 OTHER/l10n_de_pos_cert/models/pos_payment_method.py,PosPaymentMethod,pos.payment.method,pos_payment_method,1,0,
02 OTHER.zip,payment_paypal,02 OTHER/payment_paypal/models/payment_provider.py,PaymentProvider,payment.provider,payment_provider,0,1,action_paypal_create_webhook
02 OTHER.zip,payment_paypal,02 OTHER/payment_paypal/models/payment_transaction.py,PaymentTransaction,payment.transaction,payment_transaction,1,0,
02 OTHER.zip,industry_fsm_sale_report,02 OTHER/industry_fsm_sale_report/models/product_template.py,ProductTemplate,product.template,product_template,2,4,_compute_worksheet_template_id|create|write|_onchange_project
02 OTHER.zip,industry_fsm_sale_report,02 OTHER/industry_fsm_sale_report/models/product_product.py,ProductProduct,product.product,product_product,1,1,_onchange_project
02 OTHER.zip,industry_fsm_sale_report,02 OTHER/industry_fsm_sale_report/models/project_task.py,ProjectTask,project.task,project_task,2,2,_compute_display_sign_report_buttons|_compute_display_send_report_buttons
02 OTHER.zip,industry_fsm_sale_report,02 OTHER/industry_fsm_sale_report/models/project_project.py,ProjectProject,project.project,project_project,2,2,_onchange_allow_billable|_onchange_allow_worksheets
02 OTHER.zip,pos_enterprise_sms_whatsapp,02 OTHER/pos_enterprise_sms_whatsapp/models/pos_prep_order.py,PosPrepOrder,pos.prep.order,pos_prep_order,1,0,
02 OTHER.zip,social_youtube,02 OTHER/social_youtube/wizard/social_account_revoke_youtube.py,SocialAccountRevokeYoutube,social.account.revoke.youtube,social_account_revoke_youtube,0,1,action_revoke
02 OTHER.zip,social_youtube,02 OTHER/social_youtube/models/social_post.py,SocialPost,social.post,social_post,10,9,_check_has_message_or_image|_compute_stream_posts_count|_compute_youtube_access_token|_compute_youtube_preview|_compute_youtube_accounts_count|_compute_youtube_thumbnail_url|_compute_youtube_video_url|_check_post_access|create
02 OTHER.zip,social_youtube,02 OTHER/social_youtube/models/social_live_post.py,SocialLivePost,social.live.post,social_live_post,0,1,_compute_live_post_link
02 OTHER.zip,social_youtube,02 OTHER/social_youtube/models/social_account.py,SocialAccount,social.account,social_account,1,3,_compute_stats_link|create|action_youtube_revoke
02 OTHER.zip,social_youtube,02 OTHER/social_youtube/models/social_stream_post.py,SocialStreamPost,social.stream.post,social_stream_post,1,4,_compute_author_link|_compute_post_link|_compute_youtube_thumbnail_url|_compute_is_author
02 OTHER.zip,social_youtube,02 OTHER/social_youtube/models/social_media.py,SocialMedia,social.media,social_media,1,1,_action_add_account
02 OTHER.zip,social_youtube,02 OTHER/social_youtube/models/res_config_settings.py,ResConfigSettings,res.config.settings,res_config_settings,2,4,_compute_youtube_oauth_client_id|_inverse_youtube_oauth_client_id|_compute_youtube_oauth_client_secret|_inverse_youtube_oauth_client_secret
02 OTHER.zip,l10n_dk_reports,02 OTHER/l10n_dk_reports/wizard/tax_report_wizard.py,L10nDkTaxReportRSUCalendarWizard,l10n_dk_reports.tax.report.calendar.wizard,l10n_dk_reports_tax_report_calendar_wizard,1,2,action_call_company_calendar|_check_call_company_calendar
02 OTHER.zip,l10n_dk_reports,02 OTHER/l10n_dk_reports/wizard/tax_report_wizard.py,L10nDkTaxReportRSUSubmitDraftWizard,l10n_dk_reports.tax.report.submit.draft.wizard,l10n_dk_reports_tax_report_submit_draft_wizard,0,1,action_submit_draft
02 OTHER.zip,l10n_dk_reports,02 OTHER/l10n_dk_reports/wizard/tax_report_wizard.py,L10nDkTaxReportRSUReceiptWizard,l10n_dk_reports.tax.report.receipt.wizard,l10n_dk_reports_tax_report_receipt_wizard,0,3,action_receive_receipt|action_approve_tax_report|action_download_pdf
02 OTHER.zip,l10n_dk_reports,02 OTHER/l10n_dk_reports/wizard/ec_sales_list_submission_wizard.py,L10n_Dk_ReportsEcSalesListSubmissionWizard,l10n_dk_reports.ec.sales.list.submission.wizard,l10n_dk_reports_ec_sales_list_submission_wizard,0,1,action_proceed_with_submission
02 OTHER.zip,l10n_dk_reports,02 OTHER/l10n_dk_reports/models/account_return_type.py,AccountReturnType,account.return.type,account_return_type,1,0,
02 OTHER.zip,l10n_dk_reports,02 OTHER/l10n_dk_reports/models/account_general_ledger.py,AccountGeneralLedgerReportHandler,account.general.ledger.report.handler,account_general_ledger_report_handler,3,0,
02 OTHER.zip,l10n_dk_reports,02 OTHER/l10n_dk_reports/models/account_return.py,AccountReturn,account.return,account_return,1,1,action_submit
02 OTHER.zip,l10n_dk_reports,02 OTHER/l10n_dk_reports/models/tax_report.py,DanishReportCustomHandler,l10n_dk.tax.report.handler,l10n_dk_tax_report_handler,2,1,action_send_tax_report_rsu
02 OTHER.zip,website_helpdesk_knowledge,02 OTHER/website_helpdesk_knowledge/models/helpdesk.py,HelpdeskTeam,helpdesk.team,helpdesk_team,2,2,_compute_show_knowledge_base_article|_compute_latest_articles
02 OTHER.zip,website_helpdesk_knowledge,02 OTHER/website_helpdesk_knowledge/models/knowledge_article.py,KnowledgeArticle,knowledge.article,knowledge_article,1,1,write
02 OTHER.zip,sale_project_forecast,02 OTHER/sale_project_forecast/models/product_template.py,ProductTemplate,product.template,product_template,1,1,_compute_planning_enabled
02 OTHER.zip,sale_project_forecast,02 OTHER/sale_project_forecast/models/planning_slot.py,PlanningSlot,planning.slot,planning_slot,2,2,_compute_project_id|_compute_sale_line_id
02 OTHER.zip,l10n_bg_ledger,02 OTHER/l10n_bg_ledger/models/account_move.py,AccountMove,account.move,account_move,2,2,_compute_l10n_bg_document_type|_compute_l10n_bg_document_number
02 OTHER.zip,payment_toss_payments,02 OTHER/payment_toss_payments/models/payment_provider.py,PaymentProvider,payment.provider,payment_provider,1,2,_compute_toss_payments_webhook_url|_check_available_currency_ids_only_contains_supported_currencies
02 OTHER.zip,payment_toss_payments,02 OTHER/payment_toss_payments/models/payment_transaction.py,PaymentTransaction,payment.transaction,payment_transaction,2,1,_compute_reference
02 OTHER.zip,delivery_easypost,02 OTHER/delivery_easypost/wizard/carrier_type.py,DeliveryCarrierEasypost,delivery.carrier.easypost,delivery_carrier_easypost,0,1,action_validate
02 OTHER.zip,delivery_easypost,02 OTHER/delivery_easypost/models/easypost_request.py,EasypostRequest,,,0,1,_check_required_value
02 OTHER.zip,delivery_easypost,02 OTHER/delivery_easypost/models/delivery_carrier.py,DeliveryCarrier,delivery.carrier,delivery_carrier,1,4,_compute_can_generate_return|_compute_supports_shipping_insurance|action_get_carrier_type|_onchange_delivery_type
02 OTHER.zip,l10n_uk_bacs,02 OTHER/l10n_uk_bacs/models/account_move.py,AccountMove,account.move,account_move,3,2,_compute_bacs_has_usable_ddi|_compute_bacs_ddi_id
02 OTHER.zip,l10n_uk_bacs,02 OTHER/l10n_uk_bacs/models/account_batch_payment.py,AccountBatchPayment,account.batch.payment,account_batch_payment,1,1,_compute_bacs_submission_serial
02 OTHER.zip,l10n_uk_bacs,02 OTHER/l10n_uk_bacs/models/account_payment_method.py,AccountPaymentMethod,account.payment.method,account_payment_method,1,0,
02 OTHER.zip,l10n_uk_bacs,02 OTHER/l10n_uk_bacs/models/account_payment.py,AccountPayment,account.payment,account_payment,4,3,write|_check_bacs_bank_account|_compute_usable_ddi
02 OTHER.zip,l10n_uk_bacs,02 OTHER/l10n_uk_bacs/models/res_company.py,ResCompany,res.company,res_company,1,0,
02 OTHER.zip,l10n_uk_bacs,02 OTHER/l10n_uk_bacs/models/bacs_direct_debit_instruction.py,BacsDdi,bacs.ddi,bacs_ddi,4,9,_compute_suitable_journal_ids|_compute_from_moves|action_validate_ddi|action_cancel_draft_ddi|action_revoke_ddi|action_close_ddi|action_print_ddi|action_view_payments_to_collect|action_view_paid_invoices
02 OTHER.zip,sms,02 OTHER/sms/wizard/sms_account_sender.py,SmsAccountSender,sms.account.sender,sms_account_sender,1,2,_check_sender_name|action_set_sender_name
02 OTHER.zip,sms,02 OTHER/sms/wizard/sms_account_phone.py,SmsAccountPhone,sms.account.phone,sms_account_phone,0,1,action_send_verification_code
02 OTHER.zip,sms,02 OTHER/sms/wizard/sms_account_code.py,SmsAccountCode,sms.account.code,sms_account_code,0,1,action_register
02 OTHER.zip,sms,02 OTHER/sms/wizard/sms_composer.py,SmsComposer,sms.composer,sms_composer,12,17,_compute_composition_mode|_compute_res_model_description|_compute_res_ids_count|_compute_comment_single_recipient|_compute_recipients|_compute_recipient_single_stored|_compute_recipient_single_non_stored|_compute_recipient_single_valid|_compute_sanitized_numbers|_compute_body|action_send_sms|action_send_sms_mass_now
02 OTHER.zip,sms,02 OTHER/sms/wizard/sms_template_preview.py,SmsTemplatePreview,sms.template.preview,sms_template_preview,5,2,_compute_no_record|_compute_sms_template_fields
02 OTHER.zip,sms,02 OTHER/sms/models/ir_model.py,IrModel,ir.model,ir_model,1,1,_compute_is_mail_thread_sms
02 OTHER.zip,sms,02 OTHER/sms/models/mail_notification.py,MailNotification,mail.notification,mail_notification,1,1,_compute_sms_id
02 OTHER.zip,sms,02 OTHER/sms/models/sms_sms.py,SmsSms,sms.sms,sms_sms,3,5,create|_compute_sms_tracker_id|action_set_canceled|action_set_error|action_set_outgoing
02 OTHER.zip,sms,02 OTHER/sms/models/sms_tracker.py,SmsTracker,sms.tracker,sms_tracker,0,2,_action_update_from_provider_error|_action_update_from_sms_state
02 OTHER.zip,sms,02 OTHER/sms/models/mail_thread.py,MailThread,mail.thread,mail_thread,2,1,_compute_message_has_sms_error
02 OTHER.zip,sms,02 OTHER/sms/models/sms_template.py,SmsTemplate,sms.template,sms_template,2,4,_compute_render_model|unlink|action_create_sidebar_action|action_unlink_sidebar_action
02 OTHER.zip,sms,02 OTHER/sms/models/ir_actions_server.py,IrActionsServer,ir.actions.server,ir_actions_server,4,3,_compute_available_model_ids|_compute_sms_template_id|_compute_sms_method
02 OTHER.zip,sms,02 OTHER/sms/models/mail_message.py,MailMessage,mail.message,mail_message,0,1,_compute_has_sms_error
02 OTHER.zip,sms,02 OTHER/sms/models/iap_account.py,IapAccount,iap.account,iap_account,0,2,action_open_registration_wizard|action_open_sender_name_wizard
02 OTHER.zip,spreadsheet,02 OTHER/spreadsheet/models/res_lang.py,ResLang,res.lang,res_lang,2,0,
02 OTHER.zip,spreadsheet,02 OTHER/spreadsheet/models/ir_model.py,IrModel,ir.model,ir_model,1,0,
02 OTHER.zip,spreadsheet,02 OTHER/spreadsheet/models/res_currency.py,ResCurrency,res.currency,res_currency,1,0,
02 OTHER.zip,spreadsheet,02 OTHER/spreadsheet/models/res_currency_rate.py,ResCurrencyRate,res.currency.rate,res_currency_rate,2,0,
02 OTHER.zip,spreadsheet,02 OTHER/spreadsheet/models/spreadsheet_mixin.py,SpreadsheetMixin,spreadsheet.mixin,spreadsheet_mixin,5,5,_check_spreadsheet_data|_compute_spreadsheet_data|_inverse_spreadsheet_data|_compute_spreadsheet_file_name|_onchange_data_
02 OTHER.zip,mrp_workorder,02 OTHER/mrp_workorder/wizard/propose_change.py,ProposeChange,propose.change,propose_change,2,0,
02 OTHER.zip,mrp_workorder,02 OTHER/mrp_workorder/wizard/mrp_production_backorder.py,MrpProductionBackorder,mrp.production.backorder,mrp_production_backorder,0,2,action_close_mo|action_backorder
02 OTHER.zip,mrp_workorder,02 OTHER/mrp_workorder/models/stock_picking_type.py,StockPickingType,stock.picking.type,stock_picking_type,0,1,action_mrp_overview
02 OTHER.zip,mrp_workorder,02 OTHER/mrp_workorder/models/stock_move.py,StockMove,stock.move,stock_move,2,7,_compute_worksheet_document|_compute_manual_consumption|_action_assign|action_add_from_catalog_raw|action_pass|action_undo|action_add_from_quant
02 OTHER.zip,mrp_workorder,02 OTHER/mrp_workorder/models/mrp_production.py,MrpProduction,mrp.production,mrp_production,2,9,_compute_state_color|write|action_add_byproduct|action_add_component|action_add_workorder|action_log_note|action_open_shop_floor|_compute_employee_ids|action_load_samples
02 OTHER.zip,mrp_workorder,02 OTHER/mrp_workorder/models/mrp_workorder.py,MrpWorkorder,mrp.workorder,mrp_workorder,12,31,_compute_quality_point_ids|_compute_quality_point_count|_compute_is_last_lot|_compute_is_last_unfinished_wo|_compute_finished_product_check_ids|_compute_done_check_ids|unlink|action_back|action_cancel|action_generate_serial|action_menu|action_add_component
02 OTHER.zip,mrp_workorder,02 OTHER/mrp_workorder/models/quality.py,MrpRoutingWorkcenter,mrp.routing.workcenter,mrp_routing_workcenter,2,5,_compute_cost|_compute_quality_point_count|_compute_default_picking_type_ids|write|copy
02 OTHER.zip,mrp_workorder,02 OTHER/mrp_workorder/models/quality.py,QualityPoint,quality.point,quality_point,7,9,_onchange_bom_product_ids|_compute_bom_product_ids|_compute_component_ids|_compute_is_workorder_step|_compute_show_failure_location|_onchange_operation_id|_onchange_test_type_id|write|action_view_worksheet_document
02 OTHER.zip,mrp_workorder,02 OTHER/mrp_workorder/models/quality.py,QualityCheck,quality.check,quality_check,3,6,create|_compute_title|_compute_result|copy|action_print|action_next
02 OTHER.zip,mrp_workorder,02 OTHER/mrp_workorder/models/mrp_bom.py,MrpBom,mrp.bom,mrp_bom,1,2,_compute_quality_point_count|write
02 OTHER.zip,mrp_workorder,02 OTHER/mrp_workorder/models/mrp_workcenter.py,MrpWorkcenter,mrp.workcenter,mrp_workcenter,2,3,action_work_order|_compute_working_state|action_enable_routings
02 OTHER.zip,mrp_workorder,02 OTHER/mrp_workorder/models/mrp_workcenter.py,MrpWorkcenterProductivity,mrp.workcenter.productivity,mrp_workcenter_productivity,3,4,_compute_employee_cost|_compute_total_cost|_compute_employee|_check_open_time_ids
02 OTHER.zip,voip_onsip,02 OTHER/voip_onsip/models/res_users.py,ResUsers,res.users,res_users,2,1,_compute_onsip_auth_username
02 OTHER.zip,l10n_sa,02 OTHER/l10n_sa/models/account_move.py,AccountMove,account.move,account_move,2,4,_compute_show_delivery_date|_compute_qr_code_str|_compute_show_l10n_sa_reason|write
02 OTHER.zip,l10n_fr_hr_payroll,02 OTHER/l10n_fr_hr_payroll/report/fiche_paye.py,ReportL10n_Fr_Hr_PayrollReport_L10n_Fr_Fiche_Paye,report.l10n_fr_hr_payroll.report_l10n_fr_fiche_paye,report_l10n_fr_hr_payroll_report_l10n_fr_fiche_paye,1,0,
02 OTHER.zip,quality_control_worksheet,02 OTHER/quality_control_worksheet/wizard/quality_check_wizard.py,QualityCheckWizard,quality.check.wizard,quality_check_wizard,0,2,action_generate_next_window|action_generate_previous_window
02 OTHER.zip,quality_control_worksheet,02 OTHER/quality_control_worksheet/models/worksheet_template.py,WorksheetTemplate,worksheet.template,worksheet_template,8,0,
02 OTHER.zip,quality_control_worksheet,02 OTHER/quality_control_worksheet/models/quality.py,QualityCheck,quality.check,quality_check,3,8,_compute_worksheet_template_id|_compute_worksheet_count|create|action_open_quality_check_wizard|action_quality_worksheet|action_worksheet_check|action_worksheet_discard|action_generate_next_window
02 OTHER.zip,quality_control_worksheet,02 OTHER/quality_control_worksheet/report/worksheet_custom_reports.py,ReportQuality_ControlQuality_Worksheet,report.quality_control.quality_worksheet,report_quality_control_quality_worksheet,1,0,
02 OTHER.zip,website_studio,02 OTHER/website_studio/models/website_controller_page.py,WebsiteControllerPage,website.controller.page,website_controller_page,3,2,_compute_use_menu_auto_single_page|create
02 OTHER.zip,ai_website_livechat,02 OTHER/ai_website_livechat/models/ai_agent.py,AIAgent,ai.agent,ai_agent,1,0,
02 OTHER.zip,l10n_ph_check_printing,02 OTHER/l10n_ph_check_printing/models/account_payment.py,AccountPayment,account.payment,account_payment,2,4,_compute_check_amount_in_words|_compute_payment_method_line_id|_check_build_page_info|_check_fill_line
02 OTHER.zip,barcodes_gs1_nomenclature,02 OTHER/barcodes_gs1_nomenclature/models/barcode_nomenclature.py,BarcodeNomenclature,barcode.nomenclature,barcode_nomenclature,3,1,_check_pattern
02 OTHER.zip,barcodes_gs1_nomenclature,02 OTHER/barcodes_gs1_nomenclature/models/barcode_rule.py,BarcodeRule,barcode.rule,barcode_rule,1,1,_check_pattern
02 OTHER.zip,l10n_eu_oss,02 OTHER/l10n_eu_oss/models/res_company.py,ResCompany,res.company,res_company,1,0,
02 OTHER.zip,l10n_eu_oss,02 OTHER/l10n_eu_oss/models/res_config_settings.py,ResConfigSettings,res.config.settings,res_config_settings,1,1,_compute_l10n_eu_oss_european_country
02 OTHER.zip,helpdesk_account,02 OTHER/helpdesk_account/wizard/account_move_reversal.py,AccountMoveReversal,account.move.reversal,account_move_reversal,8,5,_compute_move_ids|_compute_suitable_moves|_compute_journal_id|_compute_suitable_sale_orders|_check_journal_type
02 OTHER.zip,helpdesk_account,02 OTHER/helpdesk_account/models/account_move.py,AccountMove,account.move,account_move,1,3,write|create|action_view_helpdesk_ticket
02 OTHER.zip,helpdesk_account,02 OTHER/helpdesk_account/models/helpdesk_ticket.py,HelpdeskTicket,helpdesk.ticket,helpdesk_ticket,1,2,_compute_credit_notes_count|action_view_credit_notes
02 OTHER.zip,l10n_tr,02 OTHER/l10n_tr/models/account_journal.py,AccountJournal,account.journal,account_journal,1,1,_compute_l10n_tr_default_sales_return_account_id
02 OTHER.zip,l10n_tr,02 OTHER/l10n_tr/models/account_move_line.py,AccountMoveLine,account.move.line,account_move_line,0,1,_compute_account_id
02 OTHER.zip,l10n_tr,02 OTHER/l10n_tr/models/product.py,ProductTemplate,product.template,product_template,1,1,create
02 OTHER.zip,payment_custom,02 OTHER/payment_custom/models/payment_provider.py,PaymentProvider,payment.provider,payment_provider,3,2,create|action_recompute_pending_msg
02 OTHER.zip,l10n_latam_invoice_document,02 OTHER/l10n_latam_invoice_document/models/account_move.py,AccountMove,account.move,account_move,12,13,_compute_name|_compute_name_placeholder|_compute_l10n_latam_manual_document_number|_compute_l10n_latam_use_documents|_compute_l10n_latam_document_number|_inverse_l10n_latam_document_number|_onchange_l10n_latam_document_type_id|_compute_highest_name|_check_l10n_latam_documents|_check_invoice_type_document_type|_compute_l10n_latam_available_document_types|_compute_l10n_latam_document_type
02 OTHER.zip,l10n_latam_invoice_document,02 OTHER/l10n_latam_invoice_document/models/account_journal.py,AccountJournal,account.journal,account_journal,5,5,_compute_l10n_latam_company_use_documents|_onchange_company|_compute_has_sequence_holes|_compute_debit_sequence|_compute_refund_sequence
02 OTHER.zip,l10n_latam_invoice_document,02 OTHER/l10n_latam_invoice_document/models/l10n_latam_document_type.py,L10n_LatamDocumentType,l10n_latam.document.type,l10n_latam_document_type,1,1,_compute_display_name
02 OTHER.zip,l10n_latam_invoice_document,02 OTHER/l10n_latam_invoice_document/wizards/account_move_reversal.py,AccountMoveReversal,account.move.reversal,account_move_reversal,5,4,_compute_l10n_latam_manual_document_number|_compute_document_type|_compute_documents_info|_onchange_l10n_latam_document_number
02 OTHER.zip,l10n_lt_saft,02 OTHER/l10n_lt_saft/models/account_general_ledger.py,AccountGeneralLedgerReportHandler,account.general.ledger.report.handler,account_general_ledger_report_handler,2,0,
02 OTHER.zip,hr_timesheet_attendance,02 OTHER/hr_timesheet_attendance/report/hr_timesheet_attendance_report.py,HrTimesheetAttendanceReport,hr.timesheet.attendance.report,hr_timesheet_attendance_report,1,0,
02 OTHER.zip,l10n_fr_fec_import,02 OTHER/l10n_fr_fec_import/wizard/import_wizard.py,AccountFecImportWizard,account.fec.import.wizard,account_fec_import_wizard,0,2,_check_rounding_issues|_check_imbalanced_journals
02 OTHER.zip,l10n_fr_fec_import,02 OTHER/l10n_fr_fec_import/models/res_company.py,ResCompany,res.company,res_company,1,0,
02 OTHER.zip,l10n_sa_hr_payroll,02 OTHER/l10n_sa_hr_payroll/models/hr_version.py,HrVersion,hr.version,hr_version,1,0,
02 OTHER.zip,l10n_sa_hr_payroll,02 OTHER/l10n_sa_hr_payroll/models/hr_payslip_run.py,HrPayslipRun,hr.payslip.run,hr_payslip_run,0,1,action_payment_report
02 OTHER.zip,l10n_sa_hr_payroll,02 OTHER/l10n_sa_hr_payroll/models/hr_payslip.py,HrPayslip,hr.payslip,hr_payslip,2,2,_compute_input_line_ids|action_payslip_payment_report
02 OTHER.zip,l10n_sa_hr_payroll,02 OTHER/l10n_sa_hr_payroll/models/hr_salary_attachment.py,HrSalaryAttachment,hr.salary.attachment,hr_salary_attachment,0,1,action_create_loan_payslip
02 OTHER.zip,l10n_sa_hr_payroll,02 OTHER/l10n_sa_hr_payroll/models/res_bank.py,ResBank,res.bank,res_bank,1,1,_check_l10n_sa_sarie_code
02 OTHER.zip,l10n_sa_hr_payroll,02 OTHER/l10n_sa_hr_payroll/models/hr_employee.py,HrEmployee,hr.employee,hr_employee,0,1,_compute_l10n_sa_remaining_annual_leave_balance
02 OTHER.zip,l10n_ph_reports,02 OTHER/l10n_ph_reports/wizard/vat_report_export.py,L10n_Ph_ReportsDatFileExport,l10n_ph_reports.dat.file.export,l10n_ph_reports_dat_file_export,2,3,_compute_attachment_for|_compute_dat_export_warning|action_export_dat
02 OTHER.zip,l10n_ph_reports,02 OTHER/l10n_ph_reports/models/l10n_ph_generic_report.py,L10n_PhGenericReportHandler,l10n_ph.generic.report.handler,l10n_ph_generic_report_handler,4,0,
02 OTHER.zip,quality_repair,02 OTHER/quality_repair/models/repair.py,RepairOrder,repair.order,repair_order,1,10,_compute_quality_check_counts|_compute_quality_alert_count|create|write|action_open_quality_checks|action_open_quality_alerts|action_check_quality|_action_repair_confirm|action_repair_done|action_repair_cancel
02 OTHER.zip,quality_repair,02 OTHER/quality_repair/models/quality.py,QualityPoint,quality.point,quality_point,1,1,_check_picking_type_code
02 OTHER.zip,quality_repair,02 OTHER/quality_repair/models/quality.py,QualityCheck,quality.check,quality_check,5,5,_compute_allowed_product_ids|_compute_hide_picking_id|_compute_hide_production_id|_compute_hide_repair_id|_check_allowed_product_ids_with_repair
02 OTHER.zip,l10n_ae_hr_payroll,02 OTHER/l10n_ae_hr_payroll/models/hr_version.py,HrVersion,hr.version,hr_version,2,1,_compute_total_salary
02 OTHER.zip,l10n_ae_hr_payroll,02 OTHER/l10n_ae_hr_payroll/models/hr_payslip_run.py,HrPayslipRun,hr.payslip.run,hr_payslip_run,0,1,action_payment_report
02 OTHER.zip,l10n_ae_hr_payroll,02 OTHER/l10n_ae_hr_payroll/models/hr_payslip.py,HrPayslip,hr.payslip,hr_payslip,5,5,_compute_l10n_ae_worked_values|_compute_l10n_ae_hourly_wage|_compute_l10n_ae_basic_salary|_compute_input_line_ids|action_payslip_payment_report
02 OTHER.zip,l10n_ae_hr_payroll,02 OTHER/l10n_ae_hr_payroll/models/res_bank.py,ResBank,res.bank,res_bank,1,1,_check_l10n_ae_routing_code
02 OTHER.zip,l10n_ae_hr_payroll,02 OTHER/l10n_ae_hr_payroll/models/res_company.py,ResCompany,res.company,res_company,1,1,_check_l10n_ae_employer_code
02 OTHER.zip,l10n_ae_hr_payroll,02 OTHER/l10n_ae_hr_payroll/models/hr_employee.py,HrEmployee,hr.employee,hr_employee,0,2,_compute_l10n_ae_total_unpaid_days|_compute_l10n_ae_annual_leave_days
02 OTHER.zip,l10n_ae_hr_payroll,02 OTHER/l10n_ae_hr_payroll/models/hr_leave_type.py,HrLeaveType,hr.leave.type,hr_leave_type,1,1,_compute_l10n_ae_is_annual_leave
02 OTHER.zip,mrp_subcontracting,02 OTHER/mrp_subcontracting/wizard/change_production_qty.py,ChangeProductionQty,change.production.qty,change_production_qty,1,0,
02 OTHER.zip,mrp_subcontracting,02 OTHER/mrp_subcontracting/wizard/mrp_production_serial_numbers.py,MrpProductionSerials,mrp.production.serials,mrp_production_serials,0,1,action_apply
02 OTHER.zip,mrp_subcontracting,02 OTHER/mrp_subcontracting/models/stock_location.py,StockLocation,stock.location,stock_location,1,2,_check_subcontracting_location|_check_access_putaway
02 OTHER.zip,mrp_subcontracting,02 OTHER/mrp_subcontracting/models/mrp_unbuild.py,MrpProduction,mrp.production,mrp_production,0,1,button_unbuild
02 OTHER.zip,mrp_subcontracting,02 OTHER/mrp_subcontracting/models/stock_warehouse.py,StockWarehouse,stock.warehouse,stock_warehouse,1,2,create|write
02 OTHER.zip,mrp_subcontracting,02 OTHER/mrp_subcontracting/models/stock_move_line.py,StockMoveLine,stock.move.line,stock_move_line,2,4,_onchange_serial_number|write|unlink|create
02 OTHER.zip,mrp_subcontracting,02 OTHER/mrp_subcontracting/models/stock_move.py,StockMove,stock.move,stock_move,3,10,_compute_show_subcontracting_details_visible|_compute_show_info|_compute_is_quantity_done_editable|write|create|action_show_details|action_show_subcontract_details|_action_cancel|_action_confirm|_check_access_if_subcontractor
02 OTHER.zip,mrp_subcontracting,02 OTHER/mrp_subcontracting/models/res_company.py,ResCompany,res.company,res_company,1,0,
02 OTHER.zip,mrp_subcontracting,02 OTHER/mrp_subcontracting/models/stock_picking.py,StockPicking,stock.picking,stock_picking,3,5,_compute_show_subcontracting_details_visible|_compute_location_id|_compute_show_lots_text|_action_done|action_show_subcontract_details
02 OTHER.zip,mrp_subcontracting,02 OTHER/mrp_subcontracting/models/product.py,ProductSupplierinfo,product.supplierinfo,product_supplierinfo,1,1,_compute_is_subcontractor
02 OTHER.zip,mrp_subcontracting,02 OTHER/mrp_subcontracting/models/mrp_production.py,MrpProduction,mrp.production,mrp_production,1,6,_compute_move_line_raw_ids|_compute_bom_product_ids|_inverse_move_line_raw_ids|write|action_merge|action_split_subcontracting
02 OTHER.zip,mrp_subcontracting,02 OTHER/mrp_subcontracting/models/res_partner.py,ResPartner,res.partner,res_partner,0,4,_compute_bom_ids|_compute_production_ids|_compute_picking_ids|_compute_is_subcontractor
02 OTHER.zip,mrp_subcontracting,02 OTHER/mrp_subcontracting/models/mrp_bom.py,MrpBom,mrp.bom,mrp_bom,1,1,_check_subcontracting_no_operation
02 OTHER.zip,mrp_subcontracting,02 OTHER/mrp_subcontracting/report/mrp_report_bom_structure.py,ReportMrpReport_Bom_Structure,report.mrp.report_bom_structure,report_mrp_report_bom_structure,5,0,
02 OTHER.zip,gamification,02 OTHER/gamification/wizard/grant_badge.py,GamificationBadgeUserWizard,gamification.badge.user.wizard,gamification_badge_user_wizard,0,1,action_grant_badge
02 OTHER.zip,gamification,02 OTHER/gamification/wizard/update_goal.py,GamificationGoalWizard,gamification.goal.wizard,gamification_goal_wizard,0,1,action_update_current
02 OTHER.zip,gamification,02 OTHER/gamification/models/gamification_challenge.py,GamificationChallenge,gamification.challenge,gamification_challenge,5,8,_compute_user_count|create|write|action_start|action_check|action_report_progress|action_view_users|_check_challenge_reward
02 OTHER.zip,gamification,02 OTHER/gamification/models/gamification_goal_definition.py,GamificationGoalDefinition,gamification.goal.definition,gamification_goal_definition,2,5,_compute_full_suffix|_check_domain_validity|_check_model_validity|create|write
02 OTHER.zip,gamification,02 OTHER/gamification/models/gamification_badge_user.py,GamificationBadgeUser,gamification.badge.user,gamification_badge_user,1,1,create
02 OTHER.zip,gamification,02 OTHER/gamification/models/gamification_karma_rank.py,GamificationKarmaRank,gamification.karma.rank,gamification_karma_rank,2,3,_compute_rank_users_count|create|write
02 OTHER.zip,gamification,02 OTHER/gamification/models/gamification_karma_tracking.py,GamificationKarmaTracking,gamification.karma.tracking,gamification_karma_tracking,4,3,_compute_gain|_compute_origin_ref_model_name|create
02 OTHER.zip,gamification,02 OTHER/gamification/models/res_users.py,ResUsers,res.users,res_users,4,4,_compute_karma|create|write|action_karma_report
02 OTHER.zip,gamification,02 OTHER/gamification/models/gamification_badge.py,GamificationBadge,gamification.badge,gamification_badge,3,0,
02 OTHER.zip,gamification,02 OTHER/gamification/models/gamification_goal.py,GamificationGoal,gamification.goal,gamification_goal,3,8,_compute_color|_check_remind_delay|action_start|action_reach|action_fail|action_cancel|create|write
02 OTHER.zip,pos_online_payment_self_order,02 OTHER/pos_online_payment_self_order/models/pos_config.py,PosConfig,pos.config,pos_config,2,1,_check_self_order_online_payment_method_id
02 OTHER.zip,pos_online_payment_self_order,02 OTHER/pos_online_payment_self_order/models/pos_payment_method.py,PosPaymentMethod,pos.payment.method,pos_payment_method,1,0,
02 OTHER.zip,pos_online_payment_self_order,02 OTHER/pos_online_payment_self_order/models/pos_order.py,PosOrder,pos.order,pos_order,4,5,_compute_use_self_order_online_payment|create|write|_compute_online_payment_method_id|_check_pos_order
02 OTHER.zip,quality_iot,02 OTHER/quality_iot/models/iot.py,IotDevice,iot.device,iot_device,1,1,_compute_qcp_test_type
02 OTHER.zip,sale_subscription_stock,02 OTHER/sale_subscription_stock/models/sale_order.py,SaleOrder,sale.order,sale_order,1,1,_compute_recurring_stock_products
02 OTHER.zip,sale_subscription_stock,02 OTHER/sale_subscription_stock/models/sale_order_line.py,SaleOrderLine,sale.order.line,sale_order_line,2,2,_compute_qty_delivered|_action_launch_stock_rule
02 OTHER.zip,sale_subscription_stock,02 OTHER/sale_subscription_stock/models/stock_picking.py,StockPicking,stock.picking,stock_picking,0,1,_action_done
02 OTHER.zip,stock_maintenance,02 OTHER/stock_maintenance/models/stock_location.py,StockLocation,stock.location,stock_location,0,2,_compute_equipment_count|action_view_equipments_records
02 OTHER.zip,stock_maintenance,02 OTHER/stock_maintenance/models/maintenance.py,MaintenanceEquipment,maintenance.equipment,maintenance_equipment,1,2,_compute_match_serial|action_open_matched_serial
02 OTHER.zip,l10n_de_pos_res_cert,02 OTHER/l10n_de_pos_res_cert/models/pos_order.py,PosOrder,pos.order,pos_order,5,1,_check_config_germany_floor
02 OTHER.zip,test_sale_subscription,02 OTHER/test_sale_subscription/models/sale_order.py,SaleOrder,sale.order,sale_order,2,0,
02 OTHER.zip,pos_pricer,02 OTHER/pos_pricer/models/pos_config.py,PosConfig,pos.config,pos_config,1,0,
02 OTHER.zip,pos_pricer,02 OTHER/pos_pricer/models/product_template.py,ProductTemplate,product.template,product_template,0,1,write
02 OTHER.zip,pos_pricer,02 OTHER/pos_pricer/models/product_product.py,ProductProduct,product.product,product_product,1,2,write|_onchange_compute_pricing
02 OTHER.zip,pos_pricer,02 OTHER/pos_pricer/models/stock_move.py,StockMove,stock.move,stock_move,0,1,write
02 OTHER.zip,pos_pricer,02 OTHER/pos_pricer/models/pricer_store.py,PricerStore,pricer.store,pricer_store,4,5,_compute_auth_url|_compute_create_or_update_products_url|_compute_link_tags_url|_check_pricer_store_identifier|action_button_update_pricer_tags
02 OTHER.zip,pos_pricer,02 OTHER/pos_pricer/models/pricer_tag.py,PricerTag,pricer.tag,pricer_tag,1,2,_check_tag_id|write
02 OTHER.zip,pos_iot_six,02 OTHER/pos_iot_six/wizard/add_six_terminal.py,Pos_Iot_SixAdd_Six_Terminal,pos_iot_six.add_six_terminal,pos_iot_six_add_six_terminal,1,1,action_add_payment_method
02 OTHER.zip,mail,02 OTHER/mail/tests/test_res_partner.py,TestPartner,,,0,1,_check_find_or_create
02 OTHER.zip,mail,02 OTHER/mail/wizard/mail_activity_schedule.py,MailActivitySchedule,mail.activity.schedule,mail_activity_schedule,22,26,_compute_res_model_id|_compute_res_ids|_compute_company_id|_compute_error|_compute_is_batch_mode|_compute_plan_available_ids|_compute_plan_id|_onchange_plan_id|_compute_plan_date|_compute_plan_schedule_line_ids|_compute_activity_type_id|_onchange_activity_type_id
02 OTHER.zip,mail,02 OTHER/mail/wizard/mail_compose_message.py,MailComposeMessage,mail.compose.message,mail_compose_message,32,40,_check_res_ids|_check_res_domain|_compute_subject|_compute_body|_compute_attachment_ids|_compute_email_add_signature|_compute_email_layout_xmlid|_compute_authorship|_compute_composition_batch|_compute_model|_compute_model_is_thread|_compute_res_ids
02 OTHER.zip,mail,02 OTHER/mail/wizard/mail_blacklist_remove.py,MailBlacklistRemove,mail.blacklist.remove,mail_blacklist_remove,0,1,action_unblacklist_apply
02 OTHER.zip,mail,02 OTHER/mail/wizard/mail_template_preview.py,MailTemplatePreview,mail.template.preview,mail_template_preview,7,5,_compute_no_record|_compute_mail_template_fields|_compute_has_attachments|_compute_has_several_languages_installed|_compute_resource_ref
02 OTHER.zip,mail,02 OTHER/mail/models/update.py,Publisher_WarrantyContract,publisher_warranty.contract,publisher_warranty_contract,2,0,
02 OTHER.zip,mail,02 OTHER/mail/models/mail_followers.py,MailFollowers,mail.followers,mail_followers,3,4,create|write|unlink|_compute_display_name
02 OTHER.zip,mail,02 OTHER/mail/models/ir_mail_server.py,IrMail_Server,ir.mail_server,ir_mail_server,3,1,_check_forced_mail_server
02 OTHER.zip,mail,02 OTHER/mail/models/mail_blacklist.py,MailBlacklist,mail.blacklist,mail_blacklist,1,3,create|write|action_add
02 OTHER.zip,mail,02 OTHER/mail/models/mail_activity_plan.py,MailActivityPlan,mail.activity.plan,mail_activity_plan,4,4,_compute_res_model_id|_check_res_model_compatibility_with_templates|_compute_steps_count|_compute_has_user_on_demand
02 OTHER.zip,mail,02 OTHER/mail/models/ir_model.py,IrModel,ir.model,ir_model,1,2,unlink|write
02 OTHER.zip,mail,02 OTHER/mail/models/mail_notification.py,MailNotification,mail.notification,mail_notification,2,2,create|write
02 OTHER.zip,mail,02 OTHER/mail/models/mail_push.py,MailPush,mail.push,mail_push,1,0,
02 OTHER.zip,mail,02 OTHER/mail/models/mail_link_preview.py,MailLinkPreview,mail.link.preview,mail_link_preview,3,0,
02 OTHER.zip,mail,02 OTHER/mail/models/models.py,Base,base,base,6,1,unlink
02 OTHER.zip,mail,02 OTHER/mail/models/mail_activity_plan_template.py,MailActivityPlanTemplate,mail.activity.plan.template,mail_activity_plan_template,7,7,_check_activity_type_res_model|_check_responsible|_compute_next_activity_ids|_compute_note|_compute_responsible_id|_compute_responsible_type|_compute_summary
02 OTHER.zip,mail,02 OTHER/mail/models/res_users_settings_volumes.py,ResUsersSettingsVolumes,res.users.settings.volumes,res_users_settings_volumes,1,1,_compute_display_name
02 OTHER.zip,mail,02 OTHER/mail/models/mail_alias_mixin_optional.py,MailAliasMixinOptional,mail.alias.mixin.optional,mail_alias_mixin_optional,3,4,_compute_alias_email|create|write|unlink
02 OTHER.zip,mail,02 OTHER/mail/models/ir_attachment.py,IrAttachment,ir.attachment,ir_attachment,1,1,_compute_has_thumbnail
02 OTHER.zip,mail,02 OTHER/mail/models/mail_activity_type.py,MailActivityType,mail.activity.type,mail_activity_type,6,11,_check_activity_type_res_model|_onchange_res_model|_compute_initial_res_model|_compute_delay_label|_compute_suggested_next_type_ids|_inverse_suggested_next_type_ids|_compute_triggered_next_type_id|_inverse_triggered_next_type_id|write|action_archive|unlink
02 OTHER.zip,mail,02 OTHER/mail/models/mail_scheduled_message.py,MailScheduledMessage,mail.scheduled.message,mail_scheduled_message,7,5,_check_model|_check_scheduled_date|create|unlink|write
02 OTHER.zip,mail,02 OTHER/mail/models/res_users_settings.py,ResUsersSettings,res.users.settings,res_users_settings,1,0,
02 OTHER.zip,mail,02 OTHER/mail/models/mail_message_subtype.py,MailMessageSubtype,mail.message.subtype,mail_message_subtype,2,3,create|write|unlink
02 OTHER.zip,mail,02 OTHER/mail/models/fetchmail.py,FetchmailServer,fetchmail.server,fetchmail_server,5,5,_compute_server_type_info|create|write|unlink|button_confirm_login
02 OTHER.zip,mail,02 OTHER/mail/models/mail_alias_domain.py,MailAliasDomain,mail.alias.domain,mail_alias_domain,9,8,_compute_bounce_email|_compute_catchall_email|_compute_default_from_email|_check_bounce_catchall_uniqueness|_check_name|create|write|_check_default_from_not_used_by_users
02 OTHER.zip,mail,02 OTHER/mail/models/mail_template.py,MailTemplate,mail.template,mail_template,9,14,_compute_has_dynamic_reports|_compute_has_mail_server|_compute_render_model|_compute_can_write|_compute_is_template_editor|_compute_template_category|_onchange_model|_check_abstract_models|_check_can_be_rendered|create|write|unlink
02 OTHER.zip,mail,02 OTHER/mail/models/mail_gateway_allowed.py,MailGatewayAllowed,mail.gateway.allowed,mail_gateway_allowed,2,1,_compute_email_normalized
02 OTHER.zip,mail,02 OTHER/mail/models/mail_push_device.py,MailPushDevice,mail.push.device,mail_push_device,3,0,
02 OTHER.zip,mail,02 OTHER/mail/models/mail_render_mixin.py,MailRenderMixin,mail.render.mixin,mail_render_mixin,16,4,_compute_render_model|create|write|_check_access_right_dynamic_template
02 OTHER.zip,mail,02 OTHER/mail/models/ir_ui_menu.py,IrUiMenu,ir.ui.menu,ir_ui_menu,1,0,
02 OTHER.zip,mail,02 OTHER/mail/models/mail_message_schedule.py,MailMessageSchedule,mail.message.schedule,mail_message_schedule,4,1,create
02 OTHER.zip,mail,02 OTHER/mail/models/mail_thread.py,MailThread,mail.thread,mail_thread,31,12,_compute_message_partner_ids|_inverse_message_partner_ids|_compute_message_is_follower|_compute_has_message|_compute_message_needaction|_compute_message_has_error|_compute_message_attachment_count|create|write|unlink|_compute_field_value|_check_can_update_message_content
02 OTHER.zip,mail,02 OTHER/mail/models/res_company.py,ResCompany,res.company,res_company,3,3,_compute_bounce|_compute_catchall|_compute_email_formatted
02 OTHER.zip,mail,02 OTHER/mail/models/mail_presence.py,MailPresence,mail.presence,mail_presence,4,3,create|write|unlink
02 OTHER.zip,mail,02 OTHER/mail/models/ir_model_fields.py,IrModelFields,ir.model.fields,ir_model_fields,0,1,unlink
02 OTHER.zip,mail,02 OTHER/mail/models/mail_tracking_value.py,MailTrackingValue,mail.tracking.value,mail_tracking_value,2,0,
02 OTHER.zip,mail,02 OTHER/mail/models/mail_activity.py,MailActivity,mail.activity,mail_activity,16,27,_compute_has_recommended_activities|_onchange_previous_activity_type_id|_compute_date_done|_compute_res_name|_compute_state|_compute_state_from_date|_compute_can_write|_onchange_activity_type_id|_onchange_recommended_activity_type_id|_check_access|create|write
02 OTHER.zip,mail,02 OTHER/mail/models/ir_config_parameter.py,IrConfig_Parameter,ir.config_parameter,ir_config_parameter,2,2,create|write
02 OTHER.zip,mail,02 OTHER/mail/models/mail_alias.py,MailAlias,mail.alias,mail_alias,11,10,_check_alias_domain_id_mc|_check_alias_is_ascii|_check_alias_defaults|_check_alias_domain_clash|_compute_alias_full_name|_compute_display_name|_compute_alias_status|create|write|_check_unique
02 OTHER.zip,mail,02 OTHER/mail/models/mail_thread_cc.py,MailThreadCc,mail.thread.cc,mail_thread_cc,1,0,
02 OTHER.zip,mail,02 OTHER/mail/models/res_users.py,ResUsers,res.users,res_users,12,12,_compute_has_external_mail_server|_compute_notification_type|_compute_is_out_of_office|_compute_im_status|_inverse_notification_type|_compute_can_edit_role|_compute_outgoing_mail_server_id|create|write|action_archive|action_setup_outgoing_mail_server|action_test_outgoing_mail_server
02 OTHER.zip,mail,02 OTHER/mail/models/mail_composer_mixin.py,MailComposerMixin,mail.composer.mixin,mail_composer_mixin,6,6,_compute_subject|_compute_body|_compute_body_has_template_value|_compute_lang|_compute_is_mail_template_editor|_compute_can_edit_body
02 OTHER.zip,mail,02 OTHER/mail/models/res_config_settings.py,ResConfigSettings,res.config.settings,res_config_settings,0,1,_compute_fail_counter
02 OTHER.zip,mail,02 OTHER/mail/models/template_reset_mixin.py,TemplateResetMixin,template.reset.mixin,template_reset_mixin,1,1,create
02 OTHER.zip,mail,02 OTHER/mail/models/mail_activity_mixin.py,MailActivityMixin,mail.activity.mixin,mail_activity_mixin,9,8,_compute_activity_exception_type|_compute_activity_user_id|_compute_activity_state|_compute_activity_date_deadline|_compute_my_activity_date_deadline|action_reschedule_my_next_today|action_reschedule_my_next_tomorrow|action_reschedule_my_next_nextweek
02 OTHER.zip,mail,02 OTHER/mail/models/mail_mail.py,MailMail,mail.mail,mail_mail,6,11,_check_mail_server_id|_compute_body_content|_compute_mail_message_id_int|_compute_restricted_attachments|_inverse_unrestricted_attachment_ids|create|write|unlink|action_retry|action_open_document|action_send_and_close
02 OTHER.zip,mail,02 OTHER/mail/models/mail_canned_response.py,MailCannedResponse,mail.canned.response,mail_canned_response,4,5,_compute_is_shared|_compute_is_editable|create|write|unlink
02 OTHER.zip,mail,02 OTHER/mail/models/mail_tracking_duration_mixin.py,MailTrackingDurationMixin,mail.tracking.duration.mixin,mail_tracking_duration_mixin,1,2,_compute_duration_tracking|_compute_rotting
02 OTHER.zip,mail,02 OTHER/mail/models/ir_actions_server.py,IrActionsServer,ir.actions.server,ir_actions_server,10,8,_compute_available_model_ids|_compute_template_id|_compute_mail_post_autofollow|_compute_mail_post_method|_compute_followers_type|_compute_followers_info|_compute_activity_info|_compute_activity_user_info
02 OTHER.zip,mail,02 OTHER/mail/models/mail_message.py,MailMessage,mail.message,mail_message,20,12,_compute_preview|_compute_linked_message_ids|_compute_record_name|_compute_is_current_user_or_guest_author|_compute_needaction|_compute_has_error|_compute_starred|_check_access|create|write|unlink|action_open_document
02 OTHER.zip,mail,02 OTHER/mail/models/res_partner.py,ResPartner,res.partner,res_partner,9,2,_compute_contact_address_inline|_compute_im_status
02 OTHER.zip,mail,02 OTHER/mail/models/mail_thread_blacklist.py,MailThreadBlacklist,mail.thread.blacklist,mail_thread_blacklist,4,2,_compute_email_normalized|_compute_is_blacklisted
02 OTHER.zip,sale_stock,02 OTHER/sale_stock/wizard/accrued_orders.py,AccountAccruedOrdersWizard,account.accrued.orders.wizard,account_accrued_orders_wizard,1,0,
02 OTHER.zip,sale_stock,02 OTHER/sale_stock/models/account_move.py,AccountMove,account.move,account_move,2,2,_compute_delivery_date|_compute_incoterm_location
02 OTHER.zip,sale_stock,02 OTHER/sale_stock/models/sale_order.py,SaleOrder,sale.order,sale_order,8,13,_compute_effective_date|_compute_delivery_status|_compute_expected_date|_compute_late_availability|_check_warehouse|write|_compute_json_popover|_action_confirm|_compute_picking_ids|_compute_warehouse_id|_onchange_partner_shipping_id|action_view_delivery
02 OTHER.zip,sale_stock,02 OTHER/sale_stock/models/sale_order_line.py,SaleOrderLine,sale.order.line,sale_order_line,9,13,_compute_warehouse_id|_compute_qty_to_deliver|_compute_qty_at_date|_compute_is_mto|_compute_qty_delivered_method|_compute_qty_delivered|_compute_invoice_status|create|write|_compute_product_updatable|_compute_customer_lead|_inverse_customer_lead
02 OTHER.zip,sale_stock,02 OTHER/sale_stock/models/product_template.py,ProductTemplate,product.template,product_template,2,2,_compute_expense_policy|_compute_service_type
02 OTHER.zip,sale_stock,02 OTHER/sale_stock/models/stock.py,StockMove,stock.move,stock_move,3,4,_compute_packaging_uom_id|_compute_description_picking|_action_synch_order|write
02 OTHER.zip,sale_stock,02 OTHER/sale_stock/models/stock.py,StockPicking,stock.picking,stock_picking,2,3,_compute_sale_id|_compute_move_type|_action_done
02 OTHER.zip,sale_stock,02 OTHER/sale_stock/models/stock.py,StockLot,stock.lot,stock_lot,1,2,_compute_sale_order_ids|action_view_so
02 OTHER.zip,sale_stock,02 OTHER/sale_stock/models/res_config_settings.py,ResConfigSettings,res.config.settings,res_config_settings,1,1,_onchange_use_security_lead
02 OTHER.zip,sale_stock,02 OTHER/sale_stock/report/report_stock_rule.py,ReportStockReport_Stock_Rule,report.stock.report_stock_rule,report_stock_report_stock_rule,1,0,
02 OTHER.zip,sale_stock,02 OTHER/sale_stock/report/stock_valuation_report.py,StockValuationReport,stock_account.stock.valuation.report,stock_account_stock_valuation_report,0,1,_compute_goods_delivered_not_invoiced
02 OTHER.zip,l10n_syscohada_reports,02 OTHER/l10n_syscohada_reports/models/account_report.py,AccountReport,account.report,account_report,0,1,_compute_is_account_coverage_report_available
02 OTHER.zip,base_geolocalize,02 OTHER/base_geolocalize/models/base_geocoder.py,BaseGeocoder,base.geocoder,base_geocoder,8,0,
02 OTHER.zip,base_geolocalize,02 OTHER/base_geolocalize/models/res_partner.py,ResPartner,res.partner,res_partner,1,1,write
02 OTHER.zip,mrp_landed_costs,02 OTHER/mrp_landed_costs/models/stock_landed_cost.py,StockLandedCost,stock.landed.cost,stock_landed_cost,1,1,_onchange_target_model
02 OTHER.zip,l10n_id_hr_payroll,02 OTHER/l10n_id_hr_payroll/models/hr_version.py,HrVersion,hr.version,hr_version,1,0,
02 OTHER.zip,l10n_id_hr_payroll,02 OTHER/l10n_id_hr_payroll/models/hr_payslip.py,HrPayslip,hr.payslip,hr_payslip,1,1,_compute_l10n_id_include_pkp_ptkp
02 OTHER.zip,l10n_fr_account,02 OTHER/l10n_fr_account/wizard/account_fr_fec_export_wizard.py,L10n_FrFecExportWizard,l10n_fr.fec.export.wizard,l10n_fr_fec_export_wizard,1,1,_onchange_export_file
02 OTHER.zip,l10n_fr_account,02 OTHER/l10n_fr_account/models/account_move.py,AccountMove,account.move,account_move,3,2,_compute_l10n_fr_is_company_french|_compute_show_delivery_date
02 OTHER.zip,l10n_fr_account,02 OTHER/l10n_fr_account/models/base_document_layout.py,BaseDocumentLayout,base.document.layout,base_document_layout,1,0,
02 OTHER.zip,l10n_fr_account,02 OTHER/l10n_fr_account/models/res_partner.py,ResPartner,res.partner,res_partner,1,1,_compute_company_registry_placeholder
02 OTHER.zip,hr_expense_stripe_demo,02 OTHER/hr_expense_stripe_demo/wizard/hr_expense_stripe_test_shipping_wizard.py,HrExpenseStripeCardShippingWizard,hr.expense.stripe.test.shipping.wizard,hr_expense_stripe_test_shipping_wizard,0,1,action_update_shipping_status
02 OTHER.zip,hr_expense_stripe_demo,02 OTHER/hr_expense_stripe_demo/wizard/hr_expense_stripe_test_purchase_wizard.py,HrExpenseStripeTestPurchaseWizard,hr.expense.stripe.test.purchase.wizard,hr_expense_stripe_test_purchase_wizard,0,1,action_test_purchase
02 OTHER.zip,hr_expense_stripe_demo,02 OTHER/hr_expense_stripe_demo/wizard/hr_expense_stripe_topup_wizard.py,HrExpenseStripeTopupWizard,hr.expense.stripe.topup.wizard,hr_expense_stripe_topup_wizard,0,1,action_simulate_topup
02 OTHER.zip,hr_expense_stripe_demo,02 OTHER/hr_expense_stripe_demo/models/res_company.py,ResCompany,res.company,res_company,0,1,action_create_stripe_account
02 OTHER.zip,hr_expense_stripe_demo,02 OTHER/hr_expense_stripe_demo/models/hr_expense_stripe_card.py,HrExpenseStripeCard,hr.expense.stripe.card,hr_expense_stripe_card,1,3,_compute_card_number|action_create_test_purchase|action_open_shipping_wizard
02 OTHER.zip,web,02 OTHER/web/models/ir_model.py,IrModel,ir.model,ir_model,4,0,
02 OTHER.zip,web,02 OTHER/web/models/ir_http.py,IrHttp,ir.http,ir_http,2,0,
02 OTHER.zip,web,02 OTHER/web/models/models.py,Base,base,base,14,0,
02 OTHER.zip,web,02 OTHER/web/models/models.py,ResCompany,res.company,res_company,1,2,create|write
02 OTHER.zip,web,02 OTHER/web/models/res_users_settings.py,ResUsersSettings,res.users.settings,res_users_settings,1,0,
02 OTHER.zip,web,02 OTHER/web/models/base_document_layout.py,BaseDocumentLayout,base.document.layout,base_document_layout,12,8,_compute_custom_colors|_compute_logo_colors|_compute_preview|_onchange_company_id|_onchange_custom_colors|_onchange_report_layout_id|_onchange_logo|_compute_empty_company_details
02 OTHER.zip,web,02 OTHER/web/models/res_users_settings_embedded_action.py,ResUsersSettingsEmbeddedAction,res.users.settings.embedded.action,res_users_settings_embedded_action,2,3,_check_embedded_actions_order|_check_embedded_actions_visibility|_check_embedded_actions_field_format
02 OTHER.zip,web,02 OTHER/web/models/ir_qweb_fields.py,IrQwebFieldImage,ir.qweb.field.image,ir_qweb_field_image,1,0,
02 OTHER.zip,web,02 OTHER/web/models/properties_base_definition.py,PropertiesBaseDefinition,properties.base.definition,properties_base_definition,1,0,
02 OTHER.zip,web,02 OTHER/web/models/res_users.py,ResUsers,res.users,res_users,1,0,
02 OTHER.zip,web,02 OTHER/web/controllers/binary.py,Binary,,,7,0,
02 OTHER.zip,web,02 OTHER/web/controllers/database.py,Database,,,9,1,create
02 OTHER.zip,web,02 OTHER/web/controllers/export.py,Export,,,3,0,
02 OTHER.zip,web,02 OTHER/web/controllers/export.py,ExcelExport,,,1,0,
02 OTHER.zip,web,02 OTHER/web/controllers/json.py,WebJsonController,,,2,1,_check_json_route_active
02 OTHER.zip,l10n_in_sale,02 OTHER/l10n_in_sale/models/sale_order.py,SaleOrder,sale.order,sale_order,1,1,_compute_fiscal_position_id
02 OTHER.zip,data_recycle,02 OTHER/data_recycle/models/data_recycle_record.py,Data_RecycleRecord,data_recycle.record,data_recycle_record,3,4,_compute_name|_compute_company_id|action_validate|action_discard
02 OTHER.zip,data_recycle,02 OTHER/data_recycle/models/data_recycle_model.py,Data_RecycleModel,data_recycle.model,data_recycle_model,4,6,_check_recycle_action|_compute_domain|_compute_name|_compute_records_to_recycle_count|write|action_recycle_records
02 OTHER.zip,l10n_co_edi,02 OTHER/l10n_co_edi/models/account_edi_format.py,AccountEdiFormat,account.edi.format,account_edi_format,3,1,_check_move_configuration
02 OTHER.zip,l10n_co_edi,02 OTHER/l10n_co_edi/models/account_journal.py,AccountJournal,account.journal,account_journal,2,1,_compute_l10n_co_edi_is_support_document
02 OTHER.zip,l10n_co_edi,02 OTHER/l10n_co_edi/models/account_invoice.py,AccountMove,account.move,account_move,3,4,_compute_l10n_co_edi_type|_compute_operation_type|_compute_l10n_co_edi_is_direct_payment|button_draft
02 OTHER.zip,l10n_co_edi,02 OTHER/l10n_co_edi/models/res_partner.py,ResPartner,res.partner,res_partner,1,0,
02 OTHER.zip,l10n_co_edi,02 OTHER/l10n_co_edi/controllers/portal.py,L10nCOPortalAccount,,,1,0,
02 OTHER.zip,base_iban,02 OTHER/base_iban/models/res_partner_bank.py,ResPartnerBank,res.partner.bank,res_partner_bank,4,3,create|write|_check_iban
02 OTHER.zip,pos_account_reports,02 OTHER/pos_account_reports/tests/test_account_reports.py,POSTestTaxReport,,,0,1,_check_tax_report_content
02 OTHER.zip,documents_l10n_mx_hr_payroll_account_edi,02 OTHER/documents_l10n_mx_hr_payroll_account_edi/models/hr_payslip.py,HrPayslip,hr.payslip,hr_payslip,0,1,_compute_cfdi_access_url
02 OTHER.zip,hr_recruitment,02 OTHER/hr_recruitment/wizard/applicant_send_mail.py,ApplicantSendMail,applicant.send.mail,applicant_send_mail,1,2,_compute_render_model|action_send
02 OTHER.zip,hr_recruitment,02 OTHER/hr_recruitment/wizard/mail_activity_schedule.py,MailActivitySchedule,mail.activity.schedule,mail_activity_schedule,0,1,_compute_plan_department_filterable
02 OTHER.zip,hr_recruitment,02 OTHER/hr_recruitment/wizard/job_add_applicants.py,JobAddApplicants,job.add.applicants,job_add_applicants,0,1,action_add_applicants_to_job
02 OTHER.zip,hr_recruitment,02 OTHER/hr_recruitment/wizard/talent_pool_add_applicants.py,TalentPoolAddApplicants,talent.pool.add.applicants,talent_pool_add_applicants,0,1,action_add_applicants_to_pool
02 OTHER.zip,hr_recruitment,02 OTHER/hr_recruitment/wizard/applicant_refuse_reason.py,ApplicantGetRefuseReason,applicant.get.refuse.reason,applicant_get_refuse_reason,7,8,_compute_send_mail|_compute_applicant_without_email|_compute_duplicate_applicant_ids_domain|_compute_duplicate_applicant_ids|_compute_render_model|_compute_template_id|_compute_from_template_id|action_refuse_reason_apply
02 OTHER.zip,hr_recruitment,02 OTHER/hr_recruitment/models/digest.py,DigestDigest,digest.digest,digest_digest,0,2,_compute_kpi_hr_recruitment_new_colleagues_value|_compute_kpis_actions
02 OTHER.zip,hr_recruitment,02 OTHER/hr_recruitment/models/mail_activity_plan.py,MailActivityPlan,mail.activity.plan,mail_activity_plan,0,1,_compute_department_assignable
02 OTHER.zip,hr_recruitment,02 OTHER/hr_recruitment/models/hr_department.py,HrDepartment,hr.department,hr_department,0,2,_compute_new_applicant_count|_compute_recruitment_stats
02 OTHER.zip,hr_recruitment,02 OTHER/hr_recruitment/models/hr_job.py,HrJob,hr.job,hr_job,7,19,_compute_no_of_hired_employee|_compute_activities|_compute_extended_interviewer_ids|_compute_is_favorite|_inverse_is_favorite|_compute_document_ids|_compute_all_application_count|_compute_application_count|_compute_open_application_count|_compute_employee_count|_compute_new_application_count|_compute_applicant_hired
02 OTHER.zip,hr_recruitment,02 OTHER/hr_recruitment/models/calendar.py,CalendarEvent,calendar.event,calendar_event,2,2,create|_compute_is_highlighted
02 OTHER.zip,hr_recruitment,02 OTHER/hr_recruitment/models/hr_recruitment_stage.py,HrRecruitmentStage,hr.recruitment.stage,hr_recruitment_stage,2,1,_compute_is_warning_visible
02 OTHER.zip,hr_recruitment,02 OTHER/hr_recruitment/models/hr_employee.py,HrEmployee,hr.employee,hr_employee,1,1,create
02 OTHER.zip,hr_recruitment,02 OTHER/hr_recruitment/models/hr_talent_pool.py,HrTalentPool,hr.talent.pool,hr_talent_pool,0,2,_compute_talent_count|action_talent_pool_add_talents
02 OTHER.zip,hr_recruitment,02 OTHER/hr_recruitment/models/hr_applicant.py,HrApplicant,hr.applicant,hr_applicant,24,31,_check_talent_pool_required|_compute_talent_pool_count|_compute_partner_phone_sanitized|_compute_partner_phone_email|_inverse_partner_email|_compute_application_count|_compute_is_pool|_compute_is_applicant_in_pool|_compute_day|_compute_delay|_compute_meeting_display|_compute_application_status
02 OTHER.zip,hr_recruitment,02 OTHER/hr_recruitment/models/hr_recruitment_source.py,HrRecruitmentSource,hr.recruitment.source,hr_recruitment_source,0,2,_compute_has_domain|unlink
02 OTHER.zip,hr_recruitment,02 OTHER/hr_recruitment/models/hr_job_platform.py,HrJobPlatform,hr.job.platform,hr_job_platform,1,2,create|write
02 OTHER.zip,test_testing_utilities,02 OTHER/test_testing_utilities/models/models.py,Test_Testing_UtilitiesA,test_testing_utilities.a,test_testing_utilities_a,2,1,_compute_f4
02 OTHER.zip,test_testing_utilities,02 OTHER/test_testing_utilities/models/models.py,Test_Testing_UtilitiesReadonly,test_testing_utilities.readonly,test_testing_utilities_readonly,1,1,_compute_f2
02 OTHER.zip,test_testing_utilities,02 OTHER/test_testing_utilities/models/models.py,Test_Testing_UtilitiesC,test_testing_utilities.c,test_testing_utilities_c,1,0,
02 OTHER.zip,test_testing_utilities,02 OTHER/test_testing_utilities/models/models.py,Test_Testing_UtilitiesD,test_testing_utilities.d,test_testing_utilities_d,1,0,
02 OTHER.zip,test_testing_utilities,02 OTHER/test_testing_utilities/models/models.py,Test_Testing_UtilitiesE,test_testing_utilities.e,test_testing_utilities_e,1,0,
02 OTHER.zip,test_testing_utilities,02 OTHER/test_testing_utilities/models/models.py,Test_Testing_UtilitiesF,test_testing_utilities.f,test_testing_utilities_f,1,0,
02 OTHER.zip,test_testing_utilities,02 OTHER/test_testing_utilities/models/models.py,Test_Testing_UtilitiesParent,test_testing_utilities.parent,test_testing_utilities_parent,1,1,_onchange_values
02 OTHER.zip,test_testing_utilities,02 OTHER/test_testing_utilities/models/models.py,Test_Testing_UtilitiesSub,test_testing_utilities.sub,test_testing_utilities_sub,3,3,_onchange_value|_compute_name|_onchange_has_parent
02 OTHER.zip,test_testing_utilities,02 OTHER/test_testing_utilities/models/models.py,Test_Testing_UtilitiesDefault,test_testing_utilities.default,test_testing_utilities_default,1,1,_onchange_value
02 OTHER.zip,test_testing_utilities,02 OTHER/test_testing_utilities/models/models.py,Test_Testing_UtilitiesSub3,test_testing_utilities.sub3,test_testing_utilities_sub3,2,2,_onchange_value|_compute_name
02 OTHER.zip,test_testing_utilities,02 OTHER/test_testing_utilities/models/models.py,Test_Testing_UtilitiesOnchange_Parent,test_testing_utilities.onchange_parent,test_testing_utilities_onchange_parent,1,1,_onchange_line_ids
02 OTHER.zip,test_testing_utilities,02 OTHER/test_testing_utilities/models/models.py,Test_Testing_UtilitiesOnchange_Line,test_testing_utilities.onchange_line,test_testing_utilities_onchange_line,1,1,_onchange_flag
02 OTHER.zip,test_testing_utilities,02 OTHER/test_testing_utilities/models/models.py,Test_Testing_UtilitiesOnchange_Count,test_testing_utilities.onchange_count,test_testing_utilities_onchange_count,1,1,_onchange_count
02 OTHER.zip,test_testing_utilities,02 OTHER/test_testing_utilities/models/models.py,O2m_Readonly_Subfield_Child,o2m_readonly_subfield_child,o2m_readonly_subfield_child,1,2,_compute_f|_inverse_f
02 OTHER.zip,test_testing_utilities,02 OTHER/test_testing_utilities/models/models.py,O2m_Changes_Parent,o2m_changes_parent,o2m_changes_parent,1,1,_onchange_name
02 OTHER.zip,test_testing_utilities,02 OTHER/test_testing_utilities/models/models.py,O2m_Changes_Children,o2m_changes_children,o2m_changes_children,1,1,_onchange_v
02 OTHER.zip,test_testing_utilities,02 OTHER/test_testing_utilities/models/nested_o2m.py,TtuRoot,ttu.root,ttu_root,2,1,_onchange_producing
02 OTHER.zip,test_testing_utilities,02 OTHER/test_testing_utilities/models/nested_o2m.py,TtuChild,ttu.child,ttu_child,1,0,
02 OTHER.zip,payment,02 OTHER/payment/models/payment_provider.py,PaymentProvider,payment.provider,payment_provider,13,15,_compute_available_currency_ids|_compute_color|_compute_feature_support_fields|_onchange_state_switch_is_published|_onchange_state_warn_before_disabling_tokens|_onchange_company_block_if_existing_transactions|_check_manual_capture_supported_by_payment_methods|create|write|_check_required_if_provider|button_immediate_install|action_start_onboarding
02 OTHER.zip,payment,02 OTHER/payment/models/payment_transaction.py,PaymentTransaction,payment.transaction,payment_transaction,9,12,_compute_primary_payment_method_id|_compute_refunds_count|_check_state_authorized_supported|_check_token_is_active|create|action_view_refunds|action_capture|action_void|action_refund|action_post_process|_compute_reference|_compute_reference_prefix
02 OTHER.zip,payment,02 OTHER/payment/models/payment_method.py,PaymentMethod,payment.method,payment_method,3,5,_compute_is_primary|_onchange_warn_before_disabling_tokens|_onchange_provider_ids_warn_before_attaching_payment_method|_check_manual_capture_supported_by_providers|write
02 OTHER.zip,payment,02 OTHER/payment/models/res_country.py,ResCountry,res.country,res_country,1,1,_compute_provider_support
02 OTHER.zip,payment,02 OTHER/payment/models/payment_token.py,PaymentToken,payment.token,payment_token,4,4,_compute_display_name|create|write|_check_partner_is_never_public
02 OTHER.zip,payment,02 OTHER/payment/models/res_company.py,ResCompany,res.company,res_company,1,1,create
02 OTHER.zip,payment,02 OTHER/payment/models/res_partner.py,ResPartner,res.partner,res_partner,1,1,_compute_payment_token_count
02 OTHER.zip,payment,02 OTHER/payment/wizards/payment_capture_wizard.py,PaymentCaptureWizard,payment.capture.wizard,payment_capture_wizard,10,11,_compute_authorized_amount|_compute_captured_amount|_compute_voided_amount|_compute_available_amount|_compute_amount_to_capture|_compute_is_amount_to_capture_valid|_compute_support_partial_capture|_compute_has_draft_children|_compute_has_remaining_amount|_check_amount_to_capture_within_boundaries|action_capture
02 OTHER.zip,payment,02 OTHER/payment/wizards/res_config_settings.py,ResConfigSettings,res.config.settings,res_config_settings,3,4,_compute_active_provider_id|_compute_has_enabled_provider|_compute_onboarding_payment_module|action_view_active_provider
02 OTHER.zip,payment,02 OTHER/payment/wizards/payment_link_wizard.py,PaymentLinkWizard,payment.link.wizard,payment_link_wizard,4,3,_compute_warning_message|_compute_company_id|_compute_link
02 OTHER.zip,documents_hr,02 OTHER/documents_hr/models/hr_version.py,HrVersion,hr.version,hr_version,0,1,_check_create_documents
02 OTHER.zip,documents_hr,02 OTHER/documents_hr/models/hr_employee_public.py,HrEmployeePublic,hr.employee.public,hr_employee_public,0,1,action_see_documents
02 OTHER.zip,documents_hr,02 OTHER/documents_hr/models/res_company.py,ResCompany,res.company,res_company,1,2,create|write
02 OTHER.zip,documents_hr,02 OTHER/documents_hr/models/hr_employee.py,HrEmployee,hr.employee,hr_employee,1,5,_check_create_documents|_compute_document_count|create|write|action_open_documents
02 OTHER.zip,pos_self_order_adyen,02 OTHER/pos_self_order_adyen/models/pos_payment_method.py,PosPaymentMethod,pos.payment.method,pos_payment_method,2,0,
02 OTHER.zip,esg_hr,02 OTHER/esg_hr/report/esg_employee_report.py,EsgEmployeeReport,esg.employee.report,esg_employee_report,1,0,
02 OTHER.zip,event_product,02 OTHER/event_product/models/event_type_ticket.py,EventTypeTicket,event.type.ticket,event_type_ticket,5,3,_compute_price|_compute_description|_compute_price_reduce
02 OTHER.zip,event_product,02 OTHER/event_product/models/event_registration.py,EventRegistration,event.registration,event_registration,0,1,_compute_registration_status
02 OTHER.zip,event_product,02 OTHER/event_product/models/product_product.py,ProductProduct,product.product,product_product,1,1,_check_event_ticket_service_tracking
02 OTHER.zip,event_product,02 OTHER/event_product/models/event_event_ticket.py,EventEventTicket,event.event.ticket,event_event_ticket,2,3,_compute_sale_available|_compute_price_reduce_taxinc|_compute_price_incl
02 OTHER.zip,l10n_mx_edi_stock,02 OTHER/l10n_mx_edi_stock/models/fleet_vehicle.py,FleetVehicle,fleet.vehicle,fleet_vehicle,1,1,_check_trailers
02 OTHER.zip,l10n_mx_edi_stock,02 OTHER/l10n_mx_edi_stock/models/product_template.py,ProductTemplate,product.template,product_template,1,1,_compute_hazardous_material_fields
02 OTHER.zip,l10n_mx_edi_stock,02 OTHER/l10n_mx_edi_stock/models/l10n_mx_edi_hazardous_material.py,L10n_Mx_EdiHazardousMaterial,l10n_mx_edi.hazardous.material,l10n_mx_edi_hazardous_material,1,1,_compute_display_name
02 OTHER.zip,l10n_mx_edi_stock,02 OTHER/l10n_mx_edi_stock/models/stock_move.py,StockMove,stock.move,stock_move,1,1,_compute_l10n_mx_edi_is_hazardous_material
02 OTHER.zip,l10n_mx_edi_stock,02 OTHER/l10n_mx_edi_stock/models/stock_picking.py,StockPicking,stock.picking,stock_picking,12,9,_compute_l10n_mx_edi_is_delivery_guide_needed|_compute_l10n_mx_edi_is_cfdi_needed|_compute_l10n_mx_edi_cfdi_state_and_attachment|_compute_l10n_mx_edi_update_sat_needed|_compute_l10n_mx_edi_cfdi_uuid|_compute_l10n_mx_edi_external_trade|_compute_l10n_mx_edi_cfdi_cancel_picking_id|_compute_l10n_mx_edi_idccp|_compute_l10n_mx_edi_gross_vehicle_weight
02 OTHER.zip,l10n_mx_edi_stock,02 OTHER/l10n_mx_edi_stock/models/l10n_mx_edi_document.py,L10n_Mx_EdiDocument,l10n_mx_edi.document,l10n_mx_edi_document,4,1,_action_retry_picking_try_cancel
02 OTHER.zip,l10n_it_stock_ddt,02 OTHER/l10n_it_stock_ddt/models/account_invoice.py,AccountMove,account.move,account_move,1,1,_compute_ddt_ids
02 OTHER.zip,l10n_it_stock_ddt,02 OTHER/l10n_it_stock_ddt/models/stock_picking.py,StockPicking,stock.picking,stock_picking,1,2,_compute_l10n_it_show_print_ddt_button|_action_done
02 OTHER.zip,l10n_it_stock_ddt,02 OTHER/l10n_it_stock_ddt/models/stock_picking.py,StockPickingType,stock.picking.type,stock_picking_type,1,2,create|write
02 OTHER.zip,l10n_mx_edi_landing,02 OTHER/l10n_mx_edi_landing/models/account_move_line.py,AccountMoveLine,account.move.line,account_move_line,1,1,_compute_l10n_mx_edi_can_use_customs_invoicing
02 OTHER.zip,l10n_mx_edi_landing,02 OTHER/l10n_mx_edi_landing/models/sale_order_line.py,SaleOrderLine,sale.order.line,sale_order_line,1,2,_compute_l10n_mx_edi_can_use_customs_invoicing|_compute_qty
02 OTHER.zip,l10n_mx_edi_landing,02 OTHER/l10n_mx_edi_landing/models/product_template.py,ProductTemplate,product.template,product_template,3,3,_compute_l10n_mx_edi_can_use_customs_invoicing|_inverse_l10n_mx_edi_can_use_customs_invoicing|_check_l10n_mx_edi_use_customs_invoicing
02 OTHER.zip,l10n_mx_edi_landing,02 OTHER/l10n_mx_edi_landing/models/stock_landed_cost.py,StockLandedCost,stock.landed.cost,stock_landed_cost,1,2,_check_l10n_mx_edi_customs_number|button_validate
02 OTHER.zip,l10n_mx_edi_landing,02 OTHER/l10n_mx_edi_landing/models/stock_lot.py,StockLot,stock.lot,stock_lot,0,1,_inverse_l10n_mx_edi_landed_cost_id
02 OTHER.zip,l10n_pe_reports_lib,02 OTHER/l10n_pe_reports_lib/models/account_general_ledger.py,GeneralLedgerCustomHandler,account.general.ledger.report.handler,account_general_ledger_report_handler,1,0,
02 OTHER.zip,l10n_pe_reports_lib,02 OTHER/l10n_pe_reports_lib/models/res_company.py,ResCompany,res.company,res_company,1,1,_check_l10n_pe_shareholder_percentage
02 OTHER.zip,l10n_pe_reports_lib,02 OTHER/l10n_pe_reports_lib/models/res_company.py,L10nPEShareholder,l10n_pe_reports_lib.shareholder,l10n_pe_reports_lib_shareholder,1,1,_check_shares_percentage
02 OTHER.zip,l10n_pe_reports_lib,02 OTHER/l10n_pe_reports_lib/models/res_config_settings.py,ResConfigSettings,res.config.settings,res_config_settings,1,1,_compute_l10n_pe_fs_type_warning
02 OTHER.zip,l10n_es_real_estates,02 OTHER/l10n_es_real_estates/models/account_move.py,AccountMove,account.move,account_move,1,1,_onchange_mod347_invoice_type
02 OTHER.zip,hr_payroll,02 OTHER/hr_payroll/wizard/hr_payslip_correction_wizard.py,HrPayslipCorrectionWizard,hr.payslip.correction.wizard,hr_payslip_correction_wizard,1,4,_compute_payslip_ids|action_revert_payslips|action_correct_payslips|action_show_related_payslips
02 OTHER.zip,hr_payroll,02 OTHER/hr_payroll/wizard/hr_payroll_index_wizard.py,HrPayrollIndex,hr.payroll.index,hr_payroll_index,4,5,_compute_version_ids|_compute_affected_version_ids|_compute_informative_message|_compute_description|action_confirm
02 OTHER.zip,hr_payroll,02 OTHER/hr_payroll/wizard/hr_payroll_payment_report_wizard.py,HrPayrollPaymentReportWizard,hr.payroll.payment.report.wizard,hr_payroll_payment_report_wizard,1,1,_compute_company_id
02 OTHER.zip,hr_payroll,02 OTHER/hr_payroll/wizard/hr_payroll_edit_payslip_lines_wizard.py,HrPayrollEditPayslipLinesWizard,hr.payroll.edit.payslip.lines.wizard,hr_payroll_edit_payslip_lines_wizard,0,1,action_validate_edition
02 OTHER.zip,hr_payroll,02 OTHER/hr_payroll/wizard/hr_payroll_edit_payslip_lines_wizard.py,HrPayrollEditPayslipLine,hr.payroll.edit.payslip.line,hr_payroll_edit_payslip_line,1,1,_compute_total
02 OTHER.zip,hr_payroll,02 OTHER/hr_payroll/models/hr_salary_rule.py,HrSalaryRule,hr.salary.rule,hr_salary_rule,2,3,_compute_input_used_in_definition|_compute_rule|_check_category_country
02 OTHER.zip,hr_payroll,02 OTHER/hr_payroll/models/hr_version.py,HrVersion,hr.version,hr_version,4,10,_compute_schedule_pay|_compute_wage_type|_compute_work_time_rate|_compute_show_schedule_pay|_compute_payslips_count|action_open_payslips|write|copy|action_new_salary_attachment|action_configure_template_inputs
02 OTHER.zip,hr_payroll,02 OTHER/hr_payroll/models/hr_payroll_structure.py,HrPayrollStructure,hr.payroll.structure,hr_payroll_structure,2,1,action_get_structure_inputs
02 OTHER.zip,hr_payroll,02 OTHER/hr_payroll/models/hr_payslip_input_type.py,HrPayslipInputType,hr.payslip.input.type,hr_payslip_input_type,1,1,_check_salary_attachment_type_active
02 OTHER.zip,hr_payroll,02 OTHER/hr_payroll/models/hr_payroll_declaration_mixin.py,HrPayrollDeclarationMixin,hr.payroll.declaration.mixin,hr_payroll_declaration_mixin,2,5,unlink|action_generate_declarations|_compute_lines_count|action_open_declarations|action_generate_pdf
02 OTHER.zip,hr_payroll,02 OTHER/hr_payroll/models/hr_payslip_run.py,HrPayslipRun,hr.payslip.run,hr_payslip_run,13,21,_compute_schedule_pay|_compute_payslip_count|_compute_state|_compute_color|_compute_date_start|_compute_date_end|_compute_gross_net_sum|create|_compute_payslips_with_issues|_compute_has_error|_compute_empty_payslips|action_draft
02 OTHER.zip,hr_payroll,02 OTHER/hr_payroll/models/hr_payslip.py,HrPayslip,hr.payslip,hr_payslip,38,48,create|_compute_payslip_properties|_compute_state_display|_compute_date_to|_compute_input_line_ids|_compute_salary_attachment_ids|_compute_salary_attachment_count|_compute_negative_net_to_report_display|_compute_related_payslip_count_count|action_report_negative_amount|_compute_is_regular|_compute_is_wrong_version
02 OTHER.zip,hr_payroll,02 OTHER/hr_payroll/models/hr_payroll_headcount.py,HrPayrollHeadcount,hr.payroll.headcount,hr_payroll_headcount,2,4,_compute_name|_compute_is_name_custom|action_populate|action_open_lines
02 OTHER.zip,hr_payroll,02 OTHER/hr_payroll/models/hr_payroll_headcount.py,HrPayrollHeadcountLine,hr.payroll.headcount.line,hr_payroll_headcount_line,1,1,_compute_wage_on_payroll
02 OTHER.zip,hr_payroll,02 OTHER/hr_payroll/models/hr_payroll_headcount.py,HrPayrollHeadcountWorkingRate,hr.payroll.headcount.working.rate,hr_payroll_headcount_working_rate,1,1,_compute_display_name
02 OTHER.zip,hr_payroll,02 OTHER/hr_payroll/models/hr_salary_attachment.py,HrSalaryAttachment,hr.salary.attachment,hr_salary_attachment,15,21,_compute_display_name|_compute_duration_type|_compute_employee_count|_compute_total_amount|_compute_monthly_amount_display|_compute_total_amount_display|_compute_occurrences|_compute_has_total_amount|_compute_remaining_time|_compute_remaining_amount|_compute_estimated_end|_compute_payslip_count
02 OTHER.zip,hr_payroll,02 OTHER/hr_payroll/models/hr_work_entry_export_mixin.py,HrWorkEntryExportMixin,hr.work.entry.export.mixin,hr_work_entry_export_mixin,6,6,_compute_display_name|_compute_period_dates|_compute_eligible_employee_count|action_export_file|action_populate|action_open_employees
02 OTHER.zip,hr_payroll,02 OTHER/hr_payroll/models/hr_work_entry_export_mixin.py,HrWorkEntryExportEmployeeMixin,hr.work.entry.export.employee.mixin,hr_work_entry_export_employee_mixin,2,5,_compute_contract_ids|_compute_work_entry_ids|_check_data|_check_work_entries|action_open_work_entries
02 OTHER.zip,hr_payroll,02 OTHER/hr_payroll/models/hr_payslip_line.py,HrPayslipLine,hr.payslip.line,hr_payslip_line,1,1,create
02 OTHER.zip,hr_payroll,02 OTHER/hr_payroll/models/hr_rule_parameter.py,HrRuleParameterValue,hr.rule.parameter.value,hr_rule_parameter_value,2,4,_check_parameter_value|create|write|unlink
02 OTHER.zip,hr_payroll,02 OTHER/hr_payroll/models/hr_rule_parameter.py,HrRuleParameter,hr.rule.parameter,hr_rule_parameter,2,3,_compute_current_value|_compute_salary_rule|action_open_salary_rules
02 OTHER.zip,hr_payroll,02 OTHER/hr_payroll/models/hr_payroll_structure_type.py,HrPayrollStructureType,hr.payroll.structure.type,hr_payroll_structure_type,1,4,_compute_struct_type_count|_check_country|write|create
02 OTHER.zip,hr_payroll,02 OTHER/hr_payroll/models/res_company.py,ResCompany,res.company,res_company,2,2,_check_valid_reset_date|create
02 OTHER.zip,hr_payroll,02 OTHER/hr_payroll/models/hr_employee.py,HrEmployee,hr.employee,hr_employee,2,6,_compute_payslip_count|_compute_salary_attachment_count|_compute_monthly_running_attachments|action_open_payslips|action_open_salary_attachments|action_configure_employee_inputs
02 OTHER.zip,hr_payroll,02 OTHER/hr_payroll/models/hr_payslip_worked_days.py,HrPayslipWorkedDays,hr.payslip.worked_days,hr_payslip_worked_days,3,3,_compute_is_paid|_compute_amount|_compute_name
02 OTHER.zip,hr_payroll,02 OTHER/hr_payroll/models/hr_salary_rule_category.py,HrSalaryRuleCategory,hr.salary.rule.category,hr_salary_rule_category,2,2,_check_parent_id|_check_rule_category_country
02 OTHER.zip,hr_payroll,02 OTHER/hr_payroll/models/hr_work_entry_type.py,HrWorkEntryType,hr.work.entry.type,hr_work_entry_type,1,1,_compute_current_companies_country_codes
02 OTHER.zip,hr_payroll,02 OTHER/hr_payroll/models/res_config_settings.py,ResConfigSettings,res.config.settings,res_config_settings,1,1,create
02 OTHER.zip,hr_payroll,02 OTHER/hr_payroll/models/hr_payroll_employee_declaration.py,HrPayrollEmployeeDeclaration,hr.payroll.employee.declaration,hr_payroll_employee_declaration,2,4,_compute_state|create|write|action_generate_pdf
02 OTHER.zip,hr_payroll,02 OTHER/hr_payroll/models/hr_work_entry.py,HrWorkEntry,hr.work.entry,hr_work_entry,1,4,_compute_has_payslip|_check_undefined_slots|action_set_to_draft|write
02 OTHER.zip,social_linkedin,02 OTHER/social_linkedin/models/social_post_template.py,SocialPostTemplate,social.post.template,social_post_template,6,4,_check_has_linkedin_message_or_image|_compute_has_linkedin_account|_compute_display_linkedin_preview|_compute_linkedin_preview
02 OTHER.zip,social_linkedin,02 OTHER/social_linkedin/models/social_post.py,SocialPost,social.post,social_post,1,1,_compute_stream_posts_count
02 OTHER.zip,social_linkedin,02 OTHER/social_linkedin/models/social_live_post.py,SocialLivePost,social.live.post,social_live_post,0,1,_compute_live_post_link
02 OTHER.zip,social_linkedin,02 OTHER/social_linkedin/models/social_account.py,SocialAccount,social.account,social_account,2,5,_compute_linkedin_account_id|_compute_stats_link|_compute_statistics|_compute_statistics_linkedin|create
02 OTHER.zip,social_linkedin,02 OTHER/social_linkedin/models/social_stream_post.py,SocialStreamPost,social.stream.post,social_stream_post,0,4,_compute_linkedin_author_urn|_compute_author_link|_compute_post_link|_compute_is_author
02 OTHER.zip,social_linkedin,02 OTHER/social_linkedin/models/social_media.py,SocialMedia,social.media,social_media,0,1,_action_add_account
02 OTHER.zip,social_linkedin,02 OTHER/social_linkedin/models/res_config_settings.py,ResConfigSettings,res.config.settings,res_config_settings,3,5,_onchange_linkedin_use_own_account|_compute_linkedin_app_id|_inverse_linkedin_app_id|_compute_linkedin_client_secret|_inverse_linkedin_client_secret
02 OTHER.zip,l10n_mx_edi_sale,02 OTHER/l10n_mx_edi_sale/models/sale_order.py,SaleOrder,sale.order,sale_order,4,4,_compute_l10n_mx_edi_payment_method_id|_compute_l10n_mx_edi_usage|_compute_l10n_mx_edi_cfdi_to_public|_compute_l10n_mx_edi_payment_policy
02 OTHER.zip,l10n_mx_edi_sale,02 OTHER/l10n_mx_edi_sale/models/sale_order_line.py,SaleOrderLine,sale.order.line,sale_order_line,1,1,_compute_qty_invoiced
02 OTHER.zip,website_slides,02 OTHER/website_slides/wizard/slide_channel_invite.py,SlideChannelInvite,slide.channel.invite,slide_channel_invite,3,4,_compute_channel_invite_url|_compute_render_model|_compute_send_email|action_invite
02 OTHER.zip,website_slides,02 OTHER/website_slides/models/slide_embed.py,SlideEmbed,slide.embed,slide_embed,1,1,_compute_website_name
02 OTHER.zip,website_slides,02 OTHER/website_slides/models/slide_slide.py,SlideSlide,slide.slide,slide_slide,33,39,_compute_image_1920|_compute_is_new_slide|_compute_category_id|_compute_mark_complete_actions|_compute_questions_count|_compute_comments_count|_compute_total|_compute_like_info|_compute_slide_views|_compute_embed_counts|_compute_slides_statistics|_compute_category_completed
02 OTHER.zip,website_slides,02 OTHER/website_slides/models/slide_channel.py,SlideChannel,slide.channel,slide_channel,34,39,_compute_enroll|_compute_is_visible|_compute_partners|_compute_slide_last_update|_compute_members_counts|_compute_has_requested_access|_compute_membership_values|_compute_category_and_slide_ids|_compute_slides_statistics|_compute_rating_stats|_compute_allow_comment|_compute_user_statistics
02 OTHER.zip,website_slides,02 OTHER/website_slides/models/slide_question.py,SlideQuestion,slide.question,slide_question,3,3,_check_answers_integrity|_compute_statistics|_compute_answers_validation_error
02 OTHER.zip,website_slides,02 OTHER/website_slides/models/res_groups.py,ResGroups,res.groups,res_groups,0,1,write
02 OTHER.zip,website_slides,02 OTHER/website_slides/models/res_users.py,ResUsers,res.users,res_users,1,2,create|write
02 OTHER.zip,website_slides,02 OTHER/website_slides/models/slide_channel_partner.py,SlideChannelPartner,slide.channel.partner,slide_channel_partner,1,3,_compute_invitation_link|_compute_next_slide_id|unlink
02 OTHER.zip,website_slides,02 OTHER/website_slides/models/slide_slide_partner.py,SlideSlidePartner,slide.slide.partner,slide_slide_partner,1,2,create|write
02 OTHER.zip,website_slides,02 OTHER/website_slides/models/res_partner.py,ResPartner,res.partner,res_partner,1,3,_compute_slide_channel_values|_compute_slide_channel_company_count|action_view_courses
02 OTHER.zip,website_slides,02 OTHER/website_slides/models/slide_slide_resource.py,SlideSlideResource,slide.slide.resource,slide_slide_resource,4,4,_compute_reset_resources|_compute_name|_compute_download_url|_check_link_type
02 OTHER.zip,website_slides,02 OTHER/website_slides/controllers/main.py,WebsiteSlides,,,38,0,
02 OTHER.zip,whatsapp_account_followup,02 OTHER/whatsapp_account_followup/wizard/followup_manual_reminder.py,Account_FollowupManual_Reminder,account_followup.manual_reminder,account_followup_manual_reminder,2,2,_compute_show_send_button|_compute_number
02 OTHER.zip,whatsapp_account_followup,02 OTHER/whatsapp_account_followup/models/account_followup_report.py,AccountFollowupReport,account.followup.report,account_followup_report,1,0,
02 OTHER.zip,payment_demo,02 OTHER/payment_demo/models/payment_provider.py,PaymentProvider,payment.provider,payment_provider,1,2,_compute_feature_support_fields|_check_provider_state
02 OTHER.zip,payment_demo,02 OTHER/payment_demo/models/payment_transaction.py,PaymentTransaction,payment.transaction,payment_transaction,0,3,action_demo_set_done|action_demo_set_canceled|action_demo_set_error
02 OTHER.zip,l10n_pe_edi_stock,02 OTHER/l10n_pe_edi_stock/models/l10n_pe_edi_vehicle.py,L10n_Pe_EdiVehicle,l10n_pe_edi.vehicle,l10n_pe_edi_vehicle,1,1,_compute_display_name
02 OTHER.zip,l10n_pe_edi_stock,02 OTHER/l10n_pe_edi_stock/models/stock_picking.py,StockPicking,stock.picking,stock_picking,2,4,_compute_l10n_pe_edi_operator|_compute_l10n_pe_edi_reason_for_transfer|button_validate|action_send_delivery_guide
02 OTHER.zip,pos_mercado_pago,02 OTHER/pos_mercado_pago/models/pos_payment_method.py,PosPaymentMethod,pos.payment.method,pos_payment_method,1,3,_check_special_access|write|create
02 OTHER.zip,sale_gelato_stock,02 OTHER/sale_gelato_stock/models/sale_order_line.py,SaleOrderLine,sale.order.line,sale_order_line,0,1,_action_launch_stock_rule
02 OTHER.zip,contacts,02 OTHER/contacts/models/res_users.py,ResUsers,res.users,res_users,1,0,
02 OTHER.zip,ai_documents,02 OTHER/ai_documents/wizard/ai_documents_sort.py,AiDocumentsSort,ai_documents.sort,ai_documents_sort,3,5,_compute_ui_fields|_compute_is_prompt_set|_compute_allowed_tools_ids|action_setup_folder|action_delete
02 OTHER.zip,ai_documents,02 OTHER/ai_documents/models/documents_document.py,DocumentsDocument,documents.document,documents_document,6,3,write|_compute_ai_sortable|action_ai_sort
02 OTHER.zip,hr_recruitment_extract,02 OTHER/hr_recruitment_extract/models/hr_applicant.py,HrApplicant,hr.applicant,hr_applicant,1,2,_compute_is_in_extractable_state|write
02 OTHER.zip,project_timesheet_forecast_sale,02 OTHER/project_timesheet_forecast_sale/models/analytic_account_line.py,AccountAnalyticLine,account.analytic.line,account_analytic_line,0,1,write
02 OTHER.zip,project_timesheet_forecast_sale,02 OTHER/project_timesheet_forecast_sale/models/sale_order_line.py,SaleOrderLine,sale.order.line,sale_order_line,1,1,_compute_planning_hours_planned
02 OTHER.zip,project_timesheet_forecast_sale,02 OTHER/project_timesheet_forecast_sale/models/project_project.py,ProjectProject,project.project,project_project,2,1,_compute_display_planning_timesheet_analysis
02 OTHER.zip,project_timesheet_forecast_sale,02 OTHER/project_timesheet_forecast_sale/report/project_timesheet_forecast_report_analysis.py,ProjectTimesheetForecastReportAnalysis,project.timesheet.forecast.report.analysis,project_timesheet_forecast_report_analysis,5,0,
02 OTHER.zip,project_timesheet_forecast_sale,02 OTHER/project_timesheet_forecast_sale/report/planning_analysis_report.py,PlanningAnalysisReport,planning.analysis.report,planning_analysis_report,1,0,
02 OTHER.zip,auth_passkey,02 OTHER/auth_passkey/models/res_users_identitycheck.py,ResUsersIdentitycheck,res.users.identitycheck,res_users_identitycheck,1,2,_check_identity|action_use_password
02 OTHER.zip,auth_passkey,02 OTHER/auth_passkey/models/auth_passkey_key.py,AuthPasskeyKey,auth.passkey.key,auth_passkey_key,5,5,unlink|_compute_public_key|_inverse_public_key|action_delete_passkey|action_rename_passkey
02 OTHER.zip,auth_passkey,02 OTHER/auth_passkey/models/res_users.py,ResUsers,res.users,res_users,0,2,action_create_passkey|_check_credentials
02 OTHER.zip,digest,02 OTHER/digest/models/digest.py,DigestDigest,digest.digest,digest_digest,4,23,_compute_is_subscribed|_compute_available_fields|_compute_kpi_res_users_connected_value|_compute_kpi_mail_message_total_value|_onchange_periodicity|create|action_subscribe|_action_subscribe_users|action_unsubscribe|_action_unsubscribe_users|action_activate|action_deactivate
02 OTHER.zip,digest,02 OTHER/digest/models/res_users.py,ResUsers,res.users,res_users,1,1,create
02 OTHER.zip,google_recaptcha,02 OTHER/google_recaptcha/models/ir_http.py,IrHttp,ir.http,ir_http,4,0,
02 OTHER.zip,google_recaptcha,02 OTHER/google_recaptcha/models/res_config_settings.py,ResConfigSettings,res.config.settings,res_config_settings,1,0,
02 OTHER.zip,l10n_uk_hmrc,02 OTHER/l10n_uk_hmrc/models/hmrc_transaction.py,HMRCTransaction,l10n_uk.hmrc.transaction,l10n_uk_hmrc_transaction,5,0,
02 OTHER.zip,l10n_uk_hmrc,02 OTHER/l10n_uk_hmrc/models/res_company.py,ResCompany,res.company,res_company,5,5,_check_l10n_uk_hmrc_unique_taxpayer_reference|_check_l10n_uk_hmrc_account_office_reference|_check_l10n_uk_hmrc_sender_id|_check_l10n_uk_hmrc_tax_office_number|_check_l10n_uk_hmrc_tax_office_reference
02 OTHER.zip,l10n_uk_hmrc,02 OTHER/l10n_uk_hmrc/models/res_partner.py,ResPartner,res.partner,res_partner,3,3,_check_l10n_uk_hmrc_unique_taxpayer_reference|_check_l10n_uk_hmrc_national_insurance_number|_check_l10n_uk_hmrc_company_registration_number
02 OTHER.zip,l10n_in_ewaybill_stock,02 OTHER/l10n_in_ewaybill_stock/models/stock_move.py,StockMove,stock.move,stock_move,2,2,_compute_l10n_in_ewaybill_price_unit|_compute_l10n_in_tax_ids
02 OTHER.zip,l10n_in_ewaybill_stock,02 OTHER/l10n_in_ewaybill_stock/models/stock_picking.py,StockPicking,stock.picking,stock_picking,1,3,action_l10n_in_ewaybill_create|action_open_l10n_in_ewaybill|_compute_l10n_in_ewaybill_details
02 OTHER.zip,l10n_in_ewaybill_stock,02 OTHER/l10n_in_ewaybill_stock/models/l10n_in_ewaybill.py,L10nInEwaybill,l10n.in.ewaybill,l10n_in_ewaybill,2,7,_compute_display_name|_compute_fiscal_position|action_reset_to_pending|action_set_to_challan|action_print|_check_lines|_check_state
02 OTHER.zip,base_vat,02 OTHER/base_vat/tests/test_vat_numbers.py,TestStructure,,,0,1,_check_vies_iap
02 OTHER.zip,base_vat,02 OTHER/base_vat/models/res_country.py,ResCountry,res.country,res_country,1,1,_compute_has_foreign_fiscal_position
02 OTHER.zip,base_vat,02 OTHER/base_vat/models/res_partner.py,ResPartner,res.partner,res_partner,13,8,_inverse_vat|_onchange_vat|_compute_perform_vies_validation|_compute_vies_valid|_check_vies_iap|_check_vat_number|create|write
02 OTHER.zip,test_spreadsheet_edition,02 OTHER/test_spreadsheet_edition/models/spreadsheet_mixin_test.py,SpreadsheetTest,spreadsheet.test,spreadsheet_test,0,1,action_open_spreadsheet
02 OTHER.zip,hr_work_entry_planning,02 OTHER/hr_work_entry_planning/models/hr_version.py,HrVersion,hr.version,hr_version,1,0,
02 OTHER.zip,hr_work_entry_planning,02 OTHER/hr_work_entry_planning/models/planning_slot.py,PlanningSlot,planning.slot,planning_slot,1,3,create|write|unlink
02 OTHER.zip,worksheet,02 OTHER/worksheet/models/worksheet_template.py,WorksheetTemplate,worksheet.template,worksheet_template,4,9,_compute_worksheet_count|_check_report_view_type|_check_res_model_exists|create|write|unlink|copy|action_analysis_report|action_view_worksheets
02 OTHER.zip,project_mrp,02 OTHER/project_mrp/models/mrp_production.py,MrpProduction,mrp.production,mrp_production,1,3,_compute_project_id|action_generate_bom|action_open_project
02 OTHER.zip,project_mrp,02 OTHER/project_mrp/models/project_project.py,ProjectProject,project.project,project_project,0,4,_compute_bom_count|_compute_production_count|action_view_mrp_bom|action_view_mrp_production
02 OTHER.zip,l10n_ar_edi,02 OTHER/l10n_ar_edi/models/account_move.py,AccountMove,account.move,account_move,5,5,_compute_l10n_ar_payment_foreign_currency|_compute_show_reset_to_draft_button|_compute_l10n_ar_fce_transmission_type|_compute_l10n_ar_afip_qr_code|_compute_l10n_ar_afip_verification_type
02 OTHER.zip,l10n_ar_edi,02 OTHER/l10n_ar_edi/models/certificate.py,CertificateCertificate,certificate.certificate,certificate_certificate,1,0,
02 OTHER.zip,l10n_ar_edi,02 OTHER/l10n_ar_edi/models/account_journal.py,AccountJournal,account.journal,account_journal,1,1,_compute_l10n_ar_afip_ws
02 OTHER.zip,l10n_ar_edi,02 OTHER/l10n_ar_edi/models/product_template.py,ProductTemplate,product.template,product_template,0,1,_check_l10n_ar_ncm_code
02 OTHER.zip,l10n_ar_edi,02 OTHER/l10n_ar_edi/models/l10n_ar_afipws_connection.py,L10n_ArAfipwsConnection,l10n_ar.afipws.connection,l10n_ar_afipws_connection,2,0,
02 OTHER.zip,l10n_ar_edi,02 OTHER/l10n_ar_edi/models/res_company.py,ResCompany,res.company,res_company,3,4,_compute_l10n_ar_payment_foreign_currency|_compute_afip_crt|_compute_l10n_ar_afip_ws_crt_fname|_compute_afip_key
02 OTHER.zip,l10n_ar_edi,02 OTHER/l10n_ar_edi/models/res_config_settings.py,ResConfigSettings,res.config.settings,res_config_settings,0,1,_inverse_l10n_ar_payment_foreign_currency
02 OTHER.zip,l10n_ar_edi,02 OTHER/l10n_ar_edi/wizards/l10n_ar_afip_ws_consult.py,L10n_Ar_AfipWsConsult,l10n_ar_afip.ws.consult,l10n_ar_afip_ws_consult,3,2,_compute_available_document_types|button_confirm
02 OTHER.zip,sale_purchase_inter_company_rules,02 OTHER/sale_purchase_inter_company_rules/models/sale_order.py,SaleOrder,sale.order,sale_order,1,1,_action_confirm
02 OTHER.zip,sale_purchase_inter_company_rules,02 OTHER/sale_purchase_inter_company_rules/models/purchase_order.py,PurchaseOrder,purchase.order,purchase_order,1,1,button_approve
02 OTHER.zip,l10n_tw_edi_ecpay,02 OTHER/l10n_tw_edi_ecpay/wizard/l10n_tw_edi_invoice_cancel.py,L10nTwEDIInvoiceCancel,l10n_tw_edi.invoice.cancel,l10n_tw_edi_invoice_cancel,0,1,button_request_cancel
02 OTHER.zip,l10n_tw_edi_ecpay,02 OTHER/l10n_tw_edi_ecpay/wizard/account_move_reversal.py,AccountMoveReversal,account.move.reversal,account_move_reversal,0,1,_compute_from_moves
02 OTHER.zip,l10n_tw_edi_ecpay,02 OTHER/l10n_tw_edi_ecpay/wizard/l10n_tw_edi_invoice_print.py,L10nTwEDIInvoicePrint,l10n_tw_edi.invoice.print,l10n_tw_edi_invoice_print,0,1,button_print
02 OTHER.zip,l10n_tw_edi_ecpay,02 OTHER/l10n_tw_edi_ecpay/models/account_tax.py,AccountTax,account.tax,account_tax,3,3,_compute_l10n_tw_edi_tax_type|_onchange_l10n_tw_edi_tax_type|_check_special_tax_type_constrains
02 OTHER.zip,l10n_tw_edi_ecpay,02 OTHER/l10n_tw_edi_ecpay/models/account_move.py,AccountMove,account.move,account_move,9,10,_compute_need_cancel_request|_compute_show_reset_to_draft_button|button_request_cancel|button_draft|_compute_is_print|_compute_love_code|_compute_carrier_info|_compute_l10n_tw_edi_invoice_type|_compute_l10n_tw_edi_is_zero_tax_rate|_compute_l10n_tw_edi_is_b2b
02 OTHER.zip,l10n_tw_edi_ecpay,02 OTHER/l10n_tw_edi_ecpay/models/account_move_send.py,AccountMoveSend,account.move.send,account_move_send,6,0,
02 OTHER.zip,website_slides_survey,02 OTHER/website_slides_survey/models/slide_slide.py,SlideSlidePartner,slide.slide.partner,slide_slide_partner,1,2,_compute_survey_scoring_success|_compute_field_value
02 OTHER.zip,website_slides_survey,02 OTHER/website_slides_survey/models/slide_slide.py,SlideSlide,slide.slide,slide_slide,5,8,_compute_name|_compute_mark_complete_actions|_compute_is_preview|_compute_slide_icon_class|_compute_slide_type|create|write|unlink
02 OTHER.zip,website_slides_survey,02 OTHER/website_slides_survey/models/slide_channel.py,SlideChannel,slide.channel,slide_channel,1,2,_compute_members_certified_count|action_redirect_to_certified_members
02 OTHER.zip,website_slides_survey,02 OTHER/website_slides_survey/models/survey_user.py,SurveyUser_Input,survey.user_input,survey_user_input,1,3,create|write|_check_for_failed_attempt
02 OTHER.zip,website_slides_survey,02 OTHER/website_slides_survey/models/survey_survey.py,SurveySurvey,survey.survey,survey_survey,1,2,_compute_slide_channel_data|action_survey_view_slide_channels
02 OTHER.zip,l10n_be_hr_payroll_fleet,02 OTHER/l10n_be_hr_payroll_fleet/models/hr_version.py,HrVersion,hr.version,hr_version,17,17,_compute_bike_id|_compute_new_bike_model_id|_compute_new_bike|_compute_car_model_name|_compute_car_id|_compute_fuel_type|_compute_car_atn_and_costs|_compute_company_bike_depreciated_cost|_compute_car_open_contracts_count|_compute_recurring_cost_amount_depreciated|_inverse_recurring_cost_amount_depreciated|_compute_available_cars_amount
02 OTHER.zip,l10n_be_hr_payroll_fleet,02 OTHER/l10n_be_hr_payroll_fleet/models/fleet.py,FleetVehicle,fleet.vehicle,fleet_vehicle,8,7,_compute_total_depreciated_cost|_compute_total_cost|_compute_tax_deduction|_compute_co2_fee|_compute_car_atn|_compute_vehicle_name|_onchange_model_id
02 OTHER.zip,l10n_be_hr_payroll_fleet,02 OTHER/l10n_be_hr_payroll_fleet/models/fleet.py,FleetVehicleLogContract,fleet.vehicle.log.contract,fleet_vehicle_log_contract,1,1,_compute_cost
02 OTHER.zip,l10n_be_hr_payroll_fleet,02 OTHER/l10n_be_hr_payroll_fleet/models/fleet.py,FleetVehicleModel,fleet.vehicle.model,fleet_vehicle_model,6,6,_compute_atn|_compute_default_total_depreciated_cost|_compute_co2_fee|_compute_default_co2|_compute_tax_deduction|_compute_current_country_code
02 OTHER.zip,l10n_be_hr_payroll_fleet,02 OTHER/l10n_be_hr_payroll_fleet/models/hr_payslip.py,HrPayslip,hr.payslip,hr_payslip,1,1,_compute_vehicle_id
02 OTHER.zip,l10n_be_hr_payroll_fleet,02 OTHER/l10n_be_hr_payroll_fleet/models/hr_dmfa.py,L10n_BeDmfa,l10n_be.dmfa,l10n_be_dmfa,1,1,_compute_vehicle_ids
02 OTHER.zip,l10n_be_hr_payroll_fleet,02 OTHER/l10n_be_hr_payroll_fleet/models/hr_employee.py,HrEmployee,hr.employee,hr_employee,2,2,_onchange_new_bike|_onchange_has_bicycle
02 OTHER.zip,base_automation,02 OTHER/base_automation/models/base_automation.py,BaseAutomation,base.automation,base_automation,26,34,_check_trigger|_check_action_server_model|_compute_url|_inverse_model_name|_check_time_trigger|_check_trigger_state|_compute_action_server_ids|_compute_trg_date_id|_onchange_trg_date_range_data|_compute_trg_date_range_data|_compute_trg_date_calendar_id|_compute_trg_selection_field_id
02 OTHER.zip,base_automation,02 OTHER/base_automation/models/ir_actions_server.py,IrActionsServer,ir.actions.server,ir_actions_server,2,2,_compute_available_model_ids|action_open_automation
02 OTHER.zip,base_automation,02 OTHER/base_automation/models/ir_actions_server.py,IrCron,ir.cron,ir_cron,0,1,action_open_automation
02 OTHER.zip,l10n_ke_edi_oscu_pos,02 OTHER/l10n_ke_edi_oscu_pos/models/account_move.py,AccountMove,account.move,account_move,1,2,_compute_l10n_ke_validation_message|action_view_pos_order
02 OTHER.zip,l10n_ke_edi_oscu_pos,02 OTHER/l10n_ke_edi_oscu_pos/models/account_move_send.py,AccountMoveSend,account.move.send,account_move_send,1,0,
02 OTHER.zip,l10n_ke_edi_oscu_pos,02 OTHER/l10n_ke_edi_oscu_pos/models/pos_config.py,PosConfig,pos.config,pos_config,1,1,_compute_is_kenyan
02 OTHER.zip,l10n_ke_edi_oscu_pos,02 OTHER/l10n_ke_edi_oscu_pos/models/stock_move.py,StockMove,stock.move,stock_move,1,0,
02 OTHER.zip,l10n_ke_edi_oscu_pos,02 OTHER/l10n_ke_edi_oscu_pos/models/ir_ui_view.py,IrUiView,ir.ui.view,ir_ui_view,1,0,
02 OTHER.zip,l10n_ke_edi_oscu_pos,02 OTHER/l10n_ke_edi_oscu_pos/models/stock_picking.py,StockPicking,stock.picking,stock_picking,1,1,_compute_l10n_ke_state
02 OTHER.zip,l10n_ke_edi_oscu_pos,02 OTHER/l10n_ke_edi_oscu_pos/models/l10n_ke_edi_oscu_code.py,L10nKeOSCUCode,l10n_ke_edi_oscu.code,l10n_ke_edi_oscu_code,1,0,
02 OTHER.zip,l10n_ke_edi_oscu_pos,02 OTHER/l10n_ke_edi_oscu_pos/models/product.py,ProductTemplate,product.template,product_template,1,1,_compute_l10n_ke_validation_message
02 OTHER.zip,l10n_ke_edi_oscu_pos,02 OTHER/l10n_ke_edi_oscu_pos/models/product.py,ProductCode,product.unspsc.code,product_unspsc_code,1,0,
02 OTHER.zip,l10n_ke_edi_oscu_pos,02 OTHER/l10n_ke_edi_oscu_pos/models/pos_order.py,PosOrder,pos.order,pos_order,1,3,_compute_send_status|action_post_order|action_post_selected_orders
02 OTHER.zip,project_todo,02 OTHER/project_todo/models/res_users.py,ResUsers,res.users,res_users,1,0,
02 OTHER.zip,project_todo,02 OTHER/project_todo/models/project_task.py,ProjectTask,project.task,project_task,2,2,create|action_convert_to_task
02 OTHER.zip,web_hierarchy,02 OTHER/web_hierarchy/models/models.py,Base,base,base,1,0,
02 OTHER.zip,website_event_booth_exhibitor,02 OTHER/website_event_booth_exhibitor/models/event_booth_category.py,EventBoothCategory,event.booth.category,event_booth_category,2,1,_onchange_use_sponsor
02 OTHER.zip,website_event_booth_exhibitor,02 OTHER/website_event_booth_exhibitor/models/event_booth.py,EventBooth,event.booth,event_booth,0,2,action_view_sponsor|_action_post_confirm
02 OTHER.zip,l10n_pe_pos,02 OTHER/l10n_pe_pos/models/res_city.py,ResCity,res.city,res_city,1,0,
02 OTHER.zip,l10n_pe_pos,02 OTHER/l10n_pe_pos/models/l10n_latam_identification_type.py,L10n_LatamIdentificationType,l10n_latam.identification.type,l10n_latam_identification_type,2,0,
02 OTHER.zip,l10n_pe_pos,02 OTHER/l10n_pe_pos/models/l10n_pe_res_city_district.py,L10n_PeResCityDistrict,l10n_pe.res.city.district,l10n_pe_res_city_district,1,0,
02 OTHER.zip,l10n_pe_pos,02 OTHER/l10n_pe_pos/models/pos_session.py,PosSession,pos.session,pos_session,1,0,
02 OTHER.zip,l10n_pe_pos,02 OTHER/l10n_pe_pos/models/pos_config.py,PosConfig,pos.config,pos_config,1,0,
02 OTHER.zip,l10n_pe_pos,02 OTHER/l10n_pe_pos/models/res_partner.py,ResPartner,res.partner,res_partner,1,0,
02 OTHER.zip,l10n_cl_edi,02 OTHER/l10n_cl_edi/models/account_move.py,AccountMove,account.move,account_move,0,4,button_cancel|button_draft|action_reverse|_compute_l10n_latam_document_type
02 OTHER.zip,l10n_cl_edi,02 OTHER/l10n_cl_edi/models/certificate.py,CertificateCertificate,certificate.certificate,certificate_certificate,1,1,_compute_subject_serial_number
02 OTHER.zip,l10n_cl_edi,02 OTHER/l10n_cl_edi/models/account_journal.py,AccountJournal,account.journal,account_journal,1,1,_onchange_type
02 OTHER.zip,l10n_cl_edi,02 OTHER/l10n_cl_edi/models/l10n_latam_document_type.py,L10n_LatamDocumentType,l10n_latam.document.type,l10n_latam_document_type,2,0,
02 OTHER.zip,l10n_cl_edi,02 OTHER/l10n_cl_edi/models/l10n_cl_dte_caf.py,L10n_ClDteCaf,l10n_cl.dte.caf,l10n_cl_dte_caf,1,3,action_enable|action_spend|create
02 OTHER.zip,l10n_cl_edi,02 OTHER/l10n_cl_edi/models/res_company.py,ResCompany,res.company,res_company,1,1,_compute_is_there_shared_cert
02 OTHER.zip,l10n_cl_edi,02 OTHER/l10n_cl_edi/models/fetchmail_server.py,FetchmailServer,fetchmail.server,fetchmail_server,1,3,_check_server_type|_check_dte_already_processed|_check_document_type
02 OTHER.zip,l10n_cl_edi,02 OTHER/l10n_cl_edi/models/l10n_cl_company_activities.py,L10n_ClCompanyActivities,l10n_cl.company.activities,l10n_cl_company_activities,1,1,_compute_display_name
02 OTHER.zip,website,02 OTHER/website/wizard/website_robots.py,WebsiteRobots,website.robots,website_robots,0,1,action_save
02 OTHER.zip,website,02 OTHER/website/wizard/base_language_install.py,BaseLanguageInstall,base.language.install,base_language_install,1,0,
02 OTHER.zip,website,02 OTHER/website/wizard/blocked_third_party_domains.py,WebsiteCustom_Blocked_Third_Party_Domains,website.custom_blocked_third_party_domains,website_custom_blocked_third_party_domains,0,1,action_save
02 OTHER.zip,website,02 OTHER/website/models/base_partner_merge.py,BasePartnerMergeAutomaticWizard,base.partner.merge.automatic.wizard,base_partner_merge_automatic_wizard,1,0,
02 OTHER.zip,website,02 OTHER/website/models/ir_module_module.py,IrModuleModule,ir.module.module,ir_module_module,5,5,_compute_is_installed_on_current_website|write|button_choose_theme|button_remove_theme|button_refresh_theme
02 OTHER.zip,website,02 OTHER/website/models/res_lang.py,ResLang,res.lang,res_lang,0,2,write|action_activate_langs
02 OTHER.zip,website,02 OTHER/website/models/mixins.py,WebsiteSeoMetadata,website.seo.metadata,website_seo_metadata,1,1,_compute_is_seo_optimized
02 OTHER.zip,website,02 OTHER/website/models/mixins.py,WebsiteCover_PropertiesMixin,website.cover_properties.mixin,website_cover_properties_mixin,0,1,write
02 OTHER.zip,website,02 OTHER/website/models/mixins.py,WebsitePublishedMixin,website.published.mixin,website_published_mixin,5,5,_compute_website_url|_compute_website_absolute_url|create|write|_compute_can_publish
02 OTHER.zip,website,02 OTHER/website/models/mixins.py,WebsitePublishedMultiMixin,website.published.multi.mixin,website_published_multi_mixin,2,2,_compute_website_published|_inverse_website_published
02 OTHER.zip,website,02 OTHER/website/models/mixins.py,WebsiteSearchableMixin,website.searchable.mixin,website_searchable_mixin,3,0,
02 OTHER.zip,website,02 OTHER/website/models/ir_rule.py,IrRule,ir.rule,ir_rule,1,1,_compute_domain_keys
02 OTHER.zip,website,02 OTHER/website/models/ir_http.py,IrHttp,ir.http,ir_http,2,0,
02 OTHER.zip,website,02 OTHER/website/models/ir_attachment.py,IrAttachment,ir.attachment,ir_attachment,2,1,create
02 OTHER.zip,website,02 OTHER/website/models/ir_model_data.py,IrModelData,ir.model.data,ir_model_data,1,0,
02 OTHER.zip,website,02 OTHER/website/models/website_controller_page.py,WebsiteControllerPage,website.controller.page,website_controller_page,4,9,_check_user_has_model_access|_compute_name|_inverse_name|_compute_name_slugified|_inverse_name_slugified|_compute_url_demo|create|write|unlink
02 OTHER.zip,website,02 OTHER/website/models/website_form.py,IrModel,ir.model,ir_model,2,0,
02 OTHER.zip,website,02 OTHER/website/models/website_form.py,IrModelFields,ir.model.fields,ir_model_fields,1,1,_check_if_used_in_website_form
02 OTHER.zip,website,02 OTHER/website/models/website_menu.py,WebsiteMenu,website.menu,website_menu,8,7,_compute_field_is_mega_menu|_compute_display_name|_compute_url|create|write|unlink|_compute_visible
02 OTHER.zip,website,02 OTHER/website/models/ir_ui_menu.py,IrUiMenu,ir.ui.menu,ir_ui_menu,1,0,
02 OTHER.zip,website,02 OTHER/website/models/ir_qweb_fields.py,IrQwebFieldContact,ir.qweb.field.contact,ir_qweb_field_contact,1,0,
02 OTHER.zip,website,02 OTHER/website/models/ir_qweb_fields.py,IrQwebFieldHtml,ir.qweb.field.html,ir_qweb_field_html,1,0,
02 OTHER.zip,website,02 OTHER/website/models/website_page.py,WebsitePage,website.page,website_page,11,8,_compute_is_homepage|_compute_visible|_compute_website_menu|_compute_website_url|_compute_can_publish|unlink|write|action_page_debug_view
02 OTHER.zip,website,02 OTHER/website/models/ir_ui_view.py,IrUiView,ir.ui.view,ir_ui_view,20,5,_compute_first_page_id|create|_compute_display_name|write|unlink
02 OTHER.zip,website,02 OTHER/website/models/ir_asset.py,IrAsset,ir.asset,ir_asset,0,1,write
02 OTHER.zip,website,02 OTHER/website/models/res_company.py,ResCompany,res.company,res_company,2,3,_compute_website_id|action_open_website_theme_selector|_check_active
02 OTHER.zip,website,02 OTHER/website/models/assets.py,WebsiteAssets,website.assets,website_assets,9,0,
02 OTHER.zip,website,02 OTHER/website/models/website_page_properties.py,WebsitePagePropertiesBase,website.page.properties.base,website_page_properties_base,5,8,_compute_menu_ids|_compute_is_in_menu|_inverse_is_in_menu|_compute_is_homepage|_inverse_is_homepage|_compute_can_publish|_compute_is_published|_inverse_is_published
02 OTHER.zip,website,02 OTHER/website/models/website_page_properties.py,WebsitePageProperties,website.page.properties,website_page_properties,2,3,_compute_is_homepage|create|write
02 OTHER.zip,website,02 OTHER/website/models/website_rewrite.py,WebsiteRoute,website.route,website_route,2,0,
02 OTHER.zip,website,02 OTHER/website/models/website_rewrite.py,WebsiteRewrite,website.rewrite,website_rewrite,5,6,_onchange_route_id|_check_url_to|_compute_display_name|create|write|unlink
02 OTHER.zip,website,02 OTHER/website/models/website_snippet_filter.py,WebsiteSnippetFilter,website.snippet.filter,website_snippet_filter,5,4,_compute_model_name|_check_data_source_is_provided|_check_limit|_check_field_names
02 OTHER.zip,website,02 OTHER/website/models/theme_models.py,ThemeUtils,theme.utils,theme_utils,7,0,
02 OTHER.zip,website,02 OTHER/website/models/theme_models.py,IrUiView,ir.ui.view,ir_ui_view,0,1,write
02 OTHER.zip,website,02 OTHER/website/models/res_users.py,ResUsers,res.users,res_users,7,2,_check_login|_check_disjoint_groups
02 OTHER.zip,website,02 OTHER/website/models/res_config_settings.py,ResConfigSettings,res.config.settings,res_config_settings,8,17,_compute_shared_user_account|_onchange_shared_key|_inverse_shared_user_account|_compute_auth_signup_uninvited|_inverse_auth_signup_uninvited|_compute_has_plausible_shared_key|_inverse_has_plausible_shared_key|_compute_has_google_analytics|_inverse_has_google_analytics|_compute_has_google_search_console|_inverse_has_google_search_console|_compute_has_default_share_image
02 OTHER.zip,website,02 OTHER/website/models/website.py,Website,website,website,29,15,_onchange_language_ids|_compute_domain_punycode|_compute_has_social_default_image|_compute_language_count|_compute_menu|_compute_blocked_third_party_domains|create|write|_check_domain|_check_homepage_url|unlink|action_dashboard_redirect
02 OTHER.zip,website,02 OTHER/website/models/ir_actions_server.py,IrActionsServer,ir.actions.server,ir_actions_server,3,2,_compute_xml_id|_compute_website_url
02 OTHER.zip,website,02 OTHER/website/models/html_text_processor.py,WebsiteHTMLTextProcessor,website.html.text.processor,website_html_text_processor,5,1,_compute_placeholder
02 OTHER.zip,website,02 OTHER/website/models/website_configurator_feature.py,WebsiteConfiguratorFeature,website.configurator.feature,website_configurator_feature,1,1,_check_module_xor_page_view
02 OTHER.zip,website,02 OTHER/website/models/res_partner.py,ResPartner,res.partner,res_partner,2,1,_compute_display_name
02 OTHER.zip,website,02 OTHER/website/models/website_visitor.py,WebsiteVisitor,website.visitor,website_visitor,6,8,_compute_display_name|_compute_partner_id|_compute_email_phone|_compute_page_statistics|_compute_last_visited_page_id|_compute_time_statistics|_check_for_message_composer|action_send_mail
02 OTHER.zip,website,02 OTHER/website/controllers/form.py,WebsiteForm,,,2,0,
02 OTHER.zip,website,02 OTHER/website/controllers/main.py,Website,,,46,0,
02 OTHER.zip,payment_aps,02 OTHER/payment_aps/models/payment_transaction.py,PaymentTransaction,payment.transaction,payment_transaction,2,1,_compute_reference
02 OTHER.zip,mrp,02 OTHER/mrp/wizard/product_replenish.py,ProductReplenish,product.replenish,product_replenish,2,2,_compute_allowed_uom_ids|_compute_date_planned
02 OTHER.zip,mrp,02 OTHER/mrp/wizard/stock_warn_insufficient_qty.py,StockWarnInsufficientQtyUnbuild,stock.warn.insufficient.qty.unbuild,stock_warn_insufficient_qty_unbuild,0,1,action_done
02 OTHER.zip,mrp,02 OTHER/mrp/wizard/change_production_qty.py,ChangeProductionQty,change.production.qty,change_production_qty,3,0,
02 OTHER.zip,mrp,02 OTHER/mrp/wizard/mrp_consumption_warning.py,MrpConsumptionWarning,mrp.consumption.warning,mrp_consumption_warning,2,5,_compute_mrp_production_count|_compute_consumption|action_confirm|action_set_qty|action_cancel
02 OTHER.zip,mrp,02 OTHER/mrp/wizard/mrp_production_split.py,MrpProductionSplit,mrp.production.split,mrp_production_split,4,7,_compute_max_batch_size|_compute_num_splits|_compute_details|_compute_valid_details|action_split|action_prepare_split|action_return_to_list
02 OTHER.zip,mrp,02 OTHER/mrp/wizard/stock_replenishment_info.py,StockReplenishmentInfo,stock.replenishment.info,stock_replenishment_info,2,2,_compute_bom_ids|_compute_show_bom_tab
02 OTHER.zip,mrp,02 OTHER/mrp/wizard/mrp_production_backorder.py,MrpProductionBackorder,mrp.production.backorder,mrp_production_backorder,1,3,_compute_show_backorder_lines|action_close_mo|action_backorder
02 OTHER.zip,mrp,02 OTHER/mrp/wizard/mrp_production_serial_numbers.py,MrpProductionSerials,mrp.production.serials,mrp_production_serials,3,6,_compute_lot_name|_compute_lot_quantity|_onchange_serial_numbers|action_generate_serial_numbers|action_split_and_assign_serials|action_apply
02 OTHER.zip,mrp,02 OTHER/mrp/models/mrp_unbuild.py,MrpUnbuild,mrp.unbuild,mrp_unbuild,6,8,_compute_product_uom_id|_compute_location_id|_compute_bom_id|_compute_product_id|_compute_product_qty|create|action_unbuild|action_validate
02 OTHER.zip,mrp,02 OTHER/mrp/models/stock_warehouse.py,StockWarehouse,stock.warehouse,stock_warehouse,1,3,_compute_manufacture_to_resupply|_inverse_manufacture_to_resupply|write
02 OTHER.zip,mrp,02 OTHER/mrp/models/stock_warehouse.py,StockWarehouseOrderpoint,stock.warehouse.orderpoint,stock_warehouse_orderpoint,1,0,
02 OTHER.zip,mrp,02 OTHER/mrp/models/stock_replenish_mixin.py,StockReplenishMixin,stock.replenish.mixin,stock_replenish_mixin,1,1,_compute_show_bom
02 OTHER.zip,mrp,02 OTHER/mrp/models/mrp_routing.py,MrpRoutingWorkcenter,mrp.routing.workcenter,mrp_routing_workcenter,7,10,_compute_time_computed_on|_compute_time_cycle|_compute_workorder_count|_compute_cost|_check_no_cyclic_dependencies|create|write|action_archive|action_unarchive|action_open_operation_form
02 OTHER.zip,mrp,02 OTHER/mrp/models/stock_scrap.py,StockScrap,stock.scrap,stock_scrap,4,4,_compute_location_id|_onchange_serial_number|_onchange_product_id|_compute_scrap_qty
02 OTHER.zip,mrp,02 OTHER/mrp/models/stock_move_line.py,StockMoveLine,stock.move.line,stock_move_line,2,3,_compute_picking_type_id|create|write
02 OTHER.zip,mrp,02 OTHER/mrp/models/stock_quant.py,StockQuant,stock.quant,stock_quant,1,1,_check_kits
02 OTHER.zip,mrp,02 OTHER/mrp/models/stock_move.py,StockMove,stock.move,stock_move,22,29,_compute_allowed_uom_ids|_compute_packaging_uom_id|_compute_manual_consumption|_compute_location_id|_compute_location_dest_id|_compute_description_picking|_compute_priority|_compute_picking_type_id|_compute_is_locked|_compute_unit_factor|_compute_reference|_compute_should_consume_qty
02 OTHER.zip,mrp,02 OTHER/mrp/models/res_company.py,ResCompany,res.company,res_company,1,0,
02 OTHER.zip,mrp,02 OTHER/mrp/models/stock_orderpoint.py,StockWarehouseOrderpoint,stock.warehouse.orderpoint,stock_warehouse_orderpoint,5,10,_inverse_route_id|_compute_deadline_date|_compute_qty_to_order_computed|_compute_allowed_replenishment_uom_ids|_compute_show_supply_warning|_compute_show_bom|_inverse_bom_id|_compute_bom_id_placeholder|_compute_effective_bom_id|_compute_days_to_order
02 OTHER.zip,mrp,02 OTHER/mrp/models/stock_picking.py,StockPickingType,stock.picking.type,stock_picking_type,3,3,_compute_use_create_lots|_compute_use_existing_lots|_check_default_location
02 OTHER.zip,mrp,02 OTHER/mrp/models/stock_picking.py,StockPicking,stock.picking,stock_picking,4,5,_compute_has_kits|_compute_production_ids|_compute_mrp_production_ids|action_detailed_operations|action_view_mrp_production
02 OTHER.zip,mrp,02 OTHER/mrp/models/stock_traceability.py,StockTraceabilityReport,stock.traceability.report,stock_traceability_report,2,0,
02 OTHER.zip,mrp,02 OTHER/mrp/models/product.py,ProductTemplate,product.template,product_template,1,9,_compute_bom_count|_compute_is_kits|_compute_show_qty_status_button|_compute_used_in_bom_count|write|action_used_in_bom|_compute_mrp_product_qty|action_view_mos|action_archive
02 OTHER.zip,mrp,02 OTHER/mrp/models/product.py,ProductProduct,product.product,product_product,2,13,_compute_bom_count|_compute_is_kits|_compute_show_qty_status_button|_compute_used_in_bom_count|_compute_product_is_in_bom_and_mo|write|action_used_in_bom|_compute_mrp_product_qty|_compute_quantities_dict|action_view_bom|action_view_mos|action_open_quants
02 OTHER.zip,mrp,02 OTHER/mrp/models/stock_rule.py,StockRule,stock.rule,stock_rule,2,1,_compute_picking_type_code_domain
02 OTHER.zip,mrp,02 OTHER/mrp/models/res_config_settings.py,ResConfigSettings,res.config.settings,res_config_settings,1,1,_onchange_group_unlocked_by_default
02 OTHER.zip,mrp,02 OTHER/mrp/models/mrp_production.py,MrpProduction,mrp.production,mrp_production,54,82,_compute_mrp_production_child_count|_compute_mrp_production_source_count|_compute_mrp_production_backorder|_compute_picking_type_id|_compute_uom_id|_compute_locations|_compute_components_availability|_compute_product_id|_compute_allowed_uom_ids|_compute_bom_id|_compute_product_qty|_compute_production_capacity
02 OTHER.zip,mrp,02 OTHER/mrp/models/mrp_workorder.py,MrpWorkorder,mrp.workorder,mrp_workorder,20,36,_compute_state|_compute_production_date|_compute_json_popover|_compute_qty_producing|_compute_qty_ready|_compute_dates|_check_no_cyclic_dependencies|_compute_barcode|_compute_display_name|unlink|_compute_is_produced|_compute_duration_expected
02 OTHER.zip,mrp,02 OTHER/mrp/models/mrp_bom.py,MrpBom,mrp.bom,mrp_bom,17,19,_compute_possible_product_template_attribute_value_ids|_onchange_product_id|_check_bom_cycle|_check_cycle|_check_bom_lines|create|write|copy|action_archive|action_unarchive|_compute_display_name|_compute_operation_count
02 OTHER.zip,mrp,02 OTHER/mrp/models/mrp_bom.py,MrpBomLine,mrp.bom.line,mrp_bom_line,5,6,_compute_child_bom_id|_compute_attachments_count|_compute_child_line_ids|create|action_see_attachments|action_add_from_catalog
02 OTHER.zip,mrp,02 OTHER/mrp/models/mrp_bom.py,MrpBomByproduct,mrp.bom.byproduct,mrp_bom_byproduct,1,2,_compute_product_uom_id|action_add_from_catalog
02 OTHER.zip,mrp,02 OTHER/mrp/models/mrp_workcenter.py,MrpWorkcenter,mrp.workcenter,mrp_workcenter,6,16,_compute_display_name|_check_alternative_workcenter|_compute_kanban_dashboard_graph|_compute_workorder_count|_compute_working_state|_compute_blocked_time|_compute_productive_time|_compute_oee|_compute_performance|_compute_has_routing_lines|create|write
02 OTHER.zip,mrp,02 OTHER/mrp/models/mrp_workcenter.py,MrpWorkcenterProductivityLossType,mrp.workcenter.productivity.loss.type,mrp_workcenter_productivity_loss_type,0,1,_compute_display_name
02 OTHER.zip,mrp,02 OTHER/mrp/models/mrp_workcenter.py,MrpWorkcenterProductivity,mrp.workcenter.productivity,mrp_workcenter_productivity,5,3,_compute_duration|_check_open_time_ids|button_block
02 OTHER.zip,mrp,02 OTHER/mrp/models/mrp_workcenter.py,MrpWorkcenterCapacity,mrp.workcenter.capacity,mrp_workcenter_capacity,1,1,_compute_product_uom_id
02 OTHER.zip,mrp,02 OTHER/mrp/models/stock_lot.py,StockLot,stock.lot,stock_lot,0,1,_check_create
02 OTHER.zip,mrp,02 OTHER/mrp/report/report_stock_rule.py,ReportStockReport_Stock_Rule,report.stock.report_stock_rule,report_stock_report_stock_rule,1,0,
02 OTHER.zip,mrp,02 OTHER/mrp/report/mrp_report_mo_overview.py,ReportMrpReport_Mo_Overview,report.mrp.report_mo_overview,report_mrp_report_mo_overview,2,2,_compute_cost_sums|_check_planned_start
02 OTHER.zip,mrp,02 OTHER/mrp/report/report_stock_reception.py,ReportStockReport_Reception,report.stock.report_reception,report_stock_report_reception,0,1,_action_unassign
02 OTHER.zip,mrp,02 OTHER/mrp/report/mrp_report_bom_structure.py,ReportMrpReport_Bom_Structure,report.mrp.report_bom_structure,report_mrp_report_bom_structure,26,1,_compute_current_production_capacity
02 OTHER.zip,timer,02 OTHER/timer/models/timer_parent_mixin.py,TimerParentMixin,timer.parent.mixin,timer_parent_mixin,2,2,_compute_user_timer_id|action_timer_stop
02 OTHER.zip,timer,02 OTHER/timer/models/timer.py,TimerTimer,timer.timer,timer_timer,4,6,_compute_is_timer_running|create|action_timer_start|action_timer_stop|action_timer_pause|action_timer_resume
02 OTHER.zip,timer,02 OTHER/timer/models/timer_mixin.py,TimerMixin,timer.mixin,timer_mixin,2,7,_compute_user_timer_id|unlink|action_timer_start|action_timer_stop|action_timer_pause|action_timer_resume|_action_interrupt_user_timers
02 OTHER.zip,sale_stock_renting,02 OTHER/sale_stock_renting/wizard/rental_processing.py,RentalOrderWizard,rental.order.wizard,rental_order_wizard,2,2,_compute_has_tracked_lines|_compute_has_lines_missing_stock
02 OTHER.zip,sale_stock_renting,02 OTHER/sale_stock_renting/wizard/rental_processing.py,RentalOrderWizardLine,rental.order.wizard.line,rental_order_wizard_line,5,3,_compute_is_product_storable|_onchange_pickedup_lot_ids|_onchange_returned_lot_ids
02 OTHER.zip,sale_stock_renting,02 OTHER/sale_stock_renting/wizard/stock_picking_return.py,StockReturnPicking,stock.return.picking,stock_return_picking,0,1,_compute_moves_locations
02 OTHER.zip,sale_stock_renting,02 OTHER/sale_stock_renting/models/stock_warehouse.py,StockWarehouse,stock.warehouse,stock_warehouse,1,0,
02 OTHER.zip,sale_stock_renting,02 OTHER/sale_stock_renting/models/sale_order.py,SaleOrder,sale.order,sale_order,0,3,write|action_open_pickup|action_open_return
02 OTHER.zip,sale_stock_renting,02 OTHER/sale_stock_renting/models/sale_order_line.py,SaleOrderLine,sale.order.line,sale_order_line,7,7,_compute_available_reserved_lots|_compute_qty_at_date|_compute_qty_delivered_method|write|_action_launch_stock_rule|_compute_unavailable_lots|_compute_reservation_begin
02 OTHER.zip,sale_stock_renting,02 OTHER/sale_stock_renting/models/product_template.py,ProductTemplate,product.template,product_template,1,1,_compute_show_qty_status_button
02 OTHER.zip,sale_stock_renting,02 OTHER/sale_stock_renting/models/product_product.py,ProductProduct,product.product,product_product,2,3,_compute_show_qty_status_button|_compute_display_name|action_view_rentals
02 OTHER.zip,sale_stock_renting,02 OTHER/sale_stock_renting/models/stock_move.py,StockMove,stock.move,stock_move,2,4,_action_assign|_action_done|_compute_location_dest_id|_compute_reference
02 OTHER.zip,sale_stock_renting,02 OTHER/sale_stock_renting/models/res_company.py,ResCompany,res.company,res_company,1,0,
02 OTHER.zip,sale_stock_renting,02 OTHER/sale_stock_renting/models/res_config_settings.py,ResConfigSettings,res.config.settings,res_config_settings,1,2,_compute_padding_time|_inverse_padding_time
02 OTHER.zip,sale_stock_renting,02 OTHER/sale_stock_renting/models/stock_lot.py,StockLot,stock.lot,stock_lot,2,1,action_auto_assign_lots
02 OTHER.zip,l10n_es_pos,02 OTHER/l10n_es_pos/models/account_move.py,AccountMove,account.move,account_move,0,1,_compute_l10n_es_is_simplified
02 OTHER.zip,l10n_es_pos,02 OTHER/l10n_es_pos/models/pos_config.py,PosConfig,pos.config,pos_config,1,2,_compute_is_spanish|_compute_simplified_partner_id
02 OTHER.zip,l10n_es_pos,02 OTHER/l10n_es_pos/models/res_company.py,ResCompany,res.company,res_company,1,0,
02 OTHER.zip,l10n_es_pos,02 OTHER/l10n_es_pos/models/pos_order.py,PosOrder,pos.order,pos_order,1,1,_compute_l10n_es_simplified_invoice_number
02 OTHER.zip,l10n_us_hr_payroll_account,02 OTHER/l10n_us_hr_payroll_account/models/hr_payslip_run.py,HrPayslipRun,hr.payslip.run,hr_payslip_run,0,1,action_payment_report
02 OTHER.zip,l10n_us_hr_payroll_account,02 OTHER/l10n_us_hr_payroll_account/models/hr_payslip.py,HrPayslip,hr.payslip,hr_payslip,0,1,action_payslip_payment_report
02 OTHER.zip,l10n_be_pos_restaurant,02 OTHER/l10n_be_pos_restaurant/models/pos_config.py,PosConfig,pos.config,pos_config,1,0,
02 OTHER.zip,l10n_us_check_printing,02 OTHER/l10n_us_check_printing/models/account_payment.py,AccountPayment,account.payment,account_payment,0,1,_check_build_page_info
02 OTHER.zip,website_enterprise,02 OTHER/website_enterprise/models/res_config_settings.py,ResConfigSettings,res.config.settings,res_config_settings,0,1,action_redirect_website_generator
02 OTHER.zip,website_enterprise,02 OTHER/website_enterprise/models/website.py,Website,website,website,1,0,
02 OTHER.zip,l10n_cl_edi_factoring,02 OTHER/l10n_cl_edi_factoring/wizard/l10n_cl_aec_gen.py,AECGenerator,l10n_cl.aec.generator,l10n_cl_aec_generator,1,0,
02 OTHER.zip,l10n_cl_edi_factoring,02 OTHER/l10n_cl_edi_factoring/models/account_move.py,AccountMove,account.move,account_move,1,2,_compute_l10n_cl_yielded_status|action_l10n_cl_create_aec
02 OTHER.zip,crm,02 OTHER/crm/wizard/crm_lead_pls_update.py,CrmLeadPlsUpdate,crm.lead.pls.update,crm_lead_pls_update,0,1,action_update_crm_lead_probabilities
02 OTHER.zip,crm,02 OTHER/crm/wizard/crm_lead_to_opportunity.py,CrmLead2opportunityPartner,crm.lead2opportunity.partner,crm_lead2opportunity_partner,8,10,_compute_name|_compute_action|_compute_duplicated_lead_ids|_compute_commercial_partner_id|_compute_partner_id|_compute_user_id|_compute_team_id|action_apply|_action_merge|_action_convert
02 OTHER.zip,crm,02 OTHER/crm/wizard/crm_lead_lost.py,CrmLeadLost,crm.lead.lost,crm_lead_lost,0,1,action_lost_reason_apply
02 OTHER.zip,crm,02 OTHER/crm/wizard/crm_lead_to_opportunity_mass.py,CrmLead2opportunityPartnerMass,crm.lead2opportunity.partner.mass,crm_lead2opportunity_partner_mass,5,7,_compute_name|_compute_action|_compute_partner_id|_compute_commercial_partner_id|_compute_team_id|_compute_duplicated_lead_ids|action_mass_convert
02 OTHER.zip,crm,02 OTHER/crm/wizard/crm_merge_opportunities.py,CrmMergeOpportunity,crm.merge.opportunity,crm_merge_opportunity,2,2,action_merge|_compute_team_id
02 OTHER.zip,crm,02 OTHER/crm/models/digest.py,DigestDigest,digest.digest,digest_digest,0,3,_compute_kpi_crm_lead_created_value|_compute_kpi_crm_opportunities_won_value|_compute_kpis_actions
02 OTHER.zip,crm,02 OTHER/crm/models/crm_team.py,CrmTeam,crm.team,crm_team,8,17,_compute_assignment_max|_compute_assignment_enabled|_compute_lead_unassigned_count|_compute_lead_all_assigned_month_count|_onchange_use_leads_opportunities|write|unlink|action_assign_leads|_action_assign_leads|_action_assign_leads_logs|action_your_pipeline|action_opportunity_forecast
02 OTHER.zip,crm,02 OTHER/crm/models/crm_lost_reason.py,CrmLostReason,crm.lost.reason,crm_lost_reason,0,2,_compute_leads_count|action_lost_leads
02 OTHER.zip,crm,02 OTHER/crm/models/crm_team_member.py,CrmTeamMember,crm.team.member,crm_team_member,4,2,_compute_lead_day_count|_compute_lead_month_count
02 OTHER.zip,crm,02 OTHER/crm/models/calendar.py,CalendarEvent,calendar.event,calendar_event,2,2,_compute_is_highlighted|create
02 OTHER.zip,crm,02 OTHER/crm/models/utm.py,UtmCampaign,utm.campaign,utm_campaign,0,3,_compute_use_leads|_compute_crm_lead_count|action_redirect_to_leads_opportunities
02 OTHER.zip,crm,02 OTHER/crm/models/crm_stage.py,CrmStage,crm.stage,crm_stage,2,3,_compute_team_count|_onchange_is_won|write
02 OTHER.zip,crm,02 OTHER/crm/models/mail_activity.py,MailActivity,mail.activity,mail_activity,0,1,action_create_calendar_event
02 OTHER.zip,crm,02 OTHER/crm/models/ir_config_parameter.py,IrConfig_Parameter,ir.config_parameter,ir_config_parameter,1,3,write|create|unlink
02 OTHER.zip,crm,02 OTHER/crm/models/res_users.py,ResUsers,res.users,res_users,1,1,_compute_display_name
02 OTHER.zip,crm,02 OTHER/crm/models/res_config_settings.py,ResConfigSettings,res.config.settings,res_config_settings,5,8,_compute_crm_auto_assignment_data|_onchange_crm_auto_assignment_run_datetime|_compute_pls_fields|_inverse_pls_fields_str|_compute_pls_start_date|_inverse_pls_start_date_str|_compute_predictive_lead_scoring_field_labels|action_crm_assign_leads
02 OTHER.zip,crm,02 OTHER/crm/models/crm_lead.py,CrmLead,crm.lead,crm_lead,45,52,_check_won_validity|_compute_user_company_ids|_compute_company_currency|_compute_team_id|_compute_company_id|_compute_stage_id|_compute_date_open|_compute_date_last_stage_update|_compute_day_open|_compute_day_close|_compute_name|_compute_commercial_partner_id
02 OTHER.zip,crm,02 OTHER/crm/models/res_partner.py,ResPartner,res.partner,res_partner,0,3,_compute_opportunity_count|_compute_application_statistics_hook|action_view_opportunity
02 OTHER.zip,sale_timesheet_margin,02 OTHER/sale_timesheet_margin/models/sale_order_line.py,SaleOrderLine,sale.order.line,sale_order_line,1,1,_compute_purchase_price
02 OTHER.zip,l10n_es_sale_amazon,02 OTHER/l10n_es_sale_amazon/models/account_move.py,AccountMove,account.move,account_move,0,1,_compute_l10n_es_is_simplified
02 OTHER.zip,approvals_purchase,02 OTHER/approvals_purchase/models/approval_request.py,ApprovalRequest,approval.request,approval_request,1,6,_compute_purchase_order_count|action_approve|action_cancel|action_confirm|action_create_purchase_orders|action_open_purchase_orders
02 OTHER.zip,approvals_purchase,02 OTHER/approvals_purchase/models/purchase_order.py,PurchaseOrder,purchase.order,purchase_order,0,1,write
02 OTHER.zip,approvals_purchase,02 OTHER/approvals_purchase/models/approval_category.py,ApprovalCategory,approval.category,approval_category,1,1,_onchange_approval_type
02 OTHER.zip,approvals_purchase,02 OTHER/approvals_purchase/models/approval_product_line.py,ApprovalProductLine,approval.product.line,approval_product_line,3,4,_compute_po_uom_qty|_compute_seller_id|_compute_has_no_seller|_check_products_vendor
02 OTHER.zip,pos_iot,02 OTHER/pos_iot/wizard/auto_config_pos_iot.py,AutoConfigPoSIoT,auto.config.pos.iot,auto_config_pos_iot,1,2,_compute_iot_box_id|action_autoconfigure
02 OTHER.zip,pos_iot,02 OTHER/pos_iot/models/iot_device.py,IotDevice,iot.device,iot_device,3,1,_compute_associated_pos_config_ids
02 OTHER.zip,pos_iot,02 OTHER/pos_iot/models/pos_session.py,PosSession,pos.session,pos_session,1,0,
02 OTHER.zip,pos_iot,02 OTHER/pos_iot/models/pos_config.py,PosConfig,pos.config,pos_config,5,5,_compute_print_via_proxy|_compute_scan_via_proxy|_compute_electronic_scale|_compute_iot_device_ids|_compute_payment_terminal_device_ids
02 OTHER.zip,pos_iot,02 OTHER/pos_iot/models/pos_payment_method.py,PosPaymentMethod,pos.payment.method,pos_payment_method,2,1,_onchange_use_payment_terminal
02 OTHER.zip,pos_iot,02 OTHER/pos_iot/models/iot_box.py,IotBox,iot.box,iot_box,3,1,_compute_associated_pos_config_ids
02 OTHER.zip,pos_iot,02 OTHER/pos_iot/models/pos_printer.py,PosPrinter,pos.printer,pos_printer,2,0,
02 OTHER.zip,l10n_be_hr_contract_salary,02 OTHER/l10n_be_hr_contract_salary/models/hr_version.py,HrVersion,hr.version,hr_version,8,5,_compute_l10n_be_bicyle_cost|_compute_l10n_be_mobility_budget_amount|_compute_l10n_be_wage_with_mobility_budget|_compute_l10n_be_is_below_scale|_compute_double_holiday_wage
02 OTHER.zip,l10n_be_hr_contract_salary,02 OTHER/l10n_be_hr_contract_salary/models/hr_contract_salary_offer.py,HrContractSalaryOffer,hr.contract.salary.offer,hr_contract_salary_offer,6,6,_compute_contract_type_id|_compute_new_car|_compute_car_id|_compute_l10n_be_canteen_cost|_compute_assigned_car_warning|_compute_wishlist_car_warning
02 OTHER.zip,l10n_be_hr_contract_salary,02 OTHER/l10n_be_hr_contract_salary/models/hr_job.py,HrJob,hr.job,hr_job,1,1,action_hr_job_payroll_configuration
02 OTHER.zip,l10n_be_hr_contract_salary,02 OTHER/l10n_be_hr_contract_salary/controllers/main.py,HrContractSalary,,,0,1,_onchange_benefit
02 OTHER.zip,sale_project_stock,02 OTHER/sale_project_stock/models/stock_picking.py,StockPicking,stock.picking,stock_picking,0,1,button_validate
02 OTHER.zip,social_twitter,02 OTHER/social_twitter/models/social_post_template.py,SocialPostTemplate,social.post.template,social_post_template,7,5,_check_has_twitter_message_or_image|_compute_has_twitter_account|_compute_display_twitter_preview|_compute_twitter_post_limit_message|_compute_twitter_preview
02 OTHER.zip,social_twitter,02 OTHER/social_twitter/models/social_post.py,SocialPost,social.post,social_post,3,2,_compute_stream_posts_count|_compute_twitter_post_limit_message
02 OTHER.zip,social_twitter,02 OTHER/social_twitter/models/social_stream.py,SocialStream,social.stream,social_stream,2,1,_check_twitter_followed_account_id
02 OTHER.zip,social_twitter,02 OTHER/social_twitter/models/social_live_post.py,SocialLivePost,social.live.post,social_live_post,1,1,_compute_live_post_link
02 OTHER.zip,social_twitter,02 OTHER/social_twitter/models/social_account.py,SocialAccount,social.account,social_account,1,3,_compute_statistics|_compute_stats_link|create
02 OTHER.zip,social_twitter,02 OTHER/social_twitter/models/social_stream_post.py,SocialStreamPost,social.stream.post,social_stream_post,1,4,_compute_author_link|_compute_post_link|_compute_twitter_can_retweet|_compute_is_author
02 OTHER.zip,social_twitter,02 OTHER/social_twitter/models/social_media.py,SocialMedia,social.media,social_media,1,1,_action_add_account
02 OTHER.zip,social_twitter,02 OTHER/social_twitter/models/res_config_settings.py,ResConfigSettings,res.config.settings,res_config_settings,3,5,_onchange_twitter_use_own_account|_compute_twitter_consumer_key|_inverse_twitter_consumer_key|_compute_twitter_consumer_secret_key|_inverse_twitter_consumer_secret_key
02 OTHER.zip,l10n_th,02 OTHER/l10n_th/models/res_bank.py,ResPartnerBank,res.partner.bank,res_partner_bank,3,4,_check_th_proxy|_compute_country_proxy_keys|_compute_display_qr_setting|_check_for_qr_code_errors
02 OTHER.zip,l10n_th,02 OTHER/l10n_th/models/res_partner.py,ResPartner,res.partner,res_partner,0,1,_compute_l10n_th_branch_name
02 OTHER.zip,payment_worldline,02 OTHER/payment_worldline/models/payment_provider.py,PaymentProvider,payment.provider,payment_provider,0,1,_compute_feature_support_fields
02 OTHER.zip,payment_worldline,02 OTHER/payment_worldline/models/payment_transaction.py,PaymentTransaction,payment.transaction,payment_transaction,1,1,_compute_reference
02 OTHER.zip,l10n_ke_edi_oscu_stock,02 OTHER/l10n_ke_edi_oscu_stock/wizard/stock_picking_return.py,StockReturnPicking,stock.return.picking,stock_return_picking,0,1,action_create_returns
02 OTHER.zip,l10n_ke_edi_oscu_stock,02 OTHER/l10n_ke_edi_oscu_stock/models/account_move.py,AccountMove,account.move,account_move,3,6,_compute_l10n_ke_oscu_show_create_purchase_order_button|_compute_l10n_ke_oscu_show_create_sale_order_button|_compute_l10n_ke_validation_message|action_l10n_ke_oscu_confirm_vendor_bill|action_l10n_ke_create_purchase_order|action_l10n_ke_create_sale_order
02 OTHER.zip,l10n_ke_edi_oscu_stock,02 OTHER/l10n_ke_edi_oscu_stock/models/account_move.py,AccountMoveLine,account.move.line,account_move_line,1,1,_compute_product_id
02 OTHER.zip,l10n_ke_edi_oscu_stock,02 OTHER/l10n_ke_edi_oscu_stock/models/l10n_ke_edi_customs_import.py,L10n_Ke_EdiCustomsImport,l10n_ke_edi.customs.import,l10n_ke_edi_customs_import,2,6,_compute_uom_id|_compute_warning_msg|button_approve|button_reject|action_create_purchase_order|action_view_purchase_order
02 OTHER.zip,l10n_ke_edi_oscu_stock,02 OTHER/l10n_ke_edi_oscu_stock/models/stock_quant.py,StockQuant,stock.quant,stock_quant,1,0,
02 OTHER.zip,l10n_ke_edi_oscu_stock,02 OTHER/l10n_ke_edi_oscu_stock/models/purchase.py,PurchaseOrder,purchase.order,purchase_order,0,1,action_view_l10n_ke_edi_customs_import
02 OTHER.zip,l10n_ke_edi_oscu_stock,02 OTHER/l10n_ke_edi_oscu_stock/models/purchase.py,PurchaseOrderLine,purchase.order.line,purchase_order_line,1,1,_compute_display_name
02 OTHER.zip,l10n_ke_edi_oscu_stock,02 OTHER/l10n_ke_edi_oscu_stock/models/stock_move.py,StockMove,stock.move,stock_move,3,3,_compute_l10n_ke_oscu_flow_type_code|_action_done|action_l10n_ke_oscu_process_moves
02 OTHER.zip,l10n_ke_edi_oscu_stock,02 OTHER/l10n_ke_edi_oscu_stock/models/stock_picking.py,StockPicking,stock.picking,stock_picking,2,2,_compute_l10n_ke_state|_compute_l10n_ke_validation_msg
02 OTHER.zip,l10n_ke_edi_oscu_stock,02 OTHER/l10n_ke_edi_oscu_stock/models/product.py,ProductTemplate,product.template,product_template,0,2,action_l10n_ke_oscu_save_stock_master|_compute_invoice_policy
02 OTHER.zip,l10n_ke_edi_oscu_stock,02 OTHER/l10n_ke_edi_oscu_stock/models/product.py,ProductProduct,product.product,product_product,0,1,action_l10n_ke_oscu_save_stock_master
02 OTHER.zip,helpdesk_sale_timesheet,02 OTHER/helpdesk_sale_timesheet/models/sale_order.py,SaleOrder,sale.order,sale_order,2,3,_compute_ticket_count|create|action_view_tickets
02 OTHER.zip,helpdesk_sale_timesheet,02 OTHER/helpdesk_sale_timesheet/models/sale_order_line.py,SaleOrderLine,sale.order.line,sale_order_line,1,1,_compute_color
02 OTHER.zip,helpdesk_sale_timesheet,02 OTHER/helpdesk_sale_timesheet/models/helpdesk_ticket.py,HelpdeskTicket,helpdesk.ticket,helpdesk_ticket,7,9,_check_sale_line_type|_compute_remaining_hours_so|_compute_sale_line_id|_compute_display_invoice_button|create|write|_compute_helpdesk_sale_order|action_view_so|action_view_invoices
02 OTHER.zip,helpdesk_sale_timesheet,02 OTHER/helpdesk_sale_timesheet/models/helpdesk_team.py,HelpdeskTeam,helpdesk.team,helpdesk_team,0,1,write
02 OTHER.zip,helpdesk_sale_timesheet,02 OTHER/helpdesk_sale_timesheet/models/account_analytic_line.py,AccountAnalyticLine,account.analytic.line,account_analytic_line,4,5,_compute_commercial_partner|_compute_display_sol|_compute_so_line|_compute_partner_id|_check_timesheet_can_be_billed
02 OTHER.zip,l10n_be_coda,02 OTHER/l10n_be_coda/models/account_journal.py,AccountJournal,account.journal,account_journal,1,1,_check_coda
02 OTHER.zip,project_stock,02 OTHER/project_stock/models/project_project.py,ProjectProject,project.project,project_project,0,3,action_open_deliveries|action_open_receipts|action_open_all_pickings
02 OTHER.zip,hr_payroll_account,02 OTHER/hr_payroll_account/wizard/account_payment_register.py,AccountPaymentRegister,account.payment.register,account_payment_register,1,0,
02 OTHER.zip,hr_payroll_account,02 OTHER/hr_payroll_account/models/hr_salary_rule.py,HrSalaryRule,hr.salary.rule,hr_salary_rule,1,1,_compute_batch_payroll_move_lines
02 OTHER.zip,hr_payroll_account,02 OTHER/hr_payroll_account/models/hr_payroll_structure.py,HrPayrollStructure,hr.payroll.structure,hr_payroll_structure,1,1,_check_journal_id
02 OTHER.zip,hr_payroll_account,02 OTHER/hr_payroll_account/models/account_move.py,AccountMove,account.move,account_move,0,2,_compute_payslip_count|action_open_payslip
02 OTHER.zip,hr_payroll_account,02 OTHER/hr_payroll_account/models/hr_payslip_run.py,HrPayslipRun,hr.payslip.run,hr_payslip_run,0,1,action_open_move
02 OTHER.zip,hr_payroll_account,02 OTHER/hr_payroll_account/models/hr_payslip.py,HrPayslip,hr.payslip,hr_payslip,1,7,action_payslip_cancel|action_payslip_done|_action_create_account_move|_check_debit_credit_tags|_check_partially_matching_accounts|action_register_payment|action_open_move
02 OTHER.zip,hr_payroll_account,02 OTHER/hr_payroll_account/models/hr_payslip_line.py,HrPayslipLine,hr.payslip.line,hr_payslip_line,2,2,_compute_debit_tags|_compute_credit_tags
02 OTHER.zip,hr_payroll_account,02 OTHER/hr_payroll_account/models/res_partner_bank.py,ResPartnerBank,res.partner.bank,res_partner_bank,2,3,_compute_has_alt_bank_account|create|write
02 OTHER.zip,hr_payroll_account,02 OTHER/hr_payroll_account/models/account_payment.py,AccountPayment,account.payment,account_payment,1,0,
02 OTHER.zip,hr_payroll_account,02 OTHER/hr_payroll_account/models/account_chart_template.py,AccountChartTemplate,account.chart.template,account_chart_template,1,0,
02 OTHER.zip,website_sale_collect,02 OTHER/website_sale_collect/models/payment_provider.py,PaymentProvider,payment.provider,payment_provider,1,0,
02 OTHER.zip,website_sale_collect,02 OTHER/website_sale_collect/models/sale_order.py,SaleOrder,sale.order,sale_order,0,3,_compute_warehouse_id|_compute_fiscal_position_id|_check_cart_is_ready_to_be_paid
02 OTHER.zip,website_sale_collect,02 OTHER/website_sale_collect/models/res_config_settings.py,ResConfigSettings,res.config.settings,res_config_settings,0,1,action_view_in_store_delivery_methods
02 OTHER.zip,website_sale_collect,02 OTHER/website_sale_collect/models/website.py,Website,website,website,0,1,_compute_in_store_dm_id
02 OTHER.zip,website_sale_collect,02 OTHER/website_sale_collect/models/delivery_carrier.py,DeliveryCarrier,delivery.carrier,delivery_carrier,3,4,_check_in_store_dm_has_warehouses_when_published|_check_warehouses_have_same_company|create|write
02 OTHER.zip,website_delivery_sendcloud,02 OTHER/website_delivery_sendcloud/models/delivery_sendcloud.py,DeliveryCarrier,delivery.carrier,delivery_carrier,4,4,_compute_sendcloud_can_customize_use_locations|_compute_sendcloud_use_locations|_compute_sendcloud_locations_radius_unit|_check_radius_value
02 OTHER.zip,l10n_ar_withholding,02 OTHER/l10n_ar_withholding/models/account_tax.py,AccountTax,account.tax,account_tax,2,2,_compute_l10n_ar_type_tax_use|_inverse_l10n_ar_type_tax_use
02 OTHER.zip,l10n_ar_withholding,02 OTHER/l10n_ar_withholding/models/account_move.py,AccountMove,account.move,account_move,1,1,_compute_l10n_ar_withholding_ids
02 OTHER.zip,l10n_ar_withholding,02 OTHER/l10n_ar_withholding/models/l10n_ar_partner_tax.py,L10n_ArPartnerTax,l10n_ar.partner.tax,l10n_ar_partner_tax,1,0,
02 OTHER.zip,l10n_ar_withholding,02 OTHER/l10n_ar_withholding/models/l10n_ar_earnings_scale.py,L10n_ArEarningsScaleLine,l10n_ar.earnings.scale.line,l10n_ar_earnings_scale_line,1,1,_compute_from_amount
02 OTHER.zip,l10n_ar_withholding,02 OTHER/l10n_ar_withholding/wizards/account_payment_register.py,AccountPaymentRegister,account.payment.register,account_payment_register,4,5,_compute_amount|_compute_l10n_ar_adjustment_warning|_compute_l10n_ar_net_amount|_compute_l10n_ar_withholding_ids|action_create_payments
02 OTHER.zip,l10n_ar_withholding,02 OTHER/l10n_ar_withholding/wizards/l10n_ar_payment_register_withholding.py,L10n_ArPaymentRegisterWithholding,l10n_ar.payment.register.withholding,l10n_ar_payment_register_withholding,2,2,_compute_amount|_compute_base_amount
02 OTHER.zip,l10n_us_payment_nacha,02 OTHER/l10n_us_payment_nacha/models/account_payment_method.py,AccountPaymentMethod,account.payment.method,account_payment_method,1,0,
02 OTHER.zip,l10n_us_payment_nacha,02 OTHER/l10n_us_payment_nacha/models/account_payment.py,AccountPayment,account.payment,account_payment,2,0,
02 OTHER.zip,l10n_hk_hr_payroll_empf,02 OTHER/l10n_hk_hr_payroll_empf/model/hr_version.py,HrVersion,hr.version,hr_version,4,4,_compute_l10n_hk_payroll_group|_compute_l10n_hk_member_class|_compute_l10n_hk_scheme_group_count|_compute_employee_member_class_contribution_types
02 OTHER.zip,l10n_hk_hr_payroll_empf,02 OTHER/l10n_hk_hr_payroll_empf/model/hr_payslip_run.py,HrPayslipRun,hr.payslip.run,hr_payslip_run,0,3,action_l10n_hk_hr_version_list_view_payrun|action_validate|action_open_empf_contribution_report
02 OTHER.zip,l10n_hk_hr_payroll_empf,02 OTHER/l10n_hk_hr_payroll_empf/model/hr_payslip.py,HrPayslip,hr.payslip,hr_payslip,0,2,action_payslip_cancel|action_payslip_draft
02 OTHER.zip,l10n_hk_hr_payroll_empf,02 OTHER/l10n_hk_hr_payroll_empf/model/l10n_hk_empf_contribution_report.py,L10n_HkEMpfContributionReport,l10n_hk.empf.contribution.report,l10n_hk_empf_contribution_report,5,8,_compute_name|_compute_period|_compute_scheme_details|_compute_contribution_lines|action_validate|action_draft|action_generate_report|action_recompute_contribution_lines
02 OTHER.zip,l10n_hk_hr_payroll_empf,02 OTHER/l10n_hk_hr_payroll_empf/model/member_class.py,l10n_hkMemberClass,l10n_hk.member.class,l10n_hk_member_class,1,1,action_open_employee_list
02 OTHER.zip,l10n_hk_hr_payroll_empf,02 OTHER/l10n_hk_hr_payroll_empf/model/payroll_group.py,l10n_hkPayrollGroup,l10n_hk.payroll.group,l10n_hk_payroll_group,1,1,action_open_employee_list
02 OTHER.zip,l10n_hk_hr_payroll_empf,02 OTHER/l10n_hk_hr_payroll_empf/model/l10n_hk_empf_contribution_report_line.py,L10n_HkEMpfContributionReportLine,l10n_hk.empf.contribution.report.line,l10n_hk_empf_contribution_report_line,4,5,_compute_amounts|_compute_total|_compute_version_id|_compute_termination_payment_type|action_display_errors
02 OTHER.zip,l10n_hk_hr_payroll_empf,02 OTHER/l10n_hk_hr_payroll_empf/model/mpf_scheme.py,l10n_hkMpfScheme,l10n_hk.mpf.scheme,l10n_hk_mpf_scheme,3,1,_compute_display_name
02 OTHER.zip,l10n_hk_hr_payroll_empf,02 OTHER/l10n_hk_hr_payroll_empf/model/member_class_contribution_type.py,l10n_hkMemberClassContributionType,l10n_hk.member.class.contribution.type,l10n_hk_member_class_contribution_type,3,2,_compute_amount|_compute_definition_of_income
02 OTHER.zip,l10n_lt,02 OTHER/l10n_lt/models/account_journal.py,AccountJournal,account.journal,account_journal,1,0,
02 OTHER.zip,sale_renting,02 OTHER/sale_renting/wizard/rental_processing.py,RentalOrderWizard,rental.order.wizard,rental_order_wizard,2,1,_compute_is_late
02 OTHER.zip,sale_renting,02 OTHER/sale_renting/wizard/rental_processing.py,RentalOrderWizardLine,rental.order.wizard.line,rental_order_wizard_line,2,0,
02 OTHER.zip,sale_renting,02 OTHER/sale_renting/models/product_pricelist.py,ProductPricelist,product.pricelist,product_pricelist,1,2,_check_pricing_product_rental|_compute_price_rule
02 OTHER.zip,sale_renting,02 OTHER/sale_renting/models/sale_order.py,SaleOrder,sale.order,sale_order,13,15,_compute_is_rental_order|_compute_has_rented_products|_compute_duration|_compute_rental_status|_compute_has_action_lines|_compute_is_late|_onchange_pricelist_id_show_update_prices|_onchange_company_id_warning|_onchange_duration_show_update_duration|_onchange_is_rental_order|_onchange_rental_start_date|_onchange_rental_return_date
02 OTHER.zip,sale_renting,02 OTHER/sale_renting/models/product_pricing.py,ProductPricing,product.pricing,product_pricing,6,6,_check_unique_night_period|_check_unique_parameters|_compute_description|_compute_currency_id|_compute_price|_compute_duration_vals
02 OTHER.zip,sale_renting,02 OTHER/sale_renting/models/sale_order_line.py,SaleOrderLine,sale.order.line,sale_order_line,10,10,_compute_display_name|_compute_reservation_begin|_onchange_qty_delivered|_compute_qty_delivered_method|_compute_name|_compute_is_rental|_compute_product_updatable|_compute_pricelist_item_id|_compute_rental_status|_compute_rental_color
02 OTHER.zip,sale_renting,02 OTHER/sale_renting/models/product_template.py,ProductTemplate,product.template,product_template,5,5,_compute_display_price|_check_rental_combo_ids|action_view_rentals|_compute_display_name|copy
02 OTHER.zip,sale_renting,02 OTHER/sale_renting/models/product_product.py,ProductProduct,product.product,product_product,2,3,_compute_display_name|_compute_delay_price|action_view_rentals
02 OTHER.zip,sale_renting,02 OTHER/sale_renting/models/sale_order_recurrence.py,SaleTemporalRecurrence,sale.temporal.recurrence,sale_temporal_recurrence,1,3,_compute_displayed_unit|_inverse_displayed_unit|_compute_duration_display
02 OTHER.zip,sale_renting,02 OTHER/sale_renting/models/res_config_settings.py,ResConfigSettings,res.config.settings,res_config_settings,2,4,_compute_extra_hour|_inverse_extra_hour|_compute_extra_day|_inverse_extra_day
02 OTHER.zip,l10n_ie,02 OTHER/l10n_ie/models/account_journal.py,AccountJournal,account.journal,account_journal,1,0,
02 OTHER.zip,l10n_gr_reports,02 OTHER/l10n_gr_reports/models/account_return.py,AccountReturn,account.return,account_return,1,0,
02 OTHER.zip,hr_expense_predict_product,02 OTHER/hr_expense_predict_product/models/hr_expense.py,HrExpense,hr.expense,hr_expense,1,1,_onchange_predict_product
02 OTHER.zip,delivery_envia,02 OTHER/delivery_envia/wizard/envia_shipping_wizard.py,EnviaShippingWizard,envia.shipping.wizard,envia_shipping_wizard,1,2,_check_codes|action_validate
02 OTHER.zip,delivery_envia,02 OTHER/delivery_envia/models/stock_package_type.py,StockPackageType,stock.package.type,stock_package_type,3,3,_compute_package_code|_check_envia_required_value|_compute_length_uom_name
02 OTHER.zip,delivery_envia,02 OTHER/delivery_envia/models/delivery_carrier.py,DeliverCarrier,delivery.carrier,delivery_carrier,1,3,_compute_services|_compute_supports_shipping_insurance|action_open_envia_wizard
02 OTHER.zip,l10n_fr_reports,02 OTHER/l10n_fr_reports/wizard/l10n_fr_send_vat_report.py,L10n_Fr_ReportsSendVatReportBankAccountLine,l10n_fr_reports.send.vat.report.bank.account.line,l10n_fr_reports_send_vat_report_bank_account_line,1,1,_compute_is_wrongly_configured
02 OTHER.zip,l10n_fr_reports,02 OTHER/l10n_fr_reports/wizard/l10n_fr_send_vat_report.py,L10n_Fr_ReportsSendVatReport,l10n_fr_reports.send.vat.report,l10n_fr_reports_send_vat_report,5,9,_compute_vat_amount|_compute_computed_vat_amount|_compute_has_wrongly_configured_account|_compute_bank_account_line_count|_check_constraints|_check_siret|_check_bank_accounts|_check_vat_to_pay|_check_values_export
02 OTHER.zip,l10n_fr_reports,02 OTHER/l10n_fr_reports/models/account_report_async_export.py,AccountReportAsyncExport,account.report.async.export,account_report_async_export,2,2,_compute_state|button_process_report
02 OTHER.zip,l10n_fr_reports,02 OTHER/l10n_fr_reports/models/account_report_async_document.py,AccountReportAsyncDocument,account.report.async.document,account_report_async_document,4,1,_compute_message
02 OTHER.zip,l10n_fr_reports,02 OTHER/l10n_fr_reports/models/account_return.py,AccountReturn,account.return,account_return,0,2,action_submit|action_reset_tax_return_common
02 OTHER.zip,l10n_fr_reports,02 OTHER/l10n_fr_reports/models/tax_report.py,L10n_FrReportHandler,l10n_fr.report.handler,l10n_fr_report_handler,0,1,action_audit_cell
02 OTHER.zip,planning,02 OTHER/planning/wizard/hr_departure_wizard.py,HrDepartureWizard,hr.departure.wizard,hr_departure_wizard,0,1,action_register_departure
02 OTHER.zip,planning,02 OTHER/planning/wizard/planning_preview.py,PlanningPreview,planning.preview,planning_preview,1,2,_compute_slot_count|action_preview_shift
02 OTHER.zip,planning,02 OTHER/planning/wizard/planning_send.py,PlanningSend,planning.send,planning_send,3,6,_compute_slots_data|_inverse_employee_ids|_compute_employees_no_email|_inverse_employees_no_email|action_check_emails|action_send
02 OTHER.zip,planning,02 OTHER/planning/models/hr_employee_public.py,HrEmployeePublic,hr.employee.public,hr_employee_public,0,2,_compute_has_slots|action_view_planning
02 OTHER.zip,planning,02 OTHER/planning/models/hr.py,HrEmployee,hr.employee,hr_employee,4,6,_compute_display_name|_onchange_default_planning_role_id|_onchange_planning_role_ids|action_archive|_compute_has_slots|action_view_planning
02 OTHER.zip,planning,02 OTHER/planning/models/planning_slot.py,PlanningSlot,planning.slot,planning_slot,52,50,_compute_color|_compute_confirm_delete|_check_repeat_until|_onchange_repeat_until|_compute_planning_slot_company_id|_compute_past_shift|_compute_employee_id|_compute_role_id|_compute_is_hatched|_compute_is_users_role|_compute_allocation_type|_compute_allocated_percentage
02 OTHER.zip,planning,02 OTHER/planning/models/planning_template.py,PlanningSlotTemplate,planning.slot.template,planning_slot_template,4,3,_check_start_and_end_times|_compute_name|_compute_display_name
02 OTHER.zip,planning,02 OTHER/planning/models/planning_planning.py,PlanningPlanning,planning.planning,planning_planning,3,3,_compute_dates|_compute_display_name|_compute_allow_self_unassign
02 OTHER.zip,planning,02 OTHER/planning/models/planning_recurrency.py,PlanningRecurrency,planning.recurrency,planning_recurrency,4,3,_check_repeat_number|_check_multi_company|_compute_display_name
02 OTHER.zip,planning,02 OTHER/planning/models/resource_resource.py,ResourceResource,resource.resource,resource_resource,6,6,_compute_default_role_id|_compute_role_ids|create|_compute_display_name|action_archive|_onchange_company_id
02 OTHER.zip,planning,02 OTHER/planning/report/planning_analysis_report.py,PlanningAnalysisReport,planning.analysis.report,planning_analysis_report,4,0,
02 OTHER.zip,planning,02 OTHER/planning/controllers/main.py,ShiftController,,,10,0,
02 OTHER.zip,quality_mrp,02 OTHER/quality_mrp/wizard/quality_check_wizard.py,QualityCheckWizard,quality.check.wizard,quality_check_wizard,1,0,
02 OTHER.zip,quality_mrp,02 OTHER/quality_mrp/models/stock_move_line.py,StockMoveLine,stock.move.line,stock_move_line,0,1,write
02 OTHER.zip,quality_mrp,02 OTHER/quality_mrp/models/stock_move.py,StockMove,stock.move,stock_move,0,1,_action_confirm
02 OTHER.zip,quality_mrp,02 OTHER/quality_mrp/models/mrp_production.py,MrpProduction,mrp.production,mrp_production,0,7,_compute_quality_alert_count|_compute_check|button_quality_alert|_check_qc_status|action_cancel|_action_confirm_mo_backorders|action_open_on_demand_quality_check
02 OTHER.zip,quality_mrp,02 OTHER/quality_mrp/models/quality.py,QualityPoint,quality.point,quality_point,3,2,_onchange_measure_on|_check_measure_on
02 OTHER.zip,quality_mrp,02 OTHER/quality_mrp/models/quality.py,QualityCheck,quality.check,quality_check,6,6,_compute_allowed_product_ids|_compute_hide_picking_id|_compute_hide_production_id|_compute_hide_repair_id|_compute_qty_line|_check_allowed_product_ids_with_production
02 OTHER.zip,lunch,02 OTHER/lunch/models/lunch_supplier.py,LunchSupplier,lunch.supplier,lunch_supplier,4,9,_compute_display_name|create|write|unlink|_compute_available_today|_compute_order_deadline_passed|_compute_buttons|action_send_orders|action_confirm_orders
02 OTHER.zip,lunch,02 OTHER/lunch/models/lunch_product.py,LunchProduct,lunch.product,lunch_product,7,9,_compute_product_image|_compute_is_new|_compute_is_favorite|_compute_last_order_date|_compute_is_available_at|_check_active_categories|_check_active_suppliers|_inverse_is_favorite|write
02 OTHER.zip,lunch,02 OTHER/lunch/models/lunch_order.py,LunchOrder,lunch.order,lunch_order,12,19,_compute_product_images|_compute_available_toppings|_compute_display_add_button|_compute_display_reorder_button|_compute_available_on_date|_compute_order_deadline_passed|_check_topping_quantity|create|write|_compute_total_price|_compute_display_toppings|_check_wallet
02 OTHER.zip,lunch,02 OTHER/lunch/models/lunch_product_category.py,LunchProductCategory,lunch.product.category,lunch_product_category,1,3,_compute_product_count|action_archive|action_unarchive
02 OTHER.zip,lunch,02 OTHER/lunch/models/lunch_topping.py,LunchTopping,lunch.topping,lunch_topping,2,1,_compute_display_name
02 OTHER.zip,lunch,02 OTHER/lunch/models/lunch_cashmove.py,LunchCashmove,lunch.cashmove,lunch_cashmove,1,1,_compute_display_name
02 OTHER.zip,lunch,02 OTHER/lunch/models/lunch_alert.py,LunchAlert,lunch.alert,lunch_alert,2,4,_compute_available_today|create|write|unlink
02 OTHER.zip,lunch,02 OTHER/lunch/report/lunch_cashmove_report.py,LunchCashmoveReport,lunch.cashmove.report,lunch_cashmove_report,0,1,_compute_display_name
02 OTHER.zip,website_sale_ups,02 OTHER/website_sale_ups/models/sale_order.py,SaleOrder,sale.order,sale_order,1,0,
02 OTHER.zip,l10n_it_pos,02 OTHER/l10n_it_pos/models/account_tax.py,AccountTax,account.tax,account_tax,2,0,
02 OTHER.zip,l10n_it_pos,02 OTHER/l10n_it_pos/models/pos_payment_method.py,PosPaymentMethod,pos.payment.method,pos_payment_method,1,0,
02 OTHER.zip,payment_stripe,02 OTHER/payment_stripe/models/payment_provider.py,PaymentProvider,payment.provider,payment_provider,2,6,_compute_feature_support_fields|_check_state_of_connected_account_is_never_test|_check_onboarding_of_enabled_provider_is_completed|action_start_onboarding|action_stripe_create_webhook|action_stripe_verify_apple_pay_domain
02 OTHER.zip,payment_stripe,02 OTHER/payment_stripe/models/payment_transaction.py,PaymentTransaction,payment.transaction,payment_transaction,1,0,
02 OTHER.zip,stock_intrastat,02 OTHER/stock_intrastat/models/account_intrastat_report.py,StockIntrastatReportHandler,stock.intrastat.report.handler,stock_intrastat_report_handler,1,0,
02 OTHER.zip,l10n_ro_edi_stock,02 OTHER/l10n_ro_edi_stock/models/stock_picking.py,Picking,stock.picking,stock_picking,17,13,_compute_l10n_ro_edi_stock_default_location_type|_compute_l10n_ro_edi_stock_available_operation_scopes|_compute_l10n_ro_edi_stock_available_location_types|_compute_l10n_ro_edi_stock_current_document_state|_compute_l10n_ro_edi_stock_current_document_uit|_compute_l10n_ro_edi_stock_enable|_compute_l10n_ro_edi_stock_enable_send|_compute_l10n_ro_edi_stock_enable_fetch|_compute_l10n_ro_edi_stock_enable_amend|_compute_l10n_ro_edi_stock_fields_readonly|button_validate|action_l10n_ro_edi_stock_send_etransport
02 OTHER.zip,partner_autocomplete,02 OTHER/partner_autocomplete/models/iap_autocomplete_api.py,IapAutocompleteApi,iap.autocomplete.api,iap_autocomplete_api,2,0,
02 OTHER.zip,partner_autocomplete,02 OTHER/partner_autocomplete/models/res_company.py,ResCompany,res.company,res_company,2,1,create
02 OTHER.zip,partner_autocomplete,02 OTHER/partner_autocomplete/models/res_config_settings.py,ResConfigSettings,res.config.settings,res_config_settings,0,1,_compute_partner_autocomplete_insufficient_credit
02 OTHER.zip,partner_autocomplete,02 OTHER/partner_autocomplete/models/res_partner.py,ResPartner,res.partner,res_partner,12,0,
02 OTHER.zip,sms_twilio,02 OTHER/sms_twilio/wizard/sms_twilio_account_manage.py,SmsTwilioAccountManage,sms.twilio.account.manage,sms_twilio_account_manage,0,3,action_reload_numbers|action_send_test|action_save
02 OTHER.zip,sms_twilio,02 OTHER/sms_twilio/models/mail_notification.py,MailNotification,mail.notification,mail_notification,1,0,
02 OTHER.zip,sms_twilio,02 OTHER/sms_twilio/models/sms_twilio_number.py,SmsTwilioNumber,sms.twilio.number,sms_twilio_number,0,2,_compute_display_name|action_unlink
02 OTHER.zip,sms_twilio,02 OTHER/sms_twilio/models/sms_sms.py,SmsSms,sms.sms,sms_sms,2,1,create
02 OTHER.zip,sms_twilio,02 OTHER/sms_twilio/models/sms_tracker.py,SmsTracker,sms.tracker,sms_tracker,0,1,_action_update_from_twilio_error
02 OTHER.zip,sms_twilio,02 OTHER/sms_twilio/models/res_company.py,ResCompany,res.company,res_company,0,1,_action_open_sms_twilio_account_manage
02 OTHER.zip,sms_twilio,02 OTHER/sms_twilio/models/res_config_settings.py,ResConfigSettings,res.config.settings,res_config_settings,0,1,action_open_sms_twilio_account_manage
02 OTHER.zip,sale_renting_crm,02 OTHER/sale_renting_crm/wizard/crm_lead_rental.py,CrmLeadRental,crm.lead.rental,crm_lead_rental,1,1,action_new_rental
02 OTHER.zip,sale_renting_crm,02 OTHER/sale_renting_crm/models/crm_lead.py,CrmLead,crm.lead,crm_lead,0,4,_compute_rental_count|action_rental_quotations_new|action_new_rental_quotation|action_view_rental_quotation
02 OTHER.zip,base_import_module,02 OTHER/base_import_module/models/ir_http.py,IrHttp,ir.http,ir_http,1,0,
02 OTHER.zip,base_import_module,02 OTHER/base_import_module/models/base_import_module.py,BaseImportModule,base.import.module,base_import_module,0,1,action_module_open
02 OTHER.zip,base_import_module,02 OTHER/base_import_module/models/ir_ui_view.py,IrUiView,ir.ui.view,ir_ui_view,1,0,
02 OTHER.zip,base_import_module,02 OTHER/base_import_module/models/ir_module.py,IrModuleModule,ir.module.module,ir_module_module,13,2,button_upgrade|button_immediate_install_app
02 OTHER.zip,mrp_workorder_iot,02 OTHER/mrp_workorder_iot/models/quality.py,QualityCheck,quality.check,quality_check,0,2,_compute_boxes|action_print
02 OTHER.zip,pos_restaurant_appointment,02 OTHER/pos_restaurant_appointment/models/pos_session.py,PosSession,pos.session,pos_session,1,0,
02 OTHER.zip,pos_restaurant_appointment,02 OTHER/pos_restaurant_appointment/models/pos_restaurant.py,RestaurantTable,restaurant.table,restaurant_table,2,3,create|write|unlink
02 OTHER.zip,pos_restaurant_appointment,02 OTHER/pos_restaurant_appointment/models/appointment_resource.py,AppointmentResource,appointment.resource,appointment_resource,2,1,_compute_is_used
02 OTHER.zip,pos_restaurant_appointment,02 OTHER/pos_restaurant_appointment/models/calendar_event.py,CalendarEvent,calendar.event,calendar_event,3,3,create|write|unlink
02 OTHER.zip,whatsapp_event,02 OTHER/whatsapp_event/models/event_mail.py,EventMail,event.mail,event_mail,1,2,_check_whatsapp_template_phone_field|_compute_notification_type
02 OTHER.zip,whatsapp_event,02 OTHER/whatsapp_event/models/whatsapp_template.py,WhatsappTemplate,whatsapp.template,whatsapp_template,1,1,unlink
02 OTHER.zip,whatsapp_event,02 OTHER/whatsapp_event/models/event_type_mail.py,EventTypeMail,event.type.mail,event_type_mail,0,1,_compute_notification_type
02 OTHER.zip,payment_mercado_pago,02 OTHER/payment_mercado_pago/models/payment_provider.py,PaymentProvider,payment.provider,payment_provider,4,7,_compute_feature_support_fields|_inverse_mercado_pago_account_country_id|_compute_mercado_pago_is_oauth_supported|_check_currency_is_supported|_check_mercado_pago_credentials_are_set_before_enabling|_check_mercado_pago_credentials_are_set_before_allowing_tokenization|action_start_onboarding
02 OTHER.zip,payment_mercado_pago,02 OTHER/payment_mercado_pago/models/payment_transaction.py,PaymentTransaction,payment.transaction,payment_transaction,2,0,
02 OTHER.zip,l10n_fr_intrastat,02 OTHER/l10n_fr_intrastat/wizard/intrastat_submission_wizard.py,L10nFrIntrastatIntrastatSubmissionWizard,l10n_fr_intrastat.intrastat.submission.wizard,l10n_fr_intrastat_intrastat_submission_wizard,0,1,action_proceed_with_submission
02 OTHER.zip,l10n_fr_intrastat,02 OTHER/l10n_fr_intrastat/wizard/export_wizard.py,L10n_Fr_IntrastatExportWizard,l10n_fr_intrastat.export.wizard,l10n_fr_intrastat_export_wizard,2,2,_compute_export_type|_compute_warning_incompatible_options
02 OTHER.zip,l10n_fr_intrastat,02 OTHER/l10n_fr_intrastat/models/account_return_type.py,AccountReturnType,account.return.type,account_return_type,1,0,
02 OTHER.zip,l10n_fr_intrastat,02 OTHER/l10n_fr_intrastat/models/account_return.py,AccountReturn,account.return,account_return,0,1,action_submit
02 OTHER.zip,l10n_fr_intrastat,02 OTHER/l10n_fr_intrastat/models/account_intrastat_report.py,AccountIntrastatGoodsReportHandler,account.intrastat.goods.report.handler,account_intrastat_goods_report_handler,11,1,_check_missing_required_values
02 OTHER.zip,l10n_fr_intrastat,02 OTHER/l10n_fr_intrastat/models/account_intrastat_report.py,AccountIntrastatServicesReportHandler,account.intrastat.services.report.handler,account_intrastat_services_report_handler,1,0,
02 OTHER.zip,bus,02 OTHER/bus/models/ir_http.py,IrHttp,ir.http,ir_http,1,0,
02 OTHER.zip,bus,02 OTHER/bus/models/bus.py,BusBus,bus.bus,bus_bus,2,0,
02 OTHER.zip,marketing_automation_whatsapp,02 OTHER/marketing_automation_whatsapp/models/marketing_campaign.py,MarketingCampaign,marketing.campaign,marketing_campaign,1,2,_compute_whatsapp_template_count|action_view_whatsapp_templates
02 OTHER.zip,marketing_automation_whatsapp,02 OTHER/marketing_automation_whatsapp/models/marketing_trace.py,MarketingTrace,marketing.trace,marketing_trace,1,1,_compute_links_click_datetime
02 OTHER.zip,marketing_automation_whatsapp,02 OTHER/marketing_automation_whatsapp/models/link_tracker_click.py,LinkTrackerClick,link.tracker.click,link_tracker_click,1,0,
02 OTHER.zip,marketing_automation_whatsapp,02 OTHER/marketing_automation_whatsapp/models/marketing_activity.py,MarketingActivity,marketing.activity,marketing_activity,4,10,_compute_mass_mailing_id|_compute_trigger_category|_compute_whatsapp_error|_compute_whatsapp_template_id|action_view_sent_wa|action_view_delivered_wa|action_view_read_wa|action_view_clicked_wa|action_view_replied_wa|_action_view_documents_filtered_wa
02 OTHER.zip,website_crm_sms,02 OTHER/website_crm_sms/models/website_visitor.py,WebsiteVisitor,website.visitor,website_visitor,0,1,_check_for_sms_composer
02 OTHER.zip,sale_amazon,02 OTHER/sale_amazon/models/amazon_account.py,AmazonAccount,amazon.account,amazon_account,5,19,_compute_name|_compute_default_product_ids|_compute_state|_compute_offer_count|_compute_order_count|_onchange_last_orders_sync|_check_actives_subset_of_availables|create|action_archive|action_redirect_to_oauth_url|action_reset_refresh_token|action_update_available_marketplaces
02 OTHER.zip,sale_amazon,02 OTHER/sale_amazon/models/sale_order.py,SaleOrder,sale.order,sale_order,0,1,_action_cancel
02 OTHER.zip,sale_amazon,02 OTHER/sale_amazon/models/product_template.py,ProductTemplate,product.template,product_template,0,2,_compute_offer_count|action_view_offers
02 OTHER.zip,sale_amazon,02 OTHER/sale_amazon/models/product_product.py,ProductProduct,product.product,product_product,1,2,_compute_offer_count|action_view_offers
02 OTHER.zip,sale_amazon,02 OTHER/sale_amazon/models/stock_move.py,StockMove,stock.move,stock_move,1,1,_compute_reference
02 OTHER.zip,sale_amazon,02 OTHER/sale_amazon/models/stock_picking.py,StockPicking,stock.picking,stock_picking,1,4,write|_check_sales_order_line_completion|_check_carrier_details_compliance|action_retry_amazon_sync
02 OTHER.zip,sale_amazon,02 OTHER/sale_amazon/models/res_config_settings.py,ResConfigSettings,res.config.settings,res_config_settings,1,1,_compute_has_amazon_account
02 OTHER.zip,sale_amazon,02 OTHER/sale_amazon/models/amazon_offer.py,AmazonOffer,amazon.offer,amazon_offer,4,4,_compute_sync_stock|_onchange_product_id|_check_product_is_storable|action_view_online
02 OTHER.zip,sale_amazon,02 OTHER/sale_amazon/wizards/recover_order_wizard.py,AmazonRecoverOrderWizard,amazon.recover.order.wizard,amazon_recover_order_wizard,1,2,_check_amazon_order_ref|action_recover_order
02 OTHER.zip,l10n_us_hr_payroll_adp,02 OTHER/l10n_us_hr_payroll_adp/models/l10n_us_adp_export.py,L10nUsAdpExport,l10n.us.adp.export,l10n_us_adp_export,4,5,_compute_name|_compute_work_entry_ids|_compute_warning_message|action_generate_csv|action_open_work_entries
02 OTHER.zip,planning_holidays,02 OTHER/planning_holidays/models/resource_calendar_leave.py,ResourceCalendarLeaves,resource.calendar.leaves,resource_calendar_leaves,1,3,create|write|unlink
02 OTHER.zip,planning_holidays,02 OTHER/planning_holidays/models/planning_slot.py,PlanningSlot,planning.slot,planning_slot,3,1,_compute_leave_warning
02 OTHER.zip,l10n_in_edi_gstr,02 OTHER/l10n_in_edi_gstr/models/account_return.py,AccountReturn,account.return,account_return,0,2,_compute_l10n_in_hide_include_einvoice|_check_suite_in_gstr1_report
02 OTHER.zip,snailmail_account_followup,02 OTHER/snailmail_account_followup/wizard/followup_manual_reminder.py,Account_FollowupManual_Reminder,account_followup.manual_reminder,account_followup_manual_reminder,2,2,_compute_show_send_button|_compute_snailmail_cost
02 OTHER.zip,snailmail_account_followup,02 OTHER/snailmail_account_followup/models/account_followup_report.py,AccountFollowupReport,account.followup.report,account_followup_report,1,0,
02 OTHER.zip,l10n_cl,02 OTHER/l10n_cl/demo/account_demo.py,AccountChartTemplate,account.chart.template,account_chart_template,1,0,
02 OTHER.zip,l10n_cl,02 OTHER/l10n_cl/models/account_move.py,AccountMove,account.move,account_move,2,3,_check_l10n_latam_document_number_is_numeric|_check_document_types_post|_compute_tax_totals
02 OTHER.zip,l10n_cl,02 OTHER/l10n_cl/models/res_partner.py,ResPartner,res.partner,res_partner,1,0,
02 OTHER.zip,l10n_din5008,02 OTHER/l10n_din5008/models/base_document_layout.py,BaseDocumentLayout,base.document.layout,base_document_layout,2,0,
02 OTHER.zip,auth_oauth,02 OTHER/auth_oauth/models/res_users.py,ResUsers,res.users,res_users,5,2,_compute_has_oauth_access_token|_check_credentials
02 OTHER.zip,auth_oauth,02 OTHER/auth_oauth/models/res_config_settings.py,ResConfigSettings,res.config.settings,res_config_settings,2,0,
02 OTHER.zip,website_profile,02 OTHER/website_profile/models/res_users.py,ResUsers,res.users,res_users,1,0,
02 OTHER.zip,website_profile,02 OTHER/website_profile/controllers/main.py,WebsiteProfile,,,8,2,_check_avatar_access|_check_user_profile_access
02 OTHER.zip,industry_fsm_sale_subscription,02 OTHER/industry_fsm_sale_subscription/models/project_task.py,ProjectTask,project.task,project_task,0,1,action_fsm_view_material
02 OTHER.zip,project_mrp_account,02 OTHER/project_mrp_account/models/mrp_production.py,MrpProduction,mrp.production,mrp_production,1,3,_compute_has_analytic_account|action_view_analytic_accounts|write
02 OTHER.zip,test_website,02 OTHER/test_website/models/model.py,TestModel,test.model,test_model,1,0,
02 OTHER.zip,ai_server_actions,02 OTHER/ai_server_actions/models/ir_actions_server.py,IrActionsServer,ir.actions.server,ir_actions_server,1,1,_check_ai_evaluation_type
02 OTHER.zip,sale_loyalty,02 OTHER/sale_loyalty/wizard/sale_loyalty_reward_wizard.py,SaleLoyaltyRewardWizard,sale.loyalty.reward.wizard,sale_loyalty_reward_wizard,2,4,_compute_claimable_reward_ids|_compute_selected_product_id|action_apply|action_cancel
02 OTHER.zip,sale_loyalty,02 OTHER/sale_loyalty/wizard/sale_loyalty_coupon_wizard.py,SaleLoyaltyCouponWizard,sale.loyalty.coupon.wizard,sale_loyalty_coupon_wizard,0,1,action_apply
02 OTHER.zip,sale_loyalty,02 OTHER/sale_loyalty/models/sale_order.py,SaleOrder,sale.order,sale_order,1,8,_compute_reward_total|_compute_loyalty_data|_compute_gift_card_count|copy|action_confirm|_action_cancel|action_open_reward_wizard|action_view_gift_cards
02 OTHER.zip,sale_loyalty,02 OTHER/sale_loyalty/models/sale_order_line.py,SaleOrderLine,sale.order.line,sale_order_line,2,7,_compute_name|_compute_discount|_compute_is_reward_line|_compute_tax_ids|create|write|unlink
02 OTHER.zip,sale_loyalty,02 OTHER/sale_loyalty/models/loyalty_program.py,LoyaltyProgram,loyalty.program,loyalty_program,0,2,_compute_order_count|_compute_total_order_count
02 OTHER.zip,sale_loyalty,02 OTHER/sale_loyalty/models/loyalty_card.py,LoyaltyCard,loyalty.card,loyalty_card,0,2,_compute_use_count|action_archive
02 OTHER.zip,sale_loyalty,02 OTHER/sale_loyalty/models/loyalty_reward.py,LoyaltyReward,loyalty.reward,loyalty_reward,0,1,unlink
02 OTHER.zip,auth_ldap,02 OTHER/auth_ldap/models/res_users.py,ResUsers,res.users,res_users,1,1,_check_credentials
02 OTHER.zip,hr_recruitment_reports,02 OTHER/hr_recruitment_reports/report/hr_recruitment_report.py,HrRecruitmentReport,hr.recruitment.report,hr_recruitment_report,0,1,action_open_applicant
02 OTHER.zip,privacy_lookup,02 OTHER/privacy_lookup/wizard/privacy_lookup_wizard.py,PrivacyLookupWizard,privacy.lookup.wizard,privacy_lookup_wizard,3,6,_compute_line_count|_compute_display_name|action_lookup|_compute_execution_details|_compute_records_description|action_open_lines
02 OTHER.zip,privacy_lookup,02 OTHER/privacy_lookup/wizard/privacy_lookup_wizard.py,PrivacyLookupWizardLine,privacy.lookup.wizard.line,privacy_lookup_wizard_line,5,8,_compute_resource_ref|_compute_has_active|_compute_res_name|_onchange_is_active|action_unlink|action_archive_all|action_unlink_all|action_open_record
02 OTHER.zip,privacy_lookup,02 OTHER/privacy_lookup/models/privacy_log.py,PrivacyLog,privacy.log,privacy_log,1,1,create
02 OTHER.zip,privacy_lookup,02 OTHER/privacy_lookup/models/res_partner.py,ResPartner,res.partner,res_partner,0,1,action_privacy_lookup
02 OTHER.zip,currency_rate_live,02 OTHER/currency_rate_live/models/res_config_settings.py,ResCompany,res.company,res_company,8,1,_compute_currency_provider
02 OTHER.zip,currency_rate_live,02 OTHER/currency_rate_live/models/res_config_settings.py,ResConfigSettings,res.config.settings,res_config_settings,1,0,
02 OTHER.zip,l10n_br_edi_stock,02 OTHER/l10n_br_edi_stock/models/account_move.py,AccountMove,account.move,account_move,2,3,_compute_l10n_br_related_package_ids|_compute_l10n_br_picking_count|action_l10n_br_view_pickings
02 OTHER.zip,base_import,02 OTHER/base_import/models/base_import.py,Base,base,base,1,0,
02 OTHER.zip,base_import,02 OTHER/base_import/models/base_import.py,Base_ImportImport,base_import.import,base_import_import,7,0,
02 OTHER.zip,sale_mrp_renting,02 OTHER/sale_mrp_renting/models/stock_move.py,StockMove,stock.move,stock_move,0,1,_action_done
02 OTHER.zip,helpdesk_repair,02 OTHER/helpdesk_repair/models/repair.py,RepairOrder,repair.order,repair_order,1,3,write|create|_action_repair_confirm
02 OTHER.zip,helpdesk_repair,02 OTHER/helpdesk_repair/models/helpdesk_ticket.py,HelpdeskTicket,helpdesk.ticket,helpdesk_ticket,1,3,_compute_repairs_count|action_view_repairs|action_repair_order_form
02 OTHER.zip,website_livechat,02 OTHER/website_livechat/models/chatbot_script.py,ChatbotScript,chatbot.script,chatbot_script,0,1,action_test_script
02 OTHER.zip,website_livechat,02 OTHER/website_livechat/models/website_page.py,WebsitePage,website.page,website_page,1,0,
02 OTHER.zip,website_livechat,02 OTHER/website_livechat/models/im_livechat_channel.py,Im_LivechatChannel,im_livechat.channel,im_livechat_channel,1,1,create
02 OTHER.zip,website_livechat,02 OTHER/website_livechat/models/website_visitor.py,WebsiteVisitor,website.visitor,website_visitor,2,3,_compute_livechat_operator_id|_compute_session_count|action_send_chat_request
02 OTHER.zip,website_event_track_gantt,02 OTHER/website_event_track_gantt/models/event_event.py,EventEvent,event.event,event_event,1,1,_compute_track_gantt_information
02 OTHER.zip,website_event_track_gantt,02 OTHER/website_event_track_gantt/models/event_track.py,EventTrack,event.track,event_track,0,1,action_unschedule
02 OTHER.zip,documents_hr_expense,02 OTHER/documents_hr_expense/models/hr_expense.py,HrExpense,hr.expense,hr_expense,0,2,_compute_document_count|action_open_attachments
02 OTHER.zip,stock_barcode_picking_batch,02 OTHER/stock_barcode_picking_batch/wizard/stock_barcode_cancel_operation.py,Stock_BarcodeCancelOperation,stock_barcode.cancel.operation,stock_barcode_cancel_operation,0,1,action_cancel_operation
02 OTHER.zip,stock_barcode_picking_batch,02 OTHER/stock_barcode_picking_batch/models/stock_picking_batch.py,StockPickingBatch,stock.picking.batch,stock_picking_batch,5,6,action_client_action|action_open_batch_picking|action_add_pickings_and_confirm|action_cancel_from_barcode|action_get_new_batch_status|action_confirm_batch_picking
02 OTHER.zip,stock_barcode_picking_batch,02 OTHER/stock_barcode_picking_batch/models/stock_picking.py,StockPicking,stock.picking,stock_picking,1,3,_compute_display_batch_button|action_open_batch_picking|action_unbatch
02 OTHER.zip,stock_barcode_picking_batch,02 OTHER/stock_barcode_picking_batch/models/stock_picking.py,StockPickingType,stock.picking.type,stock_picking_type,0,1,action_picking_batch_barcode_kanban
02 OTHER.zip,loyalty,02 OTHER/loyalty/wizard/loyalty_card_update_balance.py,LoyaltyCardUpdateBalance,loyalty.card.update.balance,loyalty_card_update_balance,0,1,action_update_card_point
02 OTHER.zip,loyalty,02 OTHER/loyalty/wizard/loyalty_generate_wizard.py,LoyaltyGenerateWizard,loyalty.generate.wizard,loyalty_generate_wizard,3,3,_compute_confirmation_message|_compute_coupon_qty|_compute_will_send_mail
02 OTHER.zip,loyalty,02 OTHER/loyalty/models/product_pricelist.py,ProductPricelist,product.pricelist,product_pricelist,0,1,action_archive
02 OTHER.zip,loyalty,02 OTHER/loyalty/models/product_template.py,ProductTemplate,product.template,product_template,1,1,create
02 OTHER.zip,loyalty,02 OTHER/loyalty/models/product_product.py,ProductProduct,product.product,product_product,0,1,write
02 OTHER.zip,loyalty,02 OTHER/loyalty/models/loyalty_program.py,LoyaltyProgram,loyalty.program,loyalty_program,19,16,_check_pricelist_currency|_check_date_from_date_to|_compute_total_order_count|_compute_coupon_count_display|_compute_mail_template_id|_inverse_mail_template_id|_compute_currency_id|_compute_coupon_count|_compute_is_nominative|_compute_is_payment_program|_compute_payment_program_discount_product_id|_compute_from_program_type
02 OTHER.zip,loyalty,02 OTHER/loyalty/models/loyalty_card.py,LoyaltyCard,loyalty.card,loyalty_card,6,7,_compute_display_name|_compute_points_display|_compute_use_count|action_coupon_send|create|write|action_loyalty_update_balance
02 OTHER.zip,loyalty,02 OTHER/loyalty/models/loyalty_rule.py,LoyaltyRule,loyalty.rule,loyalty_rule,7,4,_compute_code|_compute_mode|_compute_user_has_debug|_compute_amount
02 OTHER.zip,loyalty,02 OTHER/loyalty/models/loyalty_reward.py,LoyaltyReward,loyalty.reward,loyalty_reward,13,12,_compute_display_name|_compute_reward_product_uom_id|_compute_reward_product_domain|_compute_all_discount_product_ids|_compute_multi_product|_compute_description|_compute_is_global_discount|_compute_user_has_debug|_check_reward_product_id_no_combo|create|write|unlink
02 OTHER.zip,loyalty,02 OTHER/loyalty/models/res_partner.py,ResPartner,res.partner,res_partner,0,2,_compute_count_active_cards|action_view_loyalty_cards
02 OTHER.zip,l10n_se_bban,02 OTHER/l10n_se_bban/models/account_journal.py,AccountJournal,account.journal,account_journal,2,2,_compute_has_iso_se_payment_method|_compute_sepa_pain_version
02 OTHER.zip,l10n_se_bban,02 OTHER/l10n_se_bban/models/res_partner_bank.py,ResPartnerBank,res.partner.bank,res_partner_bank,1,0,
02 OTHER.zip,l10n_se_bban,02 OTHER/l10n_se_bban/models/se_bban_clear_range.py,ResBankSEBBANClearRange,se.bban.clear.range,se_bban_clear_range,1,1,_check_max_min_num
02 OTHER.zip,l10n_fi,02 OTHER/l10n_fi/models/account_move.py,AccountMove,account.move,account_move,5,0,
02 OTHER.zip,hr_presence,02 OTHER/hr_presence/models/hr_employee.py,HrEmployee,hr.employee,hr_employee,2,9,_check_presence|_action_set_manual_presence|action_set_present|action_set_absent|write|action_open_leave_request|action_send_sms|action_send_log|_compute_presence_state
02 OTHER.zip,hr_presence,02 OTHER/hr_presence/models/res_config_settings.py,ResConfigSettings,res.config.settings,res_config_settings,1,1,create
02 OTHER.zip,l10n_mr_reports,02 OTHER/l10n_mr_reports/models/account_return.py,AccountReturnType,account.return.type,account_return_type,1,0,
02 OTHER.zip,l10n_id,02 OTHER/l10n_id/models/account_move.py,AccountMove,account.move,account_move,0,2,action_l10n_id_update_payment_status|_compute_tax_totals
02 OTHER.zip,l10n_id,02 OTHER/l10n_id/models/res_bank.py,ResPartnerBank,res.partner.bank,res_partner_bank,1,1,_check_for_qr_code_errors
02 OTHER.zip,l10n_id,02 OTHER/l10n_id/models/qris_transaction.py,L10n_IdQrisTransaction,l10n_id.qris.transaction,l10n_id_qris_transaction,2,0,
02 OTHER.zip,website_documents,02 OTHER/website_documents/models/documents_document.py,DocumentsDocument,documents.document,documents_document,4,5,_compute_access_url|_compute_website_id|_check_website_id|create|write
02 OTHER.zip,documents_fsm,02 OTHER/documents_fsm/models/documents_document.py,DocumentsDocument,documents.document,documents_document,2,1,_compute_document_count
02 OTHER.zip,mrp_account,02 OTHER/mrp_account/wizard/mrp_wip_accounting.py,MrpAccountWipAccountingLine,mrp.account.wip.accounting.line,mrp_account_wip_accounting_line,2,2,_compute_debit|_compute_credit
02 OTHER.zip,mrp_account,02 OTHER/mrp_account/wizard/mrp_wip_accounting.py,MrpAccountWipAccounting,mrp.account.wip.accounting,mrp_account_wip_accounting,3,2,_compute_reversal_date|_compute_line_ids
02 OTHER.zip,mrp_account,02 OTHER/mrp_account/models/account_move.py,AccountMove,account.move,account_move,1,3,copy|_compute_wip_production_count|action_view_wip_production
02 OTHER.zip,mrp_account,02 OTHER/mrp_account/models/product.py,ProductTemplate,product.template,product_template,0,2,action_bom_cost|button_bom_cost
02 OTHER.zip,mrp_account,02 OTHER/mrp_account/models/product.py,ProductProduct,product.product,product_product,0,3,button_bom_cost|action_bom_cost|_compute_bom_price
02 OTHER.zip,mrp_account,02 OTHER/mrp_account/models/mrp_production.py,MrpProduction,mrp.production,mrp_production,1,4,_compute_show_valuation|_compute_wip_move_count|write|action_view_move_wip
02 OTHER.zip,mrp_account,02 OTHER/mrp_account/models/mrp_workorder.py,MrpWorkorder,mrp.workorder,mrp_workorder,0,3,_compute_duration|action_cancel|unlink
02 OTHER.zip,mrp_account,02 OTHER/mrp_account/models/analytic_account.py,AccountAnalyticAccount,account.analytic.account,account_analytic_account,3,6,_compute_production_count|_compute_bom_count|_compute_workorder_count|action_view_mrp_production|action_view_mrp_bom|action_view_workorder
02 OTHER.zip,mrp_account,02 OTHER/mrp_account/models/mrp_workcenter.py,MrpWorkcenter,mrp.workcenter,mrp_workcenter,1,1,_compute_costs_hour_account_ids
02 OTHER.zip,project_sale_subscription,02 OTHER/project_sale_subscription/models/sale_order.py,SaleOrder,sale.order,sale_order,0,1,_action_cancel
02 OTHER.zip,project_sale_subscription,02 OTHER/project_sale_subscription/models/account_analytic_account.py,AccountAnalyticAccount,account.analytic.account,account_analytic_account,0,1,_compute_subscription_count
02 OTHER.zip,project_sale_subscription,02 OTHER/project_sale_subscription/models/sale_order_line.py,SaleOrderLine,sale.order.line,sale_order_line,0,1,_compute_product_updatable
02 OTHER.zip,project_sale_subscription,02 OTHER/project_sale_subscription/models/project_project.py,ProjectProject,project.project,project_project,0,2,action_open_project_subscriptions|action_profitability_items
02 OTHER.zip,l10n_ro_cpv_code,02 OTHER/l10n_ro_cpv_code/models/cpv_code.py,L10nRoCPVCode,l10n_ro.cpv.code,l10n_ro_cpv_code,1,1,_compute_display_name
02 OTHER.zip,test_timer,02 OTHER/test_timer/models/timer_test.py,InterruptionTimerTest,interruption.timer.test,interruption_timer_test,0,1,_action_interrupt_user_timers
02 OTHER.zip,sale_stock_margin,02 OTHER/sale_stock_margin/models/sale_order_line.py,SaleOrderLine,sale.order.line,sale_order_line,1,1,_compute_purchase_price
02 OTHER.zip,l10n_ke_reports,02 OTHER/l10n_ke_reports/models/account_return.py,AccountReturnType,account.return.type,account_return_type,1,0,
02 OTHER.zip,l10n_in_asset,02 OTHER/l10n_in_asset/wizard/asset_modify.py,AssetModify,asset.modify,asset_modify,1,1,_compute_l10n_in_value_residual
02 OTHER.zip,l10n_in_asset,02 OTHER/l10n_in_asset/models/account_asset.py,AccountAsset,account.asset,account_asset,2,5,_compute_l10n_in_value_residual|_compute_total_depreciable_value|_check_depreciations|_compute_value_residual|_compute_book_value
02 OTHER.zip,pos_avatax,02 OTHER/pos_avatax/models/pos_order.py,PosOrder,pos.order,pos_order,1,0,
02 OTHER.zip,l10n_be_hr_payroll_dimona_auto,02 OTHER/l10n_be_hr_payroll_dimona_auto/models/l10n_be_dimona_relation.py,L10nBeDimonaRelation,l10n.be.dimona.relation,l10n_be_dimona_relation,2,3,_compute_relation_info|_compute_period_count|action_open_periods
02 OTHER.zip,l10n_be_hr_payroll_dimona_auto,02 OTHER/l10n_be_hr_payroll_dimona_auto/models/hr_version.py,HrVersion,hr.version,hr_version,4,12,_compute_l10n_be_dimona_next_action|_compute_l10n_be_needs_dimona_in|write|action_open_dimona|action_close_dimona|_action_close_dimona|action_update_dimona|_action_update_dimona|action_cancel_dimona|_action_cancel_dimona|action_check_dimona|action_fetch_all_dimona
02 OTHER.zip,l10n_be_hr_payroll_dimona_auto,02 OTHER/l10n_be_hr_payroll_dimona_auto/models/l10n_be_dimona_declaration.py,L10nBeDimonaDeclaration,l10n.be.dimona.declaration,l10n_be_dimona_declaration,1,1,_compute_declaration_info
02 OTHER.zip,l10n_be_hr_payroll_dimona_auto,02 OTHER/l10n_be_hr_payroll_dimona_auto/models/hr_employee.py,HrEmployee,hr.employee,hr_employee,0,6,action_open_dimona|action_update_dimona|action_close_dimona|action_cancel_dimona|write|action_open_relation
02 OTHER.zip,l10n_be_hr_payroll_dimona_auto,02 OTHER/l10n_be_hr_payroll_dimona_auto/models/l10n_be_dimona_period.py,L10nBeDimonaPeriod,l10n.be.dimona.period,l10n_be_dimona_period,2,3,_compute_period_info|_compute_declaration_count|action_open_declarations
02 OTHER.zip,product,02 OTHER/product/tests/test_variants.py,TestVariantsArchive,,,0,5,unlink|unlink|unlink|unlink|unlink
02 OTHER.zip,product,02 OTHER/product/tests/test_variants.py,TestVariantWrite,,,0,1,write
02 OTHER.zip,product,02 OTHER/product/wizard/product_label_layout.py,ProductLabelLayout,product.label.layout,product_label_layout,1,1,_compute_dimensions
02 OTHER.zip,product,02 OTHER/product/wizard/update_product_attribute_value.py,UpdateProductAttributeValue,update.product.attribute.value,update_product_attribute_value,2,3,_compute_message|_compute_product_count|action_confirm
02 OTHER.zip,product,02 OTHER/product/models/product_attribute_custom_value.py,ProductAttributeCustomValue,product.attribute.custom.value,product_attribute_custom_value,1,1,_compute_name
02 OTHER.zip,product,02 OTHER/product/models/product_template_attribute_line.py,ProductTemplateAttributeLine,product.template.attribute.line,product_template_attribute_line,4,7,_compute_value_count|_onchange_attribute_id|_check_valid_values|create|write|unlink|action_open_attribute_values
02 OTHER.zip,product,02 OTHER/product/models/product_combo.py,ProductCombo,product.combo,product_combo,6,6,_compute_combo_item_count|_compute_currency_id|_compute_base_price|_check_combo_item_ids_not_empty|_check_combo_item_ids_no_duplicates|_check_company_id
02 OTHER.zip,product,02 OTHER/product/models/product_attribute_value.py,ProductAttributeValue,product.attribute.value,product_attribute_value,4,7,_compute_display_name|_compute_is_used_on_products|_compute_default_extra_price_changed|write|unlink|action_add_to_products|action_update_prices
02 OTHER.zip,product,02 OTHER/product/models/product_pricelist.py,ProductPricelist,product.pricelist,product_pricelist,3,5,_compute_display_name|write|_compute_price_rule|_compute_price_rule_multi|action_open_pricelist_report
02 OTHER.zip,product,02 OTHER/product/models/product_category.py,ProductCategory,product.category,product_category,4,4,_compute_complete_name|_compute_product_count|_check_category_recursion|_compute_display_name
02 OTHER.zip,product,02 OTHER/product/models/product_combo_item.py,ProductComboItem,product.combo.item,product_combo_item,1,1,_check_product_id_no_combo
02 OTHER.zip,product,02 OTHER/product/models/ir_attachment.py,IrAttachment,ir.attachment,ir_attachment,1,1,create
02 OTHER.zip,product,02 OTHER/product/models/product_supplierinfo.py,ProductSupplierinfo,product.supplierinfo,product_supplierinfo,8,8,_compute_product_uom_id|_compute_price|_compute_price_discounted|_compute_product_tmpl_id|_compute_product_id|_onchange_product_tmpl_id|create|write
02 OTHER.zip,product,02 OTHER/product/models/product_template_attribute_exclusion.py,ProductTemplateAttributeExclusion,product.template.attribute.exclusion,product_template_attribute_exclusion,1,3,create|unlink|write
02 OTHER.zip,product,02 OTHER/product/models/product_uom.py,ProductUom,product.uom,product_uom,1,2,_check_barcode_uniqueness|_compute_display_name
02 OTHER.zip,product,02 OTHER/product/models/product_document.py,ProductDocument,product.document,product_document,2,3,_onchange_url|create|unlink
02 OTHER.zip,product,02 OTHER/product/models/product_template.py,ProductTemplate,product.template,product_template,44,36,_compute_service_tracking|_compute_purchase_ok|_compute_product_document_count|_compute_can_image_1024_be_zoomed|_compute_has_configurable_attributes|_compute_is_dynamically_created|_compute_product_variant_id|_check_barcode_uniqueness|_compute_currency_id|_compute_cost_currency_id|_compute_template_field_from_variant_field|_compute_standard_price
02 OTHER.zip,product,02 OTHER/product/models/product_product.py,ProductProduct,product.product,product_product,26,36,_compute_can_image_variant_1024_be_zoomed|_compute_pricelist_rule_ids|_inverse_pricelist_rule_ids|_compute_write_date|_compute_image_1920|_compute_image_1024|_compute_image_512|_compute_image_256|_compute_image_128|_compute_can_image_1024_be_zoomed|_check_duplicated_product_barcodes|_check_duplicated_packaging_barcodes
02 OTHER.zip,product,02 OTHER/product/models/product_template_attribute_value.py,ProductTemplateAttributeValue,product.template.attribute.value,product_template_attribute_value,3,5,_check_valid_values|create|write|unlink|_compute_display_name
02 OTHER.zip,product,02 OTHER/product/models/res_company.py,ResCompany,res.company,res_company,1,2,create|write
02 OTHER.zip,product,02 OTHER/product/models/res_currency.py,ResCurrency,res.currency,res_currency,0,1,write
02 OTHER.zip,product,02 OTHER/product/models/uom_uom.py,UomUom,uom.uom,uom_uom,0,1,action_open_packaging_barcodes
02 OTHER.zip,product,02 OTHER/product/models/res_config_settings.py,ResConfigSettings,res.config.settings,res_config_settings,1,1,_onchange_group_sale_pricelist
02 OTHER.zip,product,02 OTHER/product/models/product_attribute.py,ProductAttribute,product.attribute,product_attribute,3,6,_compute_number_related_products|_compute_products|_onchange_display_type|write|action_archive|action_open_product_template_attribute_lines
02 OTHER.zip,product,02 OTHER/product/models/product_catalog_mixin.py,ProductCatalogMixin,product.catalog.mixin,product_catalog_mixin,0,1,action_add_from_catalog
02 OTHER.zip,product,02 OTHER/product/models/product_pricelist_item.py,ProductPricelistItem,product.pricelist.item,product_pricelist_item,22,27,_compute_is_pricelist_required|_compute_company_id|_compute_currency_id|_compute_name|_compute_price_label|_compute_price_markup|_inverse_price_markup|_compute_rule_tip|_check_base_pricelist_id|_check_pricelist_recursion|_check_date_range|_check_margin
02 OTHER.zip,product,02 OTHER/product/models/res_partner.py,ResPartner,res.partner,res_partner,2,2,_compute_product_pricelist|_inverse_product_pricelist
02 OTHER.zip,product,02 OTHER/product/models/product_tag.py,ProductTag,product.tag,product_tag,1,1,_compute_product_ids
02 OTHER.zip,product,02 OTHER/product/report/product_pricelist_report.py,ReportProductReport_Pricelist,report.product.report_pricelist,report_product_report_pricelist,1,0,
02 OTHER.zip,website_partner,02 OTHER/website_partner/models/res_partner.py,ResPartner,res.partner,res_partner,0,1,_compute_website_url
02 OTHER.zip,website_project,02 OTHER/website_project/models/website_page.py,WebsitePage,website.page,website_page,1,0,
02 OTHER.zip,hr_timesheet,02 OTHER/hr_timesheet/wizard/hr_employee_delete_wizard.py,HrEmployeeDeleteWizard,hr.employee.delete.wizard,hr_employee_delete_wizard,2,5,_compute_has_timesheet|_compute_has_active_employee|action_archive|action_confirm_delete|action_open_timesheets
02 OTHER.zip,hr_timesheet,02 OTHER/hr_timesheet/models/hr_timesheet.py,AccountAnalyticLine,account.analytic.line,account_analytic_line,17,16,_compute_message_partner_ids|_compute_display_name|_compute_readonly_timesheet|_compute_encoding_uom_id|_compute_partner_id|_compute_project_id|_compute_task_id|_onchange_project_id|_compute_user_id|_compute_department_id|_compute_calendar_display_name|_check_can_write
02 OTHER.zip,hr_timesheet,02 OTHER/hr_timesheet/models/hr_employee_public.py,HrEmployeePublic,hr.employee.public,hr_employee_public,0,1,action_timesheet_from_employee
02 OTHER.zip,hr_timesheet,02 OTHER/hr_timesheet/models/ir_http.py,IrHttp,ir.http,ir_http,1,0,
02 OTHER.zip,hr_timesheet,02 OTHER/hr_timesheet/models/project_update.py,ProjectUpdate,project.update,project_update,1,3,_compute_timesheet_percentage|_compute_display_timesheet_stats|create
02 OTHER.zip,hr_timesheet,02 OTHER/hr_timesheet/models/project_collaborator.py,ProjectCollaborator,project.collaborator,project_collaborator,1,0,
02 OTHER.zip,hr_timesheet,02 OTHER/hr_timesheet/models/res_company.py,ResCompany,res.company,res_company,4,2,_check_internal_project_id_company|create
02 OTHER.zip,hr_timesheet,02 OTHER/hr_timesheet/models/hr_employee.py,HrEmployee,hr.employee,hr_employee,2,4,_compute_has_timesheet|_compute_display_name|action_unlink_wizard|action_timesheet_from_employee
02 OTHER.zip,hr_timesheet,02 OTHER/hr_timesheet/models/project_task.py,ProjectTask,project.task,project_task,10,11,_check_project_root|_compute_encode_uom_in_days|_compute_allow_timesheets|_compute_effective_hours|_compute_progress_hours|_compute_remaining_hours_percentage|_compute_remaining_hours|_compute_total_hours_spent|_compute_subtask_effective_hours|action_view_subtask_timesheet|_compute_display_name
02 OTHER.zip,hr_timesheet,02 OTHER/hr_timesheet/models/res_config_settings.py,ResConfigSettings,res.config.settings,res_config_settings,3,4,_compute_timesheet_encode_method|_inverse_timesheet_encode_method|_compute_is_encode_uom_days|_compute_timesheet_modules
02 OTHER.zip,hr_timesheet,02 OTHER/hr_timesheet/models/project_project.py,ProjectProject,project.project,project_project,14,12,_compute_encode_uom_in_days|_compute_timesheet_encode_uom_id|_compute_allow_timesheets|_compute_is_internal_project|_compute_remaining_hours|_check_allow_timesheet|_compute_total_timesheet_time|create|write|_compute_display_name|action_project_timesheets|action_view_tasks
02 OTHER.zip,hr_timesheet,02 OTHER/hr_timesheet/report/timesheets_analysis_report.py,TimesheetsAnalysisReport,timesheets.analysis.report,timesheets_analysis_report,4,1,_compute_message_partner_ids
02 OTHER.zip,hr_timesheet,02 OTHER/hr_timesheet/controllers/portal.py,TimesheetCustomerPortal,,,1,0,
02 OTHER.zip,l10n_be_intrastat,02 OTHER/l10n_be_intrastat/wizard/intrastat_goods_submission_wizard.py,L10n_Be_IntrastatIntrastatGoodsSubmissionWizard,l10n_be_intrastat.intrastat.goods.submission.wizard,l10n_be_intrastat_intrastat_goods_submission_wizard,0,1,action_proceed_with_submission
02 OTHER.zip,l10n_be_intrastat,02 OTHER/l10n_be_intrastat/models/account_intrastat_services_report.py,AccountIntrastatServicesBeReportHandler,account.intrastat.services.be.report.handler,account_intrastat_services_be_report_handler,2,0,
02 OTHER.zip,l10n_be_intrastat,02 OTHER/l10n_be_intrastat/models/account_return.py,AccountReturnType,account.return.type,account_return_type,1,0,
02 OTHER.zip,l10n_be_intrastat,02 OTHER/l10n_be_intrastat/models/account_return.py,AccountReturn,account.return,account_return,0,1,action_submit
02 OTHER.zip,l10n_be_intrastat,02 OTHER/l10n_be_intrastat/models/account_intrastat_report.py,AccountIntrastatReportHandler,account.intrastat.report.handler,account_intrastat_report_handler,5,0,
02 OTHER.zip,l10n_nl_intrastat,02 OTHER/l10n_nl_intrastat/models/account_intrastat_report.py,AccountIntrastatGoodsReportHandler,account.intrastat.goods.report.handler,account_intrastat_goods_report_handler,1,0,
02 OTHER.zip,project_purchase,02 OTHER/project_purchase/models/purchase_order_line.py,PurchaseOrderLine,purchase.order.line,purchase_order_line,2,2,_compute_analytic_distribution|create
02 OTHER.zip,project_purchase,02 OTHER/project_purchase/models/project_project.py,ProjectProject,project.project,project_project,0,3,_compute_purchase_orders_count|action_open_project_purchase_orders|action_profitability_items
02 OTHER.zip,hr_homeworking_calendar,02 OTHER/hr_homeworking_calendar/wizard/homework_location_wizard.py,HomeworkLocationWizard,homework.location.wizard,homework_location_wizard,1,1,_compute_day_week_string
02 OTHER.zip,hr_skills_event,02 OTHER/hr_skills_event/models/hr_resume_line.py,HrResumeLine,hr.resume.line,hr_resume_line,2,3,_onchange_event_id|_compute_event_id|_compute_color
02 OTHER.zip,l10n_fr,02 OTHER/l10n_fr/models/res_company.py,ResCompany,res.company,res_company,3,3,_compute_is_france_country|create|write
02 OTHER.zip,l10n_fr,02 OTHER/l10n_fr/models/res_partner.py,ResPartner,res.partner,res_partner,1,1,_compute_l10n_fr_is_french
02 OTHER.zip,l10n_mx_hr_payroll_account_edi,02 OTHER/l10n_mx_hr_payroll_account_edi/models/hr_version.py,HrVersion,hr.version,hr_version,1,1,_compute_payment_periodicity
02 OTHER.zip,l10n_mx_hr_payroll_account_edi,02 OTHER/l10n_mx_hr_payroll_account_edi/models/hr_payslip_run.py,HrPayslipRun,hr.payslip.run,hr_payslip_run,2,3,_compute_l10n_mx_cfdi_primary|_compute_l10n_mx_cfdi_secondary|action_generate_cfdi
02 OTHER.zip,l10n_mx_hr_payroll_account_edi,02 OTHER/l10n_mx_hr_payroll_account_edi/models/hr_payslip.py,HrPayslip,hr.payslip,hr_payslip,4,5,_compute_l10n_mx_edi_cfdi_state_and_attachment|_compute_l10n_mx_edi_cfdi_uuid|_compute_l10n_mx_edi_cfdi_cancel_id|action_generate_cfdi|action_print_cfdi
02 OTHER.zip,l10n_mx_hr_payroll_account_edi,02 OTHER/l10n_mx_hr_payroll_account_edi/models/l10n_mx_concept.py,L10nMxConcept,l10n.mx.concept,l10n_mx_concept,1,1,_compute_display_name
02 OTHER.zip,l10n_mx_hr_payroll_account_edi,02 OTHER/l10n_mx_hr_payroll_account_edi/models/hr_employee.py,HrEmployee,hr.employee,hr_employee,2,2,_check_curp|_check_rfc
02 OTHER.zip,l10n_mx_hr_payroll_account_edi,02 OTHER/l10n_mx_hr_payroll_account_edi/models/l10n_mx_edi_document.py,L10nMxEdiDocument,l10n_mx_edi.document,l10n_mx_edi_document,1,0,
02 OTHER.zip,pos_event,02 OTHER/pos_event/models/event_question.py,EventQuestion,event.question,event_question,2,0,
02 OTHER.zip,pos_event,02 OTHER/pos_event/models/event_slot.py,EventSlot,event.slot,event_slot,2,0,
02 OTHER.zip,pos_event,02 OTHER/pos_event/models/event_registration.py,EventRegistration,event.registration,event_registration,4,4,_compute_registration_status|create|write|action_view_pos_order
02 OTHER.zip,pos_event,02 OTHER/pos_event/models/pos_session.py,PosSession,pos.session,pos_session,2,0,
02 OTHER.zip,pos_event,02 OTHER/pos_event/models/event_registration_answer.py,EventRegistrationAnswer,event.registration.answer,event_registration_answer,2,0,
02 OTHER.zip,pos_event,02 OTHER/pos_event/models/pos_order_line.py,PosOrderLine,pos.order.line,pos_order_line,1,0,
02 OTHER.zip,pos_event,02 OTHER/pos_event/models/event_event.py,EventEvent,event.event,event_event,2,0,
02 OTHER.zip,pos_event,02 OTHER/pos_event/models/event_question_answer.py,EventQuestionAnswer,event.question.answer,event_question_answer,2,0,
02 OTHER.zip,pos_event,02 OTHER/pos_event/models/pos_order.py,PosOrder,pos.order,pos_order,2,3,_compute_attendee_count|action_view_attendee_list|action_pos_order_paid
02 OTHER.zip,pos_event,02 OTHER/pos_event/models/event_ticket.py,EventEventTicket,event.event.ticket,event_event_ticket,2,0,
02 OTHER.zip,test_whatsapp,02 OTHER/test_whatsapp/models/test_models.py,WhatsappTestBase,whatsapp.test.base,whatsapp_test_base,1,1,_compute_phone
02 OTHER.zip,test_whatsapp,02 OTHER/test_whatsapp/models/test_models.py,WhatsappTestNothread,whatsapp.test.nothread,whatsapp_test_nothread,1,1,_compute_phone
02 OTHER.zip,test_whatsapp,02 OTHER/test_whatsapp/models/test_models.py,WhatsappTestNothreadNoname,whatsapp.test.nothread.noname,whatsapp_test_nothread_noname,1,1,_compute_phone
02 OTHER.zip,stock_fleet,02 OTHER/stock_fleet/models/stock_picking_batch.py,StockPickingBatch,stock.picking.batch,stock_picking_batch,6,9,_compute_end_date|_compute_vehicle_category_id|_compute_dock_id|_compute_weight_uom_name|_compute_volume_uom_name|_compute_driver_id|_compute_capacity_percentage|create|write
02 OTHER.zip,stock_fleet,02 OTHER/stock_fleet/models/fleet_vehicle_model.py,FleetVehicleModelCategory,fleet.vehicle.model.category,fleet_vehicle_model_category,0,3,_compute_display_name|_compute_weight_capacity_uom_name|_compute_volume_capacity_uom_name
02 OTHER.zip,stock_fleet,02 OTHER/stock_fleet/models/stock_picking.py,StockPickingType,stock.picking.type,stock_picking_type,1,1,_compute_dock_ids
02 OTHER.zip,stock_fleet,02 OTHER/stock_fleet/models/stock_picking.py,StockPicking,stock.picking,stock_picking,0,1,write
02 OTHER.zip,project_account,02 OTHER/project_account/models/project_project.py,ProjectProject,project.project,project_project,0,2,action_profitability_items|action_open_analytic_items
02 OTHER.zip,hr_work_entry_holidays,02 OTHER/hr_work_entry_holidays/models/hr_version.py,HrVersion,hr.version,hr_version,1,0,
02 OTHER.zip,hr_work_entry_holidays,02 OTHER/hr_work_entry_holidays/models/hr_leave.py,HrLeave,hr.leave,hr_leave,1,5,write|create|action_refuse|_action_user_cancel|_compute_can_cancel
02 OTHER.zip,hr_work_entry_holidays,02 OTHER/hr_work_entry_holidays/models/hr_work_entry.py,HrWorkEntry,hr.work.entry,hr_work_entry,1,3,write|action_approve_leave|action_refuse_leave
02 OTHER.zip,l10n_in_ewaybill,02 OTHER/l10n_in_ewaybill/demo/account_demo.py,AccountChartTemplate,account.chart.template,account_chart_template,1,0,
02 OTHER.zip,l10n_in_ewaybill,02 OTHER/l10n_in_ewaybill/models/account_move.py,AccountMove,account.move,account_move,1,3,action_l10n_in_ewaybill_create|action_open_l10n_in_ewaybill|_compute_l10n_in_ewaybill_details
02 OTHER.zip,l10n_in_ewaybill,02 OTHER/l10n_in_ewaybill/models/l10n_in_ewaybill.py,L10nInEwaybill,l10n.in.ewaybill,l10n_in_ewaybill,11,21,_compute_linked_attachment_id|_compute_ewaybill_document_details|_compute_ewaybill_company|_compute_supply_type|_compute_document_partners_details|_compute_is_editable|_compute_content|_compute_display_name|_compute_vehicle_type|action_export_content_json|action_generate_ewaybill|action_cancel_ewaybill
02 OTHER.zip,l10n_in_ewaybill,02 OTHER/l10n_in_ewaybill/models/ewaybill_type.py,L10nInEwaybillType,l10n.in.ewaybill.type,l10n_in_ewaybill_type,1,1,_compute_display_name
02 OTHER.zip,hr_sign,02 OTHER/hr_sign/wizard/mail_activity_schedule.py,MailActivitySchedule,mail.activity.schedule,mail_activity_schedule,0,1,action_schedule_plan
02 OTHER.zip,hr_sign,02 OTHER/hr_sign/wizard/hr_contract_sign_document_wizard.py,HrContractSignDocumentWizard,hr.contract.sign.document.wizard,hr_contract_sign_document_wizard,8,7,_compute_employee_role_id|_compute_responsible_ids|_compute_possible_template_ids|_compute_employee_ids|_compute_contract_id|_compute_has_both_template|_compute_mail_displayed
02 OTHER.zip,hr_sign,02 OTHER/hr_sign/models/hr_version.py,HrVersion,hr.version,hr_version,1,2,_compute_sign_request_count|action_signature_request_wizard
02 OTHER.zip,hr_sign,02 OTHER/hr_sign/models/hr_employee_public.py,HrEmployeePublic,hr.employee.public,hr_employee_public,0,2,_compute_sign_request_count|_compute_sign_request_ids
02 OTHER.zip,hr_sign,02 OTHER/hr_sign/models/mail_activity_plan_template.py,MailActivityPlanTemplate,mail.activity.plan.template,mail_activity_plan_template,3,3,_compute_signature_request|_compute_responsible_ids|_compute_employee_role_id
02 OTHER.zip,hr_sign,02 OTHER/hr_sign/models/hr_employee.py,HrEmployee,hr.employee,hr_employee,0,1,_compute_sign_request_count
02 OTHER.zip,transifex,02 OTHER/transifex/models/transifex_code_translation.py,TransifexCodeTranslation,transifex.code.translation,transifex_code_translation,1,1,_compute_transifex_url
02 OTHER.zip,payment_buckaroo,02 OTHER/payment_buckaroo/models/payment_transaction.py,PaymentTransaction,payment.transaction,payment_transaction,1,0,
02 OTHER.zip,crm_mail_plugin,02 OTHER/crm_mail_plugin/models/crm_lead.py,CrmLead,crm.lead,crm_lead,1,0,
02 OTHER.zip,mass_mailing_sale,02 OTHER/mass_mailing_sale/models/mailing_mailing.py,MailingMailing,mailing.mailing,mailing_mailing,2,4,_compute_sale_quotation_count|_compute_sale_invoiced_amount|action_redirect_to_quotations|action_redirect_to_invoiced
02 OTHER.zip,pos_self_order_razorpay,02 OTHER/pos_self_order_razorpay/models/pos_payment_method.py,PosPaymentMethod,pos.payment.method,pos_payment_method,1,0,
02 OTHER.zip,l10n_es,02 OTHER/l10n_es/models/account_tax.py,AccountTax,account.tax,account_tax,2,0,
02 OTHER.zip,l10n_es,02 OTHER/l10n_es/models/account_move.py,AccountMove,account.move,account_move,1,1,_compute_l10n_es_is_simplified
02 OTHER.zip,delivery_sendcloud,02 OTHER/delivery_sendcloud/wizard/sendcloud_shipping_wizard.py,SendcloudShippingWizard,sendcloud.shipping.wizard,sendcloud_shipping_wizard,0,1,action_validate
02 OTHER.zip,delivery_sendcloud,02 OTHER/delivery_sendcloud/models/sendcloud_shipping_product.py,SendcloudShippingProduct,sendcloud.shipping.product,sendcloud_shipping_product,2,2,_compute_can_customize_functionalities|_compute_has_multicollo
02 OTHER.zip,delivery_sendcloud,02 OTHER/delivery_sendcloud/models/delivery_carrier.py,DeliveryCarrier,delivery.carrier,delivery_carrier,5,7,_check_sendcloud_api_keys|_compute_can_generate_return|_compute_sendcloud_shipping_id|_compute_sendcloud_return_id|write|action_load_sendcloud_shipping_products|_compute_country_id
02 OTHER.zip,delivery_starshipit,02 OTHER/delivery_starshipit/wizard/starshipit_shipping_wizard.py,StarshipitShippingWizard,starshipit.shipping.wizard,starshipit_shipping_wizard,0,1,action_validate
02 OTHER.zip,delivery_starshipit,02 OTHER/delivery_starshipit/models/stock_picking.py,StockPicking,stock.picking,stock_picking,1,1,action_print_starshipit_labels
02 OTHER.zip,delivery_starshipit,02 OTHER/delivery_starshipit/models/delivery_carrier.py,DeliveryCarrier,delivery.carrier,delivery_carrier,0,1,_compute_can_generate_return
02 OTHER.zip,project_mrp_workorder_account,02 OTHER/project_mrp_workorder_account/models/mrp_workcenter_productivity.py,MrpWorkcenterProductivity,mrp.workcenter.productivity,mrp_workcenter_productivity,1,3,unlink|create|write
02 OTHER.zip,project_mrp_workorder_account,02 OTHER/project_mrp_workorder_account/models/mrp_production.py,MrpProduction,mrp.production,mrp_production,0,1,write
02 OTHER.zip,l10n_dk_intrastat,02 OTHER/l10n_dk_intrastat/wizard/intrastat_goods_submission_wizard.py,L10n_dk_IntrastatIntrastatGoodsSubmissionWizard,l10n_dk_intrastat.intrastat.goods.submission.wizard,l10n_dk_intrastat_intrastat_goods_submission_wizard,0,1,action_proceed_with_submission
02 OTHER.zip,l10n_dk_intrastat,02 OTHER/l10n_dk_intrastat/models/account_return_type.py,AccountReturnType,account.return.type,account_return_type,1,0,
02 OTHER.zip,l10n_dk_intrastat,02 OTHER/l10n_dk_intrastat/models/account_return.py,AccountReturn,account.return,account_return,0,1,action_submit
02 OTHER.zip,l10n_dk_intrastat,02 OTHER/l10n_dk_intrastat/models/account_intrastat_report.py,AccountIntrastatGoodsReportHandler,account.intrastat.goods.report.handler,account_intrastat_goods_report_handler,7,0,
02 OTHER.zip,payment_nuvei,02 OTHER/payment_nuvei/models/payment_transaction.py,PaymentTransaction,payment.transaction,payment_transaction,1,0,
02 OTHER.zip,pos_razorpay,02 OTHER/pos_razorpay/models/pos_payment_method.py,PosPaymentMethod,pos.payment.method,pos_payment_method,1,1,_check_razorpay_terminal
02 OTHER.zip,iot,02 OTHER/iot/wizard/add_iot_box.py,AddIotBox,add.iot.box,add_iot_box,0,1,_compute_pairing_token
02 OTHER.zip,iot,02 OTHER/iot/wizard/discovered_iot_box.py,DiscoveredIotBox,iot.discovered.box,iot_discovered_box,0,1,_compute_box_name
02 OTHER.zip,iot,02 OTHER/iot/models/update.py,Publisher_WarrantyContract,publisher_warranty.contract,publisher_warranty_contract,1,0,
02 OTHER.zip,iot,02 OTHER/iot/models/iot_channel.py,IotChannel,iot.channel,iot_channel,1,0,
02 OTHER.zip,iot,02 OTHER/iot/models/ir_http.py,IrHttp,ir.http,ir_http,1,0,
02 OTHER.zip,iot,02 OTHER/iot/models/iot_device.py,IotDevice,iot.device,iot_device,4,3,_compute_display_name|_compute_is_scanner|_compute_manual_measurement
02 OTHER.zip,iot,02 OTHER/iot/models/ir_config_parameter.py,IrConfigParameter,ir.config_parameter,ir_config_parameter,1,0,
02 OTHER.zip,iot,02 OTHER/iot/models/iot_box.py,IotBox,iot.box,iot_box,3,3,_compute_device_count|_compute_must_install_fdm_module|_compute_commit_url
02 OTHER.zip,l10n_eg_hr_payroll,02 OTHER/l10n_eg_hr_payroll/models/hr_version.py,HrVersion,hr.version,hr_version,2,1,_compute_end_of_service
02 OTHER.zip,frontdesk,02 OTHER/frontdesk/models/frontdesk_visitor.py,FrontdeskVisitor,frontdesk.visitor,frontdesk_visitor,2,10,create|write|_compute_duration|action_check_in|action_canceled|action_planned|action_check_out|action_served|_check_resources_leave|_check_and_notify_visitor
02 OTHER.zip,frontdesk,02 OTHER/frontdesk/models/frontdesk_frontdesk.py,FrontdeskFrontdesk,frontdesk.frontdesk,frontdesk_frontdesk,3,6,_compute_notify_warning|_onchange_company_id|_compute_dashboard_data|_compute_kiosk_url|action_open_kiosk|action_open_visitors
02 OTHER.zip,frontdesk,02 OTHER/frontdesk/controllers/main.py,Frontdesk,,,11,0,
02 OTHER.zip,l10n_mx_hr_payroll,02 OTHER/l10n_mx_hr_payroll/models/hr_version.py,HrVersion,hr.version,hr_version,1,0,
02 OTHER.zip,l10n_mx_hr_payroll,02 OTHER/l10n_mx_hr_payroll/models/hr_payslip.py,HrPayslip,hr.payslip,hr_payslip,4,3,_compute_daily_salary|_compute_days_of_year|_compute_integration_factor
02 OTHER.zip,l10n_mx_hr_payroll,02 OTHER/l10n_mx_hr_payroll/models/hr_employee.py,HrEmployee,hr.employee,hr_employee,1,1,_check_single_bank_account_mx
02 OTHER.zip,l10n_mx_hr_payroll,02 OTHER/l10n_mx_hr_payroll/models/hr_payslip_worked_days.py,HrPayslipWorkedDays,hr.payslip.worked_days,hr_payslip_worked_days,1,1,_compute_amount
02 OTHER.zip,crm_helpdesk,02 OTHER/crm_helpdesk/wizard/crm_lead_convert2ticket.py,CrmLeadConvert2ticket,crm.lead.convert2ticket,crm_lead_convert2ticket,1,1,action_lead_to_helpdesk_ticket
02 OTHER.zip,crm_helpdesk,02 OTHER/crm_helpdesk/wizard/helpdesk_ticket_to_lead.py,HelpdeskTicketToLead,helpdesk.ticket.to.lead,helpdesk_ticket_to_lead,5,5,_compute_action|_compute_partner_id|_compute_team_id|_compute_user_id|action_convert_to_lead
02 OTHER.zip,crm_helpdesk,02 OTHER/crm_helpdesk/models/helpdesk_ticket.py,HelpdeskTicket,helpdesk.ticket,helpdesk_ticket,0,1,action_convert_ticket_to_lead_or_opportunity
02 OTHER.zip,l10n_ke,02 OTHER/l10n_ke/models/account_tax.py,AccountTax,account.tax,account_tax,1,1,_onchange_l10n_ke_item_code_id
02 OTHER.zip,l10n_ke,02 OTHER/l10n_ke/models/res_company.py,ResCompany,res.company,res_company,0,1,_compute_l10n_ke_oscu_is_active
02 OTHER.zip,l10n_ke,02 OTHER/l10n_ke/models/l10n_ke_item_code.py,L10n_KeItemCode,l10n_ke.item.code,l10n_ke_item_code,1,1,_compute_display_name
02 OTHER.zip,quality_control,02 OTHER/quality_control/wizard/quality_check_wizard.py,QualityCheckWizard,quality.check.wizard,quality_check_wizard,3,6,_compute_nb_checks|_compute_failure_location_id|_compute_position|action_generate_next_window|action_generate_previous_window|action_open_spreadsheet
02 OTHER.zip,quality_control,02 OTHER/quality_control/models/stock_move_line.py,StockMoveLine,stock.move.line,stock_move_line,2,5,_compute_check_state|create|write|unlink|action_open_quality_check_wizard
02 OTHER.zip,quality_control,02 OTHER/quality_control/models/quality_spreadsheet_template.py,QualitySpreadsheetTemplate,quality.spreadsheet.template,quality_spreadsheet_template,0,1,action_open_spreadsheet
02 OTHER.zip,quality_control,02 OTHER/quality_control/models/stock_move.py,StockMove,stock.move,stock_move,0,2,_action_confirm|_action_cancel
02 OTHER.zip,quality_control,02 OTHER/quality_control/models/quality_check_spreadsheet.py,QualityCheckSpreadsheet,quality.check.spreadsheet,quality_check_spreadsheet,0,1,action_open_spreadsheet
02 OTHER.zip,quality_control,02 OTHER/quality_control/models/stock_picking.py,StockPicking,stock.picking,stock_picking,0,8,_compute_check|_compute_quality_alert_count|_action_done|_check_for_quality_checks|action_cancel|action_open_quality_check_picking|action_open_on_demand_quality_check|button_quality_alert
02 OTHER.zip,quality_control,02 OTHER/quality_control/models/quality.py,QualityPoint,quality.point,quality_point,4,5,_compute_display_name|_compute_is_lot_tested_fractionally|_compute_standard_deviation_and_average|action_see_quality_checks|action_see_spc_control
02 OTHER.zip,quality_control,02 OTHER/quality_control/models/quality.py,QualityCheck,quality.check,quality_check,18,23,_compute_allowed_product_ids|_compute_hide_picking_id|_compute_hide_production_id|_compute_hide_repair_id|_compute_spreadsheet_template_id|_compute_measure_on|_compute_product_id|_compute_lot_ids|_compute_warning_message|_compute_qty_line|_compute_qty_passed|_compute_qty_failed
02 OTHER.zip,quality_control,02 OTHER/quality_control/models/quality.py,QualityAlert,quality.alert,quality_alert,3,2,action_see_check|_compute_display_name
02 OTHER.zip,quality_control,02 OTHER/quality_control/models/quality.py,ProductTemplate,product.template,product_template,1,3,_compute_quality_check_qty|action_see_quality_control_points|action_see_quality_checks
02 OTHER.zip,quality_control,02 OTHER/quality_control/models/quality.py,ProductProduct,product.product,product_product,0,3,_compute_quality_check_qty|action_see_quality_control_points|action_see_quality_checks
02 OTHER.zip,quality_control,02 OTHER/quality_control/models/stock_lot.py,StockLot,stock.lot,stock_lot,0,4,_compute_quality_check_qty|action_open_quality_checks|_compute_quality_alert_qty|action_lot_open_quality_alerts
02 OTHER.zip,quality_control,02 OTHER/quality_control/report/worksheet_custom_reports.py,ReportQuality_ControlQuality_Worksheet,report.quality_control.quality_worksheet,report_quality_control_quality_worksheet,1,0,
02 OTHER.zip,mass_mailing_event,02 OTHER/mass_mailing_event/models/event_event.py,EventEvent,event.event,event_event,0,2,action_mass_mailing_attendees|action_invite_contacts
02 OTHER.zip,hr_contract_salary,02 OTHER/hr_contract_salary/wizard/refuse_offer_wizard.py,RefuseOfferWizard,refuse.offer.wizard,refuse_offer_wizard,0,1,action_refuse
02 OTHER.zip,hr_contract_salary,02 OTHER/hr_contract_salary/wizard/hr_contract_sign_document_wizard.py,HrContractSignDocumentWizard,hr.contract.sign.document.wizard,hr_contract_sign_document_wizard,1,1,_compute_sign_template_ids
02 OTHER.zip,hr_contract_salary,02 OTHER/hr_contract_salary/models/hr_version.py,HrVersion,hr.version,hr_version,19,22,_check_signatories_unicity|_check_update_signatories_unicity|_compute_sign_template_signatories_ids|_compute_contract_update_signatories_ids|_check_hr_responsible_id|_compute_contract_wage|_compute_is_origin_contract_template|_compute_salary_offers_count|_compute_wage_with_holidays|_inverse_wage_with_holidays|_compute_final_yearly_costs|_compute_structure_type_id
02 OTHER.zip,hr_contract_salary,02 OTHER/hr_contract_salary/models/hr_contract_salary_personal_info.py,HrContractSalaryPersonalInfo,hr.contract.salary.personal.info,hr_contract_salary_personal_info,3,3,_onchange_applies_on|_check_res_field_model|_compute_res_model
02 OTHER.zip,hr_contract_salary,02 OTHER/hr_contract_salary/models/hr_employee_public.py,HrEmployeePublic,hr.employee.public,hr_employee_public,0,2,_compute_contract_reviews_count|_compute_salary_offers_count
02 OTHER.zip,hr_contract_salary,02 OTHER/hr_contract_salary/models/hr_contract_salary_offer.py,HrContractSalaryOffer,hr.contract.salary.offer,hr_contract_salary_offer,20,28,_check_dates_validity|_compute_has_sign_template|_compute_sign_template_id|_compute_sign_template_signatories_ids|_compute_is_half_sign_state_required|_compute_url|_compute_token|_compute_display_name|_compute_offer_create_date|_compute_validity_days_count|_compute_company_id|_compute_employee_version_id
02 OTHER.zip,hr_contract_salary,02 OTHER/hr_contract_salary/models/hr_job.py,HrJob,hr.job,hr_job,1,1,_check_contract_template_company
02 OTHER.zip,hr_contract_salary,02 OTHER/hr_contract_salary/models/sign_item.py,SignItem,sign.item,sign_item,1,2,create|write
02 OTHER.zip,hr_contract_salary,02 OTHER/hr_contract_salary/models/hr_contract_signatory.py,HrContractSignatory,hr.contract.signatory,hr_contract_signatory,2,0,
02 OTHER.zip,hr_contract_salary,02 OTHER/hr_contract_salary/models/hr_contract_salary_benefit.py,HrContractSalaryBenefit,hr.contract.salary.benefit,hr_contract_salary_benefit,11,12,_compute_field|_compute_res_field_public|_compute_cost_res_field_public|_inverse_res_field_public|_inverse_cost_res_field_public|_compute_requested_fields_string|_compute_requested_documents|_compute_benefits|_compute_has_admin_access|_check_min_inferior_to_max|_check_benefits_field|_compute_icon
02 OTHER.zip,hr_contract_salary,02 OTHER/hr_contract_salary/models/hr_employee.py,HrEmployee,hr.employee,hr_employee,2,5,_onchange_wage_with_holidays|_onchange_final_yearly_costs|action_show_contract_reviews|action_show_offers|action_generate_offer
02 OTHER.zip,hr_contract_salary,02 OTHER/hr_contract_salary/models/res_config_settings.py,ResConfigSettings,res.config.settings,res_config_settings,1,0,
02 OTHER.zip,hr_contract_salary,02 OTHER/hr_contract_salary/models/hr_applicant.py,HrApplicant,hr.applicant,hr_applicant,0,5,_compute_proposed_contracts_count|_compute_salary_offers_count|action_show_proposed_contracts|action_show_offers|action_generate_offer
02 OTHER.zip,hr_contract_salary,02 OTHER/hr_contract_salary/report/hr_contract_recruitment_report.py,HrContractRecruitmentReport,hr.contract.recruitment.report,hr_contract_recruitment_report,0,1,action_open_applicant
02 OTHER.zip,hr_contract_salary,02 OTHER/hr_contract_salary/controllers/main.py,HrContractSalary,,,8,1,_onchange_benefit
02 OTHER.zip,mass_mailing,02 OTHER/mass_mailing/wizard/mail_compose_message.py,MailComposeMessage,mail.compose.message,mail_compose_message,0,1,_action_send_mail
02 OTHER.zip,mass_mailing,02 OTHER/mass_mailing/wizard/mailing_mailing_schedule_date.py,MailingMailingScheduleDate,mailing.mailing.schedule.date,mailing_mailing_schedule_date,0,1,action_schedule_date
02 OTHER.zip,mass_mailing,02 OTHER/mass_mailing/wizard/mailing_contact_import.py,MailingContactImport,mailing.contact.import,mailing_contact_import,0,2,action_import|action_open_base_import
02 OTHER.zip,mass_mailing,02 OTHER/mass_mailing/wizard/mailing_list_merge.py,MailingListMerge,mailing.list.merge,mailing_list_merge,1,1,action_mailing_lists_merge
02 OTHER.zip,mass_mailing,02 OTHER/mass_mailing/wizard/mailing_contact_to_list.py,MailingContactToList,mailing.contact.to.list,mailing_contact_to_list,0,2,action_add_contacts|action_add_contacts_and_send_mailing
02 OTHER.zip,mass_mailing,02 OTHER/mass_mailing/models/mailing_subscription.py,MailingSubscription,mailing.subscription,mailing_subscription,2,3,_compute_opt_out_datetime|create|write
02 OTHER.zip,mass_mailing,02 OTHER/mass_mailing/models/ir_model.py,IrModel,ir.model,ir_model,0,1,_compute_is_mailing_enabled
02 OTHER.zip,mass_mailing,02 OTHER/mass_mailing/models/mailing_contact.py,MailingContact,mailing.contact,mailing_contact,11,6,_compute_name|_compute_opt_out|create|copy|action_import|action_add_to_mailing_list
02 OTHER.zip,mass_mailing,02 OTHER/mass_mailing/models/mailing.py,MailingMailing,mailing.mailing,mailing_mailing,26,59,_check_mailing_filter_model|_compute_ab_testing_is_winner_mailing|_compute_email_from|_compute_favorite_date|_compute_total|_compute_clicks_ratio|_compute_statistics|_compute_next_departure|_compute_link_trackers_count|_compute_warning_message|_compute_medium_id|_compute_reply_to_mode
02 OTHER.zip,mass_mailing,02 OTHER/mass_mailing/models/mailing_trace.py,MailingTrace,mailing.trace,mailing_trace,2,3,_compute_display_name|create|action_view_contact
02 OTHER.zip,mass_mailing,02 OTHER/mass_mailing/models/mailing_list.py,MailingList,mailing.list,mailing_list,3,13,_compute_mailing_count|_compute_mailing_list_statistics|write|_compute_display_name|action_open_import|action_send_mailing|action_view_contacts|action_view_contacts_email|action_view_mailings|action_view_contacts_opt_out|action_view_contacts_blacklisted|action_view_contacts_bouncing
02 OTHER.zip,mass_mailing,02 OTHER/mass_mailing/models/mail_render_mixin.py,MailRenderMixin,mail.render.mixin,mail_render_mixin,1,0,
02 OTHER.zip,mass_mailing,02 OTHER/mass_mailing/models/mail_thread.py,MailThread,mail.thread,mail_thread,3,0,
02 OTHER.zip,mass_mailing,02 OTHER/mass_mailing/models/res_users.py,ResUsers,res.users,res_users,1,0,
02 OTHER.zip,mass_mailing,02 OTHER/mass_mailing/models/res_config_settings.py,ResConfigSettings,res.config.settings,res_config_settings,2,1,_onchange_mass_mailing_outgoing_mail_server
02 OTHER.zip,mass_mailing,02 OTHER/mass_mailing/models/mail_mail.py,MailMail,mail.mail,mail_mail,1,0,
02 OTHER.zip,mass_mailing,02 OTHER/mass_mailing/models/utm_campaign.py,UtmCampaign,utm.campaign,utm_campaign,3,4,_compute_ab_testing_completed|_compute_mailing_mail_count|_compute_statistics|_compute_is_mailing_campaign_activated
02 OTHER.zip,mass_mailing,02 OTHER/mass_mailing/models/mailing_filter.py,MailingFilter,mailing.filter,mailing_filter,1,1,_check_mailing_domain
02 OTHER.zip,mass_mailing,02 OTHER/mass_mailing/models/link_tracker.py,LinkTrackerClick,link.tracker.click,link_tracker_click,1,0,
02 OTHER.zip,mass_mailing,02 OTHER/mass_mailing/controllers/main.py,MassMailController,,,16,1,_check_mailing_email_token
02 OTHER.zip,l10n_vn_edi_viettel,02 OTHER/l10n_vn_edi_viettel/wizard/l10n_vn_edi_cancellation_request.py,L10n_Vn_Edi_ViettelCancellation,l10n_vn_edi_viettel.cancellation,l10n_vn_edi_viettel_cancellation,0,1,button_request_cancel
02 OTHER.zip,l10n_vn_edi_viettel,02 OTHER/l10n_vn_edi_viettel/models/account_move.py,AccountMove,account.move,account_move,6,7,_compute_show_reset_to_draft_button|_compute_need_cancel_request|_compute_l10n_vn_edi_invoice_state|_compute_l10n_vn_edi_invoice_symbol|button_request_cancel|action_l10n_vn_edi_update_payment_status|button_draft
02 OTHER.zip,l10n_vn_edi_viettel,02 OTHER/l10n_vn_edi_viettel/models/account_move_send.py,AccountMoveSend,account.move.send,account_move_send,3,0,
02 OTHER.zip,l10n_vn_edi_viettel,02 OTHER/l10n_vn_edi_viettel/models/sinvoice.py,L10n_Vn_Edi_ViettelSinvoiceTemplate,l10n_vn_edi_viettel.sinvoice.template,l10n_vn_edi_viettel_sinvoice_template,1,0,
02 OTHER.zip,l10n_vn_edi_viettel,02 OTHER/l10n_vn_edi_viettel/models/sinvoice.py,L10n_Vn_Edi_ViettelSinvoiceSymbol,l10n_vn_edi_viettel.sinvoice.symbol,l10n_vn_edi_viettel_sinvoice_symbol,2,1,_compute_display_name
02 OTHER.zip,l10n_vn_edi_viettel,02 OTHER/l10n_vn_edi_viettel/models/res_config_settings.py,ResConfigSettings,res.config.settings,res_config_settings,1,2,_compute_l10n_vn_edi_default_symbol|_inverse_l10n_vn_edi_default_symbol
02 OTHER.zip,l10n_it_edi_doi,02 OTHER/l10n_it_edi_doi/models/account_move.py,AccountMove,account.move,account_move,7,8,_compute_l10n_it_edi_doi_date|_compute_l10n_it_edi_doi_use|_compute_l10n_it_edi_doi_id|_compute_l10n_it_edi_doi_amount|_compute_l10n_it_edi_doi_warning|_compute_fiscal_position_id|_check_l10n_it_edi_doi_id|action_open_declaration_of_intent
02 OTHER.zip,l10n_it_edi_doi,02 OTHER/l10n_it_edi_doi/models/sale_order.py,SaleOrder,sale.order,sale_order,7,11,_compute_l10n_it_edi_doi_date|_compute_l10n_it_edi_doi_use|_compute_l10n_it_edi_doi_id|_compute_l10n_it_edi_doi_not_yet_invoiced|_compute_l10n_it_edi_doi_warning|_compute_fiscal_position_id|action_quotation_send|action_quotation_sent|action_confirm|_check_l10n_it_edi_doi_id|action_open_declaration_of_intent
02 OTHER.zip,l10n_it_edi_doi,02 OTHER/l10n_it_edi_doi/models/declaration_of_intent.py,L10n_It_Edi_DoiDeclaration_Of_Intent,l10n_it_edi_doi.declaration_of_intent,l10n_it_edi_doi_declaration_of_intent,5,11,_compute_display_name|_compute_invoiced|_compute_not_yet_invoiced|_compute_remaining|action_validate|action_reset_to_draft|action_reactivate|action_revoke|action_terminate|action_open_sale_order_ids|action_open_invoice_ids
02 OTHER.zip,sale_expense_margin,02 OTHER/sale_expense_margin/models/sale_order_line.py,SaleOrderLine,sale.order.line,sale_order_line,1,1,_compute_purchase_price
02 OTHER.zip,hr_gamification,02 OTHER/hr_gamification/wizard/gamification_badge_user_wizard.py,GamificationBadgeUserWizard,gamification.badge.user.wizard,gamification_badge_user_wizard,1,2,action_grant_badge|_compute_user_id
02 OTHER.zip,hr_gamification,02 OTHER/hr_gamification/models/hr_employee_public.py,HrEmployeePublic,hr.employee.public,hr_employee_public,0,2,_compute_has_badges|_compute_badge_ids
02 OTHER.zip,hr_gamification,02 OTHER/hr_gamification/models/hr_employee.py,HrEmployee,hr.employee,hr_employee,2,2,_compute_employee_goals|_compute_employee_badges
02 OTHER.zip,hr_gamification,02 OTHER/hr_gamification/models/gamification.py,GamificationBadgeUser,gamification.badge.user,gamification_badge_user,1,3,_check_employee_related_user|_compute_has_edit_delete_access|action_open_badge
02 OTHER.zip,hr_gamification,02 OTHER/hr_gamification/models/gamification.py,GamificationBadge,gamification.badge,gamification_badge,1,1,_compute_granted_employees_count
02 OTHER.zip,l10n_be_hr_payroll_account,02 OTHER/l10n_be_hr_payroll_account/models/l10n_be_274_XX.py,L10n_Be274_Xx,l10n_be.274_xx,l10n_be_274_xx,0,1,action_post_account_entries
02 OTHER.zip,purchase_edi_ubl_bis3,02 OTHER/purchase_edi_ubl_bis3/models/account_move.py,AccountMove,account.move,account_move,0,1,_check_move_for_group_ungroup_lines_by_tax
02 OTHER.zip,purchase_edi_ubl_bis3,02 OTHER/purchase_edi_ubl_bis3/models/purchase_order.py,PurchaseOrder,purchase.order,purchase_order,1,0,
02 OTHER.zip,helpdesk_fsm_report,02 OTHER/helpdesk_fsm_report/wizard/create_task.py,HelpdeskCreateFsmTask,helpdesk.create.fsm.task,helpdesk_create_fsm_task,2,1,_compute_worksheet_template_id
02 OTHER.zip,sign_emsigner,02 OTHER/sign_emsigner/wizard/sign_send_request.py,EmsignerSignSendRequest,sign.send.request,sign_send_request,1,1,_compute_display_download_button
02 OTHER.zip,sign_emsigner,02 OTHER/sign_emsigner/models/sign_request_item.py,SignRequestItem,sign.request.item,sign_request_item,1,1,create
02 OTHER.zip,sign_emsigner,02 OTHER/sign_emsigner/models/sign_request.py,SignRequest,sign.request,sign_request,0,1,_check_sign_order_with_emsigner
02 OTHER.zip,l10n_be_fiscal_categories_fleet,02 OTHER/l10n_be_fiscal_categories_fleet/models/fleet_vehicle.py,FleetVehicle,fleet.vehicle,fleet_vehicle,1,3,create|write|action_view_disallowed_expenses_rate
02 OTHER.zip,l10n_be_fiscal_categories_fleet,02 OTHER/l10n_be_fiscal_categories_fleet/models/fleet_vehicle.py,FleetDisallowedExpensesRate,fleet.disallowed.expenses.rate,fleet_disallowed_expenses_rate,1,1,_compute_tax_deduction
02 OTHER.zip,payment_razorpay,02 OTHER/payment_razorpay/models/payment_provider.py,PaymentProvider,payment.provider,payment_provider,1,4,_compute_feature_support_fields|_check_razorpay_credentials_are_set_before_enabling|action_start_onboarding|action_razorpay_create_webhook
02 OTHER.zip,payment_razorpay,02 OTHER/payment_razorpay/models/payment_transaction.py,PaymentTransaction,payment.transaction,payment_transaction,3,0,
02 OTHER.zip,marketing_automation_sms,02 OTHER/marketing_automation_sms/models/marketing_campaign.py,MarketingCampaign,marketing.campaign,marketing_campaign,1,2,_compute_mailing_sms_count|action_view_sms
02 OTHER.zip,marketing_automation_sms,02 OTHER/marketing_automation_sms/models/marketing_activity.py,MarketingActivity,marketing.activity,marketing_activity,2,2,_compute_mass_mailing_id_mailing_type|_compute_trigger_category
02 OTHER.zip,sale_subscription_partnership,02 OTHER/sale_subscription_partnership/models/sale_order.py,SaleOrder,sale.order,sale_order,0,1,_action_cancel
02 OTHER.zip,product_unspsc,02 OTHER/product_unspsc/models/product.py,ProductUnspscCode,product.unspsc.code,product_unspsc_code,2,1,_compute_display_name
02 OTHER.zip,l10n_ro_edi_stock_batch,02 OTHER/l10n_ro_edi_stock_batch/models/stock_picking_batch.py,StockPickingBatch,stock.picking.batch,stock_picking_batch,11,13,_compute_l10n_ro_edi_stock_default_location_type|_compute_l10n_ro_edi_stock_available_operation_scopes|_compute_l10n_ro_edi_stock_available_location_types|_compute_l10n_ro_edi_stock_current_document_state|_compute_l10n_ro_edi_stock_current_document_uit|_compute_l10n_ro_edi_stock_enable|_compute_l10n_ro_edi_stock_enable_send|_compute_l10n_ro_edi_stock_enable_fetch|_compute_l10n_ro_edi_stock_enable_amend|_compute_l10n_ro_edi_stock_fields_readonly|action_done|action_l10n_ro_edi_stock_send_etransport
02 OTHER.zip,l10n_ro_edi_stock_batch,02 OTHER/l10n_ro_edi_stock_batch/models/stock_picking.py,Picking,stock.picking,stock_picking,2,1,_compute_l10n_ro_edi_stock_enable
02 OTHER.zip,social_sale,02 OTHER/social_sale/models/social_post.py,SocialPost,social.post,social_post,0,4,_compute_sale_quotation_count|_compute_sale_invoiced_amount|action_redirect_to_quotations|action_redirect_to_invoiced
02 OTHER.zip,l10n_dk_nemhandel_response,02 OTHER/l10n_dk_nemhandel_response/wizard/nemhandel_rejection_wizard.py,NemhandelRejectionWizard,nemhandel.rejection.wizard,nemhandel_rejection_wizard,0,1,button_send
02 OTHER.zip,l10n_dk_nemhandel_response,02 OTHER/l10n_dk_nemhandel_response/models/account_move.py,AccountMove,account.move,account_move,2,6,_compute_nemhandel_move_state|_compute_nemhandel_can_send_response|button_cancel|action_nemhandel_send_approval_response|action_nemhandel_open_rejection_wizard|action_open_nemhandel_reponses
02 OTHER.zip,l10n_dk_nemhandel_response,02 OTHER/l10n_dk_nemhandel_response/models/account_edi_proxy_user.py,AccountEdiProxyClientUser,account_edi_proxy_client.user,account_edi_proxy_client_user,1,0,
02 OTHER.zip,l10n_dk_nemhandel_response,02 OTHER/l10n_dk_nemhandel_response/models/res_partner.py,ResPartner,res.partner,res_partner,1,2,_compute_nemhandel_response_support|button_nemhandel_check_partner_endpoint
02 OTHER.zip,pos_self_order_iot,02 OTHER/pos_self_order_iot/wizard/auto_config_pos_iot.py,AutoConfigPoSIoT,auto.config.pos.iot,auto_config_pos_iot,0,1,action_autoconfigure
02 OTHER.zip,pos_self_order_iot,02 OTHER/pos_self_order_iot/models/pos_config.py,PosConfig,pos.config,pos_config,1,1,action_open_wizard
02 OTHER.zip,pos_self_order_iot,02 OTHER/pos_self_order_iot/models/pos_payment_method.py,PosPaymentMethod,pos.payment.method,pos_payment_method,1,0,
02 OTHER.zip,pos_self_order_iot,02 OTHER/pos_self_order_iot/models/iot_box.py,IotBox,iot.box,iot_box,2,2,_compute_can_be_kiosk|_onchange_device_ids
02 OTHER.zip,l10n_nz_eft,02 OTHER/l10n_nz_eft/models/account_batch_payment.py,AccountBatchPayment,account.batch.payment,account_batch_payment,5,1,_check_payments_constrains
02 OTHER.zip,l10n_nz_eft,02 OTHER/l10n_nz_eft/models/account_payment_method.py,AccountPaymentMethod,account.payment.method,account_payment_method,1,0,
02 OTHER.zip,l10n_nz_eft,02 OTHER/l10n_nz_eft/models/account_payment.py,AccountPayment,account.payment,account_payment,4,3,_compute_l10n_nz_available_dd_bank_ids|_compute_l10n_nz_dd_account_id|action_post
02 OTHER.zip,mrp_plm,02 OTHER/mrp_plm/models/mrp_eco.py,MrpEcoType,mrp.eco.type,mrp_eco_type,0,1,_compute_nb
02 OTHER.zip,mrp_plm,02 OTHER/mrp_plm/models/mrp_eco.py,MrpEcoApprovalTemplate,mrp.eco.approval.template,mrp_eco_approval_template,1,1,_check_unique_user_stage
02 OTHER.zip,mrp_plm,02 OTHER/mrp_plm/models/mrp_eco.py,MrpEcoApproval,mrp.eco.approval,mrp_eco_approval,3,3,_compute_is_approved|_compute_is_rejected|_compute_awaiting_my_validation
02 OTHER.zip,mrp_plm,02 OTHER/mrp_plm/models/mrp_eco.py,MrpEcoStage,mrp.eco.stage,mrp_eco_stage,3,2,_compute_approvals|_compute_is_blocking
02 OTHER.zip,mrp_plm,02 OTHER/mrp_plm/models/mrp_eco.py,MrpEco,mrp.eco,mrp_eco,14,17,_compute_attachments|_compute_effectivity|_compute_bom_change_ids|_compute_previous_bom_change|_compute_routing_change_ids|_compute_user_approval|_compute_kanban_state|_compute_allow_change_stage|_compute_allow_apply_change|_compute_allow_change_kanban_state|_compute_kanban_state_label|create
02 OTHER.zip,mrp_plm,02 OTHER/mrp_plm/models/mrp_eco.py,MrpEcoBomChange,mrp.eco.bom.change,mrp_eco_bom_change,2,4,_compute_upd_product_qty|_compute_change|action_open_component_change|action_open_byproduct_change
02 OTHER.zip,mrp_plm,02 OTHER/mrp_plm/models/mrp_eco.py,MrpEcoRoutingChange,mrp.eco.routing.change,mrp_eco_routing_change,0,1,action_open_routing_change_operation
02 OTHER.zip,mrp_plm,02 OTHER/mrp_plm/models/product.py,ProductTemplate,product.template,product_template,0,1,_compute_eco_count
02 OTHER.zip,mrp_plm,02 OTHER/mrp_plm/models/mrp_production.py,MrpProduction,mrp.production,mrp_production,2,5,_compute_eco_count|_compute_latest_bom_id|action_create_eco|action_open_eco|action_update_bom
02 OTHER.zip,mrp_plm,02 OTHER/mrp_plm/models/mrp_bom.py,MrpBom,mrp.bom,mrp_bom,0,2,_compute_eco_data|button_mrp_eco
02 OTHER.zip,mrp_plm,02 OTHER/mrp_plm/models/mrp_bom.py,MrpBomLine,mrp.bom.line,mrp_bom_line,1,3,create|write|unlink
02 OTHER.zip,quality_control_picking_batch,02 OTHER/quality_control_picking_batch/models/stock_picking_batch.py,StockPickingBatch,stock.picking.batch,stock_picking_batch,1,2,_compute_quality_check_todo|action_open_quality_check_wizard
02 OTHER.zip,quality_control_picking_batch,02 OTHER/quality_control_picking_batch/models/stock_move_line.py,StockMoveLine,stock.move.line,stock_move_line,0,1,write
02 OTHER.zip,cloud_storage_azure,02 OTHER/cloud_storage_azure/models/res_config_settings.py,ResConfigSettings,res.config.settings,res_config_settings,0,1,_check_cloud_storage_uninstallable
02 OTHER.zip,l10n_nz,02 OTHER/l10n_nz/models/account_payment.py,AccountPayment,account.payment,account_payment,1,1,_compute_payment_receipt_title
02 OTHER.zip,web_studio,02 OTHER/web_studio/tests/test_ui.py,TestUi,,,1,0,
02 OTHER.zip,web_studio,02 OTHER/web_studio/tests/test_report_editor.py,TestReportEditorUIUnit,,,1,0,
02 OTHER.zip,web_studio,02 OTHER/web_studio/wizard/studio_export_wizard.py,StudioExportWizardData,studio.export.wizard.data,studio_export_wizard_data,2,2,_compute_model_name|create
02 OTHER.zip,web_studio,02 OTHER/web_studio/wizard/studio_export_wizard.py,StudioExportWizard,studio.export.wizard,studio_export_wizard,5,5,_check_export_data|_compute_additional_models|_compute_export_data|_onchange_include_additional_data|_onchange_include_demo_data
02 OTHER.zip,web_studio,02 OTHER/web_studio/wizard/base_module_uninstall.py,BaseModuleUninstall,base.module.uninstall,base_module_uninstall,5,5,_compute_is_studio|_compute_custom_views|_compute_custom_reports|_compute_custom_models|_compute_custom_fields
02 OTHER.zip,web_studio,02 OTHER/web_studio/models/studio_mixin.py,StudioMixin,studio.mixin,studio_mixin,1,2,create|write
02 OTHER.zip,web_studio,02 OTHER/web_studio/models/ir_module_module.py,IrModuleModule,ir.module.module,ir_module_module,1,0,
02 OTHER.zip,web_studio,02 OTHER/web_studio/models/ir_model.py,Base,base,base,1,0,
02 OTHER.zip,web_studio,02 OTHER/web_studio/models/ir_model.py,IrModel,ir.model,ir_model,3,1,_compute_abstract
02 OTHER.zip,web_studio,02 OTHER/web_studio/models/ir_model.py,IrModelFields,ir.model.fields,ir_model_fields,6,2,_compute_display_name|_check_name
02 OTHER.zip,web_studio,02 OTHER/web_studio/models/ir_actions_report.py,IrActionsReport,ir.actions.report,ir_actions_report,2,0,
02 OTHER.zip,web_studio,02 OTHER/web_studio/models/models.py,Base,base,base,1,0,
02 OTHER.zip,web_studio,02 OTHER/web_studio/models/ir_model_data.py,IrModelData,ir.model.data,ir_model_data,1,2,create|write
02 OTHER.zip,web_studio,02 OTHER/web_studio/models/studio_export_model.py,StudioExportModel,studio.export.model,studio_export_model,3,4,_compute_display_name|_compute_excluded_fields|_compute_records_count|action_preset
02 OTHER.zip,web_studio,02 OTHER/web_studio/models/studio_approval.py,StudioApprovalRuleApprover,studio.approval.rule.approver,studio_approval_rule_approver,1,1,_compute_display_name
02 OTHER.zip,web_studio,02 OTHER/web_studio/models/studio_approval.py,StudioApprovalRule,studio.approval.rule,studio_approval_rule,15,10,_compute_display_name|_compute_approver_ids|_inverse_approver_ids|_check_model_method|write|create|_compute_can_validate|_compute_kanban_color|_compute_conditional|_compute_entries_count
02 OTHER.zip,web_studio,02 OTHER/web_studio/models/studio_approval.py,StudioApprovalEntry,studio.approval.entry,studio_approval_entry,4,4,_compute_name|_compute_reference|create|write
02 OTHER.zip,web_studio,02 OTHER/web_studio/models/studio_approval.py,StudioApprovalRequest,studio.approval.request,studio_approval_request,0,1,_inverse_mail_activity_id
02 OTHER.zip,web_studio,02 OTHER/web_studio/models/studio_approval.py,StudioApprovalRuleDelegate,studio.approval.rule.delegate,studio_approval_rule_delegate,2,1,create
02 OTHER.zip,web_studio,02 OTHER/web_studio/models/ir_ui_menu.py,IrUiMenu,ir.ui.menu,ir_ui_menu,2,1,write
02 OTHER.zip,web_studio,02 OTHER/web_studio/models/ir_ui_view.py,Base,base,base,3,0,
02 OTHER.zip,web_studio,02 OTHER/web_studio/models/ir_ui_view.py,IrUiView,ir.ui.view,ir_ui_view,7,1,_check_parent_groups
02 OTHER.zip,web_studio,02 OTHER/web_studio/models/ir_ui_view.py,ResetViewArchWizard,reset.view.arch.wizard,reset_view_arch_wizard,1,0,
02 OTHER.zip,web_studio,02 OTHER/web_studio/models/res_company.py,ResCompany,res.company,res_company,1,1,create
02 OTHER.zip,web_studio,02 OTHER/web_studio/models/mail_activity.py,MailActivity,mail.activity,mail_activity,0,1,_action_done
02 OTHER.zip,web_studio,02 OTHER/web_studio/models/ir_actions_server.py,IrActionsServer,ir.actions.server,ir_actions_server,1,1,create
02 OTHER.zip,web_studio,02 OTHER/web_studio/controllers/main.py,WebStudioController,,,23,0,
02 OTHER.zip,web_studio,02 OTHER/web_studio/controllers/report.py,WebStudioReportController,,,7,0,
02 OTHER.zip,project,02 OTHER/project/wizard/project_template_create_wizard.py,ProjectTemplateCreateWizard,project.template.create.wizard,project_template_create_wizard,2,2,_compute_template_has_dates|action_open_template_view
02 OTHER.zip,project,02 OTHER/project/wizard/portal_share.py,PortalShare,portal.share,portal_share,0,1,action_send_mail
02 OTHER.zip,project,02 OTHER/project/wizard/project_share_collaborator_wizard.py,ProjectShareCollaboratorWizard,project.share.collaborator.wizard,project_share_collaborator_wizard,1,1,_compute_send_invitation
02 OTHER.zip,project,02 OTHER/project/wizard/project_project_stage_delete.py,ProjectProjectStageDeleteWizard,project.project.stage.delete.wizard,project_project_stage_delete_wizard,1,5,_compute_projects_count|_compute_stages_active|action_archive|action_unarchive_project|action_unlink
02 OTHER.zip,project,02 OTHER/project/wizard/project_share_wizard.py,ProjectShareWizard,project.share.wizard,project_share_wizard,5,5,_compute_resource_ref|_compute_existing_partner_ids|create|action_share_record|action_send_mail
02 OTHER.zip,project,02 OTHER/project/wizard/project_task_type_delete.py,ProjectTaskTypeDeleteWizard,project.task.type.delete.wizard,project_task_type_delete_wizard,2,6,_compute_tasks_count|_compute_stages_active|action_archive|action_unarchive_task|action_confirm|action_unlink
02 OTHER.zip,project,02 OTHER/project/models/digest_digest.py,DigestDigest,digest.digest,digest_digest,0,2,_compute_project_task_opened_value|_compute_kpis_actions
02 OTHER.zip,project,02 OTHER/project/models/project_update.py,ProjectUpdate,project.update,project_update,9,6,_compute_color|_compute_progress_percentage|_compute_name_cropped|_compute_closed_task_percentage|create|unlink
02 OTHER.zip,project,02 OTHER/project/models/account_analytic_account.py,AccountAnalyticAccount,account.analytic.account,account_analytic_account,1,2,_compute_project_count|action_view_projects
02 OTHER.zip,project,02 OTHER/project/models/project_collaborator.py,ProjectCollaborator,project.collaborator,project_collaborator,3,3,_compute_display_name|create|unlink
02 OTHER.zip,project,02 OTHER/project/models/project_project_stage.py,ProjectProjectStage,project.project.stage,project_project_stage,0,2,write|action_unarchive
02 OTHER.zip,project,02 OTHER/project/models/project_task_recurrence.py,ProjectTaskRecurrence,project.task.recurrence,project_task_recurrence,6,2,_check_repeat_interval|_check_repeat_until_date
02 OTHER.zip,project,02 OTHER/project/models/project_task_type.py,ProjectTaskType,project.task.type,project_task_type,4,5,_compute_rating_request_deadline|write|action_unarchive|_compute_user_id|_check_personal_stage_not_linked_to_projects
02 OTHER.zip,project,02 OTHER/project/models/project_tags.py,ProjectTags,project.tags,project_tags,5,0,
02 OTHER.zip,project,02 OTHER/project/models/res_users.py,ResUsers,res.users,res_users,1,1,create
02 OTHER.zip,project,02 OTHER/project/models/project_task.py,ProjectTask,project.task,project_task,49,56,_compute_project_id|_compute_display_in_project|_inverse_parent_id|_compute_state|_compute_is_closed|_onchange_project_id|_inverse_state|_compute_personal_stage_id|_check_no_cyclic_dependencies|_compute_repeat|_compute_recurring_count|_compute_depend_on_count
02 OTHER.zip,project,02 OTHER/project/models/project_project.py,ProjectProject,project.project,project_project,30,45,_compute_task_count|_compute_open_task_count|_compute_closed_task_count|_compute_is_favorite|_onchange_company_id|_compute_next_milestone_id|_compute_access_url|_compute_company_id|_compute_resource_calendar_id|_inverse_company_id|_compute_last_update_status|_compute_last_update_color
02 OTHER.zip,project,02 OTHER/project/models/res_partner.py,ResPartner,res.partner,res_partner,2,2,_compute_task_count|action_view_tasks
02 OTHER.zip,project,02 OTHER/project/models/project_milestone.py,ProjectMilestone,project.milestone,project_milestone,6,9,_compute_reached_date|_compute_is_deadline_exceeded|_compute_is_deadline_future|_compute_task_count|_compute_can_be_marked_as_done|_compute_project_allow_milestones|action_view_tasks|copy|_compute_display_name
02 OTHER.zip,project,02 OTHER/project/report/project_task_burndown_chart_report.py,ProjectTaskBurndownChartReport,project.task.burndown.chart.report,project_task_burndown_chart_report,3,0,
02 OTHER.zip,project,02 OTHER/project/controllers/portal.py,ProjectCustomerPortal,,,9,0,
02 OTHER.zip,l10n_in_ewaybill_irn,02 OTHER/l10n_in_ewaybill_irn/models/l10n_in_ewaybill.py,L10nInEwaybill,l10n.in.ewaybill,l10n_in_ewaybill,1,4,_compute_is_process_through_irn|_compute_content|action_generate_ewaybill|action_reset_to_pending
02 OTHER.zip,l10n_it_edi_sale,02 OTHER/l10n_it_edi_sale/models/sale_order.py,SaleOrder,sale.order,sale_order,1,1,_compute_l10n_it_partner_pa
02 OTHER.zip,payment_dpo,02 OTHER/payment_dpo/models/payment_transaction.py,PaymentTransaction,payment.transaction,payment_transaction,1,0,
02 OTHER.zip,l10n_ar_stock,02 OTHER/l10n_ar_stock/models/stock_picking_type.py,StockPickingType,stock.picking.type,stock_picking_type,2,1,_compute_l10n_ar_stock_sequence_fields
02 OTHER.zip,l10n_ar_stock,02 OTHER/l10n_ar_stock/models/stock_picking.py,StockPicking,stock.picking,stock_picking,1,1,_compute_l10n_ar_delivery_guide_flags
02 OTHER.zip,l10n_pl_reports,02 OTHER/l10n_pl_reports/wizard/vat_report_export.py,L10n_Pl_ReportsPeriodicVatXmlExport,l10n_pl_reports.periodic.vat.xml.export,l10n_pl_reports_periodic_vat_xml_export,0,1,_compute_partner_is_company
02 OTHER.zip,l10n_pl_reports,02 OTHER/l10n_pl_reports/models/tax_report.py,L10n_PlTaxReportHandler,l10n_pl.tax.report.handler,l10n_pl_tax_report_handler,5,0,
02 OTHER.zip,l10n_lt_hr_payroll,02 OTHER/l10n_lt_hr_payroll/models/hr_version.py,HrVersion,hr.version,hr_version,1,0,
02 OTHER.zip,pos_qfpay,02 OTHER/pos_qfpay/models/pos_payment_method.py,PosPaymentMethod,pos.payment.method,pos_payment_method,3,1,_check_qfpay_terminal
02 OTHER.zip,base_automation_hr,02 OTHER/base_automation_hr/models/base_automation.py,BaseAutomation,base.automation,base_automation,1,0,
02 OTHER.zip,project_timesheet_holidays,02 OTHER/project_timesheet_holidays/models/hr_leave.py,HrLeave,hr.leave,hr_leave,0,4,_check_missing_global_leave_timesheets|action_refuse|_action_user_cancel|write
02 OTHER.zip,project_timesheet_holidays,02 OTHER/project_timesheet_holidays/models/resource_calendar_leaves.py,ResourceCalendarLeaves,resource.calendar.leaves,resource_calendar_leaves,1,2,create|write
02 OTHER.zip,project_timesheet_holidays,02 OTHER/project_timesheet_holidays/models/account_analytic.py,AccountAnalyticLine,account.analytic.line,account_analytic_line,0,2,_check_can_write|_check_can_create
02 OTHER.zip,project_timesheet_holidays,02 OTHER/project_timesheet_holidays/models/hr_employee.py,HrEmployee,hr.employee,hr_employee,1,2,create|write
02 OTHER.zip,project_timesheet_holidays,02 OTHER/project_timesheet_holidays/models/project_task.py,ProjectTask,project.task,project_task,0,2,_compute_leave_types_count|_compute_is_timeoff_task
02 OTHER.zip,project_timesheet_holidays,02 OTHER/project_timesheet_holidays/models/res_config_settings.py,ResConfigSettings,res.config.settings,res_config_settings,2,2,_onchange_timesheet_project_id|_onchange_timesheet_task_id
02 OTHER.zip,test_base_automation,02 OTHER/test_base_automation/models/test_base_automation.py,BaseAutomationLeadTest,base.automation.lead.test,base_automation_lead_test,2,3,_compute_stage_id|_compute_employee_deadline|write
02 OTHER.zip,test_base_automation,02 OTHER/test_base_automation/models/test_base_automation.py,Test_Base_AutomationTask,test_base_automation.task,test_base_automation_task,3,3,_compute_project_id|_compute_effective_hours|_compute_remaining_hours
02 OTHER.zip,test_base_automation,02 OTHER/test_base_automation/models/test_base_automation.py,BaseAutomationModelWithRecnameM2o,base.automation.model.with.recname.m2o,base_automation_model_with_recname_m2o,1,0,
02 OTHER.zip,html_editor,02 OTHER/html_editor/models/models.py,Base,base,base,1,0,
02 OTHER.zip,html_editor,02 OTHER/html_editor/models/ir_attachment.py,IrAttachment,ir.attachment,ir_attachment,2,3,_compute_local_url|_compute_image_src|_compute_image_size
02 OTHER.zip,html_editor,02 OTHER/html_editor/models/ir_qweb_fields.py,IrQwebField,ir.qweb.field,ir_qweb_field,2,0,
02 OTHER.zip,html_editor,02 OTHER/html_editor/models/ir_qweb_fields.py,IrQwebFieldInteger,ir.qweb.field.integer,ir_qweb_field_integer,1,0,
02 OTHER.zip,html_editor,02 OTHER/html_editor/models/ir_qweb_fields.py,IrQwebFieldFloat,ir.qweb.field.float,ir_qweb_field_float,1,0,
02 OTHER.zip,html_editor,02 OTHER/html_editor/models/ir_qweb_fields.py,IrQwebFieldMany2one,ir.qweb.field.many2one,ir_qweb_field_many2one,2,0,
02 OTHER.zip,html_editor,02 OTHER/html_editor/models/ir_qweb_fields.py,IrQwebFieldContact,ir.qweb.field.contact,ir_qweb_field_contact,2,0,
02 OTHER.zip,html_editor,02 OTHER/html_editor/models/ir_qweb_fields.py,IrQwebFieldDate,ir.qweb.field.date,ir_qweb_field_date,2,0,
02 OTHER.zip,html_editor,02 OTHER/html_editor/models/ir_qweb_fields.py,IrQwebFieldDatetime,ir.qweb.field.datetime,ir_qweb_field_datetime,2,0,
02 OTHER.zip,html_editor,02 OTHER/html_editor/models/ir_qweb_fields.py,IrQwebFieldText,ir.qweb.field.text,ir_qweb_field_text,1,0,
02 OTHER.zip,html_editor,02 OTHER/html_editor/models/ir_qweb_fields.py,IrQwebFieldSelection,ir.qweb.field.selection,ir_qweb_field_selection,1,0,
02 OTHER.zip,html_editor,02 OTHER/html_editor/models/ir_qweb_fields.py,IrQwebFieldHtml,ir.qweb.field.html,ir_qweb_field_html,2,0,
02 OTHER.zip,html_editor,02 OTHER/html_editor/models/ir_qweb_fields.py,IrQwebFieldImage,ir.qweb.field.image,ir_qweb_field_image,1,0,
02 OTHER.zip,html_editor,02 OTHER/html_editor/models/ir_qweb_fields.py,IrQwebFieldMonetary,ir.qweb.field.monetary,ir_qweb_field_monetary,1,0,
02 OTHER.zip,html_editor,02 OTHER/html_editor/models/ir_qweb_fields.py,IrQwebFieldDuration,ir.qweb.field.duration,ir_qweb_field_duration,2,0,
02 OTHER.zip,html_editor,02 OTHER/html_editor/models/ir_ui_view.py,IrUiView,ir.ui.view,ir_ui_view,20,0,
02 OTHER.zip,html_editor,02 OTHER/html_editor/models/html_field_history_mixin.py,HtmlFieldHistoryMixin,html.field.history.mixin,html_field_history_mixin,3,3,_compute_metadata|create|write
02 OTHER.zip,html_editor,02 OTHER/html_editor/controllers/main.py,HTML_Editor,,,15,0,
02 OTHER.zip,stock_accountant,02 OTHER/stock_accountant/models/res_config_settings.py,ResConfigSettings,res.config.settings,res_config_settings,0,1,action_stock_open_valued_locations
02 OTHER.zip,pos_self_order_sale,02 OTHER/pos_self_order_sale/models/res_config_settings.py,ResConfigSettings,res.config.settings,res_config_settings,1,1,_onchange_pos_self_order_kiosk
02 OTHER.zip,project_enterprise_hr,02 OTHER/project_enterprise_hr/models/project_task.py,ProjectTask,project.task,project_task,2,0,
02 OTHER.zip,l10n_ae_faf,02 OTHER/l10n_ae_faf/models/account_general_ledger.py,AccountGeneralLedgerReportHandler,account.general.ledger.report.handler,account_general_ledger_report_handler,20,0,
02 OTHER.zip,l10n_be_hr_payroll_sd_worx,02 OTHER/l10n_be_hr_payroll_sd_worx/models/res_company.py,ResCompany,res.company,res_company,1,1,_check_sdworx_code
02 OTHER.zip,l10n_be_hr_payroll_sd_worx,02 OTHER/l10n_be_hr_payroll_sd_worx/models/hr_employee.py,HrEmployee,hr.employee,hr_employee,1,1,_check_sdworx_code
02 OTHER.zip,l10n_be_hr_payroll_sd_worx,02 OTHER/l10n_be_hr_payroll_sd_worx/models/hr_work_entry_type.py,HrWorkEntryType,hr.work.entry.type,hr_work_entry_type,1,1,_check_sdworx_code
02 OTHER.zip,l10n_be_hr_payroll_sd_worx,02 OTHER/l10n_be_hr_payroll_sd_worx/models/hr_payroll_export_sdworx.py,L10nBeHrPayrollExportSdworx,l10n.be.hr.payroll.export.sdworx,l10n_be_hr_payroll_export_sdworx,1,0,
02 OTHER.zip,l10n_account_withholding_tax,02 OTHER/l10n_account_withholding_tax/models/account_tax.py,AccountTax,account.tax,account_tax,5,4,_onchange_is_withholding_tax_on_payment|_onchange_amount|_check_amount_type|_compute_tax_label
02 OTHER.zip,l10n_account_withholding_tax,02 OTHER/l10n_account_withholding_tax/models/account_payment.py,AccountPayment,account.payment,account_payment,6,5,_compute_display_withholding|_compute_should_withhold_tax|_compute_withholding_hide_tax_base_account|_compute_outstanding_account_id|_onchange_withholding_line_ids
02 OTHER.zip,l10n_account_withholding_tax,02 OTHER/l10n_account_withholding_tax/models/account_payment_withholding_line.py,AccountPaymentWithholdingLine,account.payment.withholding.line,account_payment_withholding_line,7,7,_compute_original_amounts|_compute_type_tax_use|_compute_comodel_full_amount|_compute_comodel_date|_compute_comodel_payment_type|_compute_company_id|_compute_comodel_currency_id
02 OTHER.zip,l10n_account_withholding_tax,02 OTHER/l10n_account_withholding_tax/models/account_withholding_line.py,AccountWithholdingLine,account.withholding.line,account_withholding_line,8,12,_compute_placeholder_type|_compute_original_amounts|_compute_base_amount|_compute_amount|_compute_account_id|_compute_type_tax_use|_compute_company_id|_compute_currency_id|_compute_comodel_percentage_paid_factor|_compute_comodel_date|_compute_comodel_payment_type|_compute_comodel_currency_id
02 OTHER.zip,l10n_account_withholding_tax,02 OTHER/l10n_account_withholding_tax/wizards/account_payment_register_withholding_line.py,AccountPaymentRegisterWithholdingLine,account.payment.register.withholding.line,account_payment_register_withholding_line,7,7,_compute_original_amounts|_compute_type_tax_use|_compute_comodel_percentage_paid_factor|_compute_comodel_date|_compute_comodel_payment_type|_compute_company_id|_compute_comodel_currency_id
02 OTHER.zip,l10n_account_withholding_tax,02 OTHER/l10n_account_withholding_tax/wizards/account_payment_register.py,AccountPaymentRegister,account.payment.register,account_payment_register,7,7,_compute_withholding_net_amount|_compute_withholding_outstanding_account_id|_compute_display_withholding|_compute_withholding_line_ids|_compute_should_withhold_tax|_compute_withholding_hide_tax_base_account|_onchange_withholding_line_ids
02 OTHER.zip,iap_extract,02 OTHER/iap_extract/models/extract_mixin.py,ExtractMixin,extract.mixin,extract_mixin,7,7,_compute_error_message|_compute_extract_state_processed|_compute_show_send_button|_compute_is_in_extractable_state|action_send_batch_for_digitization|action_manual_send_for_digitization|_check_ocr_status
02 OTHER.zip,crm_enterprise,02 OTHER/crm_enterprise/models/crm_lead.py,CrmLead,crm.lead,crm_lead,2,3,_compute_days_to_convert|_compute_days_exceeding_closing|action_ocr_business_cards
02 OTHER.zip,social,02 OTHER/social/models/social_post_template.py,SocialPostTemplate,social.post.template,social_post_template,17,12,_check_has_message_or_image|_check_image_ids_mimetype|_compute_message_by_media|_compute_images_by_media|_compute_display_message|_compute_image_urls|_compute_media_count|_compute_account_ids|_compute_has_active_accounts|create|_compute_display_name|action_generate_post
02 OTHER.zip,social,02 OTHER/social/models/social_post.py,SocialPost,social.post,social_post,17,23,_check_account_ids|_check_scheduled_date|_compute_post_engagement|_compute_has_active_accounts|_compute_stream_posts_count|_compute_account_ids|_compute_account_allowed_ids|_compute_has_post_errors|_compute_media_ids|_compute_calendar_date|_compute_live_posts_by_media|_compute_is_hatched
02 OTHER.zip,social,02 OTHER/social/models/social_stream.py,SocialStream,social.stream,social_stream,3,2,_onchange_media_id|create
02 OTHER.zip,social,02 OTHER/social/models/social_live_post.py,SocialLivePost,social.live.post,social_live_post,6,7,_compute_message|_compute_image_ids|_compute_live_post_link|_compute_display_name|create|write|action_retry_post
02 OTHER.zip,social,02 OTHER/social/models/social_account.py,SocialAccount,social.account,social_account,3,7,_compute_statistics|_compute_stats_link|_compute_display_name|create|write|_compute_trend|_action_disconnect_accounts
02 OTHER.zip,social,02 OTHER/social/models/social_stream_post.py,SocialStreamPost,social.stream.post,social_stream_post,2,5,_compute_stream_post_image_urls|_compute_author_link|_compute_post_link|_compute_formatted_published_date|_compute_is_author
02 OTHER.zip,social,02 OTHER/social/models/social_media.py,SocialMedia,social.media,social_media,0,4,_compute_accounts_count|_compute_csrf_token|action_add_account|_action_add_account
02 OTHER.zip,social,02 OTHER/social/models/utm_campaign.py,UtmCampaign,utm.campaign,utm_campaign,0,4,_compute_social_engagement|_compute_social_posts_count|action_create_new_post|action_redirect_to_social_media_posts
02 OTHER.zip,voip_helpdesk,02 OTHER/voip_helpdesk/models/res_partner.py,ResPartner,res.partner,res_partner,1,1,_compute_open_ticket_count
02 OTHER.zip,l10n_no_saft,02 OTHER/l10n_no_saft/models/account_general_ledger.py,AccountGeneralLedgerReportHandler,account.general.ledger.report.handler,account_general_ledger_report_handler,2,0,
02 OTHER.zip,l10n_br_avatax,02 OTHER/l10n_br_avatax/models/account_move.py,AccountMove,account.move,account_move,2,3,_compute_l10n_br_is_avatax_depends|_compute_l10n_br_goods_operation_type_id|_compute_l10n_br_is_service_transaction
02 OTHER.zip,l10n_br_avatax,02 OTHER/l10n_br_avatax/models/l10n_br_ncm_code.py,L10n_BrNcmCode,l10n_br.ncm.code,l10n_br_ncm_code,1,1,_compute_display_name
02 OTHER.zip,l10n_br_avatax,02 OTHER/l10n_br_avatax/models/l10n_br_cnae_code.py,L10n_BrCnaeCode,l10n_br.cnae.code,l10n_br_cnae_code,2,2,_compute_display_name|_compute_sanitized_code
02 OTHER.zip,l10n_br_avatax,02 OTHER/l10n_br_avatax/models/product_template.py,ProductTemplate,product.template,product_template,3,2,_check_l10n_br_service_code_ids|_compute_l10n_br_company_city_id
02 OTHER.zip,l10n_br_avatax,02 OTHER/l10n_br_avatax/models/account_external_tax_mixin.py,AccountExternalTaxMixin,account.external.tax.mixin,account_external_tax_mixin,17,7,_compute_l10n_br_is_service_transaction|_compute_l10n_br_cnae_code_id|_compute_l10n_br_goods_operation_type_id|_compute_l10n_br_is_avatax_depends|_compute_l10n_br_is_avatax|_compute_is_tax_computed_externally|_compute_l10n_br_avatax_warnings
02 OTHER.zip,l10n_br_avatax,02 OTHER/l10n_br_avatax/models/res_config_settings.py,ResConfigSettings,res.config.settings,res_config_settings,1,5,_compute_l10n_br_avalara_account_count|_compute_show_overwrite_warning|button_l10n_br_avatax_ping|button_l10n_br_avatax_log|button_l10n_br_avatax_open_company_partner
02 OTHER.zip,mail_group,02 OTHER/mail_group/wizard/mail_group_message_reject.py,MailGroupMessageReject,mail.group.message.reject,mail_group_message_reject,2,3,_compute_subject|_compute_send_email|action_send_mail
02 OTHER.zip,mail_group,02 OTHER/mail_group/models/mail_group_member.py,MailGroupMember,mail.group.member,mail_group_member,2,2,_compute_email|_compute_email_normalized
02 OTHER.zip,mail_group,02 OTHER/mail_group/models/mail_group.py,MailGroup,mail.group,mail_group,24,21,_compute_mail_group_message_last_month_count|_compute_mail_group_message_count|_compute_mail_group_message_moderation_count|_compute_member_count|_compute_is_member|_compute_member_partner_ids|_compute_is_moderator|_compute_moderation_rule_count|_compute_can_manage_group|_onchange_access_mode|_onchange_moderation|_check_moderator_email
02 OTHER.zip,mail_group,02 OTHER/mail_group/models/mail_group_message.py,MailGroupMessage,mail.group.message,mail_group_message,4,9,_compute_email_from_normalized|_compute_author_moderation|create|action_moderate_accept|action_moderate_reject_with_comment|action_moderate_reject|action_moderate_allow|action_moderate_ban|action_moderate_ban_with_comment
02 OTHER.zip,mail_group,02 OTHER/mail_group/models/mail_group_moderation.py,MailGroupModeration,mail.group.moderation,mail_group_moderation,1,2,create|write
02 OTHER.zip,mail_group,02 OTHER/mail_group/controllers/portal.py,PortalMailGroup,,,9,0,
02 OTHER.zip,iap,02 OTHER/iap/models/iap_enrich_api.py,IapEnrichApi,iap.enrich.api,iap_enrich_api,2,0,
02 OTHER.zip,iap,02 OTHER/iap/models/iap_account.py,IapAccount,iap.account,iap_account,8,3,write|create|action_buy_credits
02 OTHER.zip,project_holidays,02 OTHER/project_holidays/models/project_task.py,ProjectTask,project.task,project_task,3,1,_compute_leave_warning
02 OTHER.zip,social_demo,02 OTHER/social_demo/models/social_post.py,SocialPost,social.post,social_post,0,1,_compute_click_count
02 OTHER.zip,social_demo,02 OTHER/social_demo/models/social_stream.py,SocialStream,social.stream,social_stream,1,1,create
02 OTHER.zip,social_demo,02 OTHER/social_demo/models/social_account.py,SocialAccount,social.account,social_account,0,1,_compute_statistics
02 OTHER.zip,social_demo,02 OTHER/social_demo/models/utm.py,UtmCampaign,utm.campaign,utm_campaign,0,1,_compute_clicks_count
02 OTHER.zip,helpdesk_stock,02 OTHER/helpdesk_stock/wizard/stock_picking_return.py,StockReturnPicking,stock.return.picking,stock_return_picking,4,4,_compute_sale_order_id|_compute_picking_id|_compute_suitable_picking_ids|_compute_suitable_sale_orders
02 OTHER.zip,helpdesk_stock,02 OTHER/helpdesk_stock/models/helpdesk_ticket.py,HelpdeskTicket,helpdesk.ticket,helpdesk_ticket,5,8,_compute_suitable_product_ids|_compute_replacement_count|_compute_pickings_count|_compute_display_extra_info|write|action_view_pickings|action_view_replacements|action_create_replacement
02 OTHER.zip,helpdesk_stock,02 OTHER/helpdesk_stock/models/stock_picking.py,StockPicking,stock.picking,stock_picking,1,3,_compute_state|create|action_linked_ticket
02 OTHER.zip,marketing_automation,02 OTHER/marketing_automation/wizard/marketing_campaign_test.py,MarketingCampaignTest,marketing.campaign.test,marketing_campaign_test,3,2,_compute_resource_ref|action_launch_test
02 OTHER.zip,marketing_automation,02 OTHER/marketing_automation/models/marketing_campaign.py,MarketingCampaign,marketing.campaign,marketing_campaign,13,19,_check_mailing_filter_model|_compute_unique_field_id|_compute_domain|_compute_require_sync|_compute_mailing_filter_count|_compute_mailing_filter_id|_compute_mass_mailing_count|_compute_link_tracker_click_count|_compute_participants|copy|create|_onchange_model_id
02 OTHER.zip,marketing_automation,02 OTHER/marketing_automation/models/marketing_participant.py,MarketingParticipant,marketing.participant,marketing_participant,4,6,_compute_resource_ref|create|action_set_completed|_action_set_completed|action_set_running|action_set_unlink
02 OTHER.zip,marketing_automation,02 OTHER/marketing_automation/models/marketing_trace.py,MarketingTrace,marketing.trace,marketing_trace,1,3,_compute_links_click_datetime|action_cancel|action_execute
02 OTHER.zip,marketing_automation,02 OTHER/marketing_automation/models/mailing_mailing.py,MailingMailing,mailing.mailing,mailing_mailing,1,0,
02 OTHER.zip,marketing_automation,02 OTHER/marketing_automation/models/marketing_activity.py,MarketingActivity,marketing.activity,marketing_activity,14,20,_check_consistency_in_activities|_compute_mass_mailing_id_mailing_type|_compute_mass_mailing_id|_compute_server_action_id|_compute_inherited_domain|_compute_interval_standardized|_compute_parent_id|_compute_allowed_parent_ids|_compute_trigger_category|_compute_statistics|_compute_statistics_graph_data|_compute_activity_summary
02 OTHER.zip,l10n_ro_saft_stock,02 OTHER/l10n_ro_saft_stock/models/stock_picking_type.py,StockPickingType,stock.picking.type,stock_picking_type,1,1,_compute_l10n_ro_stock_movement_type
02 OTHER.zip,l10n_ro_saft_stock,02 OTHER/l10n_ro_saft_stock/models/account_general_ledger.py,AccountGeneralLedgerReportHandler,account.general.ledger.report.handler,account_general_ledger_report_handler,9,0,
02 OTHER.zip,l10n_fi_sale,02 OTHER/l10n_fi_sale/models/sale.py,SaleOrder,sale.order,sale_order,3,1,write
02 OTHER.zip,phone_validation,02 OTHER/phone_validation/wizard/phone_blacklist_remove.py,PhoneBlacklistRemove,phone.blacklist.remove,phone_blacklist_remove,0,1,action_unblacklist_apply
02 OTHER.zip,phone_validation,02 OTHER/phone_validation/models/mail_thread_phone.py,MailThreadPhone,mail.thread.phone,mail_thread_phone,3,2,_compute_phone_sanitized|_compute_blacklisted
02 OTHER.zip,phone_validation,02 OTHER/phone_validation/models/models.py,Base,base,base,2,0,
02 OTHER.zip,phone_validation,02 OTHER/phone_validation/models/phone_blacklist.py,PhoneBlacklist,phone.blacklist,phone_blacklist,1,3,create|write|action_add
02 OTHER.zip,phone_validation,02 OTHER/phone_validation/models/res_partner.py,ResPartner,res.partner,res_partner,1,1,_onchange_phone_validation
02 OTHER.zip,industry_fsm_report,02 OTHER/industry_fsm_report/wizard/worksheet_template_load_wizard.py,WorksheetTemplateLoadWizard,worksheet.template.load.wizard,worksheet_template_load_wizard,0,2,action_generate_new_template|action_open_template
02 OTHER.zip,industry_fsm_report,02 OTHER/industry_fsm_report/models/project_task_recurrence.py,ProjectTaskRecurrence,project.task.recurrence,project_task_recurrence,1,0,
02 OTHER.zip,industry_fsm_report,02 OTHER/industry_fsm_report/models/project_task.py,ProjectTask,project.task,project_task,6,6,_compute_display_conditions_count|_compute_display_sign_report_buttons|_compute_display_send_report_buttons|_compute_worksheet_template_id|_compute_worksheet_count|action_fsm_worksheet
02 OTHER.zip,industry_fsm_report,02 OTHER/industry_fsm_report/models/project_project.py,ProjectProject,project.project,project_project,2,2,_compute_allow_worksheets|_compute_worksheet_template_id
02 OTHER.zip,industry_fsm_report,02 OTHER/industry_fsm_report/models/worksheet_template.py,WorksheetTemplate,worksheet.template,worksheet_template,6,2,action_analysis_report|action_archive
02 OTHER.zip,industry_fsm_report,02 OTHER/industry_fsm_report/report/report_industry_fsm_worksheet_custom.py,ReportIndustry_FsmWorksheet_Custom,report.industry_fsm.worksheet_custom,report_industry_fsm_worksheet_custom,1,0,
02 OTHER.zip,web_grid,02 OTHER/web_grid/models/models.py,Base,base,base,2,0,
02 OTHER.zip,web_grid,02 OTHER/web_grid/models/ir_ui_view.py,IrUiView,ir.ui.view,ir_ui_view,0,1,unlink
02 OTHER.zip,l10n_hr_intrastat,02 OTHER/l10n_hr_intrastat/wizard/intrastat_goods_submission_wizard.py,L10n_Hr_IntrastatIntrastatGoodsSubmissionWizard,l10n_hr_intrastat.intrastat.goods.submission.wizard,l10n_hr_intrastat_intrastat_goods_submission_wizard,0,1,action_proceed_with_submission
02 OTHER.zip,l10n_hr_intrastat,02 OTHER/l10n_hr_intrastat/models/account_return.py,AccountReturn,account.return,account_return,0,1,action_submit
02 OTHER.zip,snailmail_account,02 OTHER/snailmail_account/wizard/account_move_send_batch_wizard.py,AccountMoveSendBatchWizard,account.move.send.batch.wizard,account_move_send_batch_wizard,0,2,_compute_send_by_post_stamps|_compute_summary_data
02 OTHER.zip,snailmail_account,02 OTHER/snailmail_account/models/account_move_send.py,AccountMoveSend,account.move.send,account_move_send,1,0,
02 OTHER.zip,sale_margin,02 OTHER/sale_margin/models/sale_order.py,SaleOrder,sale.order,sale_order,1,1,_compute_margin
02 OTHER.zip,sale_margin,02 OTHER/sale_margin/models/sale_order_line.py,SaleOrderLine,sale.order.line,sale_order_line,2,2,_compute_purchase_price|_compute_margin
02 OTHER.zip,l10n_be_intervat,02 OTHER/l10n_be_intervat/models/account_return.py,AccountReturn,account.return,account_return,0,1,action_submit
02 OTHER.zip,l10n_be_intervat,02 OTHER/l10n_be_intervat/models/res_config_settings.py,ResConfigSettings,res.config.settings,res_config_settings,0,1,action_close_intervat_connection
02 OTHER.zip,l10n_jp_zengin,02 OTHER/l10n_jp_zengin/models/account_batch_payment.py,AccountBatchPayment,account.batch.payment,account_batch_payment,1,1,_compute_l10n_jp_zengin_merge_transactions
02 OTHER.zip,l10n_jp_zengin,02 OTHER/l10n_jp_zengin/models/account_journal.py,AccountJournal,account.journal,account_journal,0,1,_check_zengin
02 OTHER.zip,l10n_jp_zengin,02 OTHER/l10n_jp_zengin/models/account_payment_method.py,AccountPaymentMethod,account.payment.method,account_payment_method,1,0,
02 OTHER.zip,l10n_jp_zengin,02 OTHER/l10n_jp_zengin/models/res_bank.py,ResBank,res.bank,res_bank,1,1,_check_branch_code
02 OTHER.zip,l10n_jp_zengin,02 OTHER/l10n_jp_zengin/models/res_partner_bank.py,ResPartnerBank,res.partner.bank,res_partner_bank,1,1,_check_client_code
02 OTHER.zip,l10n_jp_zengin,02 OTHER/l10n_jp_zengin/models/account_payment.py,AccountPayment,account.payment,account_payment,2,0,
02 OTHER.zip,hr_expense,02 OTHER/hr_expense/wizard/hr_expense_refuse_reason.py,HrExpenseRefuseWizard,hr.expense.refuse.wizard,hr_expense_refuse_wizard,1,1,action_refuse
02 OTHER.zip,hr_expense,02 OTHER/hr_expense/wizard/hr_expense_approve_duplicate.py,HrExpenseApproveDuplicate,hr.expense.approve.duplicate,hr_expense_approve_duplicate,1,2,action_approve|action_refuse
02 OTHER.zip,hr_expense,02 OTHER/hr_expense/wizard/hr_expense_split_wizard.py,HrExpenseSplitWizard,hr.expense.split.wizard,hr_expense_split_wizard,3,4,_compute_total_amount_currency|_compute_tax_amount_currency|_compute_split_possible|action_split_expense
02 OTHER.zip,hr_expense,02 OTHER/hr_expense/wizard/account_payment_register.py,AccountPaymentRegister,account.payment.register,account_payment_register,1,0,
02 OTHER.zip,hr_expense,02 OTHER/hr_expense/wizard/hr_expense_split.py,HrExpenseSplit,hr.expense.split,hr_expense_split,5,4,_compute_tax_amount_currency|_compute_from_product_id|_onchange_product_id|_compute_product_has_tax
02 OTHER.zip,hr_expense,02 OTHER/hr_expense/wizard/hr_expense_post_wizard.py,HrExpensePostWizard,hr.expense.post.wizard,hr_expense_post_wizard,1,1,action_post_entry
02 OTHER.zip,hr_expense,02 OTHER/hr_expense/models/account_move.py,AccountMove,account.move,account_move,3,7,_compute_nb_expenses|_compute_commercial_partner_id|_check_expense_ids|action_open_expense|_check_journal_move_type|_compute_needed_terms|button_cancel
02 OTHER.zip,hr_expense,02 OTHER/hr_expense/models/hr_expense.py,HrExpense,hr.expense,hr_expense,46,48,_check_non_zero|_check_o2o_payment|_compute_currency_id|_compute_is_editable|_onchange_product_has_cost|_compute_product_description|_compute_name|_compute_currency_rate|_compute_is_multiple_currency|_compute_from_product|_compute_uom_id|_compute_state
02 OTHER.zip,hr_expense,02 OTHER/hr_expense/models/account_move_line.py,AccountMoveLine,account.move.line,account_move_line,2,3,_compute_partner_id|_check_payable_receivable|_compute_totals
02 OTHER.zip,hr_expense,02 OTHER/hr_expense/models/hr_department.py,HrDepartment,hr.department,hr_department,0,1,_compute_expenses_to_approve_count
02 OTHER.zip,hr_expense,02 OTHER/hr_expense/models/product_template.py,ProductTemplate,product.template,product_template,3,2,_compute_can_be_expensed|_compute_purchase_ok
02 OTHER.zip,hr_expense,02 OTHER/hr_expense/models/product_product.py,ProductProduct,product.product,product_product,1,2,_compute_standard_price_update_warning|write
02 OTHER.zip,hr_expense,02 OTHER/hr_expense/models/account_payment.py,AccountPayment,account.payment,account_payment,0,4,_compute_outstanding_account_id|_compute_show_require_partner_bank|write|action_open_expense
02 OTHER.zip,hr_expense,02 OTHER/hr_expense/models/hr_employee.py,HrEmployee,hr.employee,hr_employee,1,1,_compute_expense_manager
02 OTHER.zip,hr_expense,02 OTHER/hr_expense/models/res_config_settings.py,ResConfigSettings,res.config.settings,res_config_settings,3,3,_compute_hr_expense_alias_prefix|_compute_hr_expense_alias_domain_id|_inverse_hr_expense_alias_domain_id
02 OTHER.zip,hr_expense,02 OTHER/hr_expense/models/analytic.py,AccountAnalyticApplicability,account.analytic.applicability,account_analytic_applicability,1,1,_compute_display_account_prefix
02 OTHER.zip,website_sms,02 OTHER/website_sms/models/website_visitor.py,WebsiteVisitor,website.visitor,website_visitor,0,2,_check_for_sms_composer|action_send_sms
02 OTHER.zip,l10n_mx_xml_polizas,02 OTHER/l10n_mx_xml_polizas/wizard/xml_polizas_wizard.py,L10n_Mx_Xml_PolizasXml_Polizas_Wizard,l10n_mx_xml_polizas.xml_polizas_wizard,l10n_mx_xml_polizas_xml_polizas_wizard,6,6,_compute_filter_all_entries|_compute_filter_partial_journals|_compute_filter_partial_month|_onchange_export_type|_check_order_number|_check_process_number
02 OTHER.zip,website_mail,02 OTHER/website_mail/models/update.py,Publisher_WarrantyContract,publisher_warranty.contract,publisher_warranty_contract,1,0,
02 OTHER.zip,website_crm_livechat,02 OTHER/website_crm_livechat/models/crm_lead.py,CrmLead,crm.lead,crm_lead,1,2,_compute_visitor_sessions_count|action_redirect_to_livechat_sessions
02 OTHER.zip,sale_subscription,02 OTHER/sale_subscription/wizard/sale_make_invoice_advance.py,SaleAdvancePaymentInv,sale.advance.payment.inv,sale_advance_payment_inv,1,1,_compute_postpaid_warning_message
02 OTHER.zip,sale_subscription,02 OTHER/sale_subscription/wizard/sale_subscription_close_reason_wizard.py,SaleSubscriptionCloseReasonWizard,sale.subscription.close.reason.wizard,sale_subscription_close_reason_wizard,1,0,
02 OTHER.zip,sale_subscription,02 OTHER/sale_subscription/wizard/sale_subscription_change_customer_wizard.py,SaleSubscriptionChangeCustomerWizard,sale.subscription.change.customer.wizard,sale_subscription_change_customer_wizard,1,1,_onchange_partner_id
02 OTHER.zip,sale_subscription,02 OTHER/sale_subscription/wizard/payment_link_wizard.py,PaymentLinkWizard,payment.link.wizard,payment_link_wizard,1,1,_compute_warning_message
02 OTHER.zip,sale_subscription,02 OTHER/sale_subscription/models/payment_provider.py,PaymentProvider,payment.provider,payment_provider,2,0,
02 OTHER.zip,sale_subscription,02 OTHER/sale_subscription/models/account_move.py,AccountMove,account.move,account_move,0,1,write
02 OTHER.zip,sale_subscription,02 OTHER/sale_subscription/models/payment_transaction.py,PaymentTransaction,payment.transaction,payment_transaction,1,1,_compute_renewal_state
02 OTHER.zip,sale_subscription,02 OTHER/sale_subscription/models/sale_order_template.py,SaleOrderTemplate,sale.order.template,sale_order_template,2,1,_compute_is_subscription
02 OTHER.zip,sale_subscription,02 OTHER/sale_subscription/models/sale_order_close_reason.py,SaleOrderCloseReason,sale.order.close.reason,sale_order_close_reason,1,2,_compute_empty_retention_message|write
02 OTHER.zip,sale_subscription,02 OTHER/sale_subscription/models/sale_order.py,SaleOrder,sale.order,sale_order,31,41,_compute_is_subscription|_compute_subscription_state|_compute_sale_order_template_id|_compute_type_name|_compute_percentage_satisfaction|_compute_starred|_inverse_starred|_compute_recurring_monthly|_compute_recurring_total|_compute_non_recurring_total|_compute_recurring_details|_compute_access_url
02 OTHER.zip,sale_subscription,02 OTHER/sale_subscription/models/account_move_line.py,AccountMoveLine,account.move.line,account_move_line,2,2,_compute_mrr|_compute_name
02 OTHER.zip,sale_subscription,02 OTHER/sale_subscription/models/sale_order_line.py,SaleOrderLine,sale.order.line,sale_order_line,10,11,_check_line_unlink|_compute_invoice_status|_compute_discount|_compute_pricelist_item_id|_compute_price_unit|_compute_qty_to_invoice|_compute_amount_to_invoice|_compute_last_invoiced_date|_compute_qty_invoiced|_compute_recurring_monthly|_compute_parent_line_id
02 OTHER.zip,sale_subscription,02 OTHER/sale_subscription/models/product_template.py,ProductTemplate,product.template,product_template,7,6,write|_onchange_recurring_invoice|_compute_allow_prorated_price|_compute_display_subscription_pricing|_check_subscription_combo_ids|copy
02 OTHER.zip,sale_subscription,02 OTHER/sale_subscription/models/product_product.py,ProductProduct,product.product,product_product,1,1,_compute_subscription_rule_ids
02 OTHER.zip,sale_subscription,02 OTHER/sale_subscription/models/sale_subscription_plan.py,SaleSubscriptionPlan,sale.subscription.plan,sale_subscription_plan,5,8,write|_compute_active_subs_count|_compute_active_subscription_line_count|action_open_active_sub|action_open_active_subscription_lines|_compute_billing_period_display|_compute_billing_period_display_sentence|_compute_auto_close_limit_display
02 OTHER.zip,sale_subscription,02 OTHER/sale_subscription/models/sale_order_log.py,SaleOrderLog,sale.order.log,sale_order_log,11,2,_compute_origin_order_id|_compute_display_name
02 OTHER.zip,sale_subscription,02 OTHER/sale_subscription/models/product_pricelist_item.py,ProductPricelistItem,product.pricelist.item,product_pricelist_item,3,4,_compute_company_id|_compute_is_pricelist_required|_compute_price_label|_compute_base_price
02 OTHER.zip,sale_subscription,02 OTHER/sale_subscription/models/res_partner.py,ResPartner,res.partner,res_partner,0,2,write|_compute_application_statistics_hook
02 OTHER.zip,sale_subscription,02 OTHER/sale_subscription/report/sale_order_log_report.py,SaleOrderLogReport,sale.order.log.report,sale_order_log_report,0,1,action_open_sale_order
02 OTHER.zip,sale_subscription,02 OTHER/sale_subscription/report/sale_subscription_report.py,SaleSubscriptionReport,sale.subscription.report,sale_subscription_report,0,1,action_open_subscription_order
02 OTHER.zip,sale_subscription,02 OTHER/sale_subscription/controllers/portal.py,CustomerPortal,,,12,0,
02 OTHER.zip,l10n_ch_hr_payroll,02 OTHER/l10n_ch_hr_payroll/wizard/l10n_ch_tax_rate_import.py,L10nChTaxRateImportWizard,l10n.ch.tax.rate.import.wizard,l10n_ch_tax_rate_import_wizard,1,2,action_import_file|action_import_from_website
02 OTHER.zip,l10n_ch_hr_payroll,02 OTHER/l10n_ch_hr_payroll/wizard/l10n_ch_hr_payroll_employee_lang.py,L10n_ChHrPayrollEmployeeLangWizard,l10n_ch.hr.payroll.employee.lang.wizard,l10n_ch_hr_payroll_employee_lang_wizard,0,1,action_validate
02 OTHER.zip,l10n_ch_hr_payroll,02 OTHER/l10n_ch_hr_payroll/wizard/l10n_ch_hr_payroll_employee_lang.py,L10n_ChHrPayrollEmployeeLangWizardLine,l10n_ch.hr.payroll.employee.lang.wizard.line,l10n_ch_hr_payroll_employee_lang_wizard_line,1,0,
02 OTHER.zip,l10n_ch_hr_payroll,02 OTHER/l10n_ch_hr_payroll/models/l10n_ch_individual_account.py,L10nChIndividualAccount,l10n.ch.individual.account,l10n_ch_individual_account,1,2,_compute_name|action_generate_declarations
02 OTHER.zip,l10n_ch_hr_payroll,02 OTHER/l10n_ch_hr_payroll/models/l10n_ch_swissdec_declaration_result.py,L10nCHSwissdecJobResult,l10n.ch.swissdec.job.result,l10n_ch_swissdec_job_result,4,13,_compute_display_name|_compute_has_proof_of_insurance|_compute_has_lpp_contributions|_compute_has_st_corrections|action_open_swissdec_job_result|action_open_status_notification|action_open_completion_url|action_open_dialog_message_ids|action_get_dialog_and_open_result|action_get_result_from_declare_salary|action_get_dialog|_compute_proof_of_insurance_count
02 OTHER.zip,l10n_ch_hr_payroll,02 OTHER/l10n_ch_hr_payroll/models/l10n_ch_laac.py,L10nChAdditionalAccidentInsuranceLine,l10n.ch.additional.accident.insurance.line,l10n_ch_additional_accident_insurance_line,1,1,_compute_solution_code
02 OTHER.zip,l10n_ch_hr_payroll,02 OTHER/l10n_ch_hr_payroll/models/l10n_ch_declaration_ema.py,L10nChEMADeclaration,l10n.ch.ema.declaration,l10n_ch_ema_declaration,0,1,action_prepare_data
02 OTHER.zip,l10n_ch_hr_payroll,02 OTHER/l10n_ch_hr_payroll/models/l10n_ch_swissdec_declaration.py,L10nCHSwissdecDeclaration,l10n.ch.swissdec.declaration,l10n_ch_swissdec_declaration,1,0,
02 OTHER.zip,l10n_ch_hr_payroll,02 OTHER/l10n_ch_hr_payroll/models/hr_version.py,HrVersion,hr.version,hr_version,23,26,_check_swiss_address|_check_l10n_ch_foreign_tax_id|_onchange_private_country_id|_onchange_l10n_ch_has_monthly|_onchange_l10n_ch_has_hourly|_onchange_l10n_ch_has_lesson|write|_compute_l10n_ch_lpp_withdrawal_valid_as_of|_compute_l10n_ch_lpp_entry_valid_as_of|_compute_l10n_ch_other_employers_occupation_rate|_compute_l10n_ch_weekly_hours|_compute_l10n_ch_current_occupation_rate
02 OTHER.zip,l10n_ch_hr_payroll,02 OTHER/l10n_ch_hr_payroll/models/hr_leave.py,HrLeave,hr.leave,hr_leave,3,3,_check_work_interruption|_check_payslip_generated|_compute_l10n_ch_swissdec_work_interruption
02 OTHER.zip,l10n_ch_hr_payroll,02 OTHER/l10n_ch_hr_payroll/models/l10n_ch_lpp.py,L10nChLppInsurance,l10n.ch.lpp.insurance,l10n_ch_lpp_insurance,1,1,_check_uid_bfs
02 OTHER.zip,l10n_ch_hr_payroll,02 OTHER/l10n_ch_hr_payroll/models/l10n_ch_lpp.py,l10nChLppInsuranceSolution,l10n.ch.lpp.insurance.line,l10n_ch_lpp_insurance_line,1,1,_check_code
02 OTHER.zip,l10n_ch_hr_payroll,02 OTHER/l10n_ch_hr_payroll/models/l10n_ch_declaration_bvg_lpp.py,L10nCHLPPReport,l10n.ch.lpp.basis.report,l10n_ch_lpp_basis_report,1,2,action_prepare_data|_compute_l10n_ch_declare_salary_data
02 OTHER.zip,l10n_ch_hr_payroll,02 OTHER/l10n_ch_hr_payroll/models/hr_payslip_run.py,HrPayslipRun,hr.payslip.run,hr_payslip_run,0,1,action_payment_report
02 OTHER.zip,l10n_ch_hr_payroll,02 OTHER/l10n_ch_hr_payroll/models/hr_payslip.py,HrPayslip,hr.payslip,hr_payslip,25,30,create|_compute_date_to|_compute_l10n_ch_social_insurance_id|_compute_l10n_ch_lpp_insurance_id|_compute_l10n_ch_accident_insurance_line_id|_compute_l10n_ch_additional_accident_insurance_line_ids|_compute_l10n_ch_sickness_insurance_line_ids|_compute_l10n_ch_compensation_fund_id|_compute_l10n_ch_pay_13th_month|_compute_l10n_ch_avs_status|_compute_l10n_ch_is_model|_compute_l10n_ch_lpp_not_insured
02 OTHER.zip,l10n_ch_hr_payroll,02 OTHER/l10n_ch_hr_payroll/models/l10n_ch_transmission_mixin.py,L10nCHSwissdecTransmitter,l10n.ch.swissdec.transmitter,l10n_ch_swissdec_transmitter,3,5,_compute_actionable_warnings|action_prepare_data|_compute_l10n_ch_swissdec_declaration_ids_size|action_declare_salary|action_open_swissec_declarations
02 OTHER.zip,l10n_ch_hr_payroll,02 OTHER/l10n_ch_hr_payroll/models/hr_employee_is_line.py,HrEmployeeIsLine,hr.employee.is.line,hr_employee_is_line,1,4,_compute_display_name|action_pending|action_draft|action_done
02 OTHER.zip,l10n_ch_hr_payroll,02 OTHER/l10n_ch_hr_payroll/models/hr_employee_is_line.py,L10nCHIsCorrectionLine,hr.employee.is.line.correction,hr_employee_is_line_correction,2,2,_compute_default_is_values|_compute_l10n_ch_tax_code
02 OTHER.zip,l10n_ch_hr_payroll,02 OTHER/l10n_ch_hr_payroll/models/l10n_ch_ijm.py,L10nChSicknessInsurance,l10n.ch.sickness.insurance,l10n_ch_sickness_insurance,1,1,_compute_insurance_code
02 OTHER.zip,l10n_ch_hr_payroll,02 OTHER/l10n_ch_hr_payroll/models/l10n_ch_ijm.py,L10nChSicknessInsuranceLine,l10n.ch.sickness.insurance.line,l10n_ch_sickness_insurance_line,1,1,_compute_solution_code
02 OTHER.zip,l10n_ch_hr_payroll,02 OTHER/l10n_ch_hr_payroll/models/l10n_ch_monthly_summary.py,L10nChMonthlySummary,l10n.ch.monthly.summary,l10n_ch_monthly_summary,3,4,_compute_display_name|_compute_dates|action_generate_pdf|action_generate_xls
02 OTHER.zip,l10n_ch_hr_payroll,02 OTHER/l10n_ch_hr_payroll/models/hr_rule_parameter.py,HrRuleParameter,hr.rule.parameter,hr_rule_parameter,1,0,
02 OTHER.zip,l10n_ch_hr_payroll,02 OTHER/l10n_ch_hr_payroll/models/l10n_ch_declaration_salary_certificate.py,L10nChSalaryCertificate,l10n.ch.salary.certificate,l10n_ch_salary_certificate,0,3,action_prepare_data|_compute_wage_statement_count|action_open_wage_statements
02 OTHER.zip,l10n_ch_hr_payroll,02 OTHER/l10n_ch_hr_payroll/models/l10n_ch_insurance_report.py,L10nCHInsuranceReport,ch.yearly.report,ch_yearly_report,0,4,_compute_actionable_warnings|action_prepare_data|_compute_wage_statement_count|action_open_wage_statements
02 OTHER.zip,l10n_ch_hr_payroll,02 OTHER/l10n_ch_hr_payroll/models/l10n_ch_location_unit.py,L10nChLocationUnit,l10n.ch.location.unit,l10n_ch_location_unit,2,2,_check_bur_ree_number|_compute_autocomplete_canton_municipality
02 OTHER.zip,l10n_ch_hr_payroll,02 OTHER/l10n_ch_hr_payroll/models/l10n_ch_worked_days.py,HrPayslipSwissWage,l10n.ch.swiss.wage.component,l10n_ch_swiss_wage_component,1,1,_compute_amount
02 OTHER.zip,l10n_ch_hr_payroll,02 OTHER/l10n_ch_hr_payroll/models/res_company.py,ResCompany,res.company,res_company,3,2,_check_l10n_ch_swissdec_delegate_ch_uid|_check_l10n_ch_uid
02 OTHER.zip,l10n_ch_hr_payroll,02 OTHER/l10n_ch_hr_payroll/models/hr_employee.py,HrEmployee,hr.employee,hr_employee,10,11,_check_birthday|_onchange_private_country_id|_onchange_l10n_ch_has_monthly|_onchange_l10n_ch_has_hourly|_onchange_l10n_ch_has_lesson|write|_compute_l10n_ch_legal_name|_compute_legal_name|action_absence_swiss_employee|action_view_wages|_check_l10n_ch_sv_as_number
02 OTHER.zip,l10n_ch_hr_payroll,02 OTHER/l10n_ch_hr_payroll/models/l10n_ch_laa.py,L10nChAccidentInsurance,l10n.ch.accident.insurance,l10n_ch_accident_insurance,2,1,_check_uid_bfs_number
02 OTHER.zip,l10n_ch_hr_payroll,02 OTHER/l10n_ch_hr_payroll/models/l10n_ch_laa.py,l10nChAccidentInsuranceGroup,l10n.ch.accident.group,l10n_ch_accident_group,1,0,
02 OTHER.zip,l10n_ch_hr_payroll,02 OTHER/l10n_ch_hr_payroll/models/l10n_ch_laa.py,L10nChAccidentInsuranceLine,l10n.ch.accident.insurance.line,l10n_ch_accident_insurance_line,1,1,_compute_solution_code
02 OTHER.zip,l10n_ch_hr_payroll,02 OTHER/l10n_ch_hr_payroll/models/l10n_ch_swissdec_declaration_dialog.py,L10nChDialogMessage,l10n.ch.dialog.message,l10n_ch_dialog_message,0,3,action_reply_dialog|action_poll|action_open_dialog
02 OTHER.zip,l10n_ch_hr_payroll,02 OTHER/l10n_ch_hr_payroll/models/l10n_avs.py,L10nChSocialInsurance,l10n.ch.social.insurance,l10n_ch_social_insurance,6,1,_check_insurance_code
02 OTHER.zip,l10n_ch_hr_payroll,02 OTHER/l10n_ch_hr_payroll/models/l10n_ch_hr_contract_wage.py,L10nChHrContractWage,l10n.ch.hr.contract.wage,l10n_ch_hr_contract_wage,3,3,_compute_display_name|_compute_type|_compute_uom
02 OTHER.zip,l10n_ch_hr_payroll,02 OTHER/l10n_ch_hr_payroll/models/l10n_ch_master_data_report.py,L10nChMasterDataReport,l10n.ch.master.data.report,l10n_ch_master_data_report,0,1,action_generate_pdf
02 OTHER.zip,l10n_ch_hr_payroll,02 OTHER/l10n_ch_hr_payroll/models/l10n_ch_employee_monthly_values.py,L10nCHEmployeeMonthlySnapshot,l10n.ch.employee.monthly.values,l10n_ch_employee_monthly_values,7,7,_compute_employee_meta_data|_compute_person|_compute_bvg_lpp_annual_basis|_compute_additional_particular|_compute_monthly_statistics|_compute_mutations|_compute_validation_errors
02 OTHER.zip,l10n_ch_hr_payroll,02 OTHER/l10n_ch_hr_payroll/models/l10n_ch_salary_certificate_profile.py,L10nChsalaryCertificateProfile,l10n.ch.salary.certificate.profile,l10n_ch_salary_certificate_profile,2,3,_check_valid_from|_compute_certificate_values|action_update_all_certificates
02 OTHER.zip,l10n_ch_hr_payroll,02 OTHER/l10n_ch_hr_payroll/models/l10n_ch_hr_employee_children.py,L10nChHrEmployeeChildren,l10n.ch.hr.employee.children,l10n_ch_hr_employee_children,3,3,_compute_deduction_start|_check_deduction_end|_check_l10n_ch_sv_as_number
02 OTHER.zip,l10n_ch_hr_payroll,02 OTHER/l10n_ch_hr_payroll/models/l10n_ch_employee_yearly_values.py,L10nCHEmployeeYearlySnapshot,l10n.ch.employee.yearly.values,l10n_ch_employee_yearly_values,2,1,_compute_monthly_value_ids
02 OTHER.zip,l10n_ch_hr_payroll,02 OTHER/l10n_ch_hr_payroll/models/l10n_ch_avs_income_splits.py,L10nChAvsIncomeSplits,l10n.ch.avs.splits,l10n_ch_avs_splits,1,2,action_confirm|action_cancel
02 OTHER.zip,l10n_ch_hr_payroll,02 OTHER/l10n_ch_hr_payroll/models/l10n_ch_declaration_statistic.py,L10nCHInsuranceReport,l10n.ch.statistic.report,l10n_ch_statistic_report,0,1,action_prepare_data
02 OTHER.zip,l10n_ch_hr_payroll,02 OTHER/l10n_ch_hr_payroll/models/l10n_ch_declaration_source_tax.py,L10nCHInsuranceReport,l10n.ch.is.report,l10n_ch_is_report,0,1,action_prepare_data
02 OTHER.zip,sale_commission,02 OTHER/sale_commission/model/commission_plan_target.py,SaleCommissionPlanTarget,sale.commission.plan.target,sale_commission_plan_target,3,2,_compute_payment_date|_compute_payment_amount
02 OTHER.zip,sale_commission,02 OTHER/sale_commission/model/commission_plan_user.py,SaleCommissionPlanUser,sale.commission.plan.user,sale_commission_plan_user,3,3,_compute_display_name|_compute_other_plans|_compute_date_from
02 OTHER.zip,sale_commission,02 OTHER/sale_commission/model/commission_plan.py,SaleCommissionPlan,sale.commission.plan,sale_commission_plan,8,10,_compute_targets|_compute_target_commission_ids|_inverse_target_commission_ids|_compute_target_commission_graph|action_open_commission|action_approve|action_draft|action_done|action_cancel|action_export_targets
02 OTHER.zip,sale_commission,02 OTHER/sale_commission/model/commission_achievement.py,SaleCommissionAchievement,sale.commission.achievement,sale_commission_achievement,2,2,_compute_display_name|_compute_currency_rate
02 OTHER.zip,sale_commission,02 OTHER/sale_commission/model/res_users.py,ResUsers,res.users,res_users,1,2,write|_compute_filtered_commission_plan_users_ids
02 OTHER.zip,sale_commission,02 OTHER/sale_commission/model/commission_plan_target_forecast.py,SaleCommissionPlanTargetForecast,sale.commission.plan.target.forecast,sale_commission_plan_target_forecast,1,1,create
02 OTHER.zip,sale_commission,02 OTHER/sale_commission/model/commission_plan_achievement.py,SaleCommissionPlanAchievement,sale.commission.plan.achievement,sale_commission_plan_achievement,0,1,_compute_display_name
02 OTHER.zip,sale_commission,02 OTHER/sale_commission/model/commission_plan_target_commission.py,SaleCommissionPlanTargetCommission,sale.commission.plan.target.commission,sale_commission_plan_target_commission,2,2,_onchange_amount|_onchange_amount_rate
02 OTHER.zip,sale_commission,02 OTHER/sale_commission/report/achievement_report.py,SaleCommissionAchievementReport,sale.commission.achievement.report,sale_commission_achievement_report,21,0,
02 OTHER.zip,sale_commission,02 OTHER/sale_commission/report/commission_report.py,SaleCommissionReport,sale.commission.report,sale_commission_report,4,2,action_achievement_detail|write
02 OTHER.zip,documents_approvals,02 OTHER/documents_approvals/models/approval_request.py,ApprovalRequest,approval.request,approval_request,0,3,_check_create_documents|_compute_documents_count|action_get_attachment_view
02 OTHER.zip,documents_approvals,02 OTHER/documents_approvals/models/res_company.py,ResCompany,res.company,res_company,1,1,_compute_approvals_folder_id
02 OTHER.zip,hr_recruitment_integration_base,02 OTHER/hr_recruitment_integration_base/wizard/hr_recruitment_post.py,HrRecruitmentPostJobWizard,hr.recruitment.post.job.wizard,hr_recruitment_post_job_wizard,3,4,_compute_job_apply_mail|_compute_post_html|_check_fields_before_posting|action_post_job
02 OTHER.zip,hr_recruitment_integration_base,02 OTHER/hr_recruitment_integration_base/models/hr_job.py,HrJob,hr.job,hr_job,2,5,_compute_job_post_count|_onchange_salary|write|action_post_job|action_open_hr_job_post
02 OTHER.zip,hr_recruitment_integration_base,02 OTHER/hr_recruitment_integration_base/models/hr_job_post.py,HrJobPost,hr.job.post,hr_job_post,2,9,_compute_display_name|_compute_apply_vector|unlink|action_update_job_post_check|action_update_job_post|action_post_job|action_post_now|action_stop_campaign|create
02 OTHER.zip,hr_recruitment_integration_base,02 OTHER/hr_recruitment_integration_base/models/hr_applicant.py,HrApplicant,hr.applicant,hr_applicant,0,1,write
02 OTHER.zip,marketing_card,02 OTHER/marketing_card/models/card_campaign.py,CardCampaign,card.campaign,card_campaign,7,15,_compute_card_stats|_check_access_right_dynamic_template|_compute_image_preview|_compute_mailing_count|_compute_res_model|create|write|action_view_cards|action_view_cards_clicked|action_view_cards_shared|action_view_mailings|action_preview
02 OTHER.zip,marketing_card,02 OTHER/marketing_card/models/card_card.py,CardCard,card.card,card_card,2,2,_compute_display_name|_compute_res_model
02 OTHER.zip,marketing_card,02 OTHER/marketing_card/models/mailing_mailing.py,MailingMailing,mailing.mailing,mailing_mailing,3,6,_check_mailing_domain|_compute_mailing_model_id|_compute_card_requires_sync_count|action_put_in_queue|action_send_mail|action_update_cards
02 OTHER.zip,marketing_card,02 OTHER/marketing_card/wizards/mail_compose_message.py,MailComposeMessage,mail.compose.message,mail_compose_message,1,0,
02 OTHER.zip,l10n_cz_reports,02 OTHER/l10n_cz_reports/models/account_move_line.py,AccountMoveLine,account.move.line,account_move_line,3,3,_compute_transaction_code|_compute_is_reverse_charge|_compute_l10n_cz_supplies_code
02 OTHER.zip,l10n_sa_pos,02 OTHER/l10n_sa_pos/models/pos_config.py,PosConfig,pos.config,pos_config,1,0,
02 OTHER.zip,l10n_sa_pos,02 OTHER/l10n_sa_pos/models/pos_order.py,PosOrder,pos.order,pos_order,1,1,_compute_l10n_sa_reason_value
02 OTHER.zip,l10n_hk,02 OTHER/l10n_hk/models/res_bank.py,ResPartnerBank,res.partner.bank,res_partner_bank,3,4,_check_hk_proxy|_compute_country_proxy_keys|_compute_display_qr_setting|_check_for_qr_code_errors
02 OTHER.zip,l10n_mx_edi,02 OTHER/l10n_mx_edi/wizard/l10n_mx_edi_invoice_cancel.py,L10n_Mx_EdiInvoiceCancel,l10n_mx_edi.invoice.cancel,l10n_mx_edi_invoice_cancel,4,6,_compute_mode|_compute_available_cancellation_reasons|_compute_cancellation_reason|_compute_need_replacement_invoice_button|action_create_replacement_invoice|action_cancel_invoice
02 OTHER.zip,l10n_mx_edi,02 OTHER/l10n_mx_edi/wizard/l10n_mx_edi_global_invoice_create.py,L10n_Mx_EdiGlobal_InvoiceCreate,l10n_mx_edi.global_invoice.create,l10n_mx_edi_global_invoice_create,1,1,action_create_global_invoice
02 OTHER.zip,l10n_mx_edi,02 OTHER/l10n_mx_edi/models/account_move.py,AccountMove,account.move,account_move,22,22,_compute_need_cancel_request|_compute_amount_total_words|_compute_l10n_mx_edi_is_cfdi_needed|_compute_l10n_mx_edi_document_ids|_compute_l10n_mx_edi_cfdi_state_and_attachment|_compute_l10n_mx_edi_update_payments_needed|_compute_l10n_mx_edi_force_pue_payment_needed|_compute_l10n_mx_edi_update_sat_needed|_compute_l10n_mx_edi_cfdi_uuid|_compute_cfdi_values|_compute_l10n_mx_edi_payment_policy|_compute_l10n_mx_edi_cfdi_to_public
02 OTHER.zip,l10n_mx_edi,02 OTHER/l10n_mx_edi/models/account_move_send.py,AccountMoveSend,account.move.send,account_move_send,2,1,_check_move_constraints
02 OTHER.zip,l10n_mx_edi,02 OTHER/l10n_mx_edi/models/account_move_line.py,AccountMoveLine,account.move.line,account_move_line,1,1,_compute_l10n_mx_edi_tax_object
02 OTHER.zip,l10n_mx_edi,02 OTHER/l10n_mx_edi/models/l10n_mx_edi_addenda.py,L10n_Mx_EdiAddenda,l10n_mx_edi.addenda,l10n_mx_edi_addenda,6,0,
02 OTHER.zip,l10n_mx_edi,02 OTHER/l10n_mx_edi/models/res_company.py,ResCompany,res.company,res_company,2,3,_compute_l10n_mx_edi_global_invoice_sequence_id|_compute_l10n_mx_edi_global_invoice_sequence_prefix|_inverse_l10n_mx_edi_global_invoice_sequence_prefix
02 OTHER.zip,l10n_mx_edi,02 OTHER/l10n_mx_edi/models/account_payment_register.py,AccountPaymentRegister,account.payment.register,account_payment_register,1,1,_compute_l10n_mx_edi_payment_method_id
02 OTHER.zip,l10n_mx_edi,02 OTHER/l10n_mx_edi/models/product.py,ProductTemplate,product.template,product_template,1,1,_check_l10n_mx_edi_predial_account
02 OTHER.zip,l10n_mx_edi,02 OTHER/l10n_mx_edi/models/res_partner.py,ResPartner,res.partner,res_partner,3,2,_compute_l10n_mx_edi_fiscal_regime|_compute_l10n_mx_edi_partner_address_complete
02 OTHER.zip,l10n_mx_edi,02 OTHER/l10n_mx_edi/models/l10n_mx_edi_document.py,L10n_Mx_EdiDocument,l10n_mx_edi.document,l10n_mx_edi_document,55,18,_compute_from_attachment|_compute_cancel_button_needed|_compute_retry_button_needed|_compute_print_button_needed|_compute_show_button_needed|action_show_document|action_download_file|action_download_payment_receipt|action_force_payment_cfdi|action_cancel|_action_retry_invoice_try_send|_action_retry_invoice_try_cancel
02 OTHER.zip,l10n_ke_edi_oscu_mrp,02 OTHER/l10n_ke_edi_oscu_mrp/models/mrp_bom.py,MrpBom,mrp.bom,mrp_bom,4,3,_compute_fiscal_country_codes|_compute_l10n_ke_validation_message|action_l10n_ke_send_bom
02 OTHER.zip,l10n_my_edi,02 OTHER/l10n_my_edi/wizard/myinvois_consolidate_invoice_wizard.py,MyInvoisConsolidateInvoiceWizard,myinvois.consolidate.invoice.wizard,myinvois_consolidate_invoice_wizard,0,1,button_consolidate
02 OTHER.zip,l10n_my_edi,02 OTHER/l10n_my_edi/wizard/myinvois_document_status_update_wizard.py,MyInvoisStatusUpdateWizard,myinvois.document.status.update.wizard,myinvois_document_status_update_wizard,0,1,button_request_update
02 OTHER.zip,l10n_my_edi,02 OTHER/l10n_my_edi/models/account_tax.py,AccountTax,account.tax,account_tax,1,1,_compute_l10n_my_tax_type
02 OTHER.zip,l10n_my_edi,02 OTHER/l10n_my_edi/models/account_move.py,AccountMove,account.move,account_move,6,11,_compute_l10n_my_edi_state|_compute_need_cancel_request|_compute_show_reset_to_draft_button|_compute_highlight_send_button|_compute_l10n_my_edi_display_tax_exemption_reason|_compute_l10n_my_invoice_need_edi|button_request_cancel|action_l10n_my_edi_update_status|action_invoice_sent|action_l10n_my_edi_send_invoice|action_show_myinvois_documents
02 OTHER.zip,l10n_my_edi,02 OTHER/l10n_my_edi/models/account_move_send.py,AccountMoveSend,account.move.send,account_move_send,1,0,
02 OTHER.zip,l10n_my_edi,02 OTHER/l10n_my_edi/models/account_edi_xml_ubl_my.py,AccountEdiXmlUBLMyInvoisMY,account.edi.xml.ubl_myinvois_my,account_edi_xml_ubl_myinvois_my,5,0,
02 OTHER.zip,l10n_my_edi,02 OTHER/l10n_my_edi/models/account_move_line.py,AccountMoveLine,account.move.line,account_move_line,1,1,_compute_l10n_my_edi_classification_code
02 OTHER.zip,l10n_my_edi,02 OTHER/l10n_my_edi/models/myinvois_document.py,MyInvoisDocument,myinvois.document,myinvois_document,4,9,_compute_name|_compute_linked_attachment_id|_compute_display_name|action_submit_to_myinvois|action_update_submission_status|action_generate_xml_file|action_cancel_submission|action_show_myinvois_documents|_action_myinvois_update_document
02 OTHER.zip,l10n_my_edi,02 OTHER/l10n_my_edi/models/res_company.py,ResCompany,res.company,res_company,2,2,_compute_l10n_my_edi_proxy_user_id|_compute_l10n_my_identification_number_placeholder
02 OTHER.zip,l10n_my_edi,02 OTHER/l10n_my_edi/models/res_config_settings.py,ResConfigSettings,res.config.settings,res_config_settings,1,4,_onchange_l10n_my_edi_mode|action_l10n_my_edi_allow_processing|action_l10n_my_edi_unregister|action_open_company_form
02 OTHER.zip,l10n_my_edi,02 OTHER/l10n_my_edi/models/res_partner.py,ResPartner,res.partner,res_partner,4,5,_compute_l10n_my_tin_validation_state|_compute_l10n_my_edi_display_tin_warning|_compute_l10n_my_identification_number_placeholder|_compute_l10n_my_edi_industrial_classification|action_validate_tin
02 OTHER.zip,l10n_my_edi,02 OTHER/l10n_my_edi/models/l10n_my_edi_industry_classification.py,L10nMyEdiIndustryClassification,l10n_my_edi.industry_classification,l10n_my_edi_industry_classification,1,1,_compute_display_name
02 OTHER.zip,appointment_hr_recruitment,02 OTHER/appointment_hr_recruitment/models/appointment_invite.py,AppointmentInvite,appointment.invite,appointment_invite,1,1,_compute_book_url_params
02 OTHER.zip,appointment_hr_recruitment,02 OTHER/appointment_hr_recruitment/models/hr_applicant.py,Applicant,hr.applicant,hr_applicant,0,2,_compute_interview_invite_code|action_create_meeting
02 OTHER.zip,sign_itsme,02 OTHER/sign_itsme/wizard/sign_send_request.py,SignSendRequest,sign.send.request,sign_send_request,1,1,_compute_display_download_button
02 OTHER.zip,website_helpdesk_slides,02 OTHER/website_helpdesk_slides/models/helpdesk.py,HelpdeskTeam,helpdesk.team,helpdesk_team,2,2,_compute_show_knowledge_base_slide_channel|_compute_website_top_channels
02 OTHER.zip,website_helpdesk_slides,02 OTHER/website_helpdesk_slides/models/slide_slide.py,SlideSlide,slide.slide,slide_slide,1,0,
02 OTHER.zip,website_helpdesk_slides,02 OTHER/website_helpdesk_slides/models/slide_channel.py,SlideChannel,slide.channel,slide_channel,2,2,_compute_helpdesk_team_count|action_view_helpdesk_teams
02 OTHER.zip,mrp_subcontracting_purchase,02 OTHER/mrp_subcontracting_purchase/models/purchase_order.py,PurchaseOrder,purchase.order,purchase_order,1,2,_compute_subcontracting_resupply_picking_count|action_view_subcontracting_resupply
02 OTHER.zip,mrp_subcontracting_purchase,02 OTHER/mrp_subcontracting_purchase/models/product_product.py,ProductProduct,product.product,product_product,1,0,
02 OTHER.zip,mrp_subcontracting_purchase,02 OTHER/mrp_subcontracting_purchase/models/stock_picking.py,StockPicking,stock.picking,stock_picking,1,2,_compute_subcontracting_source_purchase_count|action_view_subcontracting_source_purchase
02 OTHER.zip,mrp_subcontracting_purchase,02 OTHER/mrp_subcontracting_purchase/report/mrp_report_bom_structure.py,ReportMrpReport_Bom_Structure,report.mrp.report_bom_structure,report_mrp_report_bom_structure,2,0,
02 OTHER.zip,web_unsplash,02 OTHER/web_unsplash/models/ir_qweb_fields.py,IrQwebFieldImage,ir.qweb.field.image,ir_qweb_field_image,1,0,
02 OTHER.zip,l10n_nl_hr_payroll,02 OTHER/l10n_nl_hr_payroll/models/hr_version.py,HrVersion,hr.version,hr_version,1,0,
02 OTHER.zip,website_helpdesk_sale_loyalty,02 OTHER/website_helpdesk_sale_loyalty/wizard/website_helpdesk_share_coupon_generate.py,HelpdeskSaleCouponGenerate,helpdesk.sale.coupon.generate,helpdesk_sale_coupon_generate,0,1,action_coupon_generate_share
02 OTHER.zip,event_sale,02 OTHER/event_sale/wizard/event_edit_registration.py,RegistrationEditor,registration.editor,registration_editor,1,1,action_make_registration
02 OTHER.zip,event_sale,02 OTHER/event_sale/wizard/event_configurator.py,EventEventConfigurator,event.event.configurator,event_event_configurator,4,3,_compute_has_available_tickets|_compute_event_slot_id|_compute_event_ticket_id
02 OTHER.zip,event_sale,02 OTHER/event_sale/models/sale_order.py,SaleOrder,sale.order,sale_order,0,4,write|action_confirm|action_view_attendee_list|_compute_attendee_count
02 OTHER.zip,event_sale,02 OTHER/event_sale/models/event_registration.py,EventRegistration,event.registration,event_registration,5,8,_compute_registration_status|_compute_utm_campaign_id|_compute_utm_source_id|_compute_utm_medium_id|action_view_sale_order|create|write|_compute_field_value
02 OTHER.zip,event_sale,02 OTHER/event_sale/models/sale_order_line.py,SaleOrderLine,sale.order.line,sale_order_line,6,6,_check_event_registration_ticket|_compute_product_uom_readonly|_compute_event_id|_compute_event_related|_compute_price_unit|_compute_name
02 OTHER.zip,event_sale,02 OTHER/event_sale/models/product_template.py,ProductTemplate,product.template,product_template,1,1,_onchange_type_event
02 OTHER.zip,event_sale,02 OTHER/event_sale/models/event_event.py,EventEvent,event.event,event_event,1,2,_compute_sale_price_total|action_view_linked_orders
02 OTHER.zip,sale_project,02 OTHER/sale_project/wizard/project_template_create_wizard.py,ProjectTemplateCreateWizard,project.template.create.wizard,project_template_create_wizard,2,3,_compute_role_to_users_ids|action_open_template_view|action_create_project_from_so
02 OTHER.zip,sale_project,02 OTHER/sale_project/models/sale_order.py,SaleOrder,sale.order,sale_order,6,14,_compute_milestone_count|_compute_is_product_milestone|_compute_show_project_and_task_button|_compute_tasks_ids|_compute_visible_project|_compute_project_ids|_action_confirm|action_create_project|action_view_project_ids|action_view_milestone|create|write
02 OTHER.zip,sale_project,02 OTHER/sale_project/models/project_update.py,ProjectUpdate,project.update,project_update,1,0,
02 OTHER.zip,sale_project,02 OTHER/sale_project/models/account_move_line.py,AccountMoveLine,account.move.line,account_move_line,0,1,_compute_analytic_distribution
02 OTHER.zip,sale_project,02 OTHER/sale_project/models/sale_order_line.py,SaleOrderLine,sale.order.line,sale_order_line,7,6,_compute_product_updatable|_compute_qty_delivered_method|_compute_qty_delivered|_compute_analytic_distribution|create|write
02 OTHER.zip,sale_project,02 OTHER/sale_project/models/product_template.py,ProductTemplate,product.template,product_template,8,7,_compute_service_policy|_compute_task_template|_compute_product_tooltip|_inverse_service_policy|_check_project_and_template|_onchange_service_tracking|write
02 OTHER.zip,sale_project,02 OTHER/sale_project/models/product_product.py,ProductProduct,product.product,product_product,1,3,_onchange_service_tracking|_inverse_service_policy|write
02 OTHER.zip,sale_project,02 OTHER/sale_project/models/project_task_recurrence.py,ProjectTaskRecurrence,project.task.recurrence,project_task_recurrence,1,0,
02 OTHER.zip,sale_project,02 OTHER/sale_project/models/project_task_type.py,ProjectTaskType,project.task.type,project_task_type,2,2,_compute_show_rating_active|_onchange_project_ids
02 OTHER.zip,sale_project,02 OTHER/sale_project/models/project_task.py,ProjectTask,project.task,project_task,11,12,_compute_sale_order_id|_compute_partner_id|_inverse_partner_id|_compute_sale_line|_compute_display_sale_order_button|_check_sale_line_type|create|write|action_view_so|action_project_sharing_view_so|_compute_task_to_invoice|_onchange_partner_id
02 OTHER.zip,sale_project,02 OTHER/sale_project/models/project_project.py,ProjectProject,project.project,project_project,11,20,_compute_partner_id|_compute_sale_line_id|_compute_has_any_so_to_invoice|_compute_sale_order_count|_compute_invoice_count|_compute_display_sales_stat_buttons|action_customer_preview|_onchange_reinvoiced_sale_order_id|_onchange_sale_line_id|create|write|action_view_sols
02 OTHER.zip,sale_project,02 OTHER/sale_project/models/project_milestone.py,ProjectMilestone,project.milestone,project_milestone,3,3,_compute_quantity_percentage|_compute_product_uom_qty|action_view_sale_order
02 OTHER.zip,l10n_in_pos,02 OTHER/l10n_in_pos/models/account_tax.py,AccountTax,account.tax,account_tax,1,0,
02 OTHER.zip,l10n_in_pos,02 OTHER/l10n_in_pos/models/account_move.py,AccountMove,account.move,account_move,1,1,_compute_l10n_in_state_id
02 OTHER.zip,l10n_in_pos,02 OTHER/l10n_in_pos/models/product_template.py,ProductTemplate,product.template,product_template,1,0,
02 OTHER.zip,l10n_in_pos,02 OTHER/l10n_in_pos/models/pos_bill.py,PosBill,pos.bill,pos_bill,1,0,
02 OTHER.zip,l10n_in_pos,02 OTHER/l10n_in_pos/models/pos_order_line.py,PosOrderLine,pos.order.line,pos_order_line,2,1,_compute_l10n_in_hsn_code
02 OTHER.zip,l10n_in_pos,02 OTHER/l10n_in_pos/models/res_company.py,ResCompany,res.company,res_company,1,0,
02 OTHER.zip,l10n_in_pos,02 OTHER/l10n_in_pos/models/product.py,ProductProduct,product.product,product_product,1,0,
02 OTHER.zip,sale_renting_planning,02 OTHER/sale_renting_planning/models/sale_order.py,SaleOrder,sale.order,sale_order,1,3,create|write|action_confirm
02 OTHER.zip,sale_renting_planning,02 OTHER/sale_renting_planning/models/sale_order_line.py,SaleOrderLine,sale.order.line,sale_order_line,0,3,_compute_planning_hours_to_plan|write|unlink
02 OTHER.zip,sale_renting_planning,02 OTHER/sale_renting_planning/models/planning_slot.py,PlanningSlot,planning.slot,planning_slot,0,3,write|action_create_order|action_add_last_order
02 OTHER.zip,sale_renting_planning,02 OTHER/sale_renting_planning/models/planning_role.py,PlanningRole,planning.role,planning_role,1,1,_compute_rental_product_count
02 OTHER.zip,l10n_pe_reports,02 OTHER/l10n_pe_reports/models/account_move.py,AccountMove,account.move,account_move,1,1,_check_l10n_pe_detraction
02 OTHER.zip,l10n_pe_reports,02 OTHER/l10n_pe_reports/models/account_ple_usage.py,L10n_PePleUsage,l10n_pe.ple.usage,l10n_pe_ple_usage,1,1,_compute_display_name
02 OTHER.zip,l10n_pe_reports,02 OTHER/l10n_pe_reports/models/account_general_ledger.py,AccountGeneralLedgerReportHandler,account.general.ledger.report.handler,account_general_ledger_report_handler,3,0,
02 OTHER.zip,l10n_pe_reports,02 OTHER/l10n_pe_reports/models/account_ple_sales_14_1.py,AccountReport,account.report,account_report,1,0,
02 OTHER.zip,l10n_pe_reports,02 OTHER/l10n_pe_reports/models/account_ple_reports.py,L10n_PeTaxPleReportHandler,l10n_pe.tax.ple.report.handler,l10n_pe_tax_ple_report_handler,1,0,
02 OTHER.zip,l10n_ma,02 OTHER/l10n_ma/models/base_document_layout.py,BaseDocumentLayout,base.document.layout,base_document_layout,1,0,
02 OTHER.zip,l10n_ma,02 OTHER/l10n_ma/models/res_partner.py,ResPartner,res.partner,res_partner,1,1,_check_company_registry_ma
02 OTHER.zip,spreadsheet_dashboard_documents,02 OTHER/spreadsheet_dashboard_documents/wizard/documents_to_dashboard.py,SpreadsheetDocumentToDashboard,spreadsheet.document.to.dashboard,spreadsheet_document_to_dashboard,1,1,_compute_name
02 OTHER.zip,spreadsheet_dashboard_documents,02 OTHER/spreadsheet_dashboard_documents/models/spreadsheet_dashboard.py,SpreadsheetDashboard,spreadsheet.dashboard,spreadsheet_dashboard,2,2,action_add_document_spreadsheet_to_dashboard|action_open_new_dashboard
02 OTHER.zip,payment_flutterwave,02 OTHER/payment_flutterwave/models/payment_provider.py,PaymentProvider,payment.provider,payment_provider,1,1,_compute_feature_support_fields
02 OTHER.zip,payment_flutterwave,02 OTHER/payment_flutterwave/models/payment_transaction.py,PaymentTransaction,payment.transaction,payment_transaction,2,1,_compute_reference
02 OTHER.zip,l10n_be,02 OTHER/l10n_be/demo/account_demo.py,AccountChartTemplate,account.chart.template,account_chart_template,1,0,
02 OTHER.zip,l10n_be,02 OTHER/l10n_be/models/res_partner.py,ResPartner,res.partner,res_partner,1,1,_compute_company_registry
02 OTHER.zip,social_push_notifications,02 OTHER/social_push_notifications/models/website_visitor_push_subscription.py,WebsiteVisitorPushSubscription,website.visitor.push.subscription,website_visitor_push_subscription,1,2,create|unlink
02 OTHER.zip,social_push_notifications,02 OTHER/social_push_notifications/models/social_post_template.py,SocialPostTemplate,social.post.template,social_post_template,6,6,_check_has_push_notification_message|_compute_has_push_notifications_account|_compute_display_push_notifications_preview|_compute_push_notifications_preview|create|write
02 OTHER.zip,social_push_notifications,02 OTHER/social_push_notifications/models/social_post.py,SocialPost,social.post,social_post,2,2,_compute_use_visitor_timezone|_action_post
02 OTHER.zip,social_push_notifications,02 OTHER/social_push_notifications/models/utm.py,UtmCampaign,utm.campaign,utm_campaign,0,4,_compute_social_post_ids|_compute_social_push_notifications_count|action_redirect_to_push_notifications|action_send_push_notification
02 OTHER.zip,social_push_notifications,02 OTHER/social_push_notifications/models/social_media.py,SocialMedia,social.media,social_media,0,1,_action_add_account
02 OTHER.zip,social_push_notifications,02 OTHER/social_push_notifications/models/website.py,Website,website,website,1,1,create
02 OTHER.zip,social_push_notifications,02 OTHER/social_push_notifications/models/website_visitor.py,WebsiteVisitor,website.visitor,website_visitor,0,1,action_send_push_notification
02 OTHER.zip,spreadsheet_edition,02 OTHER/spreadsheet_edition/models/spreadsheet_cell_thread.py,SpreadsheetCellThread,spreadsheet.cell.thread,spreadsheet_cell_thread,1,3,_compute_display_name|create|_check_access
02 OTHER.zip,spreadsheet_edition,02 OTHER/spreadsheet_edition/models/ir_websocket.py,IrWebsocket,ir.websocket,ir_websocket,0,1,_check_spreadsheet_channel
02 OTHER.zip,spreadsheet_edition,02 OTHER/spreadsheet_edition/models/spreadsheet_revision.py,SpreadsheetRevision,spreadsheet.revision,spreadsheet_revision,1,1,_compute_display_name
02 OTHER.zip,spreadsheet_edition,02 OTHER/spreadsheet_edition/models/spreadsheet_mixin.py,SpreadsheetMixin,spreadsheet.mixin,spreadsheet_mixin,9,11,_compute_current_revision_uuid|write|copy|create|_check_collaborative_spreadsheet_access|_check_spreadsheet_share|unlink|action_open_spreadsheet|action_open_new_spreadsheet|_inverse_display_thumbnail|_compute_display_thumbnail
02 OTHER.zip,knowledge,02 OTHER/knowledge/wizard/knowledge_invite.py,KnowledgeInvite,knowledge.invite,knowledge_invite,1,2,action_invite_members|_compute_have_share_partners
02 OTHER.zip,knowledge,02 OTHER/knowledge/models/knowledge_cover.py,KnowledgeCover,knowledge.cover,knowledge_cover,2,2,_compute_attachment_url|create
02 OTHER.zip,knowledge,02 OTHER/knowledge/models/knowledge_article_thread.py,KnowledgeArticleThread,knowledge.article.thread,knowledge_article_thread,2,3,_compute_display_name|create|write
02 OTHER.zip,knowledge,02 OTHER/knowledge/models/knowledge_article_member.py,KnowledgeArticleMember,knowledge.article.member,knowledge_article_member,1,2,_check_is_writable|write
02 OTHER.zip,knowledge,02 OTHER/knowledge/models/knowledge_article.py,KnowledgeArticle,knowledge.article,knowledge_article,44,38,_check_is_writable|_check_parent_id_recursion|_check_template_hierarchy|_compute_article_url|_compute_has_article_children|_compute_root_article_id|_compute_stage_id|_compute_template_category_id|_inverse_template_category_id|_compute_template_preview|_compute_inherited_permission|_compute_user_permission
02 OTHER.zip,knowledge,02 OTHER/knowledge/models/res_users.py,ResUsers,res.users,res_users,1,1,create
02 OTHER.zip,knowledge,02 OTHER/knowledge/models/res_partner.py,ResPartner,res.partner,res_partner,0,1,unlink
02 OTHER.zip,knowledge,02 OTHER/knowledge/models/knowledge_article_favorite.py,KnowledgeArticleFavorite,knowledge.article.favorite,knowledge_article_favorite,1,2,create|write
02 OTHER.zip,website_sale_wishlist,02 OTHER/website_sale_wishlist/models/product_wishlist.py,ProductWishlist,product.wishlist,product_wishlist,3,1,_check_wishlist_from_session
02 OTHER.zip,website_sale_wishlist,02 OTHER/website_sale_wishlist/models/res_users.py,ResUsers,res.users,res_users,0,1,_check_credentials
02 OTHER.zip,hr_expense_extract,02 OTHER/hr_expense_extract/wizard/expense_sample_receipt.py,ExpenseSampleReceipt,expense.sample.receipt,expense_sample_receipt,0,2,_action_create_expense|action_choose_sample
02 OTHER.zip,hr_expense_extract,02 OTHER/hr_expense_extract/models/hr_expense.py,HrExpense,hr.expense,hr_expense,4,4,_compute_is_in_extractable_state|_compute_extract_state_processed|action_submit|action_post
02 OTHER.zip,l10n_br_edi_pos,02 OTHER/l10n_br_edi_pos/models/l10n_latam_identification_type.py,L10nLatamIdentificationType,l10n_latam.identification.type,l10n_latam_identification_type,1,0,
02 OTHER.zip,l10n_br_edi_pos,02 OTHER/l10n_br_edi_pos/models/pos_session.py,PosSession,pos.session,pos_session,1,0,
02 OTHER.zip,l10n_br_edi_pos,02 OTHER/l10n_br_edi_pos/models/pos_config.py,PosConfig,pos.config,pos_config,0,1,_check_before_creating_new_session
02 OTHER.zip,l10n_br_edi_pos,02 OTHER/l10n_br_edi_pos/models/product_template.py,ProductTemplate,product.template,product_template,2,1,_compute_l10n_br_pos_warning
02 OTHER.zip,l10n_br_edi_pos,02 OTHER/l10n_br_edi_pos/models/res_company.py,ResCompany,res.company,res_company,1,0,
02 OTHER.zip,l10n_br_edi_pos,02 OTHER/l10n_br_edi_pos/models/res_partner.py,ResPartner,res.partner,res_partner,1,0,
02 OTHER.zip,l10n_br_edi_pos,02 OTHER/l10n_br_edi_pos/models/pos_order.py,PosOrder,pos.order,pos_order,5,5,_compute_l10n_br_edi_number|_compute_l10n_br_is_avatax|action_pos_order_invoice|button_l10n_br_edi|action_send_nfce_batch
02 OTHER.zip,hr_payroll_expense,02 OTHER/hr_payroll_expense/wizard/account_payment_register.py,AccountPaymentRegister,account.payment.register,account_payment_register,1,1,_compute_is_already_paid_through_a_payslip
02 OTHER.zip,hr_payroll_expense,02 OTHER/hr_payroll_expense/models/account_move.py,AccountMove,account.move,account_move,0,1,unlink
02 OTHER.zip,hr_payroll_expense,02 OTHER/hr_payroll_expense/models/hr_expense.py,HrExpense,hr.expense,hr_expense,0,7,_compute_is_editable|action_refuse|action_reset|action_report_in_next_payslip|action_remove_from_payslip|action_open_payslip|write
02 OTHER.zip,hr_payroll_expense,02 OTHER/hr_payroll_expense/models/hr_payslip.py,HrPayslip,hr.payslip,hr_payslip,3,7,_compute_input_line_ids|_compute_expenses_count|action_payslip_cancel|action_payslip_draft|create|write|action_open_expenses
02 OTHER.zip,microsoft_outlook,02 OTHER/microsoft_outlook/models/ir_mail_server.py,IrMail_Server,ir.mail_server,ir_mail_server,4,4,_compute_smtp_authentication_info|_check_use_microsoft_outlook_service|_onchange_encryption|_onchange_smtp_authentication_outlook
02 OTHER.zip,microsoft_outlook,02 OTHER/microsoft_outlook/models/microsoft_outlook_mixin.py,MicrosoftOutlookMixin,microsoft.outlook.mixin,microsoft_outlook_mixin,1,1,_compute_outlook_uri
02 OTHER.zip,microsoft_outlook,02 OTHER/microsoft_outlook/models/res_users.py,ResUsers,res.users,res_users,2,0,
02 OTHER.zip,microsoft_outlook,02 OTHER/microsoft_outlook/models/fetchmail_server.py,FetchmailServer,fetchmail.server,fetchmail_server,2,2,_compute_server_type_info|_check_use_microsoft_outlook_service
02 OTHER.zip,event_social,02 OTHER/event_social/models/social_post_template.py,SocialPostTemplate,social.post.template,social_post_template,0,1,unlink
02 OTHER.zip,event_social,02 OTHER/event_social/models/event_mail.py,EventMail,event.mail,event_mail,1,2,_check_interval_type|_compute_notification_type
02 OTHER.zip,event_social,02 OTHER/event_social/models/event_type_mail.py,EventTypeMail,event.type.mail,event_type_mail,1,2,_check_interval_type|_compute_notification_type
02 OTHER.zip,l10n_pl,02 OTHER/l10n_pl/models/account_move.py,AccountMove,account.move,account_move,2,2,_compute_show_taxable_supply_date|_compute_taxable_supply_date_placeholder
02 OTHER.zip,l10n_pl,02 OTHER/l10n_pl/models/l10n_pl_tax_office.py,L10n_PlL10n_Pl_Tax_Office,l10n_pl.l10n_pl_tax_office,l10n_pl_l10n_pl_tax_office,1,1,_compute_display_name
02 OTHER.zip,test_web_studio,02 OTHER/test_web_studio/models/test_models.py,TestStudioModel_Action,test.studio.model_action,test_studio_model_action,0,2,action_confirm|action_step
02 OTHER.zip,website_forum,02 OTHER/website_forum/models/forum_post_vote.py,ForumPostVote,forum.post.vote,forum_post_vote,1,4,create|write|_check_general_rights|_check_karma_rights
02 OTHER.zip,website_forum,02 OTHER/website_forum/models/forum_forum.py,ForumForum,forum.forum,forum_forum,9,11,_compute_has_pending_post|_compute_can_moderate|_compute_tag_ids_usage|_compute_last_post_id|_compute_forum_statistics|_compute_count_posts_waiting_validation|_compute_count_flagged_posts|_compute_website_url|create|unlink|write
02 OTHER.zip,website_forum,02 OTHER/website_forum/models/forum_post.py,ForumPost,forum.post,forum_post,16,16,_check_parent_id|_compute_plain_content|_compute_website_url|_compute_relevancy|_compute_user_vote|_compute_vote_count|_compute_user_favourite|_compute_favorite_count|_compute_self_reply|_compute_child_count|_compute_uid_has_answered|_compute_has_validated_answer
02 OTHER.zip,website_forum,02 OTHER/website_forum/models/website.py,Website,website,website,1,1,create
02 OTHER.zip,website_forum,02 OTHER/website_forum/models/forum_tag.py,ForumTag,forum.tag,forum_tag,4,3,_compute_posts_count|_compute_website_url|create
02 OTHER.zip,website_forum,02 OTHER/website_forum/controllers/website_forum.py,WebsiteForum,,,39,0,
02 OTHER.zip,web_map,02 OTHER/web_map/models/models.py,Base,base,base,1,0,
02 OTHER.zip,web_map,02 OTHER/web_map/models/res_config_settings.py,ResConfigSettings,res.config.settings,res_config_settings,1,1,_onchange_map_box_token
02 OTHER.zip,web_map,02 OTHER/web_map/models/res_partner.py,ResPartner,res.partner,res_partner,5,2,write|_compute_complete_address
02 OTHER.zip,pos_repair,02 OTHER/pos_repair/models/sale_order_line.py,SaleOrderLine,sale.order.line,sale_order_line,2,1,_compute_is_repair_line
02 OTHER.zip,test_themes,02 OTHER/test_themes/models/website.py,Website,website,website,1,1,unlink
02 OTHER.zip,maintenance_worksheet,02 OTHER/maintenance_worksheet/models/maintenance_request.py,MaintenanceRequest,maintenance.request,maintenance_request,1,2,_compute_worksheet_count|action_maintenance_worksheet
02 OTHER.zip,maintenance_worksheet,02 OTHER/maintenance_worksheet/models/worksheet_template.py,WorksheetTemplate,worksheet.template,worksheet_template,5,0,
02 OTHER.zip,maintenance_worksheet,02 OTHER/maintenance_worksheet/report/maintenance_custom_report.py,ReportMaintenance_WorksheetMaintenance_Worksheet,report.maintenance_worksheet.maintenance_worksheet,report_maintenance_worksheet_maintenance_worksheet,1,0,
02 OTHER.zip,pos_pine_labs,02 OTHER/pos_pine_labs/models/pos_payment_method.py,PosPaymentMethod,pos.payment.method,pos_payment_method,1,1,_check_pine_labs_terminal
02 OTHER.zip,l10n_pk,02 OTHER/l10n_pk/demo/account_demo.py,AccountChartTemplate,account.chart.template,account_chart_template,1,0,
02 OTHER.zip,l10n_de_intrastat,02 OTHER/l10n_de_intrastat/models/account_intrastat_report.py,AccountIntrastatGoodsReportHandler,account.intrastat.goods.report.handler,account_intrastat_goods_report_handler,1,0,
02 OTHER.zip,l10n_es_edi_verifactu_pos,02 OTHER/l10n_es_edi_verifactu_pos/models/pos_config.py,PosConfig,pos.config,pos_config,1,0,
02 OTHER.zip,l10n_es_edi_verifactu_pos,02 OTHER/l10n_es_edi_verifactu_pos/models/res_company.py,ResCompany,res.company,res_company,1,0,
02 OTHER.zip,l10n_es_edi_verifactu_pos,02 OTHER/l10n_es_edi_verifactu_pos/models/pos_order.py,PosOrder,pos.order,pos_order,3,4,_compute_l10n_es_edi_verifactu_warning|_compute_l10n_es_edi_verifactu_state|_compute_l10n_es_edi_verifactu_qr_code|action_pos_order_paid
02 OTHER.zip,pos_event_sale,02 OTHER/pos_event_sale/models/event_registration.py,EventRegistration,event.registration,event_registration,1,1,_compute_registration_status
02 OTHER.zip,ai,02 OTHER/ai/models/discuss_channel.py,DiscussChannel,discuss.channel,discuss_channel,1,0,
02 OTHER.zip,ai,02 OTHER/ai/models/ai_agent.py,AIAgent,ai.agent,ai_agent,8,6,create|write|action_refresh_sources|action_ask_ai|_compute_is_ask_ai_agent|_compute_sources_fully_processed
02 OTHER.zip,ai,02 OTHER/ai/models/mail_template.py,MailTemplateAI,mail.template,mail_template,0,1,_check_can_be_rendered
02 OTHER.zip,ai,02 OTHER/ai/models/ai_embedding.py,AIEmbedding,ai.embedding,ai_embedding,3,0,
02 OTHER.zip,ai,02 OTHER/ai/models/mail_render_mixin.py,MailRenderMixinAI,mail.render.mixin,mail_render_mixin,2,0,
02 OTHER.zip,ai,02 OTHER/ai/models/ai_agent_source.py,AIAgentSource,ai.agent.source,ai_agent_source,7,6,create|_compute_user_has_access|action_retry_failed_source|action_open_sources_dialog|action_access_source|action_reprocess_index
02 OTHER.zip,ai,02 OTHER/ai/models/ai_prompt_button.py,AIPromptButton,ai.prompt.button,ai_prompt_button,1,0,
02 OTHER.zip,ai,02 OTHER/ai/models/res_config_settings.py,ResConfigSettings,res.config.settings,res_config_settings,0,2,_compute_openai_key_enabled|_compute_google_key_enabled
02 OTHER.zip,ai,02 OTHER/ai/models/ir_actions_server.py,IrActionsServer,ir.actions.server,ir_actions_server,7,7,_compute_ai_tool_show_warning|_compute_use_in_ai|_compute_ai_tool_is_candidate|_compute_ai_tool_has_schema|_compute_allowed_states|_check_use_in_ai|_check_ai_tool_schema
02 OTHER.zip,ai,02 OTHER/ai/models/res_partner.py,ResPartner,res.partner,res_partner,0,1,_compute_im_status
02 OTHER.zip,test_inherit,02 OTHER/test_inherit/models/test_models.py,Test_Inherit_Property,test_inherit_property,test_inherit_property,0,1,_compute_bar
02 OTHER.zip,test_inherit,02 OTHER/test_inherit/models/test_models.py,Test_Inherit_Parent,test_inherit_parent,test_inherit_parent,1,1,_check_foo
02 OTHER.zip,test_inherit,02 OTHER/test_inherit/models/mother_base.py,TestInheritMother,test.inherit.mother,test_inherit_mother,1,1,_compute_surname
02 OTHER.zip,test_inherit,02 OTHER/test_inherit/models/mother_inherit_2.py,TestInheritMother,test.inherit.mother,test_inherit_mother,1,1,_compute_surname
02 OTHER.zip,mrp_mps,02 OTHER/mrp_mps/wizard/mrp_mps_forecast_details.py,MrpMpsForecastDetails,mrp.mps.forecast.details,mrp_mps_forecast_details,1,4,_compute_quantity_and_label|action_open_rfq_details|action_open_mo_details|action_open_incoming_moves_details
02 OTHER.zip,mrp_mps,02 OTHER/mrp_mps/wizard/mrp_mps_forecast_suggestion.py,MrpMpsForecastSuggestion,mrp.mps.forecast.suggestion,mrp_mps_forecast_suggestion,2,3,action_open_suggest_forecasted_form_view|_check_percent_factor_gte_0|_compute_suggestion_fields
02 OTHER.zip,mrp_mps,02 OTHER/mrp_mps/models/mrp_mps.py,MrpProductionSchedule,mrp.production.schedule,mrp_production_schedule,8,8,_compute_route_and_supplier|_compute_is_manufacture_route|action_open_actual_demand_details|action_open_actual_replenishment_details|action_replenish|action_cron_replenish|action_toggle_is_indirect|create
02 OTHER.zip,mrp_mps,02 OTHER/mrp_mps/models/purchase_order.py,PurchaseOrder,purchase.order,purchase_order,1,1,_compute_date_planned_mps
02 OTHER.zip,mrp_mps,02 OTHER/mrp_mps/models/product_template.py,ProductTemplate,product.template,product_template,0,2,_compute_schedule_count|action_open_mps_view
02 OTHER.zip,mrp_mps,02 OTHER/mrp_mps/models/product_product.py,ProductProduct,product.product,product_product,0,1,_compute_schedule_count
02 OTHER.zip,mrp_mps,02 OTHER/mrp_mps/models/res_company.py,ResCompany,res.company,res_company,1,1,write
02 OTHER.zip,mrp_mps,02 OTHER/mrp_mps/models/mrp_bom.py,MrpBom,mrp.bom,mrp_bom,0,1,action_open_mps_view
02 OTHER.zip,mrp_subcontracting_dropshipping,02 OTHER/mrp_subcontracting_dropshipping/models/stock_warehouse.py,StockWarehouse,stock.warehouse,stock_warehouse,1,2,create|write
02 OTHER.zip,mrp_subcontracting_dropshipping,02 OTHER/mrp_subcontracting_dropshipping/models/purchase.py,PurchaseOrder,purchase.order,purchase_order,3,2,_compute_default_location_dest_id_is_subcontracting_loc|_compute_dest_address_id
02 OTHER.zip,mrp_subcontracting_dropshipping,02 OTHER/mrp_subcontracting_dropshipping/models/res_company.py,ResCompany,res.company,res_company,3,0,
02 OTHER.zip,mrp_subcontracting_dropshipping,02 OTHER/mrp_subcontracting_dropshipping/models/stock_picking.py,StockPicking,stock.picking,stock_picking,0,1,_compute_is_dropship
02 OTHER.zip,l10n_sk_reports,02 OTHER/l10n_sk_reports/models/annual_statements_handler.py,SlovakianAnnualStatementsCustomHandler,l10n_sk.annual.statements.report.handler,l10n_sk_annual_statements_report_handler,0,1,_check_and_insert_company_info
02 OTHER.zip,l10n_sk_reports,02 OTHER/l10n_sk_reports/models/res_company.py,ResCompany,res.company,res_company,1,1,_check_l10n_sk_nace_code
02 OTHER.zip,l10n_us,02 OTHER/l10n_us/models/res_partner_bank.py,ResPartnerBank,res.partner.bank,res_partner_bank,2,2,_compute_show_aba_routing|_check_clearing_number_us
02 OTHER.zip,website_appointment_sale,02 OTHER/website_appointment_sale/models/sale_order.py,SaleOrder,sale.order,sale_order,1,6,_compute_meeting_count|action_view_calendar_events|_action_cancel|_action_confirm|_check_cart_is_ready_to_be_paid|unlink
02 OTHER.zip,website_appointment_sale,02 OTHER/website_appointment_sale/models/sale_order_line.py,SaleOrderLine,sale.order.line,sale_order_line,1,2,_compute_product_uom_readonly|unlink
02 OTHER.zip,website_appointment_sale,02 OTHER/website_appointment_sale/models/product_product.py,ProductProduct,product.product,product_product,0,1,_compute_is_booking_fee
02 OTHER.zip,website_appointment_sale,02 OTHER/website_appointment_sale/models/calendar_event.py,CalendarEvent,calendar.event,calendar_event,0,2,_compute_sale_order_count|action_view_sale_order
02 OTHER.zip,crm_iap_mine,02 OTHER/crm_iap_mine/models/crm_iap_lead_role.py,CrmIapLeadRole,crm.iap.lead.role,crm_iap_lead_role,0,1,_compute_display_name
02 OTHER.zip,crm_iap_mine,02 OTHER/crm_iap_mine/models/crm_iap_lead_mining_request.py,CrmIapLeadMiningRequest,crm.iap.lead.mining.request,crm_iap_lead_mining_request,12,15,_compute_tooltip|_compute_lead_count|_compute_team_id|_compute_available_state_ids|_onchange_available_state_ids|_onchange_lead_number|_onchange_contact_number|_onchange_country_ids|_onchange_company_size_min|_onchange_company_size_max|action_draft|action_submit
02 OTHER.zip,crm_iap_mine,02 OTHER/crm_iap_mine/models/crm_lead.py,CrmLead,crm.lead,crm_lead,0,1,action_generate_leads
02 OTHER.zip,crm_iap_mine,02 OTHER/crm_iap_mine/models/crm_iap_lead_helpers.py,CrmIapLeadHelpers,crm.iap.lead.helpers,crm_iap_lead_helpers,3,0,
02 OTHER.zip,crm_iap_mine,02 OTHER/crm_iap_mine/models/crm_iap_lead_seniority.py,CrmIapLeadSeniority,crm.iap.lead.seniority,crm_iap_lead_seniority,1,1,_compute_display_name
02 OTHER.zip,whatsapp_sign,02 OTHER/whatsapp_sign/wizard/sign_send_request.py,SignSendRequest,sign.send.request,sign_send_request,1,2,_compute_is_whatsapp_feature_enabled|_check_whatsapp_requirements
02 OTHER.zip,whatsapp_sign,02 OTHER/whatsapp_sign/models/sign_request_item.py,SignRequestItem,sign.request.item,sign_request_item,3,4,_check_partner_id|_compute_attachments_download_link|_compute_document_link|_check_whatsapp_template_exists
02 OTHER.zip,whatsapp_sign,02 OTHER/whatsapp_sign/models/sign_request.py,SignRequest,sign.request,sign_request,4,4,_check_send_channel|_compute_signers_name|_compute_refuser_partner|_compute_raw_optional_message
02 OTHER.zip,l10n_br_edi,02 OTHER/l10n_br_edi/wizard/l10n_br_edi_invoice_update.py,L10n_Br_EdiInvoiceUpdate,l10n_br_edi.invoice.update,l10n_br_edi_invoice_update,1,1,action_submit
02 OTHER.zip,l10n_br_edi,02 OTHER/l10n_br_edi/wizard/l10n_br_edi_cancel_range.py,L10n_Br_EdiCancelRange,l10n_br_edi.cancel.range,l10n_br_edi_cancel_range,0,1,action_submit
02 OTHER.zip,l10n_br_edi,02 OTHER/l10n_br_edi/models/account_move.py,AccountMove,account.move,account_move,6,11,_compute_show_reset_to_draft_button|_compute_l10n_br_edi_is_needed|_compute_need_cancel_request|_compute_display_send_button|_compute_highlight_send_button|_compute_l10n_br_avatax_warnings|button_request_cancel|button_draft|button_cancel|button_request_correction|button_l10n_br_edi_get_service_invoice
02 OTHER.zip,l10n_br_edi,02 OTHER/l10n_br_edi/models/account_move_send.py,AccountMoveSend,account.move.send,account_move_send,2,0,
02 OTHER.zip,l10n_br_edi,02 OTHER/l10n_br_edi/models/account_move_line.py,AccountMoveLine,account.move.line,account_move_line,0,1,_compute_l10n_br_cfop
02 OTHER.zip,l10n_br_edi,02 OTHER/l10n_br_edi/models/l10n_br_operation_type.py,L10n_BrOperationType,l10n_br.operation.type,l10n_br_operation_type,1,1,_check_l10n_br_cfop_code
02 OTHER.zip,purchase_stock,02 OTHER/purchase_stock/wizard/product_replenish.py,ProductReplenish,product.replenish,product_replenish,3,3,_onchange_supplier_id|_compute_date_planned|action_stock_replenishment_info
02 OTHER.zip,purchase_stock,02 OTHER/purchase_stock/wizard/stock_replenishment_info.py,StockReplenishmentInfo,stock.replenishment.info,stock_replenishment_info,2,2,_compute_supplierinfo_ids|_compute_show_vendor_tab
02 OTHER.zip,purchase_stock,02 OTHER/purchase_stock/models/stock_replenish_mixin.py,StockReplenishMixin,stock.replenish.mixin,stock_replenish_mixin,1,1,_compute_show_vendor
02 OTHER.zip,purchase_stock,02 OTHER/purchase_stock/models/purchase_order_line.py,PurchaseOrderLine,purchase.order.line,purchase_order_line,5,8,_compute_qty_received_method|_compute_qty_received|_compute_forecasted_issue|create|write|action_product_forecast_report|unlink|_check_orderpoint_picking_type
02 OTHER.zip,purchase_stock,02 OTHER/purchase_stock/models/purchase_order.py,PurchaseOrder,purchase.order,purchase_order,11,13,_compute_picking_ids|_compute_incoming_picking_count|_compute_effective_date|_compute_is_shipped|_compute_receipt_status|_compute_dest_address_id|_onchange_company_id|write|action_add_from_catalog|action_purchase_order_suggest|button_approve|button_cancel
02 OTHER.zip,purchase_stock,02 OTHER/purchase_stock/models/stock.py,StockPicking,stock.picking,stock_picking,3,3,_compute_effective_date|_compute_date_order|_action_done
02 OTHER.zip,purchase_stock,02 OTHER/purchase_stock/models/stock.py,StockWarehouse,stock.warehouse,stock_warehouse,0,2,_compute_buy_to_resupply|_inverse_buy_to_resupply
02 OTHER.zip,purchase_stock,02 OTHER/purchase_stock/models/stock.py,StockWarehouseOrderpoint,stock.warehouse.orderpoint,stock_warehouse_orderpoint,6,11,_inverse_route_id|_compute_deadline_date|_compute_qty_to_order_computed|_compute_lead_days|_compute_days_to_order|_compute_show_supplier|_inverse_supplier_id|_compute_supplier_id_placeholder|_compute_effective_vendor_id|_compute_show_supply_warning|action_view_purchase
02 OTHER.zip,purchase_stock,02 OTHER/purchase_stock/models/stock.py,StockLot,stock.lot,stock_lot,1,2,_compute_purchase_order_ids|action_view_po
02 OTHER.zip,purchase_stock,02 OTHER/purchase_stock/models/account_invoice.py,AccountMove,account.move,account_move,1,2,button_draft|_compute_incoterm_location
02 OTHER.zip,purchase_stock,02 OTHER/purchase_stock/models/stock_move.py,StockMove,stock.move,stock_move,4,4,_compute_packaging_uom_id|_compute_partner_id|_compute_description_picking|_action_synch_order
02 OTHER.zip,purchase_stock,02 OTHER/purchase_stock/models/product.py,ProductTemplate,product.template,product_template,1,1,_onchange_buy_route
02 OTHER.zip,purchase_stock,02 OTHER/purchase_stock/models/product.py,ProductProduct,product.product,product_product,7,5,_compute_suggested_quantity|_compute_suggest_estimated_price|_compute_quantities|_compute_quantities_dict|_compute_monthly_demand
02 OTHER.zip,purchase_stock,02 OTHER/purchase_stock/models/product.py,ProductSupplierinfo,product.supplierinfo,product_supplierinfo,2,4,_compute_last_purchase_date|_compute_show_set_supplier_button|_compute_display_name|action_set_supplier
02 OTHER.zip,purchase_stock,02 OTHER/purchase_stock/models/stock_rule.py,StockRule,stock.rule,stock_rule,7,2,_compute_picking_type_code_domain|_onchange_action
02 OTHER.zip,purchase_stock,02 OTHER/purchase_stock/models/res_config_settings.py,ResConfigSettings,res.config.settings,res_config_settings,1,0,
02 OTHER.zip,purchase_stock,02 OTHER/purchase_stock/models/res_partner.py,ResPartner,res.partner,res_partner,1,1,_compute_on_time_rate
02 OTHER.zip,purchase_stock,02 OTHER/purchase_stock/report/report_stock_rule.py,ReportStockReport_Stock_Rule,report.stock.report_stock_rule,report_stock_report_stock_rule,1,0,
02 OTHER.zip,purchase_stock,02 OTHER/purchase_stock/report/stock_valuation_report.py,StockValuationReport,stock_account.stock.valuation.report,stock_account_stock_valuation_report,0,1,_compute_goods_received_not_invoiced
02 OTHER.zip,l10n_pe,02 OTHER/l10n_pe/demo/account_demo.py,AccountChartTemplate,account.chart.template,account_chart_template,1,0,
02 OTHER.zip,l10n_pe,02 OTHER/l10n_pe/models/account_move.py,AccountMove,account.move,account_move,1,1,_inverse_l10n_latam_document_number
02 OTHER.zip,l10n_pe,02 OTHER/l10n_pe/models/res_partner.py,ResPartner,res.partner,res_partner,3,2,_onchange_l10n_pe_district|_onchange_l10n_pe_city_id
02 OTHER.zip,l10n_dk_fik,02 OTHER/l10n_dk_fik/models/account_journal.py,AccountJournal,account.journal,account_journal,2,2,_compute_l10n_dk_fik_creditor_number|_check_fik_creditor_number
02 OTHER.zip,l10n_hr_reports,02 OTHER/l10n_hr_reports/wizard/ec_sales_list_submission_wizard.py,L10n_Hr_ReportsEcSalesListSubmissionWizard,l10n_hr_reports.ec.sales.list.submission.wizard,l10n_hr_reports_ec_sales_list_submission_wizard,0,1,action_proceed_with_submission
02 OTHER.zip,l10n_hr_reports,02 OTHER/l10n_hr_reports/models/account_return.py,AccountReturnType,account.return.type,account_return_type,1,0,
02 OTHER.zip,l10n_hr_reports,02 OTHER/l10n_hr_reports/models/account_return.py,AccountReturn,account.return,account_return,0,1,action_submit
02 OTHER.zip,mrp_repair,02 OTHER/mrp_repair/models/repair.py,RepairOrder,repair.order,repair_order,2,5,_compute_production_count|create|write|action_explode|action_view_mrp_productions
02 OTHER.zip,mrp_repair,02 OTHER/mrp_repair/models/production.py,MrpProduction,mrp.production,mrp_production,1,2,_compute_repair_count|action_view_repair_orders
02 OTHER.zip,project_hr_payroll_account,02 OTHER/project_hr_payroll_account/models/project_project.py,ProjectProject,project.project,project_project,1,2,_compute_contracts_count|action_open_project_contracts
02 OTHER.zip,documents_account,02 OTHER/documents_account/wizard/account_reports_export_wizard.py,Account_ReportsExportWizard,account_reports.export.wizard,account_reports_export_wizard,1,0,
02 OTHER.zip,documents_account,02 OTHER/documents_account/models/account_move.py,AccountMove,account.move,account_move,1,4,_compute_has_documents|write|button_reconcile_with_st_line|action_view_documents_account_move
02 OTHER.zip,documents_account,02 OTHER/documents_account/models/documents_document.py,DocumentsDocument,documents.document,documents_document,4,2,_compute_thumbnail|_compute_has_embedded_pdf
02 OTHER.zip,documents_account,02 OTHER/documents_account/models/ir_attachment.py,IrAttachment,ir.attachment,ir_attachment,1,2,create|write
02 OTHER.zip,documents_account,02 OTHER/documents_account/models/account_journal.py,AccountJournal,account.journal,account_journal,2,1,create
02 OTHER.zip,documents_account,02 OTHER/documents_account/models/res_company.py,ResCompany,res.company,res_company,0,1,_compute_account_folder_id
02 OTHER.zip,documents_account,02 OTHER/documents_account/models/ir_actions_server.py,IrActionsServer,ir.actions.server,ir_actions_server,7,5,_check_document_account_check_model|_compute_allowed_states|_compute_documents_account_journal_id|_compute_documents_account_suitable_journal_ids|_compute_documents_account_move_type
02 OTHER.zip,helpdesk_sale_loyalty,02 OTHER/helpdesk_sale_loyalty/wizard/helpdesk_sale_coupon_generate.py,HelpdeskSaleCouponGenerate,helpdesk.sale.coupon.generate,helpdesk_sale_coupon_generate,0,1,action_coupon_generate_send
02 OTHER.zip,helpdesk_sale_loyalty,02 OTHER/helpdesk_sale_loyalty/models/helpdesk_ticket.py,HelpdeskTicket,helpdesk.ticket,helpdesk_ticket,1,1,_compute_coupons_count
02 OTHER.zip,l10n_tr_hr_payroll,02 OTHER/l10n_tr_hr_payroll/models/hr_payslip.py,HrPayslip,hr.payslip,hr_payslip,2,2,_compute_l10n_tr_ytd_amounts|_compute_l10n_tr_current_month_gross
02 OTHER.zip,l10n_tr_hr_payroll,02 OTHER/l10n_tr_hr_payroll/models/hr_employee.py,HrEmployee,hr.employee,hr_employee,1,1,_compute_l10n_tr_is_current_turkey_citizen
02 OTHER.zip,l10n_tr_hr_payroll,02 OTHER/l10n_tr_hr_payroll/report/report_hr_employee_certificate.py,ReportHrEmploymentCertificate,report.l10n_tr_hr_payroll.report_emp_employement_cert,report_l10n_tr_hr_payroll_report_emp_employement_cert,1,0,
02 OTHER.zip,l10n_vn,02 OTHER/l10n_vn/models/res_bank.py,ResPartnerBank,res.partner.bank,res_partner_bank,3,4,_check_vn_proxy|_compute_country_proxy_keys|_compute_display_qr_setting|_check_for_qr_code_errors
02 OTHER.zip,l10n_se_pos,02 OTHER/l10n_se_pos/models/pos_config.py,PosConfig,pos.config,pos_config,0,3,_compute_iot_device_ids|_check_before_creating_new_session|_check_pos_settings_for_sweden
02 OTHER.zip,l10n_se_pos,02 OTHER/l10n_se_pos/models/product_product.py,ProductProduct,product.product,product_product,1,0,
02 OTHER.zip,l10n_se_pos,02 OTHER/l10n_se_pos/models/res_config_settings.py,ResConfigSettings,res.config.settings,res_config_settings,1,1,_compute_pos_iface_sweden_fiscal_data_module
02 OTHER.zip,event_sms,02 OTHER/event_sms/models/event_mail.py,EventMail,event.mail,event_mail,0,1,_compute_notification_type
02 OTHER.zip,event_sms,02 OTHER/event_sms/models/event_type_mail.py,EventTypeMail,event.type.mail,event_type_mail,0,1,_compute_notification_type
02 OTHER.zip,event_sms,02 OTHER/event_sms/models/sms_template.py,SmsTemplate,sms.template,sms_template,1,1,unlink
02 OTHER.zip,l10n_dk_nemhandel,02 OTHER/l10n_dk_nemhandel/wizard/account_move_send_wizard.py,AccountMoveSendWizard,account.move.send.wizard,account_move_send_wizard,0,2,_compute_sending_method_checkboxes|action_send_and_print
02 OTHER.zip,l10n_dk_nemhandel,02 OTHER/l10n_dk_nemhandel/wizard/account_move_send_batch_wizard.py,AccountMoveSendBatchWizard,account.move.send.batch.wizard,account_move_send_batch_wizard,0,1,action_send_and_print
02 OTHER.zip,l10n_dk_nemhandel,02 OTHER/l10n_dk_nemhandel/wizard/nemhandel_registration.py,NemhandelRegistration,nemhandel.registration,nemhandel_registration,4,12,_onchange_identifier_value|_onchange_phone_number|_compute_edi_user_id|_compute_edi_mode|_inverse_edi_mode|_action_open_nemhandel_form|_action_send_notification|button_nemhandel_registration_sms|button_nemhandel_receiver_registration|button_update_nemhandel_user_data|button_check_nemhandel_verification_code|button_deregister_nemhandel_participant
02 OTHER.zip,l10n_dk_nemhandel,02 OTHER/l10n_dk_nemhandel/models/account_move.py,AccountMove,account.move,account_move,2,3,_compute_nemhandel_move_state|action_cancel_nemhandel_documents|action_send_and_print
02 OTHER.zip,l10n_dk_nemhandel,02 OTHER/l10n_dk_nemhandel/models/account_journal.py,AccountJournal,account.journal,account_journal,2,4,_compute_show_refresh_out_einvoices_status_button|_compute_show_fetch_in_einvoices_button|button_fetch_in_einvoices|button_refresh_out_einvoices_status
02 OTHER.zip,l10n_dk_nemhandel,02 OTHER/l10n_dk_nemhandel/models/account_edi_proxy_user.py,AccountEdiProxyClientUser,account_edi_proxy_client.user,account_edi_proxy_client_user,1,1,_check_user_on_alternative_service
02 OTHER.zip,l10n_dk_nemhandel,02 OTHER/l10n_dk_nemhandel/models/res_company.py,ResCompany,res.company,res_company,7,7,_check_phonenumbers_import|_check_nemhandel_phone_number|_check_nemhandel_purchase_journal_id|_compute_nemhandel_purchase_journal_id|_compute_nemhandel_contact_email|_compute_nemhandel_phone_number|_compute_nemhandel_edi_user
02 OTHER.zip,l10n_dk_nemhandel,02 OTHER/l10n_dk_nemhandel/models/res_config_settings.py,ResConfigSettings,res.config.settings,res_config_settings,1,4,_compute_nemhandel_edi_user|action_open_nemhandel_form|button_update_nemhandel_user_data|button_deregister_nemhandel_participant
02 OTHER.zip,l10n_dk_nemhandel,02 OTHER/l10n_dk_nemhandel/models/res_partner.py,ResPartner,res.partner,res_partner,9,8,_compute_nemhandel_identifier_type|_compute_nemhandel_identifier_value|_compute_is_using_nemhandel|_check_nemhandel_send_oioubl|_check_nemhandel_participant_exists|write|create|button_nemhandel_check_partner_endpoint
02 OTHER.zip,base_sparse_field,02 OTHER/base_sparse_field/models/models.py,IrModelFields,ir.model.fields,ir_model_fields,0,1,write
02 OTHER.zip,delivery_stock_picking_batch,02 OTHER/delivery_stock_picking_batch/models/stock_picking.py,StockPickingType,stock.picking.type,stock_picking_type,1,1,_compute_weight_uom_name
02 OTHER.zip,hr_holidays,02 OTHER/hr_holidays/wizard/hr_departure_wizard.py,HrDepartureWizard,hr.departure.wizard,hr_departure_wizard,0,1,action_register_departure
02 OTHER.zip,hr_holidays,02 OTHER/hr_holidays/wizard/hr_leave_generate_multi_wizard.py,HrLeaveGenerateMultiWizard,hr.leave.generate.multi.wizard,hr_leave_generate_multi_wizard,1,2,action_generate_time_off|_check_allocation_mode
02 OTHER.zip,hr_holidays,02 OTHER/hr_holidays/wizard/hr_leave_allocation_generate_multi_wizard.py,HrLeaveAllocationGenerateMultiWizard,hr.leave.allocation.generate.multi.wizard,hr_leave_allocation_generate_multi_wizard,2,3,_compute_name|action_generate_allocations|_check_allocation_mode
02 OTHER.zip,hr_holidays,02 OTHER/hr_holidays/wizard/hr_holidays_cancel_leave.py,HrHolidaysCancelLeave,hr.holidays.cancel.leave,hr_holidays_cancel_leave,0,1,action_cancel_leave
02 OTHER.zip,hr_holidays,02 OTHER/hr_holidays/models/hr_version.py,HrVersion,hr.version,hr_version,2,4,_check_contracts|create|write|_check_overlapping_contract
02 OTHER.zip,hr_holidays,02 OTHER/hr_holidays/models/hr_leave.py,HrLeave,hr.leave,hr_leave,38,45,_onchange_hours|_compute_request_hour_from_to|_compute_dashboard_warning_message|_compute_description|_inverse_description|_compute_resource_calendar_id|_check_contracts|_compute_date_from_to|_compute_request_unit_half|_compute_request_unit_hours|_compute_from_employee_id|_compute_department_id
02 OTHER.zip,hr_holidays,02 OTHER/hr_holidays/models/hr_employee_public.py,HrEmployeePublic,hr.employee.public,hr_employee_public,0,6,_compute_show_leaves|_compute_leave_manager|_compute_leave_status|_compute_allocation_display|action_time_off_dashboard|action_open_time_off_calendar
02 OTHER.zip,hr_holidays,02 OTHER/hr_holidays/models/mail_activity_type.py,MailActivityType,mail.activity.type,mail_activity_type,1,0,
02 OTHER.zip,hr_holidays,02 OTHER/hr_holidays/models/mail_message_subtype.py,MailMessageSubtype,mail.message.subtype,mail_message_subtype,1,2,create|write
02 OTHER.zip,hr_holidays,02 OTHER/hr_holidays/models/hr_leave_accrual_plan.py,HrLeaveAccrualPlan,hr.leave.accrual.plan,hr_leave_accrual_plan,7,10,_compute_show_transition_mode|_compute_level_count|_compute_employee_count|_compute_company_id|_compute_is_based_on_worked_time|_compute_carryover_day|action_open_accrual_plan_employees|action_create_accrual_plan_level|action_open_accrual_plan_level|create
02 OTHER.zip,hr_holidays,02 OTHER/hr_holidays/models/hr_department.py,HrDepartment,hr.department,hr_department,0,3,_compute_leave_count|action_open_leave_department|action_open_allocation_department
02 OTHER.zip,hr_holidays,02 OTHER/hr_holidays/models/resource.py,ResourceCalendarLeaves,resource.calendar.leaves,resource_calendar_leaves,3,5,_check_compare_dates|create|write|unlink|_compute_company_id
02 OTHER.zip,hr_holidays,02 OTHER/hr_holidays/models/resource.py,ResourceCalendar,resource.calendar,resource_calendar,0,1,_compute_associated_leaves_count
02 OTHER.zip,hr_holidays,02 OTHER/hr_holidays/models/hr_leave_accrual_plan_level.py,HrLeaveAccrualLevel,hr.leave.accrual.level,hr_leave_accrual_level,13,16,_check_dates|_check_maximum_leaves|_compute_sequence|_compute_can_modify_value_type|_inverse_added_value_type|_compute_added_value_type|_compute_first_month_day|_compute_second_month_day|_compute_yearly_day|_compute_maximum_leave|_compute_action_with_unused_accruals|_compute_carryover_options
02 OTHER.zip,hr_holidays,02 OTHER/hr_holidays/models/hr_employee.py,HrEmployee,hr.employee,hr_employee,8,11,_compute_current_leave|_compute_presence_state|_compute_allocation_count|_compute_allocation_remaining_display|_compute_presence_icon|_compute_leave_status|_compute_leave_manager|_compute_show_leaves|create|write|action_time_off_dashboard
02 OTHER.zip,hr_holidays,02 OTHER/hr_holidays/models/hr_leave_allocation.py,HrLeaveAllocation,hr.leave.allocation,hr_leave_allocation,24,29,_check_date_from_date_to|_compute_is_officer|_onchange_name|_compute_description|_compute_description_validity|_compute_leaves|_compute_number_of_days_display|_compute_number_of_hours_display|_compute_duration_display|_compute_can_approve|_compute_can_validate|_compute_can_refuse
02 OTHER.zip,hr_holidays,02 OTHER/hr_holidays/models/res_users.py,ResUsers,res.users,res_users,4,3,_compute_im_status|create|_compute_display_name
02 OTHER.zip,hr_holidays,02 OTHER/hr_holidays/models/res_partner.py,ResPartner,res.partner,res_partner,1,2,_compute_leave_date_to|_compute_im_status
02 OTHER.zip,hr_holidays,02 OTHER/hr_holidays/models/hr_leave_type.py,HrLeaveType,hr.leave.type,hr_leave_type,15,15,_check_allow_request_on_top|_check_elligible_for_accrual_rate|_check_overlapping_public_holidays|_compute_valid|_compute_country_id|_compute_leaves|_compute_allocation_count|_compute_group_days_leave|_compute_accrual_count|_compute_is_used|_compute_display_name|_compute_eligible_for_accrual_rate
02 OTHER.zip,hr_holidays,02 OTHER/hr_holidays/report/hr_leave_report_calendar.py,HrLeaveReportCalendar,hr.leave.report.calendar,hr_leave_report_calendar,3,5,_compute_display_name|_compute_name|_compute_is_manager|action_approve|action_refuse
02 OTHER.zip,hr_holidays,02 OTHER/hr_holidays/report/hr_leave_report.py,HrLeaveReport,hr.leave.report,hr_leave_report,0,1,action_open_record
02 OTHER.zip,hr_holidays,02 OTHER/hr_holidays/report/hr_leave_employee_type_report.py,HrLeaveEmployeeTypeReport,hr.leave.employee.type.report,hr_leave_employee_type_report,1,1,action_time_off_analysis
02 OTHER.zip,hr_holidays,02 OTHER/hr_holidays/report/holidays_summary_report.py,ReportHr_HolidaysReport_Holidayssummary,report.hr_holidays.report_holidayssummary,report_hr_holidays_report_holidayssummary,1,0,
02 OTHER.zip,industry_fsm_sale,02 OTHER/industry_fsm_sale/models/sale_order.py,SaleOrder,sale.order,sale_order,1,3,create|action_confirm|action_add_from_catalog
02 OTHER.zip,industry_fsm_sale,02 OTHER/industry_fsm_sale/models/sale_order.py,SaleOrderLine,sale.order.line,sale_order_line,2,3,_compute_delivered_amount|_compute_invoice_status|_compute_qty_to_invoice
02 OTHER.zip,industry_fsm_sale,02 OTHER/industry_fsm_sale/models/product_template.py,ProductTemplate,product.template,product_template,1,0,
02 OTHER.zip,industry_fsm_sale,02 OTHER/industry_fsm_sale/models/product_product.py,ProductProduct,product.product,product_product,3,3,_compute_fsm_quantity|_inverse_fsm_quantity|action_assign_serial
02 OTHER.zip,industry_fsm_sale,02 OTHER/industry_fsm_sale/models/project_task.py,ProjectTask,project.task,project_task,11,22,_compute_display_sign_report_buttons|_compute_display_send_report_buttons|_compute_pricelist_id|_compute_currency_id|_compute_display_conditions_count|_compute_quotation_count|_compute_portal_quotation_count|_compute_material_line_totals|_compute_display_create_invoice_buttons|_compute_warning_message|_compute_portal_invoice_count|_compute_sale_order_id
02 OTHER.zip,industry_fsm_sale,02 OTHER/industry_fsm_sale/models/project_project.py,ProjectProject,project.project,project_project,9,12,_compute_hide_price|_compute_allow_quotations|_compute_allow_billable|_compute_allow_material|_inverse_allow_quotations|_check_project_fsm_group_at_removal|_compute_pricing_type|_compute_sale_line_id|_compute_partner_id|_compute_display_sales_stat_buttons|action_view_sols|action_view_sos
02 OTHER.zip,industry_fsm_sale,02 OTHER/industry_fsm_sale/models/project_sale_line_employee_map.py,ProjectSaleLineEmployeeMap,project.sale.line.employee.map,project_sale_line_employee_map,3,3,_compute_sale_line_id|_compute_price_unit|_compute_currency_id
02 OTHER.zip,l10n_cz_intrastat,02 OTHER/l10n_cz_intrastat/wizard/intrastat_goods_submission_wizard.py,L10n_Cz_IntrastatIntrastatGoodsSubmissionWizard,l10n_cz_intrastat.intrastat.goods.submission.wizard,l10n_cz_intrastat_intrastat_goods_submission_wizard,0,1,action_proceed_with_submission
02 OTHER.zip,l10n_cz_intrastat,02 OTHER/l10n_cz_intrastat/models/account_return.py,AccountReturn,account.return,account_return,0,1,action_submit
02 OTHER.zip,l10n_cz_intrastat,02 OTHER/l10n_cz_intrastat/models/account_intrastat_report.py,AccountIntrastatGoodsReportHandler,account.intrastat.goods.report.handler,account_intrastat_goods_report_handler,2,0,
02 OTHER.zip,hr_skills_slides,02 OTHER/hr_skills_slides/models/hr_employee_public.py,HrEmployeePublic,hr.employee.public,hr_employee_public,0,1,action_open_courses
02 OTHER.zip,hr_skills_slides,02 OTHER/hr_skills_slides/models/slide_channel.py,SlideChannel,slide.channel,slide_channel,0,1,_action_add_members
02 OTHER.zip,hr_skills_slides,02 OTHER/hr_skills_slides/models/hr_resume_line.py,HrResumeLine,hr.resume.line,hr_resume_line,3,4,_compute_duration|_onchange_channel_id|_compute_channel_id|_compute_color
02 OTHER.zip,hr_skills_slides,02 OTHER/hr_skills_slides/models/hr_employee.py,HrEmployee,hr.employee,hr_employee,2,2,_compute_courses_completion_text|action_open_courses
02 OTHER.zip,project_hr_expense,02 OTHER/project_hr_expense/models/hr_expense.py,HrExpense,hr.expense,hr_expense,1,2,_compute_analytic_distribution|create
02 OTHER.zip,project_hr_expense,02 OTHER/project_hr_expense/models/project_project.py,ProjectProject,project.project,project_project,0,2,action_profitability_items|action_open_project_expenses
02 OTHER.zip,point_of_sale,02 OTHER/point_of_sale/wizard/pos_make_invoice.py,PosMakeInvoice,pos.make.invoice,pos_make_invoice,0,2,_compute_order_count|action_create_invoices
02 OTHER.zip,point_of_sale,02 OTHER/point_of_sale/wizard/pos_confirmation_wizard.py,PosConfirmationWizard,pos.confirmation.wizard,pos_confirmation_wizard,0,1,action_confirm
02 OTHER.zip,point_of_sale,02 OTHER/point_of_sale/wizard/pos_details.py,PosDetailsWizard,pos.details.wizard,pos_details_wizard,2,2,_onchange_start_date|_onchange_end_date
02 OTHER.zip,point_of_sale,02 OTHER/point_of_sale/models/digest.py,DigestDigest,digest.digest,digest_digest,0,2,_compute_kpi_pos_total_value|_compute_kpis_actions
02 OTHER.zip,point_of_sale,02 OTHER/point_of_sale/models/ir_module_module.py,IrModuleModule,ir.module.module,ir_module_module,2,0,
02 OTHER.zip,point_of_sale,02 OTHER/point_of_sale/models/res_lang.py,ResLang,res.lang,res_lang,1,0,
02 OTHER.zip,point_of_sale,02 OTHER/point_of_sale/models/product_combo.py,ProductCombo,product.combo,product_combo,5,3,_check_qty_max|_check_qty_free|_check_qty_max_greater_than_qty_free
02 OTHER.zip,point_of_sale,02 OTHER/point_of_sale/models/account_tax.py,AccountTax,account.tax,account_tax,2,1,write
02 OTHER.zip,point_of_sale,02 OTHER/point_of_sale/models/product_pricelist.py,ProductPricelist,product.pricelist,product_pricelist,2,0,
02 OTHER.zip,point_of_sale,02 OTHER/point_of_sale/models/product_pricelist.py,ProductPricelistItem,product.pricelist.item,product_pricelist_item,2,0,
02 OTHER.zip,point_of_sale,02 OTHER/point_of_sale/models/account_move.py,AccountMove,account.move,account_move,4,8,_compute_origin_pos_count|_compute_always_tax_exigible|_compute_payments_widget_reconciled_info|_compute_amount|_compute_tax_totals|_compute_is_storno|action_view_source_pos_orders|button_draft
02 OTHER.zip,point_of_sale,02 OTHER/point_of_sale/models/account_move.py,AccountMoveLine,account.move.line,account_move_line,0,1,_compute_name
02 OTHER.zip,point_of_sale,02 OTHER/point_of_sale/models/pos_category.py,PosCategory,pos.category,pos_category,6,4,_check_category_recursion|_compute_display_name|_compute_has_image|_check_hour
02 OTHER.zip,point_of_sale,02 OTHER/point_of_sale/models/pos_preset.py,PosPreset,pos.preset,pos_preset,4,7,_check_slots|_compute_count_linked_orders|_compute_count_linked_config|_compute_has_image|_compute_slots_usage|action_open_linked_orders|action_open_linked_config
02 OTHER.zip,point_of_sale,02 OTHER/point_of_sale/models/res_country.py,ResCountry,res.country,res_country,1,0,
02 OTHER.zip,point_of_sale,02 OTHER/point_of_sale/models/product_category.py,ProductCategory,product.category,product_category,1,0,
02 OTHER.zip,point_of_sale,02 OTHER/point_of_sale/models/product_combo_item.py,ProductComboItem,product.combo.item,product_combo_item,2,0,
02 OTHER.zip,point_of_sale,02 OTHER/point_of_sale/models/resource_calendar_attendance.py,ResourceCalendarAttendance,resource.calendar.attendance,resource_calendar_attendance,2,0,
02 OTHER.zip,point_of_sale,02 OTHER/point_of_sale/models/stock_warehouse.py,StockWarehouse,stock.warehouse,stock_warehouse,1,0,
02 OTHER.zip,point_of_sale,02 OTHER/point_of_sale/models/pos_load_mixin.py,PosLoadMixin,pos.load.mixin,pos_load_mixin,5,0,
02 OTHER.zip,point_of_sale,02 OTHER/point_of_sale/models/res_country_state.py,ResCountryState,res.country.state,res_country_state,1,0,
02 OTHER.zip,point_of_sale,02 OTHER/point_of_sale/models/account_journal.py,AccountJournal,account.journal,account_journal,2,3,_check_type|_check_no_active_payments|action_archive
02 OTHER.zip,point_of_sale,02 OTHER/point_of_sale/models/pos_session.py,PosSession,pos.session,pos_session,14,21,write|_compute_is_in_company_currency|_compute_cash_balance|_compute_total_payments_amount|_compute_order_count|_compute_picking_count|action_stock_picking|_compute_cash_control|_compute_cash_journal|_check_pos_config|_check_start_date|_check_invoices_are_posted
02 OTHER.zip,point_of_sale,02 OTHER/point_of_sale/models/pos_session.py,StockRule,stock.rule,stock_rule,2,0,
02 OTHER.zip,point_of_sale,02 OTHER/point_of_sale/models/pos_note.py,PosNote,pos.note,pos_note,2,0,
02 OTHER.zip,point_of_sale,02 OTHER/point_of_sale/models/uom.py,UomUom,uom.uom,uom_uom,1,0,
02 OTHER.zip,point_of_sale,02 OTHER/point_of_sale/models/product_uom.py,ProductUom,product.uom,product_uom,2,0,
02 OTHER.zip,point_of_sale,02 OTHER/point_of_sale/models/account_tax_group.py,AccountTaxGroup,account.tax.group,account_tax_group,2,0,
02 OTHER.zip,point_of_sale,02 OTHER/point_of_sale/models/pos_config.py,PosConfig,pos.config,pos_config,27,31,_compute_fast_payment_method_ids|_compute_cash_control|_compute_company_has_template|_compute_is_installed_account_accountant|_compute_currency|_compute_current_session|_compute_statistics_for_session|_compute_last_session|_compute_current_session_user|_check_rounding_method_strategy|_check_profit_loss_cash_journal|_check_company_payment
02 OTHER.zip,point_of_sale,02 OTHER/point_of_sale/models/product_template.py,ProductTemplate,product.template,product_template,10,7,write|_compute_color|_check_is_special_product|action_archive|_onchange_sale_ok|_onchange_available_in_pos|_check_combo_inclusions
02 OTHER.zip,point_of_sale,02 OTHER/point_of_sale/models/product_product.py,ProductProduct,product.product,product_product,3,1,action_archive
02 OTHER.zip,point_of_sale,02 OTHER/point_of_sale/models/pos_bus_mixin.py,PosBusMixin,pos.bus.mixin,pos_bus_mixin,1,1,create
02 OTHER.zip,point_of_sale,02 OTHER/point_of_sale/models/account_account.py,AccountAccount,account.account,account_account,2,0,
02 OTHER.zip,point_of_sale,02 OTHER/point_of_sale/models/pos_bill.py,PosBill,pos.bill,pos_bill,3,0,
02 OTHER.zip,point_of_sale,02 OTHER/point_of_sale/models/account_payment.py,AccountPayment,account.payment,account_payment,1,1,_compute_outstanding_account_id
02 OTHER.zip,point_of_sale,02 OTHER/point_of_sale/models/res_company.py,ResCompany,res.company,res_company,3,0,
02 OTHER.zip,point_of_sale,02 OTHER/point_of_sale/models/res_currency.py,ResCurrency,res.currency,res_currency,2,0,
02 OTHER.zip,point_of_sale,02 OTHER/point_of_sale/models/stock_picking.py,StockPicking,stock.picking,stock_picking,1,0,
02 OTHER.zip,point_of_sale,02 OTHER/point_of_sale/models/stock_picking.py,StockPickingType,stock.picking.type,stock_picking_type,4,2,_compute_hide_reservation_method|_check_active
02 OTHER.zip,point_of_sale,02 OTHER/point_of_sale/models/stock_picking.py,StockMove,stock.move,stock_move,1,0,
02 OTHER.zip,point_of_sale,02 OTHER/point_of_sale/models/pos_payment_method.py,PosPaymentMethod,pos.payment.method,pos_payment_method,15,13,_compute_hide_use_payment_terminal|_compute_hide_qr_code_method|_onchange_payment_method_type|_onchange_use_payment_terminal|_compute_open_session_ids|_compute_type|_onchange_journal_id|_compute_is_cash_count|create|write|_check_payment_method|_check_company_config
02 OTHER.zip,point_of_sale,02 OTHER/point_of_sale/models/res_users.py,ResUsers,res.users,res_users,3,0,
02 OTHER.zip,point_of_sale,02 OTHER/point_of_sale/models/res_config_settings.py,ResConfigSettings,res.config.settings,res_config_settings,16,17,create|action_pos_config_create_new|action_pos_printer_dialog|_compute_pos_printer|_compute_pos_iface_available_categ_ids|_compute_pos_selectable_categ_ids|_compute_pos_iface_cashdrawer|_compute_pos_receipt_header_footer|_compute_pos_fiscal_positions|_compute_pos_tip_product_id|_compute_pos_pricelist_id|_compute_pos_allowed_pricelist_ids
02 OTHER.zip,point_of_sale,02 OTHER/point_of_sale/models/product_attribute.py,ProductAttribute,product.attribute,product_attribute,1,0,
02 OTHER.zip,point_of_sale,02 OTHER/point_of_sale/models/product_attribute.py,ProductAttributeCustomValue,product.attribute.custom.value,product_attribute_custom_value,2,0,
02 OTHER.zip,point_of_sale,02 OTHER/point_of_sale/models/product_attribute.py,ProductTemplateAttributeLine,product.template.attribute.line,product_template_attribute_line,2,0,
02 OTHER.zip,point_of_sale,02 OTHER/point_of_sale/models/product_attribute.py,ProductTemplateAttributeValue,product.template.attribute.value,product_template_attribute_value,2,0,
02 OTHER.zip,point_of_sale,02 OTHER/point_of_sale/models/product_attribute.py,ProductTemplateAttributeExclusion,product.template.attribute.exclusion,product_template_attribute_exclusion,2,0,
02 OTHER.zip,point_of_sale,02 OTHER/point_of_sale/models/account_fiscal_position.py,AccountFiscalPosition,account.fiscal.position,account_fiscal_position,2,1,action_archive
02 OTHER.zip,point_of_sale,02 OTHER/point_of_sale/models/pos_payment.py,PosPayment,pos.payment,pos_payment,4,3,_compute_display_name|_check_amount|_check_payment_method_id
02 OTHER.zip,point_of_sale,02 OTHER/point_of_sale/models/report_sale_details.py,ReportPoint_Of_SaleReport_Saledetails,report.point_of_sale.report_saledetails,report_point_of_sale_report_saledetails,2,0,
02 OTHER.zip,point_of_sale,02 OTHER/point_of_sale/models/pos_printer.py,PosPrinter,pos.printer,pos_printer,5,1,_onchange_epson_printer_ip
02 OTHER.zip,point_of_sale,02 OTHER/point_of_sale/models/res_partner.py,ResPartner,res.partner,res_partner,5,6,_compute_pos_contact_address|_compute_application_statistics_hook|_compute_fiscal_position_id|_compute_pos_order|_compute_invoice_emails|action_view_pos_order
02 OTHER.zip,point_of_sale,02 OTHER/point_of_sale/models/pos_order.py,PosOrder,pos.order,pos_order,24,30,_compute_amount_paid|_compute_invoice_status|_compute_order_config_id|_compute_refund_related_fields|_compute_has_refundable_lines|_compute_is_invoiced|_compute_picking_count|_compute_currency_rate|_compute_is_total_cost_computed|_compute_contact_details|_compute_total_cost_in_real_time|_compute_total_cost_at_session_closing
02 OTHER.zip,point_of_sale,02 OTHER/point_of_sale/models/pos_order.py,PosOrderLine,pos.order.line,pos_order_line,11,10,_compute_refund_qty|create|write|_onchange_amount_line_all|_compute_amount_line_all|_onchange_product_id|_onchange_qty|_compute_total_cost|_compute_margin|unlink
02 OTHER.zip,point_of_sale,02 OTHER/point_of_sale/models/pos_order.py,PosPackOperationLot,pos.pack.operation.lot,pos_pack_operation_lot,2,0,
02 OTHER.zip,point_of_sale,02 OTHER/point_of_sale/models/pos_order.py,AccountCashRounding,account.cash.rounding,account_cash_rounding,3,1,_check_session_state
02 OTHER.zip,point_of_sale,02 OTHER/point_of_sale/models/decimal_precision.py,DecimalPrecision,decimal.precision,decimal_precision,1,0,
02 OTHER.zip,point_of_sale,02 OTHER/point_of_sale/models/product_tag.py,ProductTag,product.tag,product_tag,2,2,_compute_has_image|write
02 OTHER.zip,point_of_sale,02 OTHER/point_of_sale/report/pos_invoice.py,ReportPoint_Of_SaleReport_Invoice,report.point_of_sale.report_invoice,report_point_of_sale_report_invoice,1,0,
02 OTHER.zip,documents_spreadsheet_survey,02 OTHER/documents_spreadsheet_survey/models/survey_survey.py,Survey,survey.survey,survey_survey,1,1,action_survey_open_linked_spreadsheet
02 OTHER.zip,ai_crm_livechat,02 OTHER/ai_crm_livechat/models/ai_agent.py,AIAgent,ai.agent,ai_agent,0,2,_compute_created_leads|action_view_leads
02 OTHER.zip,ai_crm_livechat,02 OTHER/ai_crm_livechat/models/crm_lead.py,CrmLead,crm.lead,crm_lead,1,0,
02 OTHER.zip,website_blog,02 OTHER/website_blog/models/website_blog.py,BlogBlog,blog.blog,blog_blog,2,2,_compute_blog_post_count|write
02 OTHER.zip,website_blog,02 OTHER/website_blog/models/website_blog.py,BlogPost,blog.post,blog_post,4,6,_compute_website_url|_compute_teaser|_compute_post_date|_check_for_publication|create|write
02 OTHER.zip,website_blog,02 OTHER/website_blog/models/website_snippet_filter.py,WebsiteSnippetFilter,website.snippet.filter,website_snippet_filter,1,0,
02 OTHER.zip,event_booth_sale,02 OTHER/event_booth_sale/wizard/event_booth_configurator.py,EventBoothConfigurator,event.booth.configurator,event_booth_configurator,3,3,_compute_event_booth_category_id|_compute_event_booth_ids|_check_if_no_booth_ids
02 OTHER.zip,event_booth_sale,02 OTHER/event_booth_sale/models/sale_order.py,SaleOrder,sale.order,sale_order,1,3,_compute_event_booth_count|action_confirm|action_view_booth_list
02 OTHER.zip,event_booth_sale,02 OTHER/event_booth_sale/models/sale_order_line.py,SaleOrderLine,sale.order.line,sale_order_line,5,6,_compute_event_booth_pending_ids|_inverse_event_booth_pending_ids|_check_event_booth_registration_ids|_onchange_product_id_booth|_onchange_event_id_booth|_compute_name
02 OTHER.zip,event_booth_sale,02 OTHER/event_booth_sale/models/product_template.py,ProductTemplate,product.template,product_template,2,2,_onchange_type_event_booth|_check_service_tracking_for_event_booths
02 OTHER.zip,event_booth_sale,02 OTHER/event_booth_sale/models/product_product.py,ProductProduct,product.product,product_product,2,2,_onchange_type_event_booth|_check_service_tracking_for_event_booths
02 OTHER.zip,event_booth_sale,02 OTHER/event_booth_sale/models/event_booth_category.py,EventBoothCategory,event.booth.category,event_booth_category,8,6,_check_service_tracking|_compute_image_1920|_compute_price|_compute_price_incl|_compute_price_reduce|_compute_price_reduce_taxinc
02 OTHER.zip,event_booth_sale,02 OTHER/event_booth_sale/models/event_type_booth.py,EventTypeBooth,event.type.booth,event_type_booth,1,0,
02 OTHER.zip,event_booth_sale,02 OTHER/event_booth_sale/models/event_booth_registration.py,EventBoothRegistration,event.booth.registration,event_booth_registration,4,4,_compute_contact_name|_compute_contact_email|_compute_contact_phone|action_confirm
02 OTHER.zip,event_booth_sale,02 OTHER/event_booth_sale/models/event_booth.py,EventBooth,event.booth,event_booth,0,2,action_set_paid|action_view_sale_order
02 OTHER.zip,l10n_eg_edi_eta,02 OTHER/l10n_eg_edi_eta/models/account_move.py,AccountMove,account.move,account_move,3,6,_compute_eta_long_id|_compute_eta_qr_code_str|_compute_eta_response_data|button_draft|action_post_sign_invoices|action_get_eta_invoice_pdf
02 OTHER.zip,l10n_eg_edi_eta,02 OTHER/l10n_eg_edi_eta/models/account_edi_format.py,AccountEdiFormat,account.edi.format,account_edi_format,15,1,_check_move_configuration
02 OTHER.zip,l10n_eg_edi_eta,02 OTHER/l10n_eg_edi_eta/models/eta_thumb_drive.py,L10n_Eg_EdiThumbDrive,l10n_eg_edi.thumb.drive,l10n_eg_edi_thumb_drive,0,2,action_sign_invoices|action_set_certificate_from_usb
02 OTHER.zip,l10n_eg_edi_eta,02 OTHER/l10n_eg_edi_eta/models/product_template.py,ProductTemplate,product.template,product_template,2,2,_compute_l10n_eg_eta_code|create
02 OTHER.zip,l10n_eg_edi_eta,02 OTHER/l10n_eg_edi_eta/models/res_currency_rate.py,ResCurrencyRate,res.currency.rate,res_currency_rate,1,1,_onchange_rate_warning
02 OTHER.zip,l10n_eg_edi_eta,02 OTHER/l10n_eg_edi_eta/models/res_partner.py,ResPartner,res.partner,res_partner,1,0,
02 OTHER.zip,l10n_hk_hr_payroll,02 OTHER/l10n_hk_hr_payroll/models/l10n_hk_ir56b.py,L10n_HkIr56b,l10n_hk.ir56b,l10n_hk_ir56b,2,4,_compute_validation_state|action_generate_declarations|_compute_display_name|action_generate_xml
02 OTHER.zip,l10n_hk_hr_payroll,02 OTHER/l10n_hk_hr_payroll/models/l10n_hk_ir56f.py,L10n_HkIr56f,l10n_hk.ir56f,l10n_hk_ir56f,3,4,_compute_validation_state|_compute_period|_check_employees|action_generate_xml
02 OTHER.zip,l10n_hk_hr_payroll,02 OTHER/l10n_hk_hr_payroll/models/hr_version.py,HrVersion,hr.version,hr_version,2,1,_check_l10n_hk_mpf_vc_percentage
02 OTHER.zip,l10n_hk_hr_payroll,02 OTHER/l10n_hk_hr_payroll/models/l10n_hk_ir56g.py,L10n_HkIr56g,l10n_hk.ir56g,l10n_hk_ir56g,1,1,_compute_period
02 OTHER.zip,l10n_hk_hr_payroll,02 OTHER/l10n_hk_hr_payroll/models/hr_payslip_run.py,HrPayslipRun,hr.payslip.run,hr_payslip_run,0,1,action_open_hsbc_autopay_wizard
02 OTHER.zip,l10n_hk_hr_payroll,02 OTHER/l10n_hk_hr_payroll/models/hr_payslip.py,HrPayslip,hr.payslip,hr_payslip,5,7,_compute_worked_days_leaves_count|_compute_gross|_compute_average_daily_wage|_compute_includes_eoy_pay|_compute_l10n_hk_use_mpf_offsetting|write|action_payslip_done
02 OTHER.zip,l10n_hk_hr_payroll,02 OTHER/l10n_hk_hr_payroll/models/res_bank.py,ResBank,res.bank,res_bank,1,1,_check_l10n_hk_bank_code
02 OTHER.zip,l10n_hk_hr_payroll,02 OTHER/l10n_hk_hr_payroll/models/res_company.py,ResCompany,res.company,res_company,3,3,_check_l10n_hk_employer_file_number|_check_l10n_hk_manulife_mpf_scheme|_compute_l10n_hk_employer_name
02 OTHER.zip,l10n_hk_hr_payroll,02 OTHER/l10n_hk_hr_payroll/models/hr_employee.py,HrEmployee,hr.employee,hr_employee,5,5,_check_l10n_hk_autopay_email|_check_l10n_hk_auto_mobile|_compute_legal_name|_compute_l10n_hk_rentals_count|action_open_rentals
02 OTHER.zip,l10n_hk_hr_payroll,02 OTHER/l10n_hk_hr_payroll/models/hr_payslip_worked_days.py,HrPayslipWorkedDays,hr.payslip.worked_days,hr_payslip_worked_days,1,1,_compute_amount
02 OTHER.zip,l10n_hk_hr_payroll,02 OTHER/l10n_hk_hr_payroll/models/hr_payroll_employee_declaration.py,HrPayrollEmployeeDeclaration,hr.payroll.employee.declaration,hr_payroll_employee_declaration,0,1,action_open_ir56g_details
02 OTHER.zip,l10n_hk_hr_payroll,02 OTHER/l10n_hk_hr_payroll/models/l10n_hk_ird.py,L10n_HkIrd,l10n_hk.ird,l10n_hk_ird,7,5,_check_year_of_employer_return|_compute_period|_compute_display_name|_compute_validation_state|_check_employees
02 OTHER.zip,l10n_hk_hr_payroll,02 OTHER/l10n_hk_hr_payroll/models/l10n_hk_manulife_mpf.py,L10n_HkManulifeMpf,l10n_hk.manulife.mpf,l10n_hk_manulife_mpf,6,7,_compute_period|_compute_filename|_compute_line_ids|_compute_display_name|create|write|action_generat_xlsx
02 OTHER.zip,l10n_hk_hr_payroll,02 OTHER/l10n_hk_hr_payroll/models/l10n_hk_rental.py,L10n_HkRental,l10n_hk.rental,l10n_hk_rental,5,6,_compute_company_id|_check_current_rental|_check_dates|create|write|action_open_rentals_list
02 OTHER.zip,l10n_hk_hr_payroll,02 OTHER/l10n_hk_hr_payroll/models/l10n_hk_ir56e.py,L10n_HkIr56e,l10n_hk.ir56e,l10n_hk_ir56e,1,1,_compute_display_name
02 OTHER.zip,l10n_hk_hr_payroll,02 OTHER/l10n_hk_hr_payroll/wizards/hr_payroll_hsbc_autopay_wizard.py,HrPayslipRunHsbcAutopayWizard,hr.payslip.run.hsbc.autopay.wizard,hr_payslip_run_hsbc_autopay_wizard,1,1,_check_payment_set_code
02 OTHER.zip,website_cf_turnstile,02 OTHER/website_cf_turnstile/models/ir_http.py,IrHttp,ir.http,ir_http,3,0,
02 OTHER.zip,l10n_account_withholding_tax_pos,02 OTHER/l10n_account_withholding_tax_pos/models/account_tax.py,AccountTax,account.tax,account_tax,1,0,
02 OTHER.zip,hr_appraisal_skills,02 OTHER/hr_appraisal_skills/models/hr_appraisal.py,HrAppraisal,hr.appraisal,hr_appraisal,3,4,_compute_current_appraisal_skill_ids|_compute_appraisal_skill_ids|create|write
02 OTHER.zip,hr_appraisal_skills,02 OTHER/hr_appraisal_skills/models/hr_appraisal_skill.py,HrAppraisalSkill,hr.appraisal.skill,hr_appraisal_skill,7,9,_check_skill_level|_compute_target_job_skill_progress|_compute_manager_ids|_compute_display_name|_compute_goal_ids|_compute_goals_completion_percentage|_compute_number_of_recommended_goals|action_open_recommend_goals|action_open_current_goals
02 OTHER.zip,hr_appraisal_skills,02 OTHER/hr_appraisal_skills/models/hr_appraisal_goal.py,HrAppraisalGoal,hr.appraisal.goal,hr_appraisal_goal,2,4,_compute_current_goal_skill_ids|create|write|copy
02 OTHER.zip,documents_sign,02 OTHER/documents_sign/wizard/sign_import_documents.py,SignImportFromDocuments,sign.import.documents,sign_import_documents,0,1,action_import_and_create
02 OTHER.zip,documents_sign,02 OTHER/documents_sign/models/sign_document.py,SignDocument,sign.document,sign_document,1,1,create
02 OTHER.zip,documents_sign,02 OTHER/documents_sign/models/documents_document.py,DocumentsDocument,documents.document,documents_document,3,1,_check_no_company_on_sign_folder
02 OTHER.zip,documents_sign,02 OTHER/documents_sign/models/sign_request.py,SignRequest,sign.request,sign_request,1,1,create
02 OTHER.zip,microsoft_account,02 OTHER/microsoft_account/models/microsoft_service.py,MicrosoftService,microsoft.service,microsoft_service,6,0,
02 OTHER.zip,payment_paymob,02 OTHER/payment_paymob/models/payment_provider.py,PaymentProvider,payment.provider,payment_provider,1,3,_check_available_country_currency_ids|_inverse_paymob_account_country_id|action_sync_paymob_payment_methods
02 OTHER.zip,payment_paymob,02 OTHER/payment_paymob/models/payment_transaction.py,PaymentTransaction,payment.transaction,payment_transaction,2,1,_compute_reference
02 OTHER.zip,l10n_be_pos_sale,02 OTHER/l10n_be_pos_sale/models/pos_config.py,PosConfig,pos.config,pos_config,1,0,
02 OTHER.zip,project_account_asset,02 OTHER/project_account_asset/models/project_project.py,ProjectProject,project.project,project_project,1,2,_compute_assets_count|action_open_project_assets
02 OTHER.zip,l10n_sk,02 OTHER/l10n_sk/models/account_move.py,AccountMove,account.move,account_move,1,1,_compute_show_taxable_supply_date
02 OTHER.zip,hr,02 OTHER/hr/wizard/hr_contract_template_wizard.py,HrDepartureWizard,hr.version.wizard,hr_version_wizard,0,1,action_load_template
02 OTHER.zip,hr,02 OTHER/hr/wizard/hr_departure_wizard.py,HrDepartureWizard,hr.departure.wizard,hr_departure_wizard,1,2,_compute_is_user_employee|action_register_departure
02 OTHER.zip,hr,02 OTHER/hr/wizard/mail_activity_schedule.py,MailActivitySchedule,mail.activity.schedule,mail_activity_schedule,3,4,_compute_plan_available_ids|_compute_plan_department_filterable|_compute_department_id|_compute_plan_date
02 OTHER.zip,hr,02 OTHER/hr/wizard/hr_bank_account_allocation_wizard_line.py,BankAccountAllocationLineWizard,hr.bank.account.allocation.wizard.line,hr_bank_account_allocation_wizard_line,1,1,_compute_symbol
02 OTHER.zip,hr,02 OTHER/hr/wizard/hr_bank_account_wizard.py,BankAccountAllocationWizard,hr.bank.account.allocation.wizard,hr_bank_account_allocation_wizard,1,2,create|action_save
02 OTHER.zip,hr,02 OTHER/hr/models/discuss_channel.py,DiscussChannel,discuss.channel,discuss_channel,1,1,write
02 OTHER.zip,hr,02 OTHER/hr/models/hr_departure_reason.py,HrDepartureReason,hr.departure.reason,hr_departure_reason,1,0,
02 OTHER.zip,hr,02 OTHER/hr/models/hr_contract_type.py,HrContractType,hr.contract.type,hr_contract_type,1,1,_compute_code
02 OTHER.zip,hr,02 OTHER/hr/models/hr_version.py,HrVersion,hr.version,hr_version,18,23,_compute_company_id|_compute_job_title|_inverse_job_title|_compute_is_custom_job_title|_compute_allowed_country_state_ids|_check_dates|create|write|_compute_display_name|_compute_is_current|_compute_is_past|_compute_is_future
02 OTHER.zip,hr,02 OTHER/hr/models/mail_activity_plan.py,MailActivityPlan,mail.activity.plan,mail_activity_plan,3,3,_check_compatibility_with_model|_compute_department_assignable|_compute_department_id
02 OTHER.zip,hr,02 OTHER/hr/models/hr_employee_public.py,HrEmployeePublic,hr.employee.public,hr_employee_public,6,10,_compute_from_employee|_compute_last_activity|_compute_country_code|_compute_is_manager|_compute_is_user|_compute_presence_state|_compute_presence_icon|_compute_member_of_department|_compute_manager_only_fields|_compute_newly_hired
02 OTHER.zip,hr,02 OTHER/hr/models/mail_activity_plan_template.py,MailActivityPlanTemplate,mail.activity.plan.template,mail_activity_plan_template,1,1,_check_responsible_hr
02 OTHER.zip,hr,02 OTHER/hr/models/resource_calendar_leaves.py,ResourceCalendarLeaves,resource.calendar.leaves,resource_calendar_leaves,1,1,_compute_calendar_id
02 OTHER.zip,hr,02 OTHER/hr/models/hr_department.py,HrDepartment,hr.department,hr_department,7,12,_compute_display_name|_compute_complete_name|_compute_master_department_id|_compute_total_employee|_compute_plan_count|_check_parent_id|create|_compute_company_id|write|action_plan_from_department|action_employee_from_department|action_open_view_child_departments
02 OTHER.zip,hr,02 OTHER/hr/models/resource.py,ResourceResource,resource.resource,resource_resource,3,4,_compute_job_title|_compute_department_id|_compute_avatar_128|_inverse_calendar_id
02 OTHER.zip,hr,02 OTHER/hr/models/hr_job.py,HrJob,hr.job,hr_job,3,4,_compute_employees|_compute_allowed_user_ids|create|write
02 OTHER.zip,hr,02 OTHER/hr/models/res_partner_bank.py,ResPartnerBank,res.partner.bank,res_partner_bank,2,4,_compute_salary_amount|action_open_allocation_wizard|_compute_employee_id|_compute_display_name
02 OTHER.zip,hr,02 OTHER/hr/models/hr_employee.py,HrEmployee,hr.employee,hr_employee,48,48,_compute_is_trusted_bank_account|_compute_has_multiple_bank_accounts|_check_salary_distribution|_onchange_contract_template_id|_onchange_contract_date_start|_onchange_private_state_id|_onchange_phone_validation_employee|_compute_newly_hired|_compute_presence_icon|_compute_legal_name|_compute_version_id|_compute_work_location_name
02 OTHER.zip,hr,02 OTHER/hr/models/res_users.py,ResUsers,res.users,res_users,9,11,_compute_is_system|_compute_is_hr_user|_compute_employee_count|_onchange_private_state_id|create|write|action_get|_compute_company_employee|action_create_employee|action_open_employees|action_related_contact
02 OTHER.zip,hr,02 OTHER/hr/models/hr_mixin.py,HrMixin,,,1,2,create|write
02 OTHER.zip,hr,02 OTHER/hr/models/res_partner.py,ResPartner,res.partner,res_partner,1,4,_compute_employees_count|action_open_employees|_compute_employee|_action_show
02 OTHER.zip,hr,02 OTHER/hr/report/hr_manager_department_report.py,HrManagerDepartmentReport,hr.manager.department.report,hr_manager_department_report,0,1,_compute_has_department_manager_access
02 OTHER.zip,hr_appraisal_survey,02 OTHER/hr_appraisal_survey/wizard/appraisal_select_survey.py,AppraisalSelectSurvey,appraisal.select.survey,appraisal_select_survey,2,3,_compute_allowed_survey_template_ids|_compute_survey_template_id|action_see_results
02 OTHER.zip,hr_appraisal_survey,02 OTHER/hr_appraisal_survey/wizard/appraisal_ask_feedback.py,AppraisalAskFeedback,appraisal.ask.feedback,appraisal_ask_feedback,8,10,_compute_render_model|_compute_subject|_compute_body|_compute_allowed_survey_template_ids|_compute_survey_template_id|_compute_deadline|_onchange_employee_ids|_onchange_template_id|action_send|action_save_as_template
02 OTHER.zip,hr_appraisal_survey,02 OTHER/hr_appraisal_survey/models/survey_survey.py,SurveySurvey,survey.survey,survey_survey,4,6,_onchange_survey_type|_compute_allowed_survey_types|_compute_appraisal_manager_user_ids|action_open_all_survey_inputs|action_survey_user_input_completed|action_survey_user_input
02 OTHER.zip,hr_appraisal_survey,02 OTHER/hr_appraisal_survey/models/survey_survey.py,SurveyUser_Input,survey.user_input,survey_user_input,0,4,action_open_survey_inputs|action_open_all_survey_inputs|action_open_appraisal_survey_results|action_ask_feedback
02 OTHER.zip,hr_appraisal_survey,02 OTHER/hr_appraisal_survey/models/hr_appraisal.py,HrAppraisal,hr.appraisal,hr_appraisal,2,5,_compute_completed_survey_count|_compute_total_survey_count|action_ask_feedback|action_open_survey_inputs|action_open_all_survey_inputs
02 OTHER.zip,pos_stripe,02 OTHER/pos_stripe/models/pos_payment_method.py,PosPaymentMethod,pos.payment.method,pos_payment_method,4,2,_check_stripe_serial_number|action_stripe_key
02 OTHER.zip,l10n_nl_reports,02 OTHER/l10n_nl_reports/wizard/l10n_nl_sbr_icp_wizard.py,L10n_Nl_ReportsSbrIcpWizard,l10n_nl_reports.sbr.icp.wizard,l10n_nl_reports_sbr_icp_wizard,1,2,_compute_sending_conditions|action_download_xbrl_file
02 OTHER.zip,l10n_nl_reports,02 OTHER/l10n_nl_reports/wizard/l10n_nl_reports_sbr_tax_report_wizard.py,L10n_Nl_ReportsSbrTaxReportWizard,l10n_nl_reports.sbr.tax.report.wizard,l10n_nl_reports_sbr_tax_report_wizard,2,4,_compute_sending_conditions|_compute_tax_consultant_order|_check_values|action_download_xbrl_file
02 OTHER.zip,l10n_nl_reports,02 OTHER/l10n_nl_reports/wizard/vat_pay_wizard.py,VATPayWizard,l10n_nl_reports.vat.pay.wizard,l10n_nl_reports_vat_pay_wizard,0,1,action_send_email_instructions
02 OTHER.zip,l10n_nl_reports,02 OTHER/l10n_nl_reports/models/account_return.py,AccountReturn,account.return,account_return,0,1,action_submit
02 OTHER.zip,l10n_nl_reports,02 OTHER/l10n_nl_reports/models/account_sales_report.py,L10n_Nl_ReportsEcSalesReportHandler,l10n_nl_reports.ec.sales.report.handler,l10n_nl_reports_ec_sales_report_handler,1,0,
02 OTHER.zip,l10n_nl_reports,02 OTHER/l10n_nl_reports/models/res_users.py,ResUsers,res.users,res_users,1,0,
02 OTHER.zip,l10n_pe_edi_pos,02 OTHER/l10n_pe_edi_pos/models/account_move.py,AccountMove,account.move,account_move,1,0,
02 OTHER.zip,l10n_pe_edi_pos,02 OTHER/l10n_pe_edi_pos/models/l10n_latam_document_type.py,L10n_LatamDocumentType,l10n_latam.document.type,l10n_latam_document_type,2,0,
02 OTHER.zip,l10n_pe_edi_pos,02 OTHER/l10n_pe_edi_pos/models/pos_session.py,PosSession,pos.session,pos_session,1,0,
02 OTHER.zip,l10n_pe_edi_pos,02 OTHER/l10n_pe_edi_pos/models/pos_config.py,PosConfig,pos.config,pos_config,1,0,
02 OTHER.zip,l10n_pe_edi_pos,02 OTHER/l10n_pe_edi_pos/models/pos_order.py,PosOrder,pos.order,pos_order,1,2,_compute_pe_edi_data|action_pos_order_invoice
02 OTHER.zip,l10n_de_reports,02 OTHER/l10n_de_reports/models/account_move.py,AccountMove,account.move,account_move,1,0,
02 OTHER.zip,l10n_de_reports,02 OTHER/l10n_de_reports/models/company.py,ResCompany,res.company,res_company,1,0,
02 OTHER.zip,l10n_de_reports,02 OTHER/l10n_de_reports/models/account_generic_tax_report.py,L10n_DeTaxReportHandler,l10n_de.tax.report.handler,l10n_de_tax_report_handler,1,0,
02 OTHER.zip,l10n_de_reports,02 OTHER/l10n_de_reports/models/account_sales_report.py,L10n_DeEcSalesReportHandler,l10n_de.ec.sales.report.handler,l10n_de_ec_sales_report_handler,1,0,
02 OTHER.zip,l10n_de_reports,02 OTHER/l10n_de_reports/models/res_partner.py,ResPartner,res.partner,res_partner,2,2,_check_datev_identifier|_check_datev_identifier_customer
02 OTHER.zip,pos_event_iot,02 OTHER/pos_event_iot/models/event_event.py,EventEvent,event.event,event_event,1,0,
02 OTHER.zip,l10n_au_hr_payroll,02 OTHER/l10n_au_hr_payroll/models/hr_version.py,HrVersion,hr.version,hr_version,17,15,_check_l10n_au_schedule_pay|_check_l10n_au_work_country|_check_l10n_au_tax_treatment|_check_l10n_au_tax_treatment_option|_check_l10n_au_loan_and_medicare|_check_l10n_au_tfn|write|_compute_l10n_au_income_stream_type|_compute_l10n_au_tax_treatment_code|_compute_l10n_au_tfn|_compute_l10n_au_medicare_reduction|_compute_wage
02 OTHER.zip,l10n_au_hr_payroll,02 OTHER/l10n_au_hr_payroll/models/hr_payroll_structure.py,HrPayrollStructure,hr.payroll.structure,hr_payroll_structure,1,1,create
02 OTHER.zip,l10n_au_hr_payroll,02 OTHER/l10n_au_hr_payroll/models/hr_payslip.py,HrPayslip,hr.payslip,hr_payslip,15,10,_compute_input_line_ids|_compute_l10n_au_extra_negotiated_super|_compute_l10n_au_extra_compulsory_super|_compute_l10n_au_salary_sacrifice_superannuation|_compute_l10n_au_salary_sacrifice_other|_compute_income_stream_type|_compute_payslip_ytd_totals|_check_input_lines|create|action_refresh_from_work_entries
02 OTHER.zip,l10n_au_hr_payroll,02 OTHER/l10n_au_hr_payroll/models/l10n_au_hr_input_details.py,L10n_AuHrInputDetails,l10n_au.hr.input.details,l10n_au_hr_input_details,4,5,_compute_name|_compute_is_backpayment|_compute_rate|_onchange_input_uom|_check_input_details
02 OTHER.zip,l10n_au_hr_payroll,02 OTHER/l10n_au_hr_payroll/models/hr_employee.py,HrEmployee,hr.employee,hr_employee,4,5,_compute_l10n_au_abn|_inverse_l10n_au_abn|_compute_proportion_warnings|_compute_payroll_id|write
02 OTHER.zip,l10n_au_hr_payroll,02 OTHER/l10n_au_hr_payroll/models/hr_payslip_worked_days.py,HrPayslipWorkedDays,hr.payslip.worked_days,hr_payslip_worked_days,0,1,_compute_amount
02 OTHER.zip,l10n_au_hr_payroll,02 OTHER/l10n_au_hr_payroll/models/l10n_au_super_account.py,L10n_AuSuperAccount,l10n_au.super.account,l10n_au_super_account,1,1,_compute_display_name
02 OTHER.zip,l10n_au_hr_payroll,02 OTHER/l10n_au_hr_payroll/models/hr_payslip_input.py,HrPayslipInput,hr.payslip.input,hr_payslip_input,4,4,_compute_amount|create|write|_compute_input_details_id
02 OTHER.zip,l10n_au_hr_payroll,02 OTHER/l10n_au_hr_payroll/wizards/l10n_au_termination_payment.py,L10n_AuTerminationPayment,l10n_au.termination.payment,l10n_au_termination_payment,4,3,_compute_contract_id|_compute_unused_leaves|button_terminate
02 OTHER.zip,sale_pdf_quote_builder,02 OTHER/sale_pdf_quote_builder/models/ir_actions_report.py,IrActionsReport,ir.actions.report,ir_actions_report,4,0,
02 OTHER.zip,sale_pdf_quote_builder,02 OTHER/sale_pdf_quote_builder/models/sale_order.py,SaleOrder,sale.order,sale_order,3,3,_compute_available_quotation_document_ids|_compute_is_pdf_quote_builder_available|_onchange_sale_order_template_id
02 OTHER.zip,sale_pdf_quote_builder,02 OTHER/sale_pdf_quote_builder/models/sale_pdf_form_field.py,SalePdfFormField,sale.pdf.form.field,sale_pdf_form_field,6,3,_check_form_field_name_follows_pattern|_check_valid_and_existing_paths|_check_document_type_and_document_linked_compatibility
02 OTHER.zip,sale_pdf_quote_builder,02 OTHER/sale_pdf_quote_builder/models/sale_order_line.py,SaleOrderLine,sale.order.line,sale_order_line,2,2,_onchange_product|_compute_available_product_document_ids
02 OTHER.zip,sale_pdf_quote_builder,02 OTHER/sale_pdf_quote_builder/models/product_document.py,ProductDocument,product.document,product_document,2,3,_check_attached_on_and_datas_compatibility|_compute_form_field_ids|action_open_pdf_form_fields
02 OTHER.zip,sale_pdf_quote_builder,02 OTHER/sale_pdf_quote_builder/models/quotation_document.py,QuotationDocument,quotation.document,quotation_document,3,4,_check_pdf_validity|_compute_form_field_ids|action_open_pdf_form_fields|create
02 OTHER.zip,l10n_ee_reports,02 OTHER/l10n_ee_reports/wizard/kmd_inf_return_wizard.py,L10n_Ee_KMDINFReturnSubmissionWizard,l10n_ee_reports.kmd.inf.return.submission.wizard,l10n_ee_reports_kmd_inf_return_submission_wizard,0,1,action_proceed_with_submission
02 OTHER.zip,l10n_ee_reports,02 OTHER/l10n_ee_reports/wizard/tax_return_type_wizard.py,L10n_Ee_ReportsTaxReturnSubmissionWizard,l10n_ee_reports.tax.return.submission.wizard,l10n_ee_reports_tax_return_submission_wizard,0,1,action_proceed_with_submission
02 OTHER.zip,l10n_ee_reports,02 OTHER/l10n_ee_reports/wizard/ec_sales_list_submission_wizard.py,L10n_Ee_ReportsEcSalesListSubmissionWizard,l10n_ee_reports.ec.sales.list.submission.wizard,l10n_ee_reports_ec_sales_list_submission_wizard,0,1,action_proceed_with_submission
02 OTHER.zip,l10n_ee_reports,02 OTHER/l10n_ee_reports/models/account_return.py,AccountReturn,account.return,account_return,0,1,action_submit
02 OTHER.zip,l10n_ee_reports,02 OTHER/l10n_ee_reports/models/account_report.py,L10n_EeTaxReportHandler,l10n_ee.tax.report.handler,l10n_ee_tax_report_handler,0,2,action_audit_cell|_compute_xml_version
02 OTHER.zip,l10n_ee_reports,02 OTHER/l10n_ee_reports/models/account_report.py,L10n_EeKmdInfReportHandler,l10n_ee.kmd.inf.report.handler,l10n_ee_kmd_inf_report_handler,0,1,action_warning_partners
02 OTHER.zip,website_helpdesk_forum,02 OTHER/website_helpdesk_forum/models/helpdesk.py,HelpdeskTeam,helpdesk.team,helpdesk_team,2,2,_compute_show_knowledge_base_forum|_compute_top_forum_posts
02 OTHER.zip,website_helpdesk_forum,02 OTHER/website_helpdesk_forum/models/helpdesk.py,HelpdeskTicket,helpdesk.ticket,helpdesk_ticket,4,4,_compute_can_share_forum|_compute_forum_post_count|action_share_ticket_on_forum|action_open_forum_posts
02 OTHER.zip,website_helpdesk_forum,02 OTHER/website_helpdesk_forum/models/forum_forum.py,ForumForum,forum.forum,forum_forum,0,2,_compute_team_count|action_open_helpdesk_team
02 OTHER.zip,website_helpdesk_forum,02 OTHER/website_helpdesk_forum/models/forum_post.py,ForumPost,forum.post,forum_post,3,1,_compute_show_ticket
02 OTHER.zip,website_helpdesk_forum,02 OTHER/website_helpdesk_forum/wizards/helpdesk_ticket_select_forum.py,HelpdeskTicketSelectForumWizard,helpdesk.ticket.select.forum.wizard,helpdesk_ticket_select_forum_wizard,2,4,action_confirm_selection|_compute_post|action_create_post|action_create_view_post
02 OTHER.zip,stock_dropshipping,02 OTHER/stock_dropshipping/models/purchase.py,PurchaseOrder,purchase.order,purchase_order,1,3,_compute_incoming_picking_count|action_view_picking|action_view_dropship
02 OTHER.zip,stock_dropshipping,02 OTHER/stock_dropshipping/models/stock.py,StockRule,stock.rule,stock_rule,2,1,_compute_picking_type_code_domain
02 OTHER.zip,stock_dropshipping,02 OTHER/stock_dropshipping/models/stock.py,StockPicking,stock.picking,stock_picking,1,1,_compute_is_dropship
02 OTHER.zip,stock_dropshipping,02 OTHER/stock_dropshipping/models/stock.py,StockPickingType,stock.picking.type,stock_picking_type,2,4,_compute_default_location_src_id|_compute_default_location_dest_id|_compute_warehouse_id|_compute_show_picking_type
02 OTHER.zip,stock_dropshipping,02 OTHER/stock_dropshipping/models/stock.py,StockLot,stock.lot,stock_lot,0,1,_compute_partner_ids
02 OTHER.zip,stock_dropshipping,02 OTHER/stock_dropshipping/models/res_company.py,ResCompany,res.company,res_company,3,0,
02 OTHER.zip,stock_dropshipping,02 OTHER/stock_dropshipping/models/sale.py,SaleOrder,sale.order,sale_order,1,3,_compute_picking_ids|action_view_delivery|action_view_dropship
02 OTHER.zip,stock_dropshipping,02 OTHER/stock_dropshipping/models/sale.py,SaleOrderLine,sale.order.line,sale_order_line,1,2,_compute_is_mto|_compute_product_updatable
02 OTHER.zip,pos_platform_order,02 OTHER/pos_platform_order/models/platform_order_pricelist_line.py,PlatformOrderPricelistLine,platform.order.pricelist.line,platform_order_pricelist_line,1,1,_check_currency
02 OTHER.zip,pos_platform_order,02 OTHER/pos_platform_order/models/pos_session.py,PosSession,pos.session,pos_session,1,0,
02 OTHER.zip,pos_platform_order,02 OTHER/pos_platform_order/models/product_template.py,ProductTemplate,product.template,product_template,0,1,write
02 OTHER.zip,pos_platform_order,02 OTHER/pos_platform_order/models/res_company.py,ResCompany,res.company,res_company,1,1,create
02 OTHER.zip,pos_platform_order,02 OTHER/pos_platform_order/models/platform_order_entity.py,PlatformOrderEntity,platform.order.entity,platform_order_entity,4,4,_compute_display_name|_compute_available_categ_ids_domain|_onchange_provider_id|action_sync_menu
02 OTHER.zip,pos_platform_order,02 OTHER/pos_platform_order/models/pos_payment.py,PosPayment,pos.payment,pos_payment,1,1,_check_payment_method_id
02 OTHER.zip,pos_platform_order,02 OTHER/pos_platform_order/models/platform_order_provider.py,PlatformOrderProvider,platform.order.provider,platform_order_provider,12,4,button_immediate_install|_check_required_if_provider|create|write
02 OTHER.zip,pos_platform_order,02 OTHER/pos_platform_order/models/pos_order.py,PosOrder,pos.order,pos_order,2,0,
02 OTHER.zip,esg,02 OTHER/esg/wizard/factors_auto_assignment_wizard.py,FactorsAutoAssignmentWizard,factors.auto.assignment.wizard,factors_auto_assignment_wizard,0,1,action_save
02 OTHER.zip,esg,02 OTHER/esg/models/esg_emission_source.py,EsgEmissionSource,esg.emission.source,esg_emission_source,6,5,_check_no_cyclic_dependencies|_compute_level|_compute_scope|_compute_activity_flow|_compute_complete_name
02 OTHER.zip,esg,02 OTHER/esg/models/carbon_report.py,CarbonReportHandler,esg.carbon.report.handler,esg_carbon_report_handler,0,1,action_audit_cell
02 OTHER.zip,esg,02 OTHER/esg/models/account_move.py,AccountMove,account.move,account_move,2,4,_compute_esg_show_emissions_button|_compute_esg_emissions_value|action_view_move_emissions|copy
02 OTHER.zip,esg,02 OTHER/esg/models/esg_other_emission.py,EsgOtherEmission,esg.other.emission,esg_other_emission,5,5,_compute_esg_emission_multiplicator|_compute_esg_emissions_value|_compute_esg_uncertainty_absolute_value|_compute_uom_id|_compute_currency_id
02 OTHER.zip,esg,02 OTHER/esg/models/esg_emission_factor.py,EsgEmissionFactor,esg.emission.factor,esg_emission_factor,6,7,_compute_unit_name|_compute_esg_emissions_value|_compute_uom_id|_compute_currency_id|_compute_activity_type_ids|_compute_nb_linked_emissions|action_open_linked_emissions
02 OTHER.zip,esg,02 OTHER/esg/models/esg_emission_factor_line.py,EsgEmissionFactorLine,esg.emission.factor.line,esg_emission_factor_line,2,3,_compute_esg_emissions_value|_compute_display_name|write
02 OTHER.zip,esg,02 OTHER/esg/models/account_move_line.py,AccountMoveLine,account.move.line,account_move_line,4,5,_compute_esg_emission_multiplicator|_compute_esg_emissions_value|_compute_esg_uncertainty_absolute_value|_compute_esg_emission_factor_id|_inverse_esg_emission_factor_id
02 OTHER.zip,esg,02 OTHER/esg/models/esg_gas.py,EsgGas,esg.gas,esg_gas,0,1,_compute_is_mandatory_gas
02 OTHER.zip,esg,02 OTHER/esg/models/account_account.py,AccountAccount,account.account,account_account,2,3,_onchange_account_type|create|write
02 OTHER.zip,esg,02 OTHER/esg/models/esg_database.py,EsgDatabase,esg.database,esg_database,1,5,_compute_kanban_display|_compute_can_be_downloaded|action_load_data|_action_import_ademe_file|_action_import_efdb_from_ipcc
02 OTHER.zip,esg,02 OTHER/esg/models/esg_assignation_line.py,EsgAssignationLine,esg.assignation.line,esg_assignation_line,1,1,_check_unique_assignation_line_from_all_factors
02 OTHER.zip,esg,02 OTHER/esg/report/esg_carbon_emission_report.py,EsgCarbonEmissionReport,esg.carbon.emission.report,esg_carbon_emission_report,2,6,_compute_uom_id|_compute_currency_id|action_open_emission_form|write|unlink|copy
02 OTHER.zip,delivery_bpost,02 OTHER/delivery_bpost/models/bpost_request.py,BpostRequest,,,0,2,_compute_boxes|_compute_return_boxes
02 OTHER.zip,delivery_bpost,02 OTHER/delivery_bpost/models/delivery_bpost.py,DeliveryCarrier,delivery.carrier,delivery_carrier,2,1,_compute_can_generate_return
02 OTHER.zip,delivery_shiprocket,02 OTHER/delivery_shiprocket/models/payment_provider.py,PaymentProvider,payment.provider,payment_provider,1,0,
02 OTHER.zip,delivery_shiprocket,02 OTHER/delivery_shiprocket/models/stock_package_type.py,StockPackageType,stock.package.type,stock_package_type,2,2,_check_shiprocket_required_value|_compute_length_uom_name
02 OTHER.zip,delivery_shiprocket,02 OTHER/delivery_shiprocket/models/delivery_carrier.py,DeliveryCarrier,delivery.carrier,delivery_carrier,0,3,action_shiprocket_test_connection|action_get_channels|action_get_couriers
02 OTHER.zip,mass_mailing_sms,02 OTHER/mass_mailing_sms/wizard/sms_composer.py,SmsComposer,sms.composer,sms_composer,1,0,
02 OTHER.zip,mass_mailing_sms,02 OTHER/mass_mailing_sms/wizard/mailing_sms_test.py,MailingSmsTest,mailing.sms.test,mailing_sms_test,0,1,action_send_sms
02 OTHER.zip,mass_mailing_sms,02 OTHER/mass_mailing_sms/models/mailing_trace.py,MailingTrace,mailing.trace,mailing_trace,3,2,_compute_sms_id|create
02 OTHER.zip,mass_mailing_sms,02 OTHER/mass_mailing_sms/models/mailing_list.py,MailingList,mailing.list,mailing_list,0,3,action_view_mailings|action_view_contacts_sms|action_send_mailing_sms
02 OTHER.zip,mass_mailing_sms,02 OTHER/mass_mailing_sms/models/sms_tracker.py,SmsTracker,sms.tracker,sms_tracker,0,2,_action_update_from_provider_error|_action_update_from_sms_state
02 OTHER.zip,mass_mailing_sms,02 OTHER/mass_mailing_sms/models/utm.py,UtmCampaign,utm.campaign,utm_campaign,2,3,_compute_mailing_sms_count|action_create_mass_sms|action_redirect_to_mailing_sms
02 OTHER.zip,mass_mailing_sms,02 OTHER/mass_mailing_sms/models/res_users.py,ResUsers,res.users,res_users,1,0,
02 OTHER.zip,mass_mailing_sms,02 OTHER/mass_mailing_sms/models/mailing_mailing.py,MailingMailing,mailing.mailing,mailing_mailing,5,11,_compute_medium_id|_compute_body_plaintext|_compute_sms_has_iap_failure|create|action_retry_failed|action_retry_failed_sms|action_test|_action_view_traces_filtered|action_buy_sms_credits|_action_send_mail|action_send_sms
02 OTHER.zip,website_links,02 OTHER/website_links/models/link_tracker.py,LinkTracker,link.tracker,link_tracker,0,2,action_visit_page_statistics|_compute_short_url_host
02 OTHER.zip,microsoft_calendar,02 OTHER/microsoft_calendar/models/calendar_alarm_manager.py,AlarmManager,calendar.alarm_manager,calendar_alarm_manager,1,0,
02 OTHER.zip,microsoft_calendar,02 OTHER/microsoft_calendar/models/res_users_settings.py,ResUsersSettings,res.users.settings,res_users_settings,1,0,
02 OTHER.zip,microsoft_calendar,02 OTHER/microsoft_calendar/models/microsoft_sync.py,MicrosoftCalendarSync,microsoft.calendar.sync,microsoft_calendar_sync,7,4,write|create|unlink|_check_old_event_update_required
02 OTHER.zip,microsoft_calendar,02 OTHER/microsoft_calendar/models/calendar.py,CalendarEvent,calendar.event,calendar_event,8,7,_check_microsoft_sync_status|create|_check_organizer_validation|_check_recurrence_overlapping|write|unlink|action_mass_archive
02 OTHER.zip,microsoft_calendar,02 OTHER/microsoft_calendar/models/res_users.py,ResUsers,res.users,res_users,3,0,
02 OTHER.zip,microsoft_calendar,02 OTHER/microsoft_calendar/models/calendar_recurrence_rule.py,CalendarRecurrence,calendar.recurrence,calendar_recurrence,2,2,_compute_rrule|_inverse_rrule
02 OTHER.zip,l10n_se,02 OTHER/l10n_se/models/account_move.py,AccountMove,account.move,account_move,2,1,_onchange_partner_id
02 OTHER.zip,l10n_se,02 OTHER/l10n_se/models/account_journal.py,AccountJournal,account.journal,account_journal,1,1,_check_l10n_se_invoice_ocr_length
02 OTHER.zip,l10n_se,02 OTHER/l10n_se/models/res_company.py,ResCompany,res.company,res_company,1,1,_compute_org_number
02 OTHER.zip,l10n_se,02 OTHER/l10n_se/models/res_partner.py,ResPartner,res.partner,res_partner,1,0,
02 OTHER.zip,auth_password_policy,02 OTHER/auth_password_policy/models/res_users.py,ResUsers,res.users,res_users,1,1,_check_password_policy
02 OTHER.zip,auth_password_policy,02 OTHER/auth_password_policy/models/res_config_settings.py,ResConfigSettings,res.config.settings,res_config_settings,1,0,
02 OTHER.zip,l10n_ie_intrastat,02 OTHER/l10n_ie_intrastat/models/account_return.py,AccountReturnType,account.return.type,account_return_type,1,0,
02 OTHER.zip,documents_hr_payroll,02 OTHER/documents_hr_payroll/models/hr_payroll_declaration_mixin.py,HrPayrollDeclarationMixin,hr.payroll.declaration.mixin,hr_payroll_declaration_mixin,1,3,action_see_documents|_compute_documents_count|action_post_in_documents
02 OTHER.zip,documents_hr_payroll,02 OTHER/documents_hr_payroll/models/hr_payslip_run.py,HrPayslipRun,hr.payslip.run,hr_payslip_run,0,1,unlink
02 OTHER.zip,documents_hr_payroll,02 OTHER/documents_hr_payroll/models/hr_payslip.py,HrPayslip,hr.payslip,hr_payslip,1,4,action_resend_payslips|_check_create_documents|_compute_document_access_url|_check_send_payslip_mail
02 OTHER.zip,documents_hr_payroll,02 OTHER/documents_hr_payroll/models/hr_employee.py,HrEmployee,hr.employee,hr_employee,0,1,action_resend_payslips
02 OTHER.zip,documents_hr_payroll,02 OTHER/documents_hr_payroll/models/hr_payroll_employee_declaration.py,HrPayrollEmployeeDeclaration,hr.payroll.employee.declaration,hr_payroll_employee_declaration,2,4,_compute_state|create|write|action_post_in_documents
02 OTHER.zip,quality_mrp_workorder,02 OTHER/quality_mrp_workorder/models/product.py,ProductTemplate,product.template,product_template,0,2,action_see_quality_control_points|action_see_quality_checks
02 OTHER.zip,quality_mrp_workorder,02 OTHER/quality_mrp_workorder/models/product.py,ProductProduct,product.product,product_product,0,2,action_see_quality_control_points|action_see_quality_checks
02 OTHER.zip,quality_mrp_workorder,02 OTHER/quality_mrp_workorder/models/mrp_workorder.py,MrpWorkorder,mrp.workorder,mrp_workorder,0,1,button_quality_alert
02 OTHER.zip,quality_mrp_workorder,02 OTHER/quality_mrp_workorder/models/quality.py,QualityPoint,quality.point,quality_point,2,1,_check_measure_frequency_type
02 OTHER.zip,quality_mrp_workorder,02 OTHER/quality_mrp_workorder/models/quality.py,QualityCheck,quality.check,quality_check,0,3,_check_to_unlink|action_pass_and_next|action_fail_and_next
02 OTHER.zip,helpdesk_fsm,02 OTHER/helpdesk_fsm/wizard/create_task.py,HelpdeskCreateFsmTask,helpdesk.create.fsm.task,helpdesk_create_fsm_task,1,2,action_generate_task|action_generate_and_view_task
02 OTHER.zip,helpdesk_fsm,02 OTHER/helpdesk_fsm/models/helpdesk_ticket.py,HelpdeskTicket,helpdesk.ticket,helpdesk_ticket,1,3,_compute_fsm_task_count|action_view_fsm_tasks|action_generate_fsm_task
02 OTHER.zip,helpdesk_fsm,02 OTHER/helpdesk_fsm/models/project_task.py,ProjectTask,project.task,project_task,3,5,_compute_display_helpdesk_ticket_button|action_project_sharing_view_ticket|action_open_helpdesk_ticket|write|create
02 OTHER.zip,helpdesk_fsm,02 OTHER/helpdesk_fsm/models/helpdesk_team.py,HelpdeskTeam,helpdesk.team,helpdesk_team,1,1,_compute_fsm_project_id
02 OTHER.zip,test_assetsbundle,02 OTHER/test_assetsbundle/tests/test_assetsbundle.py,TestAssetsBundleWithIRAMock,,,1,2,create|unlink
02 OTHER.zip,hr_attendance_gantt,02 OTHER/hr_attendance_gantt/models/hr_attendance.py,HrAttendance,hr.attendance,hr_attendance,2,2,_compute_overtime_progress|action_open_details
02 OTHER.zip,l10n_in_reports,02 OTHER/l10n_in_reports/wizard/gstr1_submission_wizard.py,L10n_InGstr1SubmissionWizard,l10n_in.gstr1.submission.wizard,l10n_in_gstr1_submission_wizard,0,1,action_proceed_with_submission
02 OTHER.zip,l10n_in_reports,02 OTHER/l10n_in_reports/models/account_move.py,AccountMove,account.move,account_move,6,5,_compute_l10n_in_transaction_type|_compute_l10n_in_reversed_entry_warning|button_draft|action_l10n_in_bill_set_gstr2b_manual_matching|action_l10n_in_bill_reset_gstr2b_manual_matching
02 OTHER.zip,l10n_in_reports,02 OTHER/l10n_in_reports/models/account_batch_payment.py,AccountBatchPayment,account.batch.payment,account_batch_payment,0,1,_check_payorder_deletion
02 OTHER.zip,l10n_in_reports,02 OTHER/l10n_in_reports/models/account_journal.py,AccountJournal,account.journal,account_journal,1,1,_compute_has_enet_payment_method
02 OTHER.zip,l10n_in_reports,02 OTHER/l10n_in_reports/models/l10n_in_report_handler.py,L10n_InReportHandler,l10n_in.report.handler,l10n_in_report_handler,17,0,
02 OTHER.zip,l10n_in_reports,02 OTHER/l10n_in_reports/models/account_payment_method.py,AccountPaymentMethod,account.payment.method,account_payment_method,1,0,
02 OTHER.zip,l10n_in_reports,02 OTHER/l10n_in_reports/models/account_payment.py,AccountPayment,account.payment,account_payment,2,0,
02 OTHER.zip,l10n_in_reports,02 OTHER/l10n_in_reports/models/account_return.py,AccountReturn,account.return,account_return,3,18,_compute_show_submit_button|_compute_visible_states|_compute_rtn_period_month_year|action_l10n_in_send_gstr1|action_generate_document_summary|action_open_document_summary|button_gstr1_filed|action_get_gstr2b_view_reconciled_invoice|action_get_l10n_in_gstr2b_data|button_gstr2b_completed|action_l10n_in_get_irn_data|action_reset_tax_return_common
02 OTHER.zip,l10n_in_reports,02 OTHER/l10n_in_reports/models/account_return.py,AccountReturnCheck,account.return.check,account_return_check,0,2,action_review|action_get_irn_data_from_check
02 OTHER.zip,l10n_in_reports,02 OTHER/l10n_in_reports/models/gstr_document_summary.py,GSTRDocumentSummaryLine,l10n_in.gstr.document.summary.line,l10n_in_gstr_document_summary_line,3,3,_check_serial|_compute_total_issued|_compute_net_issued
02 OTHER.zip,l10n_in_reports,02 OTHER/l10n_in_reports/models/res_config_settings.py,ResConfigSettings,res.config.settings,res_config_settings,1,1,_compute_l10n_in_gstr_gst_token_valid
02 OTHER.zip,test_ai_fields,02 OTHER/test_ai_fields/models/models.py,TestAiFields,test.ai.fields.model,test_ai_fields_model,1,0,
02 OTHER.zip,spreadsheet_sale_management,02 OTHER/spreadsheet_sale_management/models/sale_order_spreadsheet.py,SaleOrderSpreadsheet,sale.order.spreadsheet,sale_order_spreadsheet,3,2,create|action_open_spreadsheet
02 OTHER.zip,spreadsheet_sale_management,02 OTHER/spreadsheet_sale_management/models/sale_order.py,SaleOrder,sale.order,sale_order,2,5,_onchange_spreadsheet_template_id|_compute_spreadsheet_id|action_open_sale_order_spreadsheet|copy|write
02 OTHER.zip,sale_timesheet,02 OTHER/sale_timesheet/wizard/sale_make_invoice_advance.py,SaleAdvancePaymentInv,sale.advance.payment.inv,sale_advance_payment_inv,1,1,_compute_invoicing_timesheet_enabled
02 OTHER.zip,sale_timesheet,02 OTHER/sale_timesheet/models/account_move.py,AccountMove,account.move,account_move,2,4,_compute_timesheet_total_duration|_compute_timesheet_count|action_view_timesheet|action_post
02 OTHER.zip,sale_timesheet,02 OTHER/sale_timesheet/models/hr_timesheet.py,AccountAnalyticLine,account.analytic.line,account_analytic_line,6,9,_compute_commercial_partner|_compute_timesheet_invoice_type|_compute_so_line|_compute_partner_id|_compute_project_id|_check_timesheet_can_be_billed|_check_can_write|action_sale_order_from_timesheet|action_invoice_from_timesheet
02 OTHER.zip,sale_timesheet,02 OTHER/sale_timesheet/models/sale_order.py,SaleOrder,sale.order,sale_order,2,6,_compute_timesheet_count|_compute_timesheet_total_duration|_compute_field_value|_compute_show_hours_recorded_button|create|action_view_timesheet
02 OTHER.zip,sale_timesheet,02 OTHER/sale_timesheet/models/account_move_line.py,AccountMoveLine,account.move.line,account_move_line,1,1,unlink
02 OTHER.zip,sale_timesheet,02 OTHER/sale_timesheet/models/sale_order_line.py,SaleOrderLine,sale.order.line,sale_order_line,7,5,_compute_display_name|_compute_remaining_hours_available|_compute_remaining_hours|_compute_qty_delivered_method|_compute_qty_delivered
02 OTHER.zip,sale_timesheet,02 OTHER/sale_timesheet/models/product_template.py,ProductTemplate,product.template,product_template,4,5,_compute_service_upsell_threshold_ratio|_compute_visible_expense_policy|_onchange_service_fields|_onchange_service_policy|write
02 OTHER.zip,sale_timesheet,02 OTHER/sale_timesheet/models/product_product.py,ProductProduct,product.product,product_product,2,3,_onchange_service_fields|_onchange_service_policy|write
02 OTHER.zip,sale_timesheet,02 OTHER/sale_timesheet/models/hr_employee.py,HrEmployee,hr.employee,hr_employee,1,0,
02 OTHER.zip,sale_timesheet,02 OTHER/sale_timesheet/models/project_task.py,ProjectTask,project.task,project_task,5,6,_compute_remaining_hours_so|_compute_last_sol_of_customer|_inverse_partner_id|_compute_sale_line|_compute_is_project_map_empty|_compute_has_multi_sol
02 OTHER.zip,sale_timesheet,02 OTHER/sale_timesheet/models/project_project.py,ProjectProject,project.project,project_project,10,13,_compute_pricing_type|_compute_timesheet_product_id|_compute_warning_employee_rate|_compute_partner_id|_compute_sale_line_id|_compute_sale_order_count|_compute_billing_type|_check_sale_line_type|write|action_view_timesheet|action_billable_time_button|action_profitability_items
02 OTHER.zip,sale_timesheet,02 OTHER/sale_timesheet/models/project_sale_line_employee_map.py,ProjectSaleLineEmployeeMap,project.sale.line.employee.map,project_sale_line_employee_map,9,10,_compute_existing_employee_ids|_compute_sale_line_id|_compute_price_unit|_compute_currency_id|_compute_cost|_compute_display_cost|_inverse_display_cost|_compute_is_cost_changed|create|write
02 OTHER.zip,sale_timesheet,02 OTHER/sale_timesheet/report/timesheets_analysis_report.py,TimesheetsAnalysisReport,timesheets.analysis.report,timesheets_analysis_report,2,0,
02 OTHER.zip,esg_project,02 OTHER/esg_project/models/project_project.py,ProjectProject,project.project,project_project,1,0,
02 OTHER.zip,mass_mailing_event_track_sms,02 OTHER/mass_mailing_event_track_sms/models/event.py,EventEvent,event.event,event_event,0,1,action_mass_mailing_track_speakers
02 OTHER.zip,l10n_cl_edi_exports,02 OTHER/l10n_cl_edi_exports/models/l10n_cl_customs_port.py,L10n_ClCustoms_Port,l10n_cl.customs_port,l10n_cl_customs_port,1,1,_compute_display_name
02 OTHER.zip,delivery,02 OTHER/delivery/wizard/choose_delivery_carrier.py,ChooseDeliveryCarrier,choose.delivery.carrier,choose_delivery_carrier,4,5,_onchange_carrier_id|_onchange_order_id|_compute_invoicing_message|_compute_available_carrier|button_confirm
02 OTHER.zip,delivery,02 OTHER/delivery/models/payment_provider.py,PaymentProvider,payment.provider,payment_provider,1,0,
02 OTHER.zip,delivery,02 OTHER/delivery/models/ir_module_module.py,IrModuleModule,ir.module.module,ir_module_module,0,1,action_view_delivery_methods
02 OTHER.zip,delivery,02 OTHER/delivery/models/delivery_price_rule.py,DeliveryPriceRule,delivery.price.rule,delivery_price_rule,1,1,_compute_name
02 OTHER.zip,delivery,02 OTHER/delivery/models/sale_order.py,SaleOrder,sale.order,sale_order,4,7,_compute_partner_shipping_id|_compute_is_service_products|_compute_amount_total_without_delivery|_compute_delivery_state|action_open_delivery_wizard|_action_confirm|_compute_shipping_weight
02 OTHER.zip,delivery,02 OTHER/delivery/models/sale_order_line.py,SaleOrderLine,sale.order.line,sale_order_line,1,4,_compute_product_qty|unlink|_check_line_unlink|_compute_pricelist_item_id
02 OTHER.zip,delivery,02 OTHER/delivery/models/delivery_zip_prefix.py,DeliveryZipPrefix,delivery.zip.prefix,delivery_zip_prefix,1,2,create|write
02 OTHER.zip,delivery,02 OTHER/delivery/models/delivery_carrier.py,DeliveryCarrier,delivery.carrier,delivery_carrier,8,11,_check_tags|_compute_weight_uom_name|_compute_volume_uom_name|_compute_can_generate_return|_compute_supports_shipping_insurance|_onchange_integration_level|_onchange_can_generate_return|_onchange_return_label_on_delivery|_onchange_country_ids|_compute_fixed_price|_compute_currency
02 OTHER.zip,l10n_us_hr_payroll,02 OTHER/l10n_us_hr_payroll/models/hr_version.py,HrVersion,hr.version,hr_version,5,3,_check_us_state_filling_status|_compute_l10n_us_state_filing_status|_check_ssnid
02 OTHER.zip,l10n_us_hr_payroll,02 OTHER/l10n_us_hr_payroll/models/l10n_us_940.py,L10nUsForm940,l10n.us.940,l10n_us_940,4,4,_compute_display_name|_compute_payslips_ids|_compute_allowed_payslip_ids|action_generate_csv
02 OTHER.zip,l10n_us_hr_payroll,02 OTHER/l10n_us_hr_payroll/models/l10n_us_941.py,L10nUsForm941,l10n.us.941,l10n_us_941,4,4,_compute_display_name|_compute_payslips_ids|_compute_allowed_payslip_ids|action_generate_csv
02 OTHER.zip,l10n_us_hr_payroll,02 OTHER/l10n_us_hr_payroll/models/res_config_settings.py,ResConfigSettings,res.config.settings,res_config_settings,0,1,action_open_suta_rule_parameters
02 OTHER.zip,l10n_us_hr_payroll,02 OTHER/l10n_us_hr_payroll/models/l10n_us_w2.py,L10nUsW2,l10n.us.w2,l10n_us_w2,5,5,_compute_date_end|_compute_display_name|_compute_payslips_ids|_compute_allowed_payslip_ids|action_generate_csv
02 OTHER.zip,equity,02 OTHER/equity/models/equity_valuation.py,EquityValuation,equity.valuation,equity_valuation,7,6,_compute_securities|_compute_security_price|_compute_share_price|_inverse_compute_share_price|_compute_display_name|_compute_attachment_number
02 OTHER.zip,equity,02 OTHER/equity/models/equity_ubo.py,EquityUbo,equity.ubo,equity_ubo,5,4,_compute_display_name|_compute_has_percentages|_compute_has_auth_rep_role|_onchange_control_method
02 OTHER.zip,equity,02 OTHER/equity/models/equity_cap_table.py,EquityCapTable,equity.cap.table,equity_cap_table,2,0,
02 OTHER.zip,equity,02 OTHER/equity/models/equity_transaction.py,EquityTransaction,equity.transaction,equity_transaction,15,20,_check_seller_and_subscriber|_check_invalid_securities_error|_check_transaction_type|_compute_expiration_date|_compute_expiration_diff|_compute_invalid_securities_error|_compute_security_price|_compute_transfer_amount|_inverse_compute_transfer_amount|_onchange_transaction_type|_compute_owners_names|_compute_attachment_number
02 OTHER.zip,equity,02 OTHER/equity/models/res_partner.py,ResPartner,res.partner,res_partner,1,8,_compute_transaction_count|_compute_shareholders_count|_compute_equity_last_valuation|_compute_equity_kanban_dashboard_graph|action_open_cap_table|action_open_valuation_list|action_open_transaction_list|action_partner_equity_send
02 OTHER.zip,equity,02 OTHER/equity/models/equity_security_class.py,EquitySecurityClass,equity.security.class,equity_security_class,5,4,_check_existing_transactions|_compute_share_votes|_compute_dividend_payout|_compute_display_name
02 OTHER.zip,delivery_iot,02 OTHER/delivery_iot/wizard/stock_put_in_pack.py,StockPutInPack,stock.put.in.pack,stock_put_in_pack,2,2,_compute_available_scale_ids|_compute_iot_device_id
02 OTHER.zip,industry_fsm_repair,02 OTHER/industry_fsm_repair/models/stock_move.py,StockMove,stock.move,stock_move,0,1,action_open_reference_no_repair
02 OTHER.zip,l10n_br_edi_sale_fiscal_reform,02 OTHER/l10n_br_edi_sale_fiscal_reform/models/sale_order_line.py,SaleOrderLine,sale.order.line,sale_order_line,1,1,_compute_l10n_br_goods_operation_type_id
02 OTHER.zip,purchase,02 OTHER/purchase/tests/test_purchase_order_report.py,TestPurchaseOrderReport,,,1,0,
02 OTHER.zip,purchase,02 OTHER/purchase/wizard/bill_to_po_wizard.py,BillToPoWizard,bill.to.po.wizard,bill_to_po_wizard,0,2,action_add_to_po|action_add_downpayment
02 OTHER.zip,purchase,02 OTHER/purchase/models/purchase_order_line.py,PurchaseOrderLine,purchase.order.line,purchase_order_line,26,23,_compute_amount|_compute_tax_id|_compute_price_unit_discounted|_compute_price_unit_product_uom|_compute_qty_invoiced|_compute_qty_invoiced_at_date|_compute_purchase_line_warn_msg|_compute_qty_received_method|_compute_qty_received|_compute_qty_received_at_date|_inverse_qty_received|_compute_selected_seller_id
02 OTHER.zip,purchase,02 OTHER/purchase/models/purchase_order.py,PurchaseOrder,purchase.order,purchase_order,25,33,_compute_invoice|_check_order_line_company_id|_compute_access_url|_compute_date_calendar_start|_compute_currency_rate|_compute_amount_total_cc|_compute_date_planned|_compute_display_name|_compute_receipt_reminder_email|_compute_tax_totals|_compute_tax_country_id|_compute_show_comparison
02 OTHER.zip,purchase,02 OTHER/purchase/models/account_invoice.py,AccountMove,account.move,account_move,7,10,_onchange_purchase_auto_complete|_onchange_partner_id|_compute_is_purchase_matched|_compute_origin_po_count|_compute_purchase_order_name|_compute_purchase_warning_text|action_purchase_matching|action_view_source_purchase_orders|create|write
02 OTHER.zip,purchase,02 OTHER/purchase/models/account_invoice.py,AccountMoveLine,account.move.line,account_move_line,1,1,_compute_purchase_line_warn_msg
02 OTHER.zip,purchase,02 OTHER/purchase/models/purchase_bill_line_match.py,PurchaseBillLineMatch,purchase.bill.line.match,purchase_bill_line_match,6,11,_inverse_product_uom_price|_inverse_product_uom_qty|_compute_amount_untaxed_fields|_compute_reference|_compute_display_name|_compute_product_uom_qty|_compute_product_uom_price|action_open_line|_action_create_bill_from_po_lines|action_match_lines|action_add_to_po
02 OTHER.zip,purchase,02 OTHER/purchase/models/product.py,ProductTemplate,product.template,product_template,2,3,_compute_purchase_method|_compute_purchased_product_qty|action_view_po
02 OTHER.zip,purchase,02 OTHER/purchase/models/product.py,ProductProduct,product.product,product_product,1,3,_compute_purchased_product_qty|_compute_is_in_purchase_order|action_view_po
02 OTHER.zip,purchase,02 OTHER/purchase/models/product.py,ProductSupplierinfo,product.supplierinfo,product_supplierinfo,1,1,_onchange_partner_id
02 OTHER.zip,purchase,02 OTHER/purchase/models/res_config_settings.py,ResConfigSettings,res.config.settings,res_config_settings,2,2,_onchange_group_product_variant_purchase|_onchange_module_purchase_product_matrix
02 OTHER.zip,purchase,02 OTHER/purchase/models/analytic_account.py,AccountAnalyticAccount,account.analytic.account,account_analytic_account,1,2,_compute_purchase_order_count|action_view_purchase_orders
02 OTHER.zip,purchase,02 OTHER/purchase/models/res_partner.py,ResPartner,res.partner,res_partner,0,2,_compute_purchase_order_count|_compute_application_statistics_hook
02 OTHER.zip,purchase,02 OTHER/purchase/report/purchase_bill.py,PurchaseBillUnion,purchase.bill.union,purchase_bill_union,2,1,_compute_display_name
02 OTHER.zip,voip,02 OTHER/voip/models/voip_provider.py,VoipProvider,voip.provider,voip_provider,1,2,_compute_recording_policy|_inverse_recording_policy
02 OTHER.zip,voip,02 OTHER/voip/models/res_country.py,ResCountry,res.country,res_country,2,0,
02 OTHER.zip,voip,02 OTHER/voip/models/res_users_settings.py,ResUsersSettings,res.users.settings,res_users_settings,1,0,
02 OTHER.zip,voip,02 OTHER/voip/models/mail_activity.py,MailActivity,mail.activity,mail_activity,3,4,_compute_phone|create|write|_action_done
02 OTHER.zip,voip,02 OTHER/voip/models/res_users.py,ResUsers,res.users,res_users,8,6,_compute_external_device_number|_compute_how_to_call_on_mobile|_compute_should_call_from_another_device|_compute_voip_provider_id|_compute_voip_secret|_compute_voip_username
02 OTHER.zip,voip,02 OTHER/voip/models/voip_queue_mixin.py,VoipQueueMixin,voip.queue.mixin,voip_queue_mixin,1,1,_compute_has_call_in_queue
02 OTHER.zip,voip,02 OTHER/voip/models/voip_country_code_mixin.py,VoipCountryCode,voip.country.code.mixin,voip_country_code_mixin,1,1,_compute_phone_country_id
02 OTHER.zip,voip,02 OTHER/voip/models/res_partner.py,ResPartner,res.partner,res_partner,2,1,_compute_t9_name
02 OTHER.zip,voip,02 OTHER/voip/models/voip_call.py,VoipCall,voip.call,voip_call,8,6,_compute_call_count|_compute_display_name|_compute_duration|_compute_is_within_same_company|_compute_country_id|action_open_calls
02 OTHER.zip,appointment_microsoft_calendar,02 OTHER/appointment_microsoft_calendar/models/appointment_type.py,AppointmentType,appointment.type,appointment_type,0,1,_compute_connector_microsoft
02 OTHER.zip,pos_self_order_preparation_display,02 OTHER/pos_self_order_preparation_display/models/pos_config.py,PosConfig,pos.config,pos_config,1,0,
02 OTHER.zip,pos_self_order_preparation_display,02 OTHER/pos_self_order_preparation_display/models/pos_prep_display.py,PosPrepDisplay,pos.prep.display,pos_prep_display,1,0,
02 OTHER.zip,pos_self_order_preparation_display,02 OTHER/pos_self_order_preparation_display/models/pos_order.py,PosOrder,pos.order,pos_order,1,0,
02 OTHER.zip,l10n_uy_edi,02 OTHER/l10n_uy_edi/tests/common.py,TestUyEdi,,,0,1,_check_cfe
02 OTHER.zip,l10n_uy_edi,02 OTHER/l10n_uy_edi/wizard/account_move_send_wizard.py,AccountMoveSendWizard,account.move.send.wizard,account_move_send_wizard,1,1,_action_download
02 OTHER.zip,l10n_uy_edi,02 OTHER/l10n_uy_edi/models/account_move.py,AccountMove,account.move,account_move,4,7,_compute_name|_compute_l10n_uy_edi_is_needed|_compute_l10n_uy_edi_xml_attachment_id|_compute_show_reset_to_draft_button|action_post|button_draft|_compute_l10n_latam_document_type
02 OTHER.zip,l10n_uy_edi,02 OTHER/l10n_uy_edi/models/account_move_send.py,AccountMoveSend,account.move.send,account_move_send,1,0,
02 OTHER.zip,l10n_uy_edi,02 OTHER/l10n_uy_edi/models/account_journal.py,AccountJournal,account.journal,account_journal,1,0,
02 OTHER.zip,l10n_uy_edi,02 OTHER/l10n_uy_edi/models/l10n_uy_edi_document.py,L10n_Uy_EdiDocument,l10n_uy_edi.document,l10n_uy_edi_document,11,6,_compute_from_origin|_compute_linked_attachment_id|action_download_file|action_update_dgi_state|unlink|_check_field_size
02 OTHER.zip,l10n_uy_edi,02 OTHER/l10n_uy_edi/models/l10n_uy_edi_addenda.py,L10n_Uy_EdiAddenda,l10n_uy_edi.addenda,l10n_uy_edi_addenda,1,1,_compute_display_name
02 OTHER.zip,l10n_uy_edi,02 OTHER/l10n_uy_edi/models/res_company.py,ResCompany,res.company,res_company,1,0,
02 OTHER.zip,purchase_requisition,02 OTHER/purchase_requisition/wizard/purchase_requisition_alternative_warning.py,PurchaseRequisitionAlternativeWarning,purchase.requisition.alternative.warning,purchase_requisition_alternative_warning,0,3,action_keep_alternatives|action_cancel_alternatives|_action_done
02 OTHER.zip,purchase_requisition,02 OTHER/purchase_requisition/wizard/purchase_requisition_create_alternative.py,PurchaseRequisitionCreateAlternative,purchase.requisition.create.alternative,purchase_requisition_create_alternative,2,2,_compute_purchase_warn_msg|action_create_alternative
02 OTHER.zip,purchase_requisition,02 OTHER/purchase_requisition/models/purchase.py,PurchaseOrderGroup,purchase.order.group,purchase_order_group,0,1,write
02 OTHER.zip,purchase_requisition,02 OTHER/purchase_requisition/models/purchase.py,PurchaseOrder,purchase.order,purchase_order,2,6,_onchange_requisition_id|button_confirm|create|write|action_create_alternative|action_compare_alternative_lines
02 OTHER.zip,purchase_requisition,02 OTHER/purchase_requisition/models/purchase.py,PurchaseOrderLine,purchase.order.line,purchase_order_line,1,4,_compute_price_total_cc|_compute_price_unit_and_date_planned_and_name|action_clear_quantities|action_choose
02 OTHER.zip,purchase_requisition,02 OTHER/purchase_requisition/models/purchase_requisition.py,PurchaseRequisition,purchase.requisition,purchase_requisition,5,11,_onchange_vendor|_compute_currency_id|_compute_orders_number|_check_dates|create|write|unlink|action_cancel|action_confirm|action_draft|action_done
02 OTHER.zip,purchase_requisition,02 OTHER/purchase_requisition/models/purchase_requisition.py,PurchaseRequisitionLine,purchase.requisition.line,purchase_requisition_line,4,6,_compute_ordered_qty|_compute_product_uom_id|_compute_price_unit|create|write|unlink
02 OTHER.zip,l10n_ec_edi_stock,02 OTHER/l10n_ec_edi_stock/models/stock_warehouse.py,StockWarehouse,stock.warehouse,stock_warehouse,1,2,create|write
02 OTHER.zip,l10n_ec_edi_stock,02 OTHER/l10n_ec_edi_stock/models/stock_picking.py,StockPicking,stock.picking,stock_picking,5,5,_compute_l10n_ec_delivery_guide_dates|_compute_l10n_ec_transfer_reason|_compute_l10n_ec_allow_send_edi|_compute_l10n_ec_is_delivery_guide|button_action_cancel_delivery_guide
02 OTHER.zip,website_crm_iap_reveal,02 OTHER/website_crm_iap_reveal/models/crm_reveal_view.py,CrmRevealView,crm.reveal.view,crm_reveal_view,1,0,
02 OTHER.zip,website_crm_iap_reveal,02 OTHER/website_crm_iap_reveal/models/crm_reveal_rule.py,CrmRevealRule,crm.reveal.rule,crm_reveal_rule,6,7,_compute_lead_count|_check_regex_url|create|write|unlink|action_get_lead_tree_view|action_get_opportunity_tree_view
02 OTHER.zip,stock_barcode_mrp_subcontracting,02 OTHER/stock_barcode_mrp_subcontracting/models/stock_move_line.py,StockMoveLine,stock.move.line,stock_move_line,3,4,_compute_is_subcontract_stock_barcode|_compute_hide_lot_name|create|write
02 OTHER.zip,l10n_co_dian,02 OTHER/l10n_co_dian/wizard/l10n_co_dian_claim_wizard.py,L10nCODianClaimWizard,l10n_co_dian.claim.wizard,l10n_co_dian_claim_wizard,1,1,button_claim
02 OTHER.zip,l10n_co_dian,02 OTHER/l10n_co_dian/models/account_move.py,AccountMove,account.move,account_move,9,8,_compute_l10n_co_dian_cufe|_compute_l10n_co_dian_states|_compute_l10n_co_dian_attachment_id|_compute_l10n_co_dian_identifier_type|_compute_l10n_co_dian_show_support_doc_button|_compute_l10n_co_dian_is_enabled|_compute_l10n_co_dian_update_commercial_event_enabled|_compute_show_reset_to_draft_button
02 OTHER.zip,l10n_co_dian,02 OTHER/l10n_co_dian/models/account_move_send.py,AccountMoveSend,account.move.send,account_move_send,2,0,
02 OTHER.zip,l10n_co_dian,02 OTHER/l10n_co_dian/models/l10n_co_dian_operation_mode.py,L10n_Co_DianOperation_Mode,l10n_co_dian.operation_mode,l10n_co_dian_operation_mode,0,1,_compute_display_name
02 OTHER.zip,l10n_co_dian,02 OTHER/l10n_co_dian/models/account_journal.py,AccountJournal,account.journal,account_journal,1,1,button_l10n_co_dian_fetch_numbering_range
02 OTHER.zip,l10n_co_dian,02 OTHER/l10n_co_dian/models/mail_template.py,MailTemplate,mail.template,mail_template,1,0,
02 OTHER.zip,l10n_co_dian,02 OTHER/l10n_co_dian/models/l10n_co_dian_document.py,L10n_Co_DianDocument,l10n_co_dian.document,l10n_co_dian_document,15,7,_compute_show_button_get_status|_compute_show_button_fetch_attached_document|_compute_message|unlink|action_get_attached_document|action_get_status|action_download_file
02 OTHER.zip,l10n_co_dian,02 OTHER/l10n_co_dian/models/res_company.py,ResCompany,res.company,res_company,1,5,_compute_l10n_co_dian_certification_process|_inverse_l10n_co_dian_certification_process|_compute_l10n_co_dian_demo_mode|_inverse_l10n_co_dian_demo_mode|_inverse_l10n_co_dian_test_environment
02 OTHER.zip,l10n_co_dian,02 OTHER/l10n_co_dian/models/res_config_settings.py,ResConfigSettings,res.config.settings,res_config_settings,1,2,_check_l10n_co_dian_cert_fields|action_l10n_co_certify_with_dian
02 OTHER.zip,l10n_co_dian,02 OTHER/l10n_co_dian/models/res_partner.py,ResPartner,res.partner,res_partner,4,2,_compute_l10n_co_dian_enable_update_data|button_l10n_co_dian_refresh_data
02 OTHER.zip,l10n_co_dian,02 OTHER/l10n_co_dian/models/account_edi_xml_ubl_dian.py,AccountEdiXmlUbl_Dian,account.edi.xml.ubl_dian,account_edi_xml_ubl_dian,2,0,
02 OTHER.zip,l10n_my_ubl_pint,02 OTHER/l10n_my_ubl_pint/models/res_partner.py,ResPartner,res.partner,res_partner,1,0,
02 OTHER.zip,purchase_repair,02 OTHER/purchase_repair/models/purchase_order.py,PurchaseOrder,purchase.order,purchase_order,1,2,_compute_repair_count|action_view_repair_orders
02 OTHER.zip,purchase_repair,02 OTHER/purchase_repair/models/repair_order.py,RepairOrder,repair.order,repair_order,1,2,_compute_purchase_count|action_view_purchase_orders
02 OTHER.zip,website_payment,02 OTHER/website_payment/models/payment_provider.py,PaymentProvider,payment.provider,payment_provider,1,1,copy
02 OTHER.zip,website_payment,02 OTHER/website_payment/models/res_config_settings.py,ResConfigSettings,res.config.settings,res_config_settings,2,3,_compute_active_provider_id|_compute_has_enabled_provider|action_w_payment_start_payment_onboarding
02 OTHER.zip,sale_purchase_stock_inter_company_rules,02 OTHER/sale_purchase_stock_inter_company_rules/models/res_company.py,ResCompany,res.company,res_company,1,1,_compute_intercompany_stock_fields
02 OTHER.zip,sale_purchase_stock_inter_company_rules,02 OTHER/sale_purchase_stock_inter_company_rules/models/stock_picking.py,StockPicking,stock.picking,stock_picking,2,1,button_validate
02 OTHER.zip,l10n_co_edi_pos,02 OTHER/l10n_co_edi_pos/models/pos_edi_xml_ubl_dian.py,PosEdiXmlUBLDian,pos.edi.xml.ubl_dian,pos_edi_xml_ubl_dian,2,0,
02 OTHER.zip,l10n_co_edi_pos,02 OTHER/l10n_co_edi_pos/models/account_journal.py,AccountJournal,account.journal,account_journal,2,1,_compute_l10n_co_edi_pos_sequence_id
02 OTHER.zip,l10n_co_edi_pos,02 OTHER/l10n_co_edi_pos/models/account_move_line.py,AccountMoveLine,account.move.line,account_move_line,0,1,_check_edi_line_tax_required
02 OTHER.zip,l10n_co_edi_pos,02 OTHER/l10n_co_edi_pos/models/l10n_co_dian_document.py,L10nCoDianDocument,l10n_co_dian.document,l10n_co_dian_document,4,0,
02 OTHER.zip,l10n_co_edi_pos,02 OTHER/l10n_co_edi_pos/models/res_company.py,ResCompany,res.company,res_company,2,1,_compute_l10n_co_edi_pos_dian_enabled
02 OTHER.zip,l10n_co_edi_pos,02 OTHER/l10n_co_edi_pos/models/payment_option.py,PaymentOptions,l10n_co_edi.payment.option,l10n_co_edi_payment_option,2,0,
02 OTHER.zip,l10n_co_edi_pos,02 OTHER/l10n_co_edi_pos/models/pos_payment_method.py,PosPaymentMethod,pos.payment.method,pos_payment_method,1,0,
02 OTHER.zip,l10n_co_edi_pos,02 OTHER/l10n_co_edi_pos/models/report_sale_details.py,ReportSaleDetails,report.point_of_sale.report_saledetails,report_point_of_sale_report_saledetails,1,0,
02 OTHER.zip,l10n_co_edi_pos,02 OTHER/l10n_co_edi_pos/models/pos_order.py,PosOrder,pos.order,pos_order,10,10,write|_compute_l10n_co_edi_pos_journal_id|_compute_l10n_co_edi_pos_enable_send|_compute_l10n_co_edi_pos_enable_invoice|_compute_l10n_co_edi_pos_payment_option_id|_compute_l10n_co_edi_pos_invoice_or_refund|_compute_l10n_co_edi_pos_cufe_cude_ref|_compute_from_current_document|_compute_l10n_co_edi_pos_dian_date|_compute_l10n_co_edi_pos_receipt_data
02 OTHER.zip,l10n_ca_payment_cpa005,02 OTHER/l10n_ca_payment_cpa005/models/account_journal.py,AccountJournal,account.journal,account_journal,1,1,_compute_l10n_ca_cpa005_fcn_number_next
02 OTHER.zip,l10n_ca_payment_cpa005,02 OTHER/l10n_ca_payment_cpa005/models/account_payment_method.py,AccountPaymentMethod,account.payment.method,account_payment_method,1,0,
02 OTHER.zip,l10n_ca_payment_cpa005,02 OTHER/l10n_ca_payment_cpa005/models/res_partner_bank.py,ResPartnerBank,res.partner.bank,res_partner_bank,1,1,_check_l10n_ca_cpa005_financial_institution_number
02 OTHER.zip,l10n_ca_payment_cpa005,02 OTHER/l10n_ca_payment_cpa005/models/account_payment.py,AccountPayment,account.payment,account_payment,2,0,
02 OTHER.zip,l10n_ca_payment_cpa005,02 OTHER/l10n_ca_payment_cpa005/models/l10n_ca_cpa005_transaction_code.py,L10n_Ca_Cpa005TransactionCode,l10n_ca_cpa005.transaction.code,l10n_ca_cpa005_transaction_code,1,1,_compute_display_name
02 OTHER.zip,http_routing,02 OTHER/http_routing/models/ir_http.py,IrHttp,ir.http,ir_http,4,0,
02 OTHER.zip,sale_product_matrix,02 OTHER/sale_product_matrix/models/sale_order.py,SaleOrder,sale.order,sale_order,2,0,
02 OTHER.zip,l10n_es_edi_verifactu,02 OTHER/l10n_es_edi_verifactu/wizard/account_move_reversal.py,AccountMoveReversal,account.move.reversal,account_move_reversal,2,2,_compute_l10n_es_edi_verifactu_required|_compute_l10n_es_edi_verifactu_refund_reason
02 OTHER.zip,l10n_es_edi_verifactu,02 OTHER/l10n_es_edi_verifactu/models/account_tax.py,AccountTax,account.tax,account_tax,2,0,
02 OTHER.zip,l10n_es_edi_verifactu,02 OTHER/l10n_es_edi_verifactu/models/account_move.py,AccountMove,account.move,account_move,10,7,_compute_l10n_es_edi_verifactu_available_clave_regimens|_compute_l10n_es_edi_verifactu_clave_regimen|_compute_l10n_es_edi_verifactu_state|_compute_l10n_es_edi_verifactu_qr_code|_compute_l10n_es_edi_verifactu_warning|_compute_l10n_es_edi_verifactu_show_cancel_button|_compute_show_reset_to_draft_button
02 OTHER.zip,l10n_es_edi_verifactu,02 OTHER/l10n_es_edi_verifactu/models/verifactu_document.py,L10nEsEdiVerifactuDocument,l10n_es_edi_verifactu.document,l10n_es_edi_verifactu_document,21,3,_compute_display_name|_compute_json_attachment_filename|_check_record_values
02 OTHER.zip,l10n_es_edi_verifactu,02 OTHER/l10n_es_edi_verifactu/models/account_move_send.py,AccountMoveSend,account.move.send,account_move_send,3,0,
02 OTHER.zip,l10n_fi_intrastat,02 OTHER/l10n_fi_intrastat/wizard/intrastat_goods_submission_wizard.py,L10n_Fi_IntrastatIntrastatGoodsSubmissionWizard,l10n_fi_intrastat.intrastat.goods.submission.wizard,l10n_fi_intrastat_intrastat_goods_submission_wizard,0,1,action_proceed_with_submission
02 OTHER.zip,l10n_fi_intrastat,02 OTHER/l10n_fi_intrastat/models/account_return.py,AccountReturn,account.return,account_return,0,1,action_submit
02 OTHER.zip,l10n_fi_intrastat,02 OTHER/l10n_fi_intrastat/models/account_intrastat_report.py,AccountIntrastatGoodsReportHandler,account.intrastat.goods.report.handler,account_intrastat_goods_report_handler,4,0,
02 OTHER.zip,l10n_it_hr_payroll_sd_worx,02 OTHER/l10n_it_hr_payroll_sd_worx/models/res_company.py,ResCompany,res.company,res_company,1,1,_check_sdworx_code
02 OTHER.zip,l10n_it_hr_payroll_sd_worx,02 OTHER/l10n_it_hr_payroll_sd_worx/models/hr_employee.py,HrEmployee,hr.employee,hr_employee,1,1,_check_sdworx_code
02 OTHER.zip,l10n_it_hr_payroll_sd_worx,02 OTHER/l10n_it_hr_payroll_sd_worx/models/hr_work_entry_type.py,HrWorkEntryType,hr.work.entry.type,hr_work_entry_type,1,1,_check_sdworx_code
02 OTHER.zip,l10n_it_hr_payroll_sd_worx,02 OTHER/l10n_it_hr_payroll_sd_worx/models/hr_payroll_export_sdworx.py,L10nITHrPayrollExportSdworx,l10n.it.hr.payroll.export.sdworx,l10n_it_hr_payroll_export_sdworx,1,0,
02 OTHER.zip,stock_barcode_mrp,02 OTHER/stock_barcode_mrp/wizard/mrp_production_backorder.py,MrpProductionBackorder,mrp.production.backorder,mrp_production_backorder,0,1,action_backorder
02 OTHER.zip,stock_barcode_mrp,02 OTHER/stock_barcode_mrp/models/stock_move_line.py,StockMoveLine,stock.move.line,stock_move_line,3,4,_compute_hide_lot_name|_compute_parent_location_id|_inverse_manual_consumption|create
02 OTHER.zip,stock_barcode_mrp,02 OTHER/stock_barcode_mrp/models/product_product.py,ProductProduct,product.product,product_product,1,0,
02 OTHER.zip,stock_barcode_mrp,02 OTHER/stock_barcode_mrp/models/stock_picking_type.py,StockPickingType,stock.picking.type,stock_picking_type,0,2,_compute_count_mo_confirmed|_compute_is_barcode_picking_type
02 OTHER.zip,stock_barcode_mrp,02 OTHER/stock_barcode_mrp/models/stock_move.py,StockMove,stock.move,stock_move,1,1,create
02 OTHER.zip,stock_barcode_mrp,02 OTHER/stock_barcode_mrp/models/mrp_production.py,MrpProduction,mrp.production,mrp_production,5,4,_compute_move_raw_line_ids|_compute_move_byproduct_line_ids|_compute_is_completed|action_open_barcode_client_action
02 OTHER.zip,documents_spreadsheet,02 OTHER/documents_spreadsheet/wizard/documents_sharing.py,DocumentsSharing,documents.sharing,documents_sharing,3,5,_compute_error_message_spreadsheet|_compute_access_internal_help|_compute_access_via_link_help|_compute_has_warning_link_with_more_rights|_compute_has_warning_partners_without_access
02 OTHER.zip,documents_spreadsheet,02 OTHER/documents_spreadsheet/models/spreadsheet_contributor.py,SpreadsheetContributor,spreadsheet.contributor,spreadsheet_contributor,1,0,
02 OTHER.zip,documents_spreadsheet,02 OTHER/documents_spreadsheet/models/documents_access.py,DocumentsAccess,documents.access,documents_access,1,1,_check_spreadsheet
02 OTHER.zip,documents_spreadsheet,02 OTHER/documents_spreadsheet/models/documents_document.py,DocumentsDocument,documents.document,documents_document,14,13,action_freeze_and_copy|create|write|_check_owner_is_internal_user|_check_spreadsheet_share|_compute_file_extension|_compute_spreadsheet_data|_compute_spreadsheet_binary_data|_inverse_spreadsheet_binary_data|_compute_spreadsheet_thumbnail_checksum|_compute_thumbnail|action_open_new_spreadsheet
02 OTHER.zip,documents_spreadsheet,02 OTHER/documents_spreadsheet/models/spreadsheet_template.py,SpreadsheetTemplate,spreadsheet.template,spreadsheet_template,1,4,_compute_file_name|action_edit_template|action_create_spreadsheet|action_open_spreadsheet
02 OTHER.zip,barcodes,02 OTHER/barcodes/models/barcode_events_mixin.py,BarcodesBarcode_Events_Mixin,barcodes.barcode_events_mixin,barcodes_barcode_events_mixin,1,0,
02 OTHER.zip,barcodes,02 OTHER/barcodes/models/barcode_nomenclature.py,BarcodeNomenclature,barcode.nomenclature,barcode_nomenclature,5,0,
02 OTHER.zip,barcodes,02 OTHER/barcodes/models/barcode_rule.py,BarcodeRule,barcode.rule,barcode_rule,1,1,_check_pattern
02 OTHER.zip,l10n_es_intrastat,02 OTHER/l10n_es_intrastat/models/account_return_type.py,AccountReturnType,account.return.type,account_return_type,1,0,
02 OTHER.zip,appointment_account_payment,02 OTHER/appointment_account_payment/models/calendar_booking.py,CalendarBooking,calendar.booking,calendar_booking,1,2,_compute_duration|unlink
02 OTHER.zip,appointment_account_payment,02 OTHER/appointment_account_payment/models/appointment_type.py,AppointmentType,appointment.type,appointment_type,2,1,_compute_product_id
02 OTHER.zip,l10n_ke_edi_tremol,02 OTHER/l10n_ke_edi_tremol/wizard/account_move_send_wizard.py,AccountMoveSendWizard,account.move.send.wizard,account_move_send_wizard,0,1,action_send_and_print
02 OTHER.zip,l10n_ke_edi_tremol,02 OTHER/l10n_ke_edi_tremol/models/account_move.py,AccountMove,account.move,account_move,1,1,_compute_l10n_ke_cu_show_send_button
02 OTHER.zip,l10n_ke_edi_tremol,02 OTHER/l10n_ke_edi_tremol/models/account_move_send.py,AccountMoveSend,account.move.send,account_move_send,2,0,
02 OTHER.zip,maintenance,02 OTHER/maintenance/models/maintenance.py,MaintenanceEquipmentCategory,maintenance.equipment.category,maintenance_equipment_category,1,3,_compute_fold|_compute_equipment_count|_compute_maintenance_count
02 OTHER.zip,maintenance,02 OTHER/maintenance/models/maintenance.py,MaintenanceMixin,maintenance.mixin,maintenance_mixin,3,3,_compute_maintenance_team_id|_compute_maintenance_request|_compute_maintenance_count
02 OTHER.zip,maintenance,02 OTHER/maintenance/models/maintenance.py,MaintenanceEquipment,maintenance.equipment,maintenance_equipment,4,4,_compute_display_name|_onchange_category_id|create|write
02 OTHER.zip,maintenance,02 OTHER/maintenance/models/maintenance.py,MaintenanceRequest,maintenance.request,maintenance_request,9,9,_check_schedule_end|_compute_schedule_end|_compute_duration|_check_repeat_interval|_compute_maintenance_team_id|_compute_user_id|_compute_recurring_maintenance|create|write
02 OTHER.zip,maintenance,02 OTHER/maintenance/models/maintenance.py,MaintenanceTeam,maintenance.team,maintenance_team,2,2,_compute_todo_requests|_compute_equipment
02 OTHER.zip,pos_appointment,02 OTHER/pos_appointment/models/pos_session.py,PosSession,pos.session,pos_session,1,0,
02 OTHER.zip,pos_appointment,02 OTHER/pos_appointment/models/pos_config.py,PosConfig,pos.config,pos_config,1,1,_compute_local_data_integrity
02 OTHER.zip,pos_appointment,02 OTHER/pos_appointment/models/ir_ui_view.py,IrUiView,ir.ui.view,ir_ui_view,1,0,
02 OTHER.zip,pos_appointment,02 OTHER/pos_appointment/models/calendar_event.py,CalendarEvent,calendar.event,calendar_event,5,5,_compute_answers|action_open_booking_gantt_view|action_open_booking_form_view|action_create_booking_form_view|_compute_waiting_list_capacity
02 OTHER.zip,hr_calendar,02 OTHER/hr_calendar/models/calendar_event.py,CalendarEvent,calendar.event,calendar_event,2,2,_compute_unavailable_partner_ids|_check_employees_availability_for_event
02 OTHER.zip,hr_calendar,02 OTHER/hr_calendar/models/res_partner.py,ResPartner,res.partner,res_partner,1,0,
02 OTHER.zip,hr_work_entry_attendance,02 OTHER/hr_work_entry_attendance/models/hr_version.py,HrVersion,hr.version,hr_version,2,1,_compute_overtime_from_attendance
02 OTHER.zip,hr_work_entry_attendance,02 OTHER/hr_work_entry_attendance/models/hr_attendance_overtime.py,HrAttendanceOvertimeLine,hr.attendance.overtime.line,hr_attendance_overtime_line,0,2,action_approve|action_refuse
02 OTHER.zip,hr_work_entry_attendance,02 OTHER/hr_work_entry_attendance/models/hr_attendance.py,HrAttendance,hr.attendance,hr_attendance,1,3,create|write|unlink
02 OTHER.zip,hr_work_entry_attendance,02 OTHER/hr_work_entry_attendance/models/hr_attendance_overtime_rule.py,HrAttendanceOvertimeRule,hr.attendance.overtime.rule,hr_attendance_overtime_rule,2,1,_compute_amount_rate
02 OTHER.zip,product_expiry,02 OTHER/product_expiry/wizard/confirm_expiry.py,ExpiryPickingConfirmation,expiry.picking.confirmation,expiry_picking_confirmation,1,1,_compute_descriptive_fields
02 OTHER.zip,product_expiry,02 OTHER/product_expiry/models/stock_move_line.py,StockMoveLine,stock.move.line,stock_move_line,2,2,_compute_expiration_date|_compute_removal_date
02 OTHER.zip,product_expiry,02 OTHER/product_expiry/models/stock_quant.py,StockQuant,stock.quant,stock_quant,2,1,_compute_available_quantity
02 OTHER.zip,product_expiry,02 OTHER/product_expiry/models/product_product.py,ProductProduct,product.product,product_product,0,1,_compute_quantities_dict
02 OTHER.zip,product_expiry,02 OTHER/product_expiry/models/stock_move.py,StockMove,stock.move,stock_move,1,1,action_generate_lot_line_vals
02 OTHER.zip,product_expiry,02 OTHER/product_expiry/models/stock_picking.py,StockPicking,stock.picking,stock_picking,0,2,_check_expired_lots|_action_generate_expired_wizard
02 OTHER.zip,product_expiry,02 OTHER/product_expiry/models/stock_rule.py,StockRule,stock.rule,stock_rule,2,0,
02 OTHER.zip,product_expiry,02 OTHER/product_expiry/models/res_config_settings.py,ResConfigSettings,res.config.settings,res_config_settings,3,3,_onchange_group_lot_on_delivery_slip|_onchange_group_stock_production_lot|_onchange_module_product_expiry
02 OTHER.zip,product_expiry,02 OTHER/product_expiry/models/production_lot.py,StockLot,stock.lot,stock_lot,6,4,_compute_display_name|_compute_product_expiry_alert|_compute_expiration_date|_compute_dates
02 OTHER.zip,l10n_mu_account,02 OTHER/l10n_mu_account/models/base_document_layout.py,BaseDocumentLayout,base.document.layout,base_document_layout,1,0,
02 OTHER.zip,sale_mrp,02 OTHER/sale_mrp/models/sale_order.py,SaleOrder,sale.order,sale_order,1,2,_compute_mrp_production_ids|action_view_mrp_production
02 OTHER.zip,sale_mrp,02 OTHER/sale_mrp/models/stock_move_line.py,StockMoveLine,stock.move.line,stock_move_line,0,1,_compute_sale_price
02 OTHER.zip,sale_mrp,02 OTHER/sale_mrp/models/sale_order_line.py,SaleOrderLine,sale.order.line,sale_order_line,2,1,_compute_qty_to_deliver
02 OTHER.zip,sale_mrp,02 OTHER/sale_mrp/models/mrp_production.py,MrpProduction,mrp.production,mrp_production,1,3,_compute_sale_order_count|action_view_sale_orders|action_confirm
02 OTHER.zip,sale_mrp,02 OTHER/sale_mrp/models/mrp_bom.py,MrpBom,mrp.bom,mrp_bom,0,2,write|unlink
02 OTHER.zip,website_crm_partner_assign,02 OTHER/website_crm_partner_assign/wizard/crm_forward_to_partner.py,CrmLeadForwardToPartner,crm.lead.forward.to.partner,crm_lead_forward_to_partner,2,1,action_forward
02 OTHER.zip,website_crm_partner_assign,02 OTHER/website_crm_partner_assign/wizard/crm_forward_to_partner.py,CrmLeadAssignation,crm.lead.assignation,crm_lead_assignation,2,2,_onchange_lead_id|_onchange_partner_assigned_id
02 OTHER.zip,website_crm_partner_assign,02 OTHER/website_crm_partner_assign/models/crm_lead.py,CrmLead,crm.lead,crm_lead,3,3,_compute_date_partner_assign|write|action_assign_partner
02 OTHER.zip,website_crm_partner_assign,02 OTHER/website_crm_partner_assign/models/res_partner.py,ResPartner,res.partner,res_partner,3,3,_compute_implemented_partner_count|_compute_partner_weight|_compute_opportunity_count
02 OTHER.zip,website_crm_partner_assign,02 OTHER/website_crm_partner_assign/models/res_partner_grade.py,ResPartnerGrade,res.partner.grade,res_partner_grade,0,1,_compute_website_url
02 OTHER.zip,website_crm_partner_assign,02 OTHER/website_crm_partner_assign/controllers/main.py,WebsiteAccount,,,4,0,
02 OTHER.zip,website_crm_partner_assign,02 OTHER/website_crm_partner_assign/controllers/main.py,WebsiteCrmPartnerAssign,,,2,0,
02 OTHER.zip,hr_appraisal,02 OTHER/hr_appraisal/wizard/request_appraisal.py,RequestAppraisal,request.appraisal,request_appraisal,7,6,_check_template_id|_compute_subject|_compute_body|_compute_can_edit_body|_compute_render_model|action_invite
02 OTHER.zip,hr_appraisal,02 OTHER/hr_appraisal/wizard/hr_departure_wizard.py,HrDepartureWizard,hr.departure.wizard,hr_departure_wizard,0,1,action_register_departure
02 OTHER.zip,hr_appraisal,02 OTHER/hr_appraisal/wizard/hr_appraisal_campaign_wizard.py,HrAppraisalCampaignWizard,hr.appraisal.campaign.wizard,hr_appraisal_campaign_wizard,1,2,_compute_warning|action_generate_appraisals
02 OTHER.zip,hr_appraisal,02 OTHER/hr_appraisal/models/hr_employee_public.py,HrEmployeePublic,hr.employee.public,hr_employee_public,0,6,_compute_parent_user_id|_compute_last_appraisal_id|_compute_can_request_appraisal|_compute_last_appraisal_state|action_open_last_appraisal|action_send_appraisal_request
02 OTHER.zip,hr_appraisal,02 OTHER/hr_appraisal/models/hr_appraisal_goal_tag.py,HrAppraisalGoalTag,hr.appraisal.goal.tag,hr_appraisal_goal_tag,1,0,
02 OTHER.zip,hr_appraisal,02 OTHER/hr_appraisal/models/hr_department.py,HrDepartment,hr.department,hr_department,0,2,_compute_appraisals_to_process|action_open_appraisals
02 OTHER.zip,hr_appraisal,02 OTHER/hr_appraisal/models/hr_appraisal.py,HrAppraisal,hr.appraisal,hr_appraisal,25,31,_compute_duplicate_appraisal_id|_compute_department_id|_compute_job_id|_compute_buttons_display|_compute_employee_autocomplete|_compute_user_manager_rights|_compute_show_employee_feedback_full|_compute_show_manager_feedback_full|_compute_employee_feedback|_compute_manager_feedback|_compute_feedback_templates|_compute_appraisal_template
02 OTHER.zip,hr_appraisal,02 OTHER/hr_appraisal/models/res_company.py,ResCompany,res.company,res_company,3,1,create
02 OTHER.zip,hr_appraisal,02 OTHER/hr_appraisal/models/hr_employee.py,HrEmployee,hr.employee,hr_employee,5,14,action_send_appraisal_request|action_open_last_appraisal|_compute_can_request_appraisal|_check_next_appraisal_date|_compute_related_partner|_compute_appraisal_count|_compute_ongoing_appraisal_count|_compute_uncomplete_goals_count|_compute_goals_count|_compute_next_appraisal_date|_compute_last_ongoing_appraisal_date|action_open_goals
02 OTHER.zip,hr_appraisal,02 OTHER/hr_appraisal/models/hr_appraisal_goal.py,HrAppraisalGoal,hr.appraisal.goal,hr_appraisal_goal,13,15,_compute_has_edit_right|_compute_employee_autocomplete|_compute_is_manager|_compute_manager_ids|_compute_number_of_sibling_goals|_compute_sibling_goals_ratio|_compute_progression|_compute_department_ids|_compute_job_ids|action_confirm|action_save_as_template|action_open_goal_template
02 OTHER.zip,project_forecast,02 OTHER/project_forecast/models/planning_slot_template.py,PlanningSlotTemplate,planning.slot.template,planning_slot_template,1,1,_compute_display_name
02 OTHER.zip,project_forecast,02 OTHER/project_forecast/models/planning_slot.py,PlanningSlot,planning.slot,planning_slot,6,6,_compute_project_id|_compute_template_autocomplete_ids|_compute_template_id|_compute_allow_template_creation|create|write
02 OTHER.zip,project_forecast,02 OTHER/project_forecast/models/project_project.py,ProjectProject,project.project,project_project,1,3,_compute_total_forecast_time|_check_company_id|action_project_forecast_from_project
02 OTHER.zip,project_forecast,02 OTHER/project_forecast/report/planning_analysis_report.py,PlanningAnalysisReport,planning.analysis.report,planning_analysis_report,2,0,
02 OTHER.zip,ai_documents_account,02 OTHER/ai_documents_account/wizard/ai_documents_sort.py,AiDocumentsSort,ai_documents.sort,ai_documents_sort,2,0,
02 OTHER.zip,ai_documents_account,02 OTHER/ai_documents_account/models/documents_document.py,DocumentsDocument,documents.document,documents_document,1,1,_compute_ai_document_or_env_company_id
02 OTHER.zip,ai_documents_account,02 OTHER/ai_documents_account/models/ir_actions_server.py,IrActionsServer,ir.actions.server,ir_actions_server,1,1,_compute_ai_tool_is_candidate
02 OTHER.zip,product_barcodelookup,02 OTHER/product_barcodelookup/wizard/product_fetch_image_wizard.py,ProductFetchImageWizard,product.fetch.image.wizard,product_fetch_image_wizard,1,3,_check_cron_status|_check_api_key_set|action_fetch_image
02 OTHER.zip,product_barcodelookup,02 OTHER/product_barcodelookup/models/product_template.py,ProductTemplate,product.template,product_template,4,2,_onchange_barcode|create
02 OTHER.zip,product_barcodelookup,02 OTHER/product_barcodelookup/models/product_product.py,ProductProduct,product.product,product_product,1,1,_onchange_barcode
02 OTHER.zip,product_barcodelookup,02 OTHER/product_barcodelookup/models/ir_cron_trigger.py,IrCronTrigger,ir.cron.trigger,ir_cron_trigger,0,1,_check_image_cron_is_not_already_triggered
02 OTHER.zip,social_instagram,02 OTHER/social_instagram/models/social_post_template.py,SocialPostTemplate,social.post.template,social_post_template,6,4,_check_has_instagram_message_or_image|_compute_has_instagram_account|_compute_display_instagram_preview|_compute_instagram_preview
02 OTHER.zip,social_instagram,02 OTHER/social_instagram/models/social_post.py,SocialPost,social.post,social_post,2,2,_compute_stream_posts_count|_check_post_access
02 OTHER.zip,social_instagram,02 OTHER/social_instagram/models/social_live_post.py,SocialLivePost,social.live.post,social_live_post,0,1,_compute_live_post_link
02 OTHER.zip,social_instagram,02 OTHER/social_instagram/models/social_account.py,SocialAccount,social.account,social_account,1,5,_compute_stats_link|_compute_statistics|_compute_statistics_instagram_360d|_compute_statistics_instagram|create
02 OTHER.zip,social_instagram,02 OTHER/social_instagram/models/social_stream_post.py,SocialStreamPost,social.stream.post,social_stream_post,0,3,_compute_post_link|_compute_author_link|_compute_is_author
02 OTHER.zip,social_instagram,02 OTHER/social_instagram/models/social_media.py,SocialMedia,social.media,social_media,0,1,_action_add_account
02 OTHER.zip,social_instagram,02 OTHER/social_instagram/models/res_config_settings.py,ResConfigSettings,res.config.settings,res_config_settings,2,4,_compute_instagram_app_id|_inverse_instagram_app_id|_compute_instagram_client_secret|_inverse_instagram_client_secret
02 OTHER.zip,l10n_cl_reports,02 OTHER/l10n_cl_reports/models/account_eightcolumns_report.py,L10n_ClReportHandler,l10n_cl.report.handler,l10n_cl_report_handler,1,0,
02 OTHER.zip,mrp_subcontracting_account,02 OTHER/mrp_subcontracting_account/models/product_product.py,ProductProduct,product.product,product_product,0,1,_compute_bom_price
02 OTHER.zip,appointment_hr,02 OTHER/appointment_hr/models/calendar_event.py,CalendarEvent,calendar.event,calendar_event,1,0,
02 OTHER.zip,appointment_hr,02 OTHER/appointment_hr/models/appointment_type.py,AppointmentType,appointment.type,appointment_type,1,0,
02 OTHER.zip,l10n_pe_edi,02 OTHER/l10n_pe_edi/models/account_tax.py,AccountTax,account.tax,account_tax,2,2,_compute_l10n_pe_edi_affectation_reason|_compute_l10n_pe_edi_international_code
02 OTHER.zip,l10n_pe_edi,02 OTHER/l10n_pe_edi/models/account_move.py,AccountMove,account.move,account_move,6,6,_compute_l10n_pe_edi_is_required|_compute_l10n_pe_edi_operation_type|_compute_l10n_pe_edi_legend_value|_compute_l10n_latam_available_document_types|button_cancel_posted_moves|_check_document_type_discount
02 OTHER.zip,l10n_pe_edi,02 OTHER/l10n_pe_edi/models/account_edi_format.py,AccountEdiFormat,account.edi.format,account_edi_format,7,1,_check_move_configuration
02 OTHER.zip,l10n_pe_edi,02 OTHER/l10n_pe_edi/models/account_journal.py,AccountJournal,account.journal,account_journal,1,1,_compute_edi_format_ids
02 OTHER.zip,l10n_pe_edi,02 OTHER/l10n_pe_edi/models/account_move_line.py,AccountMoveLine,account.move.line,account_move_line,1,1,_compute_l10n_pe_edi_affectation_reason
02 OTHER.zip,l10n_pe_edi,02 OTHER/l10n_pe_edi/models/res_company.py,ResCompany,res.company,res_company,1,1,_compute_l10n_pe_edi_certificate
02 OTHER.zip,l10n_pe_edi,02 OTHER/l10n_pe_edi/wizards/account_cancel_wizard.py,L10n_Pe_EdiCancel,l10n_pe_edi.cancel,l10n_pe_edi_cancel,0,1,button_cancel
02 OTHER.zip,sale_crm,02 OTHER/sale_crm/wizard/crm_opportunity_to_quotation.py,CrmQuotationPartner,crm.quotation.partner,crm_quotation_partner,1,1,action_apply
02 OTHER.zip,sale_crm,02 OTHER/sale_crm/models/crm_team.py,CrmTeam,crm.team,crm_team,0,2,_compute_dashboard_button_name|action_primary_channel_button
02 OTHER.zip,sale_crm,02 OTHER/sale_crm/models/sale_order.py,SaleOrder,sale.order,sale_order,0,1,action_confirm
02 OTHER.zip,sale_crm,02 OTHER/sale_crm/models/crm_lead.py,CrmLead,crm.lead,crm_lead,1,5,_compute_sale_data|action_sale_quotations_new|action_new_quotation|action_view_sale_quotation|action_view_sale_order
02 OTHER.zip,test_orm,02 OTHER/test_orm/tests/test_properties.py,PropertiesGroupByCase,,,0,2,_check_domains_count|_check_many_falsy_group
02 OTHER.zip,test_orm,02 OTHER/test_orm/models/test_orm.py,TestOrmCategory,test_orm.category,test_orm_category,3,4,_compute_display_name|_compute_root_categ|_compute_depth|_inverse_display_name
02 OTHER.zip,test_orm,02 OTHER/test_orm/models/test_orm.py,TestOrmDiscussion,test_orm.discussion,test_orm_discussion,3,3,_onchange_name|_onchange_moderator|_onchange_messages
02 OTHER.zip,test_orm,02 OTHER/test_orm/models/test_orm.py,TestOrmMessage,test_orm.message,test_orm_message,9,9,_compute_has_important_sibling|_check_author|_compute_name|_check_name|_compute_display_name|_compute_size|_compute_double_size|_compute_author_partner|write
02 OTHER.zip,test_orm,02 OTHER/test_orm/models/test_orm.py,TestOrmMulti,test_orm.multi,test_orm_multi,3,3,_onchange_name|_onchange_partner|_onchange_tags
02 OTHER.zip,test_orm,02 OTHER/test_orm/models/test_orm.py,TestOrmMultiTag,test_orm.multi.tag,test_orm_multi_tag,2,1,_compute_display_name
02 OTHER.zip,test_orm,02 OTHER/test_orm/models/test_orm.py,TestOrmMixed,test_orm.mixed,test_orm_mixed,2,1,_compute_now
02 OTHER.zip,test_orm,02 OTHER/test_orm/models/test_orm.py,TestOrmBar,test_orm.bar,test_orm_bar,1,1,_compute_foo
02 OTHER.zip,test_orm,02 OTHER/test_orm/models/test_orm.py,TestOrmComputeReadonly,test_orm.compute.readonly,test_orm_compute_readonly,1,1,_compute_bar
02 OTHER.zip,test_orm,02 OTHER/test_orm/models/test_orm.py,TestOrmComputeInverse,test_orm.compute.inverse,test_orm_compute_inverse,3,5,_compute_bar|_inverse_bar|_check_constraint|_compute_child_ids|_inverse_child_ids
02 OTHER.zip,test_orm,02 OTHER/test_orm/models/test_orm.py,TestOrmComputeSudo,test_orm.compute.sudo,test_orm_compute_sudo,1,1,_compute_name_for_uid
02 OTHER.zip,test_orm,02 OTHER/test_orm/models/test_orm.py,TestOrmMulti_Compute_Inverse,test_orm.multi_compute_inverse,test_orm_multi_compute_inverse,1,3,_compute_bars|_inverse_bar1|_inverse_bar23
02 OTHER.zip,test_orm,02 OTHER/test_orm/models/test_orm.py,TestOrmMove,test_orm.move,test_orm_move,3,3,_compute_quantity|_compute_tag_string|_compute_payment_amount
02 OTHER.zip,test_orm,02 OTHER/test_orm/models/test_orm.py,TestOrmOrderLine,test_orm.order.line,test_orm_order_line,1,2,_compute_has_been_rewarded|unlink
02 OTHER.zip,test_orm,02 OTHER/test_orm/models/test_orm.py,TestOrmCompanyAttr,test_orm.company.attr,test_orm_company_attr,1,1,_compute_bar
02 OTHER.zip,test_orm,02 OTHER/test_orm/models/test_orm.py,TestOrmRecursive,test_orm.recursive,test_orm_recursive,4,3,_compute_full_name|_compute_display_name|_compute_context_dependent_name
02 OTHER.zip,test_orm,02 OTHER/test_orm/models/test_orm.py,TestOrmRecursiveTree,test_orm.recursive.tree,test_orm_recursive_tree,1,1,_compute_display_name
02 OTHER.zip,test_orm,02 OTHER/test_orm/models/test_orm.py,TestOrmRecursiveLine,test_orm.recursive.line,test_orm_recursive_line,1,1,_compute_task_number
02 OTHER.zip,test_orm,02 OTHER/test_orm/models/test_orm.py,TestOrmRecursiveTask,test_orm.recursive.task,test_orm_recursive_task,1,1,_compute_line_id
02 OTHER.zip,test_orm,02 OTHER/test_orm/models/test_orm.py,TestOrmCascade,test_orm.cascade,test_orm_cascade,2,2,_compute_bar|_compute_baz
02 OTHER.zip,test_orm,02 OTHER/test_orm/models/test_orm.py,TestOrmComputeReadwrite,test_orm.compute.readwrite,test_orm_compute_readwrite,1,1,_compute_bar
02 OTHER.zip,test_orm,02 OTHER/test_orm/models/test_orm.py,TestOrmComputeOnchange,test_orm.compute.onchange,test_orm_compute_onchange,5,6,_onchange_foo|_compute_bar|_compute_baz|_compute_quux|_compute_line_ids|_compute_tag_ids
02 OTHER.zip,test_orm,02 OTHER/test_orm/models/test_orm.py,TestOrmComputeOnchangeLine,test_orm.compute.onchange.line,test_orm_compute_onchange_line,1,1,_compute_bar
02 OTHER.zip,test_orm,02 OTHER/test_orm/models/test_orm.py,TestOrmComputeDynamicDepends,test_orm.compute.dynamic.depends,test_orm_compute_dynamic_depends,1,1,_compute_full_name
02 OTHER.zip,test_orm,02 OTHER/test_orm/models/test_orm.py,TestOrmComputeUnassigned,test_orm.compute.unassigned,test_orm_compute_unassigned,4,4,_compute_bar|_compute_bare|_compute_bars|_compute_bares
02 OTHER.zip,test_orm,02 OTHER/test_orm/models/test_orm.py,TestOrmOne2many,test_orm.one2many,test_orm_one2many,1,1,_compute_line_ids
02 OTHER.zip,test_orm,02 OTHER/test_orm/models/test_orm.py,TestOrmComputedInverseOne2many,test_orm.computed_inverse_one2many,test_orm_computed_inverse_one2many,1,2,_compute_priority_line_ids|_inverse_line_ids
02 OTHER.zip,test_orm,02 OTHER/test_orm/models/test_orm.py,TestOrmModel_Binary,test_orm.model_binary,test_orm_model_binary,1,1,_compute_binary
02 OTHER.zip,test_orm,02 OTHER/test_orm/models/test_orm.py,TestOrmMonetary_Order,test_orm.monetary_order,test_orm_monetary_order,1,1,_compute_total
02 OTHER.zip,test_orm,02 OTHER/test_orm/models/test_orm.py,TestOrmAttachment,test_orm.attachment,test_orm_attachment,1,2,_compute_name|_check_access
02 OTHER.zip,test_orm,02 OTHER/test_orm/models/test_orm.py,TestOrmDisplay,test_orm.display,test_orm_display,0,1,_compute_display_name
02 OTHER.zip,test_orm,02 OTHER/test_orm/models/test_orm.py,TestOrmInverse_M2o_Ref,test_orm.inverse_m2o_ref,test_orm_inverse_m2o_ref,1,2,_compute_model_ids_count|_compute_model_computed_ids
02 OTHER.zip,test_orm,02 OTHER/test_orm/models/test_orm.py,TestOrmModel_Child_M2o,test_orm.model_child_m2o,test_orm_model_child_m2o,2,3,_compute_sizes|_compute_cost|write
02 OTHER.zip,test_orm,02 OTHER/test_orm/models/test_orm.py,TestOrmModel_Parent_M2o,test_orm.model_parent_m2o,test_orm_model_parent_m2o,1,1,_compute_cost
02 OTHER.zip,test_orm,02 OTHER/test_orm/models/test_orm.py,TestOrmModel_Selection_Required_For_Write_Override,test_orm.model_selection_required_for_write_override,test_orm_model_selection_required_for_write_override,0,1,write
02 OTHER.zip,test_orm,02 OTHER/test_orm/models/test_orm.py,TestOrmModel_Shared_Cache_Compute_Parent,test_orm.model_shared_cache_compute_parent,test_orm_model_shared_cache_compute_parent,1,1,_compute_total_amount
02 OTHER.zip,test_orm,02 OTHER/test_orm/models/test_orm.py,TestOrmComputeContainer,test_orm.compute.container,test_orm_compute_container,1,1,_compute_member_count
02 OTHER.zip,test_orm,02 OTHER/test_orm/models/test_orm.py,TestOrmComputeMember,test_orm.compute.member,test_orm_compute_member,3,2,_compute_container|_compute_container_context_id
02 OTHER.zip,test_orm,02 OTHER/test_orm/models/test_orm.py,TestOrmComputeCreator,test_orm.compute.creator,test_orm_compute_creator,1,1,_compute_created
02 OTHER.zip,test_orm,02 OTHER/test_orm/models/test_orm.py,TestOrmComputeCreated,test_orm.compute.created,test_orm_compute_created,1,1,_compute_value
02 OTHER.zip,test_orm,02 OTHER/test_orm/models/test_orm.py,TestOrmUser,test_orm.user,test_orm_user,1,1,_compute_group_count
02 OTHER.zip,test_orm,02 OTHER/test_orm/models/test_orm.py,TestOrmModelAll_Access,test_orm.model.all_access,test_orm_model_all_access,0,1,action_full
02 OTHER.zip,test_orm,02 OTHER/test_orm/models/test_orm.py,TestOrmComputedModifier,test_orm.computed.modifier,test_orm_computed_modifier,2,2,_compute_sub_foo|_onchange_moderator
02 OTHER.zip,test_orm,02 OTHER/test_orm/models/test_orm.py,TestOrmCompute_Editable,test_orm.compute_editable,test_orm_compute_editable,1,1,_onchange_line_ids
02 OTHER.zip,test_orm,02 OTHER/test_orm/models/test_orm.py,TestOrmCompute_EditableLine,test_orm.compute_editable.line,test_orm_compute_editable_line,3,3,_compute_same|_compute_edit|_compute_one_compute
02 OTHER.zip,test_orm,02 OTHER/test_orm/models/test_orm.py,TestOrmTriggerRight,test_orm.trigger.right,test_orm_trigger_right,1,1,_compute_left_size
02 OTHER.zip,test_orm,02 OTHER/test_orm/models/test_orm.py,TestOrmPrecompute,test_orm.precompute,test_orm_precompute,4,4,_compute_names|_compute_lowup|_compute_commercial_id|_compute_size
02 OTHER.zip,test_orm,02 OTHER/test_orm/models/test_orm.py,TestOrmPrecomputeLine,test_orm.precompute.line,test_orm_precompute_line,1,1,_compute_size
02 OTHER.zip,test_orm,02 OTHER/test_orm/models/test_orm.py,TestOrmPrecomputeCombo,test_orm.precompute.combo,test_orm_precompute_combo,3,4,_compute_reader|_compute_editer|_compute_setter|_inverse_setter
02 OTHER.zip,test_orm,02 OTHER/test_orm/models/test_orm.py,TestOrmPrecomputeEditable,test_orm.precompute.editable,test_orm_precompute_editable,3,3,_compute_bar|_compute_baz|_compute_baz2
02 OTHER.zip,test_orm,02 OTHER/test_orm/models/test_orm.py,TestOrmPrecomputeReadonly,test_orm.precompute.readonly,test_orm_precompute_readonly,2,2,_compute_bar|_compute_baz
02 OTHER.zip,test_orm,02 OTHER/test_orm/models/test_orm.py,TestOrmPrecomputeMonetary,test_orm.precompute.monetary,test_orm_precompute_monetary,0,2,_compute_amount|_compute_currency_id
02 OTHER.zip,test_orm,02 OTHER/test_orm/models/test_orm.py,TestOrmModified,test_orm.modified,test_orm_modified,1,1,_compute_total_quantity
02 OTHER.zip,test_orm,02 OTHER/test_orm/models/test_orm.py,TestOrmModifiedLine,test_orm.modified.line,test_orm_modified_line,2,2,_compute_total_quantity|_compute_total_price_quantity
02 OTHER.zip,test_orm,02 OTHER/test_orm/models/test_orm.py,TestOrmRelated_Translation_2,test_orm.related_translation_2,test_orm_related_translation_2,5,3,_compute_name|_compute_name_en|_compute_html
02 OTHER.zip,test_orm,02 OTHER/test_orm/models/test_orm.py,TestOrmUnsearchableO2m,test_orm.unsearchable.o2m,test_orm_unsearchable_o2m,1,1,_compute_parent_id
02 OTHER.zip,test_orm,02 OTHER/test_orm/models/test_orm.py,TestOrmSharedCompute,test_orm.shared.compute,test_orm_shared_compute,2,2,_compute_name|_compute_start_end
02 OTHER.zip,test_orm,02 OTHER/test_orm/models/test_orm.py,TestOrmCreatePerformance,,,1,1,_compute_name_changes
02 OTHER.zip,test_orm,02 OTHER/test_orm/models/test_orm.py,BinaryTest,,,0,1,_compute_bin2
02 OTHER.zip,test_orm,02 OTHER/test_orm/models/test_orm.py,CalendarTest,,,0,1,_compute_date
02 OTHER.zip,test_orm,02 OTHER/test_orm/models/test_performance.py,Test_PerformanceBase,test_performance.base,test_performance_base,5,0,
02 OTHER.zip,test_orm,02 OTHER/test_orm/models/test_performance.py,Test_PerformanceMozzarella,test_performance.mozzarella,test_performance_mozzarella,1,0,
02 OTHER.zip,test_orm,02 OTHER/test_orm/models/test_unity_read.py,TestOrmLesson,test_orm.lesson,test_orm_lesson,0,1,_compute_display_name
02 OTHER.zip,test_orm,02 OTHER/test_orm/models/test_unity_read.py,TestOrmPerson,test_orm.person,test_orm_person,0,1,_compute_display_name
02 OTHER.zip,l10n_tr_nilvera,02 OTHER/l10n_tr_nilvera/models/res_company.py,ResCompany,res.company,res_company,0,2,_compute_l10n_tr_nilvera_purchase_journal_id|_inverse_l10n_tr_nilvera_purchase_journal_id
02 OTHER.zip,l10n_tr_nilvera,02 OTHER/l10n_tr_nilvera/models/res_partner.py,ResPartner,res.partner,res_partner,1,2,_compute_nilvera_customer_alias_id|_check_nilvera_customer
02 OTHER.zip,project_timesheet_forecast,02 OTHER/project_timesheet_forecast/models/planning_slot.py,PlanningSlot,planning.slot,planning_slot,5,6,_compute_encode_uom_in_days|_compute_percentage_hours|_compute_effective_hours|_compute_timesheet_ids|_compute_can_open_timesheet|action_open_timesheets
02 OTHER.zip,project_timesheet_forecast,02 OTHER/project_timesheet_forecast/models/project_project.py,ProjectProject,project.project,project_project,0,1,action_project_forecast_from_project
02 OTHER.zip,project_timesheet_forecast,02 OTHER/project_timesheet_forecast/report/project_timesheet_forecast_report_analysis.py,ProjectTimesheetForecastReportAnalysis,project.timesheet.forecast.report.analysis,project_timesheet_forecast_report_analysis,8,0,
02 OTHER.zip,project_timesheet_forecast,02 OTHER/project_timesheet_forecast/report/planning_analysis_report.py,PlanningAnalysisReport,planning.analysis.report,planning_analysis_report,2,0,
02 OTHER.zip,l10n_ie_reports,02 OTHER/l10n_ie_reports/models/account_return.py,AccountReturnType,account.return.type,account_return_type,1,0,
02 OTHER.zip,l10n_ie_reports,02 OTHER/l10n_ie_reports/models/tax_report.py,L10n_IeTaxReportHandler,l10n_ie.tax.report.handler,l10n_ie_tax_report_handler,1,0,
02 OTHER.zip,timesheet_grid_holidays,02 OTHER/timesheet_grid_holidays/models/res_company.py,Company,res.company,res_company,1,0,
02 OTHER.zip,timesheet_grid_holidays,02 OTHER/timesheet_grid_holidays/models/analytic.py,AccountAnalyticLine,account.analytic.line,account_analytic_line,1,2,action_merge_timesheets|action_timer_start
02 OTHER.zip,l10n_be_soda,02 OTHER/l10n_be_soda/wizard/soda_import_wizard.py,SodaImportWizard,soda.import.wizard,soda_import_wizard,1,3,_compute_soda_account_mapping_ids|_action_save_and_import|action_save_and_import
02 OTHER.zip,l10n_be_soda,02 OTHER/l10n_be_soda/models/soda_account_mapping.py,SodaAccountMapping,soda.account.mapping,soda_account_mapping,3,3,_compute_account_id|_compute_display_name|action_unlink
02 OTHER.zip,l10n_be_soda,02 OTHER/l10n_be_soda/models/account_move.py,AccountMoveLine,account.move.line,account_move_line,0,1,write
02 OTHER.zip,l10n_employment_hero,02 OTHER/l10n_employment_hero/models/res_company.py,ResCompany,res.company,res_company,2,1,_check_employment_hero_lock_date
02 OTHER.zip,l10n_employment_hero,02 OTHER/l10n_employment_hero/models/res_config_settings.py,ResConfigSettings,res.config.settings,res_config_settings,1,2,_onchange_employment_hero_enable|action_eh_payroll_fetch_payrun
02 OTHER.zip,l10n_employment_hero,02 OTHER/l10n_employment_hero/models/account.py,AccountAccount,account.account,account_account,0,1,_compute_employment_hero_enable
02 OTHER.zip,l10n_uk_reports,02 OTHER/l10n_uk_reports/wizard/hmrc_send_wizard.py,L10n_UkHmrcSendWizard,l10n_uk.hmrc.send.wizard,l10n_uk_hmrc_send_wizard,1,0,
02 OTHER.zip,l10n_uk_reports,02 OTHER/l10n_uk_reports/models/account_return.py,AccountReturnType,account.return.type,account_return_type,1,0,
02 OTHER.zip,l10n_uk_reports,02 OTHER/l10n_uk_reports/models/account_return.py,AccountReturn,account.return,account_return,1,0,
02 OTHER.zip,l10n_uk_reports,02 OTHER/l10n_uk_reports/models/hmrc_vat_obligation.py,L10n_UkVatObligation,l10n_uk.vat.obligation,l10n_uk_vat_obligation,3,2,_compute_display_name|action_submit_vat_return
02 OTHER.zip,l10n_uk_reports,02 OTHER/l10n_uk_reports/models/hmrc_service.py,HmrcService,hmrc.service,hmrc_service,9,0,
02 OTHER.zip,hr_homeworking,02 OTHER/hr_homeworking/models/hr_homeworking.py,HrEmployeeLocation,hr.employee.location,hr_employee_location,1,1,_compute_day_week_string
02 OTHER.zip,hr_homeworking,02 OTHER/hr_homeworking/models/hr_employee.py,HrEmployee,hr.employee,hr_employee,5,4,_compute_exceptional_location_id|_compute_presence_icon|_compute_work_location_name|_compute_work_location_type
02 OTHER.zip,hr_homeworking,02 OTHER/hr_homeworking/models/res_users.py,ResUsers,res.users,res_users,0,1,_compute_im_status
02 OTHER.zip,hr_homeworking,02 OTHER/hr_homeworking/models/res_partner.py,ResPartner,res.partner,res_partner,0,1,_compute_im_status
02 OTHER.zip,l10n_sa_edi_pos,02 OTHER/l10n_sa_edi_pos/models/account_move.py,AccountMove,account.move,account_move,0,1,_compute_qr_code_str
02 OTHER.zip,l10n_sa_edi_pos,02 OTHER/l10n_sa_edi_pos/models/account_edi_format.py,AccountEdiFormat,account.edi.format,account_edi_format,1,0,
02 OTHER.zip,l10n_hu_edi,02 OTHER/l10n_hu_edi/wizard/l10n_hu_edi_cancellation.py,L10n_Hu_EdiCancellation,l10n_hu_edi.cancellation,l10n_hu_edi_cancellation,0,1,button_request_cancel
02 OTHER.zip,l10n_hu_edi,02 OTHER/l10n_hu_edi/wizard/l10n_hu_edi_tax_audit_export.py,L10n_Hu_EdiTax_Audit_Export,l10n_hu_edi.tax_audit_export,l10n_hu_edi_tax_audit_export,1,2,_compute_filename|action_export
02 OTHER.zip,l10n_hu_edi,02 OTHER/l10n_hu_edi/models/account_tax.py,AccountTax,account.tax,account_tax,1,1,_compute_l10n_hu_tax_reason
02 OTHER.zip,l10n_hu_edi,02 OTHER/l10n_hu_edi/models/account_move.py,AccountMove,account.move,account_move,6,8,_check_posted_if_active|_compute_expected_currency_rate|_compute_message_html|_compute_show_reset_to_draft_button|_compute_need_cancel_request|_compute_l10n_hu_edi_attachment_filename|_inverse_delivery_date|button_request_cancel
02 OTHER.zip,l10n_hu_edi,02 OTHER/l10n_hu_edi/models/account_move_send.py,AccountMoveSend,account.move.send,account_move_send,2,0,
02 OTHER.zip,l10n_hu_edi,02 OTHER/l10n_hu_edi/models/res_config_settings.py,ResConfigSettings,res.config.settings,res_config_settings,2,2,_compute_l10n_hu_edi_is_active|create
02 OTHER.zip,l10n_hu_edi,02 OTHER/l10n_hu_edi/models/res_partner.py,ResPartner,res.partner,res_partner,2,0,
02 OTHER.zip,sale_loyalty_delivery,02 OTHER/sale_loyalty_delivery/models/sale_order.py,SaleOrder,sale.order,sale_order,0,1,_compute_amount_total_without_delivery
02 OTHER.zip,sale_loyalty_delivery,02 OTHER/sale_loyalty_delivery/models/loyalty_program.py,LoyaltyProgram,loyalty.program,loyalty_program,3,0,
02 OTHER.zip,sale_loyalty_delivery,02 OTHER/sale_loyalty_delivery/models/loyalty_reward.py,LoyaltyReward,loyalty.reward,loyalty_reward,0,1,_compute_description
02 OTHER.zip,l10n_ro,02 OTHER/l10n_ro/models/res_partner.py,ResPartner,res.partner,res_partner,2,1,_compute_company_registry
02 OTHER.zip,website_event_track_quiz,02 OTHER/website_event_track_quiz/models/event_quiz.py,EventQuizQuestion,event.quiz.question,event_quiz_question,3,3,_compute_awarded_points|_compute_correct_answer_id|_check_answers_integrity
02 OTHER.zip,website_event_track_quiz,02 OTHER/website_event_track_quiz/models/event_event.py,EventEvent,event.event,event_event,1,1,_compute_community_menu
02 OTHER.zip,website_event_track_quiz,02 OTHER/website_event_track_quiz/models/event_track.py,EventTrack,event.track,event_track,4,5,_compute_quiz_id|_compute_quiz_questions_count|_compute_quiz_data|action_add_quiz|action_view_quiz
02 OTHER.zip,event_crm,02 OTHER/event_crm/models/event_lead_request.py,EventLeadRequest,event.lead.request,event_lead_request,1,0,
02 OTHER.zip,event_crm,02 OTHER/event_crm/models/event_registration.py,EventRegistration,event.registration,event_registration,4,3,_compute_lead_count|create|write
02 OTHER.zip,event_crm,02 OTHER/event_crm/models/event_lead_rule.py,EventLeadRule,event.lead.rule,event_lead_rule,1,2,_onchange_lead_sales_team_id|action_execute_rule
02 OTHER.zip,event_crm,02 OTHER/event_crm/models/event_event.py,EventEvent,event.event,event_event,1,2,_compute_lead_count|action_generate_leads
02 OTHER.zip,event_crm,02 OTHER/event_crm/models/crm_lead.py,CrmLead,crm.lead,crm_lead,1,1,_compute_registration_count
02 OTHER.zip,event_crm,02 OTHER/event_crm/models/event_question_answer.py,EventQuestionAnswer,event.question.answer,event_question_answer,0,1,action_add_rule_button
02 OTHER.zip,l10n_ar_pos,02 OTHER/l10n_ar_pos/models/l10n_latam_identification_type.py,L10n_LatamIdentificationType,l10n_latam.identification.type,l10n_latam_identification_type,2,0,
02 OTHER.zip,l10n_ar_pos,02 OTHER/l10n_ar_pos/models/pos_session.py,PosSession,pos.session,pos_session,1,0,
02 OTHER.zip,l10n_ar_pos,02 OTHER/l10n_ar_pos/models/pos_config.py,PosConfig,pos.config,pos_config,1,0,
02 OTHER.zip,l10n_ar_pos,02 OTHER/l10n_ar_pos/models/l10n_ar_afip_responsibility_type.py,L10n_ArAfipResponsibilityType,l10n_ar.afip.responsibility.type,l10n_ar_afip_responsibility_type,1,0,
02 OTHER.zip,l10n_ar_pos,02 OTHER/l10n_ar_pos/models/res_partner.py,ResPartner,res.partner,res_partner,1,0,
02 OTHER.zip,purchase_product_matrix,02 OTHER/purchase_product_matrix/models/purchase.py,PurchaseOrder,purchase.order,purchase_order,2,0,
02 OTHER.zip,documents,02 OTHER/documents/wizard/documents_operation.py,DocumentsOperation,documents.operation,documents_operation,3,2,_compute_destination_children_ids|action_confirm
02 OTHER.zip,documents,02 OTHER/documents/wizard/documents_link_to_record_wizard.py,DocumentsLink_To_Record_Wizard,documents.link_to_record_wizard,documents_link_to_record_wizard,2,1,_compute_accessible_model_ids
02 OTHER.zip,documents,02 OTHER/documents/wizard/documents_sharing_access.py,DocumentsShareAccess,documents.sharing.access,documents_sharing_access,6,4,_compute_partner_is_me|_compute_is_on_single_document|_compute_has_user|_compute_has_warning_no_access
02 OTHER.zip,documents,02 OTHER/documents/wizard/documents_request_wizard.py,DocumentsRequest_Wizard,documents.request_wizard,documents_request_wizard,1,0,
02 OTHER.zip,documents,02 OTHER/documents/wizard/documents_sharing.py,DocumentsSharing,documents.sharing,documents_sharing,12,10,_compute_ui_values|_compute_access_internal_help|_compute_access_via_link_help|_compute_is_access_modified|_compute_has_warning_link_with_more_rights|_compute_has_warning_partners_without_access|action_update_rights|action_invite_members|action_allow_link_access|action_open
02 OTHER.zip,documents,02 OTHER/documents/models/documents_mixin.py,DocumentsMixin,documents.mixin,documents_mixin,0,1,_check_create_documents
02 OTHER.zip,documents,02 OTHER/documents/models/documents_tag.py,DocumentsTag,documents.tag,documents_tag,1,0,
02 OTHER.zip,documents,02 OTHER/documents/models/documents_access.py,DocumentsAccess,documents.access,documents_access,3,2,_check_partner_id|write
02 OTHER.zip,documents,02 OTHER/documents/models/documents_document.py,DocumentsDocument,documents.document,documents_document,54,45,_compute_access_token|_compute_access_url|_compute_create_activity_option|_compute_display_name|_compute_file_extension|_compute_file_size|_inverse_file_extension|_check_document_token|_check_shortcut_fields|_check_root_documents_owner_id|_check_alias|_check_res_model
02 OTHER.zip,documents,02 OTHER/documents/models/ir_attachment.py,IrAttachment,ir.attachment,ir_attachment,2,2,create|write
02 OTHER.zip,documents,02 OTHER/documents/models/documents_unlink_mixin.py,DocumentsUnlinkMixin,documents.unlink.mixin,documents_unlink_mixin,0,1,unlink
02 OTHER.zip,documents,02 OTHER/documents/models/ir_embedded_actions.py,IrEmbeddedActions,ir.embedded.actions,ir_embedded_actions,2,3,create|write|_check_documents_can_pin
02 OTHER.zip,documents,02 OTHER/documents/models/documents_access_tracking.py,DocumentsAccessTracking,documents.access.tracking,documents_access_tracking,2,0,
02 OTHER.zip,documents,02 OTHER/documents/models/res_company.py,Company,res.company,res_company,1,0,
02 OTHER.zip,documents,02 OTHER/documents/models/kpi_provider.py,KpiProvider,kpi.provider,kpi_provider,2,0,
02 OTHER.zip,documents,02 OTHER/documents/models/mail_activity.py,MailActivity,mail.activity,mail_activity,1,3,_action_done|create|write
02 OTHER.zip,documents,02 OTHER/documents/models/documents_redirect.py,DocumentsRedirect,documents.redirect,documents_redirect,1,0,
02 OTHER.zip,documents,02 OTHER/documents/models/ir_actions_server.py,IrActionsServer,ir.actions.server,ir_actions_server,0,2,action_open_documents_server_action_view|_check_is_document_action_embedded
02 OTHER.zip,documents,02 OTHER/documents/models/res_partner.py,ResPartner,res.partner,res_partner,0,3,_compute_document_count|action_see_documents|action_create_members_to_invite
02 OTHER.zip,documents,02 OTHER/documents/controllers/documents.py,ShareRoute,,,15,0,
02 OTHER.zip,google_gmail,02 OTHER/google_gmail/models/ir_mail_server.py,IrMail_Server,ir.mail_server,ir_mail_server,4,4,_compute_smtp_authentication_info|_onchange_encryption|_onchange_smtp_authentication_gmail|_check_use_google_gmail_service
02 OTHER.zip,google_gmail,02 OTHER/google_gmail/models/google_gmail_mixin.py,GoogleGmailMixin,google.gmail.mixin,google_gmail_mixin,0,1,_compute_gmail_uri
02 OTHER.zip,google_gmail,02 OTHER/google_gmail/models/res_users.py,ResUsers,res.users,res_users,2,0,
02 OTHER.zip,google_gmail,02 OTHER/google_gmail/models/fetchmail_server.py,FetchmailServer,fetchmail.server,fetchmail_server,2,2,_compute_server_type_info|_check_use_google_gmail_service
02 OTHER.zip,google_gmail,02 OTHER/google_gmail/controllers/main.py,GoogleGmailController,,,2,1,_check_email_and_redirect_to_gmail_record
02 OTHER.zip,website_event,02 OTHER/website_event/models/event_type.py,EventType,event.type,event_type,1,1,_compute_community_menu
02 OTHER.zip,website_event,02 OTHER/website_event/models/website_menu.py,WebsiteMenu,website.menu,website_menu,1,1,unlink
02 OTHER.zip,website_event,02 OTHER/website_event/models/event_event.py,EventEvent,event.event,event_event,18,13,_compute_event_share_url|_compute_is_participating|_compute_is_visible_on_website|_compute_event_register_url|_compute_website_menu|_compute_community_menu|_compute_website_menu_data|_compute_time_data|_compute_website_url|_check_website_id|copy|create
02 OTHER.zip,website_event,02 OTHER/website_event/models/website_snippet_filter.py,WebsiteSnippetFilter,website.snippet.filter,website_snippet_filter,1,0,
02 OTHER.zip,website_event,02 OTHER/website_event/models/website_event_menu.py,WebsiteEventMenu,website.event.menu,website_event_menu,1,2,copy|unlink
02 OTHER.zip,website_event,02 OTHER/website_event/models/website.py,Website,website,website,1,0,
02 OTHER.zip,website_event,02 OTHER/website_event/models/event_tag.py,EventTag,event.tag,event_tag,1,0,
02 OTHER.zip,website_event,02 OTHER/website_event/models/website_visitor.py,WebsiteVisitor,website.visitor,website_visitor,4,4,_compute_display_name|_compute_event_registration_count|_compute_email_phone|_compute_event_registered_ids
02 OTHER.zip,website_event,02 OTHER/website_event/controllers/main.py,WebsiteEventController,,,8,0,
02 OTHER.zip,voip_ai,02 OTHER/voip_ai/models/voip_call.py,VoipCall,voip.call,voip_call,1,0,
02 OTHER.zip,l10n_id_efaktur_coretax,02 OTHER/l10n_id_efaktur_coretax/models/account_move.py,AccountMove,account.move,account_move,4,4,_compute_kode_transaksi|_compute_l10n_id_coretax_efaktur_available|_compute_l10n_id_coretax_facility_info|_compute_l10n_id_coretax_add_info
02 OTHER.zip,l10n_id_efaktur_coretax,02 OTHER/l10n_id_efaktur_coretax/models/product_template.py,ProductTemplate,product.template,product_template,1,1,_compute_l10n_id_product_code
02 OTHER.zip,l10n_id_efaktur_coretax,02 OTHER/l10n_id_efaktur_coretax/models/uom_code.py,EfakturUomCode,l10n_id_efaktur_coretax.uom.code,l10n_id_efaktur_coretax_uom_code,1,1,_compute_display_name
02 OTHER.zip,l10n_id_efaktur_coretax,02 OTHER/l10n_id_efaktur_coretax/models/efaktur_document.py,EfakturDocument,l10n_id_efaktur_coretax.document,l10n_id_efaktur_coretax_document,1,3,_compute_name|action_download|action_regenerate
02 OTHER.zip,l10n_id_efaktur_coretax,02 OTHER/l10n_id_efaktur_coretax/models/product_code.py,EfakturProductCode,l10n_id_efaktur_coretax.product.code,l10n_id_efaktur_coretax_product_code,2,1,_compute_display_name
02 OTHER.zip,l10n_id_efaktur_coretax,02 OTHER/l10n_id_efaktur_coretax/models/res_partner.py,Partner,res.partner,res_partner,1,1,_compute_l10n_id_pkp
02 OTHER.zip,test_mail,02 OTHER/test_mail/models/mail_test_ticket.py,MailTestTicketEl,mail.test.ticket.el,mail_test_ticket_el,1,1,_compute_email_from
02 OTHER.zip,test_mail,02 OTHER/test_mail/models/test_mail_models.py,MailTestGateway,mail.test.gateway,mail_test_gateway,1,0,
02 OTHER.zip,test_mail,02 OTHER/test_mail/models/test_mail_models.py,MailTestActivity,mail.test.activity,mail_test_activity,0,2,action_start|action_close
02 OTHER.zip,test_mail,02 OTHER/test_mail/models/test_mail_models.py,MailTestComposerMixin,mail.test.composer.mixin,mail_test_composer_mixin,0,1,_compute_render_model
02 OTHER.zip,test_mail,02 OTHER/test_mail/models/test_mail_models.py,MailTestComposerSource,mail.test.composer.source,mail_test_composer_source,1,1,_compute_email_from
02 OTHER.zip,test_mail,02 OTHER/test_mail/models/test_mail_corner_case_models.py,MailPerformanceThread,mail.performance.thread,mail_performance_thread,1,0,
02 OTHER.zip,test_mail,02 OTHER/test_mail/models/test_mail_corner_case_models.py,MailTestFieldType,mail.test.field.type,mail_test_field_type,1,1,create
02 OTHER.zip,test_mail,02 OTHER/test_mail/models/test_mail_feature_models.py,MailTestRecipients,mail.test.recipients,mail_test_recipients,2,2,_compute_customer_email|_compute_customer_phone
02 OTHER.zip,test_mail,02 OTHER/test_mail/models/test_mail_feature_models.py,MailTestRottingMixin,mail.test.rotting.resource,mail_test_rotting_resource,1,1,_compute_date_last_stage_update
02 OTHER.zip,l10n_co_edi_mandate,02 OTHER/l10n_co_edi_mandate/models/product_template.py,ProductTemplate,product.template,product_template,1,1,_compute_l10n_co_dian_mandate_contract
02 OTHER.zip,whatsapp_pos,02 OTHER/whatsapp_pos/models/whatsapp_template.py,WhatsappTemplate,whatsapp.template,whatsapp_template,1,1,button_create_action
02 OTHER.zip,whatsapp_pos,02 OTHER/whatsapp_pos/models/res_config_settings.py,ResConfigSettings,res.config.settings,res_config_settings,2,2,_check_whatsapp_receipt_template|_check_whatsapp_invoice_template
02 OTHER.zip,whatsapp_pos,02 OTHER/whatsapp_pos/models/pos_order.py,PosOrder,pos.order,pos_order,0,2,action_sent_receipt_on_whatsapp|action_send_whatsapp
02 OTHER.zip,sale_service,02 OTHER/sale_service/models/sale_order_line.py,SaleOrderLine,sale.order.line,sale_order_line,2,1,_compute_is_service
02 OTHER.zip,whatsapp_payment,02 OTHER/whatsapp_payment/wizard/payment_link_wizard.py,PaymentLinkWizard,payment.link.wizard,payment_link_wizard,2,2,_compute_can_send_whatsapp|action_send_whatsapp
02 OTHER.zip,l10n_be_reports,02 OTHER/l10n_be_reports/wizard/vat_return_lock_wizard.py,L10n_BeVatReturnLockWizard,l10n_be_reports.vat.return.lock.wizard,l10n_be_reports_vat_return_lock_wizard,2,3,_compute_show_prorata|_compute_prorata_year|action_proceed_with_locking
02 OTHER.zip,l10n_be_reports,02 OTHER/l10n_be_reports/wizard/vat_listing_submission_wizard.py,L10n_Be_ReportsVatListingSubmissionWizard,l10n_be_reports.vat.listing.submission.wizard,l10n_be_reports_vat_listing_submission_wizard,0,1,action_proceed_with_submission
02 OTHER.zip,l10n_be_reports,02 OTHER/l10n_be_reports/wizard/isoc_prepayment_pay_wizard.py,L10n_Be_ReportsISOCPrepaymentPayWizard,l10n_be_reports.isoc.prepayment.pay.wizard,l10n_be_reports_isoc_prepayment_pay_wizard,2,5,create|_compute_amount_to_pay|action_pay_later|action_mark_as_paid|action_send_email_instructions
02 OTHER.zip,l10n_be_reports,02 OTHER/l10n_be_reports/wizard/l10n_be_325_form_wizard.py,L10n_BeForm325Wizard,l10n_be.form.325.wizard,l10n_be_form_325_wizard,3,2,_compute_sender_id|action_generate_325_form
02 OTHER.zip,l10n_be_reports,02 OTHER/l10n_be_reports/wizard/annual_corporate_tax_submission_wizard.py,L10n_Be_ReportsPeriodicVatXmlExport,l10n_be_reports.annual.corporate.tax.submission.wizard,l10n_be_reports_annual_corporate_tax_submission_wizard,0,1,action_proceed_with_submission
02 OTHER.zip,l10n_be_reports,02 OTHER/l10n_be_reports/wizard/xbrl_export_wizard.py,XBRLExportWizard,l10n_be_reports.xbrl.export.wizard,l10n_be_reports_xbrl_export_wizard,0,1,action_download_xbrl_file
02 OTHER.zip,l10n_be_reports,02 OTHER/l10n_be_reports/wizard/vat_pay_wizard.py,L10n_Be_ReportsVatPayWizard,l10n_be_reports.vat.pay.wizard,l10n_be_reports_vat_pay_wizard,0,2,action_send_email_instructions|action_mark_as_paid
02 OTHER.zip,l10n_be_reports,02 OTHER/l10n_be_reports/wizard/ec_sales_list_submission_wizard.py,L10n_Be_ReportsEcSalesListSubmissionWizard,l10n_be_reports.ec.sales.list.submission.wizard,l10n_be_reports_ec_sales_list_submission_wizard,0,1,action_proceed_with_submission
02 OTHER.zip,l10n_be_reports,02 OTHER/l10n_be_reports/models/partner_vat_listing.py,L10n_BePartnerVatHandler,l10n_be.partner.vat.handler,l10n_be_partner_vat_handler,0,1,action_warning_partners
02 OTHER.zip,l10n_be_reports,02 OTHER/l10n_be_reports/models/account_325_form.py,L10n_BeForm325,l10n_be.form.325,l10n_be_form_325,20,25,_compute_display_name|_compute_form_281_50_count|_compute_form_281_50_total_amount|_compute_sender_name|_compute_sender_address|_compute_sender_zip|_compute_sender_city|_compute_sender_phone_number|_compute_sender_lang_code|_compute_sender_bce_number|_compute_debtor_name|_compute_debtor_address
02 OTHER.zip,l10n_be_reports,02 OTHER/l10n_be_reports/models/account_281_50_form.py,L10n_BeForm28150,l10n_be.form.281.50,l10n_be_form_281_50,12,14,_compute_display_name|_compute_total_remuneration|_compute_partner_names|_compute_partner_address|_compute_partner_zip|_compute_partner_city|_compute_country_id|_compute_partner_citizen_identification|_compute_partner_bce_number|_compute_partner_is_natural_person|_compute_partner_country|_check_auto_partner_id_company
02 OTHER.zip,l10n_be_reports,02 OTHER/l10n_be_reports/models/res_company.py,ResCompany,res.company,res_company,1,1,_compute_l10n_be_region_id
02 OTHER.zip,l10n_be_reports,02 OTHER/l10n_be_reports/models/account_return.py,AccountReturnType,account.return.type,account_return_type,1,0,
02 OTHER.zip,l10n_be_reports,02 OTHER/l10n_be_reports/models/account_return.py,AccountReturn,account.return,account_return,2,5,create|_check_suite_be_tax_report_vat|_check_suite_be_partner_vat_listing|action_validate|action_submit
02 OTHER.zip,l10n_be_reports,02 OTHER/l10n_be_reports/models/res_partner.py,ResPartner,res.partner,res_partner,0,2,write|_check_partner_281_50_required_values
02 OTHER.zip,l10n_be_reports,02 OTHER/l10n_be_reports/report/l10n_be_281_50_xml_templates.py,ReportL10n_Be_ReportsReport_281_50_Xml,report.l10n_be_reports.report_281_50_xml,report_l10n_be_reports_report_281_50_xml,1,0,
02 OTHER.zip,l10n_be_reports,02 OTHER/l10n_be_reports/report/l10n_be_281_50_pdf_templates.py,ReportL10n_Be_ReportsReport_281_50_Pdf,report.l10n_be_reports.report_281_50_pdf,report_l10n_be_reports_report_281_50_pdf,1,0,
02 OTHER.zip,l10n_be_reports,02 OTHER/l10n_be_reports/report/l10n_be_325_pdf_templates.py,ReportL10n_Be_ReportsReport_325_Pdf,report.l10n_be_reports.report_325_pdf,report_l10n_be_reports_report_325_pdf,1,0,
02 OTHER.zip,delivery_dhl_rest,02 OTHER/delivery_dhl_rest/models/delivery_dhl.py,ProviderDHL,delivery.carrier,delivery_carrier,0,2,_compute_can_generate_return|_compute_supports_shipping_insurance
02 OTHER.zip,website_sale_fedex,02 OTHER/website_sale_fedex/models/delivery_fedex.py,DeliveryCarrier,delivery.carrier,delivery_carrier,0,1,_compute_fedex_locations_radius_unit
02 OTHER.zip,whatsapp_calendar,02 OTHER/whatsapp_calendar/models/calendar_alarm_manager.py,AlarmManager,calendar.alarm_manager,calendar_alarm_manager,1,0,
02 OTHER.zip,whatsapp_calendar,02 OTHER/whatsapp_calendar/models/calendar_alarm.py,CalendarAlarm,calendar.alarm,calendar_alarm,1,1,_compute_wa_template_id
02 OTHER.zip,hr_holidays_homeworking,02 OTHER/hr_holidays_homeworking/models/hr_employee.py,HrEmployee,hr.employee,hr_employee,0,1,_compute_presence_icon
02 OTHER.zip,l10n_latam_check,02 OTHER/l10n_latam_check/models/account_move.py,AccountMove,account.move,account_move,0,1,button_draft
02 OTHER.zip,l10n_latam_check,02 OTHER/l10n_latam_check/models/account_journal.py,AccountJournal,account.journal,account_journal,1,1,create
02 OTHER.zip,l10n_latam_check,02 OTHER/l10n_latam_check/models/account_payment_method.py,AccountPaymentMethod,account.payment.method,account_payment_method,1,0,
02 OTHER.zip,l10n_latam_check,02 OTHER/l10n_latam_check/models/account_payment.py,AccountPayment,account.payment,account_payment,5,7,_check_move_id|_compute_amount|action_post|action_cancel|action_draft|_compute_l10n_latam_check_warning_msg|_compute_destination_account_id
02 OTHER.zip,l10n_latam_check,02 OTHER/l10n_latam_check/models/account_chart_template.py,AccountChartTemplate,account.chart.template,account_chart_template,1,0,
02 OTHER.zip,l10n_latam_check,02 OTHER/l10n_latam_check/models/l10n_latam_check.py,L10n_LatamCheck,l10n_latam.check,l10n_latam_check,8,11,_onchange_name|_compute_issue_state|action_void|_compute_current_journal|button_open_payment|button_open_check_operations|action_show_reconciled_move|action_show_journal_entry|_compute_bank_id|_compute_issuer_vat|_check_issuer_vat
02 OTHER.zip,l10n_latam_check,02 OTHER/l10n_latam_check/wizards/l10n_latam_payment_register_check.py,L10n_LatamPaymentRegisterCheck,l10n_latam.payment.register.check,l10n_latam_payment_register_check,4,3,_onchange_name|_compute_bank_id|_compute_issuer_vat
02 OTHER.zip,l10n_latam_check,02 OTHER/l10n_latam_check/wizards/account_payment_register.py,AccountPaymentRegister,account.payment.register,account_payment_register,2,3,_compute_amount|_compute_currency_id|action_create_payments
02 OTHER.zip,l10n_latam_check,02 OTHER/l10n_latam_check/wizards/l10n_latam_payment_mass_transfer.py,L10n_LatamPaymentMassTransfer,l10n_latam.payment.mass.transfer,l10n_latam_payment_mass_transfer,2,2,_compute_journal_company|action_create_payments
02 OTHER.zip,sale_lazada,02 OTHER/sale_lazada/wizard/lazada_shop_create_wizard.py,LazadaShopCreateWizard,lazada.shop.create.wizard,lazada_shop_create_wizard,0,1,action_create_shop
02 OTHER.zip,sale_lazada,02 OTHER/sale_lazada/models/sale_order.py,SaleOrder,sale.order,sale_order,1,1,_compute_lazada_order_status
02 OTHER.zip,sale_lazada,02 OTHER/sale_lazada/models/product_product.py,ProductProduct,product.product,product_product,1,0,
02 OTHER.zip,sale_lazada,02 OTHER/sale_lazada/models/stock_picking.py,StockPicking,stock.picking,stock_picking,1,3,_compute_lazada_package_status|action_fetch_shipping_label|action_pack_lazada_package
02 OTHER.zip,sale_lazada,02 OTHER/sale_lazada/models/lazada_order_item.py,LazadaOrderItem,lazada.order.item,lazada_order_item,1,2,_check_stock_move|write
02 OTHER.zip,sale_lazada,02 OTHER/sale_lazada/models/lazada_item.py,LazadaItem,lazada.item,lazada_item,3,2,_check_sync_to_lazada|_compute_sync_lazada_inventory
02 OTHER.zip,sale_lazada,02 OTHER/sale_lazada/models/lazada_shop.py,LazadaShop,lazada.shop,lazada_shop,4,12,_compute_lazada_item_count|_compute_order_count|_compute_api_endpoint|create|action_view_orders|action_sync_orders|action_view_lazada_items|action_sync_inventory|action_sync_product_catalog|action_archive|action_open_auth_link|_compute_subtotal
02 OTHER.zip,fleet,02 OTHER/fleet/wizard/fleet_vehicle_send_mail.py,FleetVehicleSendMail,fleet.vehicle.send.mail,fleet_vehicle_send_mail,2,4,_compute_render_model|_onchange_template_id|action_send|action_save_as_template
02 OTHER.zip,fleet,02 OTHER/fleet/models/fleet_vehicle_log_services.py,FleetVehicleLogServices,fleet.vehicle.log.services,fleet_vehicle_log_services,2,2,create|_compute_purchaser_id
02 OTHER.zip,fleet,02 OTHER/fleet/models/mail_activity_type.py,MailActivityType,mail.activity.type,mail_activity_type,1,0,
02 OTHER.zip,fleet,02 OTHER/fleet/models/fleet_vehicle_model.py,FleetVehicleModel,fleet.vehicle.model,fleet_vehicle_model,4,4,_compute_display_name|_compute_vehicle_count|_compute_co2_emission_unit|action_model_vehicle
02 OTHER.zip,fleet,02 OTHER/fleet/models/fleet_vehicle_model_brand.py,FleetVehicleModelBrand,fleet.vehicle.model.brand,fleet_vehicle_model_brand,1,3,_compute_model_count|action_brand_model|action_open_brand_form
02 OTHER.zip,fleet,02 OTHER/fleet/models/fleet_vehicle_assignation_log.py,FleetVehicleAssignationLog,fleet.vehicle.assignation.log,fleet_vehicle_assignation_log,1,1,_compute_display_name
02 OTHER.zip,fleet,02 OTHER/fleet/models/fleet_vehicle.py,FleetVehicle,fleet.vehicle,fleet_vehicle,21,26,_compute_service_activity|_compute_category|_compute_range_unit|_compute_trailer_hook|_compute_vehicle_range|_compute_electric_assistance|_compute_co2_standard|_compute_co2|_compute_power|_compute_horsepower|_compute_horsepower_tax|_compute_fuel_type
02 OTHER.zip,fleet,02 OTHER/fleet/models/fleet_vehicle_log_contract.py,FleetVehicleLogContract,fleet.vehicle.log.contract,fleet_vehicle_log_contract,4,8,_compute_contract_name|_compute_has_open_contract|_compute_days_left|write|action_close|action_draft|action_open|action_expire
02 OTHER.zip,fleet,02 OTHER/fleet/models/fleet_vehicle_odometer.py,FleetVehicleOdometer,fleet.vehicle.odometer,fleet_vehicle_odometer,3,3,_compute_driver_id|_compute_vehicle_log_name|_onchange_vehicle
02 OTHER.zip,mass_mailing_crm,02 OTHER/mass_mailing_crm/models/mailing_mailing.py,MailingMailing,mailing.mailing,mailing_mailing,0,3,_compute_use_leads|_compute_crm_lead_count|action_redirect_to_leads_and_opportunities
02 OTHER.zip,l10n_br_website_sale,02 OTHER/l10n_br_website_sale/models/website.py,Website,website,website,1,1,create
02 OTHER.zip,l10n_tr_nilvera_einvoice_extended,02 OTHER/l10n_tr_nilvera_einvoice_extended/models/account_move.py,AccountMove,account.move,account_move,3,3,_compute_l10n_tr_exemption_code_domain_list|_compute_l10n_tr_gib_invoice_type|_compute_l10n_tr_exemption_code_id
02 OTHER.zip,l10n_tr_nilvera_einvoice_extended,02 OTHER/l10n_tr_nilvera_einvoice_extended/models/account_move_line.py,AccountMoveLine,account.move.line,account_move_line,2,2,_compute_l10n_tr_ctsp_number|_check_l10n_tr_ctsp_number
02 OTHER.zip,l10n_tr_nilvera_einvoice_extended,02 OTHER/l10n_tr_nilvera_einvoice_extended/models/product_template.py,ProductTemplate,product.template,product_template,1,1,_compute_l10n_tr_ctsp_number
02 OTHER.zip,l10n_tr_nilvera_einvoice_extended,02 OTHER/l10n_tr_nilvera_einvoice_extended/models/product_product.py,ProductProduct,product.product,product_product,1,1,_check_l10n_tr_ctsp_number
02 OTHER.zip,l10n_tr_nilvera_einvoice_extended,02 OTHER/l10n_tr_nilvera_einvoice_extended/models/l10n_tr_nilvera_einvoice_extended_account_tax_code.py,L10nTrNilveraEinvoiceExtendedAccountTaxCode,l10n_tr_nilvera_einvoice_extended.account.tax.code,l10n_tr_nilvera_einvoice_extended_account_tax_code,1,1,_compute_display_name
02 OTHER.zip,l10n_tr_nilvera_einvoice_extended,02 OTHER/l10n_tr_nilvera_einvoice_extended/models/account_edi_xml_ubl_tr.py,AccountEdiXmlUblTr,account.edi.xml.ubl.tr,account_edi_xml_ubl_tr,5,0,
02 OTHER.zip,l10n_tr_nilvera_einvoice_extended,02 OTHER/l10n_tr_nilvera_einvoice_extended/models/res_partner.py,ResPartner,res.partner,res_partner,1,1,_compute_display_name
02 OTHER.zip,google_account,02 OTHER/google_account/models/google_service.py,GoogleService,google.service,google_service,3,0,
02 OTHER.zip,stock,02 OTHER/stock/wizard/stock_inventory_conflict.py,StockInventoryConflict,stock.inventory.conflict,stock_inventory_conflict,0,2,action_keep_counted_quantity|action_keep_difference
02 OTHER.zip,stock,02 OTHER/stock/wizard/product_replenish.py,ProductReplenish,product.replenish,product_replenish,5,4,_onchange_product_id|_compute_allowed_uom_ids|_compute_forecasted_quantity|_compute_date_planned
02 OTHER.zip,stock,02 OTHER/stock/wizard/stock_orderpoint_snooze.py,StockOrderpointSnooze,stock.orderpoint.snooze,stock_orderpoint_snooze,1,2,_onchange_predefined_date|action_snooze
02 OTHER.zip,stock,02 OTHER/stock/wizard/stock_backorder_confirmation.py,StockBackorderConfirmation,stock.backorder.confirmation,stock_backorder_confirmation,1,1,_check_less_quantities_than_expected
02 OTHER.zip,stock,02 OTHER/stock/wizard/stock_warn_insufficient_qty.py,StockWarnInsufficientQty,stock.warn.insufficient.qty,stock_warn_insufficient_qty,1,2,_compute_quant_ids|action_done
02 OTHER.zip,stock,02 OTHER/stock/wizard/stock_warn_insufficient_qty.py,StockWarnInsufficientQtyScrap,stock.warn.insufficient.qty.scrap,stock_warn_insufficient_qty_scrap,0,2,action_done|action_cancel
02 OTHER.zip,stock,02 OTHER/stock/wizard/stock_package_destination.py,StockPackageDestination,stock.package.destination,stock_package_destination,1,2,_compute_filtered_location|action_done
02 OTHER.zip,stock,02 OTHER/stock/wizard/stock_inventory_warning.py,StockInventoryWarning,stock.inventory.warning,stock_inventory_warning,0,2,action_reset|action_set
02 OTHER.zip,stock,02 OTHER/stock/wizard/product_label_layout.py,ProductLabelLayout,product.label.layout,product_label_layout,1,0,
02 OTHER.zip,stock,02 OTHER/stock/wizard/stock_picking_return.py,StockReturnPickingLine,stock.return.picking.line,stock_return_picking_line,1,1,_compute_uom_id
02 OTHER.zip,stock,02 OTHER/stock/wizard/stock_picking_return.py,StockReturnPicking,stock.return.picking,stock_return_picking,3,4,_compute_moves_locations|action_create_returns|action_create_returns_all|action_create_exchanges
02 OTHER.zip,stock,02 OTHER/stock/wizard/stock_put_in_pack.py,StockPutInPack,stock.put.in.pack,stock_put_in_pack,1,3,_compute_origin_package_ids|_onchange_package_type_id|action_put_in_pack
02 OTHER.zip,stock,02 OTHER/stock/wizard/stock_request_count.py,StockRequestCount,stock.request.count,stock_request_count,0,2,_compute_show_expected_quantity|action_request_count
02 OTHER.zip,stock,02 OTHER/stock/wizard/stock_replenishment_info.py,StockReplenishmentInfo,stock.replenishment.info,stock_replenishment_info,3,3,_compute_wh_replenishment_options|_compute_json_lead_days|_compute_json_replenishment_graph
02 OTHER.zip,stock,02 OTHER/stock/wizard/stock_replenishment_info.py,StockReplenishmentOption,stock.replenishment.option,stock_replenishment_option,3,3,_compute_free_qty|_compute_lead_time|_compute_warning_message
02 OTHER.zip,stock,02 OTHER/stock/wizard/stock_rules_report.py,StockRulesReport,stock.rules.report,stock_rules_report,1,0,
02 OTHER.zip,stock,02 OTHER/stock/wizard/stock_inventory_adjustment_name.py,StockInventoryAdjustmentName,stock.inventory.adjustment.name,stock_inventory_adjustment_name,0,1,action_apply
02 OTHER.zip,stock,02 OTHER/stock/wizard/stock_quant_relocate.py,StockQuantRelocate,stock.quant.relocate,stock_quant_relocate,4,5,_compute_is_partial_package|_compute_is_multi_location|_compute_dest_package_id_domain|_compute_dest_package_id|action_relocate_quants
02 OTHER.zip,stock,02 OTHER/stock/models/stock_location.py,StockLocation,stock.location,stock_location,13,15,_compute_display_name|_compute_weight|_compute_complete_name|_compute_is_empty|_compute_next_inventory_date|_compute_warehouse_id|_compute_child_internal_location_ids|_compute_replenish_location|_check_replenish_location|_check_scrap_location|write|unlink
02 OTHER.zip,stock,02 OTHER/stock/models/stock_location.py,StockRoute,stock.route,stock_route,4,5,_compute_warehouses|_onchange_company|_onchange_warehouse_selectable|write|_check_company_consistency
02 OTHER.zip,stock,02 OTHER/stock/models/stock_package.py,StockPackage,stock.package,stock_package,15,21,_compute_all_children_package_ids|_compute_display_name|_compute_complete_name|_compute_dest_complete_name|_compute_contained_quant_ids|_compute_content_description|_compute_json_popover|_compute_location_dest_id|_compute_move_line_ids|_compute_package_info|_compute_picking_ids|_compute_owner_id
02 OTHER.zip,stock,02 OTHER/stock/models/stock_warehouse.py,StockWarehouse,stock.warehouse,stock_warehouse,5,7,_onchange_company_id|create|write|unlink|_check_multiwarehouse_group|_check_delivery_resupply|action_view_all_routes
02 OTHER.zip,stock,02 OTHER/stock/models/stock_storage_category.py,StockStorageCategory,stock.storage.category,stock_storage_category,1,2,_compute_storage_capacity_ids|_compute_weight_uom_name
02 OTHER.zip,stock,02 OTHER/stock/models/stock_replenish_mixin.py,StockReplenishMixin,stock.replenish.mixin,stock_replenish_mixin,1,1,_compute_allowed_route_ids
02 OTHER.zip,stock,02 OTHER/stock/models/stock_scrap.py,StockScrap,stock.scrap,stock_scrap,6,9,_compute_allowed_uom_ids|_compute_product_uom_id|_compute_location_id|_compute_scrap_location_id|_compute_scrap_qty|_onchange_serial_number|action_get_stock_picking|action_get_stock_move_lines|action_validate
02 OTHER.zip,stock,02 OTHER/stock/models/stock_move_line.py,StockMoveLine,stock.move.line,stock_move_line,16,23,_compute_allowed_uom_ids|_compute_product_uom_id|_compute_lots_visible|_compute_picked|_compute_picking_type_id|_compute_location_id|_compute_quantity|_compute_quantity_product_uom|_check_lot_product|_check_positive_quantity|_onchange_product_id|_onchange_serial_number
02 OTHER.zip,stock,02 OTHER/stock/models/stock_quant.py,StockQuant,stock.quant,stock_quant,34,29,_compute_available_quantity|_compute_inventory_date|_compute_last_count_date|_compute_inventory_diff_quantity|_compute_inventory_quantity_set|_compute_is_outdated|_compute_inventory_quantity_auto_apply|_compute_sn_duplicated|copy|create|write|action_view_stock_moves
02 OTHER.zip,stock,02 OTHER/stock/models/stock_move.py,StockMove,stock.move,stock_move,36,47,_compute_allowed_uom_ids|_compute_product_uom|_compute_location_id|_compute_location_dest_id|_compute_display_assign_serial|_compute_has_lines_without_result_package|_compute_package_ids|_compute_picked|_inverse_picked|_compute_priority|_compute_picking_type_id|_compute_is_locked
02 OTHER.zip,stock,02 OTHER/stock/models/stock_reference.py,StockReference,stock.reference,stock_reference,0,1,_compute_picking_ids
02 OTHER.zip,stock,02 OTHER/stock/models/res_company.py,ResCompany,res.company,res_company,7,1,create
02 OTHER.zip,stock,02 OTHER/stock/models/stock_orderpoint.py,StockWarehouseOrderpoint,stock.warehouse.orderpoint,stock_warehouse_orderpoint,21,29,_compute_allowed_location_ids|_compute_show_supply_warning|_compute_deadline_date|_compute_lead_days|_compute_rules|_compute_product_max_qty|_compute_allowed_replenishment_uom_ids|_compute_replenishment_uom_id_placeholder|_inverse_route_id|_compute_route_id_placeholder|_compute_effective_route_id|_compute_days_to_order
02 OTHER.zip,stock,02 OTHER/stock/models/stock_picking.py,StockPickingType,stock.picking.type,stock_picking_type,15,19,create|write|_compute_is_favorite|_inverse_is_favorite|_compute_hide_reservation_method|_compute_picking_count|_compute_move_count|_compute_display_name|_compute_use_create_lots|_compute_use_existing_lots|_compute_default_location_src_id|_compute_default_location_dest_id
02 OTHER.zip,stock,02 OTHER/stock/models/stock_picking.py,StockPicking,stock.picking,stock_picking,28,51,_compute_has_tracking|_compute_move_type|_compute_has_deadline_issue|_compute_delay_alert_date|_compute_is_signed|_compute_is_date_editable|_compute_products_availability|_compute_show_lots_text|_compute_json_popover|_compute_state|_compute_scheduled_date|_compute_bulk_weight
02 OTHER.zip,stock,02 OTHER/stock/models/product_strategy.py,StockPutawayRule,stock.putaway.rule,stock_putaway_rule,4,5,_compute_storage_category|_onchange_sublocation|_onchange_location_in|create|write
02 OTHER.zip,stock,02 OTHER/stock/models/product.py,ProductProduct,product.product,product_product,10,18,_compute_show_qty_status_button|_compute_show_qty_update_button|_compute_valid_ean|_compute_quantities|_compute_quantities_dict|_inverse_qty_available|_compute_nbr_moves|_compute_nbr_reordering_rules|_onchange_tracking|action_view_orderpoints|action_view_routes|action_view_stock_move_lines
02 OTHER.zip,stock,02 OTHER/stock/models/product.py,ProductTemplate,product.template,product_template,13,25,_compute_serial_prefix_format|_inverse_serial_prefix_format|_compute_next_serial|_compute_show_qty_status_button|_compute_has_available_route_ids|_compute_show_qty_update_button|_compute_quantities|_compute_quantities_dict|_compute_nbr_moves|_inverse_qty_available|_compute_nbr_reordering_rules|_onchange_tracking
02 OTHER.zip,stock,02 OTHER/stock/models/product.py,ProductCategory,product.category,product_category,2,2,_compute_parent_route_ids|_compute_total_route_ids
02 OTHER.zip,stock,02 OTHER/stock/models/product.py,UomUom,uom.uom,uom_uom,0,1,write
02 OTHER.zip,stock,02 OTHER/stock/models/stock_rule.py,StockRule,stock.rule,stock_rule,19,6,_check_company_consistency|_onchange_picking_type|_onchange_route|_compute_action_message|_compute_picking_type_code_domain|_check_intercomp_location
02 OTHER.zip,stock,02 OTHER/stock/models/res_config_settings.py,ResConfigSettings,res.config.settings,res_config_settings,4,5,_compute_replenish_on_order|_inverse_replenish_on_order|_onchange_group_stock_multi_locations|_onchange_group_stock_production_lot|_onchange_stock_confirmation_fields
02 OTHER.zip,stock,02 OTHER/stock/models/stock_package_type.py,StockPackageType,stock.package.type,stock_package_type,3,6,_compute_display_name|_compute_has_quants|_compute_length_uom_name|_compute_weight_uom_name|create|write
02 OTHER.zip,stock,02 OTHER/stock/models/res_partner.py,ResPartner,res.partner,res_partner,0,1,action_view_stock_serial
02 OTHER.zip,stock,02 OTHER/stock/models/stock_package_history.py,StockPackageHistory,stock.package.history,stock_package_history,0,1,action_show_package
02 OTHER.zip,stock,02 OTHER/stock/models/stock_lot.py,StockLot,stock.lot,stock_lot,12,12,_compute_name|_check_unique_lot|_check_create|_compute_company_id|_compute_display_complete|_compute_delivery_ids|_compute_partner_ids|_compute_single_location|create|write|action_lot_open_quants|action_lot_open_transfers
02 OTHER.zip,stock,02 OTHER/stock/report/stock_forecasted.py,StockForecasted_Product_Product,stock.forecasted_product_product,stock_forecasted_product_product,3,2,action_reserve_linked_picks|action_unreserve_linked_picks
02 OTHER.zip,stock,02 OTHER/stock/report/stock_forecasted.py,StockForecasted_Product_Template,stock.forecasted_product_template,stock_forecasted_product_template,1,0,
02 OTHER.zip,stock,02 OTHER/stock/report/report_stock_rule.py,ReportStockReport_Stock_Rule,report.stock.report_stock_rule,report_stock_report_stock_rule,6,0,
02 OTHER.zip,stock,02 OTHER/stock/report/stock_traceability.py,StockTraceabilityReport,stock.traceability.report,stock_traceability_report,7,0,
02 OTHER.zip,stock,02 OTHER/stock/report/report_stock_reception.py,ReportStockReport_Reception,report.stock.report_reception,report_stock_report_reception,2,4,action_assign|action_unassign|_action_assign|_action_unassign
02 OTHER.zip,resource,02 OTHER/resource/models/resource_calendar.py,ResourceCalendar,resource.calendar,resource_calendar,14,16,_check_attendance_ids|_compute_two_weeks_attendance|_inverse_two_weeks_calendar|_compute_full_time_required_hours|_compute_flexible_hours|_inverse_flexible_hours|_compute_attendance_ids|_onchange_attendance_ids|_compute_global_leave_ids|_compute_hours_per_day|_compute_hours_per_week|_compute_two_weeks_explanation
02 OTHER.zip,resource,02 OTHER/resource/models/resource_calendar_attendance.py,ResourceCalendarAttendance,resource.calendar.attendance,resource_calendar_attendance,6,6,_onchange_hours|_check_day_period|_compute_duration_hours|_inverse_duration_hours|_compute_duration_days|_compute_display_name
02 OTHER.zip,resource,02 OTHER/resource/models/resource_calendar_leaves.py,ResourceCalendarLeaves,resource.calendar.leaves,resource_calendar_leaves,5,3,_compute_calendar_id|_compute_company_id|_compute_date_to
02 OTHER.zip,resource,02 OTHER/resource/models/res_company.py,ResCompany,res.company,res_company,2,1,create
02 OTHER.zip,resource,02 OTHER/resource/models/res_users.py,ResUsers,res.users,res_users,0,1,write
02 OTHER.zip,resource,02 OTHER/resource/models/resource_resource.py,ResourceResource,resource.resource,resource_resource,5,5,_compute_avatar_128|create|write|_onchange_company_id|_onchange_user_id
02 OTHER.zip,resource,02 OTHER/resource/models/resource_mixin.py,ResourceMixin,resource.mixin,resource_mixin,1,1,create
02 OTHER.zip,voip_hr,02 OTHER/voip_hr/models/voip_call.py,VoipCall,voip.call,voip_call,1,1,_compute_is_within_same_company
02 OTHER.zip,whatsapp_hr_referral,02 OTHER/whatsapp_hr_referral/models/hr_job.py,HrJob,hr.job,hr_job,0,1,action_open_whatsapp_composer
02 OTHER.zip,partnership,02 OTHER/partnership/models/product_pricelist.py,ProductPricelist,product.pricelist,product_pricelist,0,1,_compute_partners_count
02 OTHER.zip,partnership,02 OTHER/partnership/models/sale_order.py,SaleOrder,sale.order,sale_order,2,2,_compute_partnership|action_confirm
02 OTHER.zip,partnership,02 OTHER/partnership/models/product_template.py,ProductTemplate,product.template,product_template,1,0,
02 OTHER.zip,partnership,02 OTHER/partnership/models/res_config_settings.py,ResConfigSettings,res.config.settings,res_config_settings,1,1,_onchange_partnership_label
02 OTHER.zip,partnership,02 OTHER/partnership/models/res_partner.py,ResPartner,res.partner,res_partner,0,1,write
02 OTHER.zip,partnership,02 OTHER/partnership/models/res_partner_grade.py,ResPartnerGrade,res.partner.grade,res_partner_grade,0,1,_compute_partners_count
02 OTHER.zip,mail_mobile,02 OTHER/mail_mobile/models/mail_thread.py,MailThread,mail.thread,mail_thread,1,0,
02 OTHER.zip,mail_mobile,02 OTHER/mail_mobile/models/res_config_settings.py,ResConfigSettings,res.config.settings,res_config_settings,3,0,
02 OTHER.zip,approvals,02 OTHER/approvals/models/approval_request.py,ApprovalRequest,approval.request,approval_request,9,18,_compute_user_ids|_compute_has_access_to_request|_compute_attachment_number|_check_dates|create|unlink|action_get_attachment_view|action_confirm|_action_force_approval|action_approve|action_refuse|action_withdraw
02 OTHER.zip,approvals,02 OTHER/approvals/models/approval_approver.py,ApprovalApprover,approval.approver,approval_approver,4,6,write|action_approve|action_refuse|_compute_existing_request_user_ids|_compute_category_approver|_compute_can_edit
02 OTHER.zip,approvals,02 OTHER/approvals/models/mail_activity_type.py,MailActivityType,mail.activity.type,mail_activity_type,1,0,
02 OTHER.zip,approvals,02 OTHER/approvals/models/approval_category.py,ApprovalCategory,approval.category,approval_category,7,5,_compute_request_to_validate_count|_compute_invalid_minimum|_compute_user_ids|create|write
02 OTHER.zip,approvals,02 OTHER/approvals/models/approval_category_approver.py,ApprovalCategoryApprover,approval.category.approver,approval_category_approver,1,1,_compute_existing_user_ids
02 OTHER.zip,approvals,02 OTHER/approvals/models/mail_activity.py,MailActivity,mail.activity,mail_activity,2,2,_compute_approval_request_id|_compute_approver_id
02 OTHER.zip,approvals,02 OTHER/approvals/models/approval_product_line.py,ApprovalProductLine,approval.product.line,approval_product_line,2,2,_compute_description|_compute_product_uom_id
02 OTHER.zip,esg_csrd_ai,02 OTHER/esg_csrd_ai/wizard/metrics_ai_generation_wizard.py,MetricsAiGenerationWizard,metrics.ai.generation.wizard,metrics_ai_generation_wizard,5,6,_compute_nace_id|_compute_company_size|_compute_revenues_value|_compute_assets_value|_compute_core_business_description|action_generate_metrics
02 OTHER.zip,esg_csrd_ai,02 OTHER/esg_csrd_ai/wizard/metrics_ai_suggestion_wizard.py,MetricsAiSuggestionWizard,metrics.ai.suggestion.wizard,metrics_ai_suggestion_wizard,1,2,_compute_has_one_or_more_selected|action_add_suggestions
02 OTHER.zip,survey_crm,02 OTHER/survey_crm/models/survey_survey.py,SurveySurvey,survey.survey,survey_survey,2,4,_compute_generate_lead|_compute_lead_count|action_end_session|action_survey_see_leads
02 OTHER.zip,survey_crm,02 OTHER/survey_crm/models/survey_question.py,SurveyQuestion,survey.question,survey_question,1,1,_compute_generate_lead
02 OTHER.zip,survey_crm,02 OTHER/survey_crm/models/survey_user_input.py,SurveyUser_Input,survey.user_input,survey_user_input,0,1,action_redirect_lead
02 OTHER.zip,sale_purchase,02 OTHER/sale_purchase/models/sale_order.py,SaleOrder,sale.order,sale_order,1,4,_compute_purchase_order_count|_action_confirm|_action_cancel|action_view_purchase_orders
02 OTHER.zip,sale_purchase,02 OTHER/sale_purchase/models/sale_order_line.py,SaleOrderLine,sale.order.line,sale_order_line,3,4,_compute_purchase_count|_onchange_service_product_uom_qty|create|write
02 OTHER.zip,sale_purchase,02 OTHER/sale_purchase/models/purchase_order.py,PurchaseOrder,purchase.order,purchase_order,2,4,_compute_sale_order_count|_compute_dest_address_id|action_view_sale_orders|button_cancel
02 OTHER.zip,sale_purchase,02 OTHER/sale_purchase/models/product_template.py,ProductTemplate,product.template,product_template,3,4,_check_service_to_purchase|create|_check_vendor_for_service_to_purchase|_onchange_service_to_purchase
02 OTHER.zip,l10n_eu_iot_scale_cert,02 OTHER/l10n_eu_iot_scale_cert/models/pos_config.py,PosConfig,pos.config,pos_config,1,0,
02 OTHER.zip,web_tour,02 OTHER/web_tour/models/res_users.py,ResUsers,res.users,res_users,2,1,_compute_tour_enabled
02 OTHER.zip,web_tour,02 OTHER/web_tour/models/tour.py,Web_TourTour,web_tour.tour,web_tour_tour,4,1,_compute_sharing_url
02 OTHER.zip,survey,02 OTHER/survey/wizard/survey_invite.py,SurveyInvite,survey.invite,survey_invite,13,14,_compute_send_email|_inverse_send_email|_compute_existing_partner_ids|_compute_existing_emails|_compute_existing_text|_compute_survey_start_url|_compute_render_model|_onchange_emails|_onchange_partner_ids|create|_compute_subject|_compute_body
02 OTHER.zip,survey,02 OTHER/survey/models/res_lang.py,ResLang,res.lang,res_lang,0,1,write
02 OTHER.zip,survey,02 OTHER/survey/models/ir_http.py,IrHttp,ir.http,ir_http,2,0,
02 OTHER.zip,survey,02 OTHER/survey/models/badge.py,GamificationBadge,gamification.badge,gamification_badge,1,1,_compute_survey_id
02 OTHER.zip,survey,02 OTHER/survey/models/survey_survey.py,SurveySurvey,survey.survey,survey_survey,26,41,_compute_background_image_url|_compute_scoring_max_obtainable|_compute_users_can_signup|_compute_survey_statistic|_compute_answer_duration_avg|_compute_page_and_question_ids|_compute_is_attempts_limited|_compute_session_answer_count|_compute_session_question_answer_count|_compute_session_code|_compute_session_link|_compute_session_show_leaderboard
02 OTHER.zip,survey,02 OTHER/survey/models/survey_question.py,SurveyQuestion,survey.question,survey_question,17,17,_check_question_type_for_pages|_compute_has_image_only_suggested_answer|_compute_question_placeholder|_compute_background_image|_compute_background_image_url|_compute_question_type|_compute_question_ids|_compute_page_id|_compute_save_as_email|_compute_save_as_nickname|_compute_validation_required|_compute_allowed_triggering_question_ids
02 OTHER.zip,survey,02 OTHER/survey/models/survey_question.py,SurveyQuestionAnswer,survey.question.answer,survey_question_answer,3,3,_compute_display_name|_compute_value_label|_check_question_not_empty
02 OTHER.zip,survey,02 OTHER/survey/models/survey_user_input.py,SurveyUser_Input,survey.user_input,survey_user_input,7,9,_compute_scoring_values|_compute_scoring_success|_compute_survey_time_limit_reached|_compute_question_time_limit_reached|_compute_attempts_info|create|action_resend|action_print_answers|action_redirect_to_attempts
02 OTHER.zip,survey,02 OTHER/survey/models/survey_user_input.py,SurveyUser_InputLine,survey.user_input.line,survey_user_input_line,3,3,_compute_display_name|_compute_answer_score|_check_answer_type_skipped
02 OTHER.zip,survey,02 OTHER/survey/models/res_partner.py,ResPartner,res.partner,res_partner,2,3,_compute_certifications_count|_compute_certifications_company_count|action_view_certifications
02 OTHER.zip,l10n_lt_reports,02 OTHER/l10n_lt_reports/wizard/ec_sales_list_submission_wizard.py,LithuanianEcSalesListSubmissionWizard,l10n_lt_reports.ec.sales.list.submission.wizard,l10n_lt_reports_ec_sales_list_submission_wizard,0,1,action_proceed_with_submission
02 OTHER.zip,l10n_lt_reports,02 OTHER/l10n_lt_reports/models/account_return_type.py,AccountReturnType,account.return.type,account_return_type,1,0,
02 OTHER.zip,l10n_lt_reports,02 OTHER/l10n_lt_reports/models/account_return.py,AccountReturn,account.return,account_return,0,1,action_submit
02 OTHER.zip,l10n_lt_reports,02 OTHER/l10n_lt_reports/models/tax_report.py,LithuanianTaxReportHandler,l10n_lt.tax.report.handler,l10n_lt_tax_report_handler,2,0,
02 OTHER.zip,l10n_mt_reports,02 OTHER/l10n_mt_reports/models/account_return.py,AccountReturn,account.return,account_return,1,0,
02 OTHER.zip,hr_maintenance,02 OTHER/hr_maintenance/wizard/hr_departure_wizard.py,HrDepartureWizard,hr.departure.wizard,hr_departure_wizard,0,1,action_register_departure
02 OTHER.zip,hr_maintenance,02 OTHER/hr_maintenance/models/equipment.py,MaintenanceEquipment,maintenance.equipment,maintenance_equipment,3,4,_compute_owner|_compute_equipment_assign|create|write
02 OTHER.zip,hr_maintenance,02 OTHER/hr_maintenance/models/equipment.py,MaintenanceRequest,maintenance.request,maintenance_request,3,3,_compute_owner|create|write
02 OTHER.zip,hr_maintenance,02 OTHER/hr_maintenance/models/hr_employee.py,HrEmployee,hr.employee,hr_employee,1,1,_compute_equipment_count
02 OTHER.zip,l10n_ro_edi,02 OTHER/l10n_ro_edi/wizard/account_move_send_wizard.py,AccountMoveSendWizard,account.move.send.wizard,account_move_send_wizard,0,1,_compute_extra_edi_checkboxes
02 OTHER.zip,l10n_ro_edi,02 OTHER/l10n_ro_edi/models/account_move.py,AccountMove,account.move,account_move,6,3,_compute_l10n_ro_edi_state|_compute_show_reset_to_draft_button|action_l10n_ro_edi_fetch_invoices
02 OTHER.zip,l10n_ro_edi,02 OTHER/l10n_ro_edi/models/ciusro_document.py,L10n_Ro_EdiDocument,l10n_ro_edi.document,l10n_ro_edi_document,1,3,_compute_show_fetch_status_button|action_l10n_ro_edi_fetch_status|action_l10n_ro_edi_download_attachment
02 OTHER.zip,l10n_ro_edi,02 OTHER/l10n_ro_edi/models/account_move_send.py,AccountMoveSend,account.move.send,account_move_send,1,0,
02 OTHER.zip,l10n_ro_edi,02 OTHER/l10n_ro_edi/models/res_company.py,ResCompany,res.company,res_company,2,2,_compute_l10n_ro_edi_callback_url|_compute_l10n_ro_edi_anaf_imported_inv_journal
02 OTHER.zip,l10n_ro_edi,02 OTHER/l10n_ro_edi/models/res_config_settings.py,ResConfigSettings,res.config.settings,res_config_settings,0,1,button_l10n_ro_edi_generate_token
02 OTHER.zip,website_sale,02 OTHER/website_sale/models/digest.py,DigestDigest,digest.digest,digest_digest,0,2,_compute_kpi_website_sale_total_value|_compute_kpis_actions
02 OTHER.zip,website_sale,02 OTHER/website_sale/models/ir_module_module.py,IrModuleModule,ir.module.module,ir_module_module,1,0,
02 OTHER.zip,website_sale,02 OTHER/website_sale/models/crm_team.py,CrmTeam,crm.team,crm_team,0,1,_compute_abandoned_carts
02 OTHER.zip,website_sale,02 OTHER/website_sale/models/product_pricelist.py,ProductPricelist,product.pricelist,product_pricelist,2,4,_check_websites_in_company|create|write|unlink
02 OTHER.zip,website_sale,02 OTHER/website_sale/models/account_move.py,AccountMove,account.move,account_move,1,1,_compute_website_id
02 OTHER.zip,website_sale,02 OTHER/website_sale/models/ir_http.py,IrHttp,ir.http,ir_http,1,0,
02 OTHER.zip,website_sale,02 OTHER/website_sale/models/theme_utils.py,ThemeUtils,theme.utils,theme_utils,1,0,
02 OTHER.zip,website_sale,02 OTHER/website_sale/models/sale_order.py,SaleOrder,sale.order,sale_order,6,14,_compute_website_order_line|_compute_amount_delivery|_compute_cart_info|_compute_abandoned_cart|_compute_require_signature|_compute_payment_term_id|_compute_pricelist_id|_compute_user_id|create|action_preview_sale_order|action_recovery_email_send|action_confirm
02 OTHER.zip,website_sale,02 OTHER/website_sale/models/product_image.py,ProductImage,product.image,product_image,5,5,_compute_can_image_1024_be_zoomed|_compute_embed_code|_onchange_video_url|_check_valid_video_url|create
02 OTHER.zip,website_sale,02 OTHER/website_sale/models/sale_order_line.py,SaleOrderLine,sale.order.line,sale_order_line,1,2,_compute_name_short|_check_validity
02 OTHER.zip,website_sale,02 OTHER/website_sale/models/product_document.py,ProductDocument,product.document,product_document,1,0,
02 OTHER.zip,website_sale,02 OTHER/website_sale/models/product_template.py,ProductTemplate,product.template,product_template,13,8,_compute_publish_date|_compute_base_unit_count|_compute_base_unit_id|_compute_base_unit_price|_compute_base_unit_name|_compute_website_url|_compute_variants_default_code|write
02 OTHER.zip,website_sale,02 OTHER/website_sale/models/product_public_category.py,ProductPublicCategory,product.public.category,product_public_category,8,3,_compute_parents_and_self|_compute_display_name|_compute_has_published_products
02 OTHER.zip,website_sale,02 OTHER/website_sale/models/product_product.py,ProductProduct,product.product,product_product,6,6,_compute_base_unit_price|_compute_base_unit_name|_compute_product_website_url|_check_base_unit_count|_onchange_public_categ_ids|write
02 OTHER.zip,website_sale,02 OTHER/website_sale/models/website_menu.py,WebsiteMenu,website.menu,website_menu,0,1,_compute_visible
02 OTHER.zip,website_sale,02 OTHER/website_sale/models/website_page.py,WebsitePage,website.page,website_page,2,0,
02 OTHER.zip,website_sale,02 OTHER/website_sale/models/website_snippet_filter.py,WebsiteSnippetFilter,website.snippet.filter,website_snippet_filter,4,0,
02 OTHER.zip,website_sale,02 OTHER/website_sale/models/res_config_settings.py,ResConfigSettings,res.config.settings,res_config_settings,1,7,_compute_account_on_checkout|_inverse_account_on_checkout|action_view_delivery_provider_modules|action_open_abandoned_cart_mail_template|action_open_extra_info|action_open_sale_mail_templates|action_open_product_feeds
02 OTHER.zip,website_sale,02 OTHER/website_sale/models/product_attribute.py,ProductAttribute,product.attribute,product_attribute,1,1,_onchange_disable_preview_variants
02 OTHER.zip,website_sale,02 OTHER/website_sale/models/website.py,Website,website,website,9,6,_compute_pricelist_ids|_compute_currency_id|_compute_send_abandoned_cart_email_activation_time|_compute_show_line_subtotals_tax_selection|action_dashboard_redirect|create
02 OTHER.zip,website_sale,02 OTHER/website_sale/models/product_feed.py,ProductFeed,product.feed,product_feed,4,5,_compute_url|_compute_lang_id|_compute_feed_cache|_check_product_limit|action_invalidate_cache
02 OTHER.zip,website_sale,02 OTHER/website_sale/models/res_partner.py,ResPartner,res.partner,res_partner,1,2,_onchange_property_product_pricelist|write
02 OTHER.zip,website_sale,02 OTHER/website_sale/models/website_visitor.py,WebsiteVisitor,website.visitor,website_visitor,1,1,_compute_product_statistics
02 OTHER.zip,website_sale,02 OTHER/website_sale/models/product_ribbon.py,ProductRibbon,product.ribbon,product_ribbon,1,1,_check_assign
02 OTHER.zip,website_sale,02 OTHER/website_sale/controllers/main.py,WebsiteSale,,,0,3,_check_cart_and_addresses|_check_cart|_check_addresses
02 OTHER.zip,payment_asiapay,02 OTHER/payment_asiapay/models/payment_provider.py,PaymentProvider,payment.provider,payment_provider,1,0,
02 OTHER.zip,payment_asiapay,02 OTHER/payment_asiapay/models/payment_transaction.py,PaymentTransaction,payment.transaction,payment_transaction,2,1,_compute_reference
02 OTHER.zip,delivery_ups,02 OTHER/delivery_ups/models/payment_provider.py,PaymentProvider,payment.provider,payment_provider,1,0,
02 OTHER.zip,delivery_ups,02 OTHER/delivery_ups/models/delivery_ups.py,DeliveryCarrier,delivery.carrier,delivery_carrier,1,2,_compute_can_generate_return|_compute_supports_shipping_insurance
02 OTHER.zip,delivery_ups,02 OTHER/delivery_ups/models/sale.py,SaleOrder,sale.order,sale_order,1,3,_compute_ups_carrier_account|_inverse_ups_carrier_account|_action_confirm
02 OTHER.zip,uom,02 OTHER/uom/models/uom_uom.py,UomUom,uom.uom,uom_uom,6,9,_compute_sequence|_compute_rounding|_compute_factor|_onchange_critical_fields|_check_factor|_compute_display_name|_compute_quantity|_check_qty|_compute_price
02 OTHER.zip,sale_commission_subscription,02 OTHER/sale_commission_subscription/model/commission_plan_achievement.py,SaleCommissionPlanAchievement,sale.commission.plan.achievement,sale_commission_plan_achievement,1,0,
02 OTHER.zip,sale_commission_subscription,02 OTHER/sale_commission_subscription/report/achievement_report.py,SaleCommissionAchievementReport,sale.commission.achievement.report,sale_commission_achievement_report,7,0,
02 OTHER.zip,stock_fleet_enterprise,02 OTHER/stock_fleet_enterprise/models/stock_picking_batch.py,StockPickingBatch,stock.picking.batch,stock_picking_batch,0,2,action_picking_map_view|action_open_batch_from_gantt_view
02 OTHER.zip,product_margin,02 OTHER/product_margin/wizard/product_margin.py,ProductMargin,product.margin,product_margin,0,1,action_open_window
02 OTHER.zip,product_margin,02 OTHER/product_margin/models/product_product.py,ProductProduct,product.product,product_product,1,1,_compute_product_margin_fields_values
02 OTHER.zip,pos_adyen,02 OTHER/pos_adyen/models/pos_config.py,PosConfig,pos.config,pos_config,1,1,_check_adyen_ask_customer_for_tip
02 OTHER.zip,pos_adyen,02 OTHER/pos_adyen/models/pos_payment_method.py,PosPaymentMethod,pos.payment.method,pos_payment_method,5,1,_check_adyen_terminal_identifier
02 OTHER.zip,pos_adyen,02 OTHER/pos_adyen/models/res_config_settings.py,ResConfigSettings,res.config.settings,res_config_settings,1,1,_compute_pos_adyen_ask_customer_for_tip
02 OTHER.zip,l10n_ke_edi_oscu,02 OTHER/l10n_ke_edi_oscu/models/account_tax.py,AccountTax,account.tax,account_tax,1,1,_compute_l10n_ke_tax_type_id
02 OTHER.zip,l10n_ke_edi_oscu,02 OTHER/l10n_ke_edi_oscu/models/account_move.py,AccountMove,account.move,account_move,5,4,_compute_tax_totals|_compute_show_reset_to_draft_button|_compute_l10n_ke_validation_message|action_l10n_ke_oscu_confirm_vendor_bill
02 OTHER.zip,l10n_ke_edi_oscu,02 OTHER/l10n_ke_edi_oscu/models/l10n_ke_edi_oscu_notice.py,L10n_Ke_Edi_OscuNotice,l10n_ke_edi_oscu.notice,l10n_ke_edi_oscu_notice,1,0,
02 OTHER.zip,l10n_ke_edi_oscu,02 OTHER/l10n_ke_edi_oscu/models/account_move_send.py,AccountMoveSend,account.move.send,account_move_send,1,0,
02 OTHER.zip,l10n_ke_edi_oscu,02 OTHER/l10n_ke_edi_oscu/models/account_move_line.py,AccountMoveLine,account.move.line,account_move_line,0,4,_compute_name|_compute_product_uom_id|_compute_price_unit|_compute_tax_ids
02 OTHER.zip,l10n_ke_edi_oscu,02 OTHER/l10n_ke_edi_oscu/models/res_company.py,ResCompany,res.company,res_company,3,8,_compute_l10n_ke_oscu_is_active|_compute_l10n_ke_oscu_serial_number|write|action_l10n_ke_oscu_initialize|action_l10n_ke_get_items|action_l10n_ke_get_stock_moves|action_l10n_ke_send_insurance|action_l10n_ke_create_branches
02 OTHER.zip,l10n_ke_edi_oscu,02 OTHER/l10n_ke_edi_oscu/models/res_company.py,BaseDocumentLayout,base.document.layout,base_document_layout,2,0,
02 OTHER.zip,l10n_ke_edi_oscu,02 OTHER/l10n_ke_edi_oscu/models/res_users.py,ResUsers,res.users,res_users,1,2,_compute_l10n_ke_oscu_company_ids|action_l10n_ke_create_branch_user
02 OTHER.zip,l10n_ke_edi_oscu,02 OTHER/l10n_ke_edi_oscu/models/product.py,ProductTemplate,product.template,product_template,7,8,_compute_l10n_ke_packaging_unit_id|_compute_l10n_ke_packaging_quantity|_compute_l10n_ke_origin_country_id|_compute_l10n_ke_product_type_code|_compute_l10n_ke_is_insurance_applicable|_compute_l10n_ke_item_code|action_l10n_ke_oscu_save_item|action_l10n_ke_oscu_save_stock_master
02 OTHER.zip,l10n_ke_edi_oscu,02 OTHER/l10n_ke_edi_oscu/models/product.py,ProductProduct,product.product,product_product,3,3,_compute_l10n_ke_packaging_unit_id|_compute_l10n_ke_product_type_code|action_l10n_ke_oscu_save_item
02 OTHER.zip,l10n_ke_edi_oscu,02 OTHER/l10n_ke_edi_oscu/models/res_config_settings.py,ResConfigSettings,res.config.settings,res_config_settings,2,4,_compute_l10n_ke_oscu_user_agreement_is_readonly|create|action_l10n_ke_oscu_initialize|action_l10n_ke_send_insurance
02 OTHER.zip,l10n_ke_edi_oscu,02 OTHER/l10n_ke_edi_oscu/models/res_partner.py,ResPartner,res.partner,res_partner,1,3,_compute_l10n_ke_branch_code|action_l10n_ke_oscu_register_bhf_customer|action_l10n_ke_oscu_fetch_bhf_customer
02 OTHER.zip,data_cleaning,02 OTHER/data_cleaning/models/data_cleaning_record.py,Data_CleaningRecord,data_cleaning.record,data_cleaning_record,4,4,_compute_non_stored_values|_compute_stored_values|action_validate|action_discard
02 OTHER.zip,data_cleaning,02 OTHER/data_cleaning/models/ir_model.py,IrModel,ir.model,ir_model,1,5,_compute_hide_merge_action|_compute_is_merge_enabled|action_merge|action_merge_contextual_enable|action_merge_contextual_disable
02 OTHER.zip,data_cleaning,02 OTHER/data_cleaning/models/data_merge_model.py,Data_MergeModel,data_merge.model,data_merge_model,4,8,_compute_name|_onchange_res_model_id|_compute_records_to_merge_count|_compute_custom_merge_method|_check_prevent_merge|write|unlink|action_find_duplicates
02 OTHER.zip,data_cleaning,02 OTHER/data_cleaning/models/data_merge_group.py,Data_MergeGroup,data_merge.group,data_merge_group,3,2,_compute_display_name|_compute_similarity
02 OTHER.zip,data_cleaning,02 OTHER/data_cleaning/models/data_cleaning_rule.py,Data_CleaningRule,data_cleaning.rule,data_cleaning_rule,2,4,_compute_action|_action_to_sql|_action_to_python|_onchange_action
02 OTHER.zip,data_cleaning,02 OTHER/data_cleaning/models/data_merge_record.py,Data_MergeRecord,data_merge.record,data_merge_record,9,8,_compute_field_values|_compute_differences|_compute_usage|_compute_fields|_compute_active|create|write|action_deduplicates
02 OTHER.zip,data_cleaning,02 OTHER/data_cleaning/models/data_cleaning_model.py,Data_CleaningModel,data_cleaning.model,data_cleaning_model,3,5,_compute_name|_onchange_res_model_id|_compute_records_to_clean|write|action_clean_records
02 OTHER.zip,data_cleaning,02 OTHER/data_cleaning/report/data_storage.py,IrAttachmentReport,ir.attachment.report,ir_attachment_report,0,2,_compute_name|action_attachment_detail
02 OTHER.zip,l10n_br_edi_sale,02 OTHER/l10n_br_edi_sale/models/sale_order.py,SaleOrder,sale.order,sale_order,1,1,_compute_l10n_br_is_service_transaction
02 OTHER.zip,l10n_pe_reports_stock,02 OTHER/l10n_pe_reports_stock/wizard/stock_move_ple_report.py,L10n_PeStockPleWizard,l10n_pe.stock.ple.wizard,l10n_pe_stock_ple_wizard,2,0,
02 OTHER.zip,l10n_pe_reports_stock,02 OTHER/l10n_pe_reports_stock/models/stock_picking.py,StockPicking,stock.picking,stock_picking,1,1,_compute_l10n_pe_operation_type
02 OTHER.zip,l10n_pe_reports_stock,02 OTHER/l10n_pe_reports_stock/models/product.py,ProductProduct,product.product,product_product,0,1,action_get_pe_ple_reports
02 OTHER.zip,pos_urban_piper_enhancements,02 OTHER/pos_urban_piper_enhancements/models/pos_prep_order.py,PosPrepOrder,pos.prep.order,pos_prep_order,1,1,_compute_delivery_datetime
02 OTHER.zip,pos_urban_piper_enhancements,02 OTHER/pos_urban_piper_enhancements/models/product_template_attribuite_value.py,ProductTemplateAttributeValue,product.template.attribute.value,product_template_attribute_value,0,1,write
02 OTHER.zip,pos_urban_piper_enhancements,02 OTHER/pos_urban_piper_enhancements/models/product.py,ProductTemplate,product.template,product_template,0,1,write
02 OTHER.zip,pos_urban_piper_enhancements,02 OTHER/pos_urban_piper_enhancements/models/res_partner.py,ResPartner,res.partner,res_partner,1,0,
02 OTHER.zip,pos_urban_piper_enhancements,02 OTHER/pos_urban_piper_enhancements/models/pos_order.py,PosOrder,pos.order,pos_order,1,0,
02 OTHER.zip,l10n_uy_edi_stock,02 OTHER/l10n_uy_edi_stock/models/l10n_uy_edi_document.py,L10nUyEdiDocument,l10n_uy_edi.document,l10n_uy_edi_document,2,3,_compute_from_origin|_compute_display_name|action_update_dgi_state
02 OTHER.zip,l10n_uy_edi_stock,02 OTHER/l10n_uy_edi_stock/models/stock_picking.py,StockPicking,stock.picking,stock_picking,4,6,_compute_l10n_latam_document_type_id|_compute_display_name|_compute_l10n_uy_is_cfe|_compute_l10n_latam_available_document_types|_compute_linked_attachment_id|action_cancel
02 OTHER.zip,l10n_ma_reports,02 OTHER/l10n_ma_reports/models/account_move.py,AccountMove,account.move,account_move,1,1,_compute_l10n_ma_reports_payment_method
02 OTHER.zip,l10n_ma_reports,02 OTHER/l10n_ma_reports/models/account_report.py,L10n_MaTaxReportHandler,l10n_ma.tax.report.handler,l10n_ma_tax_report_handler,4,1,_check_l10n_ma_report_errors
02 OTHER.zip,l10n_au_aba,02 OTHER/l10n_au_aba/models/account_batch_payment.py,AccountBatchPayment,account.batch.payment,account_batch_payment,2,2,_check_valid_journal_for_aba|_check_payment_accounts_for_aba
02 OTHER.zip,l10n_au_aba,02 OTHER/l10n_au_aba/models/account_journal.py,AccountJournal,account.journal,account_journal,3,0,
02 OTHER.zip,l10n_au_aba,02 OTHER/l10n_au_aba/models/account_payment_method.py,AccountPaymentMethod,account.payment.method,account_payment_method,1,0,
02 OTHER.zip,l10n_au_aba,02 OTHER/l10n_au_aba/models/account_payment.py,AccountPayment,account.payment,account_payment,4,1,_check_partner_bank_account
02 OTHER.zip,l10n_au_aba,02 OTHER/l10n_au_aba/models/account_journal_dashboard.py,AccountJournal,account.journal,account_journal,0,1,action_aba_ct_to_send
02 OTHER.zip,l10n_au_aba,02 OTHER/l10n_au_aba/models/res_partner.py,ResPartner,res.partner,res_partner,0,1,action_show_details
02 OTHER.zip,l10n_es_edi_tbai_pos,02 OTHER/l10n_es_edi_tbai_pos/models/pos_config.py,PosConfig,pos.config,pos_config,1,0,
02 OTHER.zip,l10n_es_edi_tbai_pos,02 OTHER/l10n_es_edi_tbai_pos/models/res_company.py,ResCompany,res.company,res_company,1,0,
02 OTHER.zip,l10n_es_edi_tbai_pos,02 OTHER/l10n_es_edi_tbai_pos/models/pos_order.py,PosOrder,pos.order,pos_order,1,2,_compute_l10n_es_tbai_state|action_pos_order_paid
02 OTHER.zip,website_mail_group,02 OTHER/website_mail_group/models/mail_group.py,MailGroup,mail.group,mail_group,0,1,action_go_to_website
02 OTHER.zip,l10n_es_reports,02 OTHER/l10n_es_reports/tests/test_boe_generation.py,TestBOEGeneration,,,0,1,_check_boe_111_to_303
02 OTHER.zip,l10n_es_reports,02 OTHER/l10n_es_reports/wizard/aeat_boe_export_wizards.py,L10n_Es_ReportsAeatBoeExportWizard,l10n_es_reports.aeat.boe.export.wizard,l10n_es_reports_aeat_boe_export_wizard,0,1,action_proceed_with_locking
02 OTHER.zip,l10n_es_reports,02 OTHER/l10n_es_reports/wizard/aeat_boe_export_wizards.py,L10n_Es_ReportsAeatBoeMod111and115and303ExportWizard,l10n_es_reports.aeat.boe.mod111and115and303.export.wizard,l10n_es_reports_aeat_boe_mod111and115and303_export_wizard,1,0,
02 OTHER.zip,l10n_es_reports,02 OTHER/l10n_es_reports/wizard/aeat_boe_export_wizards.py,L10n_Es_ReportsAeatBoeMod303ExportWizard,l10n_es_reports.aeat.boe.mod303.export.wizard,l10n_es_reports_aeat_boe_mod303_export_wizard,1,0,
02 OTHER.zip,l10n_es_reports,02 OTHER/l10n_es_reports/wizard/aeat_boe_export_wizards.py,L10n_Es_ReportsAeatBoeMod390ExportWizard,l10n_es_reports.aeat.boe.mod390.export.wizard,l10n_es_reports_aeat_boe_mod390_export_wizard,0,1,_compute_is_in_tax_unit
02 OTHER.zip,l10n_es_reports,02 OTHER/l10n_es_reports/models/account_move.py,AccountMove,account.move,account_move,5,5,_compute_l10n_es_reports_mod347_available|_compute_l10n_es_reports_mod349_available|_compute_l10n_es_reports_mod347_invoice_type|_compute_l10n_es_reports_mod349_invoice_type|create
02 OTHER.zip,l10n_es_reports,02 OTHER/l10n_es_reports/models/aeat_tax_reports.py,L10n_EsMod347TaxReportHandler,l10n_es.mod347.tax.report.handler,l10n_es_mod347_tax_report_handler,0,1,action_audit_cell
02 OTHER.zip,l10n_es_reports,02 OTHER/l10n_es_reports/models/account_return.py,AccountReturn,account.return,account_return,0,1,action_validate
02 OTHER.zip,l10n_es_reports,02 OTHER/l10n_es_reports/models/libro_diario_export.py,JournalReportCustomHandler,account.journal.report.handler,account_journal_report_handler,3,0,
02 OTHER.zip,l10n_es_reports,02 OTHER/l10n_es_reports/models/vat_books_report_handler.py,L10n_EsVATBooksReportHandler,l10n_es.vat.books.report.handler,l10n_es_vat_books_report_handler,2,0,
02 OTHER.zip,appointment_crm,02 OTHER/appointment_crm/models/calendar_event.py,CalendarEvent,calendar.event,calendar_event,2,2,_compute_opportunity_id|create
02 OTHER.zip,appointment_crm,02 OTHER/appointment_crm/models/appointment_type.py,AppointmentType,appointment.type,appointment_type,3,2,_compute_lead_ids|action_appointment_leads
02 OTHER.zip,l10n_es_edi_facturae,02 OTHER/l10n_es_edi_facturae/wizard/account_move_send_wizard.py,AccountMoveSendWizard,account.move.send.wizard,account_move_send_wizard,0,2,_compute_extra_edi_checkboxes|action_send_and_print
02 OTHER.zip,l10n_es_edi_facturae,02 OTHER/l10n_es_edi_facturae/models/account_move.py,AccountMove,account.move,account_move,2,3,_compute_l10n_es_edi_facturae_reason_code|_compute_l10n_es_payment_means|action_invoice_download_facturae
02 OTHER.zip,l10n_es_edi_facturae,02 OTHER/l10n_es_edi_facturae/models/account_move_send.py,AccountMoveSend,account.move.send,account_move_send,2,0,
02 OTHER.zip,l10n_es_edi_facturae,02 OTHER/l10n_es_edi_facturae/models/res_partner.py,ResPartner,res.partner,res_partner,3,1,_compute_l10n_es_edi_facturae_residence_type
02 OTHER.zip,sale_management_renting,02 OTHER/sale_management_renting/models/sale_order_template_line.py,SaleOrderTemplateLine,sale.order.template.line,sale_order_template_line,1,0,
02 OTHER.zip,sales_team,02 OTHER/sales_team/models/crm_team.py,CrmTeam,crm.team,crm_team,6,11,_compute_is_membership_multi|_compute_member_ids|_inverse_member_ids|_compute_member_warning|_compute_member_company_ids|_compute_is_favorite|_inverse_is_favorite|_compute_dashboard_button_name|create|write|action_primary_channel_button
02 OTHER.zip,sales_team,02 OTHER/sales_team/models/crm_team_member.py,CrmTeamMember,crm.team.member,crm_team_member,8,6,_compute_user_in_teams_ids|_compute_user_company_ids|_compute_is_membership_multi|_compute_member_warning|create|write
02 OTHER.zip,sales_team,02 OTHER/sales_team/models/res_users.py,ResUsers,res.users,res_users,2,3,_compute_crm_team_ids|_compute_sale_team_id|action_archive
02 OTHER.zip,l10n_bd_reports,02 OTHER/l10n_bd_reports/models/corporate_tax_report.py,L10n_BdCorporateTaxReportHandler,l10n_bd.corporate.tax.report.handler,l10n_bd_corporate_tax_report_handler,0,1,action_create_accounting_entry
02 OTHER.zip,l10n_ch,02 OTHER/l10n_ch/wizard/qr_invoice_wizard.py,L10n_ChQr_InvoiceWizard,l10n_ch.qr_invoice.wizard,l10n_ch_qr_invoice_wizard,1,1,action_view_faulty_invoices
02 OTHER.zip,l10n_ch,02 OTHER/l10n_ch/wizard/setup_wizards.py,AccountSetupBankManualConfig,account.setup.bank.manual.config,account_setup_bank_manual_config,2,2,_onchange_recompute_qr_iban|_compute_l10n_ch_display_qr_bank_options
02 OTHER.zip,l10n_ch,02 OTHER/l10n_ch/models/ir_actions_report.py,IrActionsReport,ir.actions.report,ir_actions_report,2,0,
02 OTHER.zip,l10n_ch,02 OTHER/l10n_ch/models/res_bank.py,ResPartnerBank,res.partner.bank,res_partner_bank,6,5,_compute_l10n_ch_display_qr_bank_options|_compute_l10n_ch_qr_iban|create|write|_check_for_qr_code_errors
02 OTHER.zip,l10n_ch,02 OTHER/l10n_ch/models/account_invoice.py,AccountMove,account.move,account_move,4,2,_compute_l10n_ch_qr_is_valid|_compute_qrr_number
02 OTHER.zip,l10n_ch,02 OTHER/l10n_ch/models/account_payment.py,AccountPayment,account.payment,account_payment,1,1,_compute_l10n_ch_reference_warning_msg
02 OTHER.zip,l10n_ch,02 OTHER/l10n_ch/report/swissqr_report.py,ReportL10n_ChQr_Report_Main,report.l10n_ch.qr_report_main,report_l10n_ch_qr_report_main,1,0,
02 OTHER.zip,l10n_gt_edi_pos,02 OTHER/l10n_gt_edi_pos/models/l10n_latam_identification_type.py,L10n_LatamIdentificationType,l10n_latam.identification.type,l10n_latam_identification_type,1,0,
02 OTHER.zip,l10n_gt_edi_pos,02 OTHER/l10n_gt_edi_pos/models/pos_session.py,PosSession,pos.session,pos_session,1,0,
02 OTHER.zip,l10n_gt_edi_pos,02 OTHER/l10n_gt_edi_pos/models/pos_config.py,PosConfig,pos.config,pos_config,2,1,_compute_is_guatemalan_company
02 OTHER.zip,l10n_gt_edi_pos,02 OTHER/l10n_gt_edi_pos/models/res_partner.py,ResPartner,res.partner,res_partner,1,0,
02 OTHER.zip,purchase_mrp,02 OTHER/purchase_mrp/models/purchase.py,PurchaseOrder,purchase.order,purchase_order,1,2,_compute_mrp_production_count|action_view_mrp_productions
02 OTHER.zip,purchase_mrp,02 OTHER/purchase_mrp/models/purchase.py,PurchaseOrderLine,purchase.order.line,purchase_order_line,0,1,_compute_kit_quantities_from_moves
02 OTHER.zip,purchase_mrp,02 OTHER/purchase_mrp/models/mrp_production.py,MrpProduction,mrp.production,mrp_production,1,2,_compute_purchase_order_count|action_view_purchase_orders
02 OTHER.zip,purchase_mrp,02 OTHER/purchase_mrp/models/mrp_bom.py,MrpBom,mrp.bom,mrp_bom,2,1,_check_bom_lines
02 OTHER.zip,purchase_mrp,02 OTHER/purchase_mrp/report/mrp_report_bom_structure.py,ReportMrpReport_Bom_Structure,report.mrp.report_bom_structure,report_mrp_report_bom_structure,4,0,
02 OTHER.zip,pos_mollie,02 OTHER/pos_mollie/models/pos_payment_method.py,PosPaymentMethod,pos.payment.method,pos_payment_method,1,1,_check_mollie_payment_provider_id
02 OTHER.zip,marketing_automation_crm,02 OTHER/marketing_automation_crm/models/marketing_campaign.py,MarketingCampaign,marketing.campaign,marketing_campaign,1,0,
02 OTHER.zip,approvals_purchase_stock,02 OTHER/approvals_purchase_stock/models/approval_request.py,ApprovalRequest,approval.request,approval_request,1,1,_compute_hide_location
02 OTHER.zip,l10n_no_reports,02 OTHER/l10n_no_reports/models/account_return.py,AccountReturn,account.return,account_return,1,1,action_submit
02 OTHER.zip,sign,02 OTHER/sign/wizard/sign_request_share.py,SignRequestShare,sign.request.share,sign_request_share,2,5,create|action_copy_and_close|action_stop_sharing|action_close_request|_check_validity_not_passed
02 OTHER.zip,sign,02 OTHER/sign/wizard/sign_template_preview.py,SignTemplatePreview,sign.template.preview,sign_template_preview,1,1,_compute_pdf
02 OTHER.zip,sign,02 OTHER/sign/wizard/sign_send_request.py,SignSendRequest,sign.send.request,sign_send_request,13,13,_check_validity|_onchange_reminder|_compute_signer_ids|_compute_signers_count|_compute_display_name|_compute_subject|_compute_filename|_compute_validity|_compute_is_user_signer|_compute_available_template_ids|_compute_mail_message_body|_compute_only_autofill_readonly
02 OTHER.zip,sign,02 OTHER/sign/models/sign_document.py,SignDocument,sign.document,sign_document,6,4,_compute_num_pages|create|write|_check_pdf_data_validity
02 OTHER.zip,sign,02 OTHER/sign/models/ir_http.py,IrHttp,ir.http,ir_http,1,0,
02 OTHER.zip,sign,02 OTHER/sign/models/sign_template.py,SignTemplate,sign.template,sign_template,12,9,_compute_sign_item_ids|_compute_responsible_count|_compute_has_sign_requests|_compute_signed_in_progress_template|_compute_is_sharing|_check_send_ready|action_duplicate|action_template_preview|action_template_configuration
02 OTHER.zip,sign,02 OTHER/sign/models/sign_request_item.py,SignRequestItem,sign.request.item,sign_request_item,8,8,_check_signer_email_validity|_check_signers_validity|_compute_frame_hash|_compute_display_name|write|_compute_access_url|_compute_color|_compute_email
02 OTHER.zip,sign,02 OTHER/sign/models/sign_log.py,SignLog,sign.log,sign_log,1,4,write|create|_compute_string_to_hash|_check_document_integrity
02 OTHER.zip,sign,02 OTHER/sign/models/sign_request.py,SignRequest,sign.request,sign_request,15,19,_compute_template_document_ids|_check_reminder|_compute_is_shared|_inverse_is_shared|_compute_need_my_signature|_compute_stats|_compute_progress|_compute_completion_date|_compute_request_item_infos|_compute_cc_partners|_compute_share_link|create
02 OTHER.zip,sign,02 OTHER/sign/models/sign_item.py,SignItem,sign.item,sign_item,2,3,create|write|_check_constant
02 OTHER.zip,sign,02 OTHER/sign/models/sign_item_role.py,SignItemRole,sign.item.role,sign_item_role,0,1,write
02 OTHER.zip,sign,02 OTHER/sign/models/sign_item_type.py,SignItemType,sign.item.type,sign_item_type,2,2,_check_auto_field_exists|_compute_dimensions
02 OTHER.zip,sign,02 OTHER/sign/models/sign_request_item_value.py,SignRequestItemValue,sign.request.item.value,sign_request_item_value,1,1,write
02 OTHER.zip,sign,02 OTHER/sign/models/res_config_settings.py,ResConfigSettings,res.config.settings,res_config_settings,1,2,_compute_sign_terms_preview|action_update_sign_terms
02 OTHER.zip,sign,02 OTHER/sign/models/sign_item_radio_set.py,SignItemRadioSet,sign.item.radio.set,sign_item_radio_set,1,1,_compute_num_options
02 OTHER.zip,sign,02 OTHER/sign/models/res_partner.py,ResPartner,res.partner,res_partner,0,2,_compute_signature_count|write
02 OTHER.zip,sign,02 OTHER/sign/report/green_saving_reports.py,ReportSignGreen_Savings_Report,report.sign.green_savings_report,report_sign_green_savings_report,2,0,
02 OTHER.zip,sign,02 OTHER/sign/controllers/main.py,Sign,,,20,1,_check_refusal_conditions
02 OTHER.zip,l10n_it,02 OTHER/l10n_it/models/account_tax.py,AccountTax,account.tax,account_tax,1,0,
02 OTHER.zip,l10n_tr_nilvera_edispatch,02 OTHER/l10n_tr_nilvera_edispatch/models/stock_picking_type.py,StockPickingType,stock.picking.type,stock_picking_type,1,1,_onchange_sequence_code
02 OTHER.zip,l10n_tr_nilvera_edispatch,02 OTHER/l10n_tr_nilvera_edispatch/models/stock_picking.py,StockPicking,stock.picking,stock_picking,1,4,_compute_edispatch_warnings|button_validate|action_generate_l10n_tr_edispatch_xml|action_mark_l10n_tr_edispatch_status
02 OTHER.zip,l10n_ar_website_sale,02 OTHER/l10n_ar_website_sale/models/website.py,Website,website,website,2,2,_compute_l10n_ar_website_sale_show_both_prices|_compute_show_line_subtotals_tax_selection
02 OTHER.zip,l10n_be_hr_payroll_dimona,02 OTHER/l10n_be_hr_payroll_dimona/wizard/l10n_be_dimona_wizard.py,L10nBeDimonaWizard,l10n.be.dimona.wizard,l10n_be_dimona_wizard,2,1,_compute_version_id
02 OTHER.zip,l10n_be_hr_payroll_dimona,02 OTHER/l10n_be_hr_payroll_dimona/models/hr_version.py,HrVersion,hr.version,hr_version,2,6,_compute_l10n_be_is_student|_action_open_dimona|_action_close_dimona|_action_update_dimona|_action_cancel_dimona|action_check_dimona
02 OTHER.zip,l10n_be_hr_payroll_dimona,02 OTHER/l10n_be_hr_payroll_dimona/models/hr_employee.py,HrEmployee,hr.employee,hr_employee,0,1,action_check_dimona
02 OTHER.zip,event,02 OTHER/event/models/event_question.py,EventQuestion,event.question,event_question,2,5,_compute_event_count|_compute_is_reusable|write|action_view_question_answers|action_event_view
02 OTHER.zip,event,02 OTHER/event/models/event_mail.py,EventMail,event.mail,event_mail,5,3,_compute_scheduled_date|_compute_mail_state|_compute_notification_type
02 OTHER.zip,event,02 OTHER/event/models/event_type.py,EventType,event.type,event_type,1,1,_compute_seats_max
02 OTHER.zip,event,02 OTHER/event/models/event_type_ticket.py,EventTypeTicket,event.type.ticket,event_type_ticket,2,1,_compute_seats_limited
02 OTHER.zip,event,02 OTHER/event/models/event_slot.py,EventSlot,event.slot,event_slot,7,6,_check_hours|_check_time_range|_compute_datetimes|_compute_display_name|_compute_is_sold_out|_compute_seats
02 OTHER.zip,event,02 OTHER/event/models/event_registration.py,EventRegistration,event.registration,event_registration,20,21,_check_seats_availability|_compute_name|_compute_email|_compute_phone|_compute_company_name|_compute_date_closed|_compute_date_range|_compute_event_begin_date|_compute_event_end_date|_check_event_slot|_check_event_ticket|_onchange_event
02 OTHER.zip,event,02 OTHER/event/models/mail_template.py,MailTemplate,mail.template,mail_template,1,1,unlink
02 OTHER.zip,event,02 OTHER/event/models/event_registration_answer.py,EventRegistrationAnswer,event.registration.answer,event_registration_answer,1,1,_compute_display_name
02 OTHER.zip,event,02 OTHER/event/models/event_event.py,EventEvent,event.event,event_event,31,32,_compute_use_barcode|_compute_event_share_url|_compute_question_ids|_compute_seats|_compute_event_registrations_started|_compute_event_registrations_open|_compute_start_sale_date|_compute_event_registrations_sold_out|_compute_is_ongoing|_compute_field_is_one_day|_compute_is_finished|_compute_date_tz
02 OTHER.zip,event,02 OTHER/event/models/event_type_mail.py,EventTypeMail,event.type.mail,event_type_mail,1,1,_compute_notification_type
02 OTHER.zip,event,02 OTHER/event/models/res_config_settings.py,ResConfigSettings,res.config.settings,res_config_settings,4,6,_compute_maps_static_api_key|_compute_maps_static_api_secret|_onchange_module_website_event_track|_check_google_maps_static_api_secret|create|write
02 OTHER.zip,event,02 OTHER/event/models/event_mail_slot.py,EventMailRegistration,event.mail.slot,event_mail_slot,1,1,_compute_scheduled_date
02 OTHER.zip,event,02 OTHER/event/models/res_partner.py,ResPartner,res.partner,res_partner,2,4,_compute_event_count|_compute_static_map_url|_compute_static_map_url_is_valid|action_event_view
02 OTHER.zip,event,02 OTHER/event/models/event_ticket.py,EventEventTicket,event.event.ticket,event_event_ticket,10,6,_compute_is_expired|_compute_is_launched|_compute_sale_available|_compute_seats|_compute_is_sold_out|_compute_display_name
02 OTHER.zip,event,02 OTHER/event/models/event_mail_registration.py,EventMailRegistration,event.mail.registration,event_mail_registration,1,1,_compute_scheduled_date
02 OTHER.zip,hr_contract_salary_payroll,02 OTHER/hr_contract_salary_payroll/models/hr_contract_salary_offer.py,HrContractSalaryOffer,hr.contract.salary.offer,hr_contract_salary_offer,6,6,_onchange_simulation_employee_id|_compute_monthly_wage|_compute_final_yearly_costs|_compute_salary|action_cron_remove_simulation_offers|action_open_salary_configurator
02 OTHER.zip,hr_contract_salary_payroll,02 OTHER/hr_contract_salary_payroll/models/hr_contract_salary_benefit.py,HrContractSalaryBenefit,hr.contract.salary.benefit,hr_contract_salary_benefit,1,1,_compute_field
02 OTHER.zip,hr_contract_salary_payroll,02 OTHER/hr_contract_salary_payroll/models/hr_payslip_worked_days.py,HrPayslipWorkedDays,hr.payslip.worked_days,hr_payslip_worked_days,1,1,_compute_amount
02 OTHER.zip,quality_mrp_workorder_worksheet,02 OTHER/quality_mrp_workorder_worksheet/models/quality.py,QualityCheck,quality.check,quality_check,0,2,action_worksheet_check|action_fill_sheet
02 OTHER.zip,snailmail,02 OTHER/snailmail/models/mail_thread.py,MailThread,mail.thread,mail_thread,1,0,
02 OTHER.zip,snailmail,02 OTHER/snailmail/models/res_config_settings.py,ResConfigSettings,res.config.settings,res_config_settings,2,2,_onchange_layout|_compute_cover_readonly
02 OTHER.zip,snailmail,02 OTHER/snailmail/models/snailmail_letter.py,SnailmailLetter,snailmail.letter,snailmail_letter,5,4,_compute_display_name|_compute_reference|create|write
02 OTHER.zip,snailmail,02 OTHER/snailmail/models/mail_message.py,MailMessage,mail.message,mail_message,1,1,_compute_snailmail_error
02 OTHER.zip,snailmail,02 OTHER/snailmail/models/res_partner.py,ResPartner,res.partner,res_partner,1,1,write
02 OTHER.zip,l10n_hr_edi,02 OTHER/l10n_hr_edi/wizard/l10n_hr_edi_mojeracun_reject_wizard.py,L10nHrMojEracunRejectInvoice,l10n_hr_edi.mojeracun_reject_wizard,l10n_hr_edi_mojeracun_reject_wizard,1,1,button_reject_invoice
02 OTHER.zip,l10n_hr_edi,02 OTHER/l10n_hr_edi/models/account_move.py,AccountMove,account.move,account_move,5,4,_compute_l10n_hr_payment_unreported|_check_l10n_hr_process_type|_compute_show_reset_to_draft_button|_compute_l10n_hr_process_type
02 OTHER.zip,l10n_hr_edi,02 OTHER/l10n_hr_edi/models/account_move_send.py,AccountMoveSend,account.move.send,account_move_send,2,1,_check_move_constraints
02 OTHER.zip,l10n_hr_edi,02 OTHER/l10n_hr_edi/models/account_journal.py,AccountJournal,account.journal,account_journal,1,1,_compute_l10n_hr_is_mer_journal
02 OTHER.zip,l10n_hr_edi,02 OTHER/l10n_hr_edi/models/account_move_line.py,AccountMoveLine,account.move.line,account_move_line,1,1,_compute_l10n_hr_product_id_kpd
02 OTHER.zip,l10n_hr_edi,02 OTHER/l10n_hr_edi/models/product_template.py,L10nHrKpdCategory,l10n_hr.kpd.category,l10n_hr_kpd_category,1,1,_compute_display_name
02 OTHER.zip,l10n_hr_edi,02 OTHER/l10n_hr_edi/models/res_company.py,ResCompany,res.company,res_company,3,3,_check_l10n_hr_mer_purchase_journal_id|_compute_l10n_hr_mer_purchase_journal_id|_compute_l10n_hr_mojeracun_state
02 OTHER.zip,l10n_hr_edi,02 OTHER/l10n_hr_edi/models/sequence_mixin.py,SequenceMixin,sequence.mixin,sequence_mixin,2,0,
02 OTHER.zip,l10n_hr_edi,02 OTHER/l10n_hr_edi/models/res_config_settings.py,ResConfigSettings,res.config.settings,res_config_settings,0,2,button_l10n_hr_activate_mojeracun|button_l10n_hr_deactivate_mojeracun
02 OTHER.zip,l10n_hr_edi,02 OTHER/l10n_hr_edi/models/res_partner.py,ResPartner,res.partner,res_partner,1,1,_check_mojeracun_send_ubl_hr
02 OTHER.zip,l10n_be_reports_client_nihil,02 OTHER/l10n_be_reports_client_nihil/wizard/vat_return_lock_wizard.py,L10n_BeVatReturnLockWizard,l10n_be_reports.vat.return.lock.wizard,l10n_be_reports_vat_return_lock_wizard,2,2,_compute_should_display_client_nihil|_compute_client_nihil
02 OTHER.zip,helpdesk,02 OTHER/helpdesk/wizard/helpdesk_stage_delete.py,HelpdeskStageDeleteWizard,helpdesk.stage.delete.wizard,helpdesk_stage_delete_wizard,1,6,_compute_ticket_count|_compute_stages_active|action_archive|action_confirm|action_unarchive_ticket|action_unlink
02 OTHER.zip,helpdesk,02 OTHER/helpdesk/wizard/portal_share.py,PortalShare,portal.share,portal_share,0,1,action_send_mail
02 OTHER.zip,helpdesk,02 OTHER/helpdesk/models/digest.py,DigestDigest,digest.digest,digest_digest,0,2,_compute_kpi_helpdesk_tickets_closed_value|_compute_kpis_actions
02 OTHER.zip,helpdesk,02 OTHER/helpdesk/models/helpdesk_stage.py,HelpdeskStage,helpdesk.stage,helpdesk_stage,0,5,_compute_ticket_count|write|action_unarchive|action_unlink_wizard|action_open_helpdesk_ticket
02 OTHER.zip,helpdesk,02 OTHER/helpdesk/models/helpdesk_sla.py,HelpdeskSla,helpdesk.sla,helpdesk_sla,3,3,_compute_ticket_count|_compute_display_name|action_open_helpdesk_ticket
02 OTHER.zip,helpdesk,02 OTHER/helpdesk/models/helpdesk_tag.py,HelpdeskTag,helpdesk.tag,helpdesk_tag,1,0,
02 OTHER.zip,helpdesk,02 OTHER/helpdesk/models/res_company.py,ResCompany,res.company,res_company,1,1,create
02 OTHER.zip,helpdesk,02 OTHER/helpdesk/models/helpdesk_ticket.py,HelpdeskTicket,helpdesk.ticket,helpdesk_ticket,32,28,_compute_kanban_state_label|_compute_domain_user_ids|_compute_access_url|_compute_sla_reached_late|_compute_sla_reached|_compute_sla_deadline|_compute_sla_fail|_compute_is_partner_email_update|_compute_is_partner_phone_update|_compute_sla_success|_compute_user_and_stage_ids|_compute_partner_name
02 OTHER.zip,helpdesk,02 OTHER/helpdesk/models/rating_rating.py,RatingRating,rating.rating,rating_rating,1,1,_compute_ticket_id
02 OTHER.zip,helpdesk,02 OTHER/helpdesk/models/helpdesk_sla_status.py,HelpdeskSlaStatus,helpdesk.sla.status,helpdesk_sla_status,5,4,_compute_deadline|_compute_status|_compute_color|_compute_exceeded_hours
02 OTHER.zip,helpdesk,02 OTHER/helpdesk/models/mail_message.py,MailMessage,mail.message,mail_message,1,1,create
02 OTHER.zip,helpdesk,02 OTHER/helpdesk/models/res_partner.py,ResPartner,res.partner,res_partner,0,3,_compute_ticket_count|action_open_helpdesk_ticket|write
02 OTHER.zip,helpdesk,02 OTHER/helpdesk/models/helpdesk_team.py,HelpdeskTeam,helpdesk.team,helpdesk_team,20,45,_check_website_privacy|_compute_assign_stage_id|_compute_alias_email_from|_compute_has_external_mail_server|_compute_unassigned_tickets|_compute_ticket_closed|_compute_success_rate|_compute_urgent_ticket|_compute_sla_failed|_compute_open_ticket_count|_compute_sla_policy_count|_onchange_use_alias
02 OTHER.zip,marketing_automation_website_sale,02 OTHER/marketing_automation_website_sale/models/marketing_campaign.py,MarketingCampaign,marketing.campaign,marketing_campaign,1,0,
02 OTHER.zip,l10n_at_saft,02 OTHER/l10n_at_saft/models/saft_account.py,L10n_At_SaftAccount,l10n_at_saft.account,l10n_at_saft_account,1,1,_compute_display_name
02 OTHER.zip,l10n_at_saft,02 OTHER/l10n_at_saft/models/account_general_ledger.py,AccountGeneralLedgerReportHandler,account.general.ledger.report.handler,account_general_ledger_report_handler,2,0,
02 OTHER.zip,l10n_lu_reports,02 OTHER/l10n_lu_reports/wizard/l10n_lu_generate_accounts_report.py,L10n_LuGenerateAccountsReport,l10n_lu.generate.accounts.report,l10n_lu_generate_accounts_report,1,1,_onchange_size
02 OTHER.zip,l10n_lu_reports,02 OTHER/l10n_lu_reports/wizard/l10n_lu_generate_tax_report.py,L10n_LuGenerateTaxReport,l10n_lu.generate.tax.report,l10n_lu_generate_tax_report,2,0,
02 OTHER.zip,l10n_lu_reports,02 OTHER/l10n_lu_reports/models/ir_attachment.py,IrAttachment,ir.attachment,ir_attachment,2,1,action_download_xsd_files
02 OTHER.zip,l10n_lu_reports,02 OTHER/l10n_lu_reports/models/account_general_ledger.py,AccountGeneralLedgerReportHandler,account.general.ledger.report.handler,account_general_ledger_report_handler,3,0,
02 OTHER.zip,l10n_lu_reports,02 OTHER/l10n_lu_reports/models/res_company.py,ResCompany,res.company,res_company,2,2,_check_company_matr_number|_check_company_ecdf_prefix
02 OTHER.zip,l10n_lu_reports,02 OTHER/l10n_lu_reports/models/l10n_lu_annual_tax_report.py,L10n_LuAnnualTaxReportHandler,l10n_lu.annual.tax.report.handler,l10n_lu_annual_tax_report_handler,0,1,_check_dependent_fields
02 OTHER.zip,l10n_lu_reports,02 OTHER/l10n_lu_reports/models/l10n_lu_annual_tax_report.py,L10n_LuAppendixATaxReportHandler,l10n_lu.appendix.a.tax.report.handler,l10n_lu_appendix_a_tax_report_handler,1,0,
02 OTHER.zip,l10n_lu_reports,02 OTHER/l10n_lu_reports/models/l10n_lu_annual_tax_report.py,L10n_LuAppendixOpexTaxReportHandler,l10n_lu.appendix.opex.tax.report.handler,l10n_lu_appendix_opex_tax_report_handler,0,1,action_open_appendix_view
02 OTHER.zip,l10n_lu_reports,02 OTHER/l10n_lu_reports/models/account_return.py,AccountReturn,account.return,account_return,1,1,action_submit
02 OTHER.zip,l10n_lu_reports,02 OTHER/l10n_lu_reports/models/account_sales_report.py,L10n_LuEcSalesReportHandler,l10n_lu.ec.sales.report.handler,l10n_lu_ec_sales_report_handler,1,0,
02 OTHER.zip,l10n_lu_reports,02 OTHER/l10n_lu_reports/models/account_sales_report.py,L10n_LuStoredIntraReport,l10n_lu.stored.intra.report,l10n_lu_stored_intra_report,1,2,_compute_display_name|action_download_stored_report
02 OTHER.zip,l10n_lu_reports,02 OTHER/l10n_lu_reports/models/account_coa_report.py,AccountReport,account.report,account_report,2,0,
02 OTHER.zip,l10n_lu_reports,02 OTHER/l10n_lu_reports/models/res_partner.py,ResPartner,res.partner,res_partner,3,3,_compute_l10n_lu_is_representative|_check_agent_matr_number|_check_agent_ecdf_prefix
02 OTHER.zip,l10n_fr_hr_holidays,02 OTHER/l10n_fr_hr_holidays/models/hr_leave.py,HrLeave,hr.leave,hr_leave,1,1,_compute_date_from_to
02 OTHER.zip,event_iot,02 OTHER/event_iot/report/event_registration_badge_printer_report.py,EventRegistrationBadgePrinterReport,report.event_iot.event_registration_badge_printer_report,report_event_iot_event_registration_badge_printer_report,3,0,
02 OTHER.zip,l10n_ec_edi,02 OTHER/l10n_ec_edi/wizard/l10n_ec_wizard_account_withhold.py,L10n_EcWizardAccountWithhold,l10n_ec.wizard.account.withhold,l10n_ec_wizard_account_withhold,11,9,_compute_withhold_lines|_compute_journal|_compute_related_invoices_fields|_compute_manual_document_number|_onchange_document_number|_compute_withhold_subtotals|_compute_is_dividend_withhold|_onchange_dividend_payment_date|action_create_and_post_withhold
02 OTHER.zip,l10n_ec_edi,02 OTHER/l10n_ec_edi/wizard/l10n_ec_wizard_account_withhold.py,L10n_EcWizardAccountWithholdLine,l10n_ec.wizard.account.withhold.line,l10n_ec_wizard_account_withhold_line,7,6,_check_withhold_lines|_check_amounts|_compute_invoice_id|_compute_taxsupport|_compute_base|_compute_amount
02 OTHER.zip,l10n_ec_edi,02 OTHER/l10n_ec_edi/models/account_move.py,AccountMove,account.move,account_move,12,13,_compute_l10n_ec_show_edit_authorization|_compute_l10n_ec_show_add_withhold|_compute_l10n_ec_withhold_wth_fields|_compute_l10n_ec_withhold_subtotals|_compute_l10n_ec_withhold_inv_fields|_compute_access_url|_inverse_l10n_latam_document_number|write|_compute_l10n_ec_reimbursement_totals|_compute_l10n_ec_is_dividend_withhold|action_print_pdf|_compute_amount
02 OTHER.zip,l10n_ec_edi,02 OTHER/l10n_ec_edi/models/account_move.py,AccountMoveLine,account.move.line,account_move_line,1,6,_compute_withhold_tax_amount|_compute_totals|_compute_name|_compute_product_uom_id|_compute_price_unit|_compute_tax_ids
02 OTHER.zip,l10n_ec_edi,02 OTHER/l10n_ec_edi/models/account_edi_format.py,AccountEdiFormat,account.edi.format,account_edi_format,1,1,_check_move_configuration
02 OTHER.zip,l10n_ec_edi,02 OTHER/l10n_ec_edi/models/l10n_ec_reimbursement.py,L10n_EcReimbursement,l10n_ec.reimbursement,l10n_ec_reimbursement,6,3,_compute_tax_amount|_compute_total|_check_duplicated_reimbursement_lines
02 OTHER.zip,l10n_ec_edi,02 OTHER/l10n_ec_edi/models/account_move_send.py,AccountMoveSend,account.move.send,account_move_send,3,1,_check_invoice_report
02 OTHER.zip,l10n_ec_edi,02 OTHER/l10n_ec_edi/models/account_journal.py,AccountJournal,account.journal,account_journal,6,5,_compute_edi_format_ids|_compute_compatible_edi_ids|_onchange_withhold_type|_onchange_type_is_purchase_liquidation|_compute_l10n_ec_require_emission
02 OTHER.zip,l10n_ec_edi,02 OTHER/l10n_ec_edi/models/res_partner.py,ResPartner,res.partner,res_partner,1,0,
02 OTHER.zip,website_appointment_sale_project,02 OTHER/website_appointment_sale_project/models/sale_order_line.py,SaleOrderLine,sale.order.line,sale_order_line,0,1,_action_confirm
02 OTHER.zip,website_appointment_sale_project,02 OTHER/website_appointment_sale_project/models/project_task.py,ProjectTask,project.task,project_task,0,1,action_view_appointment
02 OTHER.zip,cloud_storage_migration,02 OTHER/cloud_storage_migration/models/cloud_storage_migration_report.py,CloudStorageMigrationReport,cloud.storage.migration.report,cloud_storage_migration_report,2,4,_compute_res_model_name|_compute_has_attachment_rel|_compute_all_to_migrate|_compute_message_to_migrate
02 OTHER.zip,cloud_storage_migration,02 OTHER/cloud_storage_migration/models/res_config_settings.py,CloudStorageMigrationSettings,res.config.settings,res_config_settings,1,3,_inverse_cloud_storage_migration_message_model_ids|_inverse_cloud_storage_migration_all_model_ids|action_open_cloud_storage_migration_configurations
02 OTHER.zip,l10n_at_pos,02 OTHER/l10n_at_pos/wizard/pos_fiskaly_details.py,PosFiskalyDetailsWizard,pos.fiskaly.details.wizard,pos_fiskaly_details_wizard,2,3,_onchange_start_date|_onchange_end_date|action_dep_audit_report
02 OTHER.zip,l10n_at_pos,02 OTHER/l10n_at_pos/models/pos_session.py,PosSession,pos.session,pos_session,0,1,write
02 OTHER.zip,l10n_at_pos,02 OTHER/l10n_at_pos/models/pos_config.py,PosConfig,pos.config,pos_config,1,1,create
02 OTHER.zip,l10n_at_pos,02 OTHER/l10n_at_pos/models/pos_config.py,ReportL10nAtPosConfigAuditTemplate,report.l10n_at_pos.report_config_audit_template,report_l10n_at_pos_report_config_audit_template,1,0,
02 OTHER.zip,l10n_at_pos,02 OTHER/l10n_at_pos/models/res_company.py,ResCompany,res.company,res_company,1,4,write|action_l10n_at_authenticate_fon_credentials|action_generate_fiskaly_credentials|action_auth_fiskaly_credentials
02 OTHER.zip,l10n_at_pos,02 OTHER/l10n_at_pos/models/pos_order.py,PosOrder,pos.order,pos_order,0,1,action_prepare_receipts_queue
02 OTHER.zip,l10n_cl_edi_pos,02 OTHER/l10n_cl_edi_pos/models/l10n_latam_identification_type.py,L10n_LatamIdentificationType,l10n_latam.identification.type,l10n_latam_identification_type,1,0,
02 OTHER.zip,l10n_cl_edi_pos,02 OTHER/l10n_cl_edi_pos/models/account_move.py,AccountMove,account.move,account_move,2,1,_compute_l10n_cl_sii_barcode_image
02 OTHER.zip,l10n_cl_edi_pos,02 OTHER/l10n_cl_edi_pos/models/l10n_latam_document_type.py,L10n_LatamDocumentType,l10n_latam.document.type,l10n_latam_document_type,1,0,
02 OTHER.zip,l10n_cl_edi_pos,02 OTHER/l10n_cl_edi_pos/models/pos_session.py,PosSession,pos.session,pos_session,1,0,
02 OTHER.zip,l10n_cl_edi_pos,02 OTHER/l10n_cl_edi_pos/models/pos_config.py,PosConfig,pos.config,pos_config,1,0,
02 OTHER.zip,l10n_cl_edi_pos,02 OTHER/l10n_cl_edi_pos/models/res_company.py,ResCompany,res.company,res_company,1,0,
02 OTHER.zip,l10n_cl_edi_pos,02 OTHER/l10n_cl_edi_pos/models/pos_payment_method.py,PosPaymentMethod,pos.payment.method,pos_payment_method,2,1,_compute_is_card_payment
02 OTHER.zip,l10n_cl_edi_pos,02 OTHER/l10n_cl_edi_pos/models/res_partner.py,ResPartner,res.partner,res_partner,2,0,
02 OTHER.zip,l10n_be_hr_payroll_ucm,02 OTHER/l10n_be_hr_payroll_ucm/models/hr_payroll_export_ucm.py,L10nBeHrPayrollExportUcm,l10n.be.hr.payroll.export.ucm,l10n_be_hr_payroll_export_ucm,1,0,
02 OTHER.zip,l10n_be_hr_payroll_ucm,02 OTHER/l10n_be_hr_payroll_ucm/models/res_company.py,ResCompany,res.company,res_company,2,2,_check_ucm_code|_check_ucm_company_code
02 OTHER.zip,l10n_be_hr_payroll_ucm,02 OTHER/l10n_be_hr_payroll_ucm/models/hr_work_entry_type.py,HrWorkEntryType,hr.work.entry.type,hr_work_entry_type,2,2,_check_ucm_code|_onchange_ucm_code
02 OTHER.zip,repair,02 OTHER/repair/wizard/stock_warn_insufficient_qty.py,StockWarnInsufficientQtyRepair,stock.warn.insufficient.qty.repair,stock_warn_insufficient_qty_repair,0,1,action_done
02 OTHER.zip,repair,02 OTHER/repair/models/repair.py,RepairOrder,repair.order,repair_order,21,31,_compute_picking_type_visible|_compute_product_qty|_compute_allowed_uom_ids|_compute_partner_id|_compute_picking_product_ids|_compute_allowed_lot_ids|_compute_picking_type_id|_compute_location_id|_compute_product_location_src_id|_compute_product_location_dest_id|_compute_recycle_location_id|_compute_parts_availability
02 OTHER.zip,repair,02 OTHER/repair/models/stock_warehouse.py,StockWarehouse,stock.warehouse,stock_warehouse,1,0,
02 OTHER.zip,repair,02 OTHER/repair/models/sale_order.py,SaleOrder,sale.order,sale_order,1,4,_compute_repair_count|_action_cancel|_action_confirm|action_show_repair
02 OTHER.zip,repair,02 OTHER/repair/models/sale_order.py,SaleOrderLine,sale.order.line,sale_order_line,1,3,create|write|_action_launch_stock_rule
02 OTHER.zip,repair,02 OTHER/repair/models/stock_move.py,StockMove,stock.move,stock_move,6,11,_compute_forecast_information|_compute_picking_type_id|_compute_location_id|_compute_location_dest_id|_compute_reference|unlink|create|write|action_add_from_catalog_repair|_action_cancel|action_show_details
02 OTHER.zip,repair,02 OTHER/repair/models/stock_picking.py,StockPickingType,stock.picking.type,stock_picking_type,3,6,_compute_count_repair|_compute_default_location_src_id|_compute_default_location_dest_id|_compute_default_product_location_id|_compute_default_remove_location_dest_id|_compute_default_recycle_location_dest_id
02 OTHER.zip,repair,02 OTHER/repair/models/stock_picking.py,StockPicking,stock.picking,stock_picking,2,3,_compute_nbr_repairs|action_repair_return|action_view_repairs
02 OTHER.zip,repair,02 OTHER/repair/models/stock_traceability.py,StockTraceabilityReport,stock.traceability.report,stock_traceability_report,2,0,
02 OTHER.zip,repair,02 OTHER/repair/models/product.py,ProductProduct,product.product,product_product,0,1,_compute_product_is_in_repair
02 OTHER.zip,repair,02 OTHER/repair/models/product.py,ProductTemplate,product.template,product_template,1,0,
02 OTHER.zip,repair,02 OTHER/repair/models/stock_lot.py,StockLot,stock.lot,stock_lot,1,6,_compute_repair_line_ids|_compute_in_repair_count|_compute_repaired_count|action_lot_open_repairs|action_view_ro|_check_create
02 OTHER.zip,payment_adyen,02 OTHER/payment_adyen/models/payment_provider.py,PaymentProvider,payment.provider,payment_provider,2,3,create|write|_compute_feature_support_fields
02 OTHER.zip,payment_adyen,02 OTHER/payment_adyen/models/payment_transaction.py,PaymentTransaction,payment.transaction,payment_transaction,1,0,
02 OTHER.zip,payment_adyen,02 OTHER/payment_adyen/wizards/payment_capture_wizard.py,PaymentCaptureWizard,payment.capture.wizard,payment_capture_wizard,1,1,_compute_has_adyen_tx
02 OTHER.zip,l10n_be_hr_payroll_group_s,02 OTHER/l10n_be_hr_payroll_group_s/models/hr_version.py,HrVersion,hr.version,hr_version,1,1,_check_group_s_code
02 OTHER.zip,l10n_be_hr_payroll_group_s,02 OTHER/l10n_be_hr_payroll_group_s/models/hr_payroll_export_group_s.py,L10nBeHrPayrollExportGroupS,l10n.be.hr.payroll.export.group.s,l10n_be_hr_payroll_export_group_s,2,0,
02 OTHER.zip,l10n_be_hr_payroll_group_s,02 OTHER/l10n_be_hr_payroll_group_s/models/res_company.py,ResCompany,res.company,res_company,2,2,_check_group_s_code|_check_group_s_sequence_number
02 OTHER.zip,l10n_be_hr_payroll_group_s,02 OTHER/l10n_be_hr_payroll_group_s/models/hr_work_entry_type.py,HrWorkEntryType,hr.work.entry.type,hr_work_entry_type,2,2,_check_ucm_code|_compute_group_s_code
02 OTHER.zip,website_sale_stock_wishlist,02 OTHER/website_sale_stock_wishlist/models/product_wishlist.py,ProductWishlist,product.wishlist,product_wishlist,1,2,_compute_stock_notification|_inverse_stock_notification
02 OTHER.zip,website_event_track_social,02 OTHER/website_event_track_social/models/event_track.py,EventTrack,event.track,event_track,4,6,_compute_firebase_enable_push_notifications|_compute_push_reminder|_compute_push_reminder_delay|create|write|action_edit_reminder
02 OTHER.zip,website_event_track_social,02 OTHER/website_event_track_social/models/website_visitor.py,WebsiteVisitor,website.visitor,website_visitor,1,1,_compute_event_track_push_enabled_ids
02 OTHER.zip,l10n_ec,02 OTHER/l10n_ec/demo/account_demo.py,AccountChartTemplate,account.chart.template,account_chart_template,1,0,
02 OTHER.zip,l10n_ec,02 OTHER/l10n_ec/models/account_move.py,AccountMove,account.move,account_move,1,0,
02 OTHER.zip,l10n_ec,02 OTHER/l10n_ec/models/account_journal.py,AccountJournal,account.journal,account_journal,1,1,_compute_l10n_ec_require_emission
02 OTHER.zip,l10n_ec,02 OTHER/l10n_ec/models/res_partner.py,ResPartner,res.partner,res_partner,1,1,_compute_l10n_ec_vat_validation
02 OTHER.zip,l10n_cz,02 OTHER/l10n_cz/models/account_move.py,AccountMove,account.move,account_move,2,3,_compute_taxable_supply_date|_compute_show_taxable_supply_date|_compute_date
02 OTHER.zip,l10n_cz,02 OTHER/l10n_cz/models/template_cz.py,AccountChartTemplate,account.chart.template,account_chart_template,1,0,
02 OTHER.zip,l10n_br_edi_fiscal_reform,02 OTHER/l10n_br_edi_fiscal_reform/models/l10n_br_nbs_code.py,L10NBSCode,l10n_br.nbs.code,l10n_br_nbs_code,1,1,_compute_display_name
02 OTHER.zip,l10n_br_edi_fiscal_reform,02 OTHER/l10n_br_edi_fiscal_reform/models/account_move_line.py,AccountMoveLine,account.move.line,account_move_line,1,1,_compute_l10n_br_goods_operation_type_id
02 OTHER.zip,l10n_br_edi_fiscal_reform,02 OTHER/l10n_br_edi_fiscal_reform/models/account_external_tax_mixin.py,AccountExternalTaxMixin,account.external.tax.mixin,account_external_tax_mixin,3,1,_compute_l10n_br_presence
02 OTHER.zip,l10n_br_edi_fiscal_reform,02 OTHER/l10n_br_edi_fiscal_reform/models/res_partner.py,ResPartner,res.partner,res_partner,1,1,_compute_l10n_br_entity_type
02 OTHER.zip,sale_account_accountant,02 OTHER/sale_account_accountant/models/sale_order_line.py,SaleOrderLine,sale.order.line,sale_order_line,4,0,
02 OTHER.zip,stock_barcode_quality_control_picking_batch,02 OTHER/stock_barcode_quality_control_picking_batch/models/stock_picking_batch.py,StockPickingBatch,stock.picking.batch,stock_picking_batch,1,0,
02 OTHER.zip,analytic,02 OTHER/analytic/models/analytic_distribution_model.py,AccountAnalyticDistributionModel,account.analytic.distribution.model,account_analytic_distribution_model,4,1,_check_company_accounts
02 OTHER.zip,analytic,02 OTHER/analytic/models/analytic_plan.py,AccountAnalyticPlan,account.analytic.plan,account_analytic_plan,7,12,_inverse_name|_inverse_parent_id|_compute_root_id|_compute_complete_name|_compute_analytic_account_count|_compute_all_analytic_account_count|_compute_children_count|_onchange_parent_id|action_view_analytical_accounts|action_view_children_plans|unlink|write
02 OTHER.zip,analytic,02 OTHER/analytic/models/ir_config_parameter.py,IrConfigParameter,ir.config_parameter,ir_config_parameter,0,1,write
02 OTHER.zip,analytic,02 OTHER/analytic/models/analytic_account.py,AccountAnalyticAccount,account.analytic.account,account_analytic_account,3,4,_check_company_consistency|_compute_display_name|_compute_debit_credit_balance|write
02 OTHER.zip,analytic,02 OTHER/analytic/models/analytic_mixin.py,AnalyticMixin,analytic.mixin,analytic_mixin,3,4,_compute_distribution_analytic_account_ids|_compute_analytic_distribution|write|create
02 OTHER.zip,analytic,02 OTHER/analytic/models/analytic_line.py,AnalyticPlanFieldsMixin,analytic.plan.fields.mixin,analytic_plan_fields_mixin,4,4,_compute_auto_account|_compute_partner_id|_inverse_auto_account|_check_account_id
02 OTHER.zip,analytic,02 OTHER/analytic/models/analytic_line.py,AccountAnalyticLine,account.analytic.line,account_analytic_line,0,2,_compute_analytic_distribution|_inverse_analytic_distribution
02 OTHER.zip,pos_sale,02 OTHER/pos_sale/models/account_move.py,AccountMove,account.move,account_move,0,2,button_cancel|action_post
02 OTHER.zip,pos_sale,02 OTHER/pos_sale/models/sale_order.py,SaleOrder,sale.order,sale_order,5,4,action_view_pos_order|_compute_amount_unpaid|_compute_amount_to_invoice|_compute_amount_invoiced
02 OTHER.zip,pos_sale,02 OTHER/pos_sale/models/sale_order.py,SaleOrderLine,sale.order.line,sale_order_line,7,5,_compute_qty_delivered|_compute_qty_invoiced|unlink|_compute_untaxed_amount_invoiced|_compute_name
02 OTHER.zip,pos_sale,02 OTHER/pos_sale/models/pos_session.py,PosSession,pos.session,pos_session,1,0,
02 OTHER.zip,pos_sale,02 OTHER/pos_sale/models/pos_config.py,PosConfig,pos.config,pos_config,2,0,
02 OTHER.zip,pos_sale,02 OTHER/pos_sale/models/product_template.py,ProductTemplate,product.template,product_template,1,0,
02 OTHER.zip,pos_sale,02 OTHER/pos_sale/models/res_partner.py,ResPartner,res.partner,res_partner,1,0,
02 OTHER.zip,pos_sale,02 OTHER/pos_sale/models/pos_order.py,PosOrder,pos.order,pos_order,3,4,_compute_currency_rate|action_pos_order_paid|action_view_sale_order|write
02 OTHER.zip,pos_sale,02 OTHER/pos_sale/models/pos_order.py,PosOrderLine,pos.order.line,pos_order_line,2,1,_compute_qty_delivered
02 OTHER.zip,pos_sale,02 OTHER/pos_sale/report/sale_report.py,SaleReport,sale.report,sale_report,1,0,
02 OTHER.zip,sale_management,02 OTHER/sale_management/models/digest.py,DigestDigest,digest.digest,digest_digest,0,2,_compute_kpi_sale_total_value|_compute_kpis_actions
02 OTHER.zip,sale_management,02 OTHER/sale_management/models/sale_order_template.py,SaleOrderTemplate,sale.order.template,sale_order_template,8,8,_compute_require_signature|_compute_require_payment|_compute_prepayment_percent|_onchange_prepayment_percent|_check_company_id|_check_prepayment_percent|create|write
02 OTHER.zip,sale_management,02 OTHER/sale_management/models/sale_order.py,SaleOrder,sale.order,sale_order,9,11,_compute_sale_order_template_id|_compute_note|_compute_require_signature|_compute_require_payment|_compute_prepayment_percent|_compute_validity_date|_compute_journal_id|_onchange_company_id|_onchange_sale_order_template_id|_onchange_partner_id|action_confirm
02 OTHER.zip,sale_management,02 OTHER/sale_management/models/sale_order_line.py,SaleOrderLine,sale.order.line,sale_order_line,1,1,_compute_name
02 OTHER.zip,sale_management,02 OTHER/sale_management/models/sale_order_template_line.py,SaleOrderTemplateLine,sale.order.template.line,sale_order_template_line,4,5,_compute_allowed_uom_ids|_compute_product_uom_id|_compute_parent_id|create|write
02 OTHER.zip,l10n_be_codaclean,02 OTHER/l10n_be_codaclean/wizard/connection_wizard.py,L10nBeCodacleanConnectionWizard,l10n_be_codaclean.connection.wizard,l10n_be_codaclean_connection_wizard,1,2,_compute_iap_connection_exists|_action_open
02 OTHER.zip,l10n_be_codaclean,02 OTHER/l10n_be_codaclean/models/account_journal.py,AccountJournal,account.journal,account_journal,3,0,
02 OTHER.zip,l10n_be_codaclean,02 OTHER/l10n_be_codaclean/models/res_company.py,ResCompany,res.company,res_company,1,1,_compute_l10n_be_codaclean_is_connected
02 OTHER.zip,l10n_fi_reports,02 OTHER/l10n_fi_reports/wizard/tax_report_submission_wizard.py,L10nFIReportsTaxReportSubmissionWizard,l10n_fi_reports.tax.report.submission.wizard,l10n_fi_reports_tax_report_submission_wizard,0,2,action_export_tax_report|action_proceed_with_submission
02 OTHER.zip,l10n_fi_reports,02 OTHER/l10n_fi_reports/wizard/ec_sales_list_submission_wizard.py,L10nFIReportsECSalesListSubmissionWizard,l10n_fi_reports.ec.sales.list.submission.wizard,l10n_fi_reports_ec_sales_list_submission_wizard,0,2,action_export_ec_sales_report|action_proceed_with_submission
02 OTHER.zip,l10n_fi_reports,02 OTHER/l10n_fi_reports/models/account_return.py,AccountReturn,account.return,account_return,1,1,action_submit
02 OTHER.zip,l10n_fi_reports,02 OTHER/l10n_fi_reports/models/account_sales_report.py,FinlandECSalesReportCustomHandler,l10n_fi_reports.ec.sales.report.handler,l10n_fi_reports_ec_sales_report_handler,1,0,
02 OTHER.zip,l10n_fi_reports,02 OTHER/l10n_fi_reports/report/ec_sales_list_report_export.py,ReportL10nFiReportsECSalesListExport,report.l10n_fi_reports.ec_sales_list_report_export,report_l10n_fi_reports_ec_sales_list_report_export,1,0,
02 OTHER.zip,l10n_fi_reports,02 OTHER/l10n_fi_reports/report/tax_report_export.py,ReportL10nFiReportsTaxReportExport,report.l10n_fi_reports.tax_report_export,report_l10n_fi_reports_tax_report_export,1,0,
02 OTHER.zip,l10n_it_riba,02 OTHER/l10n_it_riba/models/account_payment_method.py,AccountPaymentMethod,account.payment.method,account_payment_method,1,0,
02 OTHER.zip,l10n_it_riba,02 OTHER/l10n_it_riba/models/account_payment.py,AccountPayment,account.payment,account_payment,2,0,
02 OTHER.zip,l10n_mx_edi_website_sale,02 OTHER/l10n_mx_edi_website_sale/models/sale_order.py,SaleOrder,sale.order,sale_order,1,1,_compute_l10n_mx_edi_cfdi_to_public
02 OTHER.zip,pos_online_payment,02 OTHER/pos_online_payment/models/payment_transaction.py,PaymentTransaction,payment.transaction,payment_transaction,1,2,_compute_reference_prefix|action_view_pos_order
02 OTHER.zip,pos_online_payment,02 OTHER/pos_online_payment/models/pos_config.py,PosConfig,pos.config,pos_config,1,1,_check_online_payment_methods
02 OTHER.zip,pos_online_payment,02 OTHER/pos_online_payment/models/account_payment.py,AccountPayment,account.payment,account_payment,0,1,action_view_pos_order
02 OTHER.zip,pos_online_payment,02 OTHER/pos_online_payment/models/pos_payment_method.py,PosPaymentMethod,pos.payment.method,pos_payment_method,9,7,_compute_type|_compute_has_an_online_payment_provider|_check_pos_config_online_payment|create|write|_compute_hide_use_payment_terminal|_onchange_is_online_payment
02 OTHER.zip,pos_online_payment,02 OTHER/pos_online_payment/models/pos_payment.py,PosPayment,pos.payment,pos_payment,2,3,create|write|_check_payment_method_id
02 OTHER.zip,pos_online_payment,02 OTHER/pos_online_payment/models/pos_order.py,PosOrder,pos.order,pos_order,2,2,_compute_online_payment_method_id|_check_next_online_payment_amount
02 OTHER.zip,test_mail_full,02 OTHER/test_mail_full/models/test_mail_models_mail.py,MailTestPortal,mail.test.portal,mail_test_portal,0,1,_compute_access_url
02 OTHER.zip,test_mail_full,02 OTHER/test_mail_full/models/test_mail_models_mail.py,MailTestPortalNoPartner,mail.test.portal.no.partner,mail_test_portal_no_partner,0,1,_compute_access_url
02 OTHER.zip,test_mail_full,02 OTHER/test_mail_full/models/test_mail_models_mail.py,MailTestPortalPublicAccessAction,mail.test.portal.public.access.action,mail_test_portal_public_access_action,0,1,_compute_access_url
02 OTHER.zip,test_mail_full,02 OTHER/test_mail_full/models/test_mail_models_mail.py,MailTestRating,mail.test.rating,mail_test_rating,3,2,_compute_email_from|_compute_phone_nbr
02 OTHER.zip,base,02 OTHER/base/tests/test_res_partner.py,TestPartner,,,0,1,_check_find_or_create
02 OTHER.zip,base,02 OTHER/base/wizard/base_partner_merge.py,BasePartnerMergeAutomaticWizard,base.partner.merge.automatic.wizard,base_partner_merge_automatic_wizard,11,8,_compute_selected_groupby|_compute_models|action_skip|_action_next_screen|action_start_manual_process|action_start_automatic_process|action_update_all_process|action_merge
02 OTHER.zip,base,02 OTHER/base/wizard/base_module_uninstall.py,BaseModuleUninstall,base.module.uninstall,base_module_uninstall,4,4,_compute_impacted_module_ids|_compute_model_ids|_onchange_module_ids|action_uninstall
02 OTHER.zip,base,02 OTHER/base/wizard/base_module_upgrade.py,BaseModuleUpgrade,base.module.upgrade,base_module_upgrade,3,0,
02 OTHER.zip,base,02 OTHER/base/wizard/base_module_update.py,BaseModuleUpdate,base.module.update,base_module_update,0,1,action_module_open
02 OTHER.zip,base,02 OTHER/base/wizard/base_export_language.py,BaseLanguageExport,base.language.export,base_language_export,1,0,
02 OTHER.zip,base,02 OTHER/base/wizard/base_language_install.py,BaseLanguageInstall,base.language.install,base_language_install,1,1,_compute_first_lang_id
02 OTHER.zip,base,02 OTHER/base/models/ir_default.py,IrDefault,ir.default,ir_default,7,4,_check_json_format|create|write|unlink
02 OTHER.zip,base,02 OTHER/base/models/res_lang.py,ResLang,res.lang,res_lang,7,9,_compute_field_flag_image_url|_check_active|_check_format|_onchange_format|action_unarchive|create|write|unlink|action_activate_langs
02 OTHER.zip,base,02 OTHER/base/models/properties_base_definition_mixin.py,PropertiesBaseDefinitionMixin,properties.base.definition.mixin,properties_base_definition_mixin,1,2,_compute_properties_base_definition_id|create
02 OTHER.zip,base,02 OTHER/base/models/ir_mail_server.py,WriteToLogger,,,0,1,write
02 OTHER.zip,base,02 OTHER/base/models/ir_mail_server.py,IrMail_Server,ir.mail_server,ir_mail_server,12,6,_compute_smtp_authentication_info|_check_smtp_ssl_files|write|action_retrieve_max_email_size|_check_forced_mail_server|_onchange_encryption
02 OTHER.zip,base,02 OTHER/base/models/ir_rule.py,IrRule,ir.rule,ir_rule,6,9,_compute_global|_check_model_name|_check_domain|_compute_domain_keys|_compute_domain|_compute_domain_context_values|unlink|create|write
02 OTHER.zip,base,02 OTHER/base/models/ir_model.py,IrModel,ir.model,ir_model,12,8,_compute_count|_check_model_name|_check_order|_check_fold_name|unlink|write|create|_check_manual_name
02 OTHER.zip,base,02 OTHER/base/models/ir_model.py,IrModelFields,ir.model.fields,ir_model_fields,26,22,_compute_relation_field_id|_compute_related_field_id|_compute_selection|_inverse_selection|_compute_copied|_check_domain|_check_name|_check_related|_onchange_related|_onchange_relation|_check_relation|_check_depends
02 OTHER.zip,base,02 OTHER/base/models/ir_model.py,IrModelFieldsSelection,ir.model.fields.selection,ir_model_fields_selection,1,3,create|write|unlink
02 OTHER.zip,base,02 OTHER/base/models/ir_model.py,IrModelConstraint,ir.model.constraint,ir_model_constraint,0,1,unlink
02 OTHER.zip,base,02 OTHER/base/models/ir_model.py,IrModelAccess,ir.model.access,ir_model_access,5,3,create|write|unlink
02 OTHER.zip,base,02 OTHER/base/models/ir_model.py,IrModelData,ir.model.data,ir_model_data,14,6,_compute_complete_name|_compute_reference|_compute_display_name|create|write|unlink
02 OTHER.zip,base,02 OTHER/base/models/ir_actions_report.py,IrActionsReport,ir.actions.report,ir_actions_report,13,2,_compute_model_id|_action_configure_external_report_layout
02 OTHER.zip,base,02 OTHER/base/models/ir_http.py,IrHttp,ir.http,ir_http,4,0,
02 OTHER.zip,base,02 OTHER/base/models/res_country.py,ResCountry,res.country,res_country,6,6,create|write|unlink|_compute_image_url|_check_address_format|_compute_country_group_codes
02 OTHER.zip,base,02 OTHER/base/models/res_country.py,ResCountryGroup,res.country.group,res_country_group,1,2,create|write
02 OTHER.zip,base,02 OTHER/base/models/res_country.py,ResCountryState,res.country.state,res_country_state,4,1,_compute_display_name
02 OTHER.zip,base,02 OTHER/base/models/ir_attachment.py,IrAttachment,ir.attachment,ir_attachment,22,14,_compute_res_name|_compute_datas|_compute_raw|_inverse_raw|_inverse_datas|_compute_checksum|_compute_mimetype|_check_contents|_check_serving_attachments|_check_access|write|unlink
02 OTHER.zip,base,02 OTHER/base/models/res_users_deletion.py,ResUsersDeletion,res.users.deletion,res_users_deletion,2,1,_compute_user_id_int
02 OTHER.zip,base,02 OTHER/base/models/ir_embedded_actions.py,IrEmbeddedActions,ir.embedded.actions,ir_embedded_actions,1,3,create|_compute_is_deletable|_compute_is_visible
02 OTHER.zip,base,02 OTHER/base/models/ir_demo_failure.py,IrDemo_FailureWizard,ir.demo_failure.wizard,ir_demo_failure_wizard,1,1,_compute_failures_count
02 OTHER.zip,base,02 OTHER/base/models/res_users_settings.py,ResUsersSettings,res.users.settings,res_users_settings,2,0,
02 OTHER.zip,base,02 OTHER/base/models/ir_fields.py,IrFieldsConverter,ir.fields.converter,ir_fields_converter,18,0,
02 OTHER.zip,base,02 OTHER/base/models/res_bank.py,ResBank,res.bank,res_bank,5,5,_compute_display_name|create|write|_onchange_country_id|_onchange_state
02 OTHER.zip,base,02 OTHER/base/models/res_bank.py,ResPartnerBank,res.partner.bank,res_partner_bank,9,9,_compute_sanitized_acc_number|_compute_acc_type|_compute_account_holder_name|_compute_display_name|_compute_color|create|write|action_archive_bank|unlink
02 OTHER.zip,base,02 OTHER/base/models/ir_filters.py,IrFilters,ir.filters,ir_filters,4,1,write
02 OTHER.zip,base,02 OTHER/base/models/ir_sequence.py,IrSequence,ir.sequence,ir_sequence,3,3,create|unlink|write
02 OTHER.zip,base,02 OTHER/base/models/ir_sequence.py,IrSequenceDate_Range,ir.sequence.date_range,ir_sequence_date_range,2,3,create|unlink|write
02 OTHER.zip,base,02 OTHER/base/models/res_groups.py,ResGroups,res.groups,res_groups,14,15,_check_disjoint_groups|_check_inherited_view_groups|_check_user_disjoint_groups|_compute_full_name|write|_compute_all_user_ids|_inverse_all_user_ids|_compute_all_implied_ids|_compute_all_implied_by_ids|_compute_disjoint_ids|create|unlink
02 OTHER.zip,base,02 OTHER/base/models/ir_ui_menu.py,IrUiMenu,ir.ui.menu,ir_ui_menu,8,8,_compute_complete_name|_check_parent_id|_compute_display_name|create|write|_compute_web_icon_data|unlink|copy
02 OTHER.zip,base,02 OTHER/base/models/avatar_mixin.py,AvatarMixin,avatar.mixin,avatar_mixin,5,6,_compute_avatar|_compute_avatar_1920|_compute_avatar_1024|_compute_avatar_512|_compute_avatar_256|_compute_avatar_128
02 OTHER.zip,base,02 OTHER/base/models/ir_qweb_fields.py,IrQwebField,ir.qweb.field,ir_qweb_field,5,0,
02 OTHER.zip,base,02 OTHER/base/models/ir_qweb_fields.py,IrQwebFieldInteger,ir.qweb.field.integer,ir_qweb_field_integer,2,0,
02 OTHER.zip,base,02 OTHER/base/models/ir_qweb_fields.py,IrQwebFieldFloat,ir.qweb.field.float,ir_qweb_field_float,3,0,
02 OTHER.zip,base,02 OTHER/base/models/ir_qweb_fields.py,IrQwebFieldDate,ir.qweb.field.date,ir_qweb_field_date,2,0,
02 OTHER.zip,base,02 OTHER/base/models/ir_qweb_fields.py,IrQwebFieldDatetime,ir.qweb.field.datetime,ir_qweb_field_datetime,2,0,
02 OTHER.zip,base,02 OTHER/base/models/ir_qweb_fields.py,IrQwebFieldText,ir.qweb.field.text,ir_qweb_field_text,1,0,
02 OTHER.zip,base,02 OTHER/base/models/ir_qweb_fields.py,IrQwebFieldSelection,ir.qweb.field.selection,ir_qweb_field_selection,3,0,
02 OTHER.zip,base,02 OTHER/base/models/ir_qweb_fields.py,IrQwebFieldMany2one,ir.qweb.field.many2one,ir_qweb_field_many2one,1,0,
02 OTHER.zip,base,02 OTHER/base/models/ir_qweb_fields.py,IrQwebFieldMany2many,ir.qweb.field.many2many,ir_qweb_field_many2many,1,0,
02 OTHER.zip,base,02 OTHER/base/models/ir_qweb_fields.py,IrQwebFieldOne2many,ir.qweb.field.one2many,ir_qweb_field_one2many,1,0,
02 OTHER.zip,base,02 OTHER/base/models/ir_qweb_fields.py,IrQwebFieldHtml,ir.qweb.field.html,ir_qweb_field_html,1,0,
02 OTHER.zip,base,02 OTHER/base/models/ir_qweb_fields.py,IrQwebFieldImage,ir.qweb.field.image,ir_qweb_field_image,2,0,
02 OTHER.zip,base,02 OTHER/base/models/ir_qweb_fields.py,IrQwebFieldImage_Url,ir.qweb.field.image_url,ir_qweb_field_image_url,1,0,
02 OTHER.zip,base,02 OTHER/base/models/ir_qweb_fields.py,IrQwebFieldMonetary,ir.qweb.field.monetary,ir_qweb_field_monetary,3,0,
02 OTHER.zip,base,02 OTHER/base/models/ir_qweb_fields.py,IrQwebFieldFloat_Time,ir.qweb.field.float_time,ir_qweb_field_float_time,1,0,
02 OTHER.zip,base,02 OTHER/base/models/ir_qweb_fields.py,IrQwebFieldTime,ir.qweb.field.time,ir_qweb_field_time,1,0,
02 OTHER.zip,base,02 OTHER/base/models/ir_qweb_fields.py,IrQwebFieldDuration,ir.qweb.field.duration,ir_qweb_field_duration,2,0,
02 OTHER.zip,base,02 OTHER/base/models/ir_qweb_fields.py,IrQwebFieldRelative,ir.qweb.field.relative,ir_qweb_field_relative,3,0,
02 OTHER.zip,base,02 OTHER/base/models/ir_qweb_fields.py,IrQwebFieldBarcode,ir.qweb.field.barcode,ir_qweb_field_barcode,2,0,
02 OTHER.zip,base,02 OTHER/base/models/ir_qweb_fields.py,IrQwebFieldContact,ir.qweb.field.contact,ir_qweb_field_contact,2,0,
02 OTHER.zip,base,02 OTHER/base/models/ir_qweb_fields.py,IrQwebFieldQweb,ir.qweb.field.qweb,ir_qweb_field_qweb,1,0,
02 OTHER.zip,base,02 OTHER/base/models/ir_ui_view.py,IrUiView,ir.ui.view,ir_ui_view,25,25,_compute_arch|_inverse_arch|_compute_arch_base|_inverse_arch_base|_compute_model_data_id|_compute_model_id|_inverse_compute_model_id|_compute_invalid_locators|_compute_xml_id|_check_xml|_check_groups|_check_000_inheritance
02 OTHER.zip,base,02 OTHER/base/models/ir_ui_view.py,ResetViewArchWizard,reset.view.arch.wizard,reset_view_arch_wizard,2,1,_compute_arch_diff
02 OTHER.zip,base,02 OTHER/base/models/ir_ui_view.py,Base,base,base,18,1,_onchange_spec
02 OTHER.zip,base,02 OTHER/base/models/ir_asset.py,IrAsset,ir.asset,ir_asset,3,3,create|write|unlink
02 OTHER.zip,base,02 OTHER/base/models/res_company.py,ResCompany,res.company,res_company,16,24,copy|_compute_parent_ids|_compute_address|_inverse_street|_inverse_street2|_inverse_zip|_inverse_city|_inverse_state|_inverse_country|_compute_logo_web|_compute_uses_default_logo|_compute_color
02 OTHER.zip,base,02 OTHER/base/models/res_currency.py,ResCurrency,res.currency,res_currency,14,8,create|unlink|write|_check_company_currency_stays_active|_compute_is_current_company_currency|_compute_current_rate|_compute_decimal_places|_compute_date
02 OTHER.zip,base,02 OTHER/base/models/res_currency.py,ResCurrencyRate,res.currency.rate,res_currency_rate,12,9,write|create|_compute_rate|_compute_company_rate|_inverse_company_rate|_compute_inverse_company_rate|_inverse_inverse_company_rate|_onchange_rate_warning|_check_company_id
02 OTHER.zip,base,02 OTHER/base/models/ir_qweb.py,IrQweb,ir.qweb,ir_qweb,2,0,
02 OTHER.zip,base,02 OTHER/base/models/ir_module.py,IrModuleCategory,ir.module.category,ir_module_category,1,2,_compute_xml_id|_check_parent_not_circular
02 OTHER.zip,base,02 OTHER/base/models/ir_module.py,IrModuleModule,ir.module.module,ir_module_module,12,11,_compute_has_iap|unlink|button_install|button_immediate_install|button_reset_state|button_immediate_uninstall|button_uninstall|button_uninstall_wizard|button_immediate_upgrade|button_upgrade|create
02 OTHER.zip,base,02 OTHER/base/models/ir_module.py,IrModuleModuleDependency,ir.module.module.dependency,ir_module_module_dependency,3,2,_compute_depend|_compute_state
02 OTHER.zip,base,02 OTHER/base/models/ir_module.py,IrModuleModuleExclusion,ir.module.module.exclusion,ir_module_module_exclusion,2,2,_compute_exclusion|_compute_state
02 OTHER.zip,base,02 OTHER/base/models/ir_config_parameter.py,IrConfig_Parameter,ir.config_parameter,ir_config_parameter,4,3,create|write|unlink
02 OTHER.zip,base,02 OTHER/base/models/res_device.py,ResDeviceLog,res.device.log,res_device_log,1,3,_compute_display_name|_compute_is_current|_compute_linked_ip_addresses
02 OTHER.zip,base,02 OTHER/base/models/res_device.py,ResDevice,res.device,res_device,3,0,
02 OTHER.zip,base,02 OTHER/base/models/properties_base_definition.py,PropertiesBaseDefinition,properties.base.definition,properties_base_definition,2,3,_compute_display_name|_check_properties_field_id|write
02 OTHER.zip,base,02 OTHER/base/models/res_users.py,ResUsers,res.users,res_users,32,29,_check_company_domain|_check_credentials|_compute_email_domain_placeholder|_compute_password|_compute_role|_onchange_role|_compute_all_group_ids|_compute_signature|_compute_share|_compute_companies_count|_compute_tz_offset|_compute_accesses_count
02 OTHER.zip,base,02 OTHER/base/models/res_users.py,UsersMultiCompany,res.users,res_users,2,2,create|write
02 OTHER.zip,base,02 OTHER/base/models/res_users.py,ResUsersIdentitycheck,res.users.identitycheck,res_users_identitycheck,0,1,_check_identity
02 OTHER.zip,base,02 OTHER/base/models/res_users.py,ChangePasswordOwn,change.password.own,change_password_own,1,1,_check_password_confirmation
02 OTHER.zip,base,02 OTHER/base/models/res_users.py,ResUsersApikeys,res.users.apikeys,res_users_apikeys,2,2,_check_credentials|_check_expiration_date
02 OTHER.zip,base,02 OTHER/base/models/res_users.py,ResUsersApikeysDescription,res.users.apikeys.description,res_users_apikeys_description,3,3,_compute_expiration_date|_onchange_expiration_date|create
02 OTHER.zip,base,02 OTHER/base/models/report_paperformat.py,ReportPaperformat,report.paperformat,report_paperformat,1,2,_check_format_or_page|_compute_print_page_size
02 OTHER.zip,base,02 OTHER/base/models/ir_cron.py,IrCron,ir.cron,ir_cron,10,7,_compute_cron_name|create|_check_version|_check_modules_state|write|action_open_parent_action|action_open_scheduled_action
02 OTHER.zip,base,02 OTHER/base/models/ir_profile.py,IrProfile,ir.profile,ir_profile,3,5,_compute_has_memory|_compute_config_url|_compute_speedscope|_compute_speedscope_url|action_view_speedscope
02 OTHER.zip,base,02 OTHER/base/models/ir_profile.py,BaseEnableProfilingWizard,base.enable.profiling.wizard,base_enable_profiling_wizard,1,1,_compute_expiration
02 OTHER.zip,base,02 OTHER/base/models/res_config.py,ResConfig,res.config,res_config,0,3,action_next|action_skip|action_cancel
02 OTHER.zip,base,02 OTHER/base/models/res_config.py,ResConfigSettings,my.settings,my_settings,8,4,copy|_compute_display_name|create|action_open_template_user
02 OTHER.zip,base,02 OTHER/base/models/res_partner.py,FormatVatLabelMixin,format.vat.label.mixin,format_vat_label_mixin,1,0,
02 OTHER.zip,base,02 OTHER/base/models/res_partner.py,FormatAddressMixin,format.address.mixin,format_address_mixin,2,0,
02 OTHER.zip,base,02 OTHER/base/models/res_partner.py,ResPartnerCategory,res.partner.category,res_partner_category,3,2,_check_parent_id|_compute_display_name
02 OTHER.zip,base,02 OTHER/base/models/res_partner.py,ResPartner,res.partner,res_partner,47,38,_compute_application_statistics|_compute_application_statistics_hook|_compute_avatar_1920|_compute_avatar_1024|_compute_avatar_512|_compute_avatar_256|_compute_avatar_128|_compute_avatar|_compute_complete_name|_compute_lang|_compute_active_lang_count|_compute_tz_offset
02 OTHER.zip,base,02 OTHER/base/models/ir_actions.py,IrActionsActions,ir.actions.actions,ir_actions_actions,5,5,_check_path|_compute_xml_id|create|write|unlink
02 OTHER.zip,base,02 OTHER/base/models/ir_actions.py,IrActionsAct_Window,ir.actions.act_window,ir_actions_act_window,5,6,_check_model|_compute_views|_check_view_mode|_compute_embedded_actions|create|unlink
02 OTHER.zip,base,02 OTHER/base/models/ir_actions.py,ServerActionHistoryWizard,server.action.history.wizard,server_action_history_wizard,2,1,_compute_code_diff
02 OTHER.zip,base,02 OTHER/base/models/ir_actions.py,IrActionsServerHistory,ir.actions.server.history,ir_actions_server_history,0,1,_compute_display_name
02 OTHER.zip,base,02 OTHER/base/models/ir_actions.py,IrActionsServer,ir.actions.server,ir_actions_server,18,15,create|write|_compute_show_code_history|_compute_allowed_states|_compute_warning|_compute_name|_onchange_name|_compute_available_model_ids|_compute_crud_relations|_compute_webhook_sample_payload|_check_python_code|_check_children
02 OTHER.zip,base,02 OTHER/base/models/ir_actions.py,IrActionsTodo,ir.actions.todo,ir_actions_todo,2,5,create|write|unlink|action_launch|action_open
02 OTHER.zip,base,02 OTHER/base/models/ir_actions.py,IrActionsClient,ir.actions.client,ir_actions_client,1,2,_compute_params|_inverse_params
02 OTHER.zip,base,02 OTHER/base/models/decimal_precision.py,DecimalPrecision,decimal.precision,decimal_precision,3,4,create|write|unlink|_onchange_digits_warning
02 OTHER.zip,base,02 OTHER/base/report/report_base_report_irmodulereference.py,ReportBaseReport_Irmodulereference,report.base.report_irmodulereference,report_base_report_irmodulereference,2,0,
02 OTHER.zip,website_event_social,02 OTHER/website_event_social/models/event.py,EventEvent,event.event,event_event,0,3,_compute_firebase_enable_push_notifications|action_send_push|action_send_push_reminders
02 OTHER.zip,l10n_us_direct_deposit,02 OTHER/l10n_us_direct_deposit/models/account_batch_payment.py,AccountBatchPayment,account.batch.payment,account_batch_payment,0,1,_compute_wise_payments_enabled
02 OTHER.zip,l10n_us_direct_deposit,02 OTHER/l10n_us_direct_deposit/models/account_payment_method.py,AccountPaymentMethod,account.payment.method,account_payment_method,1,0,
02 OTHER.zip,l10n_us_direct_deposit,02 OTHER/l10n_us_direct_deposit/models/res_partner_bank.py,ResPartnerBank,res.partner.bank,res_partner_bank,1,1,_compute_wise_bank_account
02 OTHER.zip,l10n_us_direct_deposit,02 OTHER/l10n_us_direct_deposit/models/account_payment.py,AccountPayment,account.payment,account_payment,2,1,action_draft
02 OTHER.zip,l10n_us_direct_deposit,02 OTHER/l10n_us_direct_deposit/models/res_company.py,ResCompany,res.company,res_company,2,2,_compute_wise_profile|_compute_wise_connected
02 OTHER.zip,l10n_us_direct_deposit,02 OTHER/l10n_us_direct_deposit/models/res_config_settings.py,ResConfigSettings,res.config.settings,res_config_settings,0,3,button_wise_enable_logging|button_wise_open_logs|action_connect_wise
02 OTHER.zip,pos_platform_order_grabfood,02 OTHER/pos_platform_order_grabfood/models/platform_order_entity.py,PlatformOrderEntity,platform.order.entity,platform_order_entity,2,0,
02 OTHER.zip,pos_platform_order_grabfood,02 OTHER/pos_platform_order_grabfood/models/platform_order_provider.py,PlatformOrderProvider,platform.order.provider,platform_order_provider,0,3,_compute_grabfood_endpoints|action_grabfood_test_connection|action_grabfood_generate_access_token
02 OTHER.zip,pos_platform_order_grabfood,02 OTHER/pos_platform_order_grabfood/models/pos_order.py,PosOrder,pos.order,pos_order,1,0,
02 OTHER.zip,delivery_fedex_rest,02 OTHER/delivery_fedex_rest/models/delivery_fedex.py,ProviderFedex,delivery.carrier,delivery_carrier,0,3,_compute_can_generate_return|_compute_supports_shipping_insurance|write
02 OTHER.zip,website_helpdesk_livechat,02 OTHER/website_helpdesk_livechat/models/discuss_channel.py,DiscussChannel,discuss.channel,discuss_channel,1,1,_compute_has_helpdesk_ticket
02 OTHER.zip,website_helpdesk_livechat,02 OTHER/website_helpdesk_livechat/models/helpdesk.py,HelpdeskTeam,helpdesk.team,helpdesk_team,0,2,_inverse_use_website_helpdesk_livechat|action_view_channel
02 OTHER.zip,website_helpdesk_livechat,02 OTHER/website_helpdesk_livechat/models/chatbot_script.py,ChatbotScript,chatbot.script,chatbot_script,2,2,_compute_ticket_count|action_view_tickets
02 OTHER.zip,website_helpdesk_livechat,02 OTHER/website_helpdesk_livechat/models/helpdesk_ticket.py,HelpdeskTicket,helpdesk.ticket,helpdesk_ticket,1,3,create|write|action_open_livechat
02 OTHER.zip,website_helpdesk_livechat,02 OTHER/website_helpdesk_livechat/models/helpdesk_team.py,HelpdeskTeam,helpdesk.team,helpdesk_team,1,4,create|write|_check_use_website_helpdesk_livechat_feature_enabled|_check_website_helpdesk_livechat_group
02 OTHER.zip,l10n_ma_hr_payroll,02 OTHER/l10n_ma_hr_payroll/models/hr_version.py,HrVersion,hr.version,hr_version,1,0,
02 OTHER.zip,sale_subscription_timesheet,02 OTHER/sale_subscription_timesheet/models/sale_order_line.py,SaleOrderLine,sale.order.line,sale_order_line,1,3,_compute_qty_delivered|_compute_display_name|_compute_remaining_hours_available
02 OTHER.zip,project_account_budget,02 OTHER/project_account_budget/models/budget_line.py,BudgetLine,budget.line,budget_line,1,0,
02 OTHER.zip,project_account_budget,02 OTHER/project_account_budget/models/project_update.py,ProjectUpdate,project.update,project_update,1,0,
02 OTHER.zip,project_account_budget,02 OTHER/project_account_budget/models/budget_analytic.py,BudgetAnalytic,budget.analytic,budget_analytic,1,1,create
02 OTHER.zip,project_account_budget,02 OTHER/project_account_budget/models/project_project.py,ProjectProject,project.project,project_project,0,2,_compute_budget|action_view_budget_lines
02 OTHER.zip,planning_hr_skills,02 OTHER/planning_hr_skills/models/planning_slot.py,PlanningSlot,planning.slot,planning_slot,1,0,
02 OTHER.zip,planning_hr_skills,02 OTHER/planning_hr_skills/report/planning_analysis_report.py,PlanningAnalysisReport,planning.analysis.report,planning_analysis_report,1,1,_compute_employee_skill_ids
02 OTHER.zip,onboarding,02 OTHER/onboarding/models/onboarding_onboarding_step.py,OnboardingOnboardingStep,onboarding.onboarding.step,onboarding_onboarding_step,5,4,_compute_current_progress|write|action_set_just_done|action_validate_step
02 OTHER.zip,onboarding,02 OTHER/onboarding/models/onboarding_progress.py,OnboardingProgress,onboarding.progress,onboarding_progress,1,3,_compute_onboarding_state|action_close|action_toggle_visibility
02 OTHER.zip,onboarding,02 OTHER/onboarding/models/onboarding_progress_step.py,OnboardingProgressStep,onboarding.progress.step,onboarding_progress_step,0,2,action_consolidate_just_done|action_set_just_done
02 OTHER.zip,onboarding,02 OTHER/onboarding/models/onboarding_onboarding.py,OnboardingOnboarding,onboarding.onboarding,onboarding_onboarding,4,7,_compute_is_per_company|_compute_current_progress|write|action_close|action_close_panel|action_refresh_progress_ids|action_toggle_visibility
02 OTHER.zip,whatsapp_website_sale,02 OTHER/whatsapp_website_sale/models/sale_order.py,SaleOrder,sale.order,sale_order,0,1,action_confirm
02 OTHER.zip,data_merge_stock_account,02 OTHER/data_merge_stock_account/models/data_merge_model.py,Data_MergeModel,data_merge.model,data_merge_model,1,1,_onchange_res_model_id
02 OTHER.zip,l10n_vn_edi_viettel_pos,02 OTHER/l10n_vn_edi_viettel_pos/models/pos_session.py,PosSession,pos.session,pos_session,1,0,
02 OTHER.zip,l10n_vn_edi_viettel_pos,02 OTHER/l10n_vn_edi_viettel_pos/models/pos_config.py,PosConfig,pos.config,pos_config,2,1,_compute_l10n_vn_pos_symbol
02 OTHER.zip,l10n_vn_edi_viettel_pos,02 OTHER/l10n_vn_edi_viettel_pos/models/res_partner.py,ResPartner,res.partner,res_partner,1,0,
02 OTHER.zip,l10n_vn_edi_viettel_pos,02 OTHER/l10n_vn_edi_viettel_pos/models/pos_order.py,PosOrder,pos.order,pos_order,1,1,_compute_sinvoice_has_pdf
02 OTHER.zip,whatsapp,02 OTHER/whatsapp/wizard/whatsapp_composer.py,WhatsappComposer,whatsapp.composer,whatsapp_composer,11,10,_compute_number|_compute_invalid_phone_number_count|_compute_preview_whatsapp|_compute_number_of_free_text_button|_compute_number_of_free_text|_compute_is_header_free_text|_compute_is_button_dynamic|_compute_button_dynamic_url|_compute_free_text|action_send_whatsapp_template
02 OTHER.zip,whatsapp,02 OTHER/whatsapp/wizard/whatsapp_preview.py,WhatsappPreview,whatsapp.preview,whatsapp_preview,1,1,_compute_preview_whatsapp
02 OTHER.zip,whatsapp,02 OTHER/whatsapp/models/discuss_channel.py,DiscussChannel,discuss.channel,discuss_channel,5,6,_compute_display_name|_check_whatsapp_number|_compute_whatsapp_channel_valid_until|_compute_whatsapp_channel_active|_compute_group_public_id|_action_unfollow
02 OTHER.zip,whatsapp,02 OTHER/whatsapp/models/whatsapp_template_variable.py,WhatsappTemplateVariable,whatsapp.template.variable,whatsapp_template_variable,7,7,_check_demo_values|_check_field_name|_check_name|_check_button_id|_compute_display_name|_onchange_model_id|_onchange_field_type
02 OTHER.zip,whatsapp,02 OTHER/whatsapp/models/models.py,Base,base,base,1,0,
02 OTHER.zip,whatsapp,02 OTHER/whatsapp/models/whatsapp_template_button.py,WhatsappTemplateButton,whatsapp.template.button,whatsapp_template_button,3,3,_compute_has_invalid_number|_compute_variable_ids|_onchange_website_url
02 OTHER.zip,whatsapp,02 OTHER/whatsapp/models/whatsapp_account.py,WhatsappAccount,whatsapp.account,whatsapp_account,2,9,_check_notify_user_ids|_compute_callback_url|_compute_verify_token|_compute_templates_count|button_sync_whatsapp_account_templates|button_test_connection|action_debug|action_stop_debug|action_open_templates
02 OTHER.zip,whatsapp,02 OTHER/whatsapp/models/whatsapp_template.py,WhatsappTemplate,whatsapp.template,whatsapp_template,25,29,_check_header_text|_check_phone_field|_check_header_attachment_ids|_check_buttons|_check_body_variables|_check_header_variables|_check_model|_compute_phone_field|_compute_template_name|_compute_model_id|_compute_report_id|_compute_variable_ids
02 OTHER.zip,whatsapp,02 OTHER/whatsapp/models/ir_actions_server.py,IrActionsServer,ir.actions.server,ir_actions_server,1,1,_compute_wa_template_id
02 OTHER.zip,whatsapp,02 OTHER/whatsapp/models/res_partner.py,ResPartner,res.partner,res_partner,0,2,_compute_wa_channel_count|action_open_partner_wa_channels
02 OTHER.zip,whatsapp,02 OTHER/whatsapp/models/whatsapp_message.py,WhatsappMessage,whatsapp.message,whatsapp_message,4,4,_compute_mobile_number_formatted|create|button_resend|button_cancel_send
02 OTHER.zip,documents_project,02 OTHER/documents_project/models/documents_tag.py,DocumentsTag,documents.tag,documents_tag,1,0,
02 OTHER.zip,documents_project,02 OTHER/documents_project/models/documents_document.py,DocumentsDocument,documents.document,documents_document,3,2,_check_company_fits_projects_and_settings|write
02 OTHER.zip,documents_project,02 OTHER/documents_project/models/res_company.py,ResCompany,res.company,res_company,1,1,_check_documents_project_folder_id_company_id
02 OTHER.zip,documents_project,02 OTHER/documents_project/models/project_project.py,ProjectProject,project.project,project_project,2,6,_check_company_is_folders_company|_compute_documents|create|write|copy|action_view_documents_project
02 OTHER.zip,l10n_be_hr_payroll_partena,02 OTHER/l10n_be_hr_payroll_partena/models/res_company.py,ResCompany,res.company,res_company,2,2,_check_partena_code|_check_partena_sequence_number
02 OTHER.zip,l10n_be_hr_payroll_partena,02 OTHER/l10n_be_hr_payroll_partena/models/hr_employee.py,HrEmployee,hr.employee,hr_employee,1,1,_check_partena_code
02 OTHER.zip,l10n_be_hr_payroll_partena,02 OTHER/l10n_be_hr_payroll_partena/models/hr_work_entry_type.py,HrWorkEntryType,hr.work.entry.type,hr_work_entry_type,1,1,_check_partena_code
02 OTHER.zip,l10n_be_hr_payroll_partena,02 OTHER/l10n_be_hr_payroll_partena/models/hr_payroll_export_partena.py,L10nBeHrPayrollExportPartena,l10n.be.hr.payroll.export.partena,l10n_be_hr_payroll_export_partena,1,0,
02 OTHER.zip,website_event_sale,02 OTHER/website_event_sale/models/product_pricelist.py,ProductPricelistItem,product.pricelist.item,product_pricelist_item,1,1,_onchange_event_sale_warning
02 OTHER.zip,website_event_sale,02 OTHER/website_event_sale/models/sale_order_line.py,SaleOrderLine,sale.order.line,sale_order_line,1,1,_compute_name_short
02 OTHER.zip,website_event_sale,02 OTHER/website_event_sale/models/product.py,ProductTemplate,product.template,product_template,1,0,
02 OTHER.zip,ai_website,02 OTHER/ai_website/models/website_page.py,WebsitePage,website.page,website_page,3,0,
02 OTHER.zip,website_crm,02 OTHER/website_crm/models/crm_lead.py,CrmLead,crm.lead,crm_lead,1,2,_compute_visitor_page_count|action_redirect_to_page_views
02 OTHER.zip,website_crm,02 OTHER/website_crm/models/website_visitor.py,WebsiteVisitor,website.visitor,website_visitor,2,3,_compute_lead_count|_compute_email_phone|_check_for_message_composer
02 OTHER.zip,stock_account,02 OTHER/stock_account/wizard/stock_inventory_adjustment_name.py,StockInventoryAdjustmentName,stock.inventory.adjustment.name,stock_inventory_adjustment_name,0,1,_compute_should_show_accounting_date
02 OTHER.zip,stock_account,02 OTHER/stock_account/models/stock_location.py,StockLocation,stock.location,stock_location,0,1,_compute_is_valued
02 OTHER.zip,stock_account,02 OTHER/stock_account/models/product_value.py,ProductValue,product.value,product_value,2,4,_compute_company_id|_compute_current_value_details|_compute_value_description|create
02 OTHER.zip,stock_account,02 OTHER/stock_account/models/account_move.py,AccountMove,account.move,account_move,0,2,button_draft|button_cancel
02 OTHER.zip,stock_account,02 OTHER/stock_account/models/stock_move_line.py,StockMoveLine,stock.move.line,stock_move_line,2,3,create|write|unlink
02 OTHER.zip,stock_account,02 OTHER/stock_account/models/account_move_line.py,AccountMoveLine,account.move.line,account_move_line,1,2,_compute_account_id|_inverse_product_id
02 OTHER.zip,stock_account,02 OTHER/stock_account/models/stock_quant.py,StockQuant,stock.quant,stock_quant,5,2,_compute_cost_method|_compute_value
02 OTHER.zip,stock_account,02 OTHER/stock_account/models/stock_move.py,StockMove,stock.move,stock_move,8,13,_compute_standard_price|_compute_is_in|_compute_is_out|_compute_is_dropship|_compute_is_valued|_compute_value_manual|_compute_value_justification|_compute_remaining_qty|_compute_remaining_value|_inverse_picked|_inverse_value_manual|action_adjust_valuation
02 OTHER.zip,stock_account,02 OTHER/stock_account/models/res_company.py,ResCompany,res.company,res_company,2,2,action_close_stock_valuation|_action_close_stock_valuation
02 OTHER.zip,stock_account,02 OTHER/stock_account/models/stock_picking.py,StockPicking,stock.picking,stock_picking,1,2,_check_backdate_allowed|_compute_is_date_editable
02 OTHER.zip,stock_account,02 OTHER/stock_account/models/product.py,ProductTemplate,product.template,product_template,5,4,_compute_lot_valuated|_compute_cost_method|_compute_valuation|write
02 OTHER.zip,stock_account,02 OTHER/stock_account/models/product.py,ProductProduct,product.product,product_product,3,3,_compute_value|create|write
02 OTHER.zip,stock_account,02 OTHER/stock_account/models/product.py,ProductCategory,product.category,product_category,1,2,_compute_anglo_saxon_accounting|write
02 OTHER.zip,stock_account,02 OTHER/stock_account/models/stock_lot.py,StockLot,stock.lot,stock_lot,3,4,_compute_value|_compute_avg_cost|create|write
02 OTHER.zip,stock_account,02 OTHER/stock_account/report/stock_avco_audit_report.py,StockAverageCostReport,stock.avco.report,stock_avco_report,0,2,_compute_cumulative_fields|_compute_justification
02 OTHER.zip,stock_account,02 OTHER/stock_account/report/stock_valuation_report.py,StockValuationReport,stock_account.stock.valuation.report,stock_account_stock_valuation_report,2,2,action_print_as_pdf|action_print_as_xlsx
02 OTHER.zip,hr_work_entry_enterprise,02 OTHER/hr_work_entry_enterprise/models/hr_work_entry.py,HrWorkEntry,hr.work.entry,hr_work_entry,3,0,
02 OTHER.zip,sale_external_tax,02 OTHER/sale_external_tax/models/sale_order.py,SaleOrder,sale.order,sale_order,0,2,action_confirm|action_quotation_send
02 OTHER.zip,l10n_es_reports_2025,02 OTHER/l10n_es_reports_2025/wizard/l10n_es_return_submission_wizards.py,L10nEsReportsModelosSubmissionWizard,l10n_es_reports_2025.modelos.submission.wizard,l10n_es_reports_2025_modelos_submission_wizard,0,1,_compute_submission_instructions
02 OTHER.zip,l10n_es_reports_2025,02 OTHER/l10n_es_reports_2025/models/account_return.py,AccountReturn,account.return,account_return,0,1,action_submit
02 OTHER.zip,l10n_es_reports_2025,02 OTHER/l10n_es_reports_2025/models/account_return.py,AccountReturnType,account.return.type,account_return_type,1,1,_compute_report_return_type
02 OTHER.zip,hr_fleet,02 OTHER/hr_fleet/wizard/hr_departure_wizard.py,HrDepartureWizard,hr.departure.wizard,hr_departure_wizard,0,1,action_register_departure
02 OTHER.zip,hr_fleet,02 OTHER/hr_fleet/models/fleet_vehicle_log_services.py,FleetVehicleLogServices,fleet.vehicle.log.services,fleet_vehicle_log_services,2,2,_compute_purchaser_id|_compute_purchaser_employee_id
02 OTHER.zip,hr_fleet,02 OTHER/hr_fleet/models/mail_activity_plan_template.py,MailActivityPlanTemplate,mail.activity.plan.template,mail_activity_plan_template,1,1,_check_responsible_hr_fleet
02 OTHER.zip,hr_fleet,02 OTHER/hr_fleet/models/ir_attachment.py,IrAttachment,ir.attachment,ir_attachment,0,1,action_preview_attachment
02 OTHER.zip,hr_fleet,02 OTHER/hr_fleet/models/fleet_vehicle_assignation_log.py,FleetVehicleAssignationLog,fleet.vehicle.assignation.log,fleet_vehicle_assignation_log,1,3,_compute_driver_employee_id|_compute_attachment_number|action_get_attachment_view
02 OTHER.zip,hr_fleet,02 OTHER/hr_fleet/models/fleet_vehicle.py,FleetVehicle,fleet.vehicle,fleet_vehicle,4,6,_compute_driver_employee_id|_compute_future_driver_employee_id|_compute_mobility_card|create|write|action_open_employee
02 OTHER.zip,hr_fleet,02 OTHER/hr_fleet/models/employee.py,HrEmployee,hr.employee,hr_employee,2,5,action_open_employee_cars|_compute_license_plate|_compute_employee_cars_count|_check_work_contact_id|write
02 OTHER.zip,hr_fleet,02 OTHER/hr_fleet/models/fleet_vehicle_log_contract.py,FleetVehicleLogContract,fleet.vehicle.log.contract,fleet_vehicle_log_contract,0,1,action_open_employee
02 OTHER.zip,ai_documents_source,02 OTHER/ai_documents_source/models/documents_document.py,DocumentsDocument,documents.document,documents_document,1,0,
02 OTHER.zip,ai_documents_source,02 OTHER/ai_documents_source/models/ai_agent_source.py,AIAgentSource,ai.agent.source,ai_agent_source,2,3,_compute_user_has_access|action_access_source|action_reprocess_index
02 OTHER.zip,stock_sms,02 OTHER/stock_sms/models/stock_picking.py,StockPicking,stock.picking,stock_picking,0,2,_check_warn_sms|_action_generate_warn_sms_wizard
02 OTHER.zip,pos_loyalty,02 OTHER/pos_loyalty/models/pos_session.py,PosSession,pos.session,pos_session,1,0,
02 OTHER.zip,pos_loyalty,02 OTHER/pos_loyalty/models/pos_config.py,PosConfig,pos.config,pos_config,0,1,_check_before_creating_new_session
02 OTHER.zip,pos_loyalty,02 OTHER/pos_loyalty/models/product_product.py,ProductProduct,product.product,product_product,1,0,
02 OTHER.zip,pos_loyalty,02 OTHER/pos_loyalty/models/loyalty_program.py,LoyaltyProgram,loyalty.program,loyalty_program,5,5,_compute_pos_report_print_id|_inverse_pos_report_print_id|_compute_pos_config_ids|_compute_pos_order_count|_compute_total_order_count
02 OTHER.zip,pos_loyalty,02 OTHER/pos_loyalty/models/pos_order_line.py,PosOrderLine,pos.order.line,pos_order_line,1,0,
02 OTHER.zip,pos_loyalty,02 OTHER/pos_loyalty/models/loyalty_card.py,LoyaltyCard,loyalty.card,loyalty_card,4,1,_compute_use_count
02 OTHER.zip,pos_loyalty,02 OTHER/pos_loyalty/models/loyalty_rule.py,LoyaltyRule,loyalty.rule,loyalty_rule,4,2,_compute_valid_product_ids|_compute_promo_barcode
02 OTHER.zip,pos_loyalty,02 OTHER/pos_loyalty/models/loyalty_reward.py,LoyaltyReward,loyalty.reward,loyalty_reward,3,1,unlink
02 OTHER.zip,pos_loyalty,02 OTHER/pos_loyalty/models/pos_order.py,PosOrder,pos.order,pos_order,0,1,_check_existing_loyalty_cards
02 OTHER.zip,l10n_cn,02 OTHER/l10n_cn/models/account_move.py,AccountMove,account.move,account_move,3,1,_check_fapiao
02 OTHER.zip,api_doc,02 OTHER/api_doc/controllers/api_doc.py,DocController,,,6,0,
02 OTHER.zip,timesheet_grid,02 OTHER/timesheet_grid/wizard/hr_timesheet_merge_wizard.py,Hr_TimesheetMergeWizard,hr_timesheet.merge.wizard,hr_timesheet_merge_wizard,5,5,_check_timesheet_ids|_compute_task_id|_compute_name|_compute_unit_amount|action_merge
02 OTHER.zip,timesheet_grid,02 OTHER/timesheet_grid/wizard/hr_timesheet_stop_timer_confirmation_wizard.py,HrTimesheetStopTimerConfirmationWizard,hr.timesheet.stop.timer.confirmation.wizard,hr_timesheet_stop_timer_confirmation_wizard,1,2,action_delete_timesheet|action_save_timesheet
02 OTHER.zip,timesheet_grid,02 OTHER/timesheet_grid/models/ir_module_module.py,IrModuleModule,ir.module.module,ir_module_module,0,1,button_uninstall
02 OTHER.zip,timesheet_grid,02 OTHER/timesheet_grid/models/res_company.py,ResCompany,res.company,res_company,5,2,create|write
02 OTHER.zip,timesheet_grid,02 OTHER/timesheet_grid/models/hr_employee.py,HrEmployee,hr.employee,hr_employee,1,2,_compute_timesheet_manager|action_timesheet_from_employee
02 OTHER.zip,timesheet_grid,02 OTHER/timesheet_grid/models/project_task.py,ProjectTask,project.task,project_task,3,9,_compute_timesheet_unit_amount|_compute_display_timesheet_timer|_compute_allocated_hours|_onchange_project_id|write|action_view_subtask_timesheet|action_timer_start|action_timer_stop|_action_interrupt_user_timers
02 OTHER.zip,timesheet_grid,02 OTHER/timesheet_grid/models/project_project.py,ProjectProject,project.project,project_project,0,1,write
02 OTHER.zip,timesheet_grid,02 OTHER/timesheet_grid/models/account_analytic_line.py,AccountAnalyticLine,account.analytic.line,account_analytic_line,12,23,_check_timesheet_unit_amount|_compute_display_timer|_compute_project_id|_compute_validated_status|_compute_can_validate|_compute_is_hatched|action_validate_timesheet|action_invalidate_timesheet|_check_can_create|_check_can_write|write|unlink
02 OTHER.zip,timesheet_grid,02 OTHER/timesheet_grid/report/timesheets_analysis_report.py,TimesheetsAnalysisReport,timesheets.analysis.report,timesheets_analysis_report,1,1,_compute_is_timer_running
02 OTHER.zip,l10n_it_edi,02 OTHER/l10n_it_edi/models/ddt.py,L10n_ItDdt,l10n_it.ddt,l10n_it_ddt,1,1,_compute_display_name
02 OTHER.zip,l10n_it_edi,02 OTHER/l10n_it_edi/models/account_tax.py,AccountTax,account.tax,account_tax,2,1,_onchange_l10n_it_withholding_type
02 OTHER.zip,l10n_it_edi,02 OTHER/l10n_it_edi/models/account_move.py,AccountMove,account.move,account_move,15,11,_compute_l10n_it_payment_method|_compute_l10n_it_document_type|_compute_l10n_it_partner_pa|_compute_l10n_it_partner_is_public_administration|_compute_l10n_it_edi_button_label|_compute_l10n_it_edi_is_self_invoice|_compute_show_reset_to_draft_button|action_l10n_it_edi_send|action_check_l10n_it_edi|button_draft|action_invoice_download_fatturapa
02 OTHER.zip,l10n_it_edi,02 OTHER/l10n_it_edi/models/account_move_send.py,AccountMoveSend,account.move.send,account_move_send,1,0,
02 OTHER.zip,l10n_it_edi,02 OTHER/l10n_it_edi/models/l10n_it_document_type.py,L10n_ItDocumentType,l10n_it.document.type,l10n_it_document_type,1,2,_compute_display_name|_check_code_unique
02 OTHER.zip,l10n_it_edi,02 OTHER/l10n_it_edi/models/res_company.py,ResCompany,res.company,res_company,7,7,_check_l10n_it_edi_purchase_journal_id|_check_eco_admin_index|_check_eco_incorporated|_check_tax_representative|_compute_l10n_it_edi_proxy_user_id|_compute_l10n_it_edi_purchase_journal_id|_onchange_l10n_it_has_tax_represeentative
02 OTHER.zip,l10n_it_edi,02 OTHER/l10n_it_edi/models/res_config_settings.py,ResConfigSettings,res.config.settings,res_config_settings,3,3,_compute_l10n_it_edi_show_purchase_journal_id|_compute_l10n_it_edi_register|_compute_use_root_proxy_user
02 OTHER.zip,l10n_it_edi,02 OTHER/l10n_it_edi/models/res_partner.py,ResPartner,res.partner,res_partner,2,0,
02 OTHER.zip,l10n_jo_edi,02 OTHER/l10n_jo_edi/models/account_move.py,AccountMove,account.move,account_move,6,7,_compute_l10n_jo_edi_is_needed|_compute_show_reset_to_draft_button|_compute_l10n_jo_edi_uuid|_compute_l10n_jo_edi_computed_xml|_compute_l10n_jo_edi_invoice_type|_compute_preferred_payment_method_line_id|button_draft
02 OTHER.zip,l10n_jo_edi,02 OTHER/l10n_jo_edi/models/account_move_send.py,AccountMoveSend,account.move.send,account_move_send,1,0,
02 OTHER.zip,pos_blackbox_be,02 OTHER/pos_blackbox_be/models/account_tax.py,AccountTax,account.tax,account_tax,1,1,_compute_identification_letter
02 OTHER.zip,pos_blackbox_be,02 OTHER/pos_blackbox_be/models/pos_blackbox_log_ip.py,PosBlackboxLogIp,pos.blackbox.log.ip,pos_blackbox_log_ip,1,1,create
02 OTHER.zip,pos_blackbox_be,02 OTHER/pos_blackbox_be/models/pos_session.py,PosSession,pos.session,pos_session,1,2,_compute_amount_of_vat_tickets|action_report_journal_file
02 OTHER.zip,pos_blackbox_be,02 OTHER/pos_blackbox_be/models/pos_config.py,PosConfig,pos.config,pos_config,7,16,_compute_odoo_version|_compute_certified_pos|write|_check_is_certified_pos|_compute_iot_device_ids|_action_to_open_ui|_check_before_creating_new_session|_check_loyalty|_check_work_product_taxes_and_categories|_check_insz_user|_check_company_address|_check_posbox_fp_tax_code
02 OTHER.zip,pos_blackbox_be,02 OTHER/pos_blackbox_be/models/hr_employee.py,HrEmployee,hr.employee,hr_employee,2,2,_compute_insz_or_bis_number|_check_insz_or_bis_number
02 OTHER.zip,pos_blackbox_be,02 OTHER/pos_blackbox_be/models/res_users.py,ResUsers,res.users,res_users,2,1,_check_insz_or_bis_number
02 OTHER.zip,pos_blackbox_be,02 OTHER/pos_blackbox_be/models/product.py,ProductTemplate,product.template,product_template,2,1,create
02 OTHER.zip,pos_blackbox_be,02 OTHER/pos_blackbox_be/models/res_config_settings.py,ResConfigSettings,res.config.settings,res_config_settings,1,1,_onchange_iface_fiscal_data_module_default
02 OTHER.zip,pos_blackbox_be,02 OTHER/pos_blackbox_be/models/report_sale_details.py,ReportPoint_Of_SaleReport_Saledetails,report.point_of_sale.report_saledetails,report_point_of_sale_report_saledetails,1,0,
02 OTHER.zip,pos_blackbox_be,02 OTHER/pos_blackbox_be/models/pos_order.py,PosOrder,pos.order,pos_order,3,3,_compute_blackbox_pos_receipt_time|_compute_is_clock|action_pos_order_cancel
02 OTHER.zip,pos_blackbox_be,02 OTHER/pos_blackbox_be/models/pos_order.py,PosOrderLine,pos.order.line,pos_order_line,5,1,_compute_plu_line
02 OTHER.zip,pos_blackbox_be,02 OTHER/pos_blackbox_be/models/pos_blackbox_log.py,PosBlackboxBeLog,pos_blackbox_be.log,pos_blackbox_be_log,1,1,create
02 OTHER.zip,mass_mailing_event_sms,02 OTHER/mass_mailing_event_sms/models/event.py,EventEvent,event.event,event_event,0,2,action_mass_mailing_attendees|action_invite_contacts
02 OTHER.zip,cloud_storage,02 OTHER/cloud_storage/models/res_config_settings.py,ResConfigSettings,res.config.settings,res_config_settings,1,1,_check_cloud_storage_uninstallable
02 OTHER.zip,l10n_es_edi_tbai,02 OTHER/l10n_es_edi_tbai/models/l10n_es_edi_tbai_document.py,L10n_Es_Edi_TbaiDocument,l10n_es_edi_tbai.document,l10n_es_edi_tbai_document,10,1,_check_can_post
02 OTHER.zip,l10n_es_edi_tbai,02 OTHER/l10n_es_edi_tbai/models/account_move.py,AccountMove,account.move,account_move,3,4,_compute_l10n_es_tbai_state|_compute_l10n_es_tbai_is_required|_compute_show_reset_to_draft_button|button_draft
02 OTHER.zip,l10n_es_edi_tbai,02 OTHER/l10n_es_edi_tbai/models/account_move_send.py,AccountMoveSend,account.move.send,account_move_send,1,0,
02 OTHER.zip,l10n_es_edi_tbai,02 OTHER/l10n_es_edi_tbai/models/res_company.py,ResCompany,res.company,res_company,3,3,_compute_l10n_es_tbai_is_enabled|_compute_l10n_es_tbai_certificate|_compute_l10n_es_tbai_license_html
02 OTHER.zip,l10n_es_edi_tbai,02 OTHER/l10n_es_edi_tbai/wizards/account_move_reversal.py,AccountMoveReversal,account.move.reversal,account_move_reversal,1,1,_compute_l10n_es_tbai_is_required
02 OTHER.zip,spreadsheet_dashboard,02 OTHER/spreadsheet_dashboard/models/spreadsheet_dashboard.py,SpreadsheetDashboard,spreadsheet.dashboard,spreadsheet_dashboard,2,2,_compute_is_favorite|action_toggle_favorite
02 OTHER.zip,spreadsheet_dashboard,02 OTHER/spreadsheet_dashboard/models/spreadsheet_dashboard_share.py,SpreadsheetDashboardShare,spreadsheet.dashboard.share,spreadsheet_dashboard_share,2,4,_compute_full_url|action_get_share_url|_check_token|_check_dashboard_access
02 OTHER.zip,l10n_in,02 OTHER/l10n_in/demo/account_demo.py,AccountChartTemplate,account.chart.template,account_chart_template,7,0,
02 OTHER.zip,l10n_in,02 OTHER/l10n_in/wizard/l10n_in_withhold_wizard.py,L10n_InWithholdWizard,l10n_in.withhold.wizard,l10n_in_withhold_wizard,11,11,_check_amounts|_compute_l10n_in_tds_tax_type|_compute_tds_deduction|_compute_type_name|_compute_company_id|_compute_journal|_compute_l10n_in_withholding_warning|_compute_tax_id|_compute_base|_compute_amount|action_create_and_post_withhold
02 OTHER.zip,l10n_in,02 OTHER/l10n_in/models/account_tax.py,AccountTax,account.tax,account_tax,2,1,_compute_l10n_in_gst_tax_type
02 OTHER.zip,l10n_in,02 OTHER/l10n_in/models/company.py,ResCompany,res.company,res_company,4,8,_inverse_l10n_in_tds_feature|_inverse_l10n_in_tcs_feature|_inverse_l10n_in_is_gst_registered|_compute_l10n_in_parent_based_features|_compute_l10n_in_hsn_code_digit|create|write|action_update_state_as_per_gstin
02 OTHER.zip,l10n_in,02 OTHER/l10n_in/models/l10n_in_pan_entity.py,L10nInPanEntity,l10n_in.pan.entity,l10n_in_pan_entity,3,4,_check_pan_name|create|write|_compute_type
02 OTHER.zip,l10n_in,02 OTHER/l10n_in/models/l10n_in_section_alert.py,L10n_InSectionAlert,l10n_in.section.alert,l10n_in_section_alert,1,1,_compute_display_name
02 OTHER.zip,l10n_in,02 OTHER/l10n_in/models/account_journal.py,AccountJournal,account.journal,account_journal,0,2,_compute_inbound_payment_method_line_ids|_compute_outbound_payment_method_line_ids
02 OTHER.zip,l10n_in,02 OTHER/l10n_in/models/account_move_line.py,AccountMoveLine,account.move.line,account_move_line,2,2,_compute_l10n_in_withhold_tax_amount|_compute_l10n_in_hsn_code
02 OTHER.zip,l10n_in,02 OTHER/l10n_in/models/product_template.py,ProductTemplate,product.template,product_template,3,2,_compute_l10n_in_is_gst_registered_enabled|_compute_l10n_in_hsn_warning
02 OTHER.zip,l10n_in,02 OTHER/l10n_in/models/account_account.py,AccountAccount,account.account,account_account,1,1,_compute_tds_tcs_features
02 OTHER.zip,l10n_in,02 OTHER/l10n_in/models/account_invoice.py,AccountMove,account.move,account_move,15,12,_compute_l10n_in_gst_treatment|_compute_l10n_in_state_id|_compute_fiscal_position_id|_onchange_name_warning|_compute_l10n_in_warning|_compute_l10n_in_show_gstin_status|_compute_l10n_in_partner_gstin_status_and_date|_compute_l10n_in_withholding_line_ids|_compute_l10n_in_total_withholding_amount|_compute_l10n_in_display_higher_tcs_button|action_l10n_in_withholding_entries|action_l10n_in_apply_higher_tax
02 OTHER.zip,l10n_in,02 OTHER/l10n_in/models/account_payment.py,AccountPayment,account.payment,account_payment,0,2,_compute_l10n_in_total_withholding_amount|action_l10n_in_withholding_entries
02 OTHER.zip,l10n_in,02 OTHER/l10n_in/models/res_partner.py,ResPartner,res.partner,res_partner,8,8,_compute_l10n_in_gst_state_warning|_compute_display_pan_warning|_compute_l10n_in_gst_registered_and_status|_onchange_l10n_in_gst_status|create|write|action_l10n_in_verify_gstin_status|action_update_state_as_per_gstin
02 OTHER.zip,l10n_in,02 OTHER/l10n_in/models/iap_account.py,IapAccount,iap.account,iap_account,1,0,
02 OTHER.zip,l10n_cl_edi_stock,02 OTHER/l10n_cl_edi_stock/models/stock_picking.py,StockPicking,stock.picking,stock_picking,0,2,action_cancel|_compute_l10n_cl_is_return
02 OTHER.zip,l10n_jo_hr_payroll,02 OTHER/l10n_jo_hr_payroll/models/hr_version.py,HrVersion,hr.version,hr_version,1,0,
02 OTHER.zip,sale_edi_ubl,02 OTHER/sale_edi_ubl/models/sale_order.py,SaleOrder,sale.order,sale_order,1,0,
02 OTHER.zip,l10n_tr_nilvera_einvoice,02 OTHER/l10n_tr_nilvera_einvoice/models/account_move.py,AccountMove,account.move,account_move,1,1,button_draft
02 OTHER.zip,l10n_tr_nilvera_einvoice,02 OTHER/l10n_tr_nilvera_einvoice/models/account_move_send.py,AccountMoveSend,account.move.send,account_move_send,3,0,
02 OTHER.zip,l10n_tr_nilvera_einvoice,02 OTHER/l10n_tr_nilvera_einvoice/models/account_journal.py,AccountJournal,account.journal,account_journal,2,5,_compute_show_fetch_in_einvoices_button|_compute_show_refresh_out_einvoices_status_button|button_fetch_in_einvoices|button_refresh_out_einvoices_status|_check_api_key
02 OTHER.zip,l10n_tr_nilvera_einvoice,02 OTHER/l10n_tr_nilvera_einvoice/models/account_edi_xml_ubl_tr.py,AccountEdiXmlUblTr,account.edi.xml.ubl.tr,account_edi_xml_ubl_tr,1,0,
02 OTHER.zip,crm_livechat,02 OTHER/crm_livechat/models/discuss_channel.py,DiscussChannel,discuss.channel,discuss_channel,1,1,_compute_has_crm_lead
02 OTHER.zip,crm_livechat,02 OTHER/crm_livechat/models/chatbot_script.py,ChatbotScript,chatbot.script,chatbot_script,0,2,_compute_lead_count|action_view_leads
02 OTHER.zip,crm_livechat,02 OTHER/crm_livechat/models/chatbot_script_step.py,ChatbotScriptStep,chatbot.script.step,chatbot_script_step,0,1,_compute_is_forward_operator
02 OTHER.zip,crm_livechat,02 OTHER/crm_livechat/models/crm_lead.py,CrmLead,crm.lead,crm_lead,1,3,create|write|action_open_livechat
02 OTHER.zip,hr_recruitment_sms,02 OTHER/hr_recruitment_sms/models/hr_applicant.py,HrApplicant,hr.applicant,hr_applicant,0,1,action_send_sms
02 OTHER.zip,hr_referral,02 OTHER/hr_referral/wizard/hr_referral_send_mail.py,HrReferralSendMail,hr.referral.send.mail,hr_referral_send_mail,2,2,_compute_url|_compute_body_html
02 OTHER.zip,hr_referral,02 OTHER/hr_referral/wizard/hr_referral_link_to_share.py,HrReferralLinkToShare,hr.referral.link.to.share,hr_referral_link_to_share,1,1,_compute_url
02 OTHER.zip,hr_referral,02 OTHER/hr_referral/wizard/hr_referral_send_sms.py,HrReferralSendSms,hr.referral.send.sms,hr_referral_send_sms,2,2,_compute_url|_compute_body_plaintext
02 OTHER.zip,hr_referral,02 OTHER/hr_referral/wizard/hr_referral_alert_mail_wizard.py,HrReferralAlertMailWizard,hr.referral.alert.mail.wizard,hr_referral_alert_mail_wizard,0,1,action_send
02 OTHER.zip,hr_referral,02 OTHER/hr_referral/wizard/hr_referral_campaign_wizard.py,HrReferralCampaignWizard,hr.referral.campaign.wizard,hr_referral_campaign_wizard,3,3,_compute_mail_body|_compute_mail_subject|action_send
02 OTHER.zip,hr_referral,02 OTHER/hr_referral/wizard/applicant_refuse_reason.py,ApplicantGetRefuseReason,applicant.get.refuse.reason,applicant_get_refuse_reason,0,1,action_refuse_reason_apply
02 OTHER.zip,hr_referral,02 OTHER/hr_referral/models/hr_referral_points.py,HrReferralPoints,hr.referral.points,hr_referral_points,1,1,_compute_display_name
02 OTHER.zip,hr_referral,02 OTHER/hr_referral/models/hr_referral_alert.py,HrReferralAlert,hr.referral.alert,hr_referral_alert,0,2,action_dismiss|write
02 OTHER.zip,hr_referral,02 OTHER/hr_referral/models/hr_job.py,HrJob,hr.job,hr_job,0,4,_compute_clicks|_compute_max_points|action_share_external|action_referral_campaign
02 OTHER.zip,hr_referral,02 OTHER/hr_referral/models/res_company.py,ResCompany,res.company,res_company,0,1,write
02 OTHER.zip,hr_referral,02 OTHER/hr_referral/models/res_users.py,ResUsers,res.users,res_users,1,1,action_complete_onboarding
02 OTHER.zip,hr_referral,02 OTHER/hr_referral/models/hr_applicant.py,HrApplicant,hr.applicant,hr_applicant,10,8,_compute_is_accessible_to_current_user|_compute_ref_user_id|_compute_source_id|_check_field_access|_compute_shared_item_infos|_compute_earned_points|write|create
02 OTHER.zip,hr_referral,02 OTHER/hr_referral/models/hr_referral_reward.py,HrReferralReward,hr.referral.reward,hr_referral_reward,2,7,_compute_awarded_employees|_compute_points_missing|_compute_is_gift_manager|action_get_employee_awarded|create|write|action_open_buy_view
02 OTHER.zip,hr_referral,02 OTHER/hr_referral/models/hr_referral_onboarding.py,HrReferralOnboarding,hr.referral.onboarding,hr_referral_onboarding,0,1,action_relaunch_onboarding
02 OTHER.zip,hr_skills,02 OTHER/hr_skills/wizard/hr_employee_cv_wizard.py,HrEmployeeCvWizard,hr.employee.cv.wizard,hr_employee_cv_wizard,1,2,_compute_can_show_others|action_validate
02 OTHER.zip,hr_skills,02 OTHER/hr_skills/models/hr_skill_type.py,HrSkillType,hr.skill.type,hr_skill_type,3,4,_check_no_null_skill_or_skill_level|_compute_display_name|_compute_levels_count|_onchange_skill_level_ids
02 OTHER.zip,hr_skills,02 OTHER/hr_skills/models/hr_individual_skill_mixin.py,HrIndividualSkillMixin,hr.individual.skill.mixin,hr_individual_skill_mixin,9,10,_check_not_overlapping_regular_skill|_check_date|_check_skill_type|_check_skill_level|_compute_certification_skill_type_count|_onchange_is_certification|_compute_skill_id|_compute_skill_level_id|_compute_display_name|_onchange_valid_date
02 OTHER.zip,hr_skills,02 OTHER/hr_skills/models/hr_job.py,HrJob,hr.job,hr_job,3,4,_compute_current_job_skill_ids|_compute_skill_ids|create|write
02 OTHER.zip,hr_skills,02 OTHER/hr_skills/models/hr_resume_line.py,HrResumeLine,hr.resume.line,hr_resume_line,3,3,_onchange_external_url|_compute_external_url|_compute_color
02 OTHER.zip,hr_skills,02 OTHER/hr_skills/models/hr_employee.py,HrEmployee,hr.employee,hr_employee,6,6,_compute_current_employee_skill_ids|_compute_skill_ids|_compute_certification_ids|_compute_display_certification_page|create|write
02 OTHER.zip,hr_skills,02 OTHER/hr_skills/models/hr_skill.py,HrSkill,hr.skill,hr_skill,2,1,_compute_display_name
02 OTHER.zip,hr_skills,02 OTHER/hr_skills/models/hr_employee_skill.py,HrEmployeeSkill,hr.employee.skill,hr_employee_skill,0,1,action_save
02 OTHER.zip,hr_skills,02 OTHER/hr_skills/models/hr_skill_level.py,HrSkillLevel,hr.skill.level,hr_skill_level,1,3,_compute_technical_is_new_default|create|write
02 OTHER.zip,hr_skills,02 OTHER/hr_skills/report/hr_employee_skill_report.py,HrEmployeeSkillReport,hr.employee.skill.report,hr_employee_skill_report,1,0,
02 OTHER.zip,delivery_usps,02 OTHER/delivery_usps/models/delivery_usps.py,DeliveryCarrier,delivery.carrier,delivery_carrier,2,2,_compute_size_container|_compute_can_generate_return
02 OTHER.zip,sale_purchase_stock,02 OTHER/sale_purchase_stock/models/sale_order.py,SaleOrder,sale.order,sale_order,1,1,_compute_purchase_order_count
02 OTHER.zip,sale_purchase_stock,02 OTHER/sale_purchase_stock/models/purchase_order.py,PurchaseOrder,purchase.order,purchase_order,1,1,_compute_sale_order_count
02 OTHER.zip,sale_purchase_stock,02 OTHER/sale_purchase_stock/models/purchase_order.py,PurchaseOrderLine,purchase.order.line,purchase_order_line,1,0,
02 OTHER.zip,hr_holidays_gantt,02 OTHER/hr_holidays_gantt/models/hr_leave.py,HrLeave,hr.leave,hr_leave,2,0,
02 OTHER.zip,hr_holidays_gantt,02 OTHER/hr_holidays_gantt/report/hr_leave_report_calendar.py,HrLeaveReportCalendar,hr.leave.report.calendar,hr_leave_report_calendar,1,0,
02 OTHER.zip,stock_landed_costs,02 OTHER/stock_landed_costs/models/account_move.py,AccountMove,account.move,account_move,1,3,_compute_landed_costs_visible|button_create_landed_costs|action_view_landed_costs
02 OTHER.zip,stock_landed_costs,02 OTHER/stock_landed_costs/models/account_move.py,AccountMoveLine,account.move.line,account_move_line,2,2,_onchange_product_id_landed_costs|_onchange_is_landed_costs_line
02 OTHER.zip,stock_landed_costs,02 OTHER/stock_landed_costs/models/product.py,ProductTemplate,product.template,product_template,0,1,write
02 OTHER.zip,stock_landed_costs,02 OTHER/stock_landed_costs/models/stock_landed_cost.py,StockLandedCost,stock.landed.cost,stock_landed_cost,3,8,_compute_total_amount|_onchange_target_model|create|unlink|button_cancel|button_validate|_check_can_validate|_check_sum
02 OTHER.zip,stock_landed_costs,02 OTHER/stock_landed_costs/models/stock_landed_cost.py,StockLandedCostLines,stock.landed.cost.lines,stock_landed_cost_lines,1,0,
02 OTHER.zip,stock_landed_costs,02 OTHER/stock_landed_costs/models/stock_landed_cost.py,StockValuationAdjustmentLines,stock.valuation.adjustment.lines,stock_valuation_adjustment_lines,2,2,_compute_name|_compute_final_cost
02 OTHER.zip,utm,02 OTHER/utm/models/utm_medium.py,UtmMedium,utm.medium,utm_medium,1,1,create
02 OTHER.zip,utm,02 OTHER/utm/models/utm_mixin.py,UtmMixin,utm.mixin,utm_mixin,3,0,
02 OTHER.zip,utm,02 OTHER/utm/models/utm_source.py,UtmSource,utm.source,utm_source,1,1,create
02 OTHER.zip,utm,02 OTHER/utm/models/utm_source.py,UtmSourceMixin,utm.source.mixin,utm_source_mixin,2,2,create|write
02 OTHER.zip,utm,02 OTHER/utm/models/utm_campaign.py,UtmCampaign,utm.campaign,utm_campaign,3,2,_compute_name|create
02 OTHER.zip,test_import_export,02 OTHER/test_import_export/models/models_import.py,PathToProperty,,,1,1,_compute_all_import_properties
02 OTHER.zip,test_import_export,02 OTHER/test_import_export/models/models_export_impex.py,ExportOne2manyMultipleChild,export.one2many.multiple.child,export_one2many_multiple_child,0,1,_compute_display_name
02 OTHER.zip,test_import_export,02 OTHER/test_import_export/models/models_export_impex.py,WithNonDemoConstraint,export.with.non.demo.constraint,export_with_non_demo_constraint,1,1,_check_name_starts_with_uppercase_except_demo_data
02 OTHER.zip,sale_shopee,02 OTHER/sale_shopee/models/shopee_item.py,ShopeeItem,shopee.item,shopee_item,0,1,action_sync_inventory
02 OTHER.zip,sale_shopee,02 OTHER/sale_shopee/models/shopee_shop.py,ShopeeShop,shopee.shop,shopee_shop,3,12,_compute_order_count|_compute_shopee_item_count|_compute_authorization_remaining_days|create|write|action_sync_orders|action_sync_pickings|action_sync_inventory|action_force_update_shop|action_view_orders|action_view_shopee_items|action_archive
02 OTHER.zip,sale_shopee,02 OTHER/sale_shopee/models/product_product.py,ProductProduct,product.product,product_product,1,0,
02 OTHER.zip,sale_shopee,02 OTHER/sale_shopee/models/stock_move.py,StockMove,stock.move,stock_move,1,1,_compute_reference
02 OTHER.zip,sale_shopee,02 OTHER/sale_shopee/models/stock_picking.py,StockPicking,stock.picking,stock_picking,0,1,action_shopee_sync_pickings
02 OTHER.zip,sale_shopee,02 OTHER/sale_shopee/models/shopee_account.py,ShopeeAccount,shopee.account,shopee_account,3,6,_compute_shop_count|_onchange_api_endpoint|create|write|action_view_shops|action_open_auth_link
02 OTHER.zip,purchase_accountant,02 OTHER/purchase_accountant/models/purchase_order_line.py,PurchaseOrderLine,purchase.order.line,purchase_order_line,4,0,
02 OTHER.zip,base_setup,02 OTHER/base_setup/models/kpi_provider.py,KpiProvider,kpi.provider,kpi_provider,1,0,
02 OTHER.zip,base_setup,02 OTHER/base_setup/models/res_users.py,ResUsers,res.users,res_users,1,0,
02 OTHER.zip,base_setup,02 OTHER/base_setup/models/res_config_settings.py,ResConfigSettings,res.config.settings,res_config_settings,6,5,_compute_company_count|_compute_active_user_count|_compute_language_count|_compute_company_informations|_compute_is_root_company
02 OTHER.zip,helpdesk_sms,02 OTHER/helpdesk_sms/models/helpdesk_ticket.py,HelpdeskTicket,helpdesk.ticket,helpdesk_ticket,1,2,create|write
02 OTHER.zip,website_product_barcodelookup,02 OTHER/website_product_barcodelookup/models/product_template.py,ProductTemplate,product.template,product_template,1,0,
02 OTHER.zip,l10n_mx_edi_extended,02 OTHER/l10n_mx_edi_extended/models/account_move.py,AccountMove,account.move,account_move,2,2,_compute_l10n_mx_edi_external_trade|_compute_l10n_mx_edi_external_trade_type
02 OTHER.zip,l10n_mx_edi_extended,02 OTHER/l10n_mx_edi_extended/models/account_move.py,AccountMoveLine,account.move.line,account_move_line,3,3,_compute_l10n_mx_edi_qty_umt|_compute_l10n_mx_edi_price_unit_umt|_check_l10n_mx_edi_customs_number
02 OTHER.zip,l10n_mx_edi_extended,02 OTHER/l10n_mx_edi_extended/models/l10n_mx_edi_tariff_fraction.py,L10n_Mx_EdiTariffFraction,l10n_mx_edi.tariff.fraction,l10n_mx_edi_tariff_fraction,1,1,_compute_display_name
02 OTHER.zip,l10n_mx_edi_extended,02 OTHER/l10n_mx_edi_extended/models/res_company.py,ResCompany,res.company,res_company,0,6,_compute_l10n_mx_edi_locality|_inverse_l10n_mx_edi_locality|_compute_l10n_mx_edi_colony|_inverse_l10n_mx_edi_colony|_compute_l10n_mx_edi_colony_code|_inverse_l10n_mx_edi_colony_code
02 OTHER.zip,l10n_mx_edi_extended,02 OTHER/l10n_mx_edi_extended/models/res_partner.py,ResPartner,res.partner,res_partner,2,1,_compute_l10n_mx_edi_locality
02 OTHER.zip,l10n_mx_edi_extended,02 OTHER/l10n_mx_edi_extended/models/l10n_mx_edi_document.py,L10n_Mx_EdiDocument,l10n_mx_edi.document,l10n_mx_edi_document,1,0,
02 OTHER.zip,pos_self_order_pine_labs,02 OTHER/pos_self_order_pine_labs/models/pos_payment_method.py,PosPaymentMethod,pos.payment.method,pos_payment_method,1,0,
02 OTHER.zip,l10n_ro_saft,02 OTHER/l10n_ro_saft/models/account_asset_category.py,L10n_Ro_SaftAccountAssetCategory,l10n_ro_saft.account.asset.category,l10n_ro_saft_account_asset_category,1,1,_compute_display_name
02 OTHER.zip,l10n_ro_saft,02 OTHER/l10n_ro_saft/models/account_general_ledger.py,AccountGeneralLedgerReportHandler,account.general.ledger.report.handler,account_general_ledger_report_handler,26,0,
02 OTHER.zip,l10n_ro_saft,02 OTHER/l10n_ro_saft/models/l10n_ro_saft_tax_type.py,L10n_Ro_SaftTaxType,l10n_ro_saft.tax.type,l10n_ro_saft_tax_type,1,1,_compute_display_name
02 OTHER.zip,l10n_ro_saft,02 OTHER/l10n_ro_saft/models/account_asset.py,AccountAsset,account.asset,account_asset,1,1,_compute_l10n_ro_saft_account_asset_category_warning
02 OTHER.zip,auth_totp,02 OTHER/auth_totp/wizard/auth_totp_wizard.py,Auth_TotpWizard,auth_totp.wizard,auth_totp_wizard,1,1,_compute_qrcode
02 OTHER.zip,auth_totp,02 OTHER/auth_totp/models/auth_totp.py,Auth_TotpDevice,auth_totp.device,auth_totp_device,0,1,_check_credentials_for_uid
02 OTHER.zip,auth_totp,02 OTHER/auth_totp/models/res_users.py,ResUsers,res.users,res_users,2,6,_compute_totp_enabled|_check_credentials|action_totp_disable|action_totp_enable_wizard|_compute_totp_secret|_inverse_token
02 OTHER.zip,partner_commission,02 OTHER/partner_commission/models/account_move.py,AccountMove,account.move,account_move,0,1,button_draft
02 OTHER.zip,partner_commission,02 OTHER/partner_commission/models/commission_plan.py,CommissionRule,commission.rule,commission_rule,2,2,_check_product_category|_onchange_is_capped
02 OTHER.zip,partner_commission,02 OTHER/partner_commission/models/sale_order.py,SaleOrder,sale.order,sale_order,2,2,_compute_commission|_compute_commission_plan
02 OTHER.zip,partner_commission,02 OTHER/partner_commission/models/purchase_order.py,PurchaseOrder,purchase.order,purchase_order,1,2,_compute_source_invoice_count|action_view_customer_invoices
02 OTHER.zip,partner_commission,02 OTHER/partner_commission/models/crm_lead.py,CrmLead,crm.lead,crm_lead,0,1,action_new_quotation
02 OTHER.zip,partner_commission,02 OTHER/partner_commission/models/res_partner.py,ResPartner,res.partner,res_partner,2,1,_onchange_grade_id
02 OTHER.zip,website_sale_dashboard,02 OTHER/website_sale_dashboard/models/digest.py,DigestDigest,digest.digest,digest_digest,0,1,_compute_kpis_actions
02 OTHER.zip,website_sale_dashboard,02 OTHER/website_sale_dashboard/models/website.py,Website,website,website,1,1,action_dashboard_redirect
02 OTHER.zip,stock_barcode,02 OTHER/stock_barcode/tests/test_barcode_client_action_inventory.py,TestInventoryAdjustmentBarcodeClientAction,,,1,0,
02 OTHER.zip,stock_barcode,02 OTHER/stock_barcode/tests/test_barcode_client_action_picking.py,TestPickingBarcodeClientAction,,,1,0,
02 OTHER.zip,stock_barcode,02 OTHER/stock_barcode/wizard/stock_backorder_confirmation.py,StockBackorderConfirmation,stock.backorder.confirmation,stock_backorder_confirmation,1,1,_compute_not_fully_processed_move_count
02 OTHER.zip,stock_barcode,02 OTHER/stock_barcode/wizard/stock_barcode_cancel_operation.py,Stock_BarcodeCancelOperation,stock_barcode.cancel.operation,stock_barcode_cancel_operation,0,1,action_cancel_operation
02 OTHER.zip,stock_barcode,02 OTHER/stock_barcode/models/stock_location.py,StockLocation,stock.location,stock_location,3,1,_compute_barcode_img
02 OTHER.zip,stock_barcode,02 OTHER/stock_barcode/models/stock_package.py,StockPackage,stock.package,stock_package,4,1,action_create_from_barcode
02 OTHER.zip,stock_barcode,02 OTHER/stock_barcode/models/stock_move_line.py,StockMoveLine,stock.move.line,stock_move_line,6,13,_compute_outermost_result_package_id|_compute_hide_lot_name|_compute_parent_location_id|_compute_product_stock_quant_ids|_compute_dummy_id|_compute_qty_done|_compute_product_barcode|_inverse_dummy_id|_inverse_outermost_result_package_id|_inverse_qty_done|create|_compute_electronic_product_code
02 OTHER.zip,stock_barcode,02 OTHER/stock_barcode/models/stock_quant.py,StockQuant,stock.quant,stock_quant,2,5,_compute_dummy_id|_inverse_dummy_id|_compute_display_name|action_validate|action_client_action
02 OTHER.zip,stock_barcode,02 OTHER/stock_barcode/models/product_uom.py,ProductUom,product.uom,product_uom,1,0,
02 OTHER.zip,stock_barcode,02 OTHER/stock_barcode/models/product_product.py,ProductProduct,product.product,product_product,3,1,_compute_has_image
02 OTHER.zip,stock_barcode,02 OTHER/stock_barcode/models/stock_picking_type.py,StockPickingType,stock.picking.type,stock_picking_type,3,3,_compute_show_barcode_validation|_compute_is_barcode_picking_type|_check_restrinct_scan_locations
02 OTHER.zip,stock_barcode,02 OTHER/stock_barcode/models/stock_picking.py,StockPicking,stock.picking,stock_picking,3,8,action_cancel_from_barcode|action_open_new_picking|action_open_picking|action_open_picking_client_action|action_create_return_picking|action_print_barcode|action_print_delivery_slip|action_print_packges
02 OTHER.zip,stock_barcode,02 OTHER/stock_barcode/models/uom_uom.py,UomUom,uom.uom,uom_uom,1,0,
02 OTHER.zip,stock_barcode,02 OTHER/stock_barcode/models/res_config_settings.py,ResConfigSettings,res.config.settings,res_config_settings,2,2,_compute_show_barcode_nomenclature|_compute_stock_barcode_demo_active
02 OTHER.zip,stock_barcode,02 OTHER/stock_barcode/models/stock_package_type.py,StockPackageType,stock.package.type,stock_package_type,1,0,
02 OTHER.zip,stock_barcode,02 OTHER/stock_barcode/models/res_partner.py,ResPartner,res.partner,res_partner,1,0,
02 OTHER.zip,stock_barcode,02 OTHER/stock_barcode/models/stock_lot.py,StockLot,stock.lot,stock_lot,2,0,
02 OTHER.zip,stock_barcode,02 OTHER/stock_barcode/controllers/stock_barcode.py,StockBarcodeController,,,10,0,
02 OTHER.zip,l10n_eu_oss_reports,02 OTHER/l10n_eu_oss_reports/models/account_generic_tax_report.py,L10n_Eu_OssTaxReportHandler,l10n_eu_oss.tax.report.handler,l10n_eu_oss_tax_report_handler,1,0,
02 OTHER.zip,l10n_eu_oss_reports,02 OTHER/l10n_eu_oss_reports/models/account_generic_tax_report.py,L10n_Eu_OssSalesTaxReportHandler,l10n_eu_oss.sales.tax.report.handler,l10n_eu_oss_sales_tax_report_handler,1,0,
02 OTHER.zip,l10n_eu_oss_reports,02 OTHER/l10n_eu_oss_reports/models/account_generic_tax_report.py,L10n_Eu_OssImportsTaxReportHandler,l10n_eu_oss.imports.tax.report.handler,l10n_eu_oss_imports_tax_report_handler,1,0,
02 OTHER.zip,l10n_eu_oss_reports,02 OTHER/l10n_eu_oss_reports/models/account_return.py,AccountReturnType,account.return.type,account_return_type,1,0,
02 OTHER.zip,l10n_eu_oss_reports,02 OTHER/l10n_eu_oss_reports/models/account_return.py,AccountReturn,account.return,account_return,0,2,action_submit|_check_suite_oss_sales
02 OTHER.zip,appointment,02 OTHER/appointment/models/templates/appointment_type.py,AppointmentType,appointment.type,appointment_type,6,1,action_setup_appointment_type_template
02 OTHER.zip,mail,02 OTHER/mail/models/discuss/discuss_channel.py,DiscussChannel,discuss.channel,discuss_channel,28,19,_compute_display_name|_compute_channel_name_member_ids|_compute_is_editable|_compute_avatar_128|_compute_avatar_cache_key|_compute_channel_partner_ids|_inverse_channel_partner_ids|_compute_is_member|_compute_self_member_id|_compute_invited_member_ids|_compute_member_count|_compute_message_count
02 OTHER.zip,mail,02 OTHER/mail/models/discuss/mail_guest.py,MailGuest,mail.guest,mail_guest,2,1,_compute_im_status
02 OTHER.zip,mail,02 OTHER/mail/models/discuss/discuss_call_history.py,DiscussCallHistory,discuss.call.history,discuss_call_history,1,1,_compute_duration_hour
02 OTHER.zip,mail,02 OTHER/mail/models/discuss/discuss_channel_member.py,DiscussChannelMember,discuss.channel.member,discuss_channel_member,8,7,_compute_is_self|_compute_message_unread|_compute_display_name|_compute_is_pinned|create|write|unlink
02 OTHER.zip,mail,02 OTHER/mail/models/discuss/discuss_channel_rtc_session.py,DiscussChannelRtcSession,discuss.channel.rtc.session,discuss_channel_rtc_session,2,3,create|unlink|action_disconnect
02 OTHER.zip,mail,02 OTHER/mail/models/discuss/res_groups.py,ResGroups,res.groups,res_groups,0,1,write
02 OTHER.zip,mail,02 OTHER/mail/models/discuss/res_users.py,ResUsers,res.users,res_users,1,3,create|write|unlink
02 OTHER.zip,mail,02 OTHER/mail/models/discuss/mail_message.py,MailMessage,mail.message,mail_message,1,1,_compute_channel_id
02 OTHER.zip,mail,02 OTHER/mail/models/discuss/res_partner.py,ResPartner,res.partner,res_partner,4,1,_compute_is_in_call
02 OTHER.zip,iot,02 OTHER/iot/iot_handlers/drivers/IngenicoDriver.py,IngenicoDriver,,,0,1,_action_default
02 OTHER.zip,appointment_account_payment,02 OTHER/appointment_account_payment/models/templates/appointment_type.py,AppointmentType,appointment.type,appointment_type,4,0,
02 OTHER.zip,survey_crm,02 OTHER/survey_crm/models/templates/survey_survey.py,SurveySurvey,survey.survey,survey_survey,2,0,
02 OTHER.zip,survey,02 OTHER/survey/models/templates/survey_survey.py,SurveySurvey,survey.survey,survey_survey,6,3,action_load_survey_template_sample|action_load_sample_custom|action_show_sample
02 OTHER.zip,base,02 OTHER/base/tests/test_install_addons/test_install_auto/models/res_currency.py,ResCurrency,res.currency,res_currency,1,0,
