table,index,method,expression,is_unique
Products,Products_stock_move_line_id_stock_package_destination_id_idx,btree,"stock_move_line_id, stock_package_destination_id",unknown
account_account,account_account__account_type_index,btree,account_type,unknown
account_account,account_account__code_store_index,btree,((code_store IS NOT NULL))) WHERE (code_store IS NOT NULL,unknown
account_account,account_account__fiscal_category_id_index,btree,fiscal_category_id) WHERE (fiscal_category_id IS NOT NULL,unknown
account_account,account_account__name_index,gin,"((jsonb_path_query_array(name, '$.*'::jsonpath))::text) public.gin_trgm_ops",unknown
account_account_account_asset_rel,account_account_account_asset_account_asset_id_account_acco_idx,btree,"account_asset_id, account_account_id",unknown
account_account_account_auto_reconcile_wizard_rel,account_account_account_auto__account_account_id_account_au_idx,btree,"account_account_id, account_auto_reconcile_wizard_id",unknown
account_account_account_import_summary_rel,account_account_account_impor_account_account_id_account_im_idx,btree,"account_account_id, account_import_summary_id",unknown
account_account_account_merge_wizard_rel,account_account_account_merge_account_account_id_account_me_idx,btree,"account_account_id, account_merge_wizard_id",unknown
account_account_account_tag,account_account_account_tag_account_account_tag_id_account__idx,btree,"account_account_tag_id, account_account_id",unknown
account_account_create_withholding_tax_cert_rel,account_account_create_withho_account_account_id_create_wit_idx,btree,"account_account_id, create_withholding_tax_cert_id",unknown
account_account_exclude_res_currency_provision,account_account_exclude_res_c_res_currency_id_account_accou_idx,btree,"res_currency_id, account_account_id",unknown
account_account_fiscal_rate,account_account_fiscal_rate__related_account_id_index,btree,related_account_id,unknown
account_account_res_company_rel,account_account_res_company_r_res_company_id_account_accoun_idx,btree,"res_company_id, account_account_id",unknown
account_account_tag_account_move_line_rel,account_account_tag_account_m_account_account_tag_id_accoun_idx,btree,"account_account_tag_id, account_move_line_id",unknown
account_account_tag_account_tax_repartition_line_rel,account_account_tag_account_t_account_account_tag_id_accoun_idx,btree,"account_account_tag_id, account_tax_repartition_line_id",unknown
account_account_tag_account_withholding_tax_rel,account_account_tag_account_w_account_account_tag_id_accoun_idx,btree,"account_account_tag_id, account_withholding_tax_id",unknown
account_account_tag_product_template_rel,account_account_tag_product_t_account_account_tag_id_produc_idx,btree,"account_account_tag_id, product_template_id",unknown
account_account_tax_default_rel,account_account_tax_default_rel_tax_id_account_id_idx,btree,"tax_id, account_id",unknown
account_analytic_account,account_analytic_account__code_index,btree,code,unknown
account_analytic_account,account_analytic_account__name_index,gin,"((jsonb_path_query_array(name, '$.*'::jsonpath))::text) public.gin_trgm_ops",unknown
account_analytic_account,account_analytic_account__partner_id_index,btree,partner_id) WHERE (partner_id IS NOT NULL,unknown
account_analytic_account,account_analytic_account__plan_id_index,btree,plan_id,unknown
account_analytic_account_mrp_bom_rel,account_analytic_account_mrp__mrp_bom_id_account_analytic_a_idx,btree,"mrp_bom_id, account_analytic_account_id",unknown
account_analytic_account_mrp_production_rel,account_analytic_account_mrp__mrp_production_id_account_ana_idx,btree,"mrp_production_id, account_analytic_account_id",unknown
account_analytic_account_mrp_workcenter_rel,account_analytic_account_mrp__mrp_workcenter_id_account_ana_idx,btree,"mrp_workcenter_id, account_analytic_account_id",unknown
account_analytic_applicability,account_analytic_applicability__analytic_plan_id_index,btree,analytic_plan_id) WHERE (analytic_plan_id IS NOT NULL,unknown
account_analytic_distribution_model,account_analytic_distribution_model_analytic_distribution_accou,gin,"regexp_split_to_array((jsonb_path_query_array(analytic_distribution, '$.keyvalue().""key""'::jsonpath))::text, '\D+'::text)",unknown
account_analytic_line,account_analytic_line__account_id_index,btree,account_id,unknown
account_analytic_line,account_analytic_line__date_index,btree,date,unknown
account_analytic_line,account_analytic_line__employee_id_index,btree,employee_id,unknown
account_analytic_line,account_analytic_line__global_leave_id_index,btree,global_leave_id) WHERE (global_leave_id IS NOT NULL,unknown
account_analytic_line,account_analytic_line__holiday_id_index,btree,holiday_id) WHERE (holiday_id IS NOT NULL,unknown
account_analytic_line,account_analytic_line__move_line_id_index,btree,move_line_id,unknown
account_analytic_line,account_analytic_line__order_id_index,btree,order_id,unknown
account_analytic_line,account_analytic_line__parent_task_id_index,btree,parent_task_id) WHERE (parent_task_id IS NOT NULL,unknown
account_analytic_line,account_analytic_line__project_id_index,btree,project_id,unknown
account_analytic_line,account_analytic_line__so_line_index,btree,so_line) WHERE (so_line IS NOT NULL,unknown
account_analytic_line,account_analytic_line__task_id_index,btree,task_id) WHERE (task_id IS NOT NULL,unknown
account_analytic_line,account_analytic_line__timesheet_invoice_id_index,btree,timesheet_invoice_id) WHERE (timesheet_invoice_id IS NOT NULL,unknown
account_analytic_line,account_analytic_line__user_id_index,btree,user_id,unknown
account_analytic_line_hr_timesheet_merge_wizard_rel,account_analytic_line_hr_time_account_analytic_line_id_hr_t_idx,btree,"account_analytic_line_id, hr_timesheet_merge_wizard_id",unknown
account_analytic_line_mrp_workorder_rel,account_analytic_line_mrp_wor_account_analytic_line_id_mrp__idx,btree,"account_analytic_line_id, mrp_workorder_id",unknown
account_analytic_line_stock_move_rel,account_analytic_line_stock_m_account_analytic_line_id_stoc_idx,btree,"account_analytic_line_id, stock_move_id",unknown
account_analytic_line,account_analytic_line_timeoff_timesheet_idx,btree,task_id) WHERE (((global_leave_id IS NOT NULL) OR (holiday_id IS NOT NULL)) AND (project_id IS NOT NULL),unknown
account_analytic_plan,account_analytic_plan__default_applicability_index,btree,((default_applicability IS NOT NULL))) WHERE (default_applicability IS NOT NULL,unknown
account_analytic_plan,account_analytic_plan__parent_id_index,btree,parent_id) WHERE (parent_id IS NOT NULL,unknown
account_analytic_plan,account_analytic_plan__parent_path_index,btree,parent_path,unknown
account_asset,account_asset__asset_group_id_index,btree,asset_group_id,unknown
account_asset,account_asset__parent_id_index,btree,parent_id,unknown
account_asset,account_asset_analytic_distribution_accounts_gin_index,gin,"regexp_split_to_array((jsonb_path_query_array(analytic_distribution, '$.keyvalue().""key""'::jsonpath))::text, '\D+'::text)",unknown
account_asset_group,account_asset_group__name_index,gin,name public.gin_trgm_ops,unknown
account_asset_maintenance_equipment_category_rel,account_asset_maintenance_equ_account_asset_id_maintenance__idx,btree,"account_asset_id, maintenance_equipment_category_id",unknown
account_audit_account_status,account_audit_account_status__account_id_index,btree,account_id,unknown
account_audit_account_status,account_audit_account_status__audit_id_index,btree,audit_id,unknown
account_auto_reconcile_wizard_account_move_line_rel,account_auto_reconcile_wizard_account_move_line_id_account__idx,btree,"account_move_line_id, account_auto_reconcile_wizard_id",unknown
account_auto_reconcile_wizard_res_partner_rel,account_auto_reconcile_wizard_res_partner_id_account_auto_r_idx,btree,"res_partner_id, account_auto_reconcile_wizard_id",unknown
account_automatic_entry_wizard_account_move_line_rel,account_automatic_entry_wizar_account_move_line_id_account__idx,btree,"account_move_line_id, account_automatic_entry_wizard_id",unknown
account_bank_statement,account_bank_statement__date_index,btree,date,unknown
account_bank_statement,account_bank_statement__message_main_attachment_id_index,btree,message_main_attachment_id) WHERE (message_main_attachment_id IS NOT NULL,unknown
account_bank_statement,account_bank_statement_first_line_index_idx,btree,"journal_id, first_line_index",unknown
account_bank_statement_ir_attachment_rel,account_bank_statement_ir_att_ir_attachment_id_account_bank_idx,btree,"ir_attachment_id, account_bank_statement_id",unknown
account_bank_statement,account_bank_statement_journal_id_date_desc_id_desc_idx,btree,"journal_id, date DESC, id DESC",unknown
account_bank_statement_line,account_bank_statement_line__message_main_attachment_id_index,btree,message_main_attachment_id) WHERE (message_main_attachment_id IS NOT NULL,unknown
account_bank_statement_line,account_bank_statement_line__move_id_index,btree,move_id,unknown
account_bank_statement_line,account_bank_statement_line__partner_name_index,btree,partner_name) WHERE (partner_name IS NOT NULL,unknown
account_bank_statement_line,account_bank_statement_line__payment_ref_index,gin,payment_ref public.gin_trgm_ops,unknown
account_bank_statement_line,account_bank_statement_line__statement_id_index,btree,statement_id,unknown
account_bank_statement_line,account_bank_statement_line_main_idx,btree,"journal_id, company_id, internal_index",unknown
account_bank_statement_line,account_bank_statement_line_orphan_idx,btree,"journal_id, company_id, internal_index) WHERE (statement_id IS NULL",unknown
account_bank_statement_line,account_bank_statement_line_unreconciled_idx,btree,"journal_id, company_id, internal_index) WHERE (is_reconciled IS NOT TRUE",unknown
account_cash_rounding,account_cash_rounding__loss_account_id_index,btree,((loss_account_id IS NOT NULL))) WHERE (loss_account_id IS NOT NULL,unknown
account_cash_rounding,account_cash_rounding__profit_account_id_index,btree,((profit_account_id IS NOT NULL))) WHERE (profit_account_id IS NOT NULL,unknown
account_fiscal_position,account_fiscal_position__company_id_index,btree,company_id,unknown
account_fiscal_position_account_tax_rel,account_fiscal_position_accou_account_tax_id_account_fiscal_idx,btree,"account_tax_id, account_fiscal_position_id",unknown
account_fiscal_position_res_country_state_rel,account_fiscal_position_res_c_res_country_state_id_account__idx,btree,"res_country_state_id, account_fiscal_position_id",unknown
account_followup_followup_line_res_users_rel,account_followup_followup_lin_res_users_id_account_followup_idx,btree,"res_users_id, account_followup_followup_line_id",unknown
account_followup_manual_reminder_ir_attachment_rel,account_followup_manual_remin_ir_attachment_id_account_foll_idx,btree,"ir_attachment_id, account_followup_manual_reminder_id",unknown
account_group,account_group__parent_id_index,btree,parent_id,unknown
account_import_summary_account_journal_rel,account_import_summary_accoun_account_journal_id_account_im_idx,btree,"account_journal_id, account_import_summary_id",unknown
account_import_summary_account_move_rel,account_import_summary_accoun_account_move_id_account_impor_idx,btree,"account_move_id, account_import_summary_id",unknown
account_import_summary_account_tax_rel,account_import_summary_accoun_account_tax_id_account_import_idx,btree,"account_tax_id, account_import_summary_id",unknown
account_import_summary_res_partner_rel,account_import_summary_res_pa_res_partner_id_account_import_idx,btree,"res_partner_id, account_import_summary_id",unknown
account_invoice_transaction_rel,account_invoice_transaction_rel_transaction_id_invoice_id_idx,btree,"transaction_id, invoice_id",unknown
account_journal,account_journal__account_online_account_id_index,btree,account_online_account_id) WHERE (account_online_account_id IS NOT NULL,unknown
account_journal,account_journal__bank_account_id_index,btree,bank_account_id) WHERE (bank_account_id IS NOT NULL,unknown
account_journal,account_journal__company_id_index,btree,company_id,unknown
account_journal_account_journal_group_rel,account_journal_account_journ_account_journal_id_account_jo_idx,btree,"account_journal_id, account_journal_group_id",unknown
account_journal_account_reconcile_model_rel,account_journal_account_recon_account_journal_id_account_re_idx,btree,"account_journal_id, account_reconcile_model_id",unknown
account_loan,account_loan__asset_group_id_index,btree,asset_group_id,unknown
account_loan,account_loan__date_index,btree,date) WHERE (date IS NOT NULL,unknown
account_loan,account_loan__name_index,gin,name public.gin_trgm_ops,unknown
account_loan_line,account_loan_line__loan_id_index,btree,loan_id,unknown
account_lock_exception,account_lock_exception_company_id_end_datetime_idx,btree,"company_id, user_id, end_datetime) WHERE (active IS TRUE",unknown
account_move__account_payment,account_move__account_payment_payment_id_invoice_id_idx,btree,"payment_id, invoice_id",unknown
account_move,account_move__asset_id_index,btree,asset_id,unknown
account_move,account_move__auto_invoice_id_index,btree,auto_invoice_id) WHERE (auto_invoice_id IS NOT NULL,unknown
account_move,account_move__auto_post_origin_id_index,btree,auto_post_origin_id) WHERE (auto_post_origin_id IS NOT NULL,unknown
account_move,account_move__campaign_id_index,btree,campaign_id) WHERE (campaign_id IS NOT NULL,unknown
account_move,account_move__closing_return_id_index,btree,closing_return_id) WHERE (closing_return_id IS NOT NULL,unknown
account_move,account_move__company_id_index,btree,company_id,unknown
account_move,account_move__date_index,btree,date,unknown
account_move,account_move__generating_loan_line_id_index,btree,generating_loan_line_id,unknown
account_move,account_move__inalterable_hash_index,btree,inalterable_hash) WHERE (inalterable_hash IS NOT NULL,unknown
account_move,account_move__invoice_date_due_index,btree,invoice_date_due,unknown
account_move,account_move__invoice_date_index,btree,invoice_date,unknown
account_move,account_move__medium_id_index,btree,medium_id) WHERE (medium_id IS NOT NULL,unknown
account_move,account_move__message_main_attachment_id_index,btree,message_main_attachment_id) WHERE (message_main_attachment_id IS NOT NULL,unknown
account_move,account_move__move_type_index,btree,move_type,unknown
account_move,account_move__name_index,gin,name public.gin_trgm_ops,unknown
account_move,account_move__origin_payment_id_index,btree,origin_payment_id) WHERE (origin_payment_id IS NOT NULL,unknown
account_move,account_move__partner_bank_id_index,btree,partner_bank_id) WHERE (partner_bank_id IS NOT NULL,unknown
account_move,account_move__partner_id_index,btree,partner_id,unknown
account_move,account_move__payment_reference_index,gin,payment_reference public.gin_trgm_ops,unknown
account_move,account_move__ref_index,gin,ref public.gin_trgm_ops,unknown
account_move,account_move__reversed_entry_id_index,btree,reversed_entry_id) WHERE (reversed_entry_id IS NOT NULL,unknown
account_move,account_move__secure_sequence_number_index,btree,secure_sequence_number,unknown
account_move,account_move__source_id_index,btree,source_id) WHERE (source_id IS NOT NULL,unknown
account_move,account_move__statement_line_id_index,btree,statement_line_id) WHERE (statement_line_id IS NOT NULL,unknown
account_move,account_move__suspense_statement_line_id_index,btree,suspense_statement_line_id) WHERE (suspense_statement_line_id IS NOT NULL,unknown
account_move,account_move__tax_cash_basis_origin_move_id_index,btree,tax_cash_basis_origin_move_id) WHERE (tax_cash_basis_origin_move_id IS NOT NULL,unknown
account_move,account_move__tax_cash_basis_rec_id_index,btree,tax_cash_basis_rec_id) WHERE (tax_cash_basis_rec_id IS NOT NULL,unknown
account_move_account_move_send_batch_wizard_rel,account_move_account_move_sen_account_move_id_account_move__idx,btree,"account_move_id, account_move_send_batch_wizard_id",unknown
account_move_account_resequence_wizard_rel,account_move_account_resequen_account_move_id_account_reseq_idx,btree,"account_move_id, account_resequence_wizard_id",unknown
account_move_asset_modify_rel,account_move_asset_modify_rel_account_move_id_asset_modify__idx,btree,"account_move_id, asset_modify_id",unknown
account_move,account_move_checked_idx,btree,journal_id) WHERE (checked IS NOT TRUE,unknown
account_move_deferred_rel,account_move_deferred_rel_deferred_move_id_original_move_id_idx,btree,"deferred_move_id, original_move_id",unknown
account_move,account_move_duplicate_bills_idx,btree,"ref) WHERE ((move_type)::text = ANY (ARRAY[('in_invoice'::character varying)::text, ('in_refund'::character varying)::text])",unknown
account_move_helpdesk_ticket_rel,account_move_helpdesk_ticket__account_move_id_helpdesk_tick_idx,btree,"account_move_id, helpdesk_ticket_id",unknown
account_move,account_move_invoice_user_id_date_idx,btree,"invoice_user_id, date) WHERE ((move_type)::text = ANY (ARRAY[('out_invoice'::character varying)::text, ('out_refund'::character varying)::text])",unknown
account_move,account_move_journal_id_company_id_idx,btree,"journal_id, company_id, date",unknown
account_move_line,account_move_line__cogs_origin_id_index,btree,cogs_origin_id) WHERE (cogs_origin_id IS NOT NULL,unknown
account_move_line,account_move_line__company_id_index,btree,company_id,unknown
account_move_line,account_move_line__date_maturity_index,btree,date_maturity,unknown
account_move_line,account_move_line__deferred_end_date_index,btree,deferred_end_date) WHERE (deferred_end_date IS NOT NULL,unknown
account_move_line,account_move_line__deferred_start_date_index,btree,deferred_start_date) WHERE (deferred_start_date IS NOT NULL,unknown
account_move_line,account_move_line__esg_emission_factor_id_index,btree,esg_emission_factor_id) WHERE (esg_emission_factor_id IS NOT NULL,unknown
account_move_line,account_move_line__expense_id_index,btree,expense_id) WHERE (expense_id IS NOT NULL,unknown
account_move_line,account_move_line__full_reconcile_id_index,btree,full_reconcile_id) WHERE (full_reconcile_id IS NOT NULL,unknown
account_move_line,account_move_line__group_tax_id_index,btree,group_tax_id) WHERE (group_tax_id IS NOT NULL,unknown
account_move_line,account_move_line__journal_id_index,btree,journal_id,unknown
account_move_line,account_move_line__matching_number_index,btree,matching_number,unknown
account_move_line,account_move_line__move_id_index,btree,move_id,unknown
account_move_line,account_move_line__move_name_index,btree,move_name,unknown
account_move_line,account_move_line__payment_id_index,btree,payment_id) WHERE (payment_id IS NOT NULL,unknown
account_move_line,account_move_line__product_id_index,btree,product_id,unknown
account_move_line,account_move_line__purchase_line_id_index,btree,purchase_line_id) WHERE (purchase_line_id IS NOT NULL,unknown
account_move_line,account_move_line__ref_index,gin,ref public.gin_trgm_ops,unknown
account_move_line,account_move_line__sequence_no_index,btree,sequence_no,unknown
account_move_line,account_move_line__statement_id_index,btree,statement_id) WHERE (statement_id IS NOT NULL,unknown
account_move_line,account_move_line__statement_line_id_index,btree,statement_line_id) WHERE (statement_line_id IS NOT NULL,unknown
account_move_line,account_move_line__vehicle_id_index,btree,vehicle_id) WHERE (vehicle_id IS NOT NULL,unknown
account_move_line,account_move_line_account_id_date_idx,btree,"account_id, date",unknown
account_move_line_account_reconcile_wizard_rel,account_move_line_account_rec_account_move_line_id_account__idx,btree,"account_move_line_id, account_reconcile_wizard_id",unknown
account_move_line_account_tax_rel,account_move_line_account_tax_account_tax_id_account_move_l_idx,btree,"account_tax_id, account_move_line_id",unknown
account_move_line,account_move_line_analytic_distribution_accounts_gin_index,gin,"regexp_split_to_array((jsonb_path_query_array(analytic_distribution, '$.keyvalue().""key""'::jsonpath))::text, '\D+'::text)",unknown
account_move_line_asset_modify_rel,account_move_line_asset_modif_account_move_line_id_asset_mo_idx,btree,"account_move_line_id, asset_modify_id",unknown
account_move_line,account_move_line_date_name_id_idx,btree,"date DESC, move_name DESC, id",unknown
account_move_line,account_move_line_journal_id_neg_amnt_residual_idx,btree,journal_id) WHERE (amount_residual < (0)::numeric,unknown
account_move_line,account_move_line_partner_id_ref_idx,btree,"partner_id, ref",unknown
account_move_line,account_move_line_unreconciled_index,btree,"account_id, partner_id) WHERE (reconciled IS NOT TRUE",unknown
account_move,account_move_made_gaps,btree,"journal_id, state, payment_state, move_type, date) WHERE (made_sequence_gap IS TRUE",unknown
account_move,account_move_payment_idx,btree,"journal_id, state, payment_state, move_type, date",unknown
account_move_purchase_order_rel,account_move_purchase_order_r_account_move_id_purchase_orde_idx,btree,"account_move_id, purchase_order_id",unknown
account_move_reversal_move,account_move_reversal_move_move_id_reversal_id_idx,btree,"move_id, reversal_id",unknown
account_move_reversal_new_move,account_move_reversal_new_move_new_move_id_reversal_id_idx,btree,"new_move_id, reversal_id",unknown
account_move_send_wizard_res_partner_rel,account_move_send_wizard_res__res_partner_id_account_move_s_idx,btree,"res_partner_id, account_move_send_wizard_id",unknown
account_move,account_move_sequence_index,btree,"journal_id, sequence_prefix DESC, sequence_number DESC, name",unknown
account_move,account_move_sequence_index2,btree,"journal_id, id DESC, sequence_prefix",unknown
account_move,account_move_team_id_date_idx,btree,"team_id, date) WHERE ((move_type)::text = ANY (ARRAY[('out_invoice'::character varying)::text, ('out_refund'::character varying)::text])",unknown
account_move,account_move_unique_name,btree,"name, journal_id) WHERE (((state)::text = 'posted'::text) AND ((name)::text <> '/'::text)",unknown
account_move_validate_account_move_rel,account_move_validate_account_account_move_id_validate_acco_idx,btree,"account_move_id, validate_account_move_id",unknown
account_online_account,account_online_account__account_online_link_id_index,btree,account_online_link_id,unknown
account_partial_reconcile,account_partial_reconcile__credit_move_id_index,btree,credit_move_id,unknown
account_partial_reconcile,account_partial_reconcile__debit_move_id_index,btree,debit_move_id,unknown
account_partial_reconcile,account_partial_reconcile__exchange_move_id_index,btree,exchange_move_id) WHERE (exchange_move_id IS NOT NULL,unknown
account_partial_reconcile,account_partial_reconcile__full_reconcile_id_index,btree,full_reconcile_id) WHERE (full_reconcile_id IS NOT NULL,unknown
account_payment,account_payment__message_main_attachment_id_index,btree,message_main_attachment_id) WHERE (message_main_attachment_id IS NOT NULL,unknown
account_payment,account_payment__move_id_index,btree,move_id,unknown
account_payment,account_payment__outstanding_account_id_index,btree,outstanding_account_id) WHERE (outstanding_account_id IS NOT NULL,unknown
account_payment,account_payment__paired_internal_transfer_payment_id_index,btree,paired_internal_transfer_payment_id) WHERE (paired_internal_transfer_payment_id IS NOT NULL,unknown
account_payment,account_payment__source_payment_id_index,btree,source_payment_id) WHERE (source_payment_id IS NOT NULL,unknown
account_payment_account_bank_statement_line_rel,account_payment_account_bank__account_payment_id_account_ba_idx,btree,"account_payment_id, account_bank_statement_line_id",unknown
account_payment_deduction,account_payment_deduction_analytic_distribution_accounts_gin_in,gin,"regexp_split_to_array((jsonb_path_query_array(analytic_distribution, '$.keyvalue().""key""'::jsonpath))::text, '\D+'::text)",unknown
account_payment_dev_print_cheque_wizard_rel,account_payment_dev_print_che_account_payment_id_dev_print__idx,btree,"account_payment_id, dev_print_cheque_wizard_id",unknown
account_payment,account_payment_journal_id_company_id_idx,btree,"journal_id, company_id",unknown
account_payment_method_line,account_payment_method_line__journal_id_index,btree,journal_id) WHERE (journal_id IS NOT NULL,unknown
account_payment_method_line_res_company_rel,account_payment_method_line_r_account_payment_method_line_i_idx,btree,"account_payment_method_line_id, res_company_id",unknown
account_payment_register,account_payment_register_analytic_distribution_accounts_gin_ind,gin,"regexp_split_to_array((jsonb_path_query_array(analytic_distribution, '$.keyvalue().""key""'::jsonpath))::text, '\D+'::text)",unknown
account_payment_register_move_line_rel,account_payment_register_move_line_rel_line_id_wizard_id_idx,btree,"line_id, wizard_id",unknown
account_payment_term_line,account_payment_term_line__payment_id_index,btree,payment_id,unknown
account_payment,account_payment_unmatched_idx,btree,"journal_id, company_id) WHERE (is_matched IS NOT TRUE",unknown
account_reconcile_model_line_account_tax_rel,account_reconcile_model_line__account_tax_id_account_reconc_idx,btree,"account_tax_id, account_reconcile_model_line_id",unknown
account_reconcile_model_line,account_reconcile_model_line__model_id_index,btree,model_id) WHERE (model_id IS NOT NULL,unknown
account_reconcile_model_line,account_reconcile_model_line_analytic_distribution_accounts_gin,gin,"regexp_split_to_array((jsonb_path_query_array(analytic_distribution, '$.keyvalue().""key""'::jsonpath))::text, '\D+'::text)",unknown
account_reconcile_model_res_partner_rel,account_reconcile_model_res_p_res_partner_id_account_reconc_idx,btree,"res_partner_id, account_reconcile_model_id",unknown
account_report,account_report__root_report_id_index,btree,root_report_id) WHERE (root_report_id IS NOT NULL,unknown
account_report_account_report_horizontal_group_rel,account_report_account_report_account_report_horizontal_gro_idx,btree,"account_report_horizontal_group_id, account_report_id",unknown
account_report_budget_item,account_report_budget_item__account_id_index,btree,account_id,unknown
account_report_budget_item,account_report_budget_item__budget_id_index,btree,budget_id,unknown
account_report_column,account_report_column__report_id_index,btree,report_id) WHERE (report_id IS NOT NULL,unknown
account_report_expression,account_report_expression__report_line_id_index,btree,report_line_id,unknown
account_report_horizontal_group_rule,account_report_horizontal_group_rule__horizontal_group_id_index,btree,horizontal_group_id,unknown
account_report_line,account_report_line__parent_id_index,btree,parent_id) WHERE (parent_id IS NOT NULL,unknown
account_report_line,account_report_line__report_id_index,btree,report_id,unknown
account_report_section_rel,account_report_section_rel_sub_report_id_main_report_id_idx,btree,"sub_report_id, main_report_id",unknown
account_report_send_res_partner_rel,account_report_send_res_partn_res_partner_id_account_report_idx,btree,"res_partner_id, account_report_send_id",unknown
account_return,account_return__message_main_attachment_id_index,btree,message_main_attachment_id) WHERE (message_main_attachment_id IS NOT NULL,unknown
account_return_check,account_return_check__return_id_index,btree,return_id,unknown
account_return_check_ir_attachment_rel,account_return_check_ir_attac_ir_attachment_id_account_retu_idx,btree,"ir_attachment_id, account_return_check_id",unknown
account_return_check_res_users_rel,account_return_check_res_user_res_users_id_account_return_c_idx,btree,"res_users_id, account_return_check_id",unknown
account_return_check_template_res_country_rel,account_return_check_template_res_country_id_account_return_idx,btree,"res_country_id, account_return_check_template_id",unknown
account_return_ir_attachment_rel,account_return_ir_attachment__ir_attachment_id_account_retu_idx,btree,"ir_attachment_id, account_return_id",unknown
account_return_res_company_rel,account_return_res_company_re_res_company_id_account_return_idx,btree,"res_company_id, account_return_id",unknown
account_return_type,account_return_type__deadline_days_delay_index,btree,((deadline_days_delay IS NOT NULL))) WHERE (deadline_days_delay IS NOT NULL,unknown
account_return_type,account_return_type__deadline_periodicity_index,btree,((deadline_periodicity IS NOT NULL))) WHERE (deadline_periodicity IS NOT NULL,unknown
account_return_type,account_return_type__deadline_start_date_index,btree,((deadline_start_date IS NOT NULL))) WHERE (deadline_start_date IS NOT NULL,unknown
account_return_type,account_return_type__report_id_index,btree,report_id,unknown
account_tax_alternatives,account_tax_alternatives_src_tax_id_dest_tax_id_idx,btree,"src_tax_id, dest_tax_id",unknown
account_tax_filiation_rel,account_tax_filiation_rel_child_tax_parent_tax_idx,btree,"child_tax, parent_tax",unknown
account_tax_hr_expense_split_rel,account_tax_hr_expense_split__account_tax_id_hr_expense_spl_idx,btree,"account_tax_id, hr_expense_split_id",unknown
account_tax_purchase_advance_payment_bill_rel,account_tax_purchase_advance__account_tax_id_purchase_advan_idx,btree,"account_tax_id, purchase_advance_payment_bill_id",unknown
account_tax_purchase_order_line_rel,account_tax_purchase_order_li_account_tax_id_purchase_order_idx,btree,"account_tax_id, purchase_order_line_id",unknown
account_tax_repartition_line,account_tax_repartition_line__tax_id_index,btree,tax_id) WHERE (tax_id IS NOT NULL,unknown
account_tax_sale_order_line_rel,account_tax_sale_order_line_r_account_tax_id_sale_order_lin_idx,btree,"account_tax_id, sale_order_line_id",unknown
account_tax_unit_res_company_rel,account_tax_unit_res_company__account_tax_unit_id_res_compa_idx,btree,"account_tax_unit_id, res_company_id",unknown
activity_attachment_rel,activity_attachment_rel_attachment_id_activity_id_idx,btree,"attachment_id, activity_id",unknown
adjusting_entries__account_move,adjusting_entries__account_mo_adjusting_entry_move_id_move__idx,btree,"adjusting_entry_move_id, move_id",unknown
ai_agent,ai_agent__partner_id_index,btree,partner_id,unknown
ai_agent_ai_topic_rel,ai_agent_ai_topic_rel_ai_topic_id_ai_agent_id_idx,btree,"ai_topic_id, ai_agent_id",unknown
ai_agent_source,ai_agent_source__agent_id_index,btree,agent_id,unknown
ai_agent_source,ai_agent_source__attachment_id_index,btree,attachment_id,unknown
ai_agent_source,ai_agent_source__document_id_index,btree,document_id,unknown
ai_composer_ir_model_rel,ai_composer_ir_model_rel_ir_model_id_ai_composer_id_idx,btree,"ir_model_id, ai_composer_id",unknown
ai_documents_sort_ir_act_server_rel,ai_documents_sort_ir_act_serv_ir_act_server_id_ai_documents_idx,btree,"ir_act_server_id, ai_documents_sort_id",unknown
ai_embedding,ai_embedding_embedding_vector_idx,ivfflat,embedding_vector public.vector_cosine_ops,unknown
ai_prompt_button,ai_prompt_button__composer_id_index,btree,composer_id) WHERE (composer_id IS NOT NULL,unknown
ai_tool_ids_rel,ai_tool_ids_rel_tool_id_parent_id_idx,btree,"tool_id, parent_id",unknown
ai_topic_ir_act_server_rel,ai_topic_ir_act_server_rel_ir_act_server_id_ai_topic_id_idx,btree,"ir_act_server_id, ai_topic_id",unknown
applicant_get_refuse_reason_duplicate_applicants_rel,applicant_get_refuse_reason_d_hr_applicant_id_applicant_get_idx,btree,"hr_applicant_id, applicant_get_refuse_reason_id",unknown
applicant_get_refuse_reason_hr_applicant_rel,applicant_get_refuse_reason_h_hr_applicant_id_applicant_get_idx,btree,"hr_applicant_id, applicant_get_refuse_reason_id",unknown
applicant_get_refuse_reason_ir_attachment_rel,applicant_get_refuse_reason_i_ir_attachment_id_applicant_ge_idx,btree,"ir_attachment_id, applicant_get_refuse_reason_id",unknown
applicant_send_mail_hr_applicant_rel,applicant_send_mail_hr_applic_hr_applicant_id_applicant_sen_idx,btree,"hr_applicant_id, applicant_send_mail_id",unknown
applicant_send_mail_ir_attachment_rel,applicant_send_mail_ir_attach_ir_attachment_id_applicant_se_idx,btree,"ir_attachment_id, applicant_send_mail_id",unknown
appointment_answer,appointment_answer__question_id_index,btree,question_id,unknown
appointment_answer_input,appointment_answer_input__calendar_booking_id_index,btree,calendar_booking_id) WHERE (calendar_booking_id IS NOT NULL,unknown
appointment_answer_input,appointment_answer_input__calendar_event_id_index,btree,calendar_event_id,unknown
appointment_answer_input,appointment_answer_input__question_id_index,btree,question_id,unknown
appointment_booking_line,appointment_booking_line__appointment_type_id_index,btree,appointment_type_id,unknown
appointment_booking_line,appointment_booking_line__calendar_event_id_index,btree,calendar_event_id,unknown
appointment_invite,appointment_invite__is_published_index,btree,is_published,unknown
appointment_invite,appointment_invite__website_id_index,btree,website_id,unknown
appointment_invite_appointment_resource_rel,appointment_invite_appointmen_appointment_resource_id_appoi_idx,btree,"appointment_resource_id, appointment_invite_id",unknown
appointment_invite_appointment_type_rel,appointment_invite_appointmen_appointment_type_id_appointme_idx,btree,"appointment_type_id, appointment_invite_id",unknown
appointment_invite_res_users_rel,appointment_invite_res_users__res_users_id_appointment_invi_idx,btree,"res_users_id, appointment_invite_id",unknown
appointment_manage_leaves_appointment_resource_rel,appointment_manage_leaves_app_appointment_resource_id_appoi_idx,btree,"appointment_resource_id, appointment_manage_leaves_id",unknown
appointment_resource,appointment_resource__company_id_index,btree,company_id,unknown
appointment_resource,appointment_resource__resource_calendar_id_index,btree,resource_calendar_id,unknown
appointment_resource,appointment_resource__resource_id_index,btree,resource_id,unknown
appointment_resource_appointment_slot_rel,appointment_resource_appointm_appointment_resource_id_appoi_idx,btree,"appointment_resource_id, appointment_slot_id",unknown
appointment_resource_linked_appointment_resource,appointment_resource_linked_a_linked_resource_id_resource_i_idx,btree,"linked_resource_id, resource_id",unknown
appointment_slot,appointment_slot__appointment_type_id_index,btree,appointment_type_id,unknown
appointment_slot_res_users_rel,appointment_slot_res_users_re_res_users_id_appointment_slot_idx,btree,"res_users_id, appointment_slot_id",unknown
appointment_type,appointment_type__is_published_index,btree,is_published,unknown
appointment_type,appointment_type__website_id_index,btree,website_id,unknown
appointment_type_appointment_resource_rel,appointment_type_appointment__appointment_type_id_appointm_idx1,btree,"appointment_type_id, appointment_resource_id",unknown
appointment_type_appointment_question_rel,appointment_type_appointment__appointment_type_id_appointme_idx,btree,"appointment_type_id, appointment_question_id",unknown
appointment_type_calendar_alarm_rel,appointment_type_calendar_ala_calendar_alarm_id_appointment_idx,btree,"calendar_alarm_id, appointment_type_id",unknown
appointment_type_country_rel,appointment_type_country_rel_res_country_id_appointment_typ_idx,btree,"res_country_id, appointment_type_id",unknown
appointment_type_res_users_rel,appointment_type_res_users_re_res_users_id_appointment_type_idx,btree,"res_users_id, appointment_type_id",unknown
appraisal_ask_feedback_hr_employee_rel,appraisal_ask_feedback_hr_emp_hr_employee_id_appraisal_ask__idx,btree,"hr_employee_id, appraisal_ask_feedback_id",unknown
appraisal_manager_rel,appraisal_manager_rel_hr_employee_id_hr_appraisal_id_idx,btree,"hr_employee_id, hr_appraisal_id",unknown
appraisal_select_survey_survey_user_input_rel,appraisal_select_survey_surve_survey_user_input_id_appraisa_idx,btree,"survey_user_input_id, appraisal_select_survey_id",unknown
approval_rule_users_to_notify_rel,approval_rule_users_to_notify_res_users_id_studio_approval__idx,btree,"res_users_id, studio_approval_rule_id",unknown
asset_move_line_rel,asset_move_line_rel_line_id_asset_id_idx,btree,"line_id, asset_id",unknown
auth_passkey_key,auth_passkey_key__create_uid_index,btree,create_uid,unknown
auth_totp_device,auth_totp_device_user_id_index_idx,btree,"user_id, index",unknown
auth_totp_rate_limit_log,auth_totp_rate_limit_log_user_id_limit_type_create_date_idx,btree,"user_id, limit_type, create_date",unknown
auto_gen_job_type_counter,auto_gen_job_type_counter__brand_id_index,btree,brand_id,unknown
auto_gen_job_type_counter,auto_gen_job_type_counter__company_id_index,btree,company_id,unknown
auto_gen_job_type_counter,auto_gen_job_type_counter__job_type_id_index,btree,job_type_id,unknown
auto_gen_job_type_counter,auto_gen_job_type_counter__partner_id_index,btree,partner_id,unknown
auto_gen_job_type_history,auto_gen_job_type_history__code_index,btree,code,unknown
auto_gen_job_type_history,auto_gen_job_type_history__event_type_index,btree,event_type,unknown
auto_gen_job_type_history,auto_gen_job_type_history__generated_at_index,btree,generated_at,unknown
auto_gen_job_type_history,auto_gen_job_type_history__order_id_index,btree,order_id,unknown
badge_unlocked_definition_rel,badge_unlocked_definition_rel_gamification_goal_definition__idx,btree,"gamification_goal_definition_id, gamification_badge_id",unknown
barcode_rule,barcode_rule__barcode_nomenclature_id_index,btree,barcode_nomenclature_id) WHERE (barcode_nomenclature_id IS NOT NULL,unknown
base_automation_ir_model_fields_rel,base_automation_ir_model_fiel_ir_model_fields_id_base_autom_idx,btree,"ir_model_fields_id, base_automation_id",unknown
base_automation_onchange_fields_rel,base_automation_onchange_fiel_ir_model_fields_id_base_autom_idx,btree,"ir_model_fields_id, base_automation_id",unknown
base_import_mapping,base_import_mapping__res_model_index,btree,res_model,unknown
base_language_install_website_rel,base_language_install_website_website_id_base_language_inst_idx,btree,"website_id, base_language_install_id",unknown
base_module_uninstall_ir_module_module_rel,base_module_uninstall_ir_modu_ir_module_module_id_base_modu_idx,btree,"ir_module_module_id, base_module_uninstall_id",unknown
base_partner_merge_automatic_wizard_res_partner_rel,base_partner_merge_automatic__res_partner_id_base_partner_m_idx,btree,"res_partner_id, base_partner_merge_automatic_wizard_id",unknown
bh_brand,bh_brand__name_index,btree,name,unknown
bh_brand,bh_brand__parent_company_id_index,btree,parent_company_id,unknown
bh_parent_company,bh_parent_company__code_index,btree,code,unknown
bh_parent_company,bh_parent_company__name_index,btree,name,unknown
bh_store_type,bh_store_type__brand_id_index,btree,brand_id,unknown
bh_store_type,bh_store_type__name_index,btree,name,unknown
calendar_alarm_calendar_event_rel,calendar_alarm_calendar_event_calendar_alarm_id_calendar_ev_idx,btree,"calendar_alarm_id, calendar_event_id",unknown
calendar_attendee,calendar_attendee__event_id_index,btree,event_id,unknown
calendar_booking,calendar_booking__account_move_id_index,btree,account_move_id) WHERE (account_move_id IS NOT NULL,unknown
calendar_booking,calendar_booking__order_line_id_index,btree,order_line_id) WHERE (order_line_id IS NOT NULL,unknown
calendar_booking_line,calendar_booking_line__calendar_booking_id_index,btree,calendar_booking_id,unknown
calendar_booking_res_partner_rel,calendar_booking_res_partner__res_partner_id_calendar_booki_idx,btree,"res_partner_id, calendar_booking_id",unknown
calendar_event,calendar_event__access_token_index,btree,access_token,unknown
calendar_event,calendar_event__applicant_id_index,btree,applicant_id) WHERE (applicant_id IS NOT NULL,unknown
calendar_event,calendar_event__appointment_booker_id_index,btree,appointment_booker_id) WHERE (appointment_booker_id IS NOT NULL,unknown
calendar_event,calendar_event__appointment_invite_id_index,btree,appointment_invite_id) WHERE (appointment_invite_id IS NOT NULL,unknown
calendar_event,calendar_event__appointment_type_id_index,btree,appointment_type_id) WHERE (appointment_type_id IS NOT NULL,unknown
calendar_event,calendar_event__google_id_index,btree,google_id) WHERE (google_id IS NOT NULL,unknown
calendar_event,calendar_event__opportunity_id_index,btree,opportunity_id,unknown
calendar_event,calendar_event__recurrence_id_index,btree,recurrence_id) WHERE (recurrence_id IS NOT NULL,unknown
calendar_event,calendar_event__start_index,btree,start,unknown
calendar_event,calendar_event__user_id_index,btree,user_id) WHERE (user_id IS NOT NULL,unknown
calendar_event,calendar_event__videocall_channel_id_index,btree,videocall_channel_id) WHERE (videocall_channel_id IS NOT NULL,unknown
calendar_event,calendar_event__visitor_id_index,btree,visitor_id) WHERE (visitor_id IS NOT NULL,unknown
calendar_event_res_partner_rel,calendar_event_res_partner_re_calendar_event_id_res_partner_idx,btree,"calendar_event_id, res_partner_id",unknown
calendar_filters,calendar_filters__partner_id_index,btree,partner_id,unknown
calendar_filters,calendar_filters__user_id_index,btree,user_id,unknown
calendar_recurrence,calendar_recurrence__google_id_index,btree,google_id) WHERE (google_id IS NOT NULL,unknown
chatbot_message,chatbot_message__discuss_channel_id_index,btree,discuss_channel_id,unknown
chatbot_message,chatbot_message__script_step_id_index,btree,script_step_id) WHERE (script_step_id IS NOT NULL,unknown
chatbot_message,chatbot_message_channel_id_user_raw_script_answer_id_idx,btree,"discuss_channel_id, user_raw_script_answer_id) WHERE (user_raw_script_answer_id IS NOT NULL",unknown
chatbot_script,chatbot_script__operator_partner_id_index,btree,operator_partner_id,unknown
chatbot_script_answer,chatbot_script_answer__script_step_id_index,btree,script_step_id,unknown
chatbot_script_answer_chatbot_script_step_rel,chatbot_script_answer_chatbot_chatbot_script_answer_id_chat_idx,btree,"chatbot_script_answer_id, chatbot_script_step_id",unknown
chatbot_script_step,chatbot_script_step__chatbot_script_id_index,btree,chatbot_script_id,unknown
chatbot_script_step,chatbot_script_step__crm_team_id_index,btree,crm_team_id) WHERE (crm_team_id IS NOT NULL,unknown
chatbot_script_step_im_livechat_expertise_rel,chatbot_script_step_im_livech_im_livechat_expertise_id_chat_idx,btree,"im_livechat_expertise_id, chatbot_script_step_id",unknown
city_zip_geonames_import_res_country_rel,city_zip_geonames_import_res__res_country_id_city_zip_geona_idx,btree,"res_country_id, city_zip_geonames_import_id",unknown
crm_convert_lead_mass_lead_rel,crm_convert_lead_mass_lead_re_crm_lead_id_crm_lead2opportun_idx,btree,"crm_lead_id, crm_lead2opportunity_partner_mass_id",unknown
crm_iap_lead_industry_crm_iap_lead_mining_request_rel,crm_iap_lead_industry_crm_iap_crm_iap_lead_industry_id_crm__idx,btree,"crm_iap_lead_industry_id, crm_iap_lead_mining_request_id",unknown
crm_iap_lead_mining_request_crm_iap_lead_role_rel,crm_iap_lead_mining_request_c_crm_iap_lead_role_id_crm_iap__idx,btree,"crm_iap_lead_role_id, crm_iap_lead_mining_request_id",unknown
crm_iap_lead_mining_request_crm_tag_rel,crm_iap_lead_mining_request_c_crm_tag_id_crm_iap_lead_minin_idx,btree,"crm_tag_id, crm_iap_lead_mining_request_id",unknown
crm_iap_lead_mining_request_res_country_rel,crm_iap_lead_mining_request_r_res_country_id_crm_iap_lead_m_idx,btree,"res_country_id, crm_iap_lead_mining_request_id",unknown
crm_iap_lead_mining_request_res_country_state_rel,crm_iap_lead_mining_request_r_res_country_state_id_crm_iap__idx,btree,"res_country_state_id, crm_iap_lead_mining_request_id",unknown
crm_lead2opportunity_partner_mass_res_users_rel,crm_lead2opportunity_partner__res_users_id_crm_lead2opportu_idx,btree,"res_users_id, crm_lead2opportunity_partner_mass_id",unknown
crm_lead,crm_lead__campaign_id_index,btree,campaign_id) WHERE (campaign_id IS NOT NULL,unknown
crm_lead,crm_lead__company_id_index,btree,company_id,unknown
crm_lead,crm_lead__contact_name_index,gin,contact_name public.gin_trgm_ops,unknown
crm_lead,crm_lead__date_last_stage_update_index,btree,date_last_stage_update,unknown
crm_lead,crm_lead__email_domain_criterion_index,btree,email_domain_criterion) WHERE (email_domain_criterion IS NOT NULL,unknown
crm_lead,crm_lead__email_from_index,gin,email_from public.gin_trgm_ops,unknown
crm_lead,crm_lead__email_normalized_index,gin,email_normalized public.gin_trgm_ops,unknown
crm_lead,crm_lead__lead_mining_request_id_index,btree,lead_mining_request_id) WHERE (lead_mining_request_id IS NOT NULL,unknown
crm_lead,crm_lead__lost_reason_id_index,btree,lost_reason_id,unknown
crm_lead,crm_lead__medium_id_index,btree,medium_id) WHERE (medium_id IS NOT NULL,unknown
crm_lead,crm_lead__name_index,gin,name public.gin_trgm_ops,unknown
crm_lead,crm_lead__origin_channel_id_index,btree,origin_channel_id) WHERE (origin_channel_id IS NOT NULL,unknown
crm_lead,crm_lead__origin_survey_id_index,btree,origin_survey_id) WHERE (origin_survey_id IS NOT NULL,unknown
crm_lead,crm_lead__partner_id_index,btree,partner_id,unknown
crm_lead,crm_lead__partner_name_index,gin,partner_name public.gin_trgm_ops,unknown
crm_lead,crm_lead__phone_sanitized_index,btree,phone_sanitized) WHERE (phone_sanitized IS NOT NULL,unknown
crm_lead,crm_lead__priority_index,btree,priority,unknown
crm_lead,crm_lead__reveal_id_index,btree,reveal_id) WHERE (reveal_id IS NOT NULL,unknown
crm_lead,crm_lead__source_id_index,btree,source_id) WHERE (source_id IS NOT NULL,unknown
crm_lead,crm_lead__stage_id_index,btree,stage_id,unknown
crm_lead,crm_lead__team_id_index,btree,team_id,unknown
crm_lead,crm_lead__type_index,btree,type,unknown
crm_lead,crm_lead__user_id_index,btree,user_id,unknown
crm_lead,crm_lead_create_date_team_id_idx,btree,"create_date, team_id",unknown
crm_lead_crm_lead2opportunity_partner_mass_rel,crm_lead_crm_lead2opportunity_crm_lead_id_crm_lead2opportu_idx1,btree,"crm_lead_id, crm_lead2opportunity_partner_mass_id",unknown
crm_lead_crm_lead2opportunity_partner_rel,crm_lead_crm_lead2opportunity_crm_lead_id_crm_lead2opportun_idx,btree,"crm_lead_id, crm_lead2opportunity_partner_id",unknown
crm_lead_crm_lead_lost_rel,crm_lead_crm_lead_lost_rel_crm_lead_id_crm_lead_lost_id_idx,btree,"crm_lead_id, crm_lead_lost_id",unknown
crm_lead,crm_lead_default_order_idx,btree,"priority DESC, id DESC) WHERE (active IS TRUE",unknown
crm_lead,crm_lead_phone_partial_gin_idx,gin,"regexp_replace((phone)::text, '[\s\\./\(\)\-]'::text, ''::text, 'g'::text) public.gin_trgm_ops) WHERE (phone IS NOT NULL",unknown
crm_lead,crm_lead_phone_partial_tgm,btree,"regexp_replace((phone)::text, '[\s\\./\(\)\-]'::text, ''::text, 'g'::text)) WHERE (phone IS NOT NULL",unknown
crm_lead_pls_update_crm_lead_scoring_frequency_field_rel,crm_lead_pls_update_crm_lead__crm_lead_scoring_frequency_fi_idx,btree,"crm_lead_scoring_frequency_field_id, crm_lead_pls_update_id",unknown
crm_lead_scoring_frequency,crm_lead_scoring_frequency__variable_index,btree,variable,unknown
crm_lead,crm_lead_user_id_team_id_type_index,btree,"user_id, team_id, type",unknown
crm_lead_website_visitor_rel,crm_lead_website_visitor_rel_website_visitor_id_crm_lead_id_idx,btree,"website_visitor_id, crm_lead_id",unknown
crm_stage_crm_team_rel,crm_stage_crm_team_rel_crm_team_id_crm_stage_id_idx,btree,"crm_team_id, crm_stage_id",unknown
crm_tag_rel,crm_tag_rel_tag_id_lead_id_idx,btree,"tag_id, lead_id",unknown
crm_team,crm_team__company_id_index,btree,company_id,unknown
crm_team_member,crm_team_member__crm_team_id_index,btree,crm_team_id,unknown
crm_team_member,crm_team_member__user_id_index,btree,user_id,unknown
date_range,date_range__company_id_index,btree,company_id,unknown
date_range,date_range__type_id_index,btree,type_id,unknown
date_range_type,date_range_type__company_id_index,btree,company_id,unknown
delivery_carrier,delivery_carrier__is_published_index,btree,is_published,unknown
delivery_carrier,delivery_carrier__website_id_index,btree,website_id,unknown
delivery_carrier_country_rel,delivery_carrier_country_rel_country_id_carrier_id_idx,btree,"country_id, carrier_id",unknown
delivery_carrier_state_rel,delivery_carrier_state_rel_state_id_carrier_id_idx,btree,"state_id, carrier_id",unknown
delivery_price_rule,delivery_price_rule__carrier_id_index,btree,carrier_id,unknown
delivery_zip_prefix_rel,delivery_zip_prefix_rel_zip_prefix_id_carrier_id_idx,btree,"zip_prefix_id, carrier_id",unknown
digest_digest_res_users_rel,digest_digest_res_users_rel_res_users_id_digest_digest_id_idx,btree,"res_users_id, digest_digest_id",unknown
digest_tip_res_users_rel,digest_tip_res_users_rel_res_users_id_digest_tip_id_idx,btree,"res_users_id, digest_tip_id",unknown
discuss_call_history,discuss_call_history__channel_id_index,btree,channel_id,unknown
discuss_call_history,discuss_call_history__start_call_message_id_index,btree,start_call_message_id,unknown
discuss_call_history,discuss_call_history__start_dt_index,btree,start_dt,unknown
discuss_call_history,discuss_call_history_channel_id_end_dt_idx,btree,"channel_id, end_dt) WHERE (end_dt IS NULL",unknown
discuss_call_history_im_livechat_channel_member_history_rel,discuss_call_history_im_livec_im_livechat_channel_member_hi_idx,btree,"im_livechat_channel_member_history_id, discuss_call_history_id",unknown
discuss_channel,discuss_channel__ai_agent_id_index,btree,ai_agent_id) WHERE (ai_agent_id IS NOT NULL,unknown
discuss_channel,discuss_channel__last_interest_dt_index,btree,last_interest_dt,unknown
discuss_channel,discuss_channel__livechat_channel_id_index,btree,livechat_channel_id) WHERE (livechat_channel_id IS NOT NULL,unknown
discuss_channel,discuss_channel__livechat_operator_id_index,btree,livechat_operator_id) WHERE (livechat_operator_id IS NOT NULL,unknown
discuss_channel,discuss_channel__livechat_visitor_id_index,btree,livechat_visitor_id) WHERE (livechat_visitor_id IS NOT NULL,unknown
discuss_channel,discuss_channel__parent_channel_id_index,btree,parent_channel_id,unknown
discuss_channel,discuss_channel_has_crm_lead_index,btree,has_crm_lead) WHERE (has_crm_lead IS TRUE,unknown
discuss_channel,discuss_channel_has_helpdesk_ticket_index,btree,has_helpdesk_ticket) WHERE (has_helpdesk_ticket IS TRUE,unknown
discuss_channel_hr_department_rel,discuss_channel_hr_department_hr_department_id_discuss_chan_idx,btree,"hr_department_id, discuss_channel_id",unknown
discuss_channel_im_livechat_expertise_rel,discuss_channel_im_livechat_e_im_livechat_expertise_id_disc_idx,btree,"im_livechat_expertise_id, discuss_channel_id",unknown
discuss_channel,discuss_channel_livechat_channel_type_create_date_idx,btree,"channel_type, create_date) WHERE ((channel_type)::text = 'livechat'::text",unknown
discuss_channel,discuss_channel_livechat_end_dt_idx,btree,livechat_end_dt) WHERE (livechat_end_dt IS NULL,unknown
discuss_channel,discuss_channel_livechat_failure_idx,btree,"livechat_failure) WHERE ((livechat_failure)::text = ANY (ARRAY[('no_answer'::character varying)::text, ('no_agent'::character varying)::text])",unknown
discuss_channel,discuss_channel_livechat_is_escalated_idx,btree,livechat_is_escalated) WHERE (livechat_is_escalated IS TRUE,unknown
discuss_channel_member,discuss_channel_member__fetched_message_id_index,btree,fetched_message_id) WHERE (fetched_message_id IS NOT NULL,unknown
discuss_channel_member,discuss_channel_member__guest_id_index,btree,guest_id,unknown
discuss_channel_member,discuss_channel_member__last_interest_dt_index,btree,last_interest_dt,unknown
discuss_channel_member,discuss_channel_member__partner_id_index,btree,partner_id,unknown
discuss_channel_member,discuss_channel_member__seen_message_id_index,btree,seen_message_id) WHERE (seen_message_id IS NOT NULL,unknown
discuss_channel_member,discuss_channel_member__unpin_dt_index,btree,unpin_dt,unknown
discuss_channel_member,discuss_channel_member_guest_unique,btree,"channel_id, guest_id) WHERE (guest_id IS NOT NULL",unknown
discuss_channel_member,discuss_channel_member_partner_unique,btree,"channel_id, partner_id) WHERE (partner_id IS NOT NULL",unknown
discuss_channel_member,discuss_channel_member_seen_message_id_idx,btree,"channel_id, partner_id, seen_message_id",unknown
discuss_channel_res_groups_rel,discuss_channel_res_groups_re_res_groups_id_discuss_channel_idx,btree,"res_groups_id, discuss_channel_id",unknown
discuss_channel_rtc_session,discuss_channel_rtc_session__channel_id_index,btree,channel_id) WHERE (channel_id IS NOT NULL,unknown
discuss_channel_rtc_session,discuss_channel_rtc_session__partner_id_index,btree,partner_id,unknown
discuss_channel_rtc_session,discuss_channel_rtc_session__write_date_index,btree,write_date,unknown
discuss_voice_metadata,discuss_voice_metadata__attachment_id_index,btree,attachment_id,unknown
display_device_id_select_printer,display_device_id_select_prin_iot_device_id_select_printers_idx,btree,"iot_device_id, select_printers_wizard_id",unknown
dms_acc_rep_export_wizard_format_rel,dms_acc_rep_export_wizard_for_account_reports_export_wizard_idx,btree,"account_reports_export_wizard_format_id, account_reports_export_wizard_id",unknown
dock_location_stock_picking_type_rel,dock_location_stock_picking_t_stock_location_id_stock_picki_idx,btree,"stock_location_id, stock_picking_type_id",unknown
document_alias_tag_rel,document_alias_tag_rel_documents_tag_id_documents_document__idx,btree,"documents_tag_id, documents_document_id",unknown
document_tag_rel,document_tag_rel_documents_tag_id_documents_document_id_idx,btree,"documents_tag_id, documents_document_id",unknown
documents_access,documents_access__document_id_index,btree,document_id,unknown
documents_access,documents_access__expiration_date_index,btree,expiration_date,unknown
documents_access,documents_access__partner_id_index,btree,partner_id,unknown
documents_access,documents_access__role_index,btree,role,unknown
documents_account_folder_setting_documents_tag_rel,documents_account_folder_sett_documents_tag_id_documents_ac_idx,btree,"documents_tag_id, documents_account_folder_setting_id",unknown
documents_document,documents_document__access_internal_index,btree,access_internal,unknown
documents_document,documents_document__access_via_link_index,btree,access_via_link,unknown
documents_document,documents_document__company_id_index,btree,company_id,unknown
documents_document,documents_document__document_token_index,btree,document_token,unknown
documents_document,documents_document__folder_id_index,btree,folder_id,unknown
documents_document,documents_document__is_access_via_link_hidden_index,btree,is_access_via_link_hidden,unknown
documents_document,documents_document__owner_id_index,btree,owner_id,unknown
documents_document,documents_document__parent_path_index,btree,parent_path,unknown
documents_document,documents_document__partner_id_index,btree,partner_id) WHERE (partner_id IS NOT NULL,unknown
documents_document,documents_document__shortcut_document_id_index,btree,shortcut_document_id) WHERE (shortcut_document_id IS NOT NULL,unknown
documents_document,documents_document__type_index,btree,type,unknown
documents_document,documents_document__url_index,btree,url,unknown
documents_document_documents_operation_rel,documents_document_documents__documents_document_id_docume_idx1,btree,"documents_document_id, documents_operation_id",unknown
documents_document_documents_sharing_rel,documents_document_documents__documents_document_id_docume_idx2,btree,"documents_document_id, documents_sharing_id",unknown
documents_document_documents_link_to_record_wizard_rel,documents_document_documents__documents_document_id_documen_idx,btree,"documents_document_id, documents_link_to_record_wizard_id",unknown
documents_document_ir_attachment_rel,documents_document_ir_attachm_ir_attachment_id_documents_do_idx,btree,"ir_attachment_id, documents_document_id",unknown
documents_document,documents_document_res_model_res_id_idx,btree,"res_model, res_id",unknown
documents_document_res_users_rel,documents_document_res_users__res_users_id_documents_docume_idx,btree,"res_users_id, documents_document_id",unknown
documents_fleet_tags_table,documents_fleet_tags_table_documents_tag_id_res_company_id_idx,btree,"documents_tag_id, res_company_id",unknown
documents_hr_contracts_tags_table,documents_hr_contracts_tags_t_documents_tag_id_res_company__idx,btree,"documents_tag_id, res_company_id",unknown
documents_redirect,documents_redirect__access_token_index,btree,access_token,unknown
documents_request_wizard_documents_tag_rel,documents_request_wizard_docu_documents_tag_id_documents_re_idx,btree,"documents_tag_id, documents_request_wizard_id",unknown
documents_sharing_res_partner_rel,documents_sharing_res_partner_res_partner_id_documents_shar_idx,btree,"res_partner_id, documents_sharing_id",unknown
documents_tag_mail_activity_type_rel,documents_tag_mail_activity_t_documents_tag_id_mail_activit_idx,btree,"documents_tag_id, mail_activity_type_id",unknown
documents_tag_sign_template_rel,documents_tag_sign_template_r_documents_tag_id_sign_templat_idx,btree,"documents_tag_id, sign_template_id",unknown
email_template_attachment_rel,email_template_attachment_rel_attachment_id_email_template__idx,btree,"attachment_id, email_template_id",unknown
employee_bank_account_rel,employee_bank_account_rel_bank_account_id_employee_id_idx,btree,"bank_account_id, employee_id",unknown
employee_category_rel,employee_category_rel_category_id_employee_id_idx,btree,"category_id, employee_id",unknown
employees,employees_hr_employee_id_hr_appraisal_campaign_wizard_id_idx,btree,"hr_employee_id, hr_appraisal_campaign_wizard_id",unknown
equity_transaction,equity_transaction__partner_id_index,btree,partner_id,unknown
equity_ubo,equity_ubo__holder_id_index,btree,holder_id,unknown
equity_ubo,equity_ubo__partner_id_index,btree,partner_id,unknown
equity_valuation,equity_valuation__partner_id_index,btree,partner_id,unknown
esg_activity_type_esg_emission_factor_rel,esg_activity_type_esg_emissio_esg_activity_type_id_esg_emis_idx,btree,"esg_activity_type_id, esg_emission_factor_id",unknown
esg_assignation_line,esg_assignation_line__esg_emission_factor_id_index,btree,esg_emission_factor_id,unknown
esg_emission_factor,esg_emission_factor__code_index,btree,code,unknown
esg_emission_factor_line,esg_emission_factor_line__esg_emission_factor_id_index,btree,esg_emission_factor_id,unknown
esg_emission_source,esg_emission_source__parent_id_index,btree,parent_id,unknown
esg_emission_source,esg_emission_source__parent_path_index,btree,parent_path,unknown
esg_other_emission,esg_other_emission__esg_emission_factor_id_index,btree,esg_emission_factor_id) WHERE (esg_emission_factor_id IS NOT NULL,unknown
expense_tax,expense_tax_tax_id_expense_id_idx,btree,"tax_id, expense_id",unknown
expiry_picking_confirmation_mrp_production_rel,expiry_picking_confirmation_m_mrp_production_id_expiry_pick_idx,btree,"mrp_production_id, expiry_picking_confirmation_id",unknown
expiry_picking_confirmation_stock_lot_rel,expiry_picking_confirmation_s_stock_lot_id_expiry_picking_c_idx,btree,"stock_lot_id, expiry_picking_confirmation_id",unknown
expiry_picking_confirmation_stock_picking_rel,expiry_picking_confirmation_s_stock_picking_id_expiry_picki_idx,btree,"stock_picking_id, expiry_picking_confirmation_id",unknown
export_wiz_document_tag_rel,export_wiz_document_tag_rel_documents_tag_id_account_report_idx,btree,"documents_tag_id, account_reports_export_wizard_id",unknown
fetchmail_server,fetchmail_server__server_type_index,btree,server_type,unknown
fetchmail_server,fetchmail_server__state_index,btree,state,unknown
fleet_disallowed_expenses_rate,fleet_disallowed_expenses_rate__vehicle_id_index,btree,vehicle_id,unknown
fleet_service_type_fleet_vehicle_log_contract_rel,fleet_service_type_fleet_vehi_fleet_service_type_id_fleet_v_idx,btree,"fleet_service_type_id, fleet_vehicle_log_contract_id",unknown
fleet_vehicle,fleet_vehicle__driver_employee_id_index,btree,driver_employee_id) WHERE (driver_employee_id IS NOT NULL,unknown
fleet_vehicle_assignation_log,fleet_vehicle_assignation_log__vehicle_id_index,btree,vehicle_id,unknown
fleet_vehicle_fleet_vehicle_send_mail_rel,fleet_vehicle_fleet_vehicle_s_fleet_vehicle_id_fleet_vehicl_idx,btree,"fleet_vehicle_id, fleet_vehicle_send_mail_id",unknown
fleet_vehicle_log_contract,fleet_vehicle_log_contract__user_id_index,btree,user_id,unknown
fleet_vehicle_log_contract,fleet_vehicle_log_contract__vehicle_id_index,btree,vehicle_id,unknown
fleet_vehicle_log_services,fleet_vehicle_log_services__account_move_line_id_index,btree,account_move_line_id) WHERE (account_move_line_id IS NOT NULL,unknown
fleet_vehicle_log_services,fleet_vehicle_log_services__vehicle_id_index,btree,vehicle_id,unknown
fleet_vehicle_mail_compose_message_ir_attachments_rel,fleet_vehicle_mail_compose_message__attachment_id_wizard_id_idx,btree,"attachment_id, wizard_id",unknown
fleet_vehicle_model,fleet_vehicle_model__brand_id_index,btree,brand_id) WHERE (brand_id IS NOT NULL,unknown
fleet_vehicle_model_vendors,fleet_vehicle_model_vendors_partner_id_model_id_idx,btree,"partner_id, model_id",unknown
fleet_vehicle_vehicle_tag_rel,fleet_vehicle_vehicle_tag_rel_tag_id_vehicle_tag_id_idx,btree,"tag_id, vehicle_tag_id",unknown
frontdesk_drink_frontdesk_frontdesk_rel,frontdesk_drink_frontdesk_fro_frontdesk_drink_id_frontdesk__idx,btree,"frontdesk_drink_id, frontdesk_frontdesk_id",unknown
frontdesk_drink_frontdesk_visitor_rel,frontdesk_drink_frontdesk_vis_frontdesk_drink_id_frontdesk__idx,btree,"frontdesk_drink_id, frontdesk_visitor_id",unknown
frontdesk_drink_res_users_rel,frontdesk_drink_res_users_rel_res_users_id_frontdesk_drink__idx,btree,"res_users_id, frontdesk_drink_id",unknown
frontdesk_frontdesk_hr_employee_rel,frontdesk_frontdesk_hr_employ_hr_employee_id_frontdesk_fron_idx,btree,"hr_employee_id, frontdesk_frontdesk_id",unknown
frontdesk_frontdesk_res_users_rel,frontdesk_frontdesk_res_users_res_users_id_frontdesk_frontd_idx,btree,"res_users_id, frontdesk_frontdesk_id",unknown
frontdesk_visitor,frontdesk_visitor__station_id_index,btree,station_id,unknown
frontdesk_visitor_hr_employee_rel,frontdesk_visitor_hr_employee_hr_employee_id_frontdesk_visi_idx,btree,"hr_employee_id, frontdesk_visitor_id",unknown
gamification_badge,gamification_badge__is_published_index,btree,is_published,unknown
gamification_badge_rule_badge_rel,gamification_badge_rule_badge_rel_badge2_id_badge1_id_idx,btree,"badge2_id, badge1_id",unknown
gamification_badge_user,gamification_badge_user__badge_id_index,btree,badge_id,unknown
gamification_badge_user,gamification_badge_user__employee_id_index,btree,employee_id,unknown
gamification_badge_user,gamification_badge_user__user_id_index,btree,user_id,unknown
gamification_challenge,gamification_challenge__reward_id_index,btree,reward_id) WHERE (reward_id IS NOT NULL,unknown
gamification_challenge_line,gamification_challenge_line__challenge_id_index,btree,challenge_id,unknown
gamification_challenge_users_rel,gamification_challenge_users__res_users_id_gamification_cha_idx,btree,"res_users_id, gamification_challenge_id",unknown
gamification_goal,gamification_goal__challenge_id_index,btree,challenge_id,unknown
gamification_goal,gamification_goal__user_id_index,btree,user_id,unknown
gamification_invited_user_ids_rel,gamification_invited_user_ids_res_users_id_gamification_cha_idx,btree,"res_users_id, gamification_challenge_id",unknown
gamification_karma_tracking,gamification_karma_tracking__tracking_date_index,btree,tracking_date,unknown
gamification_karma_tracking,gamification_karma_tracking__user_id_index,btree,user_id,unknown
header_footer_quotation_template_rel,header_footer_quotation_templ_sale_order_template_id_quotat_idx,btree,"sale_order_template_id, quotation_document_id",unknown
helpdesk_sla_helpdesk_stage_rel,helpdesk_sla_helpdesk_stage_r_helpdesk_stage_id_helpdesk_sl_idx,btree,"helpdesk_stage_id, helpdesk_sla_id",unknown
helpdesk_sla_helpdesk_tag_rel,helpdesk_sla_helpdesk_tag_rel_helpdesk_tag_id_helpdesk_sla__idx,btree,"helpdesk_tag_id, helpdesk_sla_id",unknown
helpdesk_sla_res_partner_rel,helpdesk_sla_res_partner_rel_res_partner_id_helpdesk_sla_id_idx,btree,"res_partner_id, helpdesk_sla_id",unknown
helpdesk_sla_status,helpdesk_sla_status__ticket_id_index,btree,ticket_id,unknown
helpdesk_stage_delete_wizard_helpdesk_team_rel,helpdesk_stage_delete_wizard__helpdesk_team_id_helpdesk_sta_idx,btree,"helpdesk_team_id, helpdesk_stage_delete_wizard_id",unknown
helpdesk_stage_helpdesk_stage_delete_wizard_rel,helpdesk_stage_helpdesk_stage_helpdesk_stage_id_helpdesk_st_idx,btree,"helpdesk_stage_id, helpdesk_stage_delete_wizard_id",unknown
helpdesk_tag_assignment_res_users_rel,helpdesk_tag_assignment_res_u_res_users_id_helpdesk_tag_ass_idx,btree,"res_users_id, helpdesk_tag_assignment_id",unknown
helpdesk_tag_helpdesk_ticket_rel,helpdesk_tag_helpdesk_ticket__helpdesk_tag_id_helpdesk_tick_idx,btree,"helpdesk_tag_id, helpdesk_ticket_id",unknown
helpdesk_team,helpdesk_team__is_published_index,btree,is_published,unknown
helpdesk_team_res_users_rel,helpdesk_team_res_users_rel_res_users_id_helpdesk_team_id_idx,btree,"res_users_id, helpdesk_team_id",unknown
helpdesk_team_slide_channel_rel,helpdesk_team_slide_channel_r_slide_channel_id_helpdesk_tea_idx,btree,"slide_channel_id, helpdesk_team_id",unknown
helpdesk_ticket,helpdesk_ticket__campaign_id_index,btree,campaign_id) WHERE (campaign_id IS NOT NULL,unknown
helpdesk_ticket,helpdesk_ticket__medium_id_index,btree,medium_id) WHERE (medium_id IS NOT NULL,unknown
helpdesk_ticket,helpdesk_ticket__name_index,btree,name,unknown
helpdesk_ticket,helpdesk_ticket__origin_channel_id_index,btree,origin_channel_id) WHERE (origin_channel_id IS NOT NULL,unknown
helpdesk_ticket,helpdesk_ticket__partner_id_index,btree,partner_id,unknown
helpdesk_ticket,helpdesk_ticket__source_id_index,btree,source_id) WHERE (source_id IS NOT NULL,unknown
helpdesk_ticket,helpdesk_ticket__stage_id_index,btree,stage_id,unknown
helpdesk_ticket,helpdesk_ticket__team_id_index,btree,team_id,unknown
helpdesk_ticket,helpdesk_ticket__ticket_ref_index,btree,ticket_ref,unknown
helpdesk_ticket_stock_picking_rel,helpdesk_ticket_stock_picking_stock_picking_id_helpdesk_tic_idx,btree,"stock_picking_id, helpdesk_ticket_id",unknown
hr_applicant,hr_applicant__active_index,btree,active,unknown
hr_applicant,hr_applicant__campaign_id_index,btree,campaign_id) WHERE (campaign_id IS NOT NULL,unknown
hr_applicant,hr_applicant__date_last_stage_update_index,btree,date_last_stage_update,unknown
hr_applicant,hr_applicant__email_from_index,gin,email_from public.gin_trgm_ops,unknown
hr_applicant,hr_applicant__email_normalized_index,gin,email_normalized public.gin_trgm_ops,unknown
hr_applicant,hr_applicant__employee_id_index,btree,employee_id) WHERE (employee_id IS NOT NULL,unknown
hr_applicant,hr_applicant__job_id_index,btree,job_id,unknown
hr_applicant,hr_applicant__linkedin_profile_index,btree,linkedin_profile) WHERE (linkedin_profile IS NOT NULL,unknown
hr_applicant,hr_applicant__medium_id_index,btree,medium_id) WHERE (medium_id IS NOT NULL,unknown
hr_applicant,hr_applicant__message_main_attachment_id_index,btree,message_main_attachment_id) WHERE (message_main_attachment_id IS NOT NULL,unknown
hr_applicant,hr_applicant__partner_id_index,btree,partner_id) WHERE (partner_id IS NOT NULL,unknown
hr_applicant,hr_applicant__partner_phone_index,btree,partner_phone) WHERE (partner_phone IS NOT NULL,unknown
hr_applicant,hr_applicant__partner_phone_sanitized_index,btree,partner_phone_sanitized) WHERE (partner_phone_sanitized IS NOT NULL,unknown
hr_applicant,hr_applicant__pool_applicant_id_index,btree,pool_applicant_id) WHERE (pool_applicant_id IS NOT NULL,unknown
hr_applicant,hr_applicant__sequence_index,btree,sequence,unknown
hr_applicant,hr_applicant__source_id_index,btree,source_id) WHERE (source_id IS NOT NULL,unknown
hr_applicant,hr_applicant__stage_id_index,btree,stage_id,unknown
hr_applicant_category_hr_talent_pool_rel,hr_applicant_category_hr_tale_hr_applicant_category_id_hr_t_idx,btree,"hr_applicant_category_id, hr_talent_pool_id",unknown
hr_applicant_category_talent_pool_add_applicants_rel,hr_applicant_category_talent__hr_applicant_category_id_tale_idx,btree,"hr_applicant_category_id, talent_pool_add_applicants_id",unknown
hr_applicant_hr_applicant_category_rel,hr_applicant_hr_applicant_cat_hr_applicant_category_id_hr_a_idx,btree,"hr_applicant_category_id, hr_applicant_id",unknown
hr_applicant_hr_recruitment_sign_document_wizard_rel,hr_applicant_hr_recruitment_s_hr_applicant_id_hr_recruitmen_idx,btree,"hr_applicant_id, hr_recruitment_sign_document_wizard_id",unknown
hr_applicant_hr_skill_rel,hr_applicant_hr_skill_rel_hr_skill_id_hr_applicant_id_idx,btree,"hr_skill_id, hr_applicant_id",unknown
hr_applicant_hr_talent_pool_rel,hr_applicant_hr_talent_pool_r_hr_talent_pool_id_hr_applican_idx,btree,"hr_talent_pool_id, hr_applicant_id",unknown
hr_applicant_job_add_applicants_rel,hr_applicant_job_add_applican_hr_applicant_id_job_add_appli_idx,btree,"hr_applicant_id, job_add_applicants_id",unknown
hr_applicant,hr_applicant_job_id_stage_id_idx,btree,"job_id, stage_id) WHERE (active IS TRUE",unknown
hr_applicant,hr_applicant_partner_phone_partial_gin_idx,gin,"regexp_replace((partner_phone)::text, '[\s\\./\(\)\-]'::text, ''::text, 'g'::text) public.gin_trgm_ops) WHERE (partner_phone IS NOT NULL",unknown
hr_applicant,hr_applicant_partner_phone_partial_tgm,btree,"regexp_replace((partner_phone)::text, '[\s\\./\(\)\-]'::text, ''::text, 'g'::text)) WHERE (partner_phone IS NOT NULL",unknown
hr_applicant_res_users_interviewers_rel,hr_applicant_res_users_intervi_res_users_id_hr_applicant_id_idx,btree,"res_users_id, hr_applicant_id",unknown
hr_applicant_skill,hr_applicant_skill__applicant_id_index,btree,applicant_id,unknown
hr_applicant_talent_pool_add_applicants_rel,hr_applicant_talent_pool_add__hr_applicant_id_talent_pool_a_idx,btree,"hr_applicant_id, talent_pool_add_applicants_id",unknown
hr_appraisal,hr_appraisal__date_close_index,btree,date_close,unknown
hr_appraisal,hr_appraisal__employee_id_index,btree,employee_id,unknown
hr_appraisal,hr_appraisal__state_index,btree,state,unknown
hr_appraisal_goal,hr_appraisal_goal__parent_id_index,btree,parent_id,unknown
hr_appraisal_goal,hr_appraisal_goal__parent_path_index,btree,parent_path,unknown
hr_appraisal_goal_hr_appraisal_skill_rel,hr_appraisal_goal_hr_appraisa_hr_appraisal_goal_id_hr_appra_idx,btree,"hr_appraisal_goal_id, hr_appraisal_skill_id",unknown
hr_appraisal_goal_hr_appraisal_goal_tag_rel,hr_appraisal_goal_hr_appraisa_hr_appraisal_goal_tag_id_hr_a_idx,btree,"hr_appraisal_goal_tag_id, hr_appraisal_goal_id",unknown
hr_appraisal_goal_hr_department_rel,hr_appraisal_goal_hr_departme_hr_department_id_hr_appraisal_idx,btree,"hr_department_id, hr_appraisal_goal_id",unknown
hr_appraisal_goal_hr_employee_manager_rel,hr_appraisal_goal_hr_employee_hr_employee_id_hr_appraisal__idx1,btree,"hr_employee_id, hr_appraisal_goal_id",unknown
hr_appraisal_goal_hr_employee_rel,hr_appraisal_goal_hr_employee_hr_employee_id_hr_appraisal_g_idx,btree,"hr_employee_id, hr_appraisal_goal_id",unknown
hr_appraisal_goal_hr_job_rel,hr_appraisal_goal_hr_job_rel_hr_job_id_hr_appraisal_goal_id_idx,btree,"hr_job_id, hr_appraisal_goal_id",unknown
hr_appraisal_goal_skill,hr_appraisal_goal_skill__goal_id_index,btree,goal_id,unknown
hr_appraisal_hr_employee_rel,hr_appraisal_hr_employee_rel_hr_employee_id_hr_appraisal_id_idx,btree,"hr_employee_id, hr_appraisal_id",unknown
hr_appraisal_note,hr_appraisal_note__company_id_index,btree,company_id,unknown
hr_appraisal_skill_hr_employee_rel,hr_appraisal_skill_hr_employe_hr_employee_id_hr_appraisal_s_idx,btree,"hr_employee_id, hr_appraisal_skill_id",unknown
hr_appraisal_survey_mail_compose_message_ir_attachments_rel,hr_appraisal_survey_mail_compose_me_attachment_id_wizard_id_idx,btree,"attachment_id, wizard_id",unknown
hr_appraisal_survey_survey_rel,hr_appraisal_survey_survey_re_survey_survey_id_hr_appraisal_idx,btree,"survey_survey_id, hr_appraisal_id",unknown
hr_appraisal_template_hr_department_rel,hr_appraisal_template_hr_depa_hr_appraisal_template_id_hr_d_idx,btree,"hr_appraisal_template_id, hr_department_id",unknown
hr_appraisal_template_survey_survey_rel,hr_appraisal_template_survey__survey_survey_id_hr_appraisal_idx,btree,"survey_survey_id, hr_appraisal_template_id",unknown
hr_attendance,hr_attendance__check_in_index,btree,check_in,unknown
hr_attendance,hr_attendance__date_index,btree,date,unknown
hr_attendance,hr_attendance__employee_id_index,btree,employee_id,unknown
hr_attendance_overtime_line,hr_attendance_overtime_line__date_index,btree,date,unknown
hr_attendance_overtime_line,hr_attendance_overtime_line__employee_id_index,btree,employee_id,unknown
hr_attendance_overtime_line_hr_attendance_overtime_rule_rel,hr_attendance_overtime_line_h_hr_attendance_overtime_rule_i_idx,btree,"hr_attendance_overtime_rule_id, hr_attendance_overtime_line_id",unknown
hr_attendance_overtime_rule,hr_attendance_overtime_rule__ruleset_id_index,btree,ruleset_id,unknown
hr_contract_sign_document_wizard_hr_employee_rel,hr_contract_sign_document_wiz_hr_employee_id_hr_contract_si_idx,btree,"hr_employee_id, hr_contract_sign_document_wizard_id",unknown
hr_contract_sign_document_wizard_ir_attachment_rel,hr_contract_sign_document_wiz_ir_attachment_id_hr_contract__idx,btree,"ir_attachment_id, hr_contract_sign_document_wizard_id",unknown
hr_contract_sign_document_wizard_res_partner_rel,hr_contract_sign_document_wiz_res_partner_id_hr_contract_si_idx,btree,"res_partner_id, hr_contract_sign_document_wizard_id",unknown
hr_contract_sign_document_wizard_sign_template_rel,hr_contract_sign_document_wiz_sign_template_id_hr_contract__idx,btree,"sign_template_id, hr_contract_sign_document_wizard_id",unknown
hr_department,hr_department__company_id_index,btree,company_id,unknown
hr_department,hr_department__parent_id_index,btree,parent_id,unknown
hr_department,hr_department__parent_path_index,btree,parent_path,unknown
hr_department_hr_leave_mandatory_day_rel,hr_department_hr_leave_mandat_hr_department_id_hr_leave_man_idx,btree,"hr_department_id, hr_leave_mandatory_day_id",unknown
hr_departure_wizard_hr_employee_rel,hr_departure_wizard_hr_employ_hr_employee_id_hr_departure_w_idx,btree,"hr_employee_id, hr_departure_wizard_id",unknown
hr_employee,hr_employee__company_id_index,btree,company_id,unknown
hr_employee,hr_employee__message_main_attachment_id_index,btree,message_main_attachment_id) WHERE (message_main_attachment_id IS NOT NULL,unknown
hr_employee,hr_employee__parent_id_index,btree,parent_id,unknown
hr_employee,hr_employee__resource_id_index,btree,resource_id,unknown
hr_employee,hr_employee__user_id_index,btree,user_id) WHERE (user_id IS NOT NULL,unknown
hr_employee,hr_employee__work_contact_id_index,btree,work_contact_id) WHERE (work_contact_id IS NOT NULL,unknown
hr_employee_hr_employee_cv_wizard_rel,hr_employee_hr_employee_cv_wi_hr_employee_id_hr_employee_cv_idx,btree,"hr_employee_id, hr_employee_cv_wizard_id",unknown
hr_employee_hr_employee_delete_wizard_rel,hr_employee_hr_employee_delet_hr_employee_id_hr_employee_de_idx,btree,"hr_employee_id, hr_employee_delete_wizard_id",unknown
hr_employee_hr_leave_allocation_generate_multi_wizard_rel,hr_employee_hr_leave_allocati_hr_employee_id_hr_leave_alloc_idx,btree,"hr_employee_id, hr_leave_allocation_generate_multi_wizard_id",unknown
hr_employee_hr_leave_generate_multi_wizard_rel,hr_employee_hr_leave_generate_hr_employee_id_hr_leave_gener_idx,btree,"hr_employee_id, hr_leave_generate_multi_wizard_id",unknown
hr_employee_hr_payroll_index_rel,hr_employee_hr_payroll_index__hr_employee_id_hr_payroll_ind_idx,btree,"hr_employee_id, hr_payroll_index_id",unknown
hr_employee_hr_referral_campaign_wizard_rel,hr_employee_hr_referral_campa_hr_employee_id_hr_referral_ca_idx,btree,"hr_employee_id, hr_referral_campaign_wizard_id",unknown
hr_employee_hr_salary_attachment_rel,hr_employee_hr_salary_attachm_hr_salary_attachment_id_hr_em_idx,btree,"hr_salary_attachment_id, hr_employee_id",unknown
hr_employee_hr_skill_rel,hr_employee_hr_skill_rel_hr_skill_id_hr_employee_id_idx,btree,"hr_skill_id, hr_employee_id",unknown
hr_employee_hr_work_entry_regeneration_wizard_rel,hr_employee_hr_work_entry_reg_hr_employee_id_hr_work_entry__idx,btree,"hr_employee_id, hr_work_entry_regeneration_wizard_id",unknown
hr_employee_mrp_workcenter_rel,hr_employee_mrp_workcenter_re_hr_employee_id_mrp_workcenter_idx,btree,"hr_employee_id, mrp_workcenter_id",unknown
hr_employee_mrp_workorder_rel,hr_employee_mrp_workorder_rel_hr_employee_id_mrp_workorder__idx,btree,"hr_employee_id, mrp_workorder_id",unknown
hr_employee_planning_send_rel,hr_employee_planning_send_rel_hr_employee_id_planning_send__idx,btree,"hr_employee_id, planning_send_id",unknown
hr_employee_sign_request_rel,hr_employee_sign_request_rel_sign_request_id_hr_employee_id_idx,btree,"sign_request_id, hr_employee_id",unknown
hr_employee_skill,hr_employee_skill__employee_id_index,btree,employee_id,unknown
hr_expense,hr_expense__account_move_id_index,btree,account_move_id) WHERE (account_move_id IS NOT NULL,unknown
hr_expense,hr_expense__employee_id_index,btree,employee_id,unknown
hr_expense,hr_expense__message_main_attachment_id_index,btree,message_main_attachment_id) WHERE (message_main_attachment_id IS NOT NULL,unknown
hr_expense,hr_expense__payslip_id_index,btree,payslip_id) WHERE (payslip_id IS NOT NULL,unknown
hr_expense,hr_expense__sale_order_id_index,btree,sale_order_id) WHERE (sale_order_id IS NOT NULL,unknown
hr_expense,hr_expense__sale_order_line_id_index,btree,sale_order_line_id) WHERE (sale_order_line_id IS NOT NULL,unknown
hr_expense,hr_expense__state_index,btree,state,unknown
hr_expense,hr_expense_analytic_distribution_accounts_gin_index,gin,"regexp_split_to_array((jsonb_path_query_array(analytic_distribution, '$.keyvalue().""key""'::jsonpath))::text, '\D+'::text)",unknown
hr_expense_hr_expense_approve_duplicate_rel,hr_expense_hr_expense_approve_hr_expense_id_hr_expense_appr_idx,btree,"hr_expense_id, hr_expense_approve_duplicate_id",unknown
hr_expense_hr_expense_refuse_wizard_rel,hr_expense_hr_expense_refuse__hr_expense_id_hr_expense_refu_idx,btree,"hr_expense_id, hr_expense_refuse_wizard_id",unknown
hr_expense_split,hr_expense_split_analytic_distribution_accounts_gin_index,gin,"regexp_split_to_array((jsonb_path_query_array(analytic_distribution, '$.keyvalue().""key""'::jsonpath))::text, '\D+'::text)",unknown
hr_job,hr_job__department_id_index,btree,department_id) WHERE (department_id IS NOT NULL,unknown
hr_job,hr_job__is_published_index,btree,is_published,unknown
hr_job,hr_job__name_index,gin,"((jsonb_path_query_array(name, '$.*'::jsonpath))::text) public.gin_trgm_ops",unknown
hr_job,hr_job__website_id_index,btree,website_id,unknown
hr_job_extended_interviewer_res_users,hr_job_extended_interviewer_res_user_res_users_id_hr_job_id_idx,btree,"res_users_id, hr_job_id",unknown
hr_job_hr_leave_mandatory_day_rel,hr_job_hr_leave_mandatory_day_hr_job_id_hr_leave_mandatory__idx,btree,"hr_job_id, hr_leave_mandatory_day_id",unknown
hr_job_hr_recruitment_stage_rel,hr_job_hr_recruitment_stage_r_hr_job_id_hr_recruitment_stag_idx,btree,"hr_job_id, hr_recruitment_stage_id",unknown
hr_job_hr_skill_rel,hr_job_hr_skill_rel_hr_skill_id_hr_job_id_idx,btree,"hr_skill_id, hr_job_id",unknown
hr_job_job_add_applicants_rel,hr_job_job_add_applicants_rel_hr_job_id_job_add_applicants__idx,btree,"hr_job_id, job_add_applicants_id",unknown
hr_job_res_users_rel,hr_job_res_users_rel_res_users_id_hr_job_id_idx,btree,"res_users_id, hr_job_id",unknown
hr_job_skill,hr_job_skill__job_id_index,btree,job_id,unknown
hr_leave,hr_leave__date_from_index,btree,date_from,unknown
hr_leave,hr_leave__employee_id_index,btree,employee_id,unknown
hr_leave,hr_leave__message_main_attachment_id_index,btree,message_main_attachment_id) WHERE (message_main_attachment_id IS NOT NULL,unknown
hr_leave,hr_leave__user_id_index,btree,user_id,unknown
hr_leave_accrual_level,hr_leave_accrual_level__accrual_plan_id_index,btree,accrual_plan_id,unknown
hr_leave_accrual_plan,hr_leave_accrual_plan__time_off_type_id_index,btree,time_off_type_id) WHERE (time_off_type_id IS NOT NULL,unknown
hr_leave_allocation,hr_leave_allocation__accrual_plan_id_index,btree,accrual_plan_id) WHERE (accrual_plan_id IS NOT NULL,unknown
hr_leave_allocation,hr_leave_allocation__date_from_index,btree,date_from,unknown
hr_leave_allocation,hr_leave_allocation__employee_id_index,btree,employee_id,unknown
hr_leave,hr_leave_date_to_date_from_index,btree,"date_to, date_from",unknown
hr_leave_type,hr_leave_type__work_entry_type_id_index,btree,work_entry_type_id) WHERE (work_entry_type_id IS NOT NULL,unknown
hr_leave_type_res_users_rel,hr_leave_type_res_users_rel_res_users_id_hr_leave_type_id_idx,btree,"res_users_id, hr_leave_type_id",unknown
hr_payroll_employee_declaration,hr_payroll_employee_declaration__res_id_index,btree,res_id,unknown
hr_payroll_employee_declaration,hr_payroll_employee_declaration__res_model_index,btree,res_model,unknown
hr_payroll_headcount_line,hr_payroll_headcount_line__headcount_id_index,btree,headcount_id,unknown
hr_payroll_headcount_line_hr_payroll_headcount_working_rate_rel,hr_payroll_headcount_line_hr__hr_payroll_headcount_working__idx,btree,"hr_payroll_headcount_working_rate_id, hr_payroll_headcount_line_id",unknown
hr_payroll_index_hr_version_rel,hr_payroll_index_hr_version_r_hr_version_id_hr_payroll_inde_idx,btree,"hr_version_id, hr_payroll_index_id",unknown
hr_payroll_payment_report_wizard_hr_payslip_rel,hr_payroll_payment_report_wiz_hr_payslip_id_hr_payroll_paym_idx,btree,"hr_payslip_id, hr_payroll_payment_report_wizard_id",unknown
hr_payroll_structure,hr_payroll_structure__journal_id_index,btree,((journal_id IS NOT NULL))) WHERE (journal_id IS NOT NULL,unknown
hr_payroll_structure,hr_payroll_structure__type_id_index,btree,type_id,unknown
hr_payroll_structure_hr_payslip_input_type_rel,hr_payroll_structure_hr_paysl_hr_payslip_input_type_id_hr_p_idx,btree,"hr_payslip_input_type_id, hr_payroll_structure_id",unknown
hr_payroll_structure_hr_salary_rule_section_rel,hr_payroll_structure_hr_salar_hr_payroll_structure_id_hr_sa_idx,btree,"hr_payroll_structure_id, hr_salary_rule_section_id",unknown
hr_payroll_structure_hr_work_entry_type_rel,hr_payroll_structure_hr_work__hr_work_entry_type_id_hr_payr_idx,btree,"hr_work_entry_type_id, hr_payroll_structure_id",unknown
hr_payslip,hr_payslip__employee_id_index,btree,employee_id,unknown
hr_payslip,hr_payslip__message_main_attachment_id_index,btree,message_main_attachment_id) WHERE (message_main_attachment_id IS NOT NULL,unknown
hr_payslip,hr_payslip__move_id_index,btree,move_id) WHERE (move_id IS NOT NULL,unknown
hr_payslip,hr_payslip__origin_payslip_id_index,btree,origin_payslip_id) WHERE (origin_payslip_id IS NOT NULL,unknown
hr_payslip,hr_payslip__payslip_run_id_index,btree,payslip_run_id) WHERE (payslip_run_id IS NOT NULL,unknown
hr_payslip,hr_payslip__state_index,btree,state,unknown
hr_payslip,hr_payslip__version_id_index,btree,version_id,unknown
hr_payslip_hr_salary_attachment_rel,hr_payslip_hr_salary_attachme_hr_salary_attachment_id_hr_pa_idx,btree,"hr_salary_attachment_id, hr_payslip_id",unknown
hr_payslip_input,hr_payslip_input__payslip_id_index,btree,payslip_id,unknown
hr_payslip_input,hr_payslip_input__sequence_index,btree,sequence,unknown
hr_payslip_line,hr_payslip_line__sequence_index,btree,sequence,unknown
hr_payslip_line,hr_payslip_line__slip_id_index,btree,slip_id,unknown
hr_payslip_line,hr_payslip_line__version_id_index,btree,version_id,unknown
hr_payslip_line,hr_payslip_line_slip_id_code,btree,"slip_id, code",unknown
hr_payslip_run,hr_payslip_run__state_index,btree,state,unknown
hr_payslip_worked_days,hr_payslip_worked_days__payslip_id_index,btree,payslip_id,unknown
hr_payslip_worked_days,hr_payslip_worked_days__sequence_index,btree,sequence,unknown
hr_recruitment_sign_document_wizard_ir_attachment_rel,hr_recruitment_sign_document__ir_attachment_id_hr_recruitme_idx,btree,"ir_attachment_id, hr_recruitment_sign_document_wizard_id",unknown
hr_recruitment_sign_document_wizard_res_partner_rel,hr_recruitment_sign_document__res_partner_id_hr_recruitment_idx,btree,"res_partner_id, hr_recruitment_sign_document_wizard_id",unknown
hr_recruitment_sign_document_wizard_sign_template_rel,hr_recruitment_sign_document__sign_template_id_hr_recruitme_idx,btree,"sign_template_id, hr_recruitment_sign_document_wizard_id",unknown
hr_recruitment_source,hr_recruitment_source__job_id_index,btree,job_id,unknown
hr_referral_alert_users_rel,hr_referral_alert_users_rel_user_id_alert_id_idx,btree,"user_id, alert_id",unknown
hr_referral_points,hr_referral_points__applicant_id_index,btree,applicant_id,unknown
hr_referral_points,hr_referral_points__ref_user_id_index,btree,ref_user_id,unknown
hr_resume_line,hr_resume_line__channel_id_index,btree,channel_id) WHERE (channel_id IS NOT NULL,unknown
hr_resume_line,hr_resume_line__employee_id_index,btree,employee_id,unknown
hr_rule_parameter_value,hr_rule_parameter_value__code_index,btree,code,unknown
hr_rule_parameter_value,hr_rule_parameter_value__date_from_index,btree,date_from,unknown
hr_rule_parameter_value,hr_rule_parameter_value__rule_parameter_id_index,btree,rule_parameter_id,unknown
hr_salary_rule,hr_salary_rule__account_credit_index,btree,((account_credit IS NOT NULL))) WHERE (account_credit IS NOT NULL,unknown
hr_salary_rule,hr_salary_rule__account_debit_index,btree,((account_debit IS NOT NULL))) WHERE (account_debit IS NOT NULL,unknown
hr_salary_rule,hr_salary_rule__amount_select_index,btree,amount_select,unknown
hr_salary_rule,hr_salary_rule__code_index,btree,code,unknown
hr_salary_rule,hr_salary_rule__sequence_index,btree,sequence,unknown
hr_salary_rule,hr_salary_rule__struct_id_index,btree,struct_id,unknown
hr_salary_rule,hr_salary_rule_analytic_distribution_accounts_gin_index,gin,"regexp_split_to_array((jsonb_path_query_array(analytic_distribution, '$.keyvalue().""key""'::jsonpath))::text, '\D+'::text)",unknown
hr_salary_rule_category,hr_salary_rule_category__parent_id_index,btree,parent_id,unknown
hr_salary_rule_credit_tag_rel,hr_salary_rule_credit_tag_rel_account_account_tag_id_hr_sal_idx,btree,"account_account_tag_id, hr_salary_rule_id",unknown
hr_salary_rule_debit_tag_rel,hr_salary_rule_debit_tag_rel_account_account_tag_id_hr_sala_idx,btree,"account_account_tag_id, hr_salary_rule_id",unknown
hr_skill,hr_skill__skill_type_id_index,btree,skill_type_id,unknown
hr_skill_level,hr_skill_level__skill_type_id_index,btree,skill_type_id) WHERE (skill_type_id IS NOT NULL,unknown
hr_talent_pool_talent_pool_add_applicants_rel,hr_talent_pool_talent_pool_ad_hr_talent_pool_id_talent_pool_idx,btree,"hr_talent_pool_id, talent_pool_add_applicants_id",unknown
hr_version,hr_version__department_id_index,btree,department_id,unknown
hr_version,hr_version__employee_id_index,btree,employee_id,unknown
hr_version,hr_version__job_id_index,btree,job_id,unknown
hr_version,hr_version_analytic_distribution_accounts_gin_index,gin,"regexp_split_to_array((jsonb_path_query_array(analytic_distribution, '$.keyvalue().""key""'::jsonpath))::text, '\D+'::text)",unknown
hr_version,hr_version_check_unique_date_version,btree,"employee_id, date_version) WHERE ((active = true) AND (employee_id IS NOT NULL)",unknown
hr_version_sign_request_rel,hr_version_sign_request_rel_sign_request_id_hr_version_id_idx,btree,"sign_request_id, hr_version_id",unknown
hr_work_entry,hr_work_entry__employee_id_index,btree,employee_id,unknown
hr_work_entry,hr_work_entry__overtime_id_index,btree,overtime_id) WHERE (overtime_id IS NOT NULL,unknown
hr_work_entry,hr_work_entry__planning_slot_id_index,btree,planning_slot_id) WHERE (planning_slot_id IS NOT NULL,unknown
hr_work_entry,hr_work_entry__version_id_index,btree,version_id,unknown
hr_work_entry,hr_work_entry__work_entry_type_id_index,btree,work_entry_type_id,unknown
hr_work_entry,hr_work_entry_contract_date_start_stop_idx,btree,"version_id, date) WHERE ((state)::text = ANY (ARRAY[('draft'::character varying)::text, ('validated'::character varying)::text])",unknown
iap_account_res_company_rel,iap_account_res_company_rel_res_company_id_iap_account_id_idx,btree,"res_company_id, iap_account_id",unknown
iap_account_res_users_rel,iap_account_res_users_rel_res_users_id_iap_account_id_idx,btree,"res_users_id, iap_account_id",unknown
stock_move,idx_stock_move_valuation_optimized,btree,"product_id, date) WHERE ((state)::text = 'done'::text",unknown
im_livechat_channel_country_rel,im_livechat_channel_country_rel_country_id_channel_id_idx,btree,"country_id, channel_id",unknown
im_livechat_channel_im_user,im_livechat_channel_im_user_channel_id_user_id_idx,btree,"channel_id, user_id",unknown
im_livechat_channel_member_history_im_livechat_expertise_rel,im_livechat_channel_member_hi_im_livechat_expertise_id_im_l_idx,btree,"im_livechat_expertise_id, im_livechat_channel_member_history_id",unknown
im_livechat_channel_member_history_discuss_channel_bot_rel,im_livechat_channel_member_hi_res_partner_id_discuss_chann_idx1,btree,"res_partner_id, discuss_channel_id",unknown
im_livechat_channel_member_history_discuss_channel_customer_rel,im_livechat_channel_member_hi_res_partner_id_discuss_chann_idx2,btree,"res_partner_id, discuss_channel_id",unknown
im_livechat_channel_member_history_discuss_channel_agent_rel,im_livechat_channel_member_hi_res_partner_id_discuss_channe_idx,btree,"res_partner_id, discuss_channel_id",unknown
im_livechat_channel_member_history,im_livechat_channel_member_history__channel_id_index,btree,channel_id,unknown
im_livechat_channel_member_history,im_livechat_channel_member_history__chatbot_script_id_index,btree,chatbot_script_id) WHERE (chatbot_script_id IS NOT NULL,unknown
im_livechat_channel_member_history,im_livechat_channel_member_history__guest_id_index,btree,guest_id) WHERE (guest_id IS NOT NULL,unknown
im_livechat_channel_member_history,im_livechat_channel_member_history__member_id_index,btree,member_id) WHERE (member_id IS NOT NULL,unknown
im_livechat_channel_member_history,im_livechat_channel_member_history__partner_id_index,btree,partner_id) WHERE (partner_id IS NOT NULL,unknown
im_livechat_channel_member_history,im_livechat_channel_member_history_channel_id_guest_id_unique,btree,"channel_id, guest_id) WHERE (guest_id IS NOT NULL",unknown
im_livechat_channel_member_history,im_livechat_channel_member_history_channel_id_partner_id_unique,btree,"channel_id, partner_id) WHERE (partner_id IS NOT NULL",unknown
im_livechat_channel_rule,im_livechat_channel_rule__channel_id_index,btree,channel_id) WHERE (channel_id IS NOT NULL,unknown
im_livechat_conversation_tag,im_livechat_conversation_tag_name_unique,btree,name,unknown
im_livechat_expertise,im_livechat_expertise_name_unique,btree,name,unknown
im_livechat_expertise_res_users_settings_rel,im_livechat_expertise_res_use_im_livechat_expertise_id_res__idx,btree,"im_livechat_expertise_id, res_users_settings_id",unknown
import_sale_pricelist,import_sale_pricelist__compute_price_index,btree,compute_price,unknown
iot_device,iot_device__iot_id_index,btree,iot_id,unknown
iot_device_ir_act_report_xml_rel,iot_device_ir_act_report_xml__ir_act_report_xml_id_iot_devi_idx,btree,"ir_act_report_xml_id, iot_device_id",unknown
iot_device_select_printers_wizard_rel,iot_device_select_printers_wi_iot_device_id_select_printers_idx,btree,"iot_device_id, select_printers_wizard_id",unknown
iot_device_stock_picking_type_rel,iot_device_stock_picking_type_stock_picking_type_id_iot_dev_idx,btree,"stock_picking_type_id, iot_device_id",unknown
iot_trigger,iot_trigger__device_id_index,btree,device_id,unknown
iot_trigger,iot_trigger__workcenter_id_index,btree,workcenter_id) WHERE (workcenter_id IS NOT NULL,unknown
ir_act_report_xml,ir_act_report_xml__paperformat_id_index,btree,paperformat_id) WHERE (paperformat_id IS NOT NULL,unknown
ir_act_server,ir_act_server__base_automation_id_index,btree,base_automation_id) WHERE (base_automation_id IS NOT NULL,unknown
ir_act_server,ir_act_server__model_id_index,btree,model_id,unknown
ir_act_server,ir_act_server__parent_id_index,btree,parent_id,unknown
ir_act_server_group_rel,ir_act_server_group_rel_gid_act_id_idx,btree,"gid, act_id",unknown
ir_act_server_res_partner_rel,ir_act_server_res_partner_rel_res_partner_id_ir_act_server__idx,btree,"res_partner_id, ir_act_server_id",unknown
ir_act_server_webhook_field_rel,ir_act_server_webhook_field_rel_field_id_server_id_idx,btree,"field_id, server_id",unknown
ir_act_window_group_rel,ir_act_window_group_rel_gid_act_id_idx,btree,"gid, act_id",unknown
ir_act_window_view,ir_act_window_view__act_window_id_index,btree,act_window_id) WHERE (act_window_id IS NOT NULL,unknown
ir_act_window_view,ir_act_window_view_unique_mode_per_action,btree,"act_window_id, view_mode",unknown
ir_actions_todo,ir_actions_todo__action_id_index,btree,action_id,unknown
ir_asset,ir_asset__theme_template_id_index,btree,theme_template_id) WHERE (theme_template_id IS NOT NULL,unknown
ir_attachment,ir_attachment__original_id_index,btree,original_id) WHERE (original_id IS NOT NULL,unknown
ir_attachment,ir_attachment__store_fname_index,btree,store_fname,unknown
ir_attachment,ir_attachment__theme_template_id_index,btree,theme_template_id) WHERE (theme_template_id IS NOT NULL,unknown
ir_attachment,ir_attachment__url_index,btree,url) WHERE (url IS NOT NULL,unknown
ir_attachment,ir_attachment_auto_delete_idx,btree,write_date) WHERE (auto_delete = true,unknown
ir_attachment,ir_attachment_index_content_applicant_trgm_idx,gin,index_content public.gin_trgm_ops) WHERE ((res_model)::text = 'hr.applicant'::text,unknown
ir_attachment,ir_attachment_res_idx,btree,"res_model, res_id",unknown
ir_attachment_sign_request_rel,ir_attachment_sign_request_re_ir_attachment_id_sign_request_idx,btree,"ir_attachment_id, sign_request_id",unknown
ir_attachment_sign_send_request_rel,ir_attachment_sign_send_reque_ir_attachment_id_sign_send_re_idx,btree,"ir_attachment_id, sign_send_request_id",unknown
ir_attachment_slide_channel_invite_rel,ir_attachment_slide_channel_i_ir_attachment_id_slide_channe_idx,btree,"ir_attachment_id, slide_channel_invite_id",unknown
ir_cron,ir_cron__ir_actions_server_id_index,btree,ir_actions_server_id,unknown
ir_cron_progress,ir_cron_progress__cron_id_index,btree,cron_id,unknown
ir_cron_trigger,ir_cron_trigger__call_at_index,btree,call_at,unknown
ir_cron_trigger,ir_cron_trigger__cron_id_index,btree,cron_id,unknown
ir_default,ir_default__company_id_index,btree,company_id,unknown
ir_default,ir_default__field_id_index,btree,field_id,unknown
ir_default,ir_default__user_id_index,btree,user_id,unknown
ir_embedded_actions_res_groups_rel,ir_embedded_actions_res_group_res_groups_id_ir_embedded_act_idx,btree,"res_groups_id, ir_embedded_actions_id",unknown
ir_exports,ir_exports__resource_index,btree,resource,unknown
ir_exports_line,ir_exports_line__export_id_index,btree,export_id,unknown
ir_filters,ir_filters__embedded_action_id_index,btree,embedded_action_id) WHERE (embedded_action_id IS NOT NULL,unknown
ir_filters,ir_filters_get_filters_index,btree,"model_id, action_id, embedded_action_id, embedded_parent_res_id",unknown
ir_filters_res_users_rel,ir_filters_res_users_rel_res_users_id_ir_filters_id_idx,btree,"res_users_id, ir_filters_id",unknown
ir_logging,ir_logging__dbname_index,btree,dbname,unknown
ir_logging,ir_logging__level_index,btree,level,unknown
ir_logging,ir_logging__type_index,btree,type,unknown
ir_mail_server,ir_mail_server__name_index,btree,name,unknown
ir_model_access,ir_model_access__group_id_index,btree,group_id,unknown
ir_model_access,ir_model_access__model_id_index,btree,model_id,unknown
ir_model_access,ir_model_access__name_index,btree,name,unknown
ir_model_constraint,ir_model_constraint__model_index,btree,model,unknown
ir_model_constraint,ir_model_constraint__module_index,btree,module,unknown
ir_model_constraint,ir_model_constraint__name_index,btree,name,unknown
ir_model_data,ir_model_data_model_res_id_index,btree,"model, res_id",unknown
ir_model_data,ir_model_data_module_name_uniq_index,btree,"module, name",unknown
ir_model_fields,ir_model_fields__model_id_index,btree,model_id,unknown
ir_model_fields,ir_model_fields__model_index,btree,model,unknown
ir_model_fields,ir_model_fields__name_index,btree,name,unknown
ir_model_fields,ir_model_fields__state_index,btree,state,unknown
ir_model_fields,ir_model_fields__website_form_blacklisted_index,btree,website_form_blacklisted,unknown
ir_model_fields_group_rel,ir_model_fields_group_rel_group_id_field_id_idx,btree,"group_id, field_id",unknown
ir_model_fields_selection,ir_model_fields_selection__field_id_index,btree,field_id,unknown
ir_model_fields_studio_export_model_rel,ir_model_fields_studio_export_ir_model_fields_id_studio_exp_idx,btree,"ir_model_fields_id, studio_export_model_id",unknown
ir_model_relation,ir_model_relation__model_index,btree,model,unknown
ir_model_relation,ir_model_relation__module_index,btree,module,unknown
ir_model_relation,ir_model_relation__name_index,btree,name,unknown
ir_model_spreadsheet_dashboard_rel,ir_model_spreadsheet_dashboar_ir_model_id_spreadsheet_dashb_idx,btree,"ir_model_id, spreadsheet_dashboard_id",unknown
ir_module_category,ir_module_category__parent_id_index,btree,parent_id,unknown
ir_module_module,ir_module_module__category_id_index,btree,category_id,unknown
ir_module_module,ir_module_module__state_index,btree,state,unknown
ir_module_module_dependency,ir_module_module_dependency__name_index,btree,name,unknown
ir_module_module_exclusion,ir_module_module_exclusion__name_index,btree,name,unknown
ir_profile,ir_profile__session_index,btree,session,unknown
ir_rule,ir_rule__model_id_index,btree,model_id,unknown
ir_ui_menu,ir_ui_menu__parent_id_index,btree,parent_id,unknown
ir_ui_menu,ir_ui_menu__parent_path_index,btree,parent_path,unknown
ir_ui_menu_group_rel,ir_ui_menu_group_rel_gid_menu_id_idx,btree,"gid, menu_id",unknown
ir_ui_view,ir_ui_view__inherit_id_index,btree,inherit_id,unknown
ir_ui_view,ir_ui_view__key_index,btree,key) WHERE (key IS NOT NULL,unknown
ir_ui_view,ir_ui_view__model_index,btree,model,unknown
ir_ui_view,ir_ui_view__theme_template_id_index,btree,theme_template_id) WHERE (theme_template_id IS NOT NULL,unknown
ir_ui_view_custom,ir_ui_view_custom__ref_id_index,btree,ref_id,unknown
ir_ui_view_custom,ir_ui_view_custom__user_id_index,btree,user_id,unknown
ir_ui_view_custom,ir_ui_view_custom_user_id_ref_id,btree,"user_id, ref_id",unknown
ir_ui_view_group_rel,ir_ui_view_group_rel_group_id_view_id_idx,btree,"group_id, view_id",unknown
ir_ui_view,ir_ui_view_model_type_inherit_id,btree,"model, inherit_id",unknown
jasper_report_mail_template_rel,jasper_report_mail_template_r_jasper_report_id_mail_templat_idx,btree,"jasper_report_id, mail_template_id",unknown
job_favorite_user_rel,job_favorite_user_rel_user_id_job_id_idx,btree,"user_id, job_id",unknown
link_tracker,link_tracker__campaign_id_index,btree,campaign_id) WHERE (campaign_id IS NOT NULL,unknown
link_tracker,link_tracker__medium_id_index,btree,medium_id) WHERE (medium_id IS NOT NULL,unknown
link_tracker,link_tracker__source_id_index,btree,source_id) WHERE (source_id IS NOT NULL,unknown
link_tracker_click,link_tracker_click__campaign_id_index,btree,campaign_id) WHERE (campaign_id IS NOT NULL,unknown
link_tracker_click,link_tracker_click__link_id_index,btree,link_id,unknown
link_tracker_code,link_tracker_code__link_id_index,btree,link_id,unknown
livechat_conversation_tag_rel,livechat_conversation_tag_rel_im_livechat_conversation_tag__idx,btree,"im_livechat_conversation_tag_id, discuss_channel_id",unknown
lot_label_layout_stock_move_line_rel,lot_label_layout_stock_move_l_stock_move_line_id_lot_label__idx,btree,"stock_move_line_id, lot_label_layout_id",unknown
mail_activity,mail_activity__calendar_event_id_index,btree,calendar_event_id) WHERE (calendar_event_id IS NOT NULL,unknown
mail_activity,mail_activity__date_deadline_index,btree,date_deadline,unknown
mail_activity,mail_activity__res_id_index,btree,res_id,unknown
mail_activity,mail_activity__res_model_id_index,btree,res_model_id,unknown
mail_activity,mail_activity__res_model_index,btree,res_model,unknown
mail_activity,mail_activity__studio_approval_request_id_index,btree,studio_approval_request_id,unknown
mail_activity,mail_activity__user_id_index,btree,user_id,unknown
mail_activity_plan,mail_activity_plan__department_id_index,btree,department_id) WHERE (department_id IS NOT NULL,unknown
mail_activity_plan_mail_activity_schedule_rel,mail_activity_plan_mail_activ_mail_activity_plan_id_mail_ac_idx,btree,"mail_activity_plan_id, mail_activity_schedule_id",unknown
mail_activity_plan_template,mail_activity_plan_template__plan_id_index,btree,plan_id,unknown
mail_activity_plan_template_mail_activity_type_rel,mail_activity_plan_template_m_mail_activity_type_id_mail_ac_idx,btree,"mail_activity_type_id, mail_activity_plan_template_id",unknown
mail_activity_rel,mail_activity_rel_recommended_id_activity_id_idx,btree,"recommended_id, activity_id",unknown
mail_activity_todo_create,mail_activity_todo_create__date_deadline_index,btree,date_deadline,unknown
mail_activity_type,mail_activity_type__create_uid_index,btree,create_uid,unknown
mail_activity_type_mail_template_rel,mail_activity_type_mail_templ_mail_template_id_mail_activit_idx,btree,"mail_template_id, mail_activity_type_id",unknown
mail_alias,mail_alias__alias_full_name_index,btree,alias_full_name) WHERE (alias_full_name IS NOT NULL,unknown
mail_alias,mail_alias_name_domain_unique,btree,"alias_name, COALESCE(alias_domain_id, 0)",unknown
mail_blacklist,mail_blacklist__email_index,gin,email public.gin_trgm_ops,unknown
mail_canned_response,mail_canned_response__source_index,gin,source public.gin_trgm_ops,unknown
mail_canned_response_res_groups_rel,mail_canned_response_res_grou_res_groups_id_mail_canned_res_idx,btree,"res_groups_id, mail_canned_response_id",unknown
mail_compose_message_ir_attachments_rel,mail_compose_message_ir_attachments_attachment_id_wizard_id_idx,btree,"attachment_id, wizard_id",unknown
mail_compose_message_res_partner_rel,mail_compose_message_res_partner_rel_partner_id_wizard_id_idx,btree,"partner_id, wizard_id",unknown
mail_followers,mail_followers__partner_id_index,btree,partner_id,unknown
mail_followers,mail_followers__res_id_index,btree,res_id,unknown
mail_followers,mail_followers__res_model_index,btree,res_model,unknown
mail_followers_edit_res_partner_rel,mail_followers_edit_res_partn_res_partner_id_mail_followers_idx,btree,"res_partner_id, mail_followers_edit_id",unknown
mail_followers_mail_message_subtype_rel,mail_followers_mail_message_s_mail_message_subtype_id_mail__idx,btree,"mail_message_subtype_id, mail_followers_id",unknown
mail_gateway_allowed,mail_gateway_allowed__email_normalized_index,btree,email_normalized,unknown
mail_link_preview,mail_link_preview__create_date_index,btree,create_date,unknown
mail_link_preview,mail_link_preview_unique_source_url,btree,source_url,unknown
mail_mail,mail_mail__fetchmail_server_id_index,btree,fetchmail_server_id) WHERE (fetchmail_server_id IS NOT NULL,unknown
mail_mail,mail_mail__mail_message_id_index,btree,mail_message_id,unknown
mail_mail_res_partner_rel,mail_mail_res_partner_rel_res_partner_id_mail_mail_id_idx,btree,"res_partner_id, mail_mail_id",unknown
mail_message,mail_message__author_id_index,btree,author_id,unknown
mail_message,mail_message__mail_activity_type_id_index,btree,mail_activity_type_id) WHERE (mail_activity_type_id IS NOT NULL,unknown
mail_message,mail_message__message_id_index,btree,message_id,unknown
mail_message,mail_message__parent_id_index,btree,parent_id) WHERE (parent_id IS NOT NULL,unknown
mail_message,mail_message__subtype_id_index,btree,subtype_id,unknown
mail_message,mail_message_date_res_id_id_for_burndown_chart,btree,"date, res_id, id) WHERE (((model)::text = 'project.task'::text) AND ((message_type)::text = 'notification'::text)",unknown
mail_message_link_preview,mail_message_link_preview__link_preview_id_index,btree,link_preview_id,unknown
mail_message_link_preview,mail_message_link_preview__message_id_index,btree,message_id,unknown
mail_message_link_preview,mail_message_link_preview_unique_message_link_preview,btree,"message_id, link_preview_id",unknown
mail_message,mail_message_model_res_id_id_idx,btree,"model, res_id, id",unknown
mail_message,mail_message_model_res_id_idx,btree,"model, res_id",unknown
mail_message_reaction,mail_message_reaction__message_id_index,btree,message_id,unknown
mail_message_reaction,mail_message_reaction_guest_unique,btree,"message_id, content, guest_id) WHERE (guest_id IS NOT NULL",unknown
mail_message_reaction,mail_message_reaction_partner_unique,btree,"message_id, content, partner_id) WHERE (partner_id IS NOT NULL",unknown
mail_message_res_partner_rel,mail_message_res_partner_rel_res_partner_id_mail_message_id_idx,btree,"res_partner_id, mail_message_id",unknown
mail_message_res_partner_starred_rel,mail_message_res_partner_star_res_partner_id_mail_message_i_idx,btree,"res_partner_id, mail_message_id",unknown
mail_message_translation,mail_message_translation__create_date_index,btree,create_date,unknown
mail_message_translation,mail_message_translation_unique,btree,"message_id, target_lang",unknown
mail_notification,mail_notification__is_read_index,btree,is_read,unknown
mail_notification,mail_notification__letter_id_index,btree,letter_id) WHERE (letter_id IS NOT NULL,unknown
mail_notification,mail_notification__mail_mail_id_index,btree,mail_mail_id,unknown
mail_notification,mail_notification__mail_message_id_index,btree,mail_message_id,unknown
mail_notification,mail_notification__notification_status_index,btree,notification_status,unknown
mail_notification,mail_notification__notification_type_index,btree,notification_type,unknown
mail_notification,mail_notification__res_partner_id_index,btree,res_partner_id,unknown
mail_notification,mail_notification__sms_id_int_index,btree,sms_id_int) WHERE (sms_id_int IS NOT NULL,unknown
mail_notification,mail_notification_author_id_notification_status_failure,btree,"author_id, notification_status) WHERE ((notification_status)::text = ANY (ARRAY[('bounce'::character varying)::text, ('exception'::character varying)::text])",unknown
mail_notification,mail_notification_res_partner_id_is_read_notification__e5e0b7fb,btree,"res_partner_id, is_read, notification_status, mail_message_id",unknown
mail_notification,mail_notification_unique_mail_message_id_res_partner_id_,btree,"mail_message_id, res_partner_id) WHERE (res_partner_id IS NOT NULL",unknown
mail_presence,mail_presence_guest_unique,btree,guest_id) WHERE (guest_id IS NOT NULL,unknown
mail_presence,mail_presence_user_unique,btree,user_id) WHERE (user_id IS NOT NULL,unknown
mail_push_device,mail_push_device__partner_id_index,btree,partner_id,unknown
mail_scheduled_message_res_partner_rel,mail_scheduled_message_res_pa_res_partner_id_mail_scheduled_idx,btree,"res_partner_id, mail_scheduled_message_id",unknown
mail_template,mail_template__mail_server_id_index,btree,mail_server_id) WHERE (mail_server_id IS NOT NULL,unknown
mail_template,mail_template__model_index,btree,model,unknown
mail_template_ir_actions_report_rel,mail_template_ir_actions_repo_ir_actions_report_id_mail_tem_idx,btree,"ir_actions_report_id, mail_template_id",unknown
mail_template_mail_template_reset_rel,mail_template_mail_template_r_mail_template_id_mail_templat_idx,btree,"mail_template_id, mail_template_reset_id",unknown
mail_tracking_value,mail_tracking_value__field_id_index,btree,field_id,unknown
mail_tracking_value,mail_tracking_value__mail_message_id_index,btree,mail_message_id,unknown
mail_tracking_value,mail_tracking_value_mail_message_id_old_value_integer__4ed616a5,btree,"mail_message_id, old_value_integer) WHERE (field_id = 23547",unknown
maintenance_equipment,maintenance_equipment__category_id_index,btree,category_id) WHERE (category_id IS NOT NULL,unknown
maintenance_equipment,maintenance_equipment__employee_id_index,btree,employee_id) WHERE (employee_id IS NOT NULL,unknown
maintenance_equipment,maintenance_equipment__eq_format_index,btree,eq_format,unknown
maintenance_equipment,maintenance_equipment__internal_ref_index,btree,internal_ref,unknown
maintenance_equipment,maintenance_equipment__maintenance_team_id_index,btree,maintenance_team_id) WHERE (maintenance_team_id IS NOT NULL,unknown
maintenance_equipment,maintenance_equipment__owner_user_id_index,btree,owner_user_id) WHERE (owner_user_id IS NOT NULL,unknown
maintenance_equipment,maintenance_equipment__ref_mt_index,btree,ref_mt,unknown
maintenance_equipment,maintenance_equipment__sequence_no_index,btree,sequence_no,unknown
maintenance_equipment,maintenance_equipment__workcenter_id_index,btree,workcenter_id) WHERE (workcenter_id IS NOT NULL,unknown
maintenance_equipment_category,maintenance_equipment_category__code_index,btree,code,unknown
maintenance_request,maintenance_request__category_id_index,btree,category_id) WHERE (category_id IS NOT NULL,unknown
maintenance_request,maintenance_request__equipment_id_index,btree,equipment_id,unknown
maintenance_request,maintenance_request__maintenance_team_id_index,btree,maintenance_team_id,unknown
maintenance_request,maintenance_request__production_id_index,btree,production_id) WHERE (production_id IS NOT NULL,unknown
maintenance_request,maintenance_request__workcenter_id_index,btree,workcenter_id) WHERE (workcenter_id IS NOT NULL,unknown
maintenance_request_resource_calendar_leaves_rel,maintenance_request_resource__resource_calendar_leaves_id_m_idx,btree,"resource_calendar_leaves_id, maintenance_request_id",unknown
maintenance_team_users_rel,maintenance_team_users_rel_res_users_id_maintenance_team_id_idx,btree,"res_users_id, maintenance_team_id",unknown
managers,managers_hr_employee_id_hr_appraisal_campaign_wizard_id_idx,btree,"hr_employee_id, hr_appraisal_campaign_wizard_id",unknown
masterfile_partcode,masterfile_partcode__name_index,btree,name,unknown
meeting_category_rel,meeting_category_rel_type_id_event_id_idx,btree,"type_id, event_id",unknown
merge_opportunity_rel,merge_opportunity_rel_opportunity_id_merge_id_idx,btree,"opportunity_id, merge_id",unknown
message_attachment_rel,message_attachment_rel_attachment_id_message_id_idx,btree,"attachment_id, message_id",unknown
module_country,module_country_country_id_module_id_idx,btree,"country_id, module_id",unknown
mrp_account_wip_accounting_mrp_production_rel,mrp_account_wip_accounting_mr_mrp_production_id_mrp_account_idx,btree,"mrp_production_id, mrp_account_wip_accounting_id",unknown
mrp_bom,mrp_bom__company_id_index,btree,company_id,unknown
mrp_bom,mrp_bom__product_id_index,btree,product_id,unknown
mrp_bom,mrp_bom__product_tmpl_id_index,btree,product_tmpl_id,unknown
mrp_bom_byproduct,mrp_bom_byproduct__bom_id_index,btree,bom_id,unknown
mrp_bom_byproduct,mrp_bom_byproduct__company_id_index,btree,company_id,unknown
mrp_bom_byproduct_product_template_attribute_value_rel,mrp_bom_byproduct_product_tem_product_template_attribute_va_idx,btree,"product_template_attribute_value_id, mrp_bom_byproduct_id",unknown
mrp_bom_line,mrp_bom_line__bom_id_index,btree,bom_id,unknown
mrp_bom_line,mrp_bom_line__company_id_index,btree,company_id,unknown
mrp_bom_line,mrp_bom_line__product_id_index,btree,product_id,unknown
mrp_bom_line,mrp_bom_line__product_tmpl_id_index,btree,product_tmpl_id,unknown
mrp_bom_line_product_template_attribute_value_rel,mrp_bom_line_product_template_product_template_attribute_va_idx,btree,"product_template_attribute_value_id, mrp_bom_line_id",unknown
mrp_bom_stock_replenishment_info_rel,mrp_bom_stock_replenishment_i_mrp_bom_id_stock_replenishmen_idx,btree,"mrp_bom_id, stock_replenishment_info_id",unknown
mrp_bom_subcontractor,mrp_bom_subcontractor_res_partner_id_mrp_bom_id_idx,btree,"res_partner_id, mrp_bom_id",unknown
mrp_consumption_warning_mrp_production_rel,mrp_consumption_warning_mrp_p_mrp_production_id_mrp_consump_idx,btree,"mrp_production_id, mrp_consumption_warning_id",unknown
mrp_eco,mrp_eco__new_bom_id_index,btree,new_bom_id) WHERE (new_bom_id IS NOT NULL,unknown
mrp_eco,mrp_eco__priority_index,btree,priority,unknown
mrp_eco,mrp_eco__product_tmpl_id_index,btree,product_tmpl_id) WHERE (product_tmpl_id IS NOT NULL,unknown
mrp_eco,mrp_eco__production_id_index,btree,production_id) WHERE (production_id IS NOT NULL,unknown
mrp_eco,mrp_eco__state_index,btree,state,unknown
mrp_eco_approval,mrp_eco_approval__eco_id_index,btree,eco_id,unknown
mrp_eco_approval,mrp_eco_approval__status_index,btree,status,unknown
mrp_eco_approval_template,mrp_eco_approval_template__approval_type_index,btree,approval_type,unknown
mrp_eco_approval_template,mrp_eco_approval_template__stage_id_index,btree,stage_id,unknown
mrp_eco_approval_template_res_users_rel,mrp_eco_approval_template_res_res_users_id_mrp_eco_approval_idx,btree,"res_users_id, mrp_eco_approval_template_id",unknown
mrp_eco_bom_change,mrp_eco_bom_change__eco_id_index,btree,eco_id,unknown
mrp_eco_bom_change,mrp_eco_bom_change__eco_rebase_id_index,btree,eco_rebase_id) WHERE (eco_rebase_id IS NOT NULL,unknown
mrp_eco_bom_change,mrp_eco_bom_change__rebase_id_index,btree,rebase_id) WHERE (rebase_id IS NOT NULL,unknown
mrp_eco_mrp_eco_tag_rel,mrp_eco_mrp_eco_tag_rel_mrp_eco_tag_id_mrp_eco_id_idx,btree,"mrp_eco_tag_id, mrp_eco_id",unknown
mrp_eco_routing_change,mrp_eco_routing_change__eco_id_index,btree,eco_id,unknown
mrp_eco_stage_type_rel,mrp_eco_stage_type_rel_stage_id_type_id_idx,btree,"stage_id, type_id",unknown
mrp_mps_forecast_details_purchase_order_line_rel,mrp_mps_forecast_details_purc_purchase_order_line_id_mrp_mp_idx,btree,"purchase_order_line_id, mrp_mps_forecast_details_id",unknown
mrp_mps_forecast_details_stock_move_rel,mrp_mps_forecast_details_stoc_stock_move_id_mrp_mps_forecas_idx,btree,"stock_move_id, mrp_mps_forecast_details_id",unknown
mrp_product_forecast,mrp_product_forecast__production_schedule_id_index,btree,production_schedule_id,unknown
mrp_production,mrp_production__company_id_index,btree,company_id,unknown
mrp_production,mrp_production__date_start_index,btree,date_start,unknown
mrp_production,mrp_production__orderpoint_id_index,btree,orderpoint_id) WHERE (orderpoint_id IS NOT NULL,unknown
mrp_production,mrp_production__picking_type_id_index,btree,picking_type_id,unknown
mrp_production,mrp_production__production_group_id_index,btree,production_group_id,unknown
mrp_production,mrp_production__reservation_state_index,btree,reservation_state,unknown
mrp_production,mrp_production__state_index,btree,state,unknown
mrp_production_group,mrp_production_group__name_index,btree,name,unknown
mrp_production_group_rel,mrp_production_group_rel_child_group_id_parent_group_id_idx,btree,"child_group_id, parent_group_id",unknown
mrp_production_mrp_production_backorder_rel,mrp_production_mrp_production_mrp_production_id_mrp_product_idx,btree,"mrp_production_id, mrp_production_backorder_id",unknown
mrp_production_picking_label_type_rel,mrp_production_picking_label__mrp_production_id_picking_lab_idx,btree,"mrp_production_id, picking_label_type_id",unknown
mrp_production_schedule,mrp_production_schedule__product_id_index,btree,product_id,unknown
mrp_production_stock_landed_cost_rel,mrp_production_stock_landed_c_mrp_production_id_stock_lande_idx,btree,"mrp_production_id, stock_landed_cost_id",unknown
mrp_production_stock_lot_rel,mrp_production_stock_lot_rel_stock_lot_id_mrp_production_id_idx,btree,"stock_lot_id, mrp_production_id",unknown
mrp_routing_workcenter,mrp_routing_workcenter__bom_id_index,btree,bom_id,unknown
mrp_routing_workcenter,mrp_routing_workcenter__workcenter_id_index,btree,workcenter_id,unknown
mrp_routing_workcenter_dependencies_rel,mrp_routing_workcenter_dependenc_blocked_by_id_operation_id_idx,btree,"blocked_by_id, operation_id",unknown
mrp_routing_workcenter_product_template_attribute_value_rel,mrp_routing_workcenter_produc_product_template_attribute_va_idx,btree,"product_template_attribute_value_id, mrp_routing_workcenter_id",unknown
mrp_unbuild,mrp_unbuild__company_id_index,btree,company_id,unknown
mrp_unbuild,mrp_unbuild__mo_id_index,btree,mo_id) WHERE (mo_id IS NOT NULL,unknown
mrp_workcenter,mrp_workcenter__company_id_index,btree,company_id,unknown
mrp_workcenter,mrp_workcenter__maintenance_team_id_index,btree,maintenance_team_id) WHERE (maintenance_team_id IS NOT NULL,unknown
mrp_workcenter,mrp_workcenter__resource_calendar_id_index,btree,resource_calendar_id,unknown
mrp_workcenter,mrp_workcenter__resource_id_index,btree,resource_id,unknown
mrp_workcenter_alternative_rel,mrp_workcenter_alternative_re_alternative_workcenter_id_wor_idx,btree,"alternative_workcenter_id, workcenter_id",unknown
mrp_workcenter,mrp_workcenter_analytic_distribution_accounts_gin_index,gin,"regexp_split_to_array((jsonb_path_query_array(analytic_distribution, '$.keyvalue().""key""'::jsonpath))::text, '\D+'::text)",unknown
mrp_workcenter_capacity,mrp_workcenter_capacity__workcenter_id_index,btree,workcenter_id,unknown
mrp_workcenter_capacity,mrp_workcenter_capacity_workcenter_product_product_uom_unique,btree,"workcenter_id, COALESCE(product_id, 0), product_uom_id",unknown
mrp_workcenter_mrp_workcenter_tag_rel,mrp_workcenter_mrp_workcenter_mrp_workcenter_tag_id_mrp_wor_idx,btree,"mrp_workcenter_tag_id, mrp_workcenter_id",unknown
mrp_workcenter_productivity,mrp_workcenter_productivity__company_id_index,btree,company_id,unknown
mrp_workcenter_productivity,mrp_workcenter_productivity__workcenter_id_index,btree,workcenter_id,unknown
mrp_workcenter_productivity,mrp_workcenter_productivity__workorder_id_index,btree,workorder_id,unknown
mrp_workorder,mrp_workorder__operation_id_index,btree,operation_id) WHERE (operation_id IS NOT NULL,unknown
mrp_workorder,mrp_workorder__production_id_index,btree,production_id,unknown
mrp_workorder,mrp_workorder__state_index,btree,state,unknown
mrp_workorder,mrp_workorder__workcenter_id_index,btree,workcenter_id,unknown
mrp_workorder_additional_employee_assigned,mrp_workorder_additional_empl_employee_id_additional_workor_idx,btree,"employee_id, additional_workorder_id",unknown
mrp_workorder_dependencies_rel,mrp_workorder_dependencies_rel_blocked_by_id_workorder_id_idx,btree,"blocked_by_id, workorder_id",unknown
mrp_workorder_employee_assigned,mrp_workorder_employee_assigned_employee_id_workorder_id_idx,btree,"employee_id, workorder_id",unknown
mrp_workorder_mo_analytic_rel,mrp_workorder_mo_analytic_rel_account_analytic_line_id_mrp__idx,btree,"account_analytic_line_id, mrp_workorder_id",unknown
mrp_workorder_quality_point_rel,mrp_workorder_quality_point_r_quality_point_id_mrp_workorde_idx,btree,"quality_point_id, mrp_workorder_id",unknown
mrp_workorder_wc_analytic_rel,mrp_workorder_wc_analytic_rel_account_analytic_line_id_mrp__idx,btree,"account_analytic_line_id, mrp_workorder_id",unknown
onboarding_onboarding_onboarding_onboarding_step_rel,onboarding_onboarding_onboard_onboarding_onboarding_step_id_idx,btree,"onboarding_onboarding_step_id, onboarding_onboarding_id",unknown
onboarding_progress,onboarding_progress__onboarding_id_index,btree,onboarding_id,unknown
onboarding_progress_onboarding_progress_step_rel,onboarding_progress_onboardin_onboarding_progress_step_id_o_idx,btree,"onboarding_progress_step_id, onboarding_progress_id",unknown
onboarding_progress,onboarding_progress_onboarding_company_uniq,btree,"onboarding_id, COALESCE(company_id, 0)",unknown
onboarding_progress_step,onboarding_progress_step__step_id_index,btree,step_id,unknown
onboarding_progress_step,onboarding_progress_step_company_uniq,btree,"step_id, COALESCE(company_id, 0)",unknown
payment_capture_wizard_payment_transaction_rel,payment_capture_wizard_paymen_payment_transaction_id_paymen_idx,btree,"payment_transaction_id, payment_capture_wizard_id",unknown
payment_country_rel,payment_country_rel_country_id_payment_id_idx,btree,"country_id, payment_id",unknown
payment_currency_rel,payment_currency_rel_currency_id_payment_provider_id_idx,btree,"currency_id, payment_provider_id",unknown
payment_method,payment_method__primary_payment_method_id_index,btree,primary_payment_method_id) WHERE (primary_payment_method_id IS NOT NULL,unknown
payment_method_payment_provider_rel,payment_method_payment_provid_payment_provider_id_payment_m_idx,btree,"payment_provider_id, payment_method_id",unknown
payment_method_res_country_rel,payment_method_res_country_re_res_country_id_payment_method_idx,btree,"res_country_id, payment_method_id",unknown
payment_method_res_currency_rel,payment_method_res_currency_r_res_currency_id_payment_metho_idx,btree,"res_currency_id, payment_method_id",unknown
payment_provider,payment_provider__company_id_index,btree,company_id,unknown
payment_token,payment_token__company_id_index,btree,company_id,unknown
payment_token,payment_token__partner_id_index,btree,partner_id,unknown
payment_transaction,payment_transaction__company_id_index,btree,company_id,unknown
payment_transaction,payment_transaction__operation_index,btree,operation,unknown
payment_transaction,payment_transaction__source_transaction_id_index,btree,source_transaction_id) WHERE (source_transaction_id IS NOT NULL,unknown
payment_transaction,payment_transaction__state_index,btree,state,unknown
payment_transaction,payment_transaction__token_id_index,btree,token_id) WHERE (token_id IS NOT NULL,unknown
payslip_tags_table,payslip_tags_table_documents_tag_id_res_company_id_idx,btree,"documents_tag_id, res_company_id",unknown
picking_label_type_stock_picking_rel,picking_label_type_stock_pick_stock_picking_id_picking_labe_idx,btree,"stock_picking_id, picking_label_type_id",unknown
picking_type_favorite_user_rel,picking_type_favorite_user_rel_user_id_picking_type_id_idx,btree,"user_id, picking_type_id",unknown
planning_calendar_resource,planning_calendar_resource__user_id_index,btree,user_id,unknown
planning_send_planning_slot_rel,planning_send_planning_slot_r_planning_slot_id_planning_sen_idx,btree,"planning_slot_id, planning_send_id",unknown
planning_slot,planning_slot__recurrency_id_index,btree,recurrency_id,unknown
planning_slot,planning_slot__sale_line_id_index,btree,sale_line_id,unknown
planning_slot_template,planning_slot_template__sequence_index,btree,sequence,unknown
portal_share_res_partner_rel,portal_share_res_partner_rel_res_partner_id_portal_share_id_idx,btree,"res_partner_id, portal_share_id",unknown
portal_wizard_res_partner_rel,portal_wizard_res_partner_rel_res_partner_id_portal_wizard__idx,btree,"res_partner_id, portal_wizard_id",unknown
product_accessory_rel,product_accessory_rel_dest_id_src_id_idx,btree,"dest_id, src_id",unknown
product_alternative_rel,product_alternative_rel_dest_id_src_id_idx,btree,"dest_id, src_id",unknown
product_attr_exclusion_value_ids_rel,product_attr_exclusion_value__product_template_attribute_va_idx,btree,"product_template_attribute_value_id, product_template_attribute_exclusion_id",unknown
product_attribute,product_attribute__category_id_index,btree,category_id,unknown
product_attribute,product_attribute__sequence_index,btree,sequence,unknown
product_attribute_category,product_attribute_category__sequence_index,btree,sequence,unknown
product_attribute_custom_value,product_attribute_custom_value__sale_order_line_id_index,btree,sale_order_line_id) WHERE (sale_order_line_id IS NOT NULL,unknown
product_attribute_product_template_rel,product_attribute_product_tem_product_template_id_product_a_idx,btree,"product_template_id, product_attribute_id",unknown
product_attribute_value,product_attribute_value__attribute_id_index,btree,attribute_id,unknown
product_attribute_value,product_attribute_value__sequence_index,btree,sequence,unknown
product_attribute_value_product_template_attribute_line_rel,product_attribute_value_produ_product_template_attribute_li_idx,btree,"product_template_attribute_line_id, product_attribute_value_id",unknown
product_category,product_category__name_index,gin,name public.gin_trgm_ops,unknown
product_category,product_category__parent_id_index,btree,parent_id,unknown
product_category,product_category__parent_path_index,btree,parent_path,unknown
product_category,product_category__property_account_expense_categ_id_index,btree,((property_account_expense_categ_id IS NOT NULL))) WHERE (property_account_expense_categ_id IS NOT NULL,unknown
product_category,product_category__property_account_income_categ_id_index,btree,((property_account_income_categ_id IS NOT NULL))) WHERE (property_account_income_categ_id IS NOT NULL,unknown
product_category,product_category__property_cost_method_index,btree,((property_cost_method IS NOT NULL))) WHERE (property_cost_method IS NOT NULL,unknown
product_category,product_category__property_price_difference_account_id_index,btree,((property_price_difference_account_id IS NOT NULL))) WHERE (property_price_difference_account_id IS NOT NULL,unknown
product_category,product_category__property_stock_account_production_co_a9ab1a9e,btree,((property_stock_account_production_cost_id IS NOT NULL))) WHERE (property_stock_account_production_cost_id IS NOT NULL,unknown
product_category,product_category__property_stock_journal_index,btree,((property_stock_journal IS NOT NULL))) WHERE (property_stock_journal IS NOT NULL,unknown
product_category,product_category__property_stock_valuation_account_id_index,btree,((property_stock_valuation_account_id IS NOT NULL))) WHERE (property_stock_valuation_account_id IS NOT NULL,unknown
product_category,product_category__property_valuation_index,btree,((property_valuation IS NOT NULL))) WHERE (property_valuation IS NOT NULL,unknown
product_category_quality_point_rel,product_category_quality_poin_product_category_id_quality_p_idx,btree,"product_category_id, quality_point_id",unknown
product_category_stock_picking_type_rel,product_category_stock_pickin_product_category_id_stock_pic_idx,btree,"product_category_id, stock_picking_type_id",unknown
product_combo,product_combo__company_id_index,btree,company_id,unknown
product_combo_item,product_combo_item__combo_id_index,btree,combo_id,unknown
product_combo_product_template_rel,product_combo_product_templat_product_combo_id_product_temp_idx,btree,"product_combo_id, product_template_id",unknown
product_customer_info,product_customer_info__company_id_index,btree,company_id,unknown
product_customer_info,product_customer_info__product_tmpl_id_index,btree,product_tmpl_id,unknown
product_document_sale_pdf_form_field_rel,product_document_sale_pdf_for_sale_pdf_form_field_id_produc_idx,btree,"sale_pdf_form_field_id, product_document_id",unknown
product_feed_product_public_category_rel,product_feed_product_public_c_product_public_category_id_pr_idx,btree,"product_public_category_id, product_feed_id",unknown
product_fetch_image_wizard_product_product_rel,product_fetch_image_wizard_pr_product_product_id_product_fe_idx,btree,"product_product_id, product_fetch_image_wizard_id",unknown
product_image,product_image__product_tmpl_id_index,btree,product_tmpl_id,unknown
product_image,product_image__product_variant_id_index,btree,product_variant_id,unknown
product_label_layout_product_product_rel,product_label_layout_product__product_product_id_product_la_idx,btree,"product_product_id, product_label_layout_id",unknown
product_label_layout_product_template_rel,product_label_layout_product__product_template_id_product_l_idx,btree,"product_template_id, product_label_layout_id",unknown
product_label_layout_stock_move_rel,product_label_layout_stock_mo_stock_move_id_product_label_l_idx,btree,"stock_move_id, product_label_layout_id",unknown
product_optional_rel,product_optional_rel_dest_id_src_id_idx,btree,"dest_id, src_id",unknown
product_pricelist_item,product_pricelist_item__compute_price_index,btree,compute_price,unknown
product_pricelist_item,product_pricelist_item__pricelist_id_index,btree,pricelist_id,unknown
product_pricelist_item,product_pricelist_item__product_id_index,btree,product_id) WHERE (product_id IS NOT NULL,unknown
product_pricelist_item,product_pricelist_item__product_tmpl_id_index,btree,product_tmpl_id) WHERE (product_tmpl_id IS NOT NULL,unknown
product_product,product_product__barcode_index,btree,barcode) WHERE (barcode IS NOT NULL,unknown
product_product,product_product__combination_indices_index,btree,combination_indices,unknown
product_product,product_product__default_code_index,btree,default_code,unknown
product_product,product_product__product_tmpl_id_index,btree,product_tmpl_id,unknown
product_product,product_product__standard_price_index,btree,((standard_price IS NOT NULL))) WHERE (standard_price IS NOT NULL,unknown
product_product,product_product_combination_unique,btree,"product_tmpl_id, combination_indices) WHERE (active IS TRUE",unknown
product_product,product_product_is_favorite_index,btree,is_favorite) WHERE (is_favorite IS TRUE,unknown
product_product_quality_point_rel,product_product_quality_point_product_product_id_quality_po_idx,btree,"product_product_id, quality_point_id",unknown
product_public_category,product_public_category__parent_id_index,btree,parent_id,unknown
product_public_category,product_public_category__parent_path_index,btree,parent_path,unknown
product_public_category,product_public_category__sequence_index,btree,sequence,unknown
product_public_category,product_public_category__website_id_index,btree,website_id,unknown
product_public_category_product_template_rel,product_public_category_produ_product_template_id_product_p_idx,btree,"product_template_id, product_public_category_id",unknown
product_supplier_taxes_rel,product_supplier_taxes_rel_tax_id_prod_id_idx,btree,"tax_id, prod_id",unknown
product_supplierinfo,product_supplierinfo__company_id_index,btree,company_id,unknown
product_supplierinfo,product_supplierinfo__product_tmpl_id_index,btree,product_tmpl_id,unknown
product_supplierinfo,product_supplierinfo__purchase_requisition_line_id_index,btree,purchase_requisition_line_id) WHERE (purchase_requisition_line_id IS NOT NULL,unknown
product_supplierinfo_stock_replenishment_info_rel,product_supplierinfo_stock_re_product_supplierinfo_id_stock_idx,btree,"product_supplierinfo_id, stock_replenishment_info_id",unknown
product_tag,product_tag__website_id_index,btree,website_id,unknown
product_tag_delivery_carrier_excluded_rel,product_tag_delivery_carrier__product_tag_id_delivery_carr_idx1,btree,"product_tag_id, delivery_carrier_id",unknown
product_tag_delivery_carrier_must_have_rel,product_tag_delivery_carrier__product_tag_id_delivery_carri_idx,btree,"product_tag_id, delivery_carrier_id",unknown
product_tag_product_product_rel,product_tag_product_product_r_product_tag_id_product_produc_idx,btree,"product_tag_id, product_product_id",unknown
product_tag_product_template_rel,product_tag_product_template__product_tag_id_product_templa_idx,btree,"product_tag_id, product_template_id",unknown
product_tags_table,product_tags_table_documents_tag_id_res_company_id_idx,btree,"documents_tag_id, res_company_id",unknown
product_taxes_rel,product_taxes_rel_tax_id_prod_id_idx,btree,"tax_id, prod_id",unknown
product_template,product_template__company_id_index,btree,company_id,unknown
product_template,product_template__description_index,gin,"((jsonb_path_query_array(description, '$.*'::jsonpath))::text) public.gin_trgm_ops",unknown
product_template,product_template__description_sale_index,gin,"((jsonb_path_query_array(description_sale, '$.*'::jsonpath))::text) public.gin_trgm_ops",unknown
product_template,product_template__is_published_index,btree,is_published,unknown
product_template,product_template__name_index,gin,"((jsonb_path_query_array(name, '$.*'::jsonpath))::text) public.gin_trgm_ops",unknown
product_template,product_template__planning_role_id_index,btree,planning_role_id) WHERE (planning_role_id IS NOT NULL,unknown
product_template,product_template__project_id_index,btree,((project_id IS NOT NULL))) WHERE (project_id IS NOT NULL,unknown
product_template,product_template__project_template_id_index,btree,((project_template_id IS NOT NULL))) WHERE (project_template_id IS NOT NULL,unknown
product_template,product_template__property_account_expense_id_index,btree,((property_account_expense_id IS NOT NULL))) WHERE (property_account_expense_id IS NOT NULL,unknown
product_template,product_template__property_account_income_id_index,btree,((property_account_income_id IS NOT NULL))) WHERE (property_account_income_id IS NOT NULL,unknown
product_template,product_template__property_price_difference_account_id_index,btree,((property_price_difference_account_id IS NOT NULL))) WHERE (property_price_difference_account_id IS NOT NULL,unknown
product_template,product_template__property_stock_inventory_index,btree,((property_stock_inventory IS NOT NULL))) WHERE (property_stock_inventory IS NOT NULL,unknown
product_template,product_template__property_stock_production_index,btree,((property_stock_production IS NOT NULL))) WHERE (property_stock_production IS NOT NULL,unknown
product_template,product_template__purchase_request_index,btree,((purchase_request IS NOT NULL))) WHERE (purchase_request IS NOT NULL,unknown
product_template,product_template__responsible_id_index,btree,((responsible_id IS NOT NULL))) WHERE (responsible_id IS NOT NULL,unknown
product_template,product_template__service_to_purchase_index,btree,((service_to_purchase IS NOT NULL))) WHERE (service_to_purchase IS NOT NULL,unknown
product_template,product_template__task_template_id_index,btree,((task_template_id IS NOT NULL))) WHERE (task_template_id IS NOT NULL,unknown
product_template,product_template__variants_default_code_index,gin,variants_default_code public.gin_trgm_ops,unknown
product_template,product_template__website_description_index,gin,"((jsonb_path_query_array(website_description, '$.*'::jsonpath))::text) public.gin_trgm_ops",unknown
product_template,product_template__website_id_index,btree,website_id,unknown
product_template,product_template__website_sequence_index,btree,website_sequence,unknown
product_template,product_template__worksheet_template_id_index,btree,((worksheet_template_id IS NOT NULL))) WHERE (worksheet_template_id IS NOT NULL,unknown
product_template_attribute_exclusion,product_template_attribute_exclusion__product_template_5b2f8938,btree,product_template_attribute_value_id,unknown
product_template_attribute_exclusion,product_template_attribute_exclusion__product_tmpl_id_index,btree,product_tmpl_id,unknown
product_template_attribute_line,product_template_attribute_line__attribute_id_index,btree,attribute_id,unknown
product_template_attribute_line,product_template_attribute_line__product_tmpl_id_index,btree,product_tmpl_id,unknown
product_template_attribute_value_purchase_order_line_rel,product_template_attribute_va_product_template_attribute_v_idx1,btree,"product_template_attribute_value_id, purchase_order_line_id",unknown
product_template_attribute_value_sale_order_line_rel,product_template_attribute_va_product_template_attribute_va_idx,btree,"product_template_attribute_value_id, sale_order_line_id",unknown
product_template_attribute_value,product_template_attribute_value__attribute_id_index,btree,attribute_id,unknown
product_template_attribute_value,product_template_attribute_value__attribute_line_id_index,btree,attribute_line_id,unknown
product_template_attribute_value,product_template_attribute_value__product_attribute_va_63041d9e,btree,product_attribute_value_id,unknown
product_template_attribute_value,product_template_attribute_value__product_tmpl_id_index,btree,product_tmpl_id,unknown
product_template,product_template_default_code_gist_idx,gist,default_code public.gist_trgm_ops,unknown
product_template,product_template_description_gist_idx,gist,"((jsonb_path_query_array(description, '$.*'::jsonpath))::text) public.gist_trgm_ops",unknown
product_template,product_template_description_sale_gist_idx,gist,"((jsonb_path_query_array(description_sale, '$.*'::jsonpath))::text) public.gist_trgm_ops",unknown
product_template_file_line,product_template_file_line__category_index,btree,category,unknown
product_template_file_line,product_template_file_line__product_tmpl_id_index,btree,product_tmpl_id,unknown
product_template,product_template_is_favorite_index,btree,is_favorite) WHERE (is_favorite IS TRUE,unknown
product_template,product_template_name_gist_idx,gist,"((jsonb_path_query_array(name, '$.*'::jsonpath))::text) public.gist_trgm_ops",unknown
product_template_uom_uom_rel,product_template_uom_uom_rel_uom_uom_id_product_template_id_idx,btree,"uom_uom_id, product_template_id",unknown
product_uom,product_uom__barcode_index,btree,barcode) WHERE (barcode IS NOT NULL,unknown
product_uom,product_uom__product_id_index,btree,product_id,unknown
product_uom,product_uom__uom_id_index,btree,uom_id,unknown
product_variant_combination,product_variant_combination_product_template_attribute_valu_idx,btree,"product_template_attribute_value_id, product_product_id",unknown
product_wishlist,product_wishlist__partner_id_index,btree,partner_id) WHERE (partner_id IS NOT NULL,unknown
project_favorite_user_rel,project_favorite_user_rel_user_id_project_id_idx,btree,"user_id, project_id",unknown
project_milestone,project_milestone__project_id_index,btree,project_id,unknown
project_milestone,project_milestone__sale_line_id_index,btree,sale_line_id) WHERE (sale_line_id IS NOT NULL,unknown
project_project,project_project__account_id_index,btree,account_id,unknown
project_project,project_project__date_index,btree,date,unknown
project_project,project_project__documents_folder_id_index,btree,documents_folder_id) WHERE (documents_folder_id IS NOT NULL,unknown
project_project,project_project__name_index,gin,"((jsonb_path_query_array(name, '$.*'::jsonpath))::text) public.gin_trgm_ops",unknown
project_project,project_project__partner_id_index,btree,partner_id) WHERE (partner_id IS NOT NULL,unknown
project_project,project_project__reinvoiced_sale_order_id_index,btree,reinvoiced_sale_order_id) WHERE (reinvoiced_sale_order_id IS NOT NULL,unknown
project_project,project_project__sale_line_id_index,btree,sale_line_id) WHERE (sale_line_id IS NOT NULL,unknown
project_project,project_project__stage_id_index,btree,stage_id,unknown
project_project_project_tags_rel,project_project_project_tags__project_tags_id_project_proje_idx,btree,"project_tags_id, project_project_id",unknown
project_project_project_task_type_delete_wizard_rel,project_project_project_task__project_project_id_project_ta_idx,btree,"project_project_id, project_task_type_delete_wizard_id",unknown
project_project_stage_project_project_stage_delete_wizard_rel,project_project_stage_project_project_project_stage_id_proj_idx,btree,"project_project_stage_id, project_project_stage_delete_wizard_id",unknown
project_role_project_task_rel,project_role_project_task_rel_project_role_id_project_task__idx,btree,"project_role_id, project_task_id",unknown
project_sale_line_employee_map,project_sale_line_employee_map__project_id_index,btree,project_id,unknown
project_share_wizard_res_partner_rel,project_share_wizard_res_part_res_partner_id_project_share__idx,btree,"res_partner_id, project_share_wizard_id",unknown
project_tags_project_task_rel,project_tags_project_task_rel_project_tags_id_project_task__idx,btree,"project_tags_id, project_task_id",unknown
project_task,project_task__create_date_index,btree,create_date,unknown
project_task,project_task__date_deadline_index,btree,date_deadline,unknown
project_task,project_task__date_end_index,btree,date_end,unknown
project_task,project_task__date_last_stage_update_index,btree,date_last_stage_update,unknown
project_task,project_task__helpdesk_ticket_id_index,btree,helpdesk_ticket_id) WHERE (helpdesk_ticket_id IS NOT NULL,unknown
project_task,project_task__milestone_id_index,btree,milestone_id) WHERE (milestone_id IS NOT NULL,unknown
project_task,project_task__name_index,gin,name public.gin_trgm_ops,unknown
project_task,project_task__parent_id_index,btree,parent_id,unknown
project_task,project_task__partner_id_index,btree,partner_id) WHERE (partner_id IS NOT NULL,unknown
project_task,project_task__priority_index,btree,priority,unknown
project_task,project_task__project_id_index,btree,project_id,unknown
project_task,project_task__recurrence_id_index,btree,recurrence_id) WHERE (recurrence_id IS NOT NULL,unknown
project_task,project_task__sale_line_id_index,btree,sale_line_id) WHERE (sale_line_id IS NOT NULL,unknown
project_task,project_task__stage_id_index,btree,stage_id,unknown
project_task,project_task__state_index,btree,state,unknown
project_task,project_task_is_template_idx,btree,is_template) WHERE (is_template IS TRUE,unknown
project_task_type,project_task_type__user_id_index,btree,user_id,unknown
project_task_type_project_task_type_delete_wizard_rel,project_task_type_project_tas_project_task_type_id_project__idx,btree,"project_task_type_id, project_task_type_delete_wizard_id",unknown
project_task_type_rel,project_task_type_rel_type_id_project_id_idx,btree,"type_id, project_id",unknown
project_task_user_rel,project_task_user_rel__task_id_index,btree,task_id,unknown
project_task_user_rel,project_task_user_rel__user_id_index,btree,user_id,unknown
project_template_role_to_users_map_res_users_rel,project_template_role_to_user_res_users_id_project_template_idx,btree,"res_users_id, project_template_role_to_users_map_id",unknown
project_update,project_update__project_id_index,btree,project_id,unknown
purchase_advance_payment_bill_purchase_order_rel,purchase_advance_payment_bill_purchase_order_id_purchase_ad_idx,btree,"purchase_order_id, purchase_advance_payment_bill_id",unknown
purchase_order,purchase_order__company_id_index,btree,company_id,unknown
purchase_order,purchase_order__date_approve_index,btree,date_approve,unknown
purchase_order,purchase_order__date_order_index,btree,date_order,unknown
purchase_order,purchase_order__date_planned_index,btree,date_planned,unknown
purchase_order,purchase_order__date_planned_mps_index,btree,date_planned_mps,unknown
purchase_order,purchase_order__name_index,gin,name public.gin_trgm_ops,unknown
purchase_order,purchase_order__partner_id_index,btree,partner_id,unknown
purchase_order,purchase_order__priority_index,btree,priority,unknown
purchase_order,purchase_order__purchase_group_id_index,btree,purchase_group_id) WHERE (purchase_group_id IS NOT NULL,unknown
purchase_order,purchase_order__requisition_id_index,btree,requisition_id) WHERE (requisition_id IS NOT NULL,unknown
purchase_order,purchase_order__state_index,btree,state,unknown
purchase_order,purchase_order__user_id_index,btree,user_id,unknown
purchase_order_line,purchase_order_line__date_planned_index,btree,date_planned,unknown
purchase_order_line,purchase_order_line__order_id_index,btree,order_id,unknown
purchase_order_line,purchase_order_line__orderpoint_id_index,btree,orderpoint_id) WHERE (orderpoint_id IS NOT NULL,unknown
purchase_order_line,purchase_order_line__partner_id_index,btree,partner_id) WHERE (partner_id IS NOT NULL,unknown
purchase_order_line,purchase_order_line__product_id_index,btree,product_id) WHERE (product_id IS NOT NULL,unknown
purchase_order_line,purchase_order_line__sale_line_id_index,btree,sale_line_id) WHERE (sale_line_id IS NOT NULL,unknown
purchase_order_line,purchase_order_line__sequence_no_index,btree,sequence_no,unknown
purchase_order_line,purchase_order_line_analytic_distribution_accounts_gin_index,gin,"regexp_split_to_array((jsonb_path_query_array(analytic_distribution, '$.keyvalue().""key""'::jsonpath))::text, '\D+'::text)",unknown
purchase_order_stock_picking_rel,purchase_order_stock_picking__stock_picking_id_purchase_ord_idx,btree,"stock_picking_id, purchase_order_id",unknown
purchase_request,purchase_request__requested_by_index,btree,requested_by,unknown
purchase_request,purchase_request__state_index,btree,state,unknown
purchase_request_allocation,purchase_request_allocation__company_id_index,btree,company_id,unknown
purchase_request_allocation,purchase_request_allocation__purchase_line_id_index,btree,purchase_line_id,unknown
purchase_request_allocation,purchase_request_allocation__purchase_request_line_id_index,btree,purchase_request_line_id,unknown
purchase_request_allocation,purchase_request_allocation__stock_move_id_index,btree,stock_move_id,unknown
purchase_request_line,purchase_request_line__request_id_index,btree,request_id,unknown
purchase_request_line,purchase_request_line__sequence_no_index,btree,sequence_no,unknown
purchase_request_line,purchase_request_line_date_required_idx,btree,date_required,unknown
purchase_request_line,purchase_request_line_state_cancelled_idx,btree,"request_state, cancelled",unknown
purchase_request_purchase_order_line_rel,purchase_request_purchase_ord_purchase_order_line_id_purcha_idx,btree,"purchase_order_line_id, purchase_request_line_id",unknown
purchase_request,purchase_request_required_date_idx,btree,required_date,unknown
purchase_request,purchase_request_state_requested_idx,btree,"state, requested_by",unknown
purchase_request,purchase_request_urgency_level_idx,btree,urgency_level,unknown
purchase_requisition_create_alternative_res_partner_rel,purchase_requisition_create_a_res_partner_id_purchase_requi_idx,btree,"res_partner_id, purchase_requisition_create_alternative_id",unknown
purchase_requisition_line,purchase_requisition_line__move_dest_id_index,btree,move_dest_id) WHERE (move_dest_id IS NOT NULL,unknown
purchase_requisition_line,purchase_requisition_line__requisition_id_index,btree,requisition_id,unknown
purchase_requisition_line,purchase_requisition_line_analytic_distribution_accounts_gin_in,gin,"regexp_split_to_array((jsonb_path_query_array(analytic_distribution, '$.keyvalue().""key""'::jsonpath))::text, '\D+'::text)",unknown
quality_alert,quality_alert__check_id_index,btree,check_id) WHERE (check_id IS NOT NULL,unknown
quality_alert,quality_alert__company_id_index,btree,company_id,unknown
quality_alert,quality_alert__picking_id_index,btree,picking_id) WHERE (picking_id IS NOT NULL,unknown
quality_alert,quality_alert__priority_index,btree,priority,unknown
quality_alert,quality_alert__production_id_index,btree,production_id) WHERE (production_id IS NOT NULL,unknown
quality_alert,quality_alert__repair_id_index,btree,repair_id) WHERE (repair_id IS NOT NULL,unknown
quality_alert,quality_alert__workorder_id_index,btree,workorder_id) WHERE (workorder_id IS NOT NULL,unknown
quality_alert_quality_tag_rel,quality_alert_quality_tag_rel_quality_tag_id_quality_alert__idx,btree,"quality_tag_id, quality_alert_id",unknown
quality_alert_stage_quality_alert_team_rel,quality_alert_stage_quality_a_quality_alert_team_id_quality_idx,btree,"quality_alert_team_id, quality_alert_stage_id",unknown
quality_alert_stock_lot_rel,quality_alert_stock_lot_rel_stock_lot_id_quality_alert_id_idx,btree,"stock_lot_id, quality_alert_id",unknown
quality_alert_team,quality_alert_team__company_id_index,btree,company_id,unknown
quality_check,quality_check__company_id_index,btree,company_id,unknown
quality_check,quality_check__move_id_index,btree,move_id) WHERE (move_id IS NOT NULL,unknown
quality_check,quality_check__move_line_id_index,btree,move_line_id) WHERE (move_line_id IS NOT NULL,unknown
quality_check,quality_check__picking_id_index,btree,picking_id) WHERE (picking_id IS NOT NULL,unknown
quality_check,quality_check__point_id_index,btree,point_id) WHERE (point_id IS NOT NULL,unknown
quality_check,quality_check__production_id_index,btree,production_id) WHERE (production_id IS NOT NULL,unknown
quality_check,quality_check__repair_id_index,btree,repair_id) WHERE (repair_id IS NOT NULL,unknown
quality_check,quality_check__workorder_id_index,btree,workorder_id) WHERE (workorder_id IS NOT NULL,unknown
quality_check_quality_check_wizard_rel,quality_check_quality_check_w_quality_check_id_quality_chec_idx,btree,"quality_check_id, quality_check_wizard_id",unknown
quality_check_stock_lot_rel,quality_check_stock_lot_rel_stock_lot_id_quality_check_id_idx,btree,"stock_lot_id, quality_check_id",unknown
quality_point,quality_point__company_id_index,btree,company_id,unknown
quality_point,quality_point__device_id_index,btree,device_id) WHERE (device_id IS NOT NULL,unknown
quality_point,quality_point__operation_id_index,btree,operation_id) WHERE (operation_id IS NOT NULL,unknown
quality_point_stock_location_rel,quality_point_stock_location__stock_location_id_quality_poi_idx,btree,"stock_location_id, quality_point_id",unknown
quality_point_stock_picking_type_rel,quality_point_stock_picking_t_stock_picking_type_id_quality_idx,btree,"stock_picking_type_id, quality_point_id",unknown
quotation_document_sale_order_rel,quotation_document_sale_order_quotation_document_id_sale_or_idx,btree,"quotation_document_id, sale_order_id",unknown
quotation_document_sale_pdf_form_field_rel,quotation_document_sale_pdf_f_sale_pdf_form_field_id_quotat_idx,btree,"sale_pdf_form_field_id, quotation_document_id",unknown
rating_rating,rating_rating__message_id_index,btree,message_id,unknown
rating_rating,rating_rating__parent_res_id_index,btree,parent_res_id,unknown
rating_rating,rating_rating__parent_res_model_id_index,btree,parent_res_model_id,unknown
rating_rating,rating_rating__parent_res_model_index,btree,parent_res_model,unknown
rating_rating,rating_rating__publisher_id_index,btree,publisher_id) WHERE (publisher_id IS NOT NULL,unknown
rating_rating,rating_rating__res_id_index,btree,res_id,unknown
rating_rating,rating_rating__res_model_id_index,btree,res_model_id,unknown
rating_rating,rating_rating__res_model_index,btree,res_model,unknown
rating_rating,rating_rating_consumed_idx,btree,"res_model, res_id, write_date) WHERE (consumed IS TRUE",unknown
rating_rating,rating_rating_parent_consumed_idx,btree,"parent_res_model, parent_res_id, write_date) WHERE (consumed IS TRUE",unknown
rel_badge_auth_users,rel_badge_auth_users_res_users_id_gamification_badge_id_idx,btree,"res_users_id, gamification_badge_id",unknown
rel_followup_manual_reminder_res_partner,rel_followup_manual_reminder__res_partner_id_account_follow_idx,btree,"res_partner_id, account_followup_manual_reminder_id",unknown
rel_modules_langexport,rel_modules_langexport_module_id_wiz_id_idx,btree,"module_id, wiz_id",unknown
rel_slide_tag,rel_slide_tag_tag_id_slide_id_idx,btree,"tag_id, slide_id",unknown
rel_studio_export_wizard_data,rel_studio_export_wizard_data_studio_export_wizard_data_id__idx,btree,"studio_export_wizard_data_id, studio_export_wizard_id",unknown
rel_upload_groups,rel_upload_groups_group_id_channel_id_idx,btree,"group_id, channel_id",unknown
repair_order,repair_order__company_id_index,btree,company_id,unknown
repair_order,repair_order__location_dest_id_index,btree,location_dest_id,unknown
repair_order,repair_order__location_id_index,btree,location_id,unknown
repair_order,repair_order__name_index,gin,name public.gin_trgm_ops,unknown
repair_order,repair_order__partner_id_index,btree,partner_id,unknown
repair_order,repair_order__parts_location_id_index,btree,parts_location_id,unknown
repair_order,repair_order__picking_id_index,btree,picking_id) WHERE (picking_id IS NOT NULL,unknown
repair_order,repair_order__picking_type_id_index,btree,picking_type_id,unknown
repair_order,repair_order__product_location_dest_id_index,btree,product_location_dest_id,unknown
repair_order,repair_order__product_location_src_id_index,btree,product_location_src_id,unknown
repair_order,repair_order__recycle_location_id_index,btree,recycle_location_id,unknown
repair_order,repair_order__sale_order_id_index,btree,sale_order_id) WHERE (sale_order_id IS NOT NULL,unknown
repair_order,repair_order__schedule_date_index,btree,schedule_date,unknown
repair_order,repair_order__state_index,btree,state,unknown
repair_order,repair_order__ticket_id_index,btree,ticket_id) WHERE (ticket_id IS NOT NULL,unknown
repair_order_repair_tags_rel,repair_order_repair_tags_rel_repair_tags_id_repair_order_id_idx,btree,"repair_tags_id, repair_order_id",unknown
request_appraisal_res_partner_rel,request_appraisal_res_partner_res_partner_id_request_apprai_idx,btree,"res_partner_id, request_appraisal_id",unknown
res_bank,res_bank__bic_index,btree,bic,unknown
res_city_zip,res_city_zip__city_id_index,btree,city_id,unknown
res_company,res_company__account_representative_id_index,btree,account_representative_id) WHERE (account_representative_id IS NOT NULL,unknown
res_company,res_company__alias_domain_id_index,btree,alias_domain_id) WHERE (alias_domain_id IS NOT NULL,unknown
res_company,res_company__parent_id_index,btree,parent_id,unknown
res_company,res_company__parent_path_index,btree,parent_path,unknown
res_company,res_company__partner_id_index,btree,partner_id,unknown
res_company_spreadsheet_dashboard_rel,res_company_spreadsheet_dashb_res_company_id_spreadsheet_da_idx,btree,"res_company_id, spreadsheet_dashboard_id",unknown
res_company_users_rel,res_company_users_rel_user_id_cid_idx,btree,"user_id, cid",unknown
res_country_group_pricelist_rel,res_country_group_pricelist_r_res_country_group_id_pricelis_idx,btree,"res_country_group_id, pricelist_id",unknown
res_country_group_res_country_state_rel,res_country_group_res_country_res_country_state_id_res_coun_idx,btree,"res_country_state_id, res_country_group_id",unknown
res_country_res_country_group_rel,res_country_res_country_group_res_country_group_id_res_coun_idx,btree,"res_country_group_id, res_country_id",unknown
res_country_state,res_country_state__country_id_index,btree,country_id,unknown
res_currency_rate,res_currency_rate__currency_id_index,btree,currency_id,unknown
res_currency_rate,res_currency_rate__name_index,btree,name,unknown
res_device_log,res_device_log__last_activity_index,btree,last_activity,unknown
res_device_log,res_device_log__session_identifier_index,btree,session_identifier,unknown
res_device_log,res_device_log__user_id_index,btree,user_id,unknown
res_device_log,res_device_log_composite_idx,btree,"user_id, session_identifier, platform, browser, last_activity, id) WHERE (revoked IS NOT TRUE",unknown
res_device_log,res_device_log_revoked_idx,btree,revoked) WHERE (revoked IS NOT TRUE,unknown
res_groups,res_groups__privilege_id_index,btree,privilege_id,unknown
res_groups_implied_rel,res_groups_implied_rel_hid_gid_idx,btree,"hid, gid",unknown
res_groups_privilege,res_groups_privilege__category_id_index,btree,category_id,unknown
res_groups_report_rel,res_groups_report_rel_gid_uid_idx,btree,"gid, uid",unknown
res_groups_sign_template_rel,res_groups_sign_template_rel_res_groups_id_sign_template_id_idx,btree,"res_groups_id, sign_template_id",unknown
res_groups_slide_channel_rel,res_groups_slide_channel_rel_res_groups_id_slide_channel_id_idx,btree,"res_groups_id, slide_channel_id",unknown
res_groups_spreadsheet_dashboard_rel,res_groups_spreadsheet_dashbo_res_groups_id_spreadsheet_das_idx,btree,"res_groups_id, spreadsheet_dashboard_id",unknown
res_groups_spreadsheet_document_to_dashboard_rel,res_groups_spreadsheet_docume_res_groups_id_spreadsheet_doc_idx,btree,"res_groups_id, spreadsheet_document_to_dashboard_id",unknown
res_groups_users_rel,res_groups_users_rel_uid_gid_idx,btree,"uid, gid",unknown
res_groups_website_menu_rel,res_groups_website_menu_rel_res_groups_id_website_menu_id_idx,btree,"res_groups_id, website_menu_id",unknown
res_lang_install_rel,res_lang_install_rel_lang_id_language_wizard_id_idx,btree,"lang_id, language_wizard_id",unknown
res_lang_res_users_settings_rel,res_lang_res_users_settings_r_res_lang_id_res_users_setting_idx,btree,"res_lang_id, res_users_settings_id",unknown
res_lang_survey_survey_rel,res_lang_survey_survey_rel_res_lang_id_survey_survey_id_idx,btree,"res_lang_id, survey_survey_id",unknown
res_partner,res_partner__barcode_index,btree,((barcode IS NOT NULL))) WHERE (barcode IS NOT NULL,unknown
res_partner,res_partner__brand_id_index,btree,brand_id,unknown
res_partner,res_partner__city_id_index,btree,city_id,unknown
res_partner,res_partner__commercial_partner_id_index,btree,commercial_partner_id,unknown
res_partner,res_partner__company_id_index,btree,company_id,unknown
res_partner,res_partner__company_registry_index,btree,company_registry) WHERE (company_registry IS NOT NULL,unknown
res_partner,res_partner__complete_name_index,btree,complete_name,unknown
res_partner,res_partner__credit_limit_index,btree,((credit_limit IS NOT NULL))) WHERE (credit_limit IS NOT NULL,unknown
res_partner,res_partner__firstname_index,btree,firstname,unknown
res_partner,res_partner__followup_next_action_date_index,btree,((followup_next_action_date IS NOT NULL))) WHERE (followup_next_action_date IS NOT NULL,unknown
res_partner,res_partner__followup_responsible_id_index,btree,((followup_responsible_id IS NOT NULL))) WHERE (followup_responsible_id IS NOT NULL,unknown
res_partner,res_partner__hq_brand_id_index,btree,hq_brand_id,unknown
res_partner,res_partner__ignore_abnormal_invoice_amount_index,btree,((ignore_abnormal_invoice_amount IS NOT NULL))) WHERE (ignore_abnormal_invoice_amount IS NOT NULL,unknown
res_partner,res_partner__ignore_abnormal_invoice_date_index,btree,((ignore_abnormal_invoice_date IS NOT NULL))) WHERE (ignore_abnormal_invoice_date IS NOT NULL,unknown
res_partner,res_partner__invoice_edi_format_store_index,btree,((invoice_edi_format_store IS NOT NULL))) WHERE (invoice_edi_format_store IS NOT NULL,unknown
res_partner,res_partner__invoice_sending_method_index,btree,((invoice_sending_method IS NOT NULL))) WHERE (invoice_sending_method IS NOT NULL,unknown
res_partner,res_partner__is_hq_brand_index,btree,is_hq_brand,unknown
res_partner,res_partner__is_published_index,btree,is_published,unknown
res_partner,res_partner__lastname_index,btree,lastname,unknown
res_partner,res_partner__name_company_index,btree,name_company,unknown
res_partner,res_partner__name_index,btree,name,unknown
res_partner,res_partner__parent_company_id_index,btree,parent_company_id,unknown
res_partner,res_partner__parent_id_index,btree,parent_id,unknown
res_partner,res_partner__property_account_payable_id_index,btree,((property_account_payable_id IS NOT NULL))) WHERE (property_account_payable_id IS NOT NULL,unknown
res_partner,res_partner__property_account_position_id_index,btree,((property_account_position_id IS NOT NULL))) WHERE (property_account_position_id IS NOT NULL,unknown
res_partner,res_partner__property_account_receivable_id_index,btree,((property_account_receivable_id IS NOT NULL))) WHERE (property_account_receivable_id IS NOT NULL,unknown
res_partner,res_partner__property_delivery_carrier_id_index,btree,((property_delivery_carrier_id IS NOT NULL))) WHERE (property_delivery_carrier_id IS NOT NULL,unknown
res_partner,res_partner__property_inbound_payment_method_line_id_index,btree,((property_inbound_payment_method_line_id IS NOT NULL))) WHERE (property_inbound_payment_method_line_id IS NOT NULL,unknown
res_partner,res_partner__property_outbound_payment_method_line_id_index,btree,((property_outbound_payment_method_line_id IS NOT NULL))) WHERE (property_outbound_payment_method_line_id IS NOT NULL,unknown
res_partner,res_partner__property_payment_term_id_index,btree,((property_payment_term_id IS NOT NULL))) WHERE (property_payment_term_id IS NOT NULL,unknown
res_partner,res_partner__property_purchase_currency_id_index,btree,((property_purchase_currency_id IS NOT NULL))) WHERE (property_purchase_currency_id IS NOT NULL,unknown
res_partner,res_partner__property_stock_customer_index,btree,((property_stock_customer IS NOT NULL))) WHERE (property_stock_customer IS NOT NULL,unknown
res_partner,res_partner__property_stock_subcontractor_index,btree,((property_stock_subcontractor IS NOT NULL))) WHERE (property_stock_subcontractor IS NOT NULL,unknown
res_partner,res_partner__property_stock_supplier_index,btree,((property_stock_supplier IS NOT NULL))) WHERE (property_stock_supplier IS NOT NULL,unknown
res_partner,res_partner__property_supplier_payment_term_id_index,btree,((property_supplier_payment_term_id IS NOT NULL))) WHERE (property_supplier_payment_term_id IS NOT NULL,unknown
res_partner,res_partner__receipt_reminder_email_index,btree,((receipt_reminder_email IS NOT NULL))) WHERE (receipt_reminder_email IS NOT NULL,unknown
res_partner,res_partner__ref_index,btree,ref,unknown
res_partner,res_partner__reminder_date_before_receipt_index,btree,((reminder_date_before_receipt IS NOT NULL))) WHERE (reminder_date_before_receipt IS NOT NULL,unknown
res_partner,res_partner__specific_property_product_pricelist_index,btree,((specific_property_product_pricelist IS NOT NULL))) WHERE (specific_property_product_pricelist IS NOT NULL,unknown
res_partner,res_partner__store_type_id_index,btree,store_type_id,unknown
res_partner,res_partner__trust_index,btree,((trust IS NOT NULL))) WHERE (trust IS NOT NULL,unknown
res_partner,res_partner__vat_index,btree,vat,unknown
res_partner,res_partner__website_id_index,btree,website_id,unknown
res_partner,res_partner__zip_id_index,btree,zip_id,unknown
res_partner_bank,res_partner_bank__partner_id_index,btree,partner_id,unknown
res_partner_category,res_partner_category__parent_id_index,btree,parent_id,unknown
res_partner_category,res_partner_category__parent_path_index,btree,parent_path,unknown
res_partner,res_partner_phone_partial_gin_idx,gin,"regexp_replace((phone)::text, '[\s\\./\(\)\-]'::text, ''::text, 'g'::text) public.gin_trgm_ops) WHERE (phone IS NOT NULL",unknown
res_partner,res_partner_phone_partial_tgm,btree,"regexp_replace((phone)::text, '[\s\\./\(\)\-]'::text, ''::text, 'g'::text)) WHERE (phone IS NOT NULL",unknown
res_partner_res_partner_category_rel,res_partner_res_partner_category_rel_partner_id_category_id_idx,btree,"partner_id, category_id",unknown
res_partner_sign_send_request_rel,res_partner_sign_send_request_res_partner_id_sign_send_requ_idx,btree,"res_partner_id, sign_send_request_id",unknown
res_partner_slide_channel_invite_rel,res_partner_slide_channel_inv_res_partner_id_slide_channel__idx,btree,"res_partner_id, slide_channel_invite_id",unknown
res_partner_task_share_wizard_rel,res_partner_task_share_wizard_res_partner_id_task_share_wiz_idx,btree,"res_partner_id, task_share_wizard_id",unknown
res_role_res_users_rel,res_role_res_users_rel_res_users_id_res_role_id_idx,btree,"res_users_id, res_role_id",unknown
res_role,res_role_unique_name,btree,name,unknown
res_user_approval_rule_notify_rel,res_user_approval_rule_notify_res_users_id_studio_approval__idx,btree,"res_users_id, studio_approval_rule_delegate_id",unknown
res_users,res_users__partner_id_index,btree,partner_id,unknown
res_users,res_users__property_warehouse_id_index,btree,((property_warehouse_id IS NOT NULL))) WHERE (property_warehouse_id IS NOT NULL,unknown
res_users,res_users__rank_id_index,btree,rank_id) WHERE (rank_id IS NOT NULL,unknown
res_users_apikeys,res_users_apikeys_user_id_index_idx,btree,"user_id, index",unknown
res_users_log,res_users_log__create_uid_index,btree,create_uid,unknown
res_users_settings_embedded_action,res_users_settings_embedded_action__user_setting_id_index,btree,user_setting_id) WHERE (user_setting_id IS NOT NULL,unknown
res_users_settings_volumes,res_users_settings_volumes__guest_id_index,btree,guest_id,unknown
res_users_settings_volumes,res_users_settings_volumes__partner_id_index,btree,partner_id,unknown
res_users_settings_volumes,res_users_settings_volumes__user_setting_id_index,btree,user_setting_id,unknown
res_users_settings_volumes,res_users_settings_volumes_guest_unique,btree,"user_setting_id, guest_id) WHERE (guest_id IS NOT NULL",unknown
res_users_settings_volumes,res_users_settings_volumes_partner_unique,btree,"user_setting_id, partner_id) WHERE (partner_id IS NOT NULL",unknown
res_users_sign_request_rel,res_users_sign_request_rel_res_users_id_sign_request_id_idx,btree,"res_users_id, sign_request_id",unknown
res_users_spreadsheet_dashboard_rel,res_users_spreadsheet_dashboa_res_users_id_spreadsheet_dash_idx,btree,"res_users_id, spreadsheet_dashboard_id",unknown
res_users_studio_approval_rule_delegate_rel,res_users_studio_approval_rul_res_users_id_studio_approval__idx,btree,"res_users_id, studio_approval_rule_delegate_id",unknown
res_users_survey_survey_rel,res_users_survey_survey_rel_res_users_id_survey_survey_id_idx,btree,"res_users_id, survey_survey_id",unknown
res_users_web_tour_tour_rel,res_users_web_tour_tour_rel_res_users_id_web_tour_tour_id_idx,btree,"res_users_id, web_tour_tour_id",unknown
resource_calendar,resource_calendar__company_id_index,btree,company_id) WHERE (company_id IS NOT NULL,unknown
resource_calendar_attendance,resource_calendar_attendance__calendar_id_index,btree,calendar_id,unknown
resource_calendar_attendance,resource_calendar_attendance__dayofweek_index,btree,dayofweek,unknown
resource_calendar_attendance,resource_calendar_attendance__hour_from_index,btree,hour_from,unknown
resource_calendar_leaves,resource_calendar_leaves__calendar_id_index,btree,calendar_id,unknown
resource_calendar_leaves,resource_calendar_leaves__resource_id_index,btree,resource_id,unknown
resource_resource,resource_resource__user_id_index,btree,user_id) WHERE (user_id IS NOT NULL,unknown
resource_resource_planning_role_rel,resource_resource_planning_ro_resource_resource_id_planning_idx,btree,"resource_resource_id, planning_role_id",unknown
rule_group_rel,rule_group_rel_group_id_rule_group_id_idx,btree,"group_id, rule_group_id",unknown
sale_advance_payment_inv_sale_order_rel,sale_advance_payment_inv_sale_sale_order_id_sale_advance_pa_idx,btree,"sale_order_id, sale_advance_payment_inv_id",unknown
sale_order,sale_order__auto_gen_code_index,btree,auto_gen_code,unknown
sale_order,sale_order__brand_id_index,btree,brand_id,unknown
sale_order,sale_order__campaign_id_index,btree,campaign_id) WHERE (campaign_id IS NOT NULL,unknown
sale_order,sale_order__company_id_index,btree,company_id,unknown
sale_order,sale_order__create_date_index,btree,create_date,unknown
sale_order,sale_order__job_type_id_index,btree,job_type_id,unknown
sale_order,sale_order__medium_id_index,btree,medium_id) WHERE (medium_id IS NOT NULL,unknown
sale_order,sale_order__name_index,gin,name public.gin_trgm_ops,unknown
sale_order,sale_order__opportunity_id_index,btree,opportunity_id) WHERE (opportunity_id IS NOT NULL,unknown
sale_order,sale_order__parent_company_id_index,btree,parent_company_id,unknown
sale_order,sale_order__partner_id_index,btree,partner_id,unknown
sale_order,sale_order__partner_invoice_id_index,btree,partner_invoice_id) WHERE (partner_invoice_id IS NOT NULL,unknown
sale_order,sale_order__partner_shipping_id_index,btree,partner_shipping_id) WHERE (partner_shipping_id IS NOT NULL,unknown
sale_order,sale_order__project_id_index,btree,project_id) WHERE (project_id IS NOT NULL,unknown
sale_order,sale_order__source_id_index,btree,source_id) WHERE (source_id IS NOT NULL,unknown
sale_order,sale_order__state_index,btree,state,unknown
sale_order,sale_order__store_type_id_index,btree,store_type_id,unknown
sale_order,sale_order__team_id_index,btree,team_id,unknown
sale_order,sale_order__user_id_index,btree,user_id,unknown
sale_order,sale_order_date_order_id_idx,btree,"date_order DESC, id DESC",unknown
sale_order_line,sale_order_line__calendar_event_id_index,btree,calendar_event_id) WHERE (calendar_event_id IS NOT NULL,unknown
sale_order_line,sale_order_line__company_id_index,btree,company_id,unknown
sale_order_line,sale_order_line__linked_line_id_index,btree,linked_line_id,unknown
sale_order_line,sale_order_line__order_id_index,btree,order_id,unknown
sale_order_line,sale_order_line__order_partner_id_index,btree,order_partner_id,unknown
sale_order_line,sale_order_line__product_id_index,btree,product_id) WHERE (product_id IS NOT NULL,unknown
sale_order_line,sale_order_line__project_id_index,btree,project_id,unknown
sale_order_line,sale_order_line__sequence_no_index,btree,sequence_no,unknown
sale_order_line,sale_order_line__task_id_index,btree,task_id,unknown
sale_order_line,sale_order_line_analytic_distribution_accounts_gin_index,gin,"regexp_split_to_array((jsonb_path_query_array(analytic_distribution, '$.keyvalue().""key""'::jsonpath))::text, '\D+'::text)",unknown
sale_order_line_invoice_rel,sale_order_line_invoice_rel_order_line_id_invoice_line_id_idx,btree,"order_line_id, invoice_line_id",unknown
sale_order_line,sale_order_line_name_search_services_index,btree,"order_id DESC, sequence, id) WHERE (is_service IS TRUE",unknown
sale_order_line_product_document_rel,sale_order_line_product_docum_product_document_id_sale_orde_idx,btree,"product_document_id, sale_order_line_id",unknown
sale_order_line_stock_route_rel,sale_order_line_stock_route_r_stock_route_id_sale_order_lin_idx,btree,"stock_route_id, sale_order_line_id",unknown
sale_order_mass_cancel_wizard_rel,sale_order_mass_cancel_wizard_sale_order_id_sale_mass_cance_idx,btree,"sale_order_id, sale_mass_cancel_orders_id",unknown
sale_order_spreadsheet,sale_order_spreadsheet__order_id_index,btree,order_id) WHERE (order_id IS NOT NULL,unknown
sale_order_tag_rel,sale_order_tag_rel_tag_id_order_id_idx,btree,"tag_id, order_id",unknown
sale_order,sale_order_team_id_date_order_idx,btree,"team_id, date_order) WHERE ((state)::text = 'sale'::text",unknown
sale_order_template,sale_order_template__journal_id_index,btree,((journal_id IS NOT NULL))) WHERE (journal_id IS NOT NULL,unknown
sale_order_template_line,sale_order_template_line__company_id_index,btree,company_id,unknown
sale_order_template_line,sale_order_template_line__sale_order_template_id_index,btree,sale_order_template_id,unknown
sale_order_transaction_rel,sale_order_transaction_rel_sale_order_id_transaction_id_idx,btree,"sale_order_id, transaction_id",unknown
scheduled_message_attachment_rel,scheduled_message_attachment__attachment_id_scheduled_messa_idx,btree,"attachment_id, scheduled_message_id",unknown
sign_completed_document,sign_completed_document__document_id_index,btree,document_id,unknown
sign_completed_document,sign_completed_document__sign_request_id_index,btree,sign_request_id,unknown
sign_document,sign_document__attachment_id_index,btree,attachment_id,unknown
sign_document,sign_document__template_id_index,btree,template_id,unknown
sign_item,sign_item__document_id_index,btree,document_id,unknown
sign_item,sign_item__radio_set_id_index,btree,radio_set_id) WHERE (radio_set_id IS NOT NULL,unknown
sign_item_option_rel,sign_item_option_rel_sign_item_option_id_sign_item_id_idx,btree,"sign_item_option_id, sign_item_id",unknown
sign_log,sign_log__partner_id_index,btree,partner_id) WHERE (partner_id IS NOT NULL,unknown
sign_log,sign_log__sign_request_id_index,btree,sign_request_id,unknown
sign_request,sign_request__reference_doc_index,btree,reference_doc) WHERE (reference_doc IS NOT NULL,unknown
sign_request,sign_request__state_index,btree,state,unknown
sign_request,sign_request__template_id_index,btree,template_id,unknown
sign_request_completed_document_rel,sign_request_completed_docume_ir_attachment_id_sign_request_idx,btree,"ir_attachment_id, sign_request_id",unknown
sign_request_item,sign_request_item__sign_request_id_index,btree,sign_request_id,unknown
sign_request_item,sign_request_item__state_index,btree,state,unknown
sign_request_item_value,sign_request_item_value__sign_request_item_id_index,btree,sign_request_item_id,unknown
sign_request_sign_template_tag_rel,sign_request_sign_template_ta_sign_template_tag_id_sign_req_idx,btree,"sign_template_tag_id, sign_request_id",unknown
sign_template_authorized_users_rel,sign_template_authorized_user_res_users_id_sign_template_id_idx,btree,"res_users_id, sign_template_id",unknown
sign_template_favorited_users_rel,sign_template_favorited_users_res_users_id_sign_template_id_idx,btree,"res_users_id, sign_template_id",unknown
sign_template_sign_template_tag_rel,sign_template_sign_template_t_sign_template_tag_id_sign_tem_idx,btree,"sign_template_tag_id, sign_template_id",unknown
slide_answer,slide_answer__question_id_index,btree,question_id,unknown
slide_channel,slide_channel__is_published_index,btree,is_published,unknown
slide_channel,slide_channel__website_id_index,btree,website_id,unknown
slide_channel_partner,slide_channel_partner__channel_id_index,btree,channel_id,unknown
slide_channel_partner,slide_channel_partner__partner_id_index,btree,partner_id,unknown
slide_channel_prerequisite_slide_channel_rel,slide_channel_prerequisite_sl_prerequisite_channel_id_chann_idx,btree,"prerequisite_channel_id, channel_id",unknown
slide_channel_tag,slide_channel_tag__group_id_index,btree,group_id,unknown
slide_channel_tag,slide_channel_tag__group_sequence_index,btree,group_sequence,unknown
slide_channel_tag,slide_channel_tag__sequence_index,btree,sequence,unknown
slide_channel_tag_group,slide_channel_tag_group__is_published_index,btree,is_published,unknown
slide_channel_tag_group,slide_channel_tag_group__sequence_index,btree,sequence,unknown
slide_channel_tag_rel,slide_channel_tag_rel_tag_id_channel_id_idx,btree,"tag_id, channel_id",unknown
slide_embed,slide_embed__slide_id_index,btree,slide_id,unknown
slide_question,slide_question__slide_id_index,btree,slide_id,unknown
slide_slide,slide_slide__category_id_index,btree,category_id) WHERE (category_id IS NOT NULL,unknown
slide_slide,slide_slide__channel_id_index,btree,channel_id,unknown
slide_slide,slide_slide__is_published_index,btree,is_published,unknown
slide_slide,slide_slide__survey_id_index,btree,survey_id) WHERE (survey_id IS NOT NULL,unknown
slide_slide_partner,slide_slide_partner__channel_id_index,btree,channel_id,unknown
slide_slide_partner,slide_slide_partner__partner_id_index,btree,partner_id,unknown
slide_slide_partner,slide_slide_partner__slide_id_index,btree,slide_id,unknown
slide_slide_resource,slide_slide_resource__slide_id_index,btree,slide_id,unknown
sms_sms,sms_sms__mail_message_id_index,btree,mail_message_id,unknown
sms_template,sms_template__model_index,btree,model,unknown
sms_template_sms_template_reset_rel,sms_template_sms_template_res_sms_template_id_sms_template__idx,btree,"sms_template_id, sms_template_reset_id",unknown
sms_tracker,sms_tracker__mail_notification_id_index,btree,mail_notification_id) WHERE (mail_notification_id IS NOT NULL,unknown
snailmail_letter,snailmail_letter__attachment_id_index,btree,attachment_id) WHERE (attachment_id IS NOT NULL,unknown
snailmail_letter,snailmail_letter__message_id_index,btree,message_id) WHERE (message_id IS NOT NULL,unknown
spreadsheet_dashboard,spreadsheet_dashboard__dashboard_group_id_index,btree,dashboard_group_id,unknown
spreadsheet_revision,spreadsheet_revision__revision_uuid_index,btree,revision_uuid,unknown
spreadsheet_revision,spreadsheet_revision_initial_unique,btree,"res_model, res_id) WHERE (parent_revision_id IS NULL",unknown
spreadsheet_revision,spreadsheet_revision_parent_unique,btree,"parent_revision_id, res_model, res_id) WHERE (parent_revision_id IS NOT NULL",unknown
spreadsheet_revision,spreadsheet_revision_res_model_res_id_idx,btree,"res_model, res_id",unknown
stock_add_to_wave_stock_move_line_rel,stock_add_to_wave_stock_move__stock_move_line_id_stock_add__idx,btree,"stock_move_line_id, stock_add_to_wave_id",unknown
stock_add_to_wave_stock_picking_rel,stock_add_to_wave_stock_picki_stock_picking_id_stock_add_to_idx,btree,"stock_picking_id, stock_add_to_wave_id",unknown
stock_conflict_quant_rel,stock_conflict_quant_rel_stock_quant_id_stock_inventory_con_idx,btree,"stock_quant_id, stock_inventory_conflict_id",unknown
stock_inventory_adjustment_name_stock_quant_rel,stock_inventory_adjustment_na_stock_quant_id_stock_inventor_idx,btree,"stock_quant_id, stock_inventory_adjustment_name_id",unknown
stock_inventory_conflict_stock_quant_rel,stock_inventory_conflict_stoc_stock_quant_id_stock_inventor_idx,btree,"stock_quant_id, stock_inventory_conflict_id",unknown
stock_inventory_warning_stock_quant_rel,stock_inventory_warning_stock_stock_quant_id_stock_inventor_idx,btree,"stock_quant_id, stock_inventory_warning_id",unknown
stock_landed_cost,stock_landed_cost__account_move_id_index,btree,account_move_id) WHERE (account_move_id IS NOT NULL,unknown
stock_landed_cost,stock_landed_cost__vendor_bill_id_index,btree,vendor_bill_id) WHERE (vendor_bill_id IS NOT NULL,unknown
stock_landed_cost_lines,stock_landed_cost_lines__cost_id_index,btree,cost_id,unknown
stock_landed_cost_stock_picking_rel,stock_landed_cost_stock_picki_stock_picking_id_stock_landed_idx,btree,"stock_picking_id, stock_landed_cost_id",unknown
stock_location,stock_location__company_id_index,btree,company_id,unknown
stock_location,stock_location__location_id_index,btree,location_id,unknown
stock_location,stock_location__parent_path_index,btree,parent_path,unknown
stock_location,stock_location__storage_category_id_index,btree,storage_category_id) WHERE (storage_category_id IS NOT NULL,unknown
stock_location,stock_location__usage_index,btree,usage,unknown
stock_location,stock_location_parent_path_id_idx,btree,"parent_path, id",unknown
stock_location_stock_picking_type_rel,stock_location_stock_picking__stock_location_id_stock_picki_idx,btree,"stock_location_id, stock_picking_type_id",unknown
stock_lot,stock_lot__company_id_index,btree,company_id,unknown
stock_lot,stock_lot__name_index,gin,name public.gin_trgm_ops,unknown
stock_lot,stock_lot__product_id_index,btree,product_id,unknown
stock_lot,stock_lot__standard_price_index,btree,((standard_price IS NOT NULL))) WHERE (standard_price IS NOT NULL,unknown
stock_move,stock_move__account_move_id_index,btree,account_move_id) WHERE (account_move_id IS NOT NULL,unknown
stock_move,stock_move__company_id_index,btree,company_id,unknown
stock_move,stock_move__consume_unbuild_id_index,btree,consume_unbuild_id) WHERE (consume_unbuild_id IS NOT NULL,unknown
stock_move,stock_move__created_production_id_index,btree,created_production_id,unknown
stock_move,stock_move__created_purchase_request_line_id_index,btree,created_purchase_request_line_id,unknown
stock_move,stock_move__date_index,btree,date,unknown
stock_move,stock_move__location_dest_id_index,btree,location_dest_id,unknown
stock_move,stock_move__location_final_id_index,btree,location_final_id,unknown
stock_move,stock_move__location_id_index,btree,location_id,unknown
stock_move,stock_move__orderpoint_id_index,btree,orderpoint_id,unknown
stock_move,stock_move__origin_returned_move_id_index,btree,origin_returned_move_id,unknown
stock_move,stock_move__partner_id_index,btree,partner_id) WHERE (partner_id IS NOT NULL,unknown
stock_move,stock_move__picking_id_index,btree,picking_id,unknown
stock_move,stock_move__product_id_index,btree,product_id,unknown
stock_move,stock_move__production_id_index,btree,production_id) WHERE (production_id IS NOT NULL,unknown
stock_move,stock_move__purchase_line_id_index,btree,purchase_line_id) WHERE (purchase_line_id IS NOT NULL,unknown
stock_move,stock_move__raw_material_production_id_index,btree,raw_material_production_id) WHERE (raw_material_production_id IS NOT NULL,unknown
stock_move,stock_move__repair_id_index,btree,repair_id) WHERE (repair_id IS NOT NULL,unknown
stock_move,stock_move__repair_line_type_index,btree,repair_line_type,unknown
stock_move,stock_move__restrict_partner_id_index,btree,restrict_partner_id) WHERE (restrict_partner_id IS NOT NULL,unknown
stock_move,stock_move__sale_line_id_index,btree,sale_line_id) WHERE (sale_line_id IS NOT NULL,unknown
stock_move,stock_move__scrap_id_index,btree,scrap_id) WHERE (scrap_id IS NOT NULL,unknown
stock_move,stock_move__sequence_index,btree,sequence,unknown
stock_move,stock_move__sequence_no_index,btree,sequence_no,unknown
stock_move,stock_move__state_index,btree,state,unknown
stock_move,stock_move__unbuild_id_index,btree,unbuild_id) WHERE (unbuild_id IS NOT NULL,unknown
stock_move,stock_move__workorder_id_index,btree,workorder_id) WHERE (workorder_id IS NOT NULL,unknown
stock_move_created_purchase_line_rel,stock_move_created_purchase_l_move_id_created_purchase_line_idx,btree,"move_id, created_purchase_line_id",unknown
stock_move_line,stock_move_line__company_id_index,btree,company_id,unknown
stock_move_line,stock_move_line__location_dest_id_index,btree,location_dest_id,unknown
stock_move_line,stock_move_line__location_id_index,btree,location_id,unknown
stock_move_line,stock_move_line__lot_id_index,btree,lot_id,unknown
stock_move_line,stock_move_line__move_id_index,btree,move_id,unknown
stock_move_line,stock_move_line__owner_id_index,btree,owner_id) WHERE (owner_id IS NOT NULL,unknown
stock_move_line,stock_move_line__package_history_id_index,btree,package_history_id) WHERE (package_history_id IS NOT NULL,unknown
stock_move_line,stock_move_line__picking_id_index,btree,picking_id,unknown
stock_move_line,stock_move_line__product_id_index,btree,product_id,unknown
stock_move_line,stock_move_line__workorder_id_index,btree,workorder_id) WHERE (workorder_id IS NOT NULL,unknown
stock_move_line_consume_rel,stock_move_line_consume_rel_produce_line_id_consume_line_id_idx,btree,"produce_line_id, consume_line_id",unknown
stock_move_line,stock_move_line_free_reservation_index,btree,"id, company_id, product_id, lot_id, location_id, owner_id, package_id) WHERE (((state IS NULL) OR ((state)::text <> ALL (ARRAY[('cancel'::character varying)::text, ('done'::character varying)::text]))) AND (quantity_product_uom > (0)::numeric) AND (picked IS NOT TRUE)",unknown
stock_move_line_stock_put_in_pack_rel,stock_move_line_stock_put_in__stock_move_line_id_stock_put__idx,btree,"stock_move_line_id, stock_put_in_pack_id",unknown
stock_move_move_rel,stock_move_move_rel_move_dest_id_move_orig_id_idx,btree,"move_dest_id, move_orig_id",unknown
stock_move,stock_move_product_location_index,btree,"product_id, location_id, location_dest_id, company_id, state",unknown
stock_notification_product_partner_rel,stock_notification_product_pa_res_partner_id_product_produc_idx,btree,"res_partner_id, product_product_id",unknown
stock_orderpoint_snooze_stock_warehouse_orderpoint_rel,stock_orderpoint_snooze_stock_stock_warehouse_orderpoint_id_idx,btree,"stock_warehouse_orderpoint_id, stock_orderpoint_snooze_id",unknown
stock_package,stock_package__company_id_index,btree,company_id,unknown
stock_package,stock_package__location_id_index,btree,location_id,unknown
stock_package,stock_package__name_index,gin,name public.gin_trgm_ops,unknown
stock_package,stock_package__package_dest_id_index,btree,package_dest_id) WHERE (package_dest_id IS NOT NULL,unknown
stock_package,stock_package__package_type_id_index,btree,package_type_id,unknown
stock_package,stock_package__parent_package_id_index,btree,parent_package_id) WHERE (parent_package_id IS NOT NULL,unknown
stock_package,stock_package__parent_path_index,btree,parent_path,unknown
stock_package_history_stock_picking_rel,stock_package_history_stock_p_stock_package_history_id_stoc_idx,btree,"stock_package_history_id, stock_picking_id",unknown
stock_package_stock_put_in_pack_rel,stock_package_stock_put_in_pa_stock_package_id_stock_put_in_idx,btree,"stock_package_id, stock_put_in_pack_id",unknown
stock_package_type,stock_package_type__company_id_index,btree,company_id,unknown
stock_package_type_stock_putaway_rule_rel,stock_package_type_stock_puta_stock_package_type_id_stock_p_idx,btree,"stock_package_type_id, stock_putaway_rule_id",unknown
stock_package_type_stock_route_rel,stock_package_type_stock_rout_stock_route_id_stock_package__idx,btree,"stock_route_id, stock_package_type_id",unknown
stock_picking,stock_picking__backorder_id_index,btree,backorder_id) WHERE (backorder_id IS NOT NULL,unknown
stock_picking,stock_picking__batch_id_index,btree,batch_id,unknown
stock_picking,stock_picking__company_id_index,btree,company_id,unknown
stock_picking,stock_picking__job_type_id_index,btree,job_type_id,unknown
stock_picking,stock_picking__name_index,gin,name public.gin_trgm_ops,unknown
stock_picking,stock_picking__origin_index,gin,origin public.gin_trgm_ops,unknown
stock_picking,stock_picking__owner_id_index,btree,owner_id) WHERE (owner_id IS NOT NULL,unknown
stock_picking,stock_picking__partner_id_index,btree,partner_id) WHERE (partner_id IS NOT NULL,unknown
stock_picking,stock_picking__picking_type_id_index,btree,picking_type_id,unknown
stock_picking,stock_picking__return_id_index,btree,return_id) WHERE (return_id IS NOT NULL,unknown
stock_picking,stock_picking__sale_id_index,btree,sale_id) WHERE (sale_id IS NOT NULL,unknown
stock_picking,stock_picking__scheduled_date_index,btree,scheduled_date,unknown
stock_picking,stock_picking__state_index,btree,state,unknown
stock_picking,stock_picking__ticket_id_index,btree,ticket_id) WHERE (ticket_id IS NOT NULL,unknown
stock_picking_backorder_rel,stock_picking_backorder_rel_stock_picking_id_stock_backorde_idx,btree,"stock_picking_id, stock_backorder_confirmation_id",unknown
stock_picking_batch,stock_picking_batch__company_id_index,btree,company_id,unknown
stock_picking_batch,stock_picking_batch__picking_type_id_index,btree,picking_type_id,unknown
stock_picking_batch,stock_picking_batch__state_index,btree,state,unknown
stock_picking_sms_rel,stock_picking_sms_rel_stock_picking_id_confirm_stock_sms_id_idx,btree,"stock_picking_id, confirm_stock_sms_id",unknown
stock_picking_type,stock_picking_type__company_id_index,btree,company_id,unknown
stock_picking_type,stock_picking_type__return_picking_type_id_index,btree,return_picking_type_id) WHERE (return_picking_type_id IS NOT NULL,unknown
stock_putaway_rule,stock_putaway_rule__category_id_index,btree,category_id) WHERE (category_id IS NOT NULL,unknown
stock_putaway_rule,stock_putaway_rule__company_id_index,btree,company_id,unknown
stock_putaway_rule,stock_putaway_rule__location_in_id_index,btree,location_in_id,unknown
stock_putaway_rule,stock_putaway_rule__product_id_index,btree,product_id) WHERE (product_id IS NOT NULL,unknown
stock_quant,stock_quant__location_id_index,btree,location_id,unknown
stock_quant,stock_quant__lot_id_index,btree,lot_id,unknown
stock_quant,stock_quant__owner_id_index,btree,owner_id) WHERE (owner_id IS NOT NULL,unknown
stock_quant,stock_quant__package_id_index,btree,package_id,unknown
stock_quant,stock_quant__product_id_index,btree,product_id,unknown
stock_quant_stock_quant_relocate_rel,stock_quant_stock_quant_reloc_stock_quant_id_stock_quant_re_idx,btree,"stock_quant_id, stock_quant_relocate_id",unknown
stock_quant_stock_request_count_rel,stock_quant_stock_request_cou_stock_quant_id_stock_request__idx,btree,"stock_quant_id, stock_request_count_id",unknown
stock_reference_move_rel,stock_reference_move_rel_reference_id_move_id_idx,btree,"reference_id, move_id",unknown
stock_reference_production_rel,stock_reference_production_rel_reference_id_production_id_idx,btree,"reference_id, production_id",unknown
stock_reference_purchase_rel,stock_reference_purchase_rel_reference_id_purchase_id_idx,btree,"reference_id, purchase_id",unknown
stock_reference_repair_rel,stock_reference_repair_rel_reference_id_repair_id_idx,btree,"reference_id, repair_id",unknown
stock_reference_sale_rel,stock_reference_sale_rel_reference_id_sale_id_idx,btree,"reference_id, sale_id",unknown
stock_route,stock_route__company_id_index,btree,company_id,unknown
stock_route,stock_route__supplied_wh_id_index,btree,supplied_wh_id) WHERE (supplied_wh_id IS NOT NULL,unknown
stock_route_categ,stock_route_categ_categ_id_route_id_idx,btree,"categ_id, route_id",unknown
stock_route_move,stock_route_move_route_id_move_id_idx,btree,"route_id, move_id",unknown
stock_route_product,stock_route_product_product_id_route_id_idx,btree,"product_id, route_id",unknown
stock_route_shipping,stock_route_shipping_route_id_shipping_id_idx,btree,"route_id, shipping_id",unknown
stock_route_stock_rules_report_rel,stock_route_stock_rules_repor_stock_route_id_stock_rules_re_idx,btree,"stock_route_id, stock_rules_report_id",unknown
stock_route_warehouse,stock_route_warehouse_warehouse_id_route_id_idx,btree,"warehouse_id, route_id",unknown
stock_rule,stock_rule__action_index,btree,action,unknown
stock_rule,stock_rule__company_id_index,btree,company_id,unknown
stock_rule,stock_rule__location_dest_id_index,btree,location_dest_id,unknown
stock_rule,stock_rule__location_src_id_index,btree,location_src_id,unknown
stock_rule,stock_rule__route_id_index,btree,route_id,unknown
stock_rule,stock_rule__warehouse_id_index,btree,warehouse_id,unknown
stock_rules_report_stock_warehouse_rel,stock_rules_report_stock_ware_stock_warehouse_id_stock_rule_idx,btree,"stock_warehouse_id, stock_rules_report_id",unknown
stock_scrap,stock_scrap__production_id_index,btree,production_id) WHERE (production_id IS NOT NULL,unknown
stock_scrap,stock_scrap__workorder_id_index,btree,workorder_id) WHERE (workorder_id IS NOT NULL,unknown
stock_scrap_stock_scrap_reason_tag_rel,stock_scrap_stock_scrap_reaso_stock_scrap_reason_tag_id_sto_idx,btree,"stock_scrap_reason_tag_id, stock_scrap_id",unknown
stock_storage_category_capacity,stock_storage_category_capacity__package_type_id_index,btree,package_type_id) WHERE (package_type_id IS NOT NULL,unknown
stock_storage_category_capacity,stock_storage_category_capacity__product_id_index,btree,product_id) WHERE (product_id IS NOT NULL,unknown
stock_storage_category_capacity,stock_storage_category_capacity__storage_category_id_index,btree,storage_category_id,unknown
stock_valuation_adjustment_lines,stock_valuation_adjustment_lines__cost_id_index,btree,cost_id,unknown
stock_warehouse,stock_warehouse__view_location_id_index,btree,view_location_id,unknown
stock_warehouse_orderpoint,stock_warehouse_orderpoint__company_id_index,btree,company_id,unknown
stock_warehouse_orderpoint,stock_warehouse_orderpoint__location_id_index,btree,location_id,unknown
stock_warehouse_orderpoint,stock_warehouse_orderpoint__product_id_index,btree,product_id,unknown
stock_warehouse_orderpoint,stock_warehouse_orderpoint__warehouse_id_index,btree,warehouse_id,unknown
stock_wh_resupply_table,stock_wh_resupply_table_supplier_wh_id_supplied_wh_id_idx,btree,"supplier_wh_id, supplied_wh_id",unknown
studio_approval_entry,studio_approval_entry__rule_id_index,btree,rule_id,unknown
studio_approval_entry,studio_approval_entry__user_id_index,btree,user_id,unknown
studio_approval_entry,studio_approval_entry_model_res_id_idx,btree,"model, res_id",unknown
studio_approval_request,studio_approval_request__mail_activity_id_index,btree,mail_activity_id,unknown
studio_approval_request,studio_approval_request__rule_id_index,btree,rule_id,unknown
studio_approval_rule,studio_approval_rule__model_name_index,btree,model_name,unknown
studio_approval_rule_approver,studio_approval_rule_approver__rule_id_index,btree,rule_id,unknown
summary_emp_rel,summary_emp_rel_emp_id_sum_id_idx,btree,"emp_id, sum_id",unknown
survey_invite,survey_invite__author_id_index,btree,author_id,unknown
survey_invite_partner_ids,survey_invite_partner_ids_partner_id_invite_id_idx,btree,"partner_id, invite_id",unknown
survey_mail_compose_message_ir_attachments_rel,survey_mail_compose_message_ir_atta_attachment_id_wizard_id_idx,btree,"attachment_id, wizard_id",unknown
survey_question,survey_question__survey_id_index,btree,survey_id) WHERE (survey_id IS NOT NULL,unknown
survey_question_answer,survey_question_answer__matrix_question_id_index,btree,matrix_question_id) WHERE (matrix_question_id IS NOT NULL,unknown
survey_question_answer,survey_question_answer__question_id_index,btree,question_id) WHERE (question_id IS NOT NULL,unknown
survey_question_survey_question_answer_rel,survey_question_survey_questi_survey_question_answer_id_sur_idx,btree,"survey_question_answer_id, survey_question_id",unknown
survey_question_survey_user_input_rel,survey_question_survey_user_i_survey_question_id_survey_use_idx,btree,"survey_question_id, survey_user_input_id",unknown
survey_survey,survey_survey__certification_badge_id_index,btree,certification_badge_id) WHERE (certification_badge_id IS NOT NULL,unknown
survey_survey,survey_survey__team_id_index,btree,team_id) WHERE (team_id IS NOT NULL,unknown
survey_survey_res_users_appraisal_rel,survey_survey_res_users_appra_res_users_id_survey_survey_id_idx,btree,"res_users_id, survey_survey_id",unknown
survey_user_input,survey_user_input__appraisal_id_index,btree,appraisal_id) WHERE (appraisal_id IS NOT NULL,unknown
survey_user_input,survey_user_input__partner_id_index,btree,partner_id) WHERE (partner_id IS NOT NULL,unknown
survey_user_input,survey_user_input__slide_partner_id_index,btree,slide_partner_id) WHERE (slide_partner_id IS NOT NULL,unknown
survey_user_input,survey_user_input__survey_id_index,btree,survey_id,unknown
survey_user_input_line,survey_user_input_line__question_id_index,btree,question_id,unknown
survey_user_input_line,survey_user_input_line__user_input_id_index,btree,user_input_id,unknown
task_dependencies_rel,task_dependencies_rel_depends_on_id_task_id_idx,btree,"depends_on_id, task_id",unknown
team_favorite_user_rel,team_favorite_user_rel_user_id_team_id_idx,btree,"user_id, team_id",unknown
team_stage_auto_close_from_rel,team_stage_auto_close_from_re_helpdesk_stage_id_helpdesk_te_idx,btree,"helpdesk_stage_id, helpdesk_team_id",unknown
team_stage_rel,team_stage_rel_helpdesk_stage_id_helpdesk_team_id_idx,btree,"helpdesk_stage_id, helpdesk_team_id",unknown
template_attribute_value_mrp_production_rel,template_attribute_value_mrp__template_attribute_value_id_p_idx,btree,"template_attribute_value_id, production_id",unknown
template_attribute_value_stock_move_rel,template_attribute_value_stoc_template_attribute_value_id_m_idx,btree,"template_attribute_value_id, move_id",unknown
theme_website_menu,theme_website_menu__page_id_index,btree,page_id) WHERE (page_id IS NOT NULL,unknown
theme_website_menu,theme_website_menu__parent_id_index,btree,parent_id,unknown
theme_website_page,theme_website_page__view_id_index,btree,view_id,unknown
uom_uom,uom_uom__parent_path_index,btree,parent_path,unknown
uom_uom,uom_uom__relative_uom_id_index,btree,relative_uom_id) WHERE (relative_uom_id IS NOT NULL,unknown
utm_tag_rel,utm_tag_rel_campaign_id_tag_id_idx,btree,"campaign_id, tag_id",unknown
warning_purchase_order_alternative_rel,warning_purchase_order_altern_purchase_order_id_purchase_re_idx,btree,"purchase_order_id, purchase_requisition_alternative_warning_id",unknown
warning_purchase_order_rel,warning_purchase_order_rel_purchase_order_id_purchase_requi_idx,btree,"purchase_order_id, purchase_requisition_alternative_warning_id",unknown
web_tour_tour_step,web_tour_tour_step__tour_id_index,btree,tour_id,unknown
website,website__salesteam_id_index,btree,salesteam_id) WHERE (salesteam_id IS NOT NULL,unknown
website_checkout_step,website_checkout_step__is_published_index,btree,is_published,unknown
website_checkout_step,website_checkout_step__website_id_index,btree,website_id,unknown
website_controller_page,website_controller_page__is_published_index,btree,is_published,unknown
website_controller_page,website_controller_page__view_id_index,btree,view_id,unknown
website_controller_page,website_controller_page__website_id_index,btree,website_id,unknown
website_lang_rel,website_lang_rel_lang_id_website_id_idx,btree,"lang_id, website_id",unknown
website_menu,website_menu__controller_page_id_index,btree,controller_page_id) WHERE (controller_page_id IS NOT NULL,unknown
website_menu,website_menu__page_id_index,btree,page_id) WHERE (page_id IS NOT NULL,unknown
website_menu,website_menu__parent_id_index,btree,parent_id,unknown
website_menu,website_menu__parent_path_index,btree,parent_path,unknown
website_menu,website_menu__theme_template_id_index,btree,theme_template_id) WHERE (theme_template_id IS NOT NULL,unknown
website_page,website_page__is_published_index,btree,is_published,unknown
website_page,website_page__theme_template_id_index,btree,theme_template_id) WHERE (theme_template_id IS NOT NULL,unknown
website_page,website_page__view_id_index,btree,view_id,unknown
website_page,website_page__website_id_index,btree,website_id,unknown
website_rewrite,website_rewrite__url_from_index,btree,url_from,unknown
website_rewrite,website_rewrite__website_id_index,btree,website_id,unknown
website_sale_extra_field,website_sale_extra_field__website_id_index,btree,website_id) WHERE (website_id IS NOT NULL,unknown
website_snippet_filter,website_snippet_filter__is_published_index,btree,is_published,unknown
website_snippet_filter,website_snippet_filter__website_id_index,btree,website_id,unknown
website_track,website_track__page_id_index,btree,page_id,unknown
website_track,website_track__product_id_index,btree,product_id) WHERE (product_id IS NOT NULL,unknown
website_track,website_track__url_index,btree,url,unknown
website_track,website_track__visitor_id_index,btree,visitor_id,unknown
website_visitor,website_visitor__livechat_operator_id_index,btree,livechat_operator_id) WHERE (livechat_operator_id IS NOT NULL,unknown
website_visitor,website_visitor__partner_id_index,btree,partner_id) WHERE (partner_id IS NOT NULL,unknown
wip_move_production_rel,wip_move_production_rel_move_id_production_id_idx,btree,"move_id, production_id",unknown
withholding_tax_cert_line,withholding_tax_cert_line__cert_id_index,btree,cert_id,unknown
x_res_partner_x_7_11_tag_rel,x_res_partner_x_7_11_tag_rel_x_7_11_tag_id_res_partner_id_idx,btree,"x_7_11_tag_id, res_partner_id",unknown
