table,columns,reference_table,constraint,definition
Products,stock_move_line_id,stock_move_line,Products_stock_move_line_id_fkey,FOREIGN KEY (stock_move_line_id) REFERENCES public.stock_move_line(id) ON DELETE CASCADE
Products,stock_package_destination_id,stock_package_destination,Products_stock_package_destination_id_fkey,FOREIGN KEY (stock_package_destination_id) REFERENCES public.stock_package_destination(id) ON DELETE CASCADE
account_account,account_stock_expense_id,account_account,account_account_account_stock_expense_id_fkey,FOREIGN KEY (account_stock_expense_id) REFERENCES public.account_account(id) ON DELETE SET NULL
account_account,account_stock_variation_id,account_account,account_account_account_stock_variation_id_fkey,FOREIGN KEY (account_stock_variation_id) REFERENCES public.account_account(id) ON DELETE SET NULL
account_account,fiscal_category_id,account_fiscal_category,account_account_fiscal_category_id_fkey,FOREIGN KEY (fiscal_category_id) REFERENCES public.account_fiscal_category(id) ON DELETE SET NULL
account_account,currency_id,res_currency,account_account_currency_id_fkey,FOREIGN KEY (currency_id) REFERENCES public.res_currency(id) ON DELETE SET NULL
account_account,create_uid,res_users,account_account_create_uid_fkey,FOREIGN KEY (create_uid) REFERENCES public.res_users(id) ON DELETE SET NULL
account_account,write_uid,res_users,account_account_write_uid_fkey,FOREIGN KEY (write_uid) REFERENCES public.res_users(id) ON DELETE SET NULL
account_account_account_asset_rel,account_account_id,account_account,account_account_account_asset_rel_account_account_id_fkey,FOREIGN KEY (account_account_id) REFERENCES public.account_account(id) ON DELETE CASCADE
account_account_account_asset_rel,account_asset_id,account_asset,account_account_account_asset_rel_account_asset_id_fkey,FOREIGN KEY (account_asset_id) REFERENCES public.account_asset(id) ON DELETE CASCADE
account_account_account_auto_reconcile_wizard_rel,account_account_id,account_account,account_account_account_auto_reconcile__account_account_id_fkey,FOREIGN KEY (account_account_id) REFERENCES public.account_account(id) ON DELETE CASCADE
account_account_account_auto_reconcile_wizard_rel,account_auto_reconcile_wizard_id,account_auto_reconcile_wizard,account_account_account_auto__account_auto_reconcile_wizar_fkey,FOREIGN KEY (account_auto_reconcile_wizard_id) REFERENCES public.account_auto_reconcile_wizard(id) ON DELETE CASCADE
account_account_account_import_summary_rel,account_account_id,account_account,account_account_account_import_summary__account_account_id_fkey,FOREIGN KEY (account_account_id) REFERENCES public.account_account(id) ON DELETE CASCADE
account_account_account_import_summary_rel,account_import_summary_id,account_import_summary,account_account_account_import_s_account_import_summary_id_fkey,FOREIGN KEY (account_import_summary_id) REFERENCES public.account_import_summary(id) ON DELETE CASCADE
account_account_account_merge_wizard_rel,account_account_id,account_account,account_account_account_merge_wizard_re_account_account_id_fkey,FOREIGN KEY (account_account_id) REFERENCES public.account_account(id) ON DELETE CASCADE
account_account_account_merge_wizard_rel,account_merge_wizard_id,account_merge_wizard,account_account_account_merge_wiza_account_merge_wizard_id_fkey,FOREIGN KEY (account_merge_wizard_id) REFERENCES public.account_merge_wizard(id) ON DELETE CASCADE
account_account_account_tag,account_account_id,account_account,account_account_account_tag_account_account_id_fkey,FOREIGN KEY (account_account_id) REFERENCES public.account_account(id) ON DELETE CASCADE
account_account_account_tag,account_account_tag_id,account_account_tag,account_account_account_tag_account_account_tag_id_fkey,FOREIGN KEY (account_account_tag_id) REFERENCES public.account_account_tag(id) ON DELETE RESTRICT
account_account_create_withholding_tax_cert_rel,account_account_id,account_account,account_account_create_withholding_tax__account_account_id_fkey,FOREIGN KEY (account_account_id) REFERENCES public.account_account(id) ON DELETE CASCADE
account_account_create_withholding_tax_cert_rel,create_withholding_tax_cert_id,create_withholding_tax_cert,account_account_create_withho_create_withholding_tax_cert__fkey,FOREIGN KEY (create_withholding_tax_cert_id) REFERENCES public.create_withholding_tax_cert(id) ON DELETE CASCADE
account_account_exclude_res_currency_provision,account_account_id,account_account,account_account_exclude_res_currency_pr_account_account_id_fkey,FOREIGN KEY (account_account_id) REFERENCES public.account_account(id) ON DELETE CASCADE
account_account_exclude_res_currency_provision,res_currency_id,res_currency,account_account_exclude_res_currency_provi_res_currency_id_fkey,FOREIGN KEY (res_currency_id) REFERENCES public.res_currency(id) ON DELETE CASCADE
account_account_fiscal_rate,related_account_id,account_account,account_account_fiscal_rate_related_account_id_fkey,FOREIGN KEY (related_account_id) REFERENCES public.account_account(id) ON DELETE CASCADE
account_account_fiscal_rate,company_id,res_company,account_account_fiscal_rate_company_id_fkey,FOREIGN KEY (company_id) REFERENCES public.res_company(id) ON DELETE RESTRICT
account_account_fiscal_rate,create_uid,res_users,account_account_fiscal_rate_create_uid_fkey,FOREIGN KEY (create_uid) REFERENCES public.res_users(id) ON DELETE SET NULL
account_account_fiscal_rate,write_uid,res_users,account_account_fiscal_rate_write_uid_fkey,FOREIGN KEY (write_uid) REFERENCES public.res_users(id) ON DELETE SET NULL
account_account_res_company_rel,account_account_id,account_account,account_account_res_company_rel_account_account_id_fkey,FOREIGN KEY (account_account_id) REFERENCES public.account_account(id) ON DELETE CASCADE
account_account_res_company_rel,res_company_id,res_company,account_account_res_company_rel_res_company_id_fkey,FOREIGN KEY (res_company_id) REFERENCES public.res_company(id) ON DELETE CASCADE
account_account_tag,country_id,res_country,account_account_tag_country_id_fkey,FOREIGN KEY (country_id) REFERENCES public.res_country(id) ON DELETE SET NULL
account_account_tag,create_uid,res_users,account_account_tag_create_uid_fkey,FOREIGN KEY (create_uid) REFERENCES public.res_users(id) ON DELETE SET NULL
account_account_tag,write_uid,res_users,account_account_tag_write_uid_fkey,FOREIGN KEY (write_uid) REFERENCES public.res_users(id) ON DELETE SET NULL
account_account_tag_account_move_line_rel,account_account_tag_id,account_account_tag,account_account_tag_account_move_li_account_account_tag_id_fkey,FOREIGN KEY (account_account_tag_id) REFERENCES public.account_account_tag(id) ON DELETE RESTRICT
account_account_tag_account_move_line_rel,account_move_line_id,account_move_line,account_account_tag_account_move_line_account_move_line_id_fkey,FOREIGN KEY (account_move_line_id) REFERENCES public.account_move_line(id) ON DELETE CASCADE
account_account_tag_account_tax_repartition_line_rel,account_account_tag_id,account_account_tag,account_account_tag_account_tax_rep_account_account_tag_id_fkey,FOREIGN KEY (account_account_tag_id) REFERENCES public.account_account_tag(id) ON DELETE RESTRICT
account_account_tag_account_tax_repartition_line_rel,account_tax_repartition_line_id,account_tax_repartition_line,account_account_tag_account_t_account_tax_repartition_line_fkey,FOREIGN KEY (account_tax_repartition_line_id) REFERENCES public.account_tax_repartition_line(id) ON DELETE CASCADE
account_account_tag_account_withholding_tax_rel,account_account_tag_id,account_account_tag,account_account_tag_account_withhol_account_account_tag_id_fkey,FOREIGN KEY (account_account_tag_id) REFERENCES public.account_account_tag(id) ON DELETE CASCADE
account_account_tag_account_withholding_tax_rel,account_withholding_tax_id,account_withholding_tax,account_account_tag_account_wit_account_withholding_tax_id_fkey,FOREIGN KEY (account_withholding_tax_id) REFERENCES public.account_withholding_tax(id) ON DELETE CASCADE
account_account_tag_product_template_rel,account_account_tag_id,account_account_tag,account_account_tag_product_templat_account_account_tag_id_fkey,FOREIGN KEY (account_account_tag_id) REFERENCES public.account_account_tag(id) ON DELETE CASCADE
account_account_tag_product_template_rel,product_template_id,product_template,account_account_tag_product_template_r_product_template_id_fkey,FOREIGN KEY (product_template_id) REFERENCES public.product_template(id) ON DELETE CASCADE
account_account_tax_default_rel,account_id,account_account,account_account_tax_default_rel_account_id_fkey,FOREIGN KEY (account_id) REFERENCES public.account_account(id) ON DELETE CASCADE
account_account_tax_default_rel,tax_id,account_tax,account_account_tax_default_rel_tax_id_fkey,FOREIGN KEY (tax_id) REFERENCES public.account_tax(id) ON DELETE CASCADE
account_accrued_orders_wizard,account_id,account_account,account_accrued_orders_wizard_account_id_fkey,FOREIGN KEY (account_id) REFERENCES public.account_account(id) ON DELETE CASCADE
account_accrued_orders_wizard,journal_id,account_journal,account_accrued_orders_wizard_journal_id_fkey,FOREIGN KEY (journal_id) REFERENCES public.account_journal(id) ON DELETE CASCADE
account_accrued_orders_wizard,company_id,res_company,account_accrued_orders_wizard_company_id_fkey,FOREIGN KEY (company_id) REFERENCES public.res_company(id) ON DELETE SET NULL
account_accrued_orders_wizard,currency_id,res_currency,account_accrued_orders_wizard_currency_id_fkey,FOREIGN KEY (currency_id) REFERENCES public.res_currency(id) ON DELETE SET NULL
account_accrued_orders_wizard,create_uid,res_users,account_accrued_orders_wizard_create_uid_fkey,FOREIGN KEY (create_uid) REFERENCES public.res_users(id) ON DELETE SET NULL
account_accrued_orders_wizard,write_uid,res_users,account_accrued_orders_wizard_write_uid_fkey,FOREIGN KEY (write_uid) REFERENCES public.res_users(id) ON DELETE SET NULL
account_analytic_account,plan_id,account_analytic_plan,account_analytic_account_plan_id_fkey,FOREIGN KEY (plan_id) REFERENCES public.account_analytic_plan(id) ON DELETE RESTRICT
account_analytic_account,root_plan_id,account_analytic_plan,account_analytic_account_root_plan_id_fkey,FOREIGN KEY (root_plan_id) REFERENCES public.account_analytic_plan(id) ON DELETE SET NULL
account_analytic_account,company_id,res_company,account_analytic_account_company_id_fkey,FOREIGN KEY (company_id) REFERENCES public.res_company(id) ON DELETE SET NULL
account_analytic_account,partner_id,res_partner,account_analytic_account_partner_id_fkey,FOREIGN KEY (partner_id) REFERENCES public.res_partner(id) ON DELETE SET NULL
account_analytic_account,create_uid,res_users,account_analytic_account_create_uid_fkey,FOREIGN KEY (create_uid) REFERENCES public.res_users(id) ON DELETE SET NULL
account_analytic_account,write_uid,res_users,account_analytic_account_write_uid_fkey,FOREIGN KEY (write_uid) REFERENCES public.res_users(id) ON DELETE SET NULL
account_analytic_account_mrp_bom_rel,account_analytic_account_id,account_analytic_account,account_analytic_account_mrp_b_account_analytic_account_id_fkey,FOREIGN KEY (account_analytic_account_id) REFERENCES public.account_analytic_account(id) ON DELETE CASCADE
account_analytic_account_mrp_bom_rel,mrp_bom_id,mrp_bom,account_analytic_account_mrp_bom_rel_mrp_bom_id_fkey,FOREIGN KEY (mrp_bom_id) REFERENCES public.mrp_bom(id) ON DELETE CASCADE
account_analytic_account_mrp_production_rel,account_analytic_account_id,account_analytic_account,account_analytic_account_mrp_p_account_analytic_account_id_fkey,FOREIGN KEY (account_analytic_account_id) REFERENCES public.account_analytic_account(id) ON DELETE CASCADE
account_analytic_account_mrp_production_rel,mrp_production_id,mrp_production,account_analytic_account_mrp_production__mrp_production_id_fkey,FOREIGN KEY (mrp_production_id) REFERENCES public.mrp_production(id) ON DELETE CASCADE
account_analytic_account_mrp_workcenter_rel,account_analytic_account_id,account_analytic_account,account_analytic_account_mrp_w_account_analytic_account_id_fkey,FOREIGN KEY (account_analytic_account_id) REFERENCES public.account_analytic_account(id) ON DELETE CASCADE
account_analytic_account_mrp_workcenter_rel,mrp_workcenter_id,mrp_workcenter,account_analytic_account_mrp_workcenter__mrp_workcenter_id_fkey,FOREIGN KEY (mrp_workcenter_id) REFERENCES public.mrp_workcenter(id) ON DELETE CASCADE
account_analytic_applicability,analytic_plan_id,account_analytic_plan,account_analytic_applicability_analytic_plan_id_fkey,FOREIGN KEY (analytic_plan_id) REFERENCES public.account_analytic_plan(id) ON DELETE SET NULL
account_analytic_applicability,product_categ_id,product_category,account_analytic_applicability_product_categ_id_fkey,FOREIGN KEY (product_categ_id) REFERENCES public.product_category(id) ON DELETE SET NULL
account_analytic_applicability,company_id,res_company,account_analytic_applicability_company_id_fkey,FOREIGN KEY (company_id) REFERENCES public.res_company(id) ON DELETE SET NULL
account_analytic_applicability,create_uid,res_users,account_analytic_applicability_create_uid_fkey,FOREIGN KEY (create_uid) REFERENCES public.res_users(id) ON DELETE SET NULL
account_analytic_applicability,write_uid,res_users,account_analytic_applicability_write_uid_fkey,FOREIGN KEY (write_uid) REFERENCES public.res_users(id) ON DELETE SET NULL
account_analytic_distribution_model,product_categ_id,product_category,account_analytic_distribution_model_product_categ_id_fkey,FOREIGN KEY (product_categ_id) REFERENCES public.product_category(id) ON DELETE CASCADE
account_analytic_distribution_model,product_id,product_product,account_analytic_distribution_model_product_id_fkey,FOREIGN KEY (product_id) REFERENCES public.product_product(id) ON DELETE CASCADE
account_analytic_distribution_model,company_id,res_company,account_analytic_distribution_model_company_id_fkey,FOREIGN KEY (company_id) REFERENCES public.res_company(id) ON DELETE CASCADE
account_analytic_distribution_model,partner_id,res_partner,account_analytic_distribution_model_partner_id_fkey,FOREIGN KEY (partner_id) REFERENCES public.res_partner(id) ON DELETE CASCADE
account_analytic_distribution_model,partner_category_id,res_partner_category,account_analytic_distribution_model_partner_category_id_fkey,FOREIGN KEY (partner_category_id) REFERENCES public.res_partner_category(id) ON DELETE CASCADE
account_analytic_distribution_model,create_uid,res_users,account_analytic_distribution_model_create_uid_fkey,FOREIGN KEY (create_uid) REFERENCES public.res_users(id) ON DELETE SET NULL
account_analytic_distribution_model,write_uid,res_users,account_analytic_distribution_model_write_uid_fkey,FOREIGN KEY (write_uid) REFERENCES public.res_users(id) ON DELETE SET NULL
account_analytic_line,general_account_id,account_account,account_analytic_line_general_account_id_fkey,FOREIGN KEY (general_account_id) REFERENCES public.account_account(id) ON DELETE RESTRICT
account_analytic_line,account_id,account_analytic_account,account_analytic_line_account_id_fkey,FOREIGN KEY (account_id) REFERENCES public.account_analytic_account(id) ON DELETE RESTRICT
account_analytic_line,journal_id,account_journal,account_analytic_line_journal_id_fkey,FOREIGN KEY (journal_id) REFERENCES public.account_journal(id) ON DELETE SET NULL
account_analytic_line,timesheet_invoice_id,account_move,account_analytic_line_timesheet_invoice_id_fkey,FOREIGN KEY (timesheet_invoice_id) REFERENCES public.account_move(id) ON DELETE SET NULL
account_analytic_line,move_line_id,account_move_line,account_analytic_line_move_line_id_fkey,FOREIGN KEY (move_line_id) REFERENCES public.account_move_line(id) ON DELETE CASCADE
account_analytic_line,department_id,hr_department,account_analytic_line_department_id_fkey,FOREIGN KEY (department_id) REFERENCES public.hr_department(id) ON DELETE SET NULL
account_analytic_line,employee_id,hr_employee,account_analytic_line_employee_id_fkey,FOREIGN KEY (employee_id) REFERENCES public.hr_employee(id) ON DELETE SET NULL
account_analytic_line,manager_id,hr_employee,account_analytic_line_manager_id_fkey,FOREIGN KEY (manager_id) REFERENCES public.hr_employee(id) ON DELETE SET NULL
account_analytic_line,holiday_id,hr_leave,account_analytic_line_holiday_id_fkey,FOREIGN KEY (holiday_id) REFERENCES public.hr_leave(id) ON DELETE SET NULL
account_analytic_line,product_id,product_product,account_analytic_line_product_id_fkey,FOREIGN KEY (product_id) REFERENCES public.product_product(id) ON DELETE SET NULL
account_analytic_line,project_id,project_project,account_analytic_line_project_id_fkey,FOREIGN KEY (project_id) REFERENCES public.project_project(id) ON DELETE SET NULL
account_analytic_line,parent_task_id,project_task,account_analytic_line_parent_task_id_fkey,FOREIGN KEY (parent_task_id) REFERENCES public.project_task(id) ON DELETE SET NULL
account_analytic_line,task_id,project_task,account_analytic_line_task_id_fkey,FOREIGN KEY (task_id) REFERENCES public.project_task(id) ON DELETE SET NULL
account_analytic_line,company_id,res_company,account_analytic_line_company_id_fkey,FOREIGN KEY (company_id) REFERENCES public.res_company(id) ON DELETE RESTRICT
account_analytic_line,currency_id,res_currency,account_analytic_line_currency_id_fkey,FOREIGN KEY (currency_id) REFERENCES public.res_currency(id) ON DELETE SET NULL
account_analytic_line,partner_id,res_partner,account_analytic_line_partner_id_fkey,FOREIGN KEY (partner_id) REFERENCES public.res_partner(id) ON DELETE SET NULL
account_analytic_line,create_uid,res_users,account_analytic_line_create_uid_fkey,FOREIGN KEY (create_uid) REFERENCES public.res_users(id) ON DELETE SET NULL
account_analytic_line,user_id,res_users,account_analytic_line_user_id_fkey,FOREIGN KEY (user_id) REFERENCES public.res_users(id) ON DELETE SET NULL
account_analytic_line,write_uid,res_users,account_analytic_line_write_uid_fkey,FOREIGN KEY (write_uid) REFERENCES public.res_users(id) ON DELETE SET NULL
account_analytic_line,global_leave_id,resource_calendar_leaves,account_analytic_line_global_leave_id_fkey,FOREIGN KEY (global_leave_id) REFERENCES public.resource_calendar_leaves(id) ON DELETE CASCADE
account_analytic_line,order_id,sale_order,account_analytic_line_order_id_fkey,FOREIGN KEY (order_id) REFERENCES public.sale_order(id) ON DELETE SET NULL
account_analytic_line,so_line,sale_order_line,account_analytic_line_so_line_fkey,FOREIGN KEY (so_line) REFERENCES public.sale_order_line(id) ON DELETE SET NULL
account_analytic_line,product_uom_id,uom_uom,account_analytic_line_product_uom_id_fkey,FOREIGN KEY (product_uom_id) REFERENCES public.uom_uom(id) ON DELETE SET NULL
account_analytic_line_calendar_employee,employee_id,hr_employee,account_analytic_line_calendar_employee_employee_id_fkey,FOREIGN KEY (employee_id) REFERENCES public.hr_employee(id) ON DELETE SET NULL
account_analytic_line_calendar_employee,create_uid,res_users,account_analytic_line_calendar_employee_create_uid_fkey,FOREIGN KEY (create_uid) REFERENCES public.res_users(id) ON DELETE SET NULL
account_analytic_line_calendar_employee,user_id,res_users,account_analytic_line_calendar_employee_user_id_fkey,FOREIGN KEY (user_id) REFERENCES public.res_users(id) ON DELETE CASCADE
account_analytic_line_calendar_employee,write_uid,res_users,account_analytic_line_calendar_employee_write_uid_fkey,FOREIGN KEY (write_uid) REFERENCES public.res_users(id) ON DELETE SET NULL
account_analytic_line_hr_timesheet_merge_wizard_rel,account_analytic_line_id,account_analytic_line,account_analytic_line_hr_timeshee_account_analytic_line_id_fkey,FOREIGN KEY (account_analytic_line_id) REFERENCES public.account_analytic_line(id) ON DELETE CASCADE
account_analytic_line_hr_timesheet_merge_wizard_rel,hr_timesheet_merge_wizard_id,hr_timesheet_merge_wizard,account_analytic_line_hr_time_hr_timesheet_merge_wizard_id_fkey,FOREIGN KEY (hr_timesheet_merge_wizard_id) REFERENCES public.hr_timesheet_merge_wizard(id) ON DELETE CASCADE
account_analytic_line_mrp_workorder_rel,account_analytic_line_id,account_analytic_line,account_analytic_line_mrp_workord_account_analytic_line_id_fkey,FOREIGN KEY (account_analytic_line_id) REFERENCES public.account_analytic_line(id) ON DELETE CASCADE
account_analytic_line_mrp_workorder_rel,mrp_workorder_id,mrp_workorder,account_analytic_line_mrp_workorder_rel_mrp_workorder_id_fkey,FOREIGN KEY (mrp_workorder_id) REFERENCES public.mrp_workorder(id) ON DELETE CASCADE
account_analytic_line_stock_move_rel,account_analytic_line_id,account_analytic_line,account_analytic_line_stock_move__account_analytic_line_id_fkey,FOREIGN KEY (account_analytic_line_id) REFERENCES public.account_analytic_line(id) ON DELETE CASCADE
account_analytic_line_stock_move_rel,stock_move_id,stock_move,account_analytic_line_stock_move_rel_stock_move_id_fkey,FOREIGN KEY (stock_move_id) REFERENCES public.stock_move(id) ON DELETE CASCADE
account_analytic_plan,parent_id,account_analytic_plan,account_analytic_plan_parent_id_fkey,FOREIGN KEY (parent_id) REFERENCES public.account_analytic_plan(id) ON DELETE CASCADE
account_analytic_plan,create_uid,res_users,account_analytic_plan_create_uid_fkey,FOREIGN KEY (create_uid) REFERENCES public.res_users(id) ON DELETE SET NULL
account_analytic_plan,write_uid,res_users,account_analytic_plan_write_uid_fkey,FOREIGN KEY (write_uid) REFERENCES public.res_users(id) ON DELETE SET NULL
account_asset,account_asset_id,account_account,account_asset_account_asset_id_fkey,FOREIGN KEY (account_asset_id) REFERENCES public.account_account(id) ON DELETE SET NULL
account_asset,account_depreciation_expense_id,account_account,account_asset_account_depreciation_expense_id_fkey,FOREIGN KEY (account_depreciation_expense_id) REFERENCES public.account_account(id) ON DELETE SET NULL
account_asset,account_depreciation_id,account_account,account_asset_account_depreciation_id_fkey,FOREIGN KEY (account_depreciation_id) REFERENCES public.account_account(id) ON DELETE SET NULL
account_asset,model_id,account_asset,account_asset_model_id_fkey,FOREIGN KEY (model_id) REFERENCES public.account_asset(id) ON DELETE SET NULL
account_asset,parent_id,account_asset,account_asset_parent_id_fkey,FOREIGN KEY (parent_id) REFERENCES public.account_asset(id) ON DELETE SET NULL
account_asset,asset_group_id,account_asset_group,account_asset_asset_group_id_fkey,FOREIGN KEY (asset_group_id) REFERENCES public.account_asset_group(id) ON DELETE SET NULL
account_asset,journal_id,account_journal,account_asset_journal_id_fkey,FOREIGN KEY (journal_id) REFERENCES public.account_journal(id) ON DELETE SET NULL
account_asset,vehicle_id,fleet_vehicle,account_asset_vehicle_id_fkey,FOREIGN KEY (vehicle_id) REFERENCES public.fleet_vehicle(id) ON DELETE SET NULL
account_asset,name_asset,maintenance_equipment,account_asset_name_asset_fkey,FOREIGN KEY (name_asset) REFERENCES public.maintenance_equipment(id) ON DELETE SET NULL
account_asset,company_id,res_company,account_asset_company_id_fkey,FOREIGN KEY (company_id) REFERENCES public.res_company(id) ON DELETE RESTRICT
account_asset,currency_id,res_currency,account_asset_currency_id_fkey,FOREIGN KEY (currency_id) REFERENCES public.res_currency(id) ON DELETE SET NULL
account_asset,create_uid,res_users,account_asset_create_uid_fkey,FOREIGN KEY (create_uid) REFERENCES public.res_users(id) ON DELETE SET NULL
account_asset,write_uid,res_users,account_asset_write_uid_fkey,FOREIGN KEY (write_uid) REFERENCES public.res_users(id) ON DELETE SET NULL
account_asset_group,company_id,res_company,account_asset_group_company_id_fkey,FOREIGN KEY (company_id) REFERENCES public.res_company(id) ON DELETE SET NULL
account_asset_group,create_uid,res_users,account_asset_group_create_uid_fkey,FOREIGN KEY (create_uid) REFERENCES public.res_users(id) ON DELETE SET NULL
account_asset_group,write_uid,res_users,account_asset_group_write_uid_fkey,FOREIGN KEY (write_uid) REFERENCES public.res_users(id) ON DELETE SET NULL
account_asset_maintenance_equipment_category_rel,account_asset_id,account_asset,account_asset_maintenance_equipment_categ_account_asset_id_fkey,FOREIGN KEY (account_asset_id) REFERENCES public.account_asset(id) ON DELETE CASCADE
account_asset_maintenance_equipment_category_rel,maintenance_equipment_category_id,maintenance_equipment_category,account_asset_maintenance_equ_maintenance_equipment_catego_fkey,FOREIGN KEY (maintenance_equipment_category_id) REFERENCES public.maintenance_equipment_category(id) ON DELETE CASCADE
account_audit_account_status,account_id,account_account,account_audit_account_status_account_id_fkey,FOREIGN KEY (account_id) REFERENCES public.account_account(id) ON DELETE CASCADE
account_audit_account_status,audit_id,account_return,account_audit_account_status_audit_id_fkey,FOREIGN KEY (audit_id) REFERENCES public.account_return(id) ON DELETE CASCADE
account_audit_account_status,create_uid,res_users,account_audit_account_status_create_uid_fkey,FOREIGN KEY (create_uid) REFERENCES public.res_users(id) ON DELETE SET NULL
account_audit_account_status,write_uid,res_users,account_audit_account_status_write_uid_fkey,FOREIGN KEY (write_uid) REFERENCES public.res_users(id) ON DELETE SET NULL
account_auto_reconcile_wizard,company_id,res_company,account_auto_reconcile_wizard_company_id_fkey,FOREIGN KEY (company_id) REFERENCES public.res_company(id) ON DELETE CASCADE
account_auto_reconcile_wizard,create_uid,res_users,account_auto_reconcile_wizard_create_uid_fkey,FOREIGN KEY (create_uid) REFERENCES public.res_users(id) ON DELETE SET NULL
account_auto_reconcile_wizard,write_uid,res_users,account_auto_reconcile_wizard_write_uid_fkey,FOREIGN KEY (write_uid) REFERENCES public.res_users(id) ON DELETE SET NULL
account_auto_reconcile_wizard_account_move_line_rel,account_auto_reconcile_wizard_id,account_auto_reconcile_wizard,account_auto_reconcile_wizard_account_auto_reconcile_wizar_fkey,FOREIGN KEY (account_auto_reconcile_wizard_id) REFERENCES public.account_auto_reconcile_wizard(id) ON DELETE CASCADE
account_auto_reconcile_wizard_account_move_line_rel,account_move_line_id,account_move_line,account_auto_reconcile_wizard_account_account_move_line_id_fkey,FOREIGN KEY (account_move_line_id) REFERENCES public.account_move_line(id) ON DELETE CASCADE
account_auto_reconcile_wizard_res_partner_rel,account_auto_reconcile_wizard_id,account_auto_reconcile_wizard,account_auto_reconcile_wizar_account_auto_reconcile_wizar_fkey1,FOREIGN KEY (account_auto_reconcile_wizard_id) REFERENCES public.account_auto_reconcile_wizard(id) ON DELETE CASCADE
account_auto_reconcile_wizard_res_partner_rel,res_partner_id,res_partner,account_auto_reconcile_wizard_res_partner_r_res_partner_id_fkey,FOREIGN KEY (res_partner_id) REFERENCES public.res_partner(id) ON DELETE CASCADE
account_automatic_entry_wizard,destination_account_id,account_account,account_automatic_entry_wizard_destination_account_id_fkey,FOREIGN KEY (destination_account_id) REFERENCES public.account_account(id) ON DELETE SET NULL
account_automatic_entry_wizard,company_id,res_company,account_automatic_entry_wizard_company_id_fkey,FOREIGN KEY (company_id) REFERENCES public.res_company(id) ON DELETE CASCADE
account_automatic_entry_wizard,create_uid,res_users,account_automatic_entry_wizard_create_uid_fkey,FOREIGN KEY (create_uid) REFERENCES public.res_users(id) ON DELETE SET NULL
account_automatic_entry_wizard,write_uid,res_users,account_automatic_entry_wizard_write_uid_fkey,FOREIGN KEY (write_uid) REFERENCES public.res_users(id) ON DELETE SET NULL
account_automatic_entry_wizard_account_move_line_rel,account_automatic_entry_wizard_id,account_automatic_entry_wizard,account_automatic_entry_wizar_account_automatic_entry_wiza_fkey,FOREIGN KEY (account_automatic_entry_wizard_id) REFERENCES public.account_automatic_entry_wizard(id) ON DELETE CASCADE
account_automatic_entry_wizard_account_move_line_rel,account_move_line_id,account_move_line,account_automatic_entry_wizard_accoun_account_move_line_id_fkey,FOREIGN KEY (account_move_line_id) REFERENCES public.account_move_line(id) ON DELETE CASCADE
account_autopost_bills_wizard,partner_id,res_partner,account_autopost_bills_wizard_partner_id_fkey,FOREIGN KEY (partner_id) REFERENCES public.res_partner(id) ON DELETE SET NULL
account_autopost_bills_wizard,create_uid,res_users,account_autopost_bills_wizard_create_uid_fkey,FOREIGN KEY (create_uid) REFERENCES public.res_users(id) ON DELETE SET NULL
account_autopost_bills_wizard,write_uid,res_users,account_autopost_bills_wizard_write_uid_fkey,FOREIGN KEY (write_uid) REFERENCES public.res_users(id) ON DELETE SET NULL
account_bank_selection,selected_account,account_online_account,account_bank_selection_selected_account_fkey,FOREIGN KEY (selected_account) REFERENCES public.account_online_account(id) ON DELETE SET NULL
account_bank_selection,account_online_link_id,account_online_link,account_bank_selection_account_online_link_id_fkey,FOREIGN KEY (account_online_link_id) REFERENCES public.account_online_link(id) ON DELETE SET NULL
account_bank_selection,create_uid,res_users,account_bank_selection_create_uid_fkey,FOREIGN KEY (create_uid) REFERENCES public.res_users(id) ON DELETE SET NULL
account_bank_selection,write_uid,res_users,account_bank_selection_write_uid_fkey,FOREIGN KEY (write_uid) REFERENCES public.res_users(id) ON DELETE SET NULL
account_bank_statement,journal_id,account_journal,account_bank_statement_journal_id_fkey,FOREIGN KEY (journal_id) REFERENCES public.account_journal(id) ON DELETE SET NULL
account_bank_statement,message_main_attachment_id,ir_attachment,account_bank_statement_message_main_attachment_id_fkey,FOREIGN KEY (message_main_attachment_id) REFERENCES public.ir_attachment(id) ON DELETE SET NULL
account_bank_statement,company_id,res_company,account_bank_statement_company_id_fkey,FOREIGN KEY (company_id) REFERENCES public.res_company(id) ON DELETE SET NULL
account_bank_statement,currency_id,res_currency,account_bank_statement_currency_id_fkey,FOREIGN KEY (currency_id) REFERENCES public.res_currency(id) ON DELETE SET NULL
account_bank_statement,create_uid,res_users,account_bank_statement_create_uid_fkey,FOREIGN KEY (create_uid) REFERENCES public.res_users(id) ON DELETE SET NULL
account_bank_statement,write_uid,res_users,account_bank_statement_write_uid_fkey,FOREIGN KEY (write_uid) REFERENCES public.res_users(id) ON DELETE SET NULL
account_bank_statement_ir_attachment_rel,account_bank_statement_id,account_bank_statement,account_bank_statement_ir_attach_account_bank_statement_id_fkey,FOREIGN KEY (account_bank_statement_id) REFERENCES public.account_bank_statement(id) ON DELETE CASCADE
account_bank_statement_ir_attachment_rel,ir_attachment_id,ir_attachment,account_bank_statement_ir_attachment_rel_ir_attachment_id_fkey,FOREIGN KEY (ir_attachment_id) REFERENCES public.ir_attachment(id) ON DELETE CASCADE
account_bank_statement_line,statement_id,account_bank_statement,account_bank_statement_line_statement_id_fkey,FOREIGN KEY (statement_id) REFERENCES public.account_bank_statement(id) ON DELETE SET NULL
account_bank_statement_line,journal_id,account_journal,account_bank_statement_line_journal_id_fkey,FOREIGN KEY (journal_id) REFERENCES public.account_journal(id) ON DELETE SET NULL
account_bank_statement_line,move_id,account_move,account_bank_statement_line_move_id_fkey,FOREIGN KEY (move_id) REFERENCES public.account_move(id) ON DELETE CASCADE
account_bank_statement_line,online_account_id,account_online_account,account_bank_statement_line_online_account_id_fkey,FOREIGN KEY (online_account_id) REFERENCES public.account_online_account(id) ON DELETE SET NULL
account_bank_statement_line,online_link_id,account_online_link,account_bank_statement_line_online_link_id_fkey,FOREIGN KEY (online_link_id) REFERENCES public.account_online_link(id) ON DELETE SET NULL
account_bank_statement_line,message_main_attachment_id,ir_attachment,account_bank_statement_line_message_main_attachment_id_fkey,FOREIGN KEY (message_main_attachment_id) REFERENCES public.ir_attachment(id) ON DELETE SET NULL
account_bank_statement_line,company_id,res_company,account_bank_statement_line_company_id_fkey,FOREIGN KEY (company_id) REFERENCES public.res_company(id) ON DELETE SET NULL
account_bank_statement_line,currency_id,res_currency,account_bank_statement_line_currency_id_fkey,FOREIGN KEY (currency_id) REFERENCES public.res_currency(id) ON DELETE SET NULL
account_bank_statement_line,foreign_currency_id,res_currency,account_bank_statement_line_foreign_currency_id_fkey,FOREIGN KEY (foreign_currency_id) REFERENCES public.res_currency(id) ON DELETE SET NULL
account_bank_statement_line,partner_id,res_partner,account_bank_statement_line_partner_id_fkey,FOREIGN KEY (partner_id) REFERENCES public.res_partner(id) ON DELETE RESTRICT
account_bank_statement_line,create_uid,res_users,account_bank_statement_line_create_uid_fkey,FOREIGN KEY (create_uid) REFERENCES public.res_users(id) ON DELETE SET NULL
account_bank_statement_line,write_uid,res_users,account_bank_statement_line_write_uid_fkey,FOREIGN KEY (write_uid) REFERENCES public.res_users(id) ON DELETE SET NULL
account_bank_statement_line_transient,journal_id,account_journal,account_bank_statement_line_transient_journal_id_fkey,FOREIGN KEY (journal_id) REFERENCES public.account_journal(id) ON DELETE SET NULL
account_bank_statement_line_transient,online_account_id,account_online_account,account_bank_statement_line_transient_online_account_id_fkey,FOREIGN KEY (online_account_id) REFERENCES public.account_online_account(id) ON DELETE SET NULL
account_bank_statement_line_transient,company_id,res_company,account_bank_statement_line_transient_company_id_fkey,FOREIGN KEY (company_id) REFERENCES public.res_company(id) ON DELETE SET NULL
account_bank_statement_line_transient,foreign_currency_id,res_currency,account_bank_statement_line_transient_foreign_currency_id_fkey,FOREIGN KEY (foreign_currency_id) REFERENCES public.res_currency(id) ON DELETE SET NULL
account_bank_statement_line_transient,create_uid,res_users,account_bank_statement_line_transient_create_uid_fkey,FOREIGN KEY (create_uid) REFERENCES public.res_users(id) ON DELETE SET NULL
account_bank_statement_line_transient,write_uid,res_users,account_bank_statement_line_transient_write_uid_fkey,FOREIGN KEY (write_uid) REFERENCES public.res_users(id) ON DELETE SET NULL
account_cash_rounding,create_uid,res_users,account_cash_rounding_create_uid_fkey,FOREIGN KEY (create_uid) REFERENCES public.res_users(id) ON DELETE SET NULL
account_cash_rounding,write_uid,res_users,account_cash_rounding_write_uid_fkey,FOREIGN KEY (write_uid) REFERENCES public.res_users(id) ON DELETE SET NULL
account_change_lock_date,company_id,res_company,account_change_lock_date_company_id_fkey,FOREIGN KEY (company_id) REFERENCES public.res_company(id) ON DELETE CASCADE
account_change_lock_date,create_uid,res_users,account_change_lock_date_create_uid_fkey,FOREIGN KEY (create_uid) REFERENCES public.res_users(id) ON DELETE SET NULL
account_change_lock_date,write_uid,res_users,account_change_lock_date_write_uid_fkey,FOREIGN KEY (write_uid) REFERENCES public.res_users(id) ON DELETE SET NULL
account_duplicate_transaction_wizard,journal_id,account_journal,account_duplicate_transaction_wizard_journal_id_fkey,FOREIGN KEY (journal_id) REFERENCES public.account_journal(id) ON DELETE SET NULL
account_duplicate_transaction_wizard,create_uid,res_users,account_duplicate_transaction_wizard_create_uid_fkey,FOREIGN KEY (create_uid) REFERENCES public.res_users(id) ON DELETE SET NULL
account_duplicate_transaction_wizard,write_uid,res_users,account_duplicate_transaction_wizard_write_uid_fkey,FOREIGN KEY (write_uid) REFERENCES public.res_users(id) ON DELETE SET NULL
account_financial_year_op,company_id,res_company,account_financial_year_op_company_id_fkey,FOREIGN KEY (company_id) REFERENCES public.res_company(id) ON DELETE CASCADE
account_financial_year_op,create_uid,res_users,account_financial_year_op_create_uid_fkey,FOREIGN KEY (create_uid) REFERENCES public.res_users(id) ON DELETE SET NULL
account_financial_year_op,write_uid,res_users,account_financial_year_op_write_uid_fkey,FOREIGN KEY (write_uid) REFERENCES public.res_users(id) ON DELETE SET NULL
account_fiscal_category,company_id,res_company,account_fiscal_category_company_id_fkey,FOREIGN KEY (company_id) REFERENCES public.res_company(id) ON DELETE SET NULL
account_fiscal_category,create_uid,res_users,account_fiscal_category_create_uid_fkey,FOREIGN KEY (create_uid) REFERENCES public.res_users(id) ON DELETE SET NULL
account_fiscal_category,write_uid,res_users,account_fiscal_category_write_uid_fkey,FOREIGN KEY (write_uid) REFERENCES public.res_users(id) ON DELETE SET NULL
account_fiscal_position,company_id,res_company,account_fiscal_position_company_id_fkey,FOREIGN KEY (company_id) REFERENCES public.res_company(id) ON DELETE RESTRICT
account_fiscal_position,country_id,res_country,account_fiscal_position_country_id_fkey,FOREIGN KEY (country_id) REFERENCES public.res_country(id) ON DELETE SET NULL
account_fiscal_position,country_group_id,res_country_group,account_fiscal_position_country_group_id_fkey,FOREIGN KEY (country_group_id) REFERENCES public.res_country_group(id) ON DELETE SET NULL
account_fiscal_position,create_uid,res_users,account_fiscal_position_create_uid_fkey,FOREIGN KEY (create_uid) REFERENCES public.res_users(id) ON DELETE SET NULL
account_fiscal_position,write_uid,res_users,account_fiscal_position_write_uid_fkey,FOREIGN KEY (write_uid) REFERENCES public.res_users(id) ON DELETE SET NULL
account_fiscal_position_account,account_dest_id,account_account,account_fiscal_position_account_account_dest_id_fkey,FOREIGN KEY (account_dest_id) REFERENCES public.account_account(id) ON DELETE RESTRICT
account_fiscal_position_account,account_src_id,account_account,account_fiscal_position_account_account_src_id_fkey,FOREIGN KEY (account_src_id) REFERENCES public.account_account(id) ON DELETE RESTRICT
account_fiscal_position_account,position_id,account_fiscal_position,account_fiscal_position_account_position_id_fkey,FOREIGN KEY (position_id) REFERENCES public.account_fiscal_position(id) ON DELETE CASCADE
account_fiscal_position_account,company_id,res_company,account_fiscal_position_account_company_id_fkey,FOREIGN KEY (company_id) REFERENCES public.res_company(id) ON DELETE SET NULL
account_fiscal_position_account,create_uid,res_users,account_fiscal_position_account_create_uid_fkey,FOREIGN KEY (create_uid) REFERENCES public.res_users(id) ON DELETE SET NULL
account_fiscal_position_account,write_uid,res_users,account_fiscal_position_account_write_uid_fkey,FOREIGN KEY (write_uid) REFERENCES public.res_users(id) ON DELETE SET NULL
account_fiscal_position_account_tax_rel,account_fiscal_position_id,account_fiscal_position,account_fiscal_position_account_account_fiscal_position_id_fkey,FOREIGN KEY (account_fiscal_position_id) REFERENCES public.account_fiscal_position(id) ON DELETE CASCADE
account_fiscal_position_account_tax_rel,account_tax_id,account_tax,account_fiscal_position_account_tax_rel_account_tax_id_fkey,FOREIGN KEY (account_tax_id) REFERENCES public.account_tax(id) ON DELETE CASCADE
account_fiscal_position_res_country_state_rel,account_fiscal_position_id,account_fiscal_position,account_fiscal_position_res_cou_account_fiscal_position_id_fkey,FOREIGN KEY (account_fiscal_position_id) REFERENCES public.account_fiscal_position(id) ON DELETE CASCADE
account_fiscal_position_res_country_state_rel,res_country_state_id,res_country_state,account_fiscal_position_res_country_s_res_country_state_id_fkey,FOREIGN KEY (res_country_state_id) REFERENCES public.res_country_state(id) ON DELETE CASCADE
account_fiscal_year,company_id,res_company,account_fiscal_year_company_id_fkey,FOREIGN KEY (company_id) REFERENCES public.res_company(id) ON DELETE RESTRICT
account_fiscal_year,create_uid,res_users,account_fiscal_year_create_uid_fkey,FOREIGN KEY (create_uid) REFERENCES public.res_users(id) ON DELETE SET NULL
account_fiscal_year,write_uid,res_users,account_fiscal_year_write_uid_fkey,FOREIGN KEY (write_uid) REFERENCES public.res_users(id) ON DELETE SET NULL
account_followup_followup_line,activity_type_id,mail_activity_type,account_followup_followup_line_activity_type_id_fkey,FOREIGN KEY (activity_type_id) REFERENCES public.mail_activity_type(id) ON DELETE SET NULL
account_followup_followup_line,mail_template_id,mail_template,account_followup_followup_line_mail_template_id_fkey,FOREIGN KEY (mail_template_id) REFERENCES public.mail_template(id) ON DELETE SET NULL
account_followup_followup_line,company_id,res_company,account_followup_followup_line_company_id_fkey,FOREIGN KEY (company_id) REFERENCES public.res_company(id) ON DELETE RESTRICT
account_followup_followup_line,create_uid,res_users,account_followup_followup_line_create_uid_fkey,FOREIGN KEY (create_uid) REFERENCES public.res_users(id) ON DELETE SET NULL
account_followup_followup_line,write_uid,res_users,account_followup_followup_line_write_uid_fkey,FOREIGN KEY (write_uid) REFERENCES public.res_users(id) ON DELETE SET NULL
account_followup_followup_line,sms_template_id,sms_template,account_followup_followup_line_sms_template_id_fkey,FOREIGN KEY (sms_template_id) REFERENCES public.sms_template(id) ON DELETE SET NULL
account_followup_followup_line_res_users_rel,account_followup_followup_line_id,account_followup_followup_line,account_followup_followup_lin_account_followup_followup_li_fkey,FOREIGN KEY (account_followup_followup_line_id) REFERENCES public.account_followup_followup_line(id) ON DELETE CASCADE
account_followup_followup_line_res_users_rel,res_users_id,res_users,account_followup_followup_line_res_users_rel_res_users_id_fkey,FOREIGN KEY (res_users_id) REFERENCES public.res_users(id) ON DELETE CASCADE
account_followup_manual_reminder,template_id,mail_template,account_followup_manual_reminder_template_id_fkey,FOREIGN KEY (template_id) REFERENCES public.mail_template(id) ON DELETE SET NULL
account_followup_manual_reminder,partner_id,res_partner,account_followup_manual_reminder_partner_id_fkey,FOREIGN KEY (partner_id) REFERENCES public.res_partner(id) ON DELETE SET NULL
account_followup_manual_reminder,create_uid,res_users,account_followup_manual_reminder_create_uid_fkey,FOREIGN KEY (create_uid) REFERENCES public.res_users(id) ON DELETE SET NULL
account_followup_manual_reminder,write_uid,res_users,account_followup_manual_reminder_write_uid_fkey,FOREIGN KEY (write_uid) REFERENCES public.res_users(id) ON DELETE SET NULL
account_followup_manual_reminder,sms_template_id,sms_template,account_followup_manual_reminder_sms_template_id_fkey,FOREIGN KEY (sms_template_id) REFERENCES public.sms_template(id) ON DELETE SET NULL
account_followup_manual_reminder_ir_attachment_rel,account_followup_manual_reminder_id,account_followup_manual_reminder,account_followup_manual_remin_account_followup_manual_remi_fkey,FOREIGN KEY (account_followup_manual_reminder_id) REFERENCES public.account_followup_manual_reminder(id) ON DELETE CASCADE
account_followup_manual_reminder_ir_attachment_rel,ir_attachment_id,ir_attachment,account_followup_manual_reminder_ir_attac_ir_attachment_id_fkey,FOREIGN KEY (ir_attachment_id) REFERENCES public.ir_attachment(id) ON DELETE CASCADE
account_followup_missing_information_wizard,create_uid,res_users,account_followup_missing_information_wizard_create_uid_fkey,FOREIGN KEY (create_uid) REFERENCES public.res_users(id) ON DELETE SET NULL
account_followup_missing_information_wizard,write_uid,res_users,account_followup_missing_information_wizard_write_uid_fkey,FOREIGN KEY (write_uid) REFERENCES public.res_users(id) ON DELETE SET NULL
account_full_reconcile,create_uid,res_users,account_full_reconcile_create_uid_fkey,FOREIGN KEY (create_uid) REFERENCES public.res_users(id) ON DELETE SET NULL
account_full_reconcile,write_uid,res_users,account_full_reconcile_write_uid_fkey,FOREIGN KEY (write_uid) REFERENCES public.res_users(id) ON DELETE SET NULL
account_group,parent_id,account_group,account_group_parent_id_fkey,FOREIGN KEY (parent_id) REFERENCES public.account_group(id) ON DELETE CASCADE
account_group,company_id,res_company,account_group_company_id_fkey,FOREIGN KEY (company_id) REFERENCES public.res_company(id) ON DELETE RESTRICT
account_group,create_uid,res_users,account_group_create_uid_fkey,FOREIGN KEY (create_uid) REFERENCES public.res_users(id) ON DELETE SET NULL
account_group,write_uid,res_users,account_group_write_uid_fkey,FOREIGN KEY (write_uid) REFERENCES public.res_users(id) ON DELETE SET NULL
account_import_summary,create_uid,res_users,account_import_summary_create_uid_fkey,FOREIGN KEY (create_uid) REFERENCES public.res_users(id) ON DELETE SET NULL
account_import_summary,write_uid,res_users,account_import_summary_write_uid_fkey,FOREIGN KEY (write_uid) REFERENCES public.res_users(id) ON DELETE SET NULL
account_import_summary_account_journal_rel,account_import_summary_id,account_import_summary,account_import_summary_account_j_account_import_summary_id_fkey,FOREIGN KEY (account_import_summary_id) REFERENCES public.account_import_summary(id) ON DELETE CASCADE
account_import_summary_account_journal_rel,account_journal_id,account_journal,account_import_summary_account_journal__account_journal_id_fkey,FOREIGN KEY (account_journal_id) REFERENCES public.account_journal(id) ON DELETE CASCADE
account_import_summary_account_move_rel,account_import_summary_id,account_import_summary,account_import_summary_account_m_account_import_summary_id_fkey,FOREIGN KEY (account_import_summary_id) REFERENCES public.account_import_summary(id) ON DELETE CASCADE
account_import_summary_account_move_rel,account_move_id,account_move,account_import_summary_account_move_rel_account_move_id_fkey,FOREIGN KEY (account_move_id) REFERENCES public.account_move(id) ON DELETE CASCADE
account_import_summary_account_tax_rel,account_import_summary_id,account_import_summary,account_import_summary_account_t_account_import_summary_id_fkey,FOREIGN KEY (account_import_summary_id) REFERENCES public.account_import_summary(id) ON DELETE CASCADE
account_import_summary_account_tax_rel,account_tax_id,account_tax,account_import_summary_account_tax_rel_account_tax_id_fkey,FOREIGN KEY (account_tax_id) REFERENCES public.account_tax(id) ON DELETE CASCADE
account_import_summary_res_partner_rel,account_import_summary_id,account_import_summary,account_import_summary_res_partn_account_import_summary_id_fkey,FOREIGN KEY (account_import_summary_id) REFERENCES public.account_import_summary(id) ON DELETE CASCADE
account_import_summary_res_partner_rel,res_partner_id,res_partner,account_import_summary_res_partner_rel_res_partner_id_fkey,FOREIGN KEY (res_partner_id) REFERENCES public.res_partner(id) ON DELETE CASCADE
account_incoterms,create_uid,res_users,account_incoterms_create_uid_fkey,FOREIGN KEY (create_uid) REFERENCES public.res_users(id) ON DELETE SET NULL
account_incoterms,write_uid,res_users,account_incoterms_write_uid_fkey,FOREIGN KEY (write_uid) REFERENCES public.res_users(id) ON DELETE SET NULL
account_intrastat_code,country_id,res_country,account_intrastat_code_country_id_fkey,FOREIGN KEY (country_id) REFERENCES public.res_country(id) ON DELETE SET NULL
account_intrastat_code,create_uid,res_users,account_intrastat_code_create_uid_fkey,FOREIGN KEY (create_uid) REFERENCES public.res_users(id) ON DELETE SET NULL
account_intrastat_code,write_uid,res_users,account_intrastat_code_write_uid_fkey,FOREIGN KEY (write_uid) REFERENCES public.res_users(id) ON DELETE SET NULL
account_invoice_transaction_rel,invoice_id,account_move,account_invoice_transaction_rel_invoice_id_fkey,FOREIGN KEY (invoice_id) REFERENCES public.account_move(id) ON DELETE CASCADE
account_invoice_transaction_rel,transaction_id,payment_transaction,account_invoice_transaction_rel_transaction_id_fkey,FOREIGN KEY (transaction_id) REFERENCES public.payment_transaction(id) ON DELETE CASCADE
account_journal,default_account_id,account_account,account_journal_default_account_id_fkey,FOREIGN KEY (default_account_id) REFERENCES public.account_account(id) ON DELETE RESTRICT
account_journal,loss_account_id,account_account,account_journal_loss_account_id_fkey,FOREIGN KEY (loss_account_id) REFERENCES public.account_account(id) ON DELETE SET NULL
account_journal,non_deductible_account_id,account_account,account_journal_non_deductible_account_id_fkey,FOREIGN KEY (non_deductible_account_id) REFERENCES public.account_account(id) ON DELETE SET NULL
account_journal,profit_account_id,account_account,account_journal_profit_account_id_fkey,FOREIGN KEY (profit_account_id) REFERENCES public.account_account(id) ON DELETE SET NULL
account_journal,suspense_account_id,account_account,account_journal_suspense_account_id_fkey,FOREIGN KEY (suspense_account_id) REFERENCES public.account_account(id) ON DELETE RESTRICT
account_journal,account_online_account_id,account_online_account,account_journal_account_online_account_id_fkey,FOREIGN KEY (account_online_account_id) REFERENCES public.account_online_account(id) ON DELETE SET NULL
account_journal,account_online_link_id,account_online_link,account_journal_account_online_link_id_fkey,FOREIGN KEY (account_online_link_id) REFERENCES public.account_online_link(id) ON DELETE SET NULL
account_journal,invoice_template_pdf_report_id,ir_act_report_xml,account_journal_invoice_template_pdf_report_id_fkey,FOREIGN KEY (invoice_template_pdf_report_id) REFERENCES public.ir_act_report_xml(id) ON DELETE SET NULL
account_journal,alias_id,mail_alias,account_journal_alias_id_fkey,FOREIGN KEY (alias_id) REFERENCES public.mail_alias(id) ON DELETE RESTRICT
account_journal,company_id,res_company,account_journal_company_id_fkey,FOREIGN KEY (company_id) REFERENCES public.res_company(id) ON DELETE RESTRICT
account_journal,currency_id,res_currency,account_journal_currency_id_fkey,FOREIGN KEY (currency_id) REFERENCES public.res_currency(id) ON DELETE SET NULL
account_journal,bank_account_id,res_partner_bank,account_journal_bank_account_id_fkey,FOREIGN KEY (bank_account_id) REFERENCES public.res_partner_bank(id) ON DELETE RESTRICT
account_journal,create_uid,res_users,account_journal_create_uid_fkey,FOREIGN KEY (create_uid) REFERENCES public.res_users(id) ON DELETE SET NULL
account_journal,write_uid,res_users,account_journal_write_uid_fkey,FOREIGN KEY (write_uid) REFERENCES public.res_users(id) ON DELETE SET NULL
account_journal_account_journal_group_rel,account_journal_id,account_journal,account_journal_account_journal_group_r_account_journal_id_fkey,FOREIGN KEY (account_journal_id) REFERENCES public.account_journal(id) ON DELETE CASCADE
account_journal_account_journal_group_rel,account_journal_group_id,account_journal_group,account_journal_account_journal_g_account_journal_group_id_fkey,FOREIGN KEY (account_journal_group_id) REFERENCES public.account_journal_group(id) ON DELETE CASCADE
account_journal_account_reconcile_model_rel,account_journal_id,account_journal,account_journal_account_reconcile_model_account_journal_id_fkey,FOREIGN KEY (account_journal_id) REFERENCES public.account_journal(id) ON DELETE CASCADE
account_journal_account_reconcile_model_rel,account_reconcile_model_id,account_reconcile_model,account_journal_account_reconci_account_reconcile_model_id_fkey,FOREIGN KEY (account_reconcile_model_id) REFERENCES public.account_reconcile_model(id) ON DELETE CASCADE
account_journal_group,company_id,res_company,account_journal_group_company_id_fkey,FOREIGN KEY (company_id) REFERENCES public.res_company(id) ON DELETE SET NULL
account_journal_group,create_uid,res_users,account_journal_group_create_uid_fkey,FOREIGN KEY (create_uid) REFERENCES public.res_users(id) ON DELETE SET NULL
account_journal_group,write_uid,res_users,account_journal_group_write_uid_fkey,FOREIGN KEY (write_uid) REFERENCES public.res_users(id) ON DELETE SET NULL
account_loan,expense_account_id,account_account,account_loan_expense_account_id_fkey,FOREIGN KEY (expense_account_id) REFERENCES public.account_account(id) ON DELETE SET NULL
account_loan,long_term_account_id,account_account,account_loan_long_term_account_id_fkey,FOREIGN KEY (long_term_account_id) REFERENCES public.account_account(id) ON DELETE SET NULL
account_loan,short_term_account_id,account_account,account_loan_short_term_account_id_fkey,FOREIGN KEY (short_term_account_id) REFERENCES public.account_account(id) ON DELETE SET NULL
account_loan,asset_group_id,account_asset_group,account_loan_asset_group_id_fkey,FOREIGN KEY (asset_group_id) REFERENCES public.account_asset_group(id) ON DELETE SET NULL
account_loan,journal_id,account_journal,account_loan_journal_id_fkey,FOREIGN KEY (journal_id) REFERENCES public.account_journal(id) ON DELETE SET NULL
account_loan,company_id,res_company,account_loan_company_id_fkey,FOREIGN KEY (company_id) REFERENCES public.res_company(id) ON DELETE RESTRICT
account_loan,create_uid,res_users,account_loan_create_uid_fkey,FOREIGN KEY (create_uid) REFERENCES public.res_users(id) ON DELETE SET NULL
account_loan,write_uid,res_users,account_loan_write_uid_fkey,FOREIGN KEY (write_uid) REFERENCES public.res_users(id) ON DELETE SET NULL
account_loan_close_wizard,loan_id,account_loan,account_loan_close_wizard_loan_id_fkey,FOREIGN KEY (loan_id) REFERENCES public.account_loan(id) ON DELETE CASCADE
account_loan_close_wizard,create_uid,res_users,account_loan_close_wizard_create_uid_fkey,FOREIGN KEY (create_uid) REFERENCES public.res_users(id) ON DELETE SET NULL
account_loan_close_wizard,write_uid,res_users,account_loan_close_wizard_write_uid_fkey,FOREIGN KEY (write_uid) REFERENCES public.res_users(id) ON DELETE SET NULL
account_loan_compute_wizard,loan_id,account_loan,account_loan_compute_wizard_loan_id_fkey,FOREIGN KEY (loan_id) REFERENCES public.account_loan(id) ON DELETE CASCADE
account_loan_compute_wizard,create_uid,res_users,account_loan_compute_wizard_create_uid_fkey,FOREIGN KEY (create_uid) REFERENCES public.res_users(id) ON DELETE SET NULL
account_loan_compute_wizard,write_uid,res_users,account_loan_compute_wizard_write_uid_fkey,FOREIGN KEY (write_uid) REFERENCES public.res_users(id) ON DELETE SET NULL
account_loan_line,loan_id,account_loan,account_loan_line_loan_id_fkey,FOREIGN KEY (loan_id) REFERENCES public.account_loan(id) ON DELETE CASCADE
account_loan_line,create_uid,res_users,account_loan_line_create_uid_fkey,FOREIGN KEY (create_uid) REFERENCES public.res_users(id) ON DELETE SET NULL
account_loan_line,write_uid,res_users,account_loan_line_write_uid_fkey,FOREIGN KEY (write_uid) REFERENCES public.res_users(id) ON DELETE SET NULL
account_lock_exception,company_id,res_company,account_lock_exception_company_id_fkey,FOREIGN KEY (company_id) REFERENCES public.res_company(id) ON DELETE RESTRICT
account_lock_exception,create_uid,res_users,account_lock_exception_create_uid_fkey,FOREIGN KEY (create_uid) REFERENCES public.res_users(id) ON DELETE SET NULL
account_lock_exception,user_id,res_users,account_lock_exception_user_id_fkey,FOREIGN KEY (user_id) REFERENCES public.res_users(id) ON DELETE SET NULL
account_lock_exception,write_uid,res_users,account_lock_exception_write_uid_fkey,FOREIGN KEY (write_uid) REFERENCES public.res_users(id) ON DELETE SET NULL
account_merge_wizard,create_uid,res_users,account_merge_wizard_create_uid_fkey,FOREIGN KEY (create_uid) REFERENCES public.res_users(id) ON DELETE SET NULL
account_merge_wizard,write_uid,res_users,account_merge_wizard_write_uid_fkey,FOREIGN KEY (write_uid) REFERENCES public.res_users(id) ON DELETE SET NULL
account_merge_wizard_line,account_id,account_account,account_merge_wizard_line_account_id_fkey,FOREIGN KEY (account_id) REFERENCES public.account_account(id) ON DELETE CASCADE
account_merge_wizard_line,wizard_id,account_merge_wizard,account_merge_wizard_line_wizard_id_fkey,FOREIGN KEY (wizard_id) REFERENCES public.account_merge_wizard(id) ON DELETE CASCADE
account_merge_wizard_line,create_uid,res_users,account_merge_wizard_line_create_uid_fkey,FOREIGN KEY (create_uid) REFERENCES public.res_users(id) ON DELETE SET NULL
account_merge_wizard_line,write_uid,res_users,account_merge_wizard_line_write_uid_fkey,FOREIGN KEY (write_uid) REFERENCES public.res_users(id) ON DELETE SET NULL
account_missing_transaction_wizard,journal_id,account_journal,account_missing_transaction_wizard_journal_id_fkey,FOREIGN KEY (journal_id) REFERENCES public.account_journal(id) ON DELETE SET NULL
account_missing_transaction_wizard,create_uid,res_users,account_missing_transaction_wizard_create_uid_fkey,FOREIGN KEY (create_uid) REFERENCES public.res_users(id) ON DELETE SET NULL
account_missing_transaction_wizard,write_uid,res_users,account_missing_transaction_wizard_write_uid_fkey,FOREIGN KEY (write_uid) REFERENCES public.res_users(id) ON DELETE SET NULL
account_move,asset_id,account_asset,account_move_asset_id_fkey,FOREIGN KEY (asset_id) REFERENCES public.account_asset(id) ON DELETE CASCADE
account_move,statement_line_id,account_bank_statement_line,account_move_statement_line_id_fkey,FOREIGN KEY (statement_line_id) REFERENCES public.account_bank_statement_line(id) ON DELETE SET NULL
account_move,suspense_statement_line_id,account_bank_statement_line,account_move_suspense_statement_line_id_fkey,FOREIGN KEY (suspense_statement_line_id) REFERENCES public.account_bank_statement_line(id) ON DELETE SET NULL
account_move,invoice_cash_rounding_id,account_cash_rounding,account_move_invoice_cash_rounding_id_fkey,FOREIGN KEY (invoice_cash_rounding_id) REFERENCES public.account_cash_rounding(id) ON DELETE SET NULL
account_move,fiscal_position_id,account_fiscal_position,account_move_fiscal_position_id_fkey,FOREIGN KEY (fiscal_position_id) REFERENCES public.account_fiscal_position(id) ON DELETE RESTRICT
account_move,invoice_incoterm_id,account_incoterms,account_move_invoice_incoterm_id_fkey,FOREIGN KEY (invoice_incoterm_id) REFERENCES public.account_incoterms(id) ON DELETE SET NULL
account_move,intrastat_transport_mode_id,account_intrastat_code,account_move_intrastat_transport_mode_id_fkey,FOREIGN KEY (intrastat_transport_mode_id) REFERENCES public.account_intrastat_code(id) ON DELETE SET NULL
account_move,journal_id,account_journal,account_move_journal_id_fkey,FOREIGN KEY (journal_id) REFERENCES public.account_journal(id) ON DELETE RESTRICT
account_move,generating_loan_line_id,account_loan_line,account_move_generating_loan_line_id_fkey,FOREIGN KEY (generating_loan_line_id) REFERENCES public.account_loan_line(id) ON DELETE CASCADE
account_move,auto_invoice_id,account_move,account_move_auto_invoice_id_fkey,FOREIGN KEY (auto_invoice_id) REFERENCES public.account_move(id) ON DELETE SET NULL
account_move,auto_post_origin_id,account_move,account_move_auto_post_origin_id_fkey,FOREIGN KEY (auto_post_origin_id) REFERENCES public.account_move(id) ON DELETE SET NULL
account_move,reversed_entry_id,account_move,account_move_reversed_entry_id_fkey,FOREIGN KEY (reversed_entry_id) REFERENCES public.account_move(id) ON DELETE SET NULL
account_move,tax_cash_basis_origin_move_id,account_move,account_move_tax_cash_basis_origin_move_id_fkey,FOREIGN KEY (tax_cash_basis_origin_move_id) REFERENCES public.account_move(id) ON DELETE SET NULL
account_move,tax_cash_basis_rec_id,account_partial_reconcile,account_move_tax_cash_basis_rec_id_fkey,FOREIGN KEY (tax_cash_basis_rec_id) REFERENCES public.account_partial_reconcile(id) ON DELETE SET NULL
account_move,origin_payment_id,account_payment,account_move_origin_payment_id_fkey,FOREIGN KEY (origin_payment_id) REFERENCES public.account_payment(id) ON DELETE SET NULL
account_move,preferred_payment_method_line_id,account_payment_method_line,account_move_preferred_payment_method_line_id_fkey,FOREIGN KEY (preferred_payment_method_line_id) REFERENCES public.account_payment_method_line(id) ON DELETE SET NULL
account_move,invoice_payment_term_id,account_payment_term,account_move_invoice_payment_term_id_fkey,FOREIGN KEY (invoice_payment_term_id) REFERENCES public.account_payment_term(id) ON DELETE SET NULL
account_move,closing_return_id,account_return,account_move_closing_return_id_fkey,FOREIGN KEY (closing_return_id) REFERENCES public.account_return(id) ON DELETE SET NULL
account_move,team_id,crm_team,account_move_team_id_fkey,FOREIGN KEY (team_id) REFERENCES public.crm_team(id) ON DELETE SET NULL
account_move,ticket_id,helpdesk_ticket,account_move_ticket_id_fkey,FOREIGN KEY (ticket_id) REFERENCES public.helpdesk_ticket(id) ON DELETE SET NULL
account_move,message_main_attachment_id,ir_attachment,account_move_message_main_attachment_id_fkey,FOREIGN KEY (message_main_attachment_id) REFERENCES public.ir_attachment(id) ON DELETE SET NULL
account_move,company_id,res_company,account_move_company_id_fkey,FOREIGN KEY (company_id) REFERENCES public.res_company(id) ON DELETE SET NULL
account_move,intrastat_country_id,res_country,account_move_intrastat_country_id_fkey,FOREIGN KEY (intrastat_country_id) REFERENCES public.res_country(id) ON DELETE SET NULL
account_move,currency_id,res_currency,account_move_currency_id_fkey,FOREIGN KEY (currency_id) REFERENCES public.res_currency(id) ON DELETE RESTRICT
account_move,commercial_partner_id,res_partner,account_move_commercial_partner_id_fkey,FOREIGN KEY (commercial_partner_id) REFERENCES public.res_partner(id) ON DELETE RESTRICT
account_move,partner_id,res_partner,account_move_partner_id_fkey,FOREIGN KEY (partner_id) REFERENCES public.res_partner(id) ON DELETE RESTRICT
account_move,partner_shipping_id,res_partner,account_move_partner_shipping_id_fkey,FOREIGN KEY (partner_shipping_id) REFERENCES public.res_partner(id) ON DELETE SET NULL
account_move,partner_bank_id,res_partner_bank,account_move_partner_bank_id_fkey,FOREIGN KEY (partner_bank_id) REFERENCES public.res_partner_bank(id) ON DELETE RESTRICT
account_move,create_uid,res_users,account_move_create_uid_fkey,FOREIGN KEY (create_uid) REFERENCES public.res_users(id) ON DELETE SET NULL
account_move,invoice_user_id,res_users,account_move_invoice_user_id_fkey,FOREIGN KEY (invoice_user_id) REFERENCES public.res_users(id) ON DELETE SET NULL
account_move,signing_user,res_users,account_move_signing_user_fkey,FOREIGN KEY (signing_user) REFERENCES public.res_users(id) ON DELETE SET NULL
account_move,write_uid,res_users,account_move_write_uid_fkey,FOREIGN KEY (write_uid) REFERENCES public.res_users(id) ON DELETE SET NULL
account_move,campaign_id,utm_campaign,account_move_campaign_id_fkey,FOREIGN KEY (campaign_id) REFERENCES public.utm_campaign(id) ON DELETE SET NULL
account_move,medium_id,utm_medium,account_move_medium_id_fkey,FOREIGN KEY (medium_id) REFERENCES public.utm_medium(id) ON DELETE SET NULL
account_move,source_id,utm_source,account_move_source_id_fkey,FOREIGN KEY (source_id) REFERENCES public.utm_source(id) ON DELETE SET NULL
account_move,website_id,website,account_move_website_id_fkey,FOREIGN KEY (website_id) REFERENCES public.website(id) ON DELETE SET NULL
account_move__account_payment,invoice_id,account_move,account_move__account_payment_invoice_id_fkey,FOREIGN KEY (invoice_id) REFERENCES public.account_move(id) ON DELETE CASCADE
account_move__account_payment,payment_id,account_payment,account_move__account_payment_payment_id_fkey,FOREIGN KEY (payment_id) REFERENCES public.account_payment(id) ON DELETE CASCADE
account_move_account_move_send_batch_wizard_rel,account_move_id,account_move,account_move_account_move_send_batch_wizar_account_move_id_fkey,FOREIGN KEY (account_move_id) REFERENCES public.account_move(id) ON DELETE CASCADE
account_move_account_move_send_batch_wizard_rel,account_move_send_batch_wizard_id,account_move_send_batch_wizard,account_move_account_move_sen_account_move_send_batch_wiza_fkey,FOREIGN KEY (account_move_send_batch_wizard_id) REFERENCES public.account_move_send_batch_wizard(id) ON DELETE CASCADE
account_move_account_resequence_wizard_rel,account_move_id,account_move,account_move_account_resequence_wizard_rel_account_move_id_fkey,FOREIGN KEY (account_move_id) REFERENCES public.account_move(id) ON DELETE CASCADE
account_move_account_resequence_wizard_rel,account_resequence_wizard_id,account_resequence_wizard,account_move_account_resequen_account_resequence_wizard_id_fkey,FOREIGN KEY (account_resequence_wizard_id) REFERENCES public.account_resequence_wizard(id) ON DELETE CASCADE
account_move_asset_modify_rel,account_move_id,account_move,account_move_asset_modify_rel_account_move_id_fkey,FOREIGN KEY (account_move_id) REFERENCES public.account_move(id) ON DELETE CASCADE
account_move_asset_modify_rel,asset_modify_id,asset_modify,account_move_asset_modify_rel_asset_modify_id_fkey,FOREIGN KEY (asset_modify_id) REFERENCES public.asset_modify(id) ON DELETE CASCADE
account_move_deferred_rel,deferred_move_id,account_move,account_move_deferred_rel_deferred_move_id_fkey,FOREIGN KEY (deferred_move_id) REFERENCES public.account_move(id) ON DELETE CASCADE
account_move_deferred_rel,original_move_id,account_move,account_move_deferred_rel_original_move_id_fkey,FOREIGN KEY (original_move_id) REFERENCES public.account_move(id) ON DELETE CASCADE
account_move_discount,account_move_id,account_move,account_move_discount_account_move_id_fkey,FOREIGN KEY (account_move_id) REFERENCES public.account_move(id) ON DELETE CASCADE
account_move_discount,create_uid,res_users,account_move_discount_create_uid_fkey,FOREIGN KEY (create_uid) REFERENCES public.res_users(id) ON DELETE SET NULL
account_move_discount,write_uid,res_users,account_move_discount_write_uid_fkey,FOREIGN KEY (write_uid) REFERENCES public.res_users(id) ON DELETE SET NULL
account_move_helpdesk_ticket_rel,account_move_id,account_move,account_move_helpdesk_ticket_rel_account_move_id_fkey,FOREIGN KEY (account_move_id) REFERENCES public.account_move(id) ON DELETE CASCADE
account_move_helpdesk_ticket_rel,helpdesk_ticket_id,helpdesk_ticket,account_move_helpdesk_ticket_rel_helpdesk_ticket_id_fkey,FOREIGN KEY (helpdesk_ticket_id) REFERENCES public.helpdesk_ticket(id) ON DELETE CASCADE
account_move_line,account_id,account_account,account_move_line_account_id_fkey,FOREIGN KEY (account_id) REFERENCES public.account_account(id) ON DELETE RESTRICT
account_move_line,statement_id,account_bank_statement,account_move_line_statement_id_fkey,FOREIGN KEY (statement_id) REFERENCES public.account_bank_statement(id) ON DELETE SET NULL
account_move_line,statement_line_id,account_bank_statement_line,account_move_line_statement_line_id_fkey,FOREIGN KEY (statement_line_id) REFERENCES public.account_bank_statement_line(id) ON DELETE SET NULL
account_move_line,followup_line_id,account_followup_followup_line,account_move_line_followup_line_id_fkey,FOREIGN KEY (followup_line_id) REFERENCES public.account_followup_followup_line(id) ON DELETE SET NULL
account_move_line,full_reconcile_id,account_full_reconcile,account_move_line_full_reconcile_id_fkey,FOREIGN KEY (full_reconcile_id) REFERENCES public.account_full_reconcile(id) ON DELETE SET NULL
account_move_line,intrastat_transaction_id,account_intrastat_code,account_move_line_intrastat_transaction_id_fkey,FOREIGN KEY (intrastat_transaction_id) REFERENCES public.account_intrastat_code(id) ON DELETE SET NULL
account_move_line,journal_id,account_journal,account_move_line_journal_id_fkey,FOREIGN KEY (journal_id) REFERENCES public.account_journal(id) ON DELETE SET NULL
account_move_line,move_id,account_move,account_move_line_move_id_fkey,FOREIGN KEY (move_id) REFERENCES public.account_move(id) ON DELETE CASCADE
account_move_line,cogs_origin_id,account_move_line,account_move_line_cogs_origin_id_fkey,FOREIGN KEY (cogs_origin_id) REFERENCES public.account_move_line(id) ON DELETE SET NULL
account_move_line,payment_id,account_payment,account_move_line_payment_id_fkey,FOREIGN KEY (payment_id) REFERENCES public.account_payment(id) ON DELETE SET NULL
account_move_line,reconcile_model_id,account_reconcile_model,account_move_line_reconcile_model_id_fkey,FOREIGN KEY (reconcile_model_id) REFERENCES public.account_reconcile_model(id) ON DELETE SET NULL
account_move_line,group_tax_id,account_tax,account_move_line_group_tax_id_fkey,FOREIGN KEY (group_tax_id) REFERENCES public.account_tax(id) ON DELETE SET NULL
account_move_line,tax_line_id,account_tax,account_move_line_tax_line_id_fkey,FOREIGN KEY (tax_line_id) REFERENCES public.account_tax(id) ON DELETE RESTRICT
account_move_line,tax_group_id,account_tax_group,account_move_line_tax_group_id_fkey,FOREIGN KEY (tax_group_id) REFERENCES public.account_tax_group(id) ON DELETE SET NULL
account_move_line,tax_repartition_line_id,account_tax_repartition_line,account_move_line_tax_repartition_line_id_fkey,FOREIGN KEY (tax_repartition_line_id) REFERENCES public.account_tax_repartition_line(id) ON DELETE RESTRICT
account_move_line,wt_tax_id,account_withholding_tax,account_move_line_wt_tax_id_fkey,FOREIGN KEY (wt_tax_id) REFERENCES public.account_withholding_tax(id) ON DELETE SET NULL
account_move_line,esg_emission_factor_id,esg_emission_factor,account_move_line_esg_emission_factor_id_fkey,FOREIGN KEY (esg_emission_factor_id) REFERENCES public.esg_emission_factor(id) ON DELETE SET NULL
account_move_line,vehicle_id,fleet_vehicle,account_move_line_vehicle_id_fkey,FOREIGN KEY (vehicle_id) REFERENCES public.fleet_vehicle(id) ON DELETE SET NULL
account_move_line,expense_id,hr_expense,account_move_line_expense_id_fkey,FOREIGN KEY (expense_id) REFERENCES public.hr_expense(id) ON DELETE SET NULL
account_move_line,product_id,product_product,account_move_line_product_id_fkey,FOREIGN KEY (product_id) REFERENCES public.product_product(id) ON DELETE RESTRICT
account_move_line,purchase_line_id,purchase_order_line,account_move_line_purchase_line_id_fkey,FOREIGN KEY (purchase_line_id) REFERENCES public.purchase_order_line(id) ON DELETE SET NULL
account_move_line,company_id,res_company,account_move_line_company_id_fkey,FOREIGN KEY (company_id) REFERENCES public.res_company(id) ON DELETE SET NULL
account_move_line,intrastat_product_origin_country_id,res_country,account_move_line_intrastat_product_origin_country_id_fkey,FOREIGN KEY (intrastat_product_origin_country_id) REFERENCES public.res_country(id) ON DELETE SET NULL
account_move_line,company_currency_id,res_currency,account_move_line_company_currency_id_fkey,FOREIGN KEY (company_currency_id) REFERENCES public.res_currency(id) ON DELETE SET NULL
account_move_line,currency_id,res_currency,account_move_line_currency_id_fkey,FOREIGN KEY (currency_id) REFERENCES public.res_currency(id) ON DELETE RESTRICT
account_move_line,partner_id,res_partner,account_move_line_partner_id_fkey,FOREIGN KEY (partner_id) REFERENCES public.res_partner(id) ON DELETE RESTRICT
account_move_line,employee_bank_account_id,res_partner_bank,account_move_line_employee_bank_account_id_fkey,FOREIGN KEY (employee_bank_account_id) REFERENCES public.res_partner_bank(id) ON DELETE SET NULL
account_move_line,create_uid,res_users,account_move_line_create_uid_fkey,FOREIGN KEY (create_uid) REFERENCES public.res_users(id) ON DELETE SET NULL
account_move_line,write_uid,res_users,account_move_line_write_uid_fkey,FOREIGN KEY (write_uid) REFERENCES public.res_users(id) ON DELETE SET NULL
account_move_line,product_uom_id,uom_uom,account_move_line_product_uom_id_fkey,FOREIGN KEY (product_uom_id) REFERENCES public.uom_uom(id) ON DELETE RESTRICT
account_move_line_account_reconcile_wizard_rel,account_move_line_id,account_move_line,account_move_line_account_reconcile_w_account_move_line_id_fkey,FOREIGN KEY (account_move_line_id) REFERENCES public.account_move_line(id) ON DELETE CASCADE
account_move_line_account_reconcile_wizard_rel,account_reconcile_wizard_id,account_reconcile_wizard,account_move_line_account_reco_account_reconcile_wizard_id_fkey,FOREIGN KEY (account_reconcile_wizard_id) REFERENCES public.account_reconcile_wizard(id) ON DELETE CASCADE
account_move_line_account_tax_rel,account_move_line_id,account_move_line,account_move_line_account_tax_rel_account_move_line_id_fkey,FOREIGN KEY (account_move_line_id) REFERENCES public.account_move_line(id) ON DELETE CASCADE
account_move_line_account_tax_rel,account_tax_id,account_tax,account_move_line_account_tax_rel_account_tax_id_fkey,FOREIGN KEY (account_tax_id) REFERENCES public.account_tax(id) ON DELETE CASCADE
account_move_line_asset_modify_rel,account_move_line_id,account_move_line,account_move_line_asset_modify_rel_account_move_line_id_fkey,FOREIGN KEY (account_move_line_id) REFERENCES public.account_move_line(id) ON DELETE CASCADE
account_move_line_asset_modify_rel,asset_modify_id,asset_modify,account_move_line_asset_modify_rel_asset_modify_id_fkey,FOREIGN KEY (asset_modify_id) REFERENCES public.asset_modify(id) ON DELETE CASCADE
account_move_purchase_order_rel,account_move_id,account_move,account_move_purchase_order_rel_account_move_id_fkey,FOREIGN KEY (account_move_id) REFERENCES public.account_move(id) ON DELETE CASCADE
account_move_purchase_order_rel,purchase_order_id,purchase_order,account_move_purchase_order_rel_purchase_order_id_fkey,FOREIGN KEY (purchase_order_id) REFERENCES public.purchase_order(id) ON DELETE CASCADE
account_move_reversal,journal_id,account_journal,account_move_reversal_journal_id_fkey,FOREIGN KEY (journal_id) REFERENCES public.account_journal(id) ON DELETE CASCADE
account_move_reversal,helpdesk_ticket_id,helpdesk_ticket,account_move_reversal_helpdesk_ticket_id_fkey,FOREIGN KEY (helpdesk_ticket_id) REFERENCES public.helpdesk_ticket(id) ON DELETE SET NULL
account_move_reversal,company_id,res_company,account_move_reversal_company_id_fkey,FOREIGN KEY (company_id) REFERENCES public.res_company(id) ON DELETE CASCADE
account_move_reversal,create_uid,res_users,account_move_reversal_create_uid_fkey,FOREIGN KEY (create_uid) REFERENCES public.res_users(id) ON DELETE SET NULL
account_move_reversal,write_uid,res_users,account_move_reversal_write_uid_fkey,FOREIGN KEY (write_uid) REFERENCES public.res_users(id) ON DELETE SET NULL
account_move_reversal,helpdesk_sale_order_id,sale_order,account_move_reversal_helpdesk_sale_order_id_fkey,FOREIGN KEY (helpdesk_sale_order_id) REFERENCES public.sale_order(id) ON DELETE SET NULL
account_move_reversal_move,move_id,account_move,account_move_reversal_move_move_id_fkey,FOREIGN KEY (move_id) REFERENCES public.account_move(id) ON DELETE CASCADE
account_move_reversal_move,reversal_id,account_move_reversal,account_move_reversal_move_reversal_id_fkey,FOREIGN KEY (reversal_id) REFERENCES public.account_move_reversal(id) ON DELETE CASCADE
account_move_reversal_new_move,new_move_id,account_move,account_move_reversal_new_move_new_move_id_fkey,FOREIGN KEY (new_move_id) REFERENCES public.account_move(id) ON DELETE CASCADE
account_move_reversal_new_move,reversal_id,account_move_reversal,account_move_reversal_new_move_reversal_id_fkey,FOREIGN KEY (reversal_id) REFERENCES public.account_move_reversal(id) ON DELETE CASCADE
account_move_send_batch_wizard,create_uid,res_users,account_move_send_batch_wizard_create_uid_fkey,FOREIGN KEY (create_uid) REFERENCES public.res_users(id) ON DELETE SET NULL
account_move_send_batch_wizard,write_uid,res_users,account_move_send_batch_wizard_write_uid_fkey,FOREIGN KEY (write_uid) REFERENCES public.res_users(id) ON DELETE SET NULL
account_move_send_wizard,move_id,account_move,account_move_send_wizard_move_id_fkey,FOREIGN KEY (move_id) REFERENCES public.account_move(id) ON DELETE CASCADE
account_move_send_wizard,pdf_report_id,ir_act_report_xml,account_move_send_wizard_pdf_report_id_fkey,FOREIGN KEY (pdf_report_id) REFERENCES public.ir_act_report_xml(id) ON DELETE SET NULL
account_move_send_wizard,template_id,mail_template,account_move_send_wizard_template_id_fkey,FOREIGN KEY (template_id) REFERENCES public.mail_template(id) ON DELETE SET NULL
account_move_send_wizard,create_uid,res_users,account_move_send_wizard_create_uid_fkey,FOREIGN KEY (create_uid) REFERENCES public.res_users(id) ON DELETE SET NULL
account_move_send_wizard,write_uid,res_users,account_move_send_wizard_write_uid_fkey,FOREIGN KEY (write_uid) REFERENCES public.res_users(id) ON DELETE SET NULL
account_move_send_wizard_res_partner_rel,account_move_send_wizard_id,account_move_send_wizard,account_move_send_wizard_res_p_account_move_send_wizard_id_fkey,FOREIGN KEY (account_move_send_wizard_id) REFERENCES public.account_move_send_wizard(id) ON DELETE CASCADE
account_move_send_wizard_res_partner_rel,res_partner_id,res_partner,account_move_send_wizard_res_partner_rel_res_partner_id_fkey,FOREIGN KEY (res_partner_id) REFERENCES public.res_partner(id) ON DELETE CASCADE
account_move_validate_account_move_rel,account_move_id,account_move,account_move_validate_account_move_rel_account_move_id_fkey,FOREIGN KEY (account_move_id) REFERENCES public.account_move(id) ON DELETE CASCADE
account_move_validate_account_move_rel,validate_account_move_id,validate_account_move,account_move_validate_account_mov_validate_account_move_id_fkey,FOREIGN KEY (validate_account_move_id) REFERENCES public.validate_account_move(id) ON DELETE CASCADE
account_multicurrency_revaluation_wizard,company_id,res_company,account_multicurrency_revaluation_wizard_company_id_fkey,FOREIGN KEY (company_id) REFERENCES public.res_company(id) ON DELETE SET NULL
account_multicurrency_revaluation_wizard,create_uid,res_users,account_multicurrency_revaluation_wizard_create_uid_fkey,FOREIGN KEY (create_uid) REFERENCES public.res_users(id) ON DELETE SET NULL
account_multicurrency_revaluation_wizard,write_uid,res_users,account_multicurrency_revaluation_wizard_write_uid_fkey,FOREIGN KEY (write_uid) REFERENCES public.res_users(id) ON DELETE SET NULL
account_online_account,account_online_link_id,account_online_link,account_online_account_account_online_link_id_fkey,FOREIGN KEY (account_online_link_id) REFERENCES public.account_online_link(id) ON DELETE CASCADE
account_online_account,currency_id,res_currency,account_online_account_currency_id_fkey,FOREIGN KEY (currency_id) REFERENCES public.res_currency(id) ON DELETE SET NULL
account_online_account,create_uid,res_users,account_online_account_create_uid_fkey,FOREIGN KEY (create_uid) REFERENCES public.res_users(id) ON DELETE SET NULL
account_online_account,write_uid,res_users,account_online_account_write_uid_fkey,FOREIGN KEY (write_uid) REFERENCES public.res_users(id) ON DELETE SET NULL
account_online_link,company_id,res_company,account_online_link_company_id_fkey,FOREIGN KEY (company_id) REFERENCES public.res_company(id) ON DELETE RESTRICT
account_online_link,create_uid,res_users,account_online_link_create_uid_fkey,FOREIGN KEY (create_uid) REFERENCES public.res_users(id) ON DELETE SET NULL
account_online_link,write_uid,res_users,account_online_link_write_uid_fkey,FOREIGN KEY (write_uid) REFERENCES public.res_users(id) ON DELETE SET NULL
account_partial_reconcile,full_reconcile_id,account_full_reconcile,account_partial_reconcile_full_reconcile_id_fkey,FOREIGN KEY (full_reconcile_id) REFERENCES public.account_full_reconcile(id) ON DELETE SET NULL
account_partial_reconcile,exchange_move_id,account_move,account_partial_reconcile_exchange_move_id_fkey,FOREIGN KEY (exchange_move_id) REFERENCES public.account_move(id) ON DELETE SET NULL
account_partial_reconcile,credit_move_id,account_move_line,account_partial_reconcile_credit_move_id_fkey,FOREIGN KEY (credit_move_id) REFERENCES public.account_move_line(id) ON DELETE RESTRICT
account_partial_reconcile,debit_move_id,account_move_line,account_partial_reconcile_debit_move_id_fkey,FOREIGN KEY (debit_move_id) REFERENCES public.account_move_line(id) ON DELETE RESTRICT
account_partial_reconcile,company_id,res_company,account_partial_reconcile_company_id_fkey,FOREIGN KEY (company_id) REFERENCES public.res_company(id) ON DELETE SET NULL
account_partial_reconcile,credit_currency_id,res_currency,account_partial_reconcile_credit_currency_id_fkey,FOREIGN KEY (credit_currency_id) REFERENCES public.res_currency(id) ON DELETE SET NULL
account_partial_reconcile,debit_currency_id,res_currency,account_partial_reconcile_debit_currency_id_fkey,FOREIGN KEY (debit_currency_id) REFERENCES public.res_currency(id) ON DELETE SET NULL
account_partial_reconcile,create_uid,res_users,account_partial_reconcile_create_uid_fkey,FOREIGN KEY (create_uid) REFERENCES public.res_users(id) ON DELETE SET NULL
account_partial_reconcile,write_uid,res_users,account_partial_reconcile_write_uid_fkey,FOREIGN KEY (write_uid) REFERENCES public.res_users(id) ON DELETE SET NULL
account_payment,destination_account_id,account_account,account_payment_destination_account_id_fkey,FOREIGN KEY (destination_account_id) REFERENCES public.account_account(id) ON DELETE SET NULL
account_payment,outstanding_account_id,account_account,account_payment_outstanding_account_id_fkey,FOREIGN KEY (outstanding_account_id) REFERENCES public.account_account(id) ON DELETE SET NULL
account_payment,journal_id,account_journal,account_payment_journal_id_fkey,FOREIGN KEY (journal_id) REFERENCES public.account_journal(id) ON DELETE RESTRICT
account_payment,move_id,account_move,account_payment_move_id_fkey,FOREIGN KEY (move_id) REFERENCES public.account_move(id) ON DELETE SET NULL
account_payment,paired_internal_transfer_payment_id,account_payment,account_payment_paired_internal_transfer_payment_id_fkey,FOREIGN KEY (paired_internal_transfer_payment_id) REFERENCES public.account_payment(id) ON DELETE SET NULL
account_payment,source_payment_id,account_payment,account_payment_source_payment_id_fkey,FOREIGN KEY (source_payment_id) REFERENCES public.account_payment(id) ON DELETE SET NULL
account_payment,payment_method_id,account_payment_method,account_payment_payment_method_id_fkey,FOREIGN KEY (payment_method_id) REFERENCES public.account_payment_method(id) ON DELETE SET NULL
account_payment,payment_method_line_id,account_payment_method_line,account_payment_payment_method_line_id_fkey,FOREIGN KEY (payment_method_line_id) REFERENCES public.account_payment_method_line(id) ON DELETE SET NULL
account_payment,wt_tax_id,account_withholding_tax,account_payment_wt_tax_id_fkey,FOREIGN KEY (wt_tax_id) REFERENCES public.account_withholding_tax(id) ON DELETE SET NULL
account_payment,cheque_formate_id,cheque_setting,account_payment_cheque_formate_id_fkey,FOREIGN KEY (cheque_formate_id) REFERENCES public.cheque_setting(id) ON DELETE SET NULL
account_payment,message_main_attachment_id,ir_attachment,account_payment_message_main_attachment_id_fkey,FOREIGN KEY (message_main_attachment_id) REFERENCES public.ir_attachment(id) ON DELETE SET NULL
account_payment,payment_token_id,payment_token,account_payment_payment_token_id_fkey,FOREIGN KEY (payment_token_id) REFERENCES public.payment_token(id) ON DELETE SET NULL
account_payment,payment_transaction_id,payment_transaction,account_payment_payment_transaction_id_fkey,FOREIGN KEY (payment_transaction_id) REFERENCES public.payment_transaction(id) ON DELETE SET NULL
account_payment,company_id,res_company,account_payment_company_id_fkey,FOREIGN KEY (company_id) REFERENCES public.res_company(id) ON DELETE RESTRICT
account_payment,currency_id,res_currency,account_payment_currency_id_fkey,FOREIGN KEY (currency_id) REFERENCES public.res_currency(id) ON DELETE SET NULL
account_payment,partner_id,res_partner,account_payment_partner_id_fkey,FOREIGN KEY (partner_id) REFERENCES public.res_partner(id) ON DELETE RESTRICT
account_payment,partner_bank_id,res_partner_bank,account_payment_partner_bank_id_fkey,FOREIGN KEY (partner_bank_id) REFERENCES public.res_partner_bank(id) ON DELETE RESTRICT
account_payment,create_uid,res_users,account_payment_create_uid_fkey,FOREIGN KEY (create_uid) REFERENCES public.res_users(id) ON DELETE SET NULL
account_payment,write_uid,res_users,account_payment_write_uid_fkey,FOREIGN KEY (write_uid) REFERENCES public.res_users(id) ON DELETE SET NULL
account_payment_account_bank_statement_line_rel,account_bank_statement_line_id,account_bank_statement_line,account_payment_account_bank__account_bank_statement_line__fkey,FOREIGN KEY (account_bank_statement_line_id) REFERENCES public.account_bank_statement_line(id) ON DELETE CASCADE
account_payment_account_bank_statement_line_rel,account_payment_id,account_payment,account_payment_account_bank_statement__account_payment_id_fkey,FOREIGN KEY (account_payment_id) REFERENCES public.account_payment(id) ON DELETE CASCADE
account_payment_deduction,account_id,account_account,account_payment_deduction_account_id_fkey,FOREIGN KEY (account_id) REFERENCES public.account_account(id) ON DELETE SET NULL
account_payment_deduction,payment_id,account_payment_register,account_payment_deduction_payment_id_fkey,FOREIGN KEY (payment_id) REFERENCES public.account_payment_register(id) ON DELETE CASCADE
account_payment_deduction,create_uid,res_users,account_payment_deduction_create_uid_fkey,FOREIGN KEY (create_uid) REFERENCES public.res_users(id) ON DELETE SET NULL
account_payment_deduction,write_uid,res_users,account_payment_deduction_write_uid_fkey,FOREIGN KEY (write_uid) REFERENCES public.res_users(id) ON DELETE SET NULL
account_payment_dev_print_cheque_wizard_rel,account_payment_id,account_payment,account_payment_dev_print_cheque_wizard_account_payment_id_fkey,FOREIGN KEY (account_payment_id) REFERENCES public.account_payment(id) ON DELETE CASCADE
account_payment_dev_print_cheque_wizard_rel,dev_print_cheque_wizard_id,dev_print_cheque_wizard,account_payment_dev_print_chequ_dev_print_cheque_wizard_id_fkey,FOREIGN KEY (dev_print_cheque_wizard_id) REFERENCES public.dev_print_cheque_wizard(id) ON DELETE CASCADE
account_payment_method,create_uid,res_users,account_payment_method_create_uid_fkey,FOREIGN KEY (create_uid) REFERENCES public.res_users(id) ON DELETE SET NULL
account_payment_method,write_uid,res_users,account_payment_method_write_uid_fkey,FOREIGN KEY (write_uid) REFERENCES public.res_users(id) ON DELETE SET NULL
account_payment_method_line,payment_account_id,account_account,account_payment_method_line_payment_account_id_fkey,FOREIGN KEY (payment_account_id) REFERENCES public.account_account(id) ON DELETE RESTRICT
account_payment_method_line,journal_id,account_journal,account_payment_method_line_journal_id_fkey,FOREIGN KEY (journal_id) REFERENCES public.account_journal(id) ON DELETE SET NULL
account_payment_method_line,payment_method_id,account_payment_method,account_payment_method_line_payment_method_id_fkey,FOREIGN KEY (payment_method_id) REFERENCES public.account_payment_method(id) ON DELETE RESTRICT
account_payment_method_line,payment_provider_id,payment_provider,account_payment_method_line_payment_provider_id_fkey,FOREIGN KEY (payment_provider_id) REFERENCES public.payment_provider(id) ON DELETE SET NULL
account_payment_method_line,create_uid,res_users,account_payment_method_line_create_uid_fkey,FOREIGN KEY (create_uid) REFERENCES public.res_users(id) ON DELETE SET NULL
account_payment_method_line,write_uid,res_users,account_payment_method_line_write_uid_fkey,FOREIGN KEY (write_uid) REFERENCES public.res_users(id) ON DELETE SET NULL
account_payment_method_line_res_company_rel,account_payment_method_line_id,account_payment_method_line,account_payment_method_line_r_account_payment_method_line__fkey,FOREIGN KEY (account_payment_method_line_id) REFERENCES public.account_payment_method_line(id) ON DELETE CASCADE
account_payment_method_line_res_company_rel,res_company_id,res_company,account_payment_method_line_res_company_rel_res_company_id_fkey,FOREIGN KEY (res_company_id) REFERENCES public.res_company(id) ON DELETE CASCADE
account_payment_register,writeoff_account_id,account_account,account_payment_register_writeoff_account_id_fkey,FOREIGN KEY (writeoff_account_id) REFERENCES public.account_account(id) ON DELETE SET NULL
account_payment_register,journal_id,account_journal,account_payment_register_journal_id_fkey,FOREIGN KEY (journal_id) REFERENCES public.account_journal(id) ON DELETE SET NULL
account_payment_register,payment_method_line_id,account_payment_method_line,account_payment_register_payment_method_line_id_fkey,FOREIGN KEY (payment_method_line_id) REFERENCES public.account_payment_method_line(id) ON DELETE SET NULL
account_payment_register,wt_tax_id,account_withholding_tax,account_payment_register_wt_tax_id_fkey,FOREIGN KEY (wt_tax_id) REFERENCES public.account_withholding_tax(id) ON DELETE SET NULL
account_payment_register,payment_token_id,payment_token,account_payment_register_payment_token_id_fkey,FOREIGN KEY (payment_token_id) REFERENCES public.payment_token(id) ON DELETE SET NULL
account_payment_register,company_id,res_company,account_payment_register_company_id_fkey,FOREIGN KEY (company_id) REFERENCES public.res_company(id) ON DELETE SET NULL
account_payment_register,currency_id,res_currency,account_payment_register_currency_id_fkey,FOREIGN KEY (currency_id) REFERENCES public.res_currency(id) ON DELETE SET NULL
account_payment_register,custom_user_currency_id,res_currency,account_payment_register_custom_user_currency_id_fkey,FOREIGN KEY (custom_user_currency_id) REFERENCES public.res_currency(id) ON DELETE SET NULL
account_payment_register,source_currency_id,res_currency,account_payment_register_source_currency_id_fkey,FOREIGN KEY (source_currency_id) REFERENCES public.res_currency(id) ON DELETE SET NULL
account_payment_register,partner_id,res_partner,account_payment_register_partner_id_fkey,FOREIGN KEY (partner_id) REFERENCES public.res_partner(id) ON DELETE RESTRICT
account_payment_register,partner_bank_id,res_partner_bank,account_payment_register_partner_bank_id_fkey,FOREIGN KEY (partner_bank_id) REFERENCES public.res_partner_bank(id) ON DELETE SET NULL
account_payment_register,create_uid,res_users,account_payment_register_create_uid_fkey,FOREIGN KEY (create_uid) REFERENCES public.res_users(id) ON DELETE SET NULL
account_payment_register,write_uid,res_users,account_payment_register_write_uid_fkey,FOREIGN KEY (write_uid) REFERENCES public.res_users(id) ON DELETE SET NULL
account_payment_register_move_line_rel,line_id,account_move_line,account_payment_register_move_line_rel_line_id_fkey,FOREIGN KEY (line_id) REFERENCES public.account_move_line(id) ON DELETE CASCADE
account_payment_register_move_line_rel,wizard_id,account_payment_register,account_payment_register_move_line_rel_wizard_id_fkey,FOREIGN KEY (wizard_id) REFERENCES public.account_payment_register(id) ON DELETE CASCADE
account_payment_term,company_id,res_company,account_payment_term_company_id_fkey,FOREIGN KEY (company_id) REFERENCES public.res_company(id) ON DELETE SET NULL
account_payment_term,create_uid,res_users,account_payment_term_create_uid_fkey,FOREIGN KEY (create_uid) REFERENCES public.res_users(id) ON DELETE SET NULL
account_payment_term,write_uid,res_users,account_payment_term_write_uid_fkey,FOREIGN KEY (write_uid) REFERENCES public.res_users(id) ON DELETE SET NULL
account_payment_term_line,payment_id,account_payment_term,account_payment_term_line_payment_id_fkey,FOREIGN KEY (payment_id) REFERENCES public.account_payment_term(id) ON DELETE CASCADE
account_payment_term_line,create_uid,res_users,account_payment_term_line_create_uid_fkey,FOREIGN KEY (create_uid) REFERENCES public.res_users(id) ON DELETE SET NULL
account_payment_term_line,write_uid,res_users,account_payment_term_line_write_uid_fkey,FOREIGN KEY (write_uid) REFERENCES public.res_users(id) ON DELETE SET NULL
account_reconcile_model,next_activity_type_id,mail_activity_type,account_reconcile_model_next_activity_type_id_fkey,FOREIGN KEY (next_activity_type_id) REFERENCES public.mail_activity_type(id) ON DELETE SET NULL
account_reconcile_model,company_id,res_company,account_reconcile_model_company_id_fkey,FOREIGN KEY (company_id) REFERENCES public.res_company(id) ON DELETE RESTRICT
account_reconcile_model,mapped_partner_id,res_partner,account_reconcile_model_mapped_partner_id_fkey,FOREIGN KEY (mapped_partner_id) REFERENCES public.res_partner(id) ON DELETE SET NULL
account_reconcile_model,create_uid,res_users,account_reconcile_model_create_uid_fkey,FOREIGN KEY (create_uid) REFERENCES public.res_users(id) ON DELETE SET NULL
account_reconcile_model,write_uid,res_users,account_reconcile_model_write_uid_fkey,FOREIGN KEY (write_uid) REFERENCES public.res_users(id) ON DELETE SET NULL
account_reconcile_model_line,account_id,account_account,account_reconcile_model_line_account_id_fkey,FOREIGN KEY (account_id) REFERENCES public.account_account(id) ON DELETE CASCADE
account_reconcile_model_line,model_id,account_reconcile_model,account_reconcile_model_line_model_id_fkey,FOREIGN KEY (model_id) REFERENCES public.account_reconcile_model(id) ON DELETE CASCADE
account_reconcile_model_line,company_id,res_company,account_reconcile_model_line_company_id_fkey,FOREIGN KEY (company_id) REFERENCES public.res_company(id) ON DELETE SET NULL
account_reconcile_model_line,partner_id,res_partner,account_reconcile_model_line_partner_id_fkey,FOREIGN KEY (partner_id) REFERENCES public.res_partner(id) ON DELETE SET NULL
account_reconcile_model_line,create_uid,res_users,account_reconcile_model_line_create_uid_fkey,FOREIGN KEY (create_uid) REFERENCES public.res_users(id) ON DELETE SET NULL
account_reconcile_model_line,write_uid,res_users,account_reconcile_model_line_write_uid_fkey,FOREIGN KEY (write_uid) REFERENCES public.res_users(id) ON DELETE SET NULL
account_reconcile_model_line_account_tax_rel,account_reconcile_model_line_id,account_reconcile_model_line,account_reconcile_model_line__account_reconcile_model_line_fkey,FOREIGN KEY (account_reconcile_model_line_id) REFERENCES public.account_reconcile_model_line(id) ON DELETE CASCADE
account_reconcile_model_line_account_tax_rel,account_tax_id,account_tax,account_reconcile_model_line_account_tax_re_account_tax_id_fkey,FOREIGN KEY (account_tax_id) REFERENCES public.account_tax(id) ON DELETE RESTRICT
account_reconcile_model_res_partner_rel,account_reconcile_model_id,account_reconcile_model,account_reconcile_model_res_par_account_reconcile_model_id_fkey,FOREIGN KEY (account_reconcile_model_id) REFERENCES public.account_reconcile_model(id) ON DELETE CASCADE
account_reconcile_model_res_partner_rel,res_partner_id,res_partner,account_reconcile_model_res_partner_rel_res_partner_id_fkey,FOREIGN KEY (res_partner_id) REFERENCES public.res_partner(id) ON DELETE CASCADE
account_reconcile_wizard,account_id,account_account,account_reconcile_wizard_account_id_fkey,FOREIGN KEY (account_id) REFERENCES public.account_account(id) ON DELETE SET NULL
account_reconcile_wizard,journal_id,account_journal,account_reconcile_wizard_journal_id_fkey,FOREIGN KEY (journal_id) REFERENCES public.account_journal(id) ON DELETE CASCADE
account_reconcile_wizard,tax_id,account_tax,account_reconcile_wizard_tax_id_fkey,FOREIGN KEY (tax_id) REFERENCES public.account_tax(id) ON DELETE SET NULL
account_reconcile_wizard,to_partner_id,res_partner,account_reconcile_wizard_to_partner_id_fkey,FOREIGN KEY (to_partner_id) REFERENCES public.res_partner(id) ON DELETE SET NULL
account_reconcile_wizard,create_uid,res_users,account_reconcile_wizard_create_uid_fkey,FOREIGN KEY (create_uid) REFERENCES public.res_users(id) ON DELETE SET NULL
account_reconcile_wizard,write_uid,res_users,account_reconcile_wizard_write_uid_fkey,FOREIGN KEY (write_uid) REFERENCES public.res_users(id) ON DELETE SET NULL
account_report,root_report_id,account_report,account_report_root_report_id_fkey,FOREIGN KEY (root_report_id) REFERENCES public.account_report(id) ON DELETE SET NULL
account_report,custom_handler_model_id,ir_model,account_report_custom_handler_model_id_fkey,FOREIGN KEY (custom_handler_model_id) REFERENCES public.ir_model(id) ON DELETE SET NULL
account_report,country_id,res_country,account_report_country_id_fkey,FOREIGN KEY (country_id) REFERENCES public.res_country(id) ON DELETE SET NULL
account_report,create_uid,res_users,account_report_create_uid_fkey,FOREIGN KEY (create_uid) REFERENCES public.res_users(id) ON DELETE SET NULL
account_report,write_uid,res_users,account_report_write_uid_fkey,FOREIGN KEY (write_uid) REFERENCES public.res_users(id) ON DELETE SET NULL
account_report_account_report_horizontal_group_rel,account_report_id,account_report,account_report_account_report_horizontal_account_report_id_fkey,FOREIGN KEY (account_report_id) REFERENCES public.account_report(id) ON DELETE CASCADE
account_report_account_report_horizontal_group_rel,account_report_horizontal_group_id,account_report_horizontal_group,account_report_account_report_account_report_horizontal_gr_fkey,FOREIGN KEY (account_report_horizontal_group_id) REFERENCES public.account_report_horizontal_group(id) ON DELETE CASCADE
account_report_annotation,message_id,mail_message,account_report_annotation_message_id_fkey,FOREIGN KEY (message_id) REFERENCES public.mail_message(id) ON DELETE RESTRICT
account_report_annotation,create_uid,res_users,account_report_annotation_create_uid_fkey,FOREIGN KEY (create_uid) REFERENCES public.res_users(id) ON DELETE SET NULL
account_report_annotation,write_uid,res_users,account_report_annotation_write_uid_fkey,FOREIGN KEY (write_uid) REFERENCES public.res_users(id) ON DELETE SET NULL
account_report_budget,company_id,res_company,account_report_budget_company_id_fkey,FOREIGN KEY (company_id) REFERENCES public.res_company(id) ON DELETE RESTRICT
account_report_budget,create_uid,res_users,account_report_budget_create_uid_fkey,FOREIGN KEY (create_uid) REFERENCES public.res_users(id) ON DELETE SET NULL
account_report_budget,write_uid,res_users,account_report_budget_write_uid_fkey,FOREIGN KEY (write_uid) REFERENCES public.res_users(id) ON DELETE SET NULL
account_report_budget_item,account_id,account_account,account_report_budget_item_account_id_fkey,FOREIGN KEY (account_id) REFERENCES public.account_account(id) ON DELETE RESTRICT
account_report_budget_item,budget_id,account_report_budget,account_report_budget_item_budget_id_fkey,FOREIGN KEY (budget_id) REFERENCES public.account_report_budget(id) ON DELETE CASCADE
account_report_budget_item,create_uid,res_users,account_report_budget_item_create_uid_fkey,FOREIGN KEY (create_uid) REFERENCES public.res_users(id) ON DELETE SET NULL
account_report_budget_item,write_uid,res_users,account_report_budget_item_write_uid_fkey,FOREIGN KEY (write_uid) REFERENCES public.res_users(id) ON DELETE SET NULL
account_report_column,report_id,account_report,account_report_column_report_id_fkey,FOREIGN KEY (report_id) REFERENCES public.account_report(id) ON DELETE SET NULL
account_report_column,custom_audit_action_id,ir_act_window,account_report_column_custom_audit_action_id_fkey,FOREIGN KEY (custom_audit_action_id) REFERENCES public.ir_act_window(id) ON DELETE SET NULL
account_report_column,create_uid,res_users,account_report_column_create_uid_fkey,FOREIGN KEY (create_uid) REFERENCES public.res_users(id) ON DELETE SET NULL
account_report_column,write_uid,res_users,account_report_column_write_uid_fkey,FOREIGN KEY (write_uid) REFERENCES public.res_users(id) ON DELETE SET NULL
account_report_expression,report_line_id,account_report_line,account_report_expression_report_line_id_fkey,FOREIGN KEY (report_line_id) REFERENCES public.account_report_line(id) ON DELETE CASCADE
account_report_expression,create_uid,res_users,account_report_expression_create_uid_fkey,FOREIGN KEY (create_uid) REFERENCES public.res_users(id) ON DELETE SET NULL
account_report_expression,write_uid,res_users,account_report_expression_write_uid_fkey,FOREIGN KEY (write_uid) REFERENCES public.res_users(id) ON DELETE SET NULL
account_report_external_value,target_report_expression_id,account_report_expression,account_report_external_value_target_report_expression_id_fkey,FOREIGN KEY (target_report_expression_id) REFERENCES public.account_report_expression(id) ON DELETE CASCADE
account_report_external_value,carryover_origin_report_line_id,account_report_line,account_report_external_value_carryover_origin_report_line_fkey,FOREIGN KEY (carryover_origin_report_line_id) REFERENCES public.account_report_line(id) ON DELETE SET NULL
account_report_external_value,company_id,res_company,account_report_external_value_company_id_fkey,FOREIGN KEY (company_id) REFERENCES public.res_company(id) ON DELETE RESTRICT
account_report_external_value,create_uid,res_users,account_report_external_value_create_uid_fkey,FOREIGN KEY (create_uid) REFERENCES public.res_users(id) ON DELETE SET NULL
account_report_external_value,write_uid,res_users,account_report_external_value_write_uid_fkey,FOREIGN KEY (write_uid) REFERENCES public.res_users(id) ON DELETE SET NULL
account_report_file_download_error_wizard,create_uid,res_users,account_report_file_download_error_wizard_create_uid_fkey,FOREIGN KEY (create_uid) REFERENCES public.res_users(id) ON DELETE SET NULL
account_report_file_download_error_wizard,write_uid,res_users,account_report_file_download_error_wizard_write_uid_fkey,FOREIGN KEY (write_uid) REFERENCES public.res_users(id) ON DELETE SET NULL
account_report_horizontal_group,create_uid,res_users,account_report_horizontal_group_create_uid_fkey,FOREIGN KEY (create_uid) REFERENCES public.res_users(id) ON DELETE SET NULL
account_report_horizontal_group,write_uid,res_users,account_report_horizontal_group_write_uid_fkey,FOREIGN KEY (write_uid) REFERENCES public.res_users(id) ON DELETE SET NULL
account_report_horizontal_group_rule,horizontal_group_id,account_report_horizontal_group,account_report_horizontal_group_rule_horizontal_group_id_fkey,FOREIGN KEY (horizontal_group_id) REFERENCES public.account_report_horizontal_group(id) ON DELETE RESTRICT
account_report_horizontal_group_rule,create_uid,res_users,account_report_horizontal_group_rule_create_uid_fkey,FOREIGN KEY (create_uid) REFERENCES public.res_users(id) ON DELETE SET NULL
account_report_horizontal_group_rule,write_uid,res_users,account_report_horizontal_group_rule_write_uid_fkey,FOREIGN KEY (write_uid) REFERENCES public.res_users(id) ON DELETE SET NULL
account_report_line,report_id,account_report,account_report_line_report_id_fkey,FOREIGN KEY (report_id) REFERENCES public.account_report(id) ON DELETE CASCADE
account_report_line,parent_id,account_report_line,account_report_line_parent_id_fkey,FOREIGN KEY (parent_id) REFERENCES public.account_report_line(id) ON DELETE SET NULL
account_report_line,create_uid,res_users,account_report_line_create_uid_fkey,FOREIGN KEY (create_uid) REFERENCES public.res_users(id) ON DELETE SET NULL
account_report_line,write_uid,res_users,account_report_line_write_uid_fkey,FOREIGN KEY (write_uid) REFERENCES public.res_users(id) ON DELETE SET NULL
account_report_section_rel,main_report_id,account_report,account_report_section_rel_main_report_id_fkey,FOREIGN KEY (main_report_id) REFERENCES public.account_report(id) ON DELETE CASCADE
account_report_section_rel,sub_report_id,account_report,account_report_section_rel_sub_report_id_fkey,FOREIGN KEY (sub_report_id) REFERENCES public.account_report(id) ON DELETE CASCADE
account_report_send,account_report_id,account_report,account_report_send_account_report_id_fkey,FOREIGN KEY (account_report_id) REFERENCES public.account_report(id) ON DELETE SET NULL
account_report_send,mail_template_id,mail_template,account_report_send_mail_template_id_fkey,FOREIGN KEY (mail_template_id) REFERENCES public.mail_template(id) ON DELETE SET NULL
account_report_send,create_uid,res_users,account_report_send_create_uid_fkey,FOREIGN KEY (create_uid) REFERENCES public.res_users(id) ON DELETE SET NULL
account_report_send,write_uid,res_users,account_report_send_write_uid_fkey,FOREIGN KEY (write_uid) REFERENCES public.res_users(id) ON DELETE SET NULL
account_report_send_res_partner_rel,account_report_send_id,account_report_send,account_report_send_res_partner_rel_account_report_send_id_fkey,FOREIGN KEY (account_report_send_id) REFERENCES public.account_report_send(id) ON DELETE CASCADE
account_report_send_res_partner_rel,res_partner_id,res_partner,account_report_send_res_partner_rel_res_partner_id_fkey,FOREIGN KEY (res_partner_id) REFERENCES public.res_partner(id) ON DELETE CASCADE
account_reports_export_wizard,report_id,account_report,account_reports_export_wizard_report_id_fkey,FOREIGN KEY (report_id) REFERENCES public.account_report(id) ON DELETE CASCADE
account_reports_export_wizard,folder_id,documents_document,account_reports_export_wizard_folder_id_fkey,FOREIGN KEY (folder_id) REFERENCES public.documents_document(id) ON DELETE CASCADE
account_reports_export_wizard,create_uid,res_users,account_reports_export_wizard_create_uid_fkey,FOREIGN KEY (create_uid) REFERENCES public.res_users(id) ON DELETE SET NULL
account_reports_export_wizard,write_uid,res_users,account_reports_export_wizard_write_uid_fkey,FOREIGN KEY (write_uid) REFERENCES public.res_users(id) ON DELETE SET NULL
account_reports_export_wizard_format,export_wizard_id,account_reports_export_wizard,account_reports_export_wizard_format_export_wizard_id_fkey,FOREIGN KEY (export_wizard_id) REFERENCES public.account_reports_export_wizard(id) ON DELETE CASCADE
account_reports_export_wizard_format,create_uid,res_users,account_reports_export_wizard_format_create_uid_fkey,FOREIGN KEY (create_uid) REFERENCES public.res_users(id) ON DELETE SET NULL
account_reports_export_wizard_format,write_uid,res_users,account_reports_export_wizard_format_write_uid_fkey,FOREIGN KEY (write_uid) REFERENCES public.res_users(id) ON DELETE SET NULL
account_resequence_wizard,create_uid,res_users,account_resequence_wizard_create_uid_fkey,FOREIGN KEY (create_uid) REFERENCES public.res_users(id) ON DELETE SET NULL
account_resequence_wizard,write_uid,res_users,account_resequence_wizard_write_uid_fkey,FOREIGN KEY (write_uid) REFERENCES public.res_users(id) ON DELETE SET NULL
account_return,type_id,account_return_type,account_return_type_id_fkey,FOREIGN KEY (type_id) REFERENCES public.account_return_type(id) ON DELETE RESTRICT
account_return,tax_unit_id,account_tax_unit,account_return_tax_unit_id_fkey,FOREIGN KEY (tax_unit_id) REFERENCES public.account_tax_unit(id) ON DELETE SET NULL
account_return,message_main_attachment_id,ir_attachment,account_return_message_main_attachment_id_fkey,FOREIGN KEY (message_main_attachment_id) REFERENCES public.ir_attachment(id) ON DELETE SET NULL
account_return,company_id,res_company,account_return_company_id_fkey,FOREIGN KEY (company_id) REFERENCES public.res_company(id) ON DELETE RESTRICT
account_return,create_uid,res_users,account_return_create_uid_fkey,FOREIGN KEY (create_uid) REFERENCES public.res_users(id) ON DELETE SET NULL
account_return,write_uid,res_users,account_return_write_uid_fkey,FOREIGN KEY (write_uid) REFERENCES public.res_users(id) ON DELETE SET NULL
account_return_check,return_id,account_return,account_return_check_return_id_fkey,FOREIGN KEY (return_id) REFERENCES public.account_return(id) ON DELETE CASCADE
account_return_check,template_id,account_return_check_template,account_return_check_template_id_fkey,FOREIGN KEY (template_id) REFERENCES public.account_return_check_template(id) ON DELETE SET NULL
account_return_check,records_model,ir_model,account_return_check_records_model_fkey,FOREIGN KEY (records_model) REFERENCES public.ir_model(id) ON DELETE SET NULL
account_return_check,create_uid,res_users,account_return_check_create_uid_fkey,FOREIGN KEY (create_uid) REFERENCES public.res_users(id) ON DELETE SET NULL
account_return_check,supervisor_id,res_users,account_return_check_supervisor_id_fkey,FOREIGN KEY (supervisor_id) REFERENCES public.res_users(id) ON DELETE SET NULL
account_return_check,write_uid,res_users,account_return_check_write_uid_fkey,FOREIGN KEY (write_uid) REFERENCES public.res_users(id) ON DELETE SET NULL
account_return_check_ir_attachment_rel,account_return_check_id,account_return_check,account_return_check_ir_attachment_account_return_check_id_fkey,FOREIGN KEY (account_return_check_id) REFERENCES public.account_return_check(id) ON DELETE CASCADE
account_return_check_ir_attachment_rel,ir_attachment_id,ir_attachment,account_return_check_ir_attachment_rel_ir_attachment_id_fkey,FOREIGN KEY (ir_attachment_id) REFERENCES public.ir_attachment(id) ON DELETE CASCADE
account_return_check_res_users_rel,account_return_check_id,account_return_check,account_return_check_res_users_rel_account_return_check_id_fkey,FOREIGN KEY (account_return_check_id) REFERENCES public.account_return_check(id) ON DELETE CASCADE
account_return_check_res_users_rel,res_users_id,res_users,account_return_check_res_users_rel_res_users_id_fkey,FOREIGN KEY (res_users_id) REFERENCES public.res_users(id) ON DELETE CASCADE
account_return_check_template,return_type,account_return_type,account_return_check_template_return_type_fkey,FOREIGN KEY (return_type) REFERENCES public.account_return_type(id) ON DELETE RESTRICT
account_return_check_template,activity_type,mail_activity_type,account_return_check_template_activity_type_fkey,FOREIGN KEY (activity_type) REFERENCES public.mail_activity_type(id) ON DELETE SET NULL
account_return_check_template,create_uid,res_users,account_return_check_template_create_uid_fkey,FOREIGN KEY (create_uid) REFERENCES public.res_users(id) ON DELETE SET NULL
account_return_check_template,write_uid,res_users,account_return_check_template_write_uid_fkey,FOREIGN KEY (write_uid) REFERENCES public.res_users(id) ON DELETE SET NULL
account_return_check_template_res_country_rel,account_return_check_template_id,account_return_check_template,account_return_check_template_account_return_check_templat_fkey,FOREIGN KEY (account_return_check_template_id) REFERENCES public.account_return_check_template(id) ON DELETE CASCADE
account_return_check_template_res_country_rel,res_country_id,res_country,account_return_check_template_res_country_r_res_country_id_fkey,FOREIGN KEY (res_country_id) REFERENCES public.res_country(id) ON DELETE CASCADE
account_return_creation_wizard,return_type_id,account_return_type,account_return_creation_wizard_return_type_id_fkey,FOREIGN KEY (return_type_id) REFERENCES public.account_return_type(id) ON DELETE CASCADE
account_return_creation_wizard,company_id,res_company,account_return_creation_wizard_company_id_fkey,FOREIGN KEY (company_id) REFERENCES public.res_company(id) ON DELETE CASCADE
account_return_creation_wizard,create_uid,res_users,account_return_creation_wizard_create_uid_fkey,FOREIGN KEY (create_uid) REFERENCES public.res_users(id) ON DELETE SET NULL
account_return_creation_wizard,write_uid,res_users,account_return_creation_wizard_write_uid_fkey,FOREIGN KEY (write_uid) REFERENCES public.res_users(id) ON DELETE SET NULL
account_return_ir_attachment_rel,account_return_id,account_return,account_return_ir_attachment_rel_account_return_id_fkey,FOREIGN KEY (account_return_id) REFERENCES public.account_return(id) ON DELETE CASCADE
account_return_ir_attachment_rel,ir_attachment_id,ir_attachment,account_return_ir_attachment_rel_ir_attachment_id_fkey,FOREIGN KEY (ir_attachment_id) REFERENCES public.ir_attachment(id) ON DELETE CASCADE
account_return_payment_wizard,return_id,account_return,account_return_payment_wizard_return_id_fkey,FOREIGN KEY (return_id) REFERENCES public.account_return(id) ON DELETE CASCADE
account_return_payment_wizard,company_id,res_company,account_return_payment_wizard_company_id_fkey,FOREIGN KEY (company_id) REFERENCES public.res_company(id) ON DELETE SET NULL
account_return_payment_wizard,partner_bank_id,res_partner_bank,account_return_payment_wizard_partner_bank_id_fkey,FOREIGN KEY (partner_bank_id) REFERENCES public.res_partner_bank(id) ON DELETE SET NULL
account_return_payment_wizard,create_uid,res_users,account_return_payment_wizard_create_uid_fkey,FOREIGN KEY (create_uid) REFERENCES public.res_users(id) ON DELETE SET NULL
account_return_payment_wizard,write_uid,res_users,account_return_payment_wizard_write_uid_fkey,FOREIGN KEY (write_uid) REFERENCES public.res_users(id) ON DELETE SET NULL
account_return_res_company_rel,account_return_id,account_return,account_return_res_company_rel_account_return_id_fkey,FOREIGN KEY (account_return_id) REFERENCES public.account_return(id) ON DELETE CASCADE
account_return_res_company_rel,res_company_id,res_company,account_return_res_company_rel_res_company_id_fkey,FOREIGN KEY (res_company_id) REFERENCES public.res_company(id) ON DELETE CASCADE
account_return_submission_wizard,return_id,account_return,account_return_submission_wizard_return_id_fkey,FOREIGN KEY (return_id) REFERENCES public.account_return(id) ON DELETE CASCADE
account_return_submission_wizard,create_uid,res_users,account_return_submission_wizard_create_uid_fkey,FOREIGN KEY (create_uid) REFERENCES public.res_users(id) ON DELETE SET NULL
account_return_submission_wizard,write_uid,res_users,account_return_submission_wizard_write_uid_fkey,FOREIGN KEY (write_uid) REFERENCES public.res_users(id) ON DELETE SET NULL
account_return_type,report_id,account_report,account_return_type_report_id_fkey,FOREIGN KEY (report_id) REFERENCES public.account_report(id) ON DELETE SET NULL
account_return_type,country_id,res_country,account_return_type_country_id_fkey,FOREIGN KEY (country_id) REFERENCES public.res_country(id) ON DELETE SET NULL
account_return_type,payment_partner_bank_id,res_partner_bank,account_return_type_payment_partner_bank_id_fkey,FOREIGN KEY (payment_partner_bank_id) REFERENCES public.res_partner_bank(id) ON DELETE SET NULL
account_return_type,create_uid,res_users,account_return_type_create_uid_fkey,FOREIGN KEY (create_uid) REFERENCES public.res_users(id) ON DELETE SET NULL
account_return_type,write_uid,res_users,account_return_type_write_uid_fkey,FOREIGN KEY (write_uid) REFERENCES public.res_users(id) ON DELETE SET NULL
account_secure_entries_wizard,company_id,res_company,account_secure_entries_wizard_company_id_fkey,FOREIGN KEY (company_id) REFERENCES public.res_company(id) ON DELETE CASCADE
account_secure_entries_wizard,create_uid,res_users,account_secure_entries_wizard_create_uid_fkey,FOREIGN KEY (create_uid) REFERENCES public.res_users(id) ON DELETE SET NULL
account_secure_entries_wizard,write_uid,res_users,account_secure_entries_wizard_write_uid_fkey,FOREIGN KEY (write_uid) REFERENCES public.res_users(id) ON DELETE SET NULL
account_setup_bank_manual_config,res_partner_bank_id,res_partner_bank,account_setup_bank_manual_config_res_partner_bank_id_fkey,FOREIGN KEY (res_partner_bank_id) REFERENCES public.res_partner_bank(id) ON DELETE CASCADE
account_setup_bank_manual_config,create_uid,res_users,account_setup_bank_manual_config_create_uid_fkey,FOREIGN KEY (create_uid) REFERENCES public.res_users(id) ON DELETE SET NULL
account_setup_bank_manual_config,write_uid,res_users,account_setup_bank_manual_config_write_uid_fkey,FOREIGN KEY (write_uid) REFERENCES public.res_users(id) ON DELETE SET NULL
account_tax,cash_basis_transition_account_id,account_account,account_tax_cash_basis_transition_account_id_fkey,FOREIGN KEY (cash_basis_transition_account_id) REFERENCES public.account_account(id) ON DELETE SET NULL
account_tax,tax_group_id,account_tax_group,account_tax_tax_group_id_fkey,FOREIGN KEY (tax_group_id) REFERENCES public.account_tax_group(id) ON DELETE RESTRICT
account_tax,company_id,res_company,account_tax_company_id_fkey,FOREIGN KEY (company_id) REFERENCES public.res_company(id) ON DELETE RESTRICT
account_tax,country_id,res_country,account_tax_country_id_fkey,FOREIGN KEY (country_id) REFERENCES public.res_country(id) ON DELETE RESTRICT
account_tax,create_uid,res_users,account_tax_create_uid_fkey,FOREIGN KEY (create_uid) REFERENCES public.res_users(id) ON DELETE SET NULL
account_tax,write_uid,res_users,account_tax_write_uid_fkey,FOREIGN KEY (write_uid) REFERENCES public.res_users(id) ON DELETE SET NULL
account_tax_alternatives,dest_tax_id,account_tax,account_tax_alternatives_dest_tax_id_fkey,FOREIGN KEY (dest_tax_id) REFERENCES public.account_tax(id) ON DELETE CASCADE
account_tax_alternatives,src_tax_id,account_tax,account_tax_alternatives_src_tax_id_fkey,FOREIGN KEY (src_tax_id) REFERENCES public.account_tax(id) ON DELETE CASCADE
account_tax_filiation_rel,child_tax,account_tax,account_tax_filiation_rel_child_tax_fkey,FOREIGN KEY (child_tax) REFERENCES public.account_tax(id) ON DELETE CASCADE
account_tax_filiation_rel,parent_tax,account_tax,account_tax_filiation_rel_parent_tax_fkey,FOREIGN KEY (parent_tax) REFERENCES public.account_tax(id) ON DELETE CASCADE
account_tax_group,advance_tax_payment_account_id,account_account,account_tax_group_advance_tax_payment_account_id_fkey,FOREIGN KEY (advance_tax_payment_account_id) REFERENCES public.account_account(id) ON DELETE SET NULL
account_tax_group,tax_payable_account_id,account_account,account_tax_group_tax_payable_account_id_fkey,FOREIGN KEY (tax_payable_account_id) REFERENCES public.account_account(id) ON DELETE SET NULL
account_tax_group,tax_receivable_account_id,account_account,account_tax_group_tax_receivable_account_id_fkey,FOREIGN KEY (tax_receivable_account_id) REFERENCES public.account_account(id) ON DELETE SET NULL
account_tax_group,company_id,res_company,account_tax_group_company_id_fkey,FOREIGN KEY (company_id) REFERENCES public.res_company(id) ON DELETE RESTRICT
account_tax_group,country_id,res_country,account_tax_group_country_id_fkey,FOREIGN KEY (country_id) REFERENCES public.res_country(id) ON DELETE SET NULL
account_tax_group,create_uid,res_users,account_tax_group_create_uid_fkey,FOREIGN KEY (create_uid) REFERENCES public.res_users(id) ON DELETE SET NULL
account_tax_group,write_uid,res_users,account_tax_group_write_uid_fkey,FOREIGN KEY (write_uid) REFERENCES public.res_users(id) ON DELETE SET NULL
account_tax_hr_expense_split_rel,account_tax_id,account_tax,account_tax_hr_expense_split_rel_account_tax_id_fkey,FOREIGN KEY (account_tax_id) REFERENCES public.account_tax(id) ON DELETE CASCADE
account_tax_hr_expense_split_rel,hr_expense_split_id,hr_expense_split,account_tax_hr_expense_split_rel_hr_expense_split_id_fkey,FOREIGN KEY (hr_expense_split_id) REFERENCES public.hr_expense_split(id) ON DELETE CASCADE
account_tax_purchase_advance_payment_bill_rel,account_tax_id,account_tax,account_tax_purchase_advance_payment_bill_r_account_tax_id_fkey,FOREIGN KEY (account_tax_id) REFERENCES public.account_tax(id) ON DELETE CASCADE
account_tax_purchase_advance_payment_bill_rel,purchase_advance_payment_bill_id,purchase_advance_payment_bill,account_tax_purchase_advance__purchase_advance_payment_bil_fkey,FOREIGN KEY (purchase_advance_payment_bill_id) REFERENCES public.purchase_advance_payment_bill(id) ON DELETE CASCADE
account_tax_purchase_order_line_rel,account_tax_id,account_tax,account_tax_purchase_order_line_rel_account_tax_id_fkey,FOREIGN KEY (account_tax_id) REFERENCES public.account_tax(id) ON DELETE CASCADE
account_tax_purchase_order_line_rel,purchase_order_line_id,purchase_order_line,account_tax_purchase_order_line_rel_purchase_order_line_id_fkey,FOREIGN KEY (purchase_order_line_id) REFERENCES public.purchase_order_line(id) ON DELETE CASCADE
account_tax_repartition_line,account_id,account_account,account_tax_repartition_line_account_id_fkey,FOREIGN KEY (account_id) REFERENCES public.account_account(id) ON DELETE SET NULL
account_tax_repartition_line,tax_id,account_tax,account_tax_repartition_line_tax_id_fkey,FOREIGN KEY (tax_id) REFERENCES public.account_tax(id) ON DELETE CASCADE
account_tax_repartition_line,company_id,res_company,account_tax_repartition_line_company_id_fkey,FOREIGN KEY (company_id) REFERENCES public.res_company(id) ON DELETE SET NULL
account_tax_repartition_line,create_uid,res_users,account_tax_repartition_line_create_uid_fkey,FOREIGN KEY (create_uid) REFERENCES public.res_users(id) ON DELETE SET NULL
account_tax_repartition_line,write_uid,res_users,account_tax_repartition_line_write_uid_fkey,FOREIGN KEY (write_uid) REFERENCES public.res_users(id) ON DELETE SET NULL
account_tax_sale_order_line_rel,account_tax_id,account_tax,account_tax_sale_order_line_rel_account_tax_id_fkey,FOREIGN KEY (account_tax_id) REFERENCES public.account_tax(id) ON DELETE CASCADE
account_tax_sale_order_line_rel,sale_order_line_id,sale_order_line,account_tax_sale_order_line_rel_sale_order_line_id_fkey,FOREIGN KEY (sale_order_line_id) REFERENCES public.sale_order_line(id) ON DELETE CASCADE
account_tax_unit,main_company_id,res_company,account_tax_unit_main_company_id_fkey,FOREIGN KEY (main_company_id) REFERENCES public.res_company(id) ON DELETE RESTRICT
account_tax_unit,country_id,res_country,account_tax_unit_country_id_fkey,FOREIGN KEY (country_id) REFERENCES public.res_country(id) ON DELETE RESTRICT
account_tax_unit,create_uid,res_users,account_tax_unit_create_uid_fkey,FOREIGN KEY (create_uid) REFERENCES public.res_users(id) ON DELETE SET NULL
account_tax_unit,write_uid,res_users,account_tax_unit_write_uid_fkey,FOREIGN KEY (write_uid) REFERENCES public.res_users(id) ON DELETE SET NULL
account_tax_unit_res_company_rel,account_tax_unit_id,account_tax_unit,account_tax_unit_res_company_rel_account_tax_unit_id_fkey,FOREIGN KEY (account_tax_unit_id) REFERENCES public.account_tax_unit(id) ON DELETE CASCADE
account_tax_unit_res_company_rel,res_company_id,res_company,account_tax_unit_res_company_rel_res_company_id_fkey,FOREIGN KEY (res_company_id) REFERENCES public.res_company(id) ON DELETE CASCADE
account_withholding_tax,account_id,account_account,account_withholding_tax_account_id_fkey,FOREIGN KEY (account_id) REFERENCES public.account_account(id) ON DELETE RESTRICT
account_withholding_tax,tax_id,account_tax,account_withholding_tax_tax_id_fkey,FOREIGN KEY (tax_id) REFERENCES public.account_tax(id) ON DELETE SET NULL
account_withholding_tax,company_id,res_company,account_withholding_tax_company_id_fkey,FOREIGN KEY (company_id) REFERENCES public.res_company(id) ON DELETE RESTRICT
account_withholding_tax,create_uid,res_users,account_withholding_tax_create_uid_fkey,FOREIGN KEY (create_uid) REFERENCES public.res_users(id) ON DELETE SET NULL
account_withholding_tax,write_uid,res_users,account_withholding_tax_write_uid_fkey,FOREIGN KEY (write_uid) REFERENCES public.res_users(id) ON DELETE SET NULL
activity_attachment_rel,attachment_id,ir_attachment,activity_attachment_rel_attachment_id_fkey,FOREIGN KEY (attachment_id) REFERENCES public.ir_attachment(id) ON DELETE CASCADE
activity_attachment_rel,activity_id,mail_activity,activity_attachment_rel_activity_id_fkey,FOREIGN KEY (activity_id) REFERENCES public.mail_activity(id) ON DELETE CASCADE
add_iot_box,iot_box_to_connect,iot_discovered_box,add_iot_box_iot_box_to_connect_fkey,FOREIGN KEY (iot_box_to_connect) REFERENCES public.iot_discovered_box(id) ON DELETE SET NULL
add_iot_box,create_uid,res_users,add_iot_box_create_uid_fkey,FOREIGN KEY (create_uid) REFERENCES public.res_users(id) ON DELETE SET NULL
add_iot_box,write_uid,res_users,add_iot_box_write_uid_fkey,FOREIGN KEY (write_uid) REFERENCES public.res_users(id) ON DELETE SET NULL
adjusting_entries__account_move,adjusting_entry_move_id,account_move,adjusting_entries__account_move_adjusting_entry_move_id_fkey,FOREIGN KEY (adjusting_entry_move_id) REFERENCES public.account_move(id) ON DELETE CASCADE
adjusting_entries__account_move,move_id,account_move,adjusting_entries__account_move_move_id_fkey,FOREIGN KEY (move_id) REFERENCES public.account_move(id) ON DELETE CASCADE
ai_agent,partner_id,res_partner,ai_agent_partner_id_fkey,FOREIGN KEY (partner_id) REFERENCES public.res_partner(id) ON DELETE CASCADE
ai_agent,create_uid,res_users,ai_agent_create_uid_fkey,FOREIGN KEY (create_uid) REFERENCES public.res_users(id) ON DELETE SET NULL
ai_agent,write_uid,res_users,ai_agent_write_uid_fkey,FOREIGN KEY (write_uid) REFERENCES public.res_users(id) ON DELETE SET NULL
ai_agent_ai_topic_rel,ai_agent_id,ai_agent,ai_agent_ai_topic_rel_ai_agent_id_fkey,FOREIGN KEY (ai_agent_id) REFERENCES public.ai_agent(id) ON DELETE CASCADE
ai_agent_ai_topic_rel,ai_topic_id,ai_topic,ai_agent_ai_topic_rel_ai_topic_id_fkey,FOREIGN KEY (ai_topic_id) REFERENCES public.ai_topic(id) ON DELETE CASCADE
ai_agent_source,agent_id,ai_agent,ai_agent_source_agent_id_fkey,FOREIGN KEY (agent_id) REFERENCES public.ai_agent(id) ON DELETE RESTRICT
ai_agent_source,document_id,documents_document,ai_agent_source_document_id_fkey,FOREIGN KEY (document_id) REFERENCES public.documents_document(id) ON DELETE SET NULL
ai_agent_source,attachment_id,ir_attachment,ai_agent_source_attachment_id_fkey,FOREIGN KEY (attachment_id) REFERENCES public.ir_attachment(id) ON DELETE CASCADE
ai_agent_source,create_uid,res_users,ai_agent_source_create_uid_fkey,FOREIGN KEY (create_uid) REFERENCES public.res_users(id) ON DELETE SET NULL
ai_agent_source,write_uid,res_users,ai_agent_source_write_uid_fkey,FOREIGN KEY (write_uid) REFERENCES public.res_users(id) ON DELETE SET NULL
ai_composer,ai_agent,ai_agent,ai_composer_ai_agent_fkey,FOREIGN KEY (ai_agent) REFERENCES public.ai_agent(id) ON DELETE SET NULL
ai_composer,create_uid,res_users,ai_composer_create_uid_fkey,FOREIGN KEY (create_uid) REFERENCES public.res_users(id) ON DELETE SET NULL
ai_composer,write_uid,res_users,ai_composer_write_uid_fkey,FOREIGN KEY (write_uid) REFERENCES public.res_users(id) ON DELETE SET NULL
ai_composer_ir_model_rel,ai_composer_id,ai_composer,ai_composer_ir_model_rel_ai_composer_id_fkey,FOREIGN KEY (ai_composer_id) REFERENCES public.ai_composer(id) ON DELETE CASCADE
ai_composer_ir_model_rel,ir_model_id,ir_model,ai_composer_ir_model_rel_ir_model_id_fkey,FOREIGN KEY (ir_model_id) REFERENCES public.ir_model(id) ON DELETE CASCADE
ai_documents_sort,folder_id,documents_document,ai_documents_sort_folder_id_fkey,FOREIGN KEY (folder_id) REFERENCES public.documents_document(id) ON DELETE CASCADE
ai_documents_sort,create_uid,res_users,ai_documents_sort_create_uid_fkey,FOREIGN KEY (create_uid) REFERENCES public.res_users(id) ON DELETE SET NULL
ai_documents_sort,write_uid,res_users,ai_documents_sort_write_uid_fkey,FOREIGN KEY (write_uid) REFERENCES public.res_users(id) ON DELETE SET NULL
ai_documents_sort_ir_act_server_rel,ai_documents_sort_id,ai_documents_sort,ai_documents_sort_ir_act_server_rel_ai_documents_sort_id_fkey,FOREIGN KEY (ai_documents_sort_id) REFERENCES public.ai_documents_sort(id) ON DELETE CASCADE
ai_documents_sort_ir_act_server_rel,ir_act_server_id,ir_act_server,ai_documents_sort_ir_act_server_rel_ir_act_server_id_fkey,FOREIGN KEY (ir_act_server_id) REFERENCES public.ir_act_server(id) ON DELETE CASCADE
ai_embedding,attachment_id,ir_attachment,ai_embedding_attachment_id_fkey,FOREIGN KEY (attachment_id) REFERENCES public.ir_attachment(id) ON DELETE CASCADE
ai_embedding,create_uid,res_users,ai_embedding_create_uid_fkey,FOREIGN KEY (create_uid) REFERENCES public.res_users(id) ON DELETE SET NULL
ai_embedding,write_uid,res_users,ai_embedding_write_uid_fkey,FOREIGN KEY (write_uid) REFERENCES public.res_users(id) ON DELETE SET NULL
ai_prompt_button,composer_id,ai_composer,ai_prompt_button_composer_id_fkey,FOREIGN KEY (composer_id) REFERENCES public.ai_composer(id) ON DELETE SET NULL
ai_prompt_button,create_uid,res_users,ai_prompt_button_create_uid_fkey,FOREIGN KEY (create_uid) REFERENCES public.res_users(id) ON DELETE SET NULL
ai_prompt_button,write_uid,res_users,ai_prompt_button_write_uid_fkey,FOREIGN KEY (write_uid) REFERENCES public.res_users(id) ON DELETE SET NULL
ai_tool_ids_rel,parent_id,ir_act_server,ai_tool_ids_rel_parent_id_fkey,FOREIGN KEY (parent_id) REFERENCES public.ir_act_server(id) ON DELETE CASCADE
ai_tool_ids_rel,tool_id,ir_act_server,ai_tool_ids_rel_tool_id_fkey,FOREIGN KEY (tool_id) REFERENCES public.ir_act_server(id) ON DELETE CASCADE
ai_topic,create_uid,res_users,ai_topic_create_uid_fkey,FOREIGN KEY (create_uid) REFERENCES public.res_users(id) ON DELETE SET NULL
ai_topic,write_uid,res_users,ai_topic_write_uid_fkey,FOREIGN KEY (write_uid) REFERENCES public.res_users(id) ON DELETE SET NULL
ai_topic_ir_act_server_rel,ai_topic_id,ai_topic,ai_topic_ir_act_server_rel_ai_topic_id_fkey,FOREIGN KEY (ai_topic_id) REFERENCES public.ai_topic(id) ON DELETE CASCADE
ai_topic_ir_act_server_rel,ir_act_server_id,ir_act_server,ai_topic_ir_act_server_rel_ir_act_server_id_fkey,FOREIGN KEY (ir_act_server_id) REFERENCES public.ir_act_server(id) ON DELETE CASCADE
applicant_get_refuse_reason,refuse_reason_id,hr_applicant_refuse_reason,applicant_get_refuse_reason_refuse_reason_id_fkey,FOREIGN KEY (refuse_reason_id) REFERENCES public.hr_applicant_refuse_reason(id) ON DELETE CASCADE
applicant_get_refuse_reason,template_id,mail_template,applicant_get_refuse_reason_template_id_fkey,FOREIGN KEY (template_id) REFERENCES public.mail_template(id) ON DELETE SET NULL
applicant_get_refuse_reason,create_uid,res_users,applicant_get_refuse_reason_create_uid_fkey,FOREIGN KEY (create_uid) REFERENCES public.res_users(id) ON DELETE SET NULL
applicant_get_refuse_reason,write_uid,res_users,applicant_get_refuse_reason_write_uid_fkey,FOREIGN KEY (write_uid) REFERENCES public.res_users(id) ON DELETE SET NULL
applicant_get_refuse_reason_duplicate_applicants_rel,applicant_get_refuse_reason_id,applicant_get_refuse_reason,applicant_get_refuse_reason_d_applicant_get_refuse_reason__fkey,FOREIGN KEY (applicant_get_refuse_reason_id) REFERENCES public.applicant_get_refuse_reason(id) ON DELETE CASCADE
applicant_get_refuse_reason_duplicate_applicants_rel,hr_applicant_id,hr_applicant,applicant_get_refuse_reason_duplicate_appl_hr_applicant_id_fkey,FOREIGN KEY (hr_applicant_id) REFERENCES public.hr_applicant(id) ON DELETE CASCADE
applicant_get_refuse_reason_hr_applicant_rel,applicant_get_refuse_reason_id,applicant_get_refuse_reason,applicant_get_refuse_reason_h_applicant_get_refuse_reason__fkey,FOREIGN KEY (applicant_get_refuse_reason_id) REFERENCES public.applicant_get_refuse_reason(id) ON DELETE CASCADE
applicant_get_refuse_reason_hr_applicant_rel,hr_applicant_id,hr_applicant,applicant_get_refuse_reason_hr_applicant_r_hr_applicant_id_fkey,FOREIGN KEY (hr_applicant_id) REFERENCES public.hr_applicant(id) ON DELETE CASCADE
applicant_get_refuse_reason_ir_attachment_rel,applicant_get_refuse_reason_id,applicant_get_refuse_reason,applicant_get_refuse_reason_i_applicant_get_refuse_reason__fkey,FOREIGN KEY (applicant_get_refuse_reason_id) REFERENCES public.applicant_get_refuse_reason(id) ON DELETE CASCADE
applicant_get_refuse_reason_ir_attachment_rel,ir_attachment_id,ir_attachment,applicant_get_refuse_reason_ir_attachment_ir_attachment_id_fkey,FOREIGN KEY (ir_attachment_id) REFERENCES public.ir_attachment(id) ON DELETE CASCADE
applicant_send_mail,template_id,mail_template,applicant_send_mail_template_id_fkey,FOREIGN KEY (template_id) REFERENCES public.mail_template(id) ON DELETE SET NULL
applicant_send_mail,author_id,res_partner,applicant_send_mail_author_id_fkey,FOREIGN KEY (author_id) REFERENCES public.res_partner(id) ON DELETE CASCADE
applicant_send_mail,create_uid,res_users,applicant_send_mail_create_uid_fkey,FOREIGN KEY (create_uid) REFERENCES public.res_users(id) ON DELETE SET NULL
applicant_send_mail,write_uid,res_users,applicant_send_mail_write_uid_fkey,FOREIGN KEY (write_uid) REFERENCES public.res_users(id) ON DELETE SET NULL
applicant_send_mail_hr_applicant_rel,applicant_send_mail_id,applicant_send_mail,applicant_send_mail_hr_applicant_re_applicant_send_mail_id_fkey,FOREIGN KEY (applicant_send_mail_id) REFERENCES public.applicant_send_mail(id) ON DELETE CASCADE
applicant_send_mail_hr_applicant_rel,hr_applicant_id,hr_applicant,applicant_send_mail_hr_applicant_rel_hr_applicant_id_fkey,FOREIGN KEY (hr_applicant_id) REFERENCES public.hr_applicant(id) ON DELETE CASCADE
applicant_send_mail_ir_attachment_rel,applicant_send_mail_id,applicant_send_mail,applicant_send_mail_ir_attachment_r_applicant_send_mail_id_fkey,FOREIGN KEY (applicant_send_mail_id) REFERENCES public.applicant_send_mail(id) ON DELETE CASCADE
applicant_send_mail_ir_attachment_rel,ir_attachment_id,ir_attachment,applicant_send_mail_ir_attachment_rel_ir_attachment_id_fkey,FOREIGN KEY (ir_attachment_id) REFERENCES public.ir_attachment(id) ON DELETE CASCADE
appointment_answer,question_id,appointment_question,appointment_answer_question_id_fkey,FOREIGN KEY (question_id) REFERENCES public.appointment_question(id) ON DELETE CASCADE
appointment_answer,create_uid,res_users,appointment_answer_create_uid_fkey,FOREIGN KEY (create_uid) REFERENCES public.res_users(id) ON DELETE SET NULL
appointment_answer,write_uid,res_users,appointment_answer_write_uid_fkey,FOREIGN KEY (write_uid) REFERENCES public.res_users(id) ON DELETE SET NULL
appointment_answer_input,value_answer_id,appointment_answer,appointment_answer_input_value_answer_id_fkey,FOREIGN KEY (value_answer_id) REFERENCES public.appointment_answer(id) ON DELETE RESTRICT
appointment_answer_input,question_id,appointment_question,appointment_answer_input_question_id_fkey,FOREIGN KEY (question_id) REFERENCES public.appointment_question(id) ON DELETE RESTRICT
appointment_answer_input,appointment_type_id,appointment_type,appointment_answer_input_appointment_type_id_fkey,FOREIGN KEY (appointment_type_id) REFERENCES public.appointment_type(id) ON DELETE CASCADE
appointment_answer_input,calendar_booking_id,calendar_booking,appointment_answer_input_calendar_booking_id_fkey,FOREIGN KEY (calendar_booking_id) REFERENCES public.calendar_booking(id) ON DELETE SET NULL
appointment_answer_input,calendar_event_id,calendar_event,appointment_answer_input_calendar_event_id_fkey,FOREIGN KEY (calendar_event_id) REFERENCES public.calendar_event(id) ON DELETE CASCADE
appointment_answer_input,partner_id,res_partner,appointment_answer_input_partner_id_fkey,FOREIGN KEY (partner_id) REFERENCES public.res_partner(id) ON DELETE SET NULL
appointment_answer_input,create_uid,res_users,appointment_answer_input_create_uid_fkey,FOREIGN KEY (create_uid) REFERENCES public.res_users(id) ON DELETE SET NULL
appointment_answer_input,write_uid,res_users,appointment_answer_input_write_uid_fkey,FOREIGN KEY (write_uid) REFERENCES public.res_users(id) ON DELETE SET NULL
appointment_booking_line,appointment_resource_id,appointment_resource,appointment_booking_line_appointment_resource_id_fkey,FOREIGN KEY (appointment_resource_id) REFERENCES public.appointment_resource(id) ON DELETE CASCADE
appointment_booking_line,appointment_type_id,appointment_type,appointment_booking_line_appointment_type_id_fkey,FOREIGN KEY (appointment_type_id) REFERENCES public.appointment_type(id) ON DELETE CASCADE
appointment_booking_line,calendar_event_id,calendar_event,appointment_booking_line_calendar_event_id_fkey,FOREIGN KEY (calendar_event_id) REFERENCES public.calendar_event(id) ON DELETE CASCADE
appointment_booking_line,create_uid,res_users,appointment_booking_line_create_uid_fkey,FOREIGN KEY (create_uid) REFERENCES public.res_users(id) ON DELETE SET NULL
appointment_booking_line,write_uid,res_users,appointment_booking_line_write_uid_fkey,FOREIGN KEY (write_uid) REFERENCES public.res_users(id) ON DELETE SET NULL
appointment_invite,identical_config_id,appointment_invite,appointment_invite_identical_config_id_fkey,FOREIGN KEY (identical_config_id) REFERENCES public.appointment_invite(id) ON DELETE SET NULL
appointment_invite,opportunity_id,crm_lead,appointment_invite_opportunity_id_fkey,FOREIGN KEY (opportunity_id) REFERENCES public.crm_lead(id) ON DELETE SET NULL
appointment_invite,create_uid,res_users,appointment_invite_create_uid_fkey,FOREIGN KEY (create_uid) REFERENCES public.res_users(id) ON DELETE SET NULL
appointment_invite,write_uid,res_users,appointment_invite_write_uid_fkey,FOREIGN KEY (write_uid) REFERENCES public.res_users(id) ON DELETE SET NULL
appointment_invite,website_id,website,appointment_invite_website_id_fkey,FOREIGN KEY (website_id) REFERENCES public.website(id) ON DELETE RESTRICT
appointment_invite_appointment_resource_rel,appointment_invite_id,appointment_invite,appointment_invite_appointment_resou_appointment_invite_id_fkey,FOREIGN KEY (appointment_invite_id) REFERENCES public.appointment_invite(id) ON DELETE CASCADE
appointment_invite_appointment_resource_rel,appointment_resource_id,appointment_resource,appointment_invite_appointment_res_appointment_resource_id_fkey,FOREIGN KEY (appointment_resource_id) REFERENCES public.appointment_resource(id) ON DELETE CASCADE
appointment_invite_appointment_type_rel,appointment_invite_id,appointment_invite,appointment_invite_appointment_type__appointment_invite_id_fkey,FOREIGN KEY (appointment_invite_id) REFERENCES public.appointment_invite(id) ON DELETE CASCADE
appointment_invite_appointment_type_rel,appointment_type_id,appointment_type,appointment_invite_appointment_type_re_appointment_type_id_fkey,FOREIGN KEY (appointment_type_id) REFERENCES public.appointment_type(id) ON DELETE CASCADE
appointment_invite_res_users_rel,appointment_invite_id,appointment_invite,appointment_invite_res_users_rel_appointment_invite_id_fkey,FOREIGN KEY (appointment_invite_id) REFERENCES public.appointment_invite(id) ON DELETE CASCADE
appointment_invite_res_users_rel,res_users_id,res_users,appointment_invite_res_users_rel_res_users_id_fkey,FOREIGN KEY (res_users_id) REFERENCES public.res_users(id) ON DELETE CASCADE
appointment_manage_leaves,create_uid,res_users,appointment_manage_leaves_create_uid_fkey,FOREIGN KEY (create_uid) REFERENCES public.res_users(id) ON DELETE SET NULL
appointment_manage_leaves,write_uid,res_users,appointment_manage_leaves_write_uid_fkey,FOREIGN KEY (write_uid) REFERENCES public.res_users(id) ON DELETE SET NULL
appointment_manage_leaves_appointment_resource_rel,appointment_manage_leaves_id,appointment_manage_leaves,appointment_manage_leaves_app_appointment_manage_leaves_id_fkey,FOREIGN KEY (appointment_manage_leaves_id) REFERENCES public.appointment_manage_leaves(id) ON DELETE CASCADE
appointment_manage_leaves_appointment_resource_rel,appointment_resource_id,appointment_resource,appointment_manage_leaves_appointm_appointment_resource_id_fkey,FOREIGN KEY (appointment_resource_id) REFERENCES public.appointment_resource(id) ON DELETE CASCADE
appointment_question,create_uid,res_users,appointment_question_create_uid_fkey,FOREIGN KEY (create_uid) REFERENCES public.res_users(id) ON DELETE SET NULL
appointment_question,write_uid,res_users,appointment_question_write_uid_fkey,FOREIGN KEY (write_uid) REFERENCES public.res_users(id) ON DELETE SET NULL
appointment_resource,company_id,res_company,appointment_resource_company_id_fkey,FOREIGN KEY (company_id) REFERENCES public.res_company(id) ON DELETE SET NULL
appointment_resource,create_uid,res_users,appointment_resource_create_uid_fkey,FOREIGN KEY (create_uid) REFERENCES public.res_users(id) ON DELETE SET NULL
appointment_resource,write_uid,res_users,appointment_resource_write_uid_fkey,FOREIGN KEY (write_uid) REFERENCES public.res_users(id) ON DELETE SET NULL
appointment_resource,resource_calendar_id,resource_calendar,appointment_resource_resource_calendar_id_fkey,FOREIGN KEY (resource_calendar_id) REFERENCES public.resource_calendar(id) ON DELETE SET NULL
appointment_resource,resource_id,resource_resource,appointment_resource_resource_id_fkey,FOREIGN KEY (resource_id) REFERENCES public.resource_resource(id) ON DELETE RESTRICT
appointment_resource_appointment_slot_rel,appointment_resource_id,appointment_resource,appointment_resource_appointment_s_appointment_resource_id_fkey,FOREIGN KEY (appointment_resource_id) REFERENCES public.appointment_resource(id) ON DELETE CASCADE
appointment_resource_appointment_slot_rel,appointment_slot_id,appointment_slot,appointment_resource_appointment_slot__appointment_slot_id_fkey,FOREIGN KEY (appointment_slot_id) REFERENCES public.appointment_slot(id) ON DELETE CASCADE
appointment_resource_linked_appointment_resource,linked_resource_id,appointment_resource,appointment_resource_linked_appointment_linked_resource_id_fkey,FOREIGN KEY (linked_resource_id) REFERENCES public.appointment_resource(id) ON DELETE CASCADE
appointment_resource_linked_appointment_resource,resource_id,appointment_resource,appointment_resource_linked_appointment_resour_resource_id_fkey,FOREIGN KEY (resource_id) REFERENCES public.appointment_resource(id) ON DELETE CASCADE
appointment_slot,appointment_type_id,appointment_type,appointment_slot_appointment_type_id_fkey,FOREIGN KEY (appointment_type_id) REFERENCES public.appointment_type(id) ON DELETE CASCADE
appointment_slot,create_uid,res_users,appointment_slot_create_uid_fkey,FOREIGN KEY (create_uid) REFERENCES public.res_users(id) ON DELETE SET NULL
appointment_slot,write_uid,res_users,appointment_slot_write_uid_fkey,FOREIGN KEY (write_uid) REFERENCES public.res_users(id) ON DELETE SET NULL
appointment_slot_res_users_rel,appointment_slot_id,appointment_slot,appointment_slot_res_users_rel_appointment_slot_id_fkey,FOREIGN KEY (appointment_slot_id) REFERENCES public.appointment_slot(id) ON DELETE CASCADE
appointment_slot_res_users_rel,res_users_id,res_users,appointment_slot_res_users_rel_res_users_id_fkey,FOREIGN KEY (res_users_id) REFERENCES public.res_users(id) ON DELETE CASCADE
appointment_type,booked_mail_template_id,mail_template,appointment_type_booked_mail_template_id_fkey,FOREIGN KEY (booked_mail_template_id) REFERENCES public.mail_template(id) ON DELETE RESTRICT
appointment_type,canceled_mail_template_id,mail_template,appointment_type_canceled_mail_template_id_fkey,FOREIGN KEY (canceled_mail_template_id) REFERENCES public.mail_template(id) ON DELETE RESTRICT
appointment_type,product_id,product_product,appointment_type_product_id_fkey,FOREIGN KEY (product_id) REFERENCES public.product_product(id) ON DELETE SET NULL
appointment_type,location_id,res_partner,appointment_type_location_id_fkey,FOREIGN KEY (location_id) REFERENCES public.res_partner(id) ON DELETE SET NULL
appointment_type,create_uid,res_users,appointment_type_create_uid_fkey,FOREIGN KEY (create_uid) REFERENCES public.res_users(id) ON DELETE SET NULL
appointment_type,write_uid,res_users,appointment_type_write_uid_fkey,FOREIGN KEY (write_uid) REFERENCES public.res_users(id) ON DELETE SET NULL
appointment_type,website_id,website,appointment_type_website_id_fkey,FOREIGN KEY (website_id) REFERENCES public.website(id) ON DELETE RESTRICT
appointment_type_appointment_question_rel,appointment_question_id,appointment_question,appointment_type_appointment_quest_appointment_question_id_fkey,FOREIGN KEY (appointment_question_id) REFERENCES public.appointment_question(id) ON DELETE CASCADE
appointment_type_appointment_question_rel,appointment_type_id,appointment_type,appointment_type_appointment_question__appointment_type_id_fkey,FOREIGN KEY (appointment_type_id) REFERENCES public.appointment_type(id) ON DELETE CASCADE
appointment_type_appointment_resource_rel,appointment_resource_id,appointment_resource,appointment_type_appointment_resou_appointment_resource_id_fkey,FOREIGN KEY (appointment_resource_id) REFERENCES public.appointment_resource(id) ON DELETE CASCADE
appointment_type_appointment_resource_rel,appointment_type_id,appointment_type,appointment_type_appointment_resource__appointment_type_id_fkey,FOREIGN KEY (appointment_type_id) REFERENCES public.appointment_type(id) ON DELETE CASCADE
appointment_type_calendar_alarm_rel,appointment_type_id,appointment_type,appointment_type_calendar_alarm_rel_appointment_type_id_fkey,FOREIGN KEY (appointment_type_id) REFERENCES public.appointment_type(id) ON DELETE CASCADE
appointment_type_calendar_alarm_rel,calendar_alarm_id,calendar_alarm,appointment_type_calendar_alarm_rel_calendar_alarm_id_fkey,FOREIGN KEY (calendar_alarm_id) REFERENCES public.calendar_alarm(id) ON DELETE CASCADE
appointment_type_country_rel,appointment_type_id,appointment_type,appointment_type_country_rel_appointment_type_id_fkey,FOREIGN KEY (appointment_type_id) REFERENCES public.appointment_type(id) ON DELETE CASCADE
appointment_type_country_rel,res_country_id,res_country,appointment_type_country_rel_res_country_id_fkey,FOREIGN KEY (res_country_id) REFERENCES public.res_country(id) ON DELETE CASCADE
appointment_type_res_users_rel,appointment_type_id,appointment_type,appointment_type_res_users_rel_appointment_type_id_fkey,FOREIGN KEY (appointment_type_id) REFERENCES public.appointment_type(id) ON DELETE CASCADE
appointment_type_res_users_rel,res_users_id,res_users,appointment_type_res_users_rel_res_users_id_fkey,FOREIGN KEY (res_users_id) REFERENCES public.res_users(id) ON DELETE CASCADE
appraisal_ask_feedback,appraisal_id,hr_appraisal,appraisal_ask_feedback_appraisal_id_fkey,FOREIGN KEY (appraisal_id) REFERENCES public.hr_appraisal(id) ON DELETE SET NULL
appraisal_ask_feedback,template_id,mail_template,appraisal_ask_feedback_template_id_fkey,FOREIGN KEY (template_id) REFERENCES public.mail_template(id) ON DELETE SET NULL
appraisal_ask_feedback,author_id,res_partner,appraisal_ask_feedback_author_id_fkey,FOREIGN KEY (author_id) REFERENCES public.res_partner(id) ON DELETE CASCADE
appraisal_ask_feedback,create_uid,res_users,appraisal_ask_feedback_create_uid_fkey,FOREIGN KEY (create_uid) REFERENCES public.res_users(id) ON DELETE SET NULL
appraisal_ask_feedback,write_uid,res_users,appraisal_ask_feedback_write_uid_fkey,FOREIGN KEY (write_uid) REFERENCES public.res_users(id) ON DELETE SET NULL
appraisal_ask_feedback,survey_template_id,survey_survey,appraisal_ask_feedback_survey_template_id_fkey,FOREIGN KEY (survey_template_id) REFERENCES public.survey_survey(id) ON DELETE CASCADE
appraisal_ask_feedback_hr_employee_rel,appraisal_ask_feedback_id,appraisal_ask_feedback,appraisal_ask_feedback_hr_employ_appraisal_ask_feedback_id_fkey,FOREIGN KEY (appraisal_ask_feedback_id) REFERENCES public.appraisal_ask_feedback(id) ON DELETE CASCADE
appraisal_ask_feedback_hr_employee_rel,hr_employee_id,hr_employee,appraisal_ask_feedback_hr_employee_rel_hr_employee_id_fkey,FOREIGN KEY (hr_employee_id) REFERENCES public.hr_employee(id) ON DELETE CASCADE
appraisal_manager_rel,hr_appraisal_id,hr_appraisal,appraisal_manager_rel_hr_appraisal_id_fkey,FOREIGN KEY (hr_appraisal_id) REFERENCES public.hr_appraisal(id) ON DELETE CASCADE
appraisal_manager_rel,hr_employee_id,hr_employee,appraisal_manager_rel_hr_employee_id_fkey,FOREIGN KEY (hr_employee_id) REFERENCES public.hr_employee(id) ON DELETE CASCADE
appraisal_select_survey,create_uid,res_users,appraisal_select_survey_create_uid_fkey,FOREIGN KEY (create_uid) REFERENCES public.res_users(id) ON DELETE SET NULL
appraisal_select_survey,write_uid,res_users,appraisal_select_survey_write_uid_fkey,FOREIGN KEY (write_uid) REFERENCES public.res_users(id) ON DELETE SET NULL
appraisal_select_survey,survey_template_id,survey_survey,appraisal_select_survey_survey_template_id_fkey,FOREIGN KEY (survey_template_id) REFERENCES public.survey_survey(id) ON DELETE CASCADE
appraisal_select_survey_survey_user_input_rel,appraisal_select_survey_id,appraisal_select_survey,appraisal_select_survey_survey__appraisal_select_survey_id_fkey,FOREIGN KEY (appraisal_select_survey_id) REFERENCES public.appraisal_select_survey(id) ON DELETE CASCADE
appraisal_select_survey_survey_user_input_rel,survey_user_input_id,survey_user_input,appraisal_select_survey_survey_user_i_survey_user_input_id_fkey,FOREIGN KEY (survey_user_input_id) REFERENCES public.survey_user_input(id) ON DELETE CASCADE
approval_rule_users_to_notify_rel,res_users_id,res_users,approval_rule_users_to_notify_rel_res_users_id_fkey,FOREIGN KEY (res_users_id) REFERENCES public.res_users(id) ON DELETE CASCADE
approval_rule_users_to_notify_rel,studio_approval_rule_id,studio_approval_rule,approval_rule_users_to_notify_rel_studio_approval_rule_id_fkey,FOREIGN KEY (studio_approval_rule_id) REFERENCES public.studio_approval_rule(id) ON DELETE CASCADE
asset_modify,account_asset_counterpart_id,account_account,asset_modify_account_asset_counterpart_id_fkey,FOREIGN KEY (account_asset_counterpart_id) REFERENCES public.account_account(id) ON DELETE SET NULL
asset_modify,account_asset_id,account_account,asset_modify_account_asset_id_fkey,FOREIGN KEY (account_asset_id) REFERENCES public.account_account(id) ON DELETE SET NULL
asset_modify,account_depreciation_expense_id,account_account,asset_modify_account_depreciation_expense_id_fkey,FOREIGN KEY (account_depreciation_expense_id) REFERENCES public.account_account(id) ON DELETE SET NULL
asset_modify,account_depreciation_id,account_account,asset_modify_account_depreciation_id_fkey,FOREIGN KEY (account_depreciation_id) REFERENCES public.account_account(id) ON DELETE SET NULL
asset_modify,asset_id,account_asset,asset_modify_asset_id_fkey,FOREIGN KEY (asset_id) REFERENCES public.account_asset(id) ON DELETE CASCADE
asset_modify,create_uid,res_users,asset_modify_create_uid_fkey,FOREIGN KEY (create_uid) REFERENCES public.res_users(id) ON DELETE SET NULL
asset_modify,write_uid,res_users,asset_modify_write_uid_fkey,FOREIGN KEY (write_uid) REFERENCES public.res_users(id) ON DELETE SET NULL
asset_move_line_rel,asset_id,account_asset,asset_move_line_rel_asset_id_fkey,FOREIGN KEY (asset_id) REFERENCES public.account_asset(id) ON DELETE CASCADE
asset_move_line_rel,line_id,account_move_line,asset_move_line_rel_line_id_fkey,FOREIGN KEY (line_id) REFERENCES public.account_move_line(id) ON DELETE CASCADE
auth_passkey_key,create_uid,res_users,auth_passkey_key_create_uid_fkey,FOREIGN KEY (create_uid) REFERENCES public.res_users(id) ON DELETE SET NULL
auth_passkey_key,write_uid,res_users,auth_passkey_key_write_uid_fkey,FOREIGN KEY (write_uid) REFERENCES public.res_users(id) ON DELETE SET NULL
auth_passkey_key_create,create_uid,res_users,auth_passkey_key_create_create_uid_fkey,FOREIGN KEY (create_uid) REFERENCES public.res_users(id) ON DELETE SET NULL
auth_passkey_key_create,write_uid,res_users,auth_passkey_key_create_write_uid_fkey,FOREIGN KEY (write_uid) REFERENCES public.res_users(id) ON DELETE SET NULL
auth_totp_device,user_id,res_users,auth_totp_device_user_id_fkey,FOREIGN KEY (user_id) REFERENCES public.res_users(id) ON DELETE CASCADE
auth_totp_rate_limit_log,create_uid,res_users,auth_totp_rate_limit_log_create_uid_fkey,FOREIGN KEY (create_uid) REFERENCES public.res_users(id) ON DELETE SET NULL
auth_totp_rate_limit_log,user_id,res_users,auth_totp_rate_limit_log_user_id_fkey,FOREIGN KEY (user_id) REFERENCES public.res_users(id) ON DELETE CASCADE
auth_totp_rate_limit_log,write_uid,res_users,auth_totp_rate_limit_log_write_uid_fkey,FOREIGN KEY (write_uid) REFERENCES public.res_users(id) ON DELETE SET NULL
auth_totp_wizard,create_uid,res_users,auth_totp_wizard_create_uid_fkey,FOREIGN KEY (create_uid) REFERENCES public.res_users(id) ON DELETE SET NULL
auth_totp_wizard,user_id,res_users,auth_totp_wizard_user_id_fkey,FOREIGN KEY (user_id) REFERENCES public.res_users(id) ON DELETE CASCADE
auth_totp_wizard,write_uid,res_users,auth_totp_wizard_write_uid_fkey,FOREIGN KEY (write_uid) REFERENCES public.res_users(id) ON DELETE SET NULL
auto_gen_job_type_cancel_wizard,create_uid,res_users,auto_gen_job_type_cancel_wizard_create_uid_fkey,FOREIGN KEY (create_uid) REFERENCES public.res_users(id) ON DELETE SET NULL
auto_gen_job_type_cancel_wizard,write_uid,res_users,auto_gen_job_type_cancel_wizard_write_uid_fkey,FOREIGN KEY (write_uid) REFERENCES public.res_users(id) ON DELETE SET NULL
auto_gen_job_type_cancel_wizard,order_id,sale_order,auto_gen_job_type_cancel_wizard_order_id_fkey,FOREIGN KEY (order_id) REFERENCES public.sale_order(id) ON DELETE CASCADE
auto_gen_job_type_config,company_id,res_company,auto_gen_job_type_config_company_id_fkey,FOREIGN KEY (company_id) REFERENCES public.res_company(id) ON DELETE RESTRICT
auto_gen_job_type_config,create_uid,res_users,auto_gen_job_type_config_create_uid_fkey,FOREIGN KEY (create_uid) REFERENCES public.res_users(id) ON DELETE SET NULL
auto_gen_job_type_config,write_uid,res_users,auto_gen_job_type_config_write_uid_fkey,FOREIGN KEY (write_uid) REFERENCES public.res_users(id) ON DELETE SET NULL
auto_gen_job_type_counter,brand_id,bh_brand,auto_gen_job_type_counter_brand_id_fkey,FOREIGN KEY (brand_id) REFERENCES public.bh_brand(id) ON DELETE CASCADE
auto_gen_job_type_counter,company_id,res_company,auto_gen_job_type_counter_company_id_fkey,FOREIGN KEY (company_id) REFERENCES public.res_company(id) ON DELETE RESTRICT
auto_gen_job_type_counter,partner_id,res_partner,auto_gen_job_type_counter_partner_id_fkey,FOREIGN KEY (partner_id) REFERENCES public.res_partner(id) ON DELETE CASCADE
auto_gen_job_type_counter,create_uid,res_users,auto_gen_job_type_counter_create_uid_fkey,FOREIGN KEY (create_uid) REFERENCES public.res_users(id) ON DELETE SET NULL
auto_gen_job_type_counter,write_uid,res_users,auto_gen_job_type_counter_write_uid_fkey,FOREIGN KEY (write_uid) REFERENCES public.res_users(id) ON DELETE SET NULL
auto_gen_job_type_counter,job_type_id,sale_job_type,auto_gen_job_type_counter_job_type_id_fkey,FOREIGN KEY (job_type_id) REFERENCES public.sale_job_type(id) ON DELETE CASCADE
auto_gen_job_type_history,config_id,auto_gen_job_type_config,auto_gen_job_type_history_config_id_fkey,FOREIGN KEY (config_id) REFERENCES public.auto_gen_job_type_config(id) ON DELETE SET NULL
auto_gen_job_type_history,brand_id,bh_brand,auto_gen_job_type_history_brand_id_fkey,FOREIGN KEY (brand_id) REFERENCES public.bh_brand(id) ON DELETE SET NULL
auto_gen_job_type_history,partner_id,res_partner,auto_gen_job_type_history_partner_id_fkey,FOREIGN KEY (partner_id) REFERENCES public.res_partner(id) ON DELETE SET NULL
auto_gen_job_type_history,create_uid,res_users,auto_gen_job_type_history_create_uid_fkey,FOREIGN KEY (create_uid) REFERENCES public.res_users(id) ON DELETE SET NULL
auto_gen_job_type_history,generated_by_id,res_users,auto_gen_job_type_history_generated_by_id_fkey,FOREIGN KEY (generated_by_id) REFERENCES public.res_users(id) ON DELETE SET NULL
auto_gen_job_type_history,write_uid,res_users,auto_gen_job_type_history_write_uid_fkey,FOREIGN KEY (write_uid) REFERENCES public.res_users(id) ON DELETE SET NULL
auto_gen_job_type_history,job_type_id,sale_job_type,auto_gen_job_type_history_job_type_id_fkey,FOREIGN KEY (job_type_id) REFERENCES public.sale_job_type(id) ON DELETE SET NULL
auto_gen_job_type_history,order_id,sale_order,auto_gen_job_type_history_order_id_fkey,FOREIGN KEY (order_id) REFERENCES public.sale_order(id) ON DELETE CASCADE
badge_unlocked_definition_rel,gamification_badge_id,gamification_badge,badge_unlocked_definition_rel_gamification_badge_id_fkey,FOREIGN KEY (gamification_badge_id) REFERENCES public.gamification_badge(id) ON DELETE CASCADE
badge_unlocked_definition_rel,gamification_goal_definition_id,gamification_goal_definition,badge_unlocked_definition_rel_gamification_goal_definition_fkey,FOREIGN KEY (gamification_goal_definition_id) REFERENCES public.gamification_goal_definition(id) ON DELETE CASCADE
barcode_nomenclature,create_uid,res_users,barcode_nomenclature_create_uid_fkey,FOREIGN KEY (create_uid) REFERENCES public.res_users(id) ON DELETE SET NULL
barcode_nomenclature,write_uid,res_users,barcode_nomenclature_write_uid_fkey,FOREIGN KEY (write_uid) REFERENCES public.res_users(id) ON DELETE SET NULL
barcode_rule,barcode_nomenclature_id,barcode_nomenclature,barcode_rule_barcode_nomenclature_id_fkey,FOREIGN KEY (barcode_nomenclature_id) REFERENCES public.barcode_nomenclature(id) ON DELETE SET NULL
barcode_rule,create_uid,res_users,barcode_rule_create_uid_fkey,FOREIGN KEY (create_uid) REFERENCES public.res_users(id) ON DELETE SET NULL
barcode_rule,write_uid,res_users,barcode_rule_write_uid_fkey,FOREIGN KEY (write_uid) REFERENCES public.res_users(id) ON DELETE SET NULL
barcode_rule,associated_uom_id,uom_uom,barcode_rule_associated_uom_id_fkey,FOREIGN KEY (associated_uom_id) REFERENCES public.uom_uom(id) ON DELETE SET NULL
base_automation,ai_autosort_folder_id,documents_document,base_automation_ai_autosort_folder_id_fkey,FOREIGN KEY (ai_autosort_folder_id) REFERENCES public.documents_document(id) ON DELETE SET NULL
base_automation,model_id,ir_model,base_automation_model_id_fkey,FOREIGN KEY (model_id) REFERENCES public.ir_model(id) ON DELETE CASCADE
base_automation,trg_date_id,ir_model_fields,base_automation_trg_date_id_fkey,FOREIGN KEY (trg_date_id) REFERENCES public.ir_model_fields(id) ON DELETE SET NULL
base_automation,trg_date_resource_field_id,ir_model_fields,base_automation_trg_date_resource_field_id_fkey,FOREIGN KEY (trg_date_resource_field_id) REFERENCES public.ir_model_fields(id) ON DELETE SET NULL
base_automation,trg_selection_field_id,ir_model_fields_selection,base_automation_trg_selection_field_id_fkey,FOREIGN KEY (trg_selection_field_id) REFERENCES public.ir_model_fields_selection(id) ON DELETE SET NULL
base_automation,create_uid,res_users,base_automation_create_uid_fkey,FOREIGN KEY (create_uid) REFERENCES public.res_users(id) ON DELETE SET NULL
base_automation,write_uid,res_users,base_automation_write_uid_fkey,FOREIGN KEY (write_uid) REFERENCES public.res_users(id) ON DELETE SET NULL
base_automation,trg_date_calendar_id,resource_calendar,base_automation_trg_date_calendar_id_fkey,FOREIGN KEY (trg_date_calendar_id) REFERENCES public.resource_calendar(id) ON DELETE SET NULL
base_automation_ir_model_fields_rel,base_automation_id,base_automation,base_automation_ir_model_fields_rel_base_automation_id_fkey,FOREIGN KEY (base_automation_id) REFERENCES public.base_automation(id) ON DELETE CASCADE
base_automation_ir_model_fields_rel,ir_model_fields_id,ir_model_fields,base_automation_ir_model_fields_rel_ir_model_fields_id_fkey,FOREIGN KEY (ir_model_fields_id) REFERENCES public.ir_model_fields(id) ON DELETE CASCADE
base_automation_onchange_fields_rel,base_automation_id,base_automation,base_automation_onchange_fields_rel_base_automation_id_fkey,FOREIGN KEY (base_automation_id) REFERENCES public.base_automation(id) ON DELETE CASCADE
base_automation_onchange_fields_rel,ir_model_fields_id,ir_model_fields,base_automation_onchange_fields_rel_ir_model_fields_id_fkey,FOREIGN KEY (ir_model_fields_id) REFERENCES public.ir_model_fields(id) ON DELETE CASCADE
base_document_layout,report_layout_id,report_layout,base_document_layout_report_layout_id_fkey,FOREIGN KEY (report_layout_id) REFERENCES public.report_layout(id) ON DELETE SET NULL
base_document_layout,company_id,res_company,base_document_layout_company_id_fkey,FOREIGN KEY (company_id) REFERENCES public.res_company(id) ON DELETE CASCADE
base_document_layout,create_uid,res_users,base_document_layout_create_uid_fkey,FOREIGN KEY (create_uid) REFERENCES public.res_users(id) ON DELETE SET NULL
base_document_layout,write_uid,res_users,base_document_layout_write_uid_fkey,FOREIGN KEY (write_uid) REFERENCES public.res_users(id) ON DELETE SET NULL
base_enable_profiling_wizard,create_uid,res_users,base_enable_profiling_wizard_create_uid_fkey,FOREIGN KEY (create_uid) REFERENCES public.res_users(id) ON DELETE SET NULL
base_enable_profiling_wizard,write_uid,res_users,base_enable_profiling_wizard_write_uid_fkey,FOREIGN KEY (write_uid) REFERENCES public.res_users(id) ON DELETE SET NULL
base_geo_provider,create_uid,res_users,base_geo_provider_create_uid_fkey,FOREIGN KEY (create_uid) REFERENCES public.res_users(id) ON DELETE SET NULL
base_geo_provider,write_uid,res_users,base_geo_provider_write_uid_fkey,FOREIGN KEY (write_uid) REFERENCES public.res_users(id) ON DELETE SET NULL
base_import_import,create_uid,res_users,base_import_import_create_uid_fkey,FOREIGN KEY (create_uid) REFERENCES public.res_users(id) ON DELETE SET NULL
base_import_import,write_uid,res_users,base_import_import_write_uid_fkey,FOREIGN KEY (write_uid) REFERENCES public.res_users(id) ON DELETE SET NULL
base_import_mapping,create_uid,res_users,base_import_mapping_create_uid_fkey,FOREIGN KEY (create_uid) REFERENCES public.res_users(id) ON DELETE SET NULL
base_import_mapping,write_uid,res_users,base_import_mapping_write_uid_fkey,FOREIGN KEY (write_uid) REFERENCES public.res_users(id) ON DELETE SET NULL
base_import_module,create_uid,res_users,base_import_module_create_uid_fkey,FOREIGN KEY (create_uid) REFERENCES public.res_users(id) ON DELETE SET NULL
base_import_module,write_uid,res_users,base_import_module_write_uid_fkey,FOREIGN KEY (write_uid) REFERENCES public.res_users(id) ON DELETE SET NULL
base_language_export,model_id,ir_model,base_language_export_model_id_fkey,FOREIGN KEY (model_id) REFERENCES public.ir_model(id) ON DELETE SET NULL
base_language_export,create_uid,res_users,base_language_export_create_uid_fkey,FOREIGN KEY (create_uid) REFERENCES public.res_users(id) ON DELETE SET NULL
base_language_export,write_uid,res_users,base_language_export_write_uid_fkey,FOREIGN KEY (write_uid) REFERENCES public.res_users(id) ON DELETE SET NULL
base_language_import,create_uid,res_users,base_language_import_create_uid_fkey,FOREIGN KEY (create_uid) REFERENCES public.res_users(id) ON DELETE SET NULL
base_language_import,write_uid,res_users,base_language_import_write_uid_fkey,FOREIGN KEY (write_uid) REFERENCES public.res_users(id) ON DELETE SET NULL
base_language_install,create_uid,res_users,base_language_install_create_uid_fkey,FOREIGN KEY (create_uid) REFERENCES public.res_users(id) ON DELETE SET NULL
base_language_install,write_uid,res_users,base_language_install_write_uid_fkey,FOREIGN KEY (write_uid) REFERENCES public.res_users(id) ON DELETE SET NULL
base_language_install_website_rel,base_language_install_id,base_language_install,base_language_install_website_rel_base_language_install_id_fkey,FOREIGN KEY (base_language_install_id) REFERENCES public.base_language_install(id) ON DELETE CASCADE
base_language_install_website_rel,website_id,website,base_language_install_website_rel_website_id_fkey,FOREIGN KEY (website_id) REFERENCES public.website(id) ON DELETE CASCADE
base_module_install_request,module_id,ir_module_module,base_module_install_request_module_id_fkey,FOREIGN KEY (module_id) REFERENCES public.ir_module_module(id) ON DELETE CASCADE
base_module_install_request,create_uid,res_users,base_module_install_request_create_uid_fkey,FOREIGN KEY (create_uid) REFERENCES public.res_users(id) ON DELETE SET NULL
base_module_install_request,user_id,res_users,base_module_install_request_user_id_fkey,FOREIGN KEY (user_id) REFERENCES public.res_users(id) ON DELETE CASCADE
base_module_install_request,write_uid,res_users,base_module_install_request_write_uid_fkey,FOREIGN KEY (write_uid) REFERENCES public.res_users(id) ON DELETE SET NULL
base_module_install_review,module_id,ir_module_module,base_module_install_review_module_id_fkey,FOREIGN KEY (module_id) REFERENCES public.ir_module_module(id) ON DELETE CASCADE
base_module_install_review,create_uid,res_users,base_module_install_review_create_uid_fkey,FOREIGN KEY (create_uid) REFERENCES public.res_users(id) ON DELETE SET NULL
base_module_install_review,write_uid,res_users,base_module_install_review_write_uid_fkey,FOREIGN KEY (write_uid) REFERENCES public.res_users(id) ON DELETE SET NULL
base_module_uninstall,create_uid,res_users,base_module_uninstall_create_uid_fkey,FOREIGN KEY (create_uid) REFERENCES public.res_users(id) ON DELETE SET NULL
base_module_uninstall,write_uid,res_users,base_module_uninstall_write_uid_fkey,FOREIGN KEY (write_uid) REFERENCES public.res_users(id) ON DELETE SET NULL
base_module_uninstall_ir_module_module_rel,base_module_uninstall_id,base_module_uninstall,base_module_uninstall_ir_module_m_base_module_uninstall_id_fkey,FOREIGN KEY (base_module_uninstall_id) REFERENCES public.base_module_uninstall(id) ON DELETE CASCADE
base_module_uninstall_ir_module_module_rel,ir_module_module_id,ir_module_module,base_module_uninstall_ir_module_module_ir_module_module_id_fkey,FOREIGN KEY (ir_module_module_id) REFERENCES public.ir_module_module(id) ON DELETE CASCADE
base_module_update,create_uid,res_users,base_module_update_create_uid_fkey,FOREIGN KEY (create_uid) REFERENCES public.res_users(id) ON DELETE SET NULL
base_module_update,write_uid,res_users,base_module_update_write_uid_fkey,FOREIGN KEY (write_uid) REFERENCES public.res_users(id) ON DELETE SET NULL
base_module_upgrade,create_uid,res_users,base_module_upgrade_create_uid_fkey,FOREIGN KEY (create_uid) REFERENCES public.res_users(id) ON DELETE SET NULL
base_module_upgrade,write_uid,res_users,base_module_upgrade_write_uid_fkey,FOREIGN KEY (write_uid) REFERENCES public.res_users(id) ON DELETE SET NULL
base_partner_merge_automatic_wizard,current_line_id,base_partner_merge_line,base_partner_merge_automatic_wizard_current_line_id_fkey,FOREIGN KEY (current_line_id) REFERENCES public.base_partner_merge_line(id) ON DELETE SET NULL
base_partner_merge_automatic_wizard,dst_partner_id,res_partner,base_partner_merge_automatic_wizard_dst_partner_id_fkey,FOREIGN KEY (dst_partner_id) REFERENCES public.res_partner(id) ON DELETE SET NULL
base_partner_merge_automatic_wizard,create_uid,res_users,base_partner_merge_automatic_wizard_create_uid_fkey,FOREIGN KEY (create_uid) REFERENCES public.res_users(id) ON DELETE SET NULL
base_partner_merge_automatic_wizard,write_uid,res_users,base_partner_merge_automatic_wizard_write_uid_fkey,FOREIGN KEY (write_uid) REFERENCES public.res_users(id) ON DELETE SET NULL
base_partner_merge_automatic_wizard_res_partner_rel,base_partner_merge_automatic_wizard_id,base_partner_merge_automatic_wizard,base_partner_merge_automatic__base_partner_merge_automatic_fkey,FOREIGN KEY (base_partner_merge_automatic_wizard_id) REFERENCES public.base_partner_merge_automatic_wizard(id) ON DELETE CASCADE
base_partner_merge_automatic_wizard_res_partner_rel,res_partner_id,res_partner,base_partner_merge_automatic_wizard_res_par_res_partner_id_fkey,FOREIGN KEY (res_partner_id) REFERENCES public.res_partner(id) ON DELETE CASCADE
base_partner_merge_line,wizard_id,base_partner_merge_automatic_wizard,base_partner_merge_line_wizard_id_fkey,FOREIGN KEY (wizard_id) REFERENCES public.base_partner_merge_automatic_wizard(id) ON DELETE SET NULL
base_partner_merge_line,create_uid,res_users,base_partner_merge_line_create_uid_fkey,FOREIGN KEY (create_uid) REFERENCES public.res_users(id) ON DELETE SET NULL
base_partner_merge_line,write_uid,res_users,base_partner_merge_line_write_uid_fkey,FOREIGN KEY (write_uid) REFERENCES public.res_users(id) ON DELETE SET NULL
bh_brand,parent_company_id,bh_parent_company,bh_brand_parent_company_id_fkey,FOREIGN KEY (parent_company_id) REFERENCES public.bh_parent_company(id) ON DELETE CASCADE
bh_brand,company_id,res_company,bh_brand_company_id_fkey,FOREIGN KEY (company_id) REFERENCES public.res_company(id) ON DELETE SET NULL
bh_brand,hq_partner_id,res_partner,bh_brand_hq_partner_id_fkey,FOREIGN KEY (hq_partner_id) REFERENCES public.res_partner(id) ON DELETE SET NULL
bh_brand,create_uid,res_users,bh_brand_create_uid_fkey,FOREIGN KEY (create_uid) REFERENCES public.res_users(id) ON DELETE SET NULL
bh_brand,write_uid,res_users,bh_brand_write_uid_fkey,FOREIGN KEY (write_uid) REFERENCES public.res_users(id) ON DELETE SET NULL
bh_parent_company,payment_term_id,account_payment_term,bh_parent_company_payment_term_id_fkey,FOREIGN KEY (payment_term_id) REFERENCES public.account_payment_term(id) ON DELETE SET NULL
bh_parent_company,company_id,res_company,bh_parent_company_company_id_fkey,FOREIGN KEY (company_id) REFERENCES public.res_company(id) ON DELETE RESTRICT
bh_parent_company,country_id,res_country,bh_parent_company_country_id_fkey,FOREIGN KEY (country_id) REFERENCES public.res_country(id) ON DELETE SET NULL
bh_parent_company,state_id,res_country_state,bh_parent_company_state_id_fkey,FOREIGN KEY (state_id) REFERENCES public.res_country_state(id) ON DELETE SET NULL
bh_parent_company,currency_id,res_currency,bh_parent_company_currency_id_fkey,FOREIGN KEY (currency_id) REFERENCES public.res_currency(id) ON DELETE RESTRICT
bh_parent_company,create_uid,res_users,bh_parent_company_create_uid_fkey,FOREIGN KEY (create_uid) REFERENCES public.res_users(id) ON DELETE SET NULL
bh_parent_company,write_uid,res_users,bh_parent_company_write_uid_fkey,FOREIGN KEY (write_uid) REFERENCES public.res_users(id) ON DELETE SET NULL
bh_store_type,brand_id,bh_brand,bh_store_type_brand_id_fkey,FOREIGN KEY (brand_id) REFERENCES public.bh_brand(id) ON DELETE CASCADE
bh_store_type,parent_company_id,bh_parent_company,bh_store_type_parent_company_id_fkey,FOREIGN KEY (parent_company_id) REFERENCES public.bh_parent_company(id) ON DELETE SET NULL
bh_store_type,company_id,res_company,bh_store_type_company_id_fkey,FOREIGN KEY (company_id) REFERENCES public.res_company(id) ON DELETE SET NULL
bh_store_type,create_uid,res_users,bh_store_type_create_uid_fkey,FOREIGN KEY (create_uid) REFERENCES public.res_users(id) ON DELETE SET NULL
bh_store_type,write_uid,res_users,bh_store_type_write_uid_fkey,FOREIGN KEY (write_uid) REFERENCES public.res_users(id) ON DELETE SET NULL
bill_to_po_wizard,purchase_order_id,purchase_order,bill_to_po_wizard_purchase_order_id_fkey,FOREIGN KEY (purchase_order_id) REFERENCES public.purchase_order(id) ON DELETE SET NULL
bill_to_po_wizard,partner_id,res_partner,bill_to_po_wizard_partner_id_fkey,FOREIGN KEY (partner_id) REFERENCES public.res_partner(id) ON DELETE SET NULL
bill_to_po_wizard,create_uid,res_users,bill_to_po_wizard_create_uid_fkey,FOREIGN KEY (create_uid) REFERENCES public.res_users(id) ON DELETE SET NULL
bill_to_po_wizard,write_uid,res_users,bill_to_po_wizard_write_uid_fkey,FOREIGN KEY (write_uid) REFERENCES public.res_users(id) ON DELETE SET NULL
bus_bus,create_uid,res_users,bus_bus_create_uid_fkey,FOREIGN KEY (create_uid) REFERENCES public.res_users(id) ON DELETE SET NULL
bus_bus,write_uid,res_users,bus_bus_write_uid_fkey,FOREIGN KEY (write_uid) REFERENCES public.res_users(id) ON DELETE SET NULL
calendar_alarm,mail_template_id,mail_template,calendar_alarm_mail_template_id_fkey,FOREIGN KEY (mail_template_id) REFERENCES public.mail_template(id) ON DELETE SET NULL
calendar_alarm,create_uid,res_users,calendar_alarm_create_uid_fkey,FOREIGN KEY (create_uid) REFERENCES public.res_users(id) ON DELETE SET NULL
calendar_alarm,write_uid,res_users,calendar_alarm_write_uid_fkey,FOREIGN KEY (write_uid) REFERENCES public.res_users(id) ON DELETE SET NULL
calendar_alarm,sms_template_id,sms_template,calendar_alarm_sms_template_id_fkey,FOREIGN KEY (sms_template_id) REFERENCES public.sms_template(id) ON DELETE SET NULL
calendar_alarm_calendar_event_rel,calendar_alarm_id,calendar_alarm,calendar_alarm_calendar_event_rel_calendar_alarm_id_fkey,FOREIGN KEY (calendar_alarm_id) REFERENCES public.calendar_alarm(id) ON DELETE RESTRICT
calendar_alarm_calendar_event_rel,calendar_event_id,calendar_event,calendar_alarm_calendar_event_rel_calendar_event_id_fkey,FOREIGN KEY (calendar_event_id) REFERENCES public.calendar_event(id) ON DELETE CASCADE
calendar_attendee,event_id,calendar_event,calendar_attendee_event_id_fkey,FOREIGN KEY (event_id) REFERENCES public.calendar_event(id) ON DELETE CASCADE
calendar_attendee,partner_id,res_partner,calendar_attendee_partner_id_fkey,FOREIGN KEY (partner_id) REFERENCES public.res_partner(id) ON DELETE CASCADE
calendar_attendee,create_uid,res_users,calendar_attendee_create_uid_fkey,FOREIGN KEY (create_uid) REFERENCES public.res_users(id) ON DELETE SET NULL
calendar_attendee,write_uid,res_users,calendar_attendee_write_uid_fkey,FOREIGN KEY (write_uid) REFERENCES public.res_users(id) ON DELETE SET NULL
calendar_booking,account_move_id,account_move,calendar_booking_account_move_id_fkey,FOREIGN KEY (account_move_id) REFERENCES public.account_move(id) ON DELETE SET NULL
calendar_booking,appointment_invite_id,appointment_invite,calendar_booking_appointment_invite_id_fkey,FOREIGN KEY (appointment_invite_id) REFERENCES public.appointment_invite(id) ON DELETE SET NULL
calendar_booking,appointment_type_id,appointment_type,calendar_booking_appointment_type_id_fkey,FOREIGN KEY (appointment_type_id) REFERENCES public.appointment_type(id) ON DELETE CASCADE
calendar_booking,calendar_event_id,calendar_event,calendar_booking_calendar_event_id_fkey,FOREIGN KEY (calendar_event_id) REFERENCES public.calendar_event(id) ON DELETE SET NULL
calendar_booking,product_id,product_product,calendar_booking_product_id_fkey,FOREIGN KEY (product_id) REFERENCES public.product_product(id) ON DELETE RESTRICT
calendar_booking,partner_id,res_partner,calendar_booking_partner_id_fkey,FOREIGN KEY (partner_id) REFERENCES public.res_partner(id) ON DELETE SET NULL
calendar_booking,create_uid,res_users,calendar_booking_create_uid_fkey,FOREIGN KEY (create_uid) REFERENCES public.res_users(id) ON DELETE SET NULL
calendar_booking,staff_user_id,res_users,calendar_booking_staff_user_id_fkey,FOREIGN KEY (staff_user_id) REFERENCES public.res_users(id) ON DELETE SET NULL
calendar_booking,write_uid,res_users,calendar_booking_write_uid_fkey,FOREIGN KEY (write_uid) REFERENCES public.res_users(id) ON DELETE SET NULL
calendar_booking,order_line_id,sale_order_line,calendar_booking_order_line_id_fkey,FOREIGN KEY (order_line_id) REFERENCES public.sale_order_line(id) ON DELETE CASCADE
calendar_booking_line,appointment_resource_id,appointment_resource,calendar_booking_line_appointment_resource_id_fkey,FOREIGN KEY (appointment_resource_id) REFERENCES public.appointment_resource(id) ON DELETE CASCADE
calendar_booking_line,calendar_booking_id,calendar_booking,calendar_booking_line_calendar_booking_id_fkey,FOREIGN KEY (calendar_booking_id) REFERENCES public.calendar_booking(id) ON DELETE CASCADE
calendar_booking_line,create_uid,res_users,calendar_booking_line_create_uid_fkey,FOREIGN KEY (create_uid) REFERENCES public.res_users(id) ON DELETE SET NULL
calendar_booking_line,write_uid,res_users,calendar_booking_line_write_uid_fkey,FOREIGN KEY (write_uid) REFERENCES public.res_users(id) ON DELETE SET NULL
calendar_booking_res_partner_rel,calendar_booking_id,calendar_booking,calendar_booking_res_partner_rel_calendar_booking_id_fkey,FOREIGN KEY (calendar_booking_id) REFERENCES public.calendar_booking(id) ON DELETE CASCADE
calendar_booking_res_partner_rel,res_partner_id,res_partner,calendar_booking_res_partner_rel_res_partner_id_fkey,FOREIGN KEY (res_partner_id) REFERENCES public.res_partner(id) ON DELETE CASCADE
calendar_event,appointment_invite_id,appointment_invite,calendar_event_appointment_invite_id_fkey,FOREIGN KEY (appointment_invite_id) REFERENCES public.appointment_invite(id) ON DELETE SET NULL
calendar_event,appointment_type_id,appointment_type,calendar_event_appointment_type_id_fkey,FOREIGN KEY (appointment_type_id) REFERENCES public.appointment_type(id) ON DELETE SET NULL
calendar_event,recurrence_id,calendar_recurrence,calendar_event_recurrence_id_fkey,FOREIGN KEY (recurrence_id) REFERENCES public.calendar_recurrence(id) ON DELETE SET NULL
calendar_event,opportunity_id,crm_lead,calendar_event_opportunity_id_fkey,FOREIGN KEY (opportunity_id) REFERENCES public.crm_lead(id) ON DELETE SET NULL
calendar_event,videocall_channel_id,discuss_channel,calendar_event_videocall_channel_id_fkey,FOREIGN KEY (videocall_channel_id) REFERENCES public.discuss_channel(id) ON DELETE SET NULL
calendar_event,applicant_id,hr_applicant,calendar_event_applicant_id_fkey,FOREIGN KEY (applicant_id) REFERENCES public.hr_applicant(id) ON DELETE SET NULL
calendar_event,res_model_id,ir_model,calendar_event_res_model_id_fkey,FOREIGN KEY (res_model_id) REFERENCES public.ir_model(id) ON DELETE CASCADE
calendar_event,appointment_booker_id,res_partner,calendar_event_appointment_booker_id_fkey,FOREIGN KEY (appointment_booker_id) REFERENCES public.res_partner(id) ON DELETE SET NULL
calendar_event,create_uid,res_users,calendar_event_create_uid_fkey,FOREIGN KEY (create_uid) REFERENCES public.res_users(id) ON DELETE SET NULL
calendar_event,user_id,res_users,calendar_event_user_id_fkey,FOREIGN KEY (user_id) REFERENCES public.res_users(id) ON DELETE SET NULL
calendar_event,write_uid,res_users,calendar_event_write_uid_fkey,FOREIGN KEY (write_uid) REFERENCES public.res_users(id) ON DELETE SET NULL
calendar_event,visitor_id,website_visitor,calendar_event_visitor_id_fkey,FOREIGN KEY (visitor_id) REFERENCES public.website_visitor(id) ON DELETE SET NULL
calendar_event_res_partner_rel,calendar_event_id,calendar_event,calendar_event_res_partner_rel_calendar_event_id_fkey,FOREIGN KEY (calendar_event_id) REFERENCES public.calendar_event(id) ON DELETE CASCADE
calendar_event_res_partner_rel,res_partner_id,res_partner,calendar_event_res_partner_rel_res_partner_id_fkey,FOREIGN KEY (res_partner_id) REFERENCES public.res_partner(id) ON DELETE CASCADE
calendar_event_type,create_uid,res_users,calendar_event_type_create_uid_fkey,FOREIGN KEY (create_uid) REFERENCES public.res_users(id) ON DELETE SET NULL
calendar_event_type,write_uid,res_users,calendar_event_type_write_uid_fkey,FOREIGN KEY (write_uid) REFERENCES public.res_users(id) ON DELETE SET NULL
calendar_filters,partner_id,res_partner,calendar_filters_partner_id_fkey,FOREIGN KEY (partner_id) REFERENCES public.res_partner(id) ON DELETE RESTRICT
calendar_filters,create_uid,res_users,calendar_filters_create_uid_fkey,FOREIGN KEY (create_uid) REFERENCES public.res_users(id) ON DELETE SET NULL
calendar_filters,user_id,res_users,calendar_filters_user_id_fkey,FOREIGN KEY (user_id) REFERENCES public.res_users(id) ON DELETE CASCADE
calendar_filters,write_uid,res_users,calendar_filters_write_uid_fkey,FOREIGN KEY (write_uid) REFERENCES public.res_users(id) ON DELETE SET NULL
calendar_popover_delete_wizard,calendar_event_id,calendar_event,calendar_popover_delete_wizard_calendar_event_id_fkey,FOREIGN KEY (calendar_event_id) REFERENCES public.calendar_event(id) ON DELETE SET NULL
calendar_popover_delete_wizard,template_id,mail_template,calendar_popover_delete_wizard_template_id_fkey,FOREIGN KEY (template_id) REFERENCES public.mail_template(id) ON DELETE SET NULL
calendar_popover_delete_wizard,create_uid,res_users,calendar_popover_delete_wizard_create_uid_fkey,FOREIGN KEY (create_uid) REFERENCES public.res_users(id) ON DELETE SET NULL
calendar_popover_delete_wizard,write_uid,res_users,calendar_popover_delete_wizard_write_uid_fkey,FOREIGN KEY (write_uid) REFERENCES public.res_users(id) ON DELETE SET NULL
calendar_provider_config,create_uid,res_users,calendar_provider_config_create_uid_fkey,FOREIGN KEY (create_uid) REFERENCES public.res_users(id) ON DELETE SET NULL
calendar_provider_config,write_uid,res_users,calendar_provider_config_write_uid_fkey,FOREIGN KEY (write_uid) REFERENCES public.res_users(id) ON DELETE SET NULL
calendar_recurrence,base_event_id,calendar_event,calendar_recurrence_base_event_id_fkey,FOREIGN KEY (base_event_id) REFERENCES public.calendar_event(id) ON DELETE SET NULL
calendar_recurrence,trigger_id,ir_cron_trigger,calendar_recurrence_trigger_id_fkey,FOREIGN KEY (trigger_id) REFERENCES public.ir_cron_trigger(id) ON DELETE SET NULL
calendar_recurrence,create_uid,res_users,calendar_recurrence_create_uid_fkey,FOREIGN KEY (create_uid) REFERENCES public.res_users(id) ON DELETE SET NULL
calendar_recurrence,write_uid,res_users,calendar_recurrence_write_uid_fkey,FOREIGN KEY (write_uid) REFERENCES public.res_users(id) ON DELETE SET NULL
certificate_certificate,private_key_id,certificate_key,certificate_certificate_private_key_id_fkey,FOREIGN KEY (private_key_id) REFERENCES public.certificate_key(id) ON DELETE SET NULL
certificate_certificate,public_key_id,certificate_key,certificate_certificate_public_key_id_fkey,FOREIGN KEY (public_key_id) REFERENCES public.certificate_key(id) ON DELETE SET NULL
certificate_certificate,company_id,res_company,certificate_certificate_company_id_fkey,FOREIGN KEY (company_id) REFERENCES public.res_company(id) ON DELETE CASCADE
certificate_certificate,create_uid,res_users,certificate_certificate_create_uid_fkey,FOREIGN KEY (create_uid) REFERENCES public.res_users(id) ON DELETE SET NULL
certificate_certificate,write_uid,res_users,certificate_certificate_write_uid_fkey,FOREIGN KEY (write_uid) REFERENCES public.res_users(id) ON DELETE SET NULL
certificate_key,company_id,res_company,certificate_key_company_id_fkey,FOREIGN KEY (company_id) REFERENCES public.res_company(id) ON DELETE CASCADE
certificate_key,create_uid,res_users,certificate_key_create_uid_fkey,FOREIGN KEY (create_uid) REFERENCES public.res_users(id) ON DELETE SET NULL
certificate_key,write_uid,res_users,certificate_key_write_uid_fkey,FOREIGN KEY (write_uid) REFERENCES public.res_users(id) ON DELETE SET NULL
change_password_own,create_uid,res_users,change_password_own_create_uid_fkey,FOREIGN KEY (create_uid) REFERENCES public.res_users(id) ON DELETE SET NULL
change_password_own,write_uid,res_users,change_password_own_write_uid_fkey,FOREIGN KEY (write_uid) REFERENCES public.res_users(id) ON DELETE SET NULL
change_password_user,wizard_id,change_password_wizard,change_password_user_wizard_id_fkey,FOREIGN KEY (wizard_id) REFERENCES public.change_password_wizard(id) ON DELETE CASCADE
change_password_user,create_uid,res_users,change_password_user_create_uid_fkey,FOREIGN KEY (create_uid) REFERENCES public.res_users(id) ON DELETE SET NULL
change_password_user,user_id,res_users,change_password_user_user_id_fkey,FOREIGN KEY (user_id) REFERENCES public.res_users(id) ON DELETE CASCADE
change_password_user,write_uid,res_users,change_password_user_write_uid_fkey,FOREIGN KEY (write_uid) REFERENCES public.res_users(id) ON DELETE SET NULL
change_password_wizard,create_uid,res_users,change_password_wizard_create_uid_fkey,FOREIGN KEY (create_uid) REFERENCES public.res_users(id) ON DELETE SET NULL
change_password_wizard,write_uid,res_users,change_password_wizard_write_uid_fkey,FOREIGN KEY (write_uid) REFERENCES public.res_users(id) ON DELETE SET NULL
change_production_qty,mo_id,mrp_production,change_production_qty_mo_id_fkey,FOREIGN KEY (mo_id) REFERENCES public.mrp_production(id) ON DELETE CASCADE
change_production_qty,create_uid,res_users,change_production_qty_create_uid_fkey,FOREIGN KEY (create_uid) REFERENCES public.res_users(id) ON DELETE SET NULL
change_production_qty,write_uid,res_users,change_production_qty_write_uid_fkey,FOREIGN KEY (write_uid) REFERENCES public.res_users(id) ON DELETE SET NULL
chatbot_message,user_script_answer_id,chatbot_script_answer,chatbot_message_user_script_answer_id_fkey,FOREIGN KEY (user_script_answer_id) REFERENCES public.chatbot_script_answer(id) ON DELETE SET NULL
chatbot_message,script_step_id,chatbot_script_step,chatbot_message_script_step_id_fkey,FOREIGN KEY (script_step_id) REFERENCES public.chatbot_script_step(id) ON DELETE SET NULL
chatbot_message,discuss_channel_id,discuss_channel,chatbot_message_discuss_channel_id_fkey,FOREIGN KEY (discuss_channel_id) REFERENCES public.discuss_channel(id) ON DELETE CASCADE
chatbot_message,mail_message_id,mail_message,chatbot_message_mail_message_id_fkey,FOREIGN KEY (mail_message_id) REFERENCES public.mail_message(id) ON DELETE SET NULL
chatbot_message,create_uid,res_users,chatbot_message_create_uid_fkey,FOREIGN KEY (create_uid) REFERENCES public.res_users(id) ON DELETE SET NULL
chatbot_message,write_uid,res_users,chatbot_message_write_uid_fkey,FOREIGN KEY (write_uid) REFERENCES public.res_users(id) ON DELETE SET NULL
chatbot_script,operator_partner_id,res_partner,chatbot_script_operator_partner_id_fkey,FOREIGN KEY (operator_partner_id) REFERENCES public.res_partner(id) ON DELETE RESTRICT
chatbot_script,create_uid,res_users,chatbot_script_create_uid_fkey,FOREIGN KEY (create_uid) REFERENCES public.res_users(id) ON DELETE SET NULL
chatbot_script,write_uid,res_users,chatbot_script_write_uid_fkey,FOREIGN KEY (write_uid) REFERENCES public.res_users(id) ON DELETE SET NULL
chatbot_script,source_id,utm_source,chatbot_script_source_id_fkey,FOREIGN KEY (source_id) REFERENCES public.utm_source(id) ON DELETE RESTRICT
chatbot_script_answer,script_step_id,chatbot_script_step,chatbot_script_answer_script_step_id_fkey,FOREIGN KEY (script_step_id) REFERENCES public.chatbot_script_step(id) ON DELETE CASCADE
chatbot_script_answer,create_uid,res_users,chatbot_script_answer_create_uid_fkey,FOREIGN KEY (create_uid) REFERENCES public.res_users(id) ON DELETE SET NULL
chatbot_script_answer,write_uid,res_users,chatbot_script_answer_write_uid_fkey,FOREIGN KEY (write_uid) REFERENCES public.res_users(id) ON DELETE SET NULL
chatbot_script_answer_chatbot_script_step_rel,chatbot_script_answer_id,chatbot_script_answer,chatbot_script_answer_chatbot_scr_chatbot_script_answer_id_fkey,FOREIGN KEY (chatbot_script_answer_id) REFERENCES public.chatbot_script_answer(id) ON DELETE CASCADE
chatbot_script_answer_chatbot_script_step_rel,chatbot_script_step_id,chatbot_script_step,chatbot_script_answer_chatbot_scrip_chatbot_script_step_id_fkey,FOREIGN KEY (chatbot_script_step_id) REFERENCES public.chatbot_script_step(id) ON DELETE CASCADE
chatbot_script_step,chatbot_script_id,chatbot_script,chatbot_script_step_chatbot_script_id_fkey,FOREIGN KEY (chatbot_script_id) REFERENCES public.chatbot_script(id) ON DELETE CASCADE
chatbot_script_step,crm_team_id,crm_team,chatbot_script_step_crm_team_id_fkey,FOREIGN KEY (crm_team_id) REFERENCES public.crm_team(id) ON DELETE SET NULL
chatbot_script_step,helpdesk_team_id,helpdesk_team,chatbot_script_step_helpdesk_team_id_fkey,FOREIGN KEY (helpdesk_team_id) REFERENCES public.helpdesk_team(id) ON DELETE SET NULL
chatbot_script_step,create_uid,res_users,chatbot_script_step_create_uid_fkey,FOREIGN KEY (create_uid) REFERENCES public.res_users(id) ON DELETE SET NULL
chatbot_script_step,write_uid,res_users,chatbot_script_step_write_uid_fkey,FOREIGN KEY (write_uid) REFERENCES public.res_users(id) ON DELETE SET NULL
chatbot_script_step_im_livechat_expertise_rel,chatbot_script_step_id,chatbot_script_step,chatbot_script_step_im_livechat_exp_chatbot_script_step_id_fkey,FOREIGN KEY (chatbot_script_step_id) REFERENCES public.chatbot_script_step(id) ON DELETE CASCADE
chatbot_script_step_im_livechat_expertise_rel,im_livechat_expertise_id,im_livechat_expertise,chatbot_script_step_im_livechat_e_im_livechat_expertise_id_fkey,FOREIGN KEY (im_livechat_expertise_id) REFERENCES public.im_livechat_expertise(id) ON DELETE CASCADE
cheque_setting,company_id,res_company,cheque_setting_company_id_fkey,FOREIGN KEY (company_id) REFERENCES public.res_company(id) ON DELETE RESTRICT
cheque_setting,create_uid,res_users,cheque_setting_create_uid_fkey,FOREIGN KEY (create_uid) REFERENCES public.res_users(id) ON DELETE SET NULL
cheque_setting,write_uid,res_users,cheque_setting_write_uid_fkey,FOREIGN KEY (write_uid) REFERENCES public.res_users(id) ON DELETE SET NULL
choose_delivery_carrier,carrier_id,delivery_carrier,choose_delivery_carrier_carrier_id_fkey,FOREIGN KEY (carrier_id) REFERENCES public.delivery_carrier(id) ON DELETE CASCADE
choose_delivery_carrier,create_uid,res_users,choose_delivery_carrier_create_uid_fkey,FOREIGN KEY (create_uid) REFERENCES public.res_users(id) ON DELETE SET NULL
choose_delivery_carrier,write_uid,res_users,choose_delivery_carrier_write_uid_fkey,FOREIGN KEY (write_uid) REFERENCES public.res_users(id) ON DELETE SET NULL
choose_delivery_carrier,order_id,sale_order,choose_delivery_carrier_order_id_fkey,FOREIGN KEY (order_id) REFERENCES public.sale_order(id) ON DELETE CASCADE
city_zip_geonames_import,create_uid,res_users,city_zip_geonames_import_create_uid_fkey,FOREIGN KEY (create_uid) REFERENCES public.res_users(id) ON DELETE SET NULL
city_zip_geonames_import,write_uid,res_users,city_zip_geonames_import_write_uid_fkey,FOREIGN KEY (write_uid) REFERENCES public.res_users(id) ON DELETE SET NULL
city_zip_geonames_import_res_country_rel,city_zip_geonames_import_id,city_zip_geonames_import,city_zip_geonames_import_res_c_city_zip_geonames_import_id_fkey,FOREIGN KEY (city_zip_geonames_import_id) REFERENCES public.city_zip_geonames_import(id) ON DELETE CASCADE
city_zip_geonames_import_res_country_rel,res_country_id,res_country,city_zip_geonames_import_res_country_rel_res_country_id_fkey,FOREIGN KEY (res_country_id) REFERENCES public.res_country(id) ON DELETE CASCADE
conf_prefix,create_uid,res_users,conf_prefix_create_uid_fkey,FOREIGN KEY (create_uid) REFERENCES public.res_users(id) ON DELETE SET NULL
conf_prefix,write_uid,res_users,conf_prefix_write_uid_fkey,FOREIGN KEY (write_uid) REFERENCES public.res_users(id) ON DELETE SET NULL
confirm_stock_sms,create_uid,res_users,confirm_stock_sms_create_uid_fkey,FOREIGN KEY (create_uid) REFERENCES public.res_users(id) ON DELETE SET NULL
confirm_stock_sms,write_uid,res_users,confirm_stock_sms_write_uid_fkey,FOREIGN KEY (write_uid) REFERENCES public.res_users(id) ON DELETE SET NULL
create_withholding_tax_cert,create_uid,res_users,create_withholding_tax_cert_create_uid_fkey,FOREIGN KEY (create_uid) REFERENCES public.res_users(id) ON DELETE SET NULL
create_withholding_tax_cert,write_uid,res_users,create_withholding_tax_cert_write_uid_fkey,FOREIGN KEY (write_uid) REFERENCES public.res_users(id) ON DELETE SET NULL
create_withholding_tax_cert,wt_cert_id,withholding_tax_cert,create_withholding_tax_cert_wt_cert_id_fkey,FOREIGN KEY (wt_cert_id) REFERENCES public.withholding_tax_cert(id) ON DELETE SET NULL
crm_convert_lead_mass_lead_rel,crm_lead_id,crm_lead,crm_convert_lead_mass_lead_rel_crm_lead_id_fkey,FOREIGN KEY (crm_lead_id) REFERENCES public.crm_lead(id) ON DELETE CASCADE
crm_convert_lead_mass_lead_rel,crm_lead2opportunity_partner_mass_id,crm_lead2opportunity_partner_mass,crm_convert_lead_mass_lead_re_crm_lead2opportunity_partner_fkey,FOREIGN KEY (crm_lead2opportunity_partner_mass_id) REFERENCES public.crm_lead2opportunity_partner_mass(id) ON DELETE CASCADE
crm_iap_lead_helpers,create_uid,res_users,crm_iap_lead_helpers_create_uid_fkey,FOREIGN KEY (create_uid) REFERENCES public.res_users(id) ON DELETE SET NULL
crm_iap_lead_helpers,write_uid,res_users,crm_iap_lead_helpers_write_uid_fkey,FOREIGN KEY (write_uid) REFERENCES public.res_users(id) ON DELETE SET NULL
crm_iap_lead_industry,create_uid,res_users,crm_iap_lead_industry_create_uid_fkey,FOREIGN KEY (create_uid) REFERENCES public.res_users(id) ON DELETE SET NULL
crm_iap_lead_industry,write_uid,res_users,crm_iap_lead_industry_write_uid_fkey,FOREIGN KEY (write_uid) REFERENCES public.res_users(id) ON DELETE SET NULL
crm_iap_lead_industry_crm_iap_lead_mining_request_rel,crm_iap_lead_industry_id,crm_iap_lead_industry,crm_iap_lead_industry_crm_iap_lea_crm_iap_lead_industry_id_fkey,FOREIGN KEY (crm_iap_lead_industry_id) REFERENCES public.crm_iap_lead_industry(id) ON DELETE CASCADE
crm_iap_lead_industry_crm_iap_lead_mining_request_rel,crm_iap_lead_mining_request_id,crm_iap_lead_mining_request,crm_iap_lead_industry_crm_iap_crm_iap_lead_mining_request__fkey,FOREIGN KEY (crm_iap_lead_mining_request_id) REFERENCES public.crm_iap_lead_mining_request(id) ON DELETE CASCADE
crm_iap_lead_mining_request,preferred_role_id,crm_iap_lead_role,crm_iap_lead_mining_request_preferred_role_id_fkey,FOREIGN KEY (preferred_role_id) REFERENCES public.crm_iap_lead_role(id) ON DELETE SET NULL
crm_iap_lead_mining_request,seniority_id,crm_iap_lead_seniority,crm_iap_lead_mining_request_seniority_id_fkey,FOREIGN KEY (seniority_id) REFERENCES public.crm_iap_lead_seniority(id) ON DELETE SET NULL
crm_iap_lead_mining_request,team_id,crm_team,crm_iap_lead_mining_request_team_id_fkey,FOREIGN KEY (team_id) REFERENCES public.crm_team(id) ON DELETE SET NULL
crm_iap_lead_mining_request,create_uid,res_users,crm_iap_lead_mining_request_create_uid_fkey,FOREIGN KEY (create_uid) REFERENCES public.res_users(id) ON DELETE SET NULL
crm_iap_lead_mining_request,user_id,res_users,crm_iap_lead_mining_request_user_id_fkey,FOREIGN KEY (user_id) REFERENCES public.res_users(id) ON DELETE SET NULL
crm_iap_lead_mining_request,write_uid,res_users,crm_iap_lead_mining_request_write_uid_fkey,FOREIGN KEY (write_uid) REFERENCES public.res_users(id) ON DELETE SET NULL
crm_iap_lead_mining_request_crm_iap_lead_role_rel,crm_iap_lead_mining_request_id,crm_iap_lead_mining_request,crm_iap_lead_mining_request__crm_iap_lead_mining_request__fkey2,FOREIGN KEY (crm_iap_lead_mining_request_id) REFERENCES public.crm_iap_lead_mining_request(id) ON DELETE CASCADE
crm_iap_lead_mining_request_crm_iap_lead_role_rel,crm_iap_lead_role_id,crm_iap_lead_role,crm_iap_lead_mining_request_crm_iap_l_crm_iap_lead_role_id_fkey,FOREIGN KEY (crm_iap_lead_role_id) REFERENCES public.crm_iap_lead_role(id) ON DELETE CASCADE
crm_iap_lead_mining_request_crm_tag_rel,crm_iap_lead_mining_request_id,crm_iap_lead_mining_request,crm_iap_lead_mining_request_c_crm_iap_lead_mining_request__fkey,FOREIGN KEY (crm_iap_lead_mining_request_id) REFERENCES public.crm_iap_lead_mining_request(id) ON DELETE CASCADE
crm_iap_lead_mining_request_crm_tag_rel,crm_tag_id,crm_tag,crm_iap_lead_mining_request_crm_tag_rel_crm_tag_id_fkey,FOREIGN KEY (crm_tag_id) REFERENCES public.crm_tag(id) ON DELETE CASCADE
crm_iap_lead_mining_request_res_country_rel,crm_iap_lead_mining_request_id,crm_iap_lead_mining_request,crm_iap_lead_mining_request_r_crm_iap_lead_mining_request__fkey,FOREIGN KEY (crm_iap_lead_mining_request_id) REFERENCES public.crm_iap_lead_mining_request(id) ON DELETE CASCADE
crm_iap_lead_mining_request_res_country_rel,res_country_id,res_country,crm_iap_lead_mining_request_res_country_rel_res_country_id_fkey,FOREIGN KEY (res_country_id) REFERENCES public.res_country(id) ON DELETE CASCADE
crm_iap_lead_mining_request_res_country_state_rel,crm_iap_lead_mining_request_id,crm_iap_lead_mining_request,crm_iap_lead_mining_request__crm_iap_lead_mining_request__fkey1,FOREIGN KEY (crm_iap_lead_mining_request_id) REFERENCES public.crm_iap_lead_mining_request(id) ON DELETE CASCADE
crm_iap_lead_mining_request_res_country_state_rel,res_country_state_id,res_country_state,crm_iap_lead_mining_request_res_count_res_country_state_id_fkey,FOREIGN KEY (res_country_state_id) REFERENCES public.res_country_state(id) ON DELETE CASCADE
crm_iap_lead_role,create_uid,res_users,crm_iap_lead_role_create_uid_fkey,FOREIGN KEY (create_uid) REFERENCES public.res_users(id) ON DELETE SET NULL
crm_iap_lead_role,write_uid,res_users,crm_iap_lead_role_write_uid_fkey,FOREIGN KEY (write_uid) REFERENCES public.res_users(id) ON DELETE SET NULL
crm_iap_lead_seniority,create_uid,res_users,crm_iap_lead_seniority_create_uid_fkey,FOREIGN KEY (create_uid) REFERENCES public.res_users(id) ON DELETE SET NULL
crm_iap_lead_seniority,write_uid,res_users,crm_iap_lead_seniority_write_uid_fkey,FOREIGN KEY (write_uid) REFERENCES public.res_users(id) ON DELETE SET NULL
crm_lead,lead_mining_request_id,crm_iap_lead_mining_request,crm_lead_lead_mining_request_id_fkey,FOREIGN KEY (lead_mining_request_id) REFERENCES public.crm_iap_lead_mining_request(id) ON DELETE SET NULL
crm_lead,lost_reason_id,crm_lost_reason,crm_lead_lost_reason_id_fkey,FOREIGN KEY (lost_reason_id) REFERENCES public.crm_lost_reason(id) ON DELETE RESTRICT
crm_lead,recurring_plan,crm_recurring_plan,crm_lead_recurring_plan_fkey,FOREIGN KEY (recurring_plan) REFERENCES public.crm_recurring_plan(id) ON DELETE SET NULL
crm_lead,stage_id,crm_stage,crm_lead_stage_id_fkey,FOREIGN KEY (stage_id) REFERENCES public.crm_stage(id) ON DELETE RESTRICT
crm_lead,team_id,crm_team,crm_lead_team_id_fkey,FOREIGN KEY (team_id) REFERENCES public.crm_team(id) ON DELETE SET NULL
crm_lead,origin_channel_id,discuss_channel,crm_lead_origin_channel_id_fkey,FOREIGN KEY (origin_channel_id) REFERENCES public.discuss_channel(id) ON DELETE SET NULL
crm_lead,company_id,res_company,crm_lead_company_id_fkey,FOREIGN KEY (company_id) REFERENCES public.res_company(id) ON DELETE SET NULL
crm_lead,country_id,res_country,crm_lead_country_id_fkey,FOREIGN KEY (country_id) REFERENCES public.res_country(id) ON DELETE SET NULL
crm_lead,state_id,res_country_state,crm_lead_state_id_fkey,FOREIGN KEY (state_id) REFERENCES public.res_country_state(id) ON DELETE SET NULL
crm_lead,lang_id,res_lang,crm_lead_lang_id_fkey,FOREIGN KEY (lang_id) REFERENCES public.res_lang(id) ON DELETE SET NULL
crm_lead,partner_id,res_partner,crm_lead_partner_id_fkey,FOREIGN KEY (partner_id) REFERENCES public.res_partner(id) ON DELETE SET NULL
crm_lead,create_uid,res_users,crm_lead_create_uid_fkey,FOREIGN KEY (create_uid) REFERENCES public.res_users(id) ON DELETE SET NULL
crm_lead,user_id,res_users,crm_lead_user_id_fkey,FOREIGN KEY (user_id) REFERENCES public.res_users(id) ON DELETE SET NULL
crm_lead,write_uid,res_users,crm_lead_write_uid_fkey,FOREIGN KEY (write_uid) REFERENCES public.res_users(id) ON DELETE SET NULL
crm_lead,origin_survey_id,survey_survey,crm_lead_origin_survey_id_fkey,FOREIGN KEY (origin_survey_id) REFERENCES public.survey_survey(id) ON DELETE SET NULL
crm_lead,campaign_id,utm_campaign,crm_lead_campaign_id_fkey,FOREIGN KEY (campaign_id) REFERENCES public.utm_campaign(id) ON DELETE SET NULL
crm_lead,medium_id,utm_medium,crm_lead_medium_id_fkey,FOREIGN KEY (medium_id) REFERENCES public.utm_medium(id) ON DELETE SET NULL
crm_lead,source_id,utm_source,crm_lead_source_id_fkey,FOREIGN KEY (source_id) REFERENCES public.utm_source(id) ON DELETE SET NULL
crm_lead2opportunity_partner,lead_id,crm_lead,crm_lead2opportunity_partner_lead_id_fkey,FOREIGN KEY (lead_id) REFERENCES public.crm_lead(id) ON DELETE CASCADE
crm_lead2opportunity_partner,team_id,crm_team,crm_lead2opportunity_partner_team_id_fkey,FOREIGN KEY (team_id) REFERENCES public.crm_team(id) ON DELETE SET NULL
crm_lead2opportunity_partner,commercial_partner_id,res_partner,crm_lead2opportunity_partner_commercial_partner_id_fkey,FOREIGN KEY (commercial_partner_id) REFERENCES public.res_partner(id) ON DELETE SET NULL
crm_lead2opportunity_partner,partner_id,res_partner,crm_lead2opportunity_partner_partner_id_fkey,FOREIGN KEY (partner_id) REFERENCES public.res_partner(id) ON DELETE SET NULL
crm_lead2opportunity_partner,create_uid,res_users,crm_lead2opportunity_partner_create_uid_fkey,FOREIGN KEY (create_uid) REFERENCES public.res_users(id) ON DELETE SET NULL
crm_lead2opportunity_partner,user_id,res_users,crm_lead2opportunity_partner_user_id_fkey,FOREIGN KEY (user_id) REFERENCES public.res_users(id) ON DELETE SET NULL
crm_lead2opportunity_partner,write_uid,res_users,crm_lead2opportunity_partner_write_uid_fkey,FOREIGN KEY (write_uid) REFERENCES public.res_users(id) ON DELETE SET NULL
crm_lead2opportunity_partner_mass,lead_id,crm_lead,crm_lead2opportunity_partner_mass_lead_id_fkey,FOREIGN KEY (lead_id) REFERENCES public.crm_lead(id) ON DELETE SET NULL
crm_lead2opportunity_partner_mass,team_id,crm_team,crm_lead2opportunity_partner_mass_team_id_fkey,FOREIGN KEY (team_id) REFERENCES public.crm_team(id) ON DELETE SET NULL
crm_lead2opportunity_partner_mass,commercial_partner_id,res_partner,crm_lead2opportunity_partner_mass_commercial_partner_id_fkey,FOREIGN KEY (commercial_partner_id) REFERENCES public.res_partner(id) ON DELETE SET NULL
crm_lead2opportunity_partner_mass,partner_id,res_partner,crm_lead2opportunity_partner_mass_partner_id_fkey,FOREIGN KEY (partner_id) REFERENCES public.res_partner(id) ON DELETE SET NULL
crm_lead2opportunity_partner_mass,create_uid,res_users,crm_lead2opportunity_partner_mass_create_uid_fkey,FOREIGN KEY (create_uid) REFERENCES public.res_users(id) ON DELETE SET NULL
crm_lead2opportunity_partner_mass,user_id,res_users,crm_lead2opportunity_partner_mass_user_id_fkey,FOREIGN KEY (user_id) REFERENCES public.res_users(id) ON DELETE SET NULL
crm_lead2opportunity_partner_mass,write_uid,res_users,crm_lead2opportunity_partner_mass_write_uid_fkey,FOREIGN KEY (write_uid) REFERENCES public.res_users(id) ON DELETE SET NULL
crm_lead2opportunity_partner_mass_res_users_rel,crm_lead2opportunity_partner_mass_id,crm_lead2opportunity_partner_mass,crm_lead2opportunity_partner__crm_lead2opportunity_partner_fkey,FOREIGN KEY (crm_lead2opportunity_partner_mass_id) REFERENCES public.crm_lead2opportunity_partner_mass(id) ON DELETE CASCADE
crm_lead2opportunity_partner_mass_res_users_rel,res_users_id,res_users,crm_lead2opportunity_partner_mass_res_users_r_res_users_id_fkey,FOREIGN KEY (res_users_id) REFERENCES public.res_users(id) ON DELETE CASCADE
crm_lead_convert2ticket,lead_id,crm_lead,crm_lead_convert2ticket_lead_id_fkey,FOREIGN KEY (lead_id) REFERENCES public.crm_lead(id) ON DELETE SET NULL
crm_lead_convert2ticket,team_id,helpdesk_team,crm_lead_convert2ticket_team_id_fkey,FOREIGN KEY (team_id) REFERENCES public.helpdesk_team(id) ON DELETE CASCADE
crm_lead_convert2ticket,partner_id,res_partner,crm_lead_convert2ticket_partner_id_fkey,FOREIGN KEY (partner_id) REFERENCES public.res_partner(id) ON DELETE SET NULL
crm_lead_convert2ticket,create_uid,res_users,crm_lead_convert2ticket_create_uid_fkey,FOREIGN KEY (create_uid) REFERENCES public.res_users(id) ON DELETE SET NULL
crm_lead_convert2ticket,write_uid,res_users,crm_lead_convert2ticket_write_uid_fkey,FOREIGN KEY (write_uid) REFERENCES public.res_users(id) ON DELETE SET NULL
crm_lead_crm_lead2opportunity_partner_mass_rel,crm_lead_id,crm_lead,crm_lead_crm_lead2opportunity_partner_mass_rel_crm_lead_id_fkey,FOREIGN KEY (crm_lead_id) REFERENCES public.crm_lead(id) ON DELETE CASCADE
crm_lead_crm_lead2opportunity_partner_mass_rel,crm_lead2opportunity_partner_mass_id,crm_lead2opportunity_partner_mass,crm_lead_crm_lead2opportunit_crm_lead2opportunity_partner_fkey1,FOREIGN KEY (crm_lead2opportunity_partner_mass_id) REFERENCES public.crm_lead2opportunity_partner_mass(id) ON DELETE CASCADE
crm_lead_crm_lead2opportunity_partner_rel,crm_lead_id,crm_lead,crm_lead_crm_lead2opportunity_partner_rel_crm_lead_id_fkey,FOREIGN KEY (crm_lead_id) REFERENCES public.crm_lead(id) ON DELETE CASCADE
crm_lead_crm_lead2opportunity_partner_rel,crm_lead2opportunity_partner_id,crm_lead2opportunity_partner,crm_lead_crm_lead2opportunity_crm_lead2opportunity_partner_fkey,FOREIGN KEY (crm_lead2opportunity_partner_id) REFERENCES public.crm_lead2opportunity_partner(id) ON DELETE CASCADE
crm_lead_crm_lead_lost_rel,crm_lead_id,crm_lead,crm_lead_crm_lead_lost_rel_crm_lead_id_fkey,FOREIGN KEY (crm_lead_id) REFERENCES public.crm_lead(id) ON DELETE CASCADE
crm_lead_crm_lead_lost_rel,crm_lead_lost_id,crm_lead_lost,crm_lead_crm_lead_lost_rel_crm_lead_lost_id_fkey,FOREIGN KEY (crm_lead_lost_id) REFERENCES public.crm_lead_lost(id) ON DELETE CASCADE
crm_lead_lost,lost_reason_id,crm_lost_reason,crm_lead_lost_lost_reason_id_fkey,FOREIGN KEY (lost_reason_id) REFERENCES public.crm_lost_reason(id) ON DELETE SET NULL
crm_lead_lost,create_uid,res_users,crm_lead_lost_create_uid_fkey,FOREIGN KEY (create_uid) REFERENCES public.res_users(id) ON DELETE SET NULL
crm_lead_lost,write_uid,res_users,crm_lead_lost_write_uid_fkey,FOREIGN KEY (write_uid) REFERENCES public.res_users(id) ON DELETE SET NULL
crm_lead_pls_update,create_uid,res_users,crm_lead_pls_update_create_uid_fkey,FOREIGN KEY (create_uid) REFERENCES public.res_users(id) ON DELETE SET NULL
crm_lead_pls_update,write_uid,res_users,crm_lead_pls_update_write_uid_fkey,FOREIGN KEY (write_uid) REFERENCES public.res_users(id) ON DELETE SET NULL
crm_lead_pls_update_crm_lead_scoring_frequency_field_rel,crm_lead_pls_update_id,crm_lead_pls_update,crm_lead_pls_update_crm_lead_scorin_crm_lead_pls_update_id_fkey,FOREIGN KEY (crm_lead_pls_update_id) REFERENCES public.crm_lead_pls_update(id) ON DELETE CASCADE
crm_lead_pls_update_crm_lead_scoring_frequency_field_rel,crm_lead_scoring_frequency_field_id,crm_lead_scoring_frequency_field,crm_lead_pls_update_crm_lead__crm_lead_scoring_frequency_f_fkey,FOREIGN KEY (crm_lead_scoring_frequency_field_id) REFERENCES public.crm_lead_scoring_frequency_field(id) ON DELETE CASCADE
crm_lead_scoring_frequency,team_id,crm_team,crm_lead_scoring_frequency_team_id_fkey,FOREIGN KEY (team_id) REFERENCES public.crm_team(id) ON DELETE CASCADE
crm_lead_scoring_frequency,create_uid,res_users,crm_lead_scoring_frequency_create_uid_fkey,FOREIGN KEY (create_uid) REFERENCES public.res_users(id) ON DELETE SET NULL
crm_lead_scoring_frequency,write_uid,res_users,crm_lead_scoring_frequency_write_uid_fkey,FOREIGN KEY (write_uid) REFERENCES public.res_users(id) ON DELETE SET NULL
crm_lead_scoring_frequency_field,field_id,ir_model_fields,crm_lead_scoring_frequency_field_field_id_fkey,FOREIGN KEY (field_id) REFERENCES public.ir_model_fields(id) ON DELETE CASCADE
crm_lead_scoring_frequency_field,create_uid,res_users,crm_lead_scoring_frequency_field_create_uid_fkey,FOREIGN KEY (create_uid) REFERENCES public.res_users(id) ON DELETE SET NULL
crm_lead_scoring_frequency_field,write_uid,res_users,crm_lead_scoring_frequency_field_write_uid_fkey,FOREIGN KEY (write_uid) REFERENCES public.res_users(id) ON DELETE SET NULL
crm_lead_website_visitor_rel,crm_lead_id,crm_lead,crm_lead_website_visitor_rel_crm_lead_id_fkey,FOREIGN KEY (crm_lead_id) REFERENCES public.crm_lead(id) ON DELETE CASCADE
crm_lead_website_visitor_rel,website_visitor_id,website_visitor,crm_lead_website_visitor_rel_website_visitor_id_fkey,FOREIGN KEY (website_visitor_id) REFERENCES public.website_visitor(id) ON DELETE CASCADE
crm_lost_reason,create_uid,res_users,crm_lost_reason_create_uid_fkey,FOREIGN KEY (create_uid) REFERENCES public.res_users(id) ON DELETE SET NULL
crm_lost_reason,write_uid,res_users,crm_lost_reason_write_uid_fkey,FOREIGN KEY (write_uid) REFERENCES public.res_users(id) ON DELETE SET NULL
crm_merge_opportunity,team_id,crm_team,crm_merge_opportunity_team_id_fkey,FOREIGN KEY (team_id) REFERENCES public.crm_team(id) ON DELETE SET NULL
crm_merge_opportunity,create_uid,res_users,crm_merge_opportunity_create_uid_fkey,FOREIGN KEY (create_uid) REFERENCES public.res_users(id) ON DELETE SET NULL
crm_merge_opportunity,user_id,res_users,crm_merge_opportunity_user_id_fkey,FOREIGN KEY (user_id) REFERENCES public.res_users(id) ON DELETE SET NULL
crm_merge_opportunity,write_uid,res_users,crm_merge_opportunity_write_uid_fkey,FOREIGN KEY (write_uid) REFERENCES public.res_users(id) ON DELETE SET NULL
crm_quotation_partner,lead_id,crm_lead,crm_quotation_partner_lead_id_fkey,FOREIGN KEY (lead_id) REFERENCES public.crm_lead(id) ON DELETE CASCADE
crm_quotation_partner,partner_id,res_partner,crm_quotation_partner_partner_id_fkey,FOREIGN KEY (partner_id) REFERENCES public.res_partner(id) ON DELETE SET NULL
crm_quotation_partner,create_uid,res_users,crm_quotation_partner_create_uid_fkey,FOREIGN KEY (create_uid) REFERENCES public.res_users(id) ON DELETE SET NULL
crm_quotation_partner,write_uid,res_users,crm_quotation_partner_write_uid_fkey,FOREIGN KEY (write_uid) REFERENCES public.res_users(id) ON DELETE SET NULL
crm_recurring_plan,create_uid,res_users,crm_recurring_plan_create_uid_fkey,FOREIGN KEY (create_uid) REFERENCES public.res_users(id) ON DELETE SET NULL
crm_recurring_plan,write_uid,res_users,crm_recurring_plan_write_uid_fkey,FOREIGN KEY (write_uid) REFERENCES public.res_users(id) ON DELETE SET NULL
crm_stage,create_uid,res_users,crm_stage_create_uid_fkey,FOREIGN KEY (create_uid) REFERENCES public.res_users(id) ON DELETE SET NULL
crm_stage,write_uid,res_users,crm_stage_write_uid_fkey,FOREIGN KEY (write_uid) REFERENCES public.res_users(id) ON DELETE SET NULL
crm_stage_crm_team_rel,crm_stage_id,crm_stage,crm_stage_crm_team_rel_crm_stage_id_fkey,FOREIGN KEY (crm_stage_id) REFERENCES public.crm_stage(id) ON DELETE CASCADE
crm_stage_crm_team_rel,crm_team_id,crm_team,crm_stage_crm_team_rel_crm_team_id_fkey,FOREIGN KEY (crm_team_id) REFERENCES public.crm_team(id) ON DELETE RESTRICT
crm_tag,create_uid,res_users,crm_tag_create_uid_fkey,FOREIGN KEY (create_uid) REFERENCES public.res_users(id) ON DELETE SET NULL
crm_tag,write_uid,res_users,crm_tag_write_uid_fkey,FOREIGN KEY (write_uid) REFERENCES public.res_users(id) ON DELETE SET NULL
crm_tag_rel,lead_id,crm_lead,crm_tag_rel_lead_id_fkey,FOREIGN KEY (lead_id) REFERENCES public.crm_lead(id) ON DELETE CASCADE
crm_tag_rel,tag_id,crm_tag,crm_tag_rel_tag_id_fkey,FOREIGN KEY (tag_id) REFERENCES public.crm_tag(id) ON DELETE CASCADE
crm_team,alias_id,mail_alias,crm_team_alias_id_fkey,FOREIGN KEY (alias_id) REFERENCES public.mail_alias(id) ON DELETE RESTRICT
crm_team,company_id,res_company,crm_team_company_id_fkey,FOREIGN KEY (company_id) REFERENCES public.res_company(id) ON DELETE SET NULL
crm_team,create_uid,res_users,crm_team_create_uid_fkey,FOREIGN KEY (create_uid) REFERENCES public.res_users(id) ON DELETE SET NULL
crm_team,user_id,res_users,crm_team_user_id_fkey,FOREIGN KEY (user_id) REFERENCES public.res_users(id) ON DELETE SET NULL
crm_team,write_uid,res_users,crm_team_write_uid_fkey,FOREIGN KEY (write_uid) REFERENCES public.res_users(id) ON DELETE SET NULL
crm_team_member,crm_team_id,crm_team,crm_team_member_crm_team_id_fkey,FOREIGN KEY (crm_team_id) REFERENCES public.crm_team(id) ON DELETE CASCADE
crm_team_member,create_uid,res_users,crm_team_member_create_uid_fkey,FOREIGN KEY (create_uid) REFERENCES public.res_users(id) ON DELETE SET NULL
crm_team_member,user_id,res_users,crm_team_member_user_id_fkey,FOREIGN KEY (user_id) REFERENCES public.res_users(id) ON DELETE CASCADE
crm_team_member,write_uid,res_users,crm_team_member_write_uid_fkey,FOREIGN KEY (write_uid) REFERENCES public.res_users(id) ON DELETE SET NULL
custom_dashboard,group_search,res_groups,custom_dashboard_group_search_fkey,FOREIGN KEY (group_search) REFERENCES public.res_groups(id) ON DELETE SET NULL
custom_dashboard,create_uid,res_users,custom_dashboard_create_uid_fkey,FOREIGN KEY (create_uid) REFERENCES public.res_users(id) ON DELETE SET NULL
custom_dashboard,write_uid,res_users,custom_dashboard_write_uid_fkey,FOREIGN KEY (write_uid) REFERENCES public.res_users(id) ON DELETE SET NULL
date_range,type_id,date_range_type,date_range_type_id_fkey,FOREIGN KEY (type_id) REFERENCES public.date_range_type(id) ON DELETE RESTRICT
date_range,company_id,res_company,date_range_company_id_fkey,FOREIGN KEY (company_id) REFERENCES public.res_company(id) ON DELETE SET NULL
date_range,create_uid,res_users,date_range_create_uid_fkey,FOREIGN KEY (create_uid) REFERENCES public.res_users(id) ON DELETE SET NULL
date_range,write_uid,res_users,date_range_write_uid_fkey,FOREIGN KEY (write_uid) REFERENCES public.res_users(id) ON DELETE SET NULL
date_range_generator,type_id,date_range_type,date_range_generator_type_id_fkey,FOREIGN KEY (type_id) REFERENCES public.date_range_type(id) ON DELETE CASCADE
date_range_generator,company_id,res_company,date_range_generator_company_id_fkey,FOREIGN KEY (company_id) REFERENCES public.res_company(id) ON DELETE SET NULL
date_range_generator,create_uid,res_users,date_range_generator_create_uid_fkey,FOREIGN KEY (create_uid) REFERENCES public.res_users(id) ON DELETE SET NULL
date_range_generator,write_uid,res_users,date_range_generator_write_uid_fkey,FOREIGN KEY (write_uid) REFERENCES public.res_users(id) ON DELETE SET NULL
date_range_type,company_id,res_company,date_range_type_company_id_fkey,FOREIGN KEY (company_id) REFERENCES public.res_company(id) ON DELETE SET NULL
date_range_type,create_uid,res_users,date_range_type_create_uid_fkey,FOREIGN KEY (create_uid) REFERENCES public.res_users(id) ON DELETE SET NULL
date_range_type,write_uid,res_users,date_range_type_write_uid_fkey,FOREIGN KEY (write_uid) REFERENCES public.res_users(id) ON DELETE SET NULL
db_backup_configure,create_uid,res_users,db_backup_configure_create_uid_fkey,FOREIGN KEY (create_uid) REFERENCES public.res_users(id) ON DELETE SET NULL
db_backup_configure,user_id,res_users,db_backup_configure_user_id_fkey,FOREIGN KEY (user_id) REFERENCES public.res_users(id) ON DELETE SET NULL
db_backup_configure,write_uid,res_users,db_backup_configure_write_uid_fkey,FOREIGN KEY (write_uid) REFERENCES public.res_users(id) ON DELETE SET NULL
decimal_precision,create_uid,res_users,decimal_precision_create_uid_fkey,FOREIGN KEY (create_uid) REFERENCES public.res_users(id) ON DELETE SET NULL
decimal_precision,write_uid,res_users,decimal_precision_write_uid_fkey,FOREIGN KEY (write_uid) REFERENCES public.res_users(id) ON DELETE SET NULL
delivery_carrier,product_id,product_product,delivery_carrier_product_id_fkey,FOREIGN KEY (product_id) REFERENCES public.product_product(id) ON DELETE RESTRICT
delivery_carrier,company_id,res_company,delivery_carrier_company_id_fkey,FOREIGN KEY (company_id) REFERENCES public.res_company(id) ON DELETE SET NULL
delivery_carrier,create_uid,res_users,delivery_carrier_create_uid_fkey,FOREIGN KEY (create_uid) REFERENCES public.res_users(id) ON DELETE SET NULL
delivery_carrier,write_uid,res_users,delivery_carrier_write_uid_fkey,FOREIGN KEY (write_uid) REFERENCES public.res_users(id) ON DELETE SET NULL
delivery_carrier,website_id,website,delivery_carrier_website_id_fkey,FOREIGN KEY (website_id) REFERENCES public.website(id) ON DELETE RESTRICT
delivery_carrier_country_rel,carrier_id,delivery_carrier,delivery_carrier_country_rel_carrier_id_fkey,FOREIGN KEY (carrier_id) REFERENCES public.delivery_carrier(id) ON DELETE CASCADE
delivery_carrier_country_rel,country_id,res_country,delivery_carrier_country_rel_country_id_fkey,FOREIGN KEY (country_id) REFERENCES public.res_country(id) ON DELETE CASCADE
delivery_carrier_state_rel,carrier_id,delivery_carrier,delivery_carrier_state_rel_carrier_id_fkey,FOREIGN KEY (carrier_id) REFERENCES public.delivery_carrier(id) ON DELETE CASCADE
delivery_carrier_state_rel,state_id,res_country_state,delivery_carrier_state_rel_state_id_fkey,FOREIGN KEY (state_id) REFERENCES public.res_country_state(id) ON DELETE CASCADE
delivery_price_rule,carrier_id,delivery_carrier,delivery_price_rule_carrier_id_fkey,FOREIGN KEY (carrier_id) REFERENCES public.delivery_carrier(id) ON DELETE CASCADE
delivery_price_rule,create_uid,res_users,delivery_price_rule_create_uid_fkey,FOREIGN KEY (create_uid) REFERENCES public.res_users(id) ON DELETE SET NULL
delivery_price_rule,write_uid,res_users,delivery_price_rule_write_uid_fkey,FOREIGN KEY (write_uid) REFERENCES public.res_users(id) ON DELETE SET NULL
delivery_zip_prefix,create_uid,res_users,delivery_zip_prefix_create_uid_fkey,FOREIGN KEY (create_uid) REFERENCES public.res_users(id) ON DELETE SET NULL
delivery_zip_prefix,write_uid,res_users,delivery_zip_prefix_write_uid_fkey,FOREIGN KEY (write_uid) REFERENCES public.res_users(id) ON DELETE SET NULL
delivery_zip_prefix_rel,carrier_id,delivery_carrier,delivery_zip_prefix_rel_carrier_id_fkey,FOREIGN KEY (carrier_id) REFERENCES public.delivery_carrier(id) ON DELETE CASCADE
delivery_zip_prefix_rel,zip_prefix_id,delivery_zip_prefix,delivery_zip_prefix_rel_zip_prefix_id_fkey,FOREIGN KEY (zip_prefix_id) REFERENCES public.delivery_zip_prefix(id) ON DELETE CASCADE
dev_print_cheque_wizard,invoice_id,account_move,dev_print_cheque_wizard_invoice_id_fkey,FOREIGN KEY (invoice_id) REFERENCES public.account_move(id) ON DELETE SET NULL
dev_print_cheque_wizard,payment_id,account_payment,dev_print_cheque_wizard_payment_id_fkey,FOREIGN KEY (payment_id) REFERENCES public.account_payment(id) ON DELETE CASCADE
dev_print_cheque_wizard,cheque_formate_id,cheque_setting,dev_print_cheque_wizard_cheque_formate_id_fkey,FOREIGN KEY (cheque_formate_id) REFERENCES public.cheque_setting(id) ON DELETE CASCADE
dev_print_cheque_wizard,create_uid,res_users,dev_print_cheque_wizard_create_uid_fkey,FOREIGN KEY (create_uid) REFERENCES public.res_users(id) ON DELETE SET NULL
dev_print_cheque_wizard,write_uid,res_users,dev_print_cheque_wizard_write_uid_fkey,FOREIGN KEY (write_uid) REFERENCES public.res_users(id) ON DELETE SET NULL
digest_digest,company_id,res_company,digest_digest_company_id_fkey,FOREIGN KEY (company_id) REFERENCES public.res_company(id) ON DELETE SET NULL
digest_digest,create_uid,res_users,digest_digest_create_uid_fkey,FOREIGN KEY (create_uid) REFERENCES public.res_users(id) ON DELETE SET NULL
digest_digest,write_uid,res_users,digest_digest_write_uid_fkey,FOREIGN KEY (write_uid) REFERENCES public.res_users(id) ON DELETE SET NULL
digest_digest_res_users_rel,digest_digest_id,digest_digest,digest_digest_res_users_rel_digest_digest_id_fkey,FOREIGN KEY (digest_digest_id) REFERENCES public.digest_digest(id) ON DELETE CASCADE
digest_digest_res_users_rel,res_users_id,res_users,digest_digest_res_users_rel_res_users_id_fkey,FOREIGN KEY (res_users_id) REFERENCES public.res_users(id) ON DELETE CASCADE
digest_tip,group_id,res_groups,digest_tip_group_id_fkey,FOREIGN KEY (group_id) REFERENCES public.res_groups(id) ON DELETE SET NULL
digest_tip,create_uid,res_users,digest_tip_create_uid_fkey,FOREIGN KEY (create_uid) REFERENCES public.res_users(id) ON DELETE SET NULL
digest_tip,write_uid,res_users,digest_tip_write_uid_fkey,FOREIGN KEY (write_uid) REFERENCES public.res_users(id) ON DELETE SET NULL
digest_tip_res_users_rel,digest_tip_id,digest_tip,digest_tip_res_users_rel_digest_tip_id_fkey,FOREIGN KEY (digest_tip_id) REFERENCES public.digest_tip(id) ON DELETE CASCADE
digest_tip_res_users_rel,res_users_id,res_users,digest_tip_res_users_rel_res_users_id_fkey,FOREIGN KEY (res_users_id) REFERENCES public.res_users(id) ON DELETE CASCADE
discuss_call_history,channel_id,discuss_channel,discuss_call_history_channel_id_fkey,FOREIGN KEY (channel_id) REFERENCES public.discuss_channel(id) ON DELETE CASCADE
discuss_call_history,start_call_message_id,mail_message,discuss_call_history_start_call_message_id_fkey,FOREIGN KEY (start_call_message_id) REFERENCES public.mail_message(id) ON DELETE SET NULL
discuss_call_history,create_uid,res_users,discuss_call_history_create_uid_fkey,FOREIGN KEY (create_uid) REFERENCES public.res_users(id) ON DELETE SET NULL
discuss_call_history,write_uid,res_users,discuss_call_history_write_uid_fkey,FOREIGN KEY (write_uid) REFERENCES public.res_users(id) ON DELETE SET NULL
discuss_call_history_im_livechat_channel_member_history_rel,discuss_call_history_id,discuss_call_history,discuss_call_history_im_livechat_c_discuss_call_history_id_fkey,FOREIGN KEY (discuss_call_history_id) REFERENCES public.discuss_call_history(id) ON DELETE CASCADE
discuss_call_history_im_livechat_channel_member_history_rel,im_livechat_channel_member_history_id,im_livechat_channel_member_history,discuss_call_history_im_livec_im_livechat_channel_member_h_fkey,FOREIGN KEY (im_livechat_channel_member_history_id) REFERENCES public.im_livechat_channel_member_history(id) ON DELETE CASCADE
discuss_channel,ai_agent_id,ai_agent,discuss_channel_ai_agent_id_fkey,FOREIGN KEY (ai_agent_id) REFERENCES public.ai_agent(id) ON DELETE SET NULL
discuss_channel,chatbot_current_step_id,chatbot_script_step,discuss_channel_chatbot_current_step_id_fkey,FOREIGN KEY (chatbot_current_step_id) REFERENCES public.chatbot_script_step(id) ON DELETE SET NULL
discuss_channel,parent_channel_id,discuss_channel,discuss_channel_parent_channel_id_fkey,FOREIGN KEY (parent_channel_id) REFERENCES public.discuss_channel(id) ON DELETE CASCADE
discuss_channel,livechat_channel_id,im_livechat_channel,discuss_channel_livechat_channel_id_fkey,FOREIGN KEY (livechat_channel_id) REFERENCES public.im_livechat_channel(id) ON DELETE SET NULL
discuss_channel,livechat_agent_providing_help_history,im_livechat_channel_member_history,discuss_channel_livechat_agent_providing_help_history_fkey,FOREIGN KEY (livechat_agent_providing_help_history) REFERENCES public.im_livechat_channel_member_history(id) ON DELETE SET NULL
discuss_channel,livechat_agent_requesting_help_history,im_livechat_channel_member_history,discuss_channel_livechat_agent_requesting_help_history_fkey,FOREIGN KEY (livechat_agent_requesting_help_history) REFERENCES public.im_livechat_channel_member_history(id) ON DELETE SET NULL
discuss_channel,from_message_id,mail_message,discuss_channel_from_message_id_fkey,FOREIGN KEY (from_message_id) REFERENCES public.mail_message(id) ON DELETE SET NULL
discuss_channel,country_id,res_country,discuss_channel_country_id_fkey,FOREIGN KEY (country_id) REFERENCES public.res_country(id) ON DELETE SET NULL
discuss_channel,group_public_id,res_groups,discuss_channel_group_public_id_fkey,FOREIGN KEY (group_public_id) REFERENCES public.res_groups(id) ON DELETE SET NULL
discuss_channel,livechat_lang_id,res_lang,discuss_channel_livechat_lang_id_fkey,FOREIGN KEY (livechat_lang_id) REFERENCES public.res_lang(id) ON DELETE SET NULL
discuss_channel,livechat_operator_id,res_partner,discuss_channel_livechat_operator_id_fkey,FOREIGN KEY (livechat_operator_id) REFERENCES public.res_partner(id) ON DELETE SET NULL
discuss_channel,create_uid,res_users,discuss_channel_create_uid_fkey,FOREIGN KEY (create_uid) REFERENCES public.res_users(id) ON DELETE SET NULL
discuss_channel,write_uid,res_users,discuss_channel_write_uid_fkey,FOREIGN KEY (write_uid) REFERENCES public.res_users(id) ON DELETE SET NULL
discuss_channel,livechat_visitor_id,website_visitor,discuss_channel_livechat_visitor_id_fkey,FOREIGN KEY (livechat_visitor_id) REFERENCES public.website_visitor(id) ON DELETE SET NULL
discuss_channel_hr_department_rel,discuss_channel_id,discuss_channel,discuss_channel_hr_department_rel_discuss_channel_id_fkey,FOREIGN KEY (discuss_channel_id) REFERENCES public.discuss_channel(id) ON DELETE CASCADE
discuss_channel_hr_department_rel,hr_department_id,hr_department,discuss_channel_hr_department_rel_hr_department_id_fkey,FOREIGN KEY (hr_department_id) REFERENCES public.hr_department(id) ON DELETE CASCADE
discuss_channel_im_livechat_expertise_rel,discuss_channel_id,discuss_channel,discuss_channel_im_livechat_expertise_r_discuss_channel_id_fkey,FOREIGN KEY (discuss_channel_id) REFERENCES public.discuss_channel(id) ON DELETE CASCADE
discuss_channel_im_livechat_expertise_rel,im_livechat_expertise_id,im_livechat_expertise,discuss_channel_im_livechat_exper_im_livechat_expertise_id_fkey,FOREIGN KEY (im_livechat_expertise_id) REFERENCES public.im_livechat_expertise(id) ON DELETE CASCADE
discuss_channel_member,channel_id,discuss_channel,discuss_channel_member_channel_id_fkey,FOREIGN KEY (channel_id) REFERENCES public.discuss_channel(id) ON DELETE CASCADE
discuss_channel_member,rtc_inviting_session_id,discuss_channel_rtc_session,discuss_channel_member_rtc_inviting_session_id_fkey,FOREIGN KEY (rtc_inviting_session_id) REFERENCES public.discuss_channel_rtc_session(id) ON DELETE SET NULL
discuss_channel_member,guest_id,mail_guest,discuss_channel_member_guest_id_fkey,FOREIGN KEY (guest_id) REFERENCES public.mail_guest(id) ON DELETE CASCADE
discuss_channel_member,fetched_message_id,mail_message,discuss_channel_member_fetched_message_id_fkey,FOREIGN KEY (fetched_message_id) REFERENCES public.mail_message(id) ON DELETE SET NULL
discuss_channel_member,seen_message_id,mail_message,discuss_channel_member_seen_message_id_fkey,FOREIGN KEY (seen_message_id) REFERENCES public.mail_message(id) ON DELETE SET NULL
discuss_channel_member,partner_id,res_partner,discuss_channel_member_partner_id_fkey,FOREIGN KEY (partner_id) REFERENCES public.res_partner(id) ON DELETE CASCADE
discuss_channel_member,create_uid,res_users,discuss_channel_member_create_uid_fkey,FOREIGN KEY (create_uid) REFERENCES public.res_users(id) ON DELETE SET NULL
discuss_channel_member,write_uid,res_users,discuss_channel_member_write_uid_fkey,FOREIGN KEY (write_uid) REFERENCES public.res_users(id) ON DELETE SET NULL
discuss_channel_res_groups_rel,discuss_channel_id,discuss_channel,discuss_channel_res_groups_rel_discuss_channel_id_fkey,FOREIGN KEY (discuss_channel_id) REFERENCES public.discuss_channel(id) ON DELETE CASCADE
discuss_channel_res_groups_rel,res_groups_id,res_groups,discuss_channel_res_groups_rel_res_groups_id_fkey,FOREIGN KEY (res_groups_id) REFERENCES public.res_groups(id) ON DELETE CASCADE
discuss_channel_rtc_session,channel_id,discuss_channel,discuss_channel_rtc_session_channel_id_fkey,FOREIGN KEY (channel_id) REFERENCES public.discuss_channel(id) ON DELETE SET NULL
discuss_channel_rtc_session,channel_member_id,discuss_channel_member,discuss_channel_rtc_session_channel_member_id_fkey,FOREIGN KEY (channel_member_id) REFERENCES public.discuss_channel_member(id) ON DELETE CASCADE
discuss_channel_rtc_session,partner_id,res_partner,discuss_channel_rtc_session_partner_id_fkey,FOREIGN KEY (partner_id) REFERENCES public.res_partner(id) ON DELETE SET NULL
discuss_channel_rtc_session,create_uid,res_users,discuss_channel_rtc_session_create_uid_fkey,FOREIGN KEY (create_uid) REFERENCES public.res_users(id) ON DELETE SET NULL
discuss_channel_rtc_session,write_uid,res_users,discuss_channel_rtc_session_write_uid_fkey,FOREIGN KEY (write_uid) REFERENCES public.res_users(id) ON DELETE SET NULL
discuss_gif_favorite,create_uid,res_users,discuss_gif_favorite_create_uid_fkey,FOREIGN KEY (create_uid) REFERENCES public.res_users(id) ON DELETE SET NULL
discuss_gif_favorite,write_uid,res_users,discuss_gif_favorite_write_uid_fkey,FOREIGN KEY (write_uid) REFERENCES public.res_users(id) ON DELETE SET NULL
discuss_voice_metadata,attachment_id,ir_attachment,discuss_voice_metadata_attachment_id_fkey,FOREIGN KEY (attachment_id) REFERENCES public.ir_attachment(id) ON DELETE CASCADE
discuss_voice_metadata,create_uid,res_users,discuss_voice_metadata_create_uid_fkey,FOREIGN KEY (create_uid) REFERENCES public.res_users(id) ON DELETE SET NULL
discuss_voice_metadata,write_uid,res_users,discuss_voice_metadata_write_uid_fkey,FOREIGN KEY (write_uid) REFERENCES public.res_users(id) ON DELETE SET NULL
display_device_id_select_printer,iot_device_id,iot_device,display_device_id_select_printer_iot_device_id_fkey,FOREIGN KEY (iot_device_id) REFERENCES public.iot_device(id) ON DELETE CASCADE
display_device_id_select_printer,select_printers_wizard_id,select_printers_wizard,display_device_id_select_printer_select_printers_wizard_id_fkey,FOREIGN KEY (select_printers_wizard_id) REFERENCES public.select_printers_wizard(id) ON DELETE CASCADE
dms_acc_rep_export_wizard_format_rel,account_reports_export_wizard_id,account_reports_export_wizard,dms_acc_rep_export_wizard_for_account_reports_export_wizar_fkey,FOREIGN KEY (account_reports_export_wizard_id) REFERENCES public.account_reports_export_wizard(id) ON DELETE CASCADE
dms_acc_rep_export_wizard_format_rel,account_reports_export_wizard_format_id,account_reports_export_wizard_format,dms_acc_rep_export_wizard_fo_account_reports_export_wizar_fkey1,FOREIGN KEY (account_reports_export_wizard_format_id) REFERENCES public.account_reports_export_wizard_format(id) ON DELETE CASCADE
dock_location_stock_picking_type_rel,stock_location_id,stock_location,dock_location_stock_picking_type_rel_stock_location_id_fkey,FOREIGN KEY (stock_location_id) REFERENCES public.stock_location(id) ON DELETE CASCADE
dock_location_stock_picking_type_rel,stock_picking_type_id,stock_picking_type,dock_location_stock_picking_type_rel_stock_picking_type_id_fkey,FOREIGN KEY (stock_picking_type_id) REFERENCES public.stock_picking_type(id) ON DELETE CASCADE
document_alias_tag_rel,documents_document_id,documents_document,document_alias_tag_rel_documents_document_id_fkey,FOREIGN KEY (documents_document_id) REFERENCES public.documents_document(id) ON DELETE CASCADE
document_alias_tag_rel,documents_tag_id,documents_tag,document_alias_tag_rel_documents_tag_id_fkey,FOREIGN KEY (documents_tag_id) REFERENCES public.documents_tag(id) ON DELETE CASCADE
document_tag_rel,documents_document_id,documents_document,document_tag_rel_documents_document_id_fkey,FOREIGN KEY (documents_document_id) REFERENCES public.documents_document(id) ON DELETE CASCADE
document_tag_rel,documents_tag_id,documents_tag,document_tag_rel_documents_tag_id_fkey,FOREIGN KEY (documents_tag_id) REFERENCES public.documents_tag(id) ON DELETE CASCADE
documents_access,document_id,documents_document,documents_access_document_id_fkey,FOREIGN KEY (document_id) REFERENCES public.documents_document(id) ON DELETE CASCADE
documents_access,partner_id,res_partner,documents_access_partner_id_fkey,FOREIGN KEY (partner_id) REFERENCES public.res_partner(id) ON DELETE CASCADE
documents_access_tracking,user_id,res_users,documents_access_tracking_user_id_fkey,FOREIGN KEY (user_id) REFERENCES public.res_users(id) ON DELETE SET NULL
documents_account_folder_setting,journal_id,account_journal,documents_account_folder_setting_journal_id_fkey,FOREIGN KEY (journal_id) REFERENCES public.account_journal(id) ON DELETE CASCADE
documents_account_folder_setting,folder_id,documents_document,documents_account_folder_setting_folder_id_fkey,FOREIGN KEY (folder_id) REFERENCES public.documents_document(id) ON DELETE RESTRICT
documents_account_folder_setting,company_id,res_company,documents_account_folder_setting_company_id_fkey,FOREIGN KEY (company_id) REFERENCES public.res_company(id) ON DELETE CASCADE
documents_account_folder_setting,create_uid,res_users,documents_account_folder_setting_create_uid_fkey,FOREIGN KEY (create_uid) REFERENCES public.res_users(id) ON DELETE SET NULL
documents_account_folder_setting,write_uid,res_users,documents_account_folder_setting_write_uid_fkey,FOREIGN KEY (write_uid) REFERENCES public.res_users(id) ON DELETE SET NULL
documents_account_folder_setting_documents_tag_rel,documents_account_folder_setting_id,documents_account_folder_setting,documents_account_folder_sett_documents_account_folder_set_fkey,FOREIGN KEY (documents_account_folder_setting_id) REFERENCES public.documents_account_folder_setting(id) ON DELETE CASCADE
documents_account_folder_setting_documents_tag_rel,documents_tag_id,documents_tag,documents_account_folder_setting_document_documents_tag_id_fkey,FOREIGN KEY (documents_tag_id) REFERENCES public.documents_tag(id) ON DELETE CASCADE
documents_document,folder_id,documents_document,documents_document_folder_id_fkey,FOREIGN KEY (folder_id) REFERENCES public.documents_document(id) ON DELETE SET NULL
documents_document,shortcut_document_id,documents_document,documents_document_shortcut_document_id_fkey,FOREIGN KEY (shortcut_document_id) REFERENCES public.documents_document(id) ON DELETE CASCADE
documents_document,attachment_id,ir_attachment,documents_document_attachment_id_fkey,FOREIGN KEY (attachment_id) REFERENCES public.ir_attachment(id) ON DELETE CASCADE
documents_document,request_activity_id,mail_activity,documents_document_request_activity_id_fkey,FOREIGN KEY (request_activity_id) REFERENCES public.mail_activity(id) ON DELETE SET NULL
documents_document,create_activity_type_id,mail_activity_type,documents_document_create_activity_type_id_fkey,FOREIGN KEY (create_activity_type_id) REFERENCES public.mail_activity_type(id) ON DELETE SET NULL
documents_document,alias_id,mail_alias,documents_document_alias_id_fkey,FOREIGN KEY (alias_id) REFERENCES public.mail_alias(id) ON DELETE RESTRICT
documents_document,company_id,res_company,documents_document_company_id_fkey,FOREIGN KEY (company_id) REFERENCES public.res_company(id) ON DELETE SET NULL
documents_document,partner_id,res_partner,documents_document_partner_id_fkey,FOREIGN KEY (partner_id) REFERENCES public.res_partner(id) ON DELETE SET NULL
documents_document,requestee_partner_id,res_partner,documents_document_requestee_partner_id_fkey,FOREIGN KEY (requestee_partner_id) REFERENCES public.res_partner(id) ON DELETE SET NULL
documents_document,create_activity_user_id,res_users,documents_document_create_activity_user_id_fkey,FOREIGN KEY (create_activity_user_id) REFERENCES public.res_users(id) ON DELETE SET NULL
documents_document,create_uid,res_users,documents_document_create_uid_fkey,FOREIGN KEY (create_uid) REFERENCES public.res_users(id) ON DELETE SET NULL
documents_document,lock_uid,res_users,documents_document_lock_uid_fkey,FOREIGN KEY (lock_uid) REFERENCES public.res_users(id) ON DELETE SET NULL
documents_document,owner_id,res_users,documents_document_owner_id_fkey,FOREIGN KEY (owner_id) REFERENCES public.res_users(id) ON DELETE SET NULL
documents_document,shortcut_document_owner_id,res_users,documents_document_shortcut_document_owner_id_fkey,FOREIGN KEY (shortcut_document_owner_id) REFERENCES public.res_users(id) ON DELETE SET NULL
documents_document,write_uid,res_users,documents_document_write_uid_fkey,FOREIGN KEY (write_uid) REFERENCES public.res_users(id) ON DELETE SET NULL
documents_document,website_id,website,documents_document_website_id_fkey,FOREIGN KEY (website_id) REFERENCES public.website(id) ON DELETE SET NULL
documents_document_documents_link_to_record_wizard_rel,documents_document_id,documents_document,documents_document_documents_link_to_documents_document_id_fkey,FOREIGN KEY (documents_document_id) REFERENCES public.documents_document(id) ON DELETE CASCADE
documents_document_documents_link_to_record_wizard_rel,documents_link_to_record_wizard_id,documents_link_to_record_wizard,documents_document_documents__documents_link_to_record_wiz_fkey,FOREIGN KEY (documents_link_to_record_wizard_id) REFERENCES public.documents_link_to_record_wizard(id) ON DELETE CASCADE
documents_document_documents_operation_rel,documents_document_id,documents_document,documents_document_documents_operati_documents_document_id_fkey,FOREIGN KEY (documents_document_id) REFERENCES public.documents_document(id) ON DELETE CASCADE
documents_document_documents_operation_rel,documents_operation_id,documents_operation,documents_document_documents_operat_documents_operation_id_fkey,FOREIGN KEY (documents_operation_id) REFERENCES public.documents_operation(id) ON DELETE CASCADE
documents_document_documents_sharing_rel,documents_document_id,documents_document,documents_document_documents_sharing_documents_document_id_fkey,FOREIGN KEY (documents_document_id) REFERENCES public.documents_document(id) ON DELETE CASCADE
documents_document_documents_sharing_rel,documents_sharing_id,documents_sharing,documents_document_documents_sharing__documents_sharing_id_fkey,FOREIGN KEY (documents_sharing_id) REFERENCES public.documents_sharing(id) ON DELETE CASCADE
documents_document_ir_attachment_rel,documents_document_id,documents_document,documents_document_ir_attachment_rel_documents_document_id_fkey,FOREIGN KEY (documents_document_id) REFERENCES public.documents_document(id) ON DELETE CASCADE
documents_document_ir_attachment_rel,ir_attachment_id,ir_attachment,documents_document_ir_attachment_rel_ir_attachment_id_fkey,FOREIGN KEY (ir_attachment_id) REFERENCES public.ir_attachment(id) ON DELETE CASCADE
documents_document_res_users_rel,documents_document_id,documents_document,documents_document_res_users_rel_documents_document_id_fkey,FOREIGN KEY (documents_document_id) REFERENCES public.documents_document(id) ON DELETE CASCADE
documents_document_res_users_rel,res_users_id,res_users,documents_document_res_users_rel_res_users_id_fkey,FOREIGN KEY (res_users_id) REFERENCES public.res_users(id) ON DELETE CASCADE
documents_fleet_tags_table,documents_tag_id,documents_tag,documents_fleet_tags_table_documents_tag_id_fkey,FOREIGN KEY (documents_tag_id) REFERENCES public.documents_tag(id) ON DELETE CASCADE
documents_fleet_tags_table,res_company_id,res_company,documents_fleet_tags_table_res_company_id_fkey,FOREIGN KEY (res_company_id) REFERENCES public.res_company(id) ON DELETE CASCADE
documents_hr_contracts_tags_table,documents_tag_id,documents_tag,documents_hr_contracts_tags_table_documents_tag_id_fkey,FOREIGN KEY (documents_tag_id) REFERENCES public.documents_tag(id) ON DELETE CASCADE
documents_hr_contracts_tags_table,res_company_id,res_company,documents_hr_contracts_tags_table_res_company_id_fkey,FOREIGN KEY (res_company_id) REFERENCES public.res_company(id) ON DELETE CASCADE
documents_link_to_record_wizard,model_id,ir_model,documents_link_to_record_wizard_model_id_fkey,FOREIGN KEY (model_id) REFERENCES public.ir_model(id) ON DELETE SET NULL
documents_link_to_record_wizard,create_uid,res_users,documents_link_to_record_wizard_create_uid_fkey,FOREIGN KEY (create_uid) REFERENCES public.res_users(id) ON DELETE SET NULL
documents_link_to_record_wizard,write_uid,res_users,documents_link_to_record_wizard_write_uid_fkey,FOREIGN KEY (write_uid) REFERENCES public.res_users(id) ON DELETE SET NULL
documents_operation,attachment_id,ir_attachment,documents_operation_attachment_id_fkey,FOREIGN KEY (attachment_id) REFERENCES public.ir_attachment(id) ON DELETE SET NULL
documents_operation,create_uid,res_users,documents_operation_create_uid_fkey,FOREIGN KEY (create_uid) REFERENCES public.res_users(id) ON DELETE SET NULL
documents_operation,write_uid,res_users,documents_operation_write_uid_fkey,FOREIGN KEY (write_uid) REFERENCES public.res_users(id) ON DELETE SET NULL
documents_redirect,document_id,documents_document,documents_redirect_document_id_fkey,FOREIGN KEY (document_id) REFERENCES public.documents_document(id) ON DELETE CASCADE
documents_redirect,employee_id,hr_employee,documents_redirect_employee_id_fkey,FOREIGN KEY (employee_id) REFERENCES public.hr_employee(id) ON DELETE SET NULL
documents_request_wizard,folder_id,documents_document,documents_request_wizard_folder_id_fkey,FOREIGN KEY (folder_id) REFERENCES public.documents_document(id) ON DELETE SET NULL
documents_request_wizard,activity_type_id,mail_activity_type,documents_request_wizard_activity_type_id_fkey,FOREIGN KEY (activity_type_id) REFERENCES public.mail_activity_type(id) ON DELETE CASCADE
documents_request_wizard,partner_id,res_partner,documents_request_wizard_partner_id_fkey,FOREIGN KEY (partner_id) REFERENCES public.res_partner(id) ON DELETE SET NULL
documents_request_wizard,requestee_id,res_partner,documents_request_wizard_requestee_id_fkey,FOREIGN KEY (requestee_id) REFERENCES public.res_partner(id) ON DELETE CASCADE
documents_request_wizard,create_uid,res_users,documents_request_wizard_create_uid_fkey,FOREIGN KEY (create_uid) REFERENCES public.res_users(id) ON DELETE SET NULL
documents_request_wizard,write_uid,res_users,documents_request_wizard_write_uid_fkey,FOREIGN KEY (write_uid) REFERENCES public.res_users(id) ON DELETE SET NULL
documents_request_wizard_documents_tag_rel,documents_request_wizard_id,documents_request_wizard,documents_request_wizard_docum_documents_request_wizard_id_fkey,FOREIGN KEY (documents_request_wizard_id) REFERENCES public.documents_request_wizard(id) ON DELETE CASCADE
documents_request_wizard_documents_tag_rel,documents_tag_id,documents_tag,documents_request_wizard_documents_tag_re_documents_tag_id_fkey,FOREIGN KEY (documents_tag_id) REFERENCES public.documents_tag(id) ON DELETE CASCADE
documents_sharing,create_uid,res_users,documents_sharing_create_uid_fkey,FOREIGN KEY (create_uid) REFERENCES public.res_users(id) ON DELETE SET NULL
documents_sharing,write_uid,res_users,documents_sharing_write_uid_fkey,FOREIGN KEY (write_uid) REFERENCES public.res_users(id) ON DELETE SET NULL
documents_sharing_access,documents_sharing_id,documents_sharing,documents_sharing_access_documents_sharing_id_fkey,FOREIGN KEY (documents_sharing_id) REFERENCES public.documents_sharing(id) ON DELETE CASCADE
documents_sharing_access,partner_id,res_partner,documents_sharing_access_partner_id_fkey,FOREIGN KEY (partner_id) REFERENCES public.res_partner(id) ON DELETE CASCADE
documents_sharing_access,create_uid,res_users,documents_sharing_access_create_uid_fkey,FOREIGN KEY (create_uid) REFERENCES public.res_users(id) ON DELETE SET NULL
documents_sharing_access,write_uid,res_users,documents_sharing_access_write_uid_fkey,FOREIGN KEY (write_uid) REFERENCES public.res_users(id) ON DELETE SET NULL
documents_sharing_res_partner_rel,documents_sharing_id,documents_sharing,documents_sharing_res_partner_rel_documents_sharing_id_fkey,FOREIGN KEY (documents_sharing_id) REFERENCES public.documents_sharing(id) ON DELETE CASCADE
documents_sharing_res_partner_rel,res_partner_id,res_partner,documents_sharing_res_partner_rel_res_partner_id_fkey,FOREIGN KEY (res_partner_id) REFERENCES public.res_partner(id) ON DELETE CASCADE
documents_tag,create_uid,res_users,documents_tag_create_uid_fkey,FOREIGN KEY (create_uid) REFERENCES public.res_users(id) ON DELETE SET NULL
documents_tag,write_uid,res_users,documents_tag_write_uid_fkey,FOREIGN KEY (write_uid) REFERENCES public.res_users(id) ON DELETE SET NULL
documents_tag_mail_activity_type_rel,documents_tag_id,documents_tag,documents_tag_mail_activity_type_rel_documents_tag_id_fkey,FOREIGN KEY (documents_tag_id) REFERENCES public.documents_tag(id) ON DELETE CASCADE
documents_tag_mail_activity_type_rel,mail_activity_type_id,mail_activity_type,documents_tag_mail_activity_type_rel_mail_activity_type_id_fkey,FOREIGN KEY (mail_activity_type_id) REFERENCES public.mail_activity_type(id) ON DELETE CASCADE
documents_tag_sign_template_rel,documents_tag_id,documents_tag,documents_tag_sign_template_rel_documents_tag_id_fkey,FOREIGN KEY (documents_tag_id) REFERENCES public.documents_tag(id) ON DELETE CASCADE
documents_tag_sign_template_rel,sign_template_id,sign_template,documents_tag_sign_template_rel_sign_template_id_fkey,FOREIGN KEY (sign_template_id) REFERENCES public.sign_template(id) ON DELETE CASCADE
dropbox_auth_code,create_uid,res_users,dropbox_auth_code_create_uid_fkey,FOREIGN KEY (create_uid) REFERENCES public.res_users(id) ON DELETE SET NULL
dropbox_auth_code,write_uid,res_users,dropbox_auth_code_write_uid_fkey,FOREIGN KEY (write_uid) REFERENCES public.res_users(id) ON DELETE SET NULL
email_template_attachment_rel,attachment_id,ir_attachment,email_template_attachment_rel_attachment_id_fkey,FOREIGN KEY (attachment_id) REFERENCES public.ir_attachment(id) ON DELETE CASCADE
email_template_attachment_rel,email_template_id,mail_template,email_template_attachment_rel_email_template_id_fkey,FOREIGN KEY (email_template_id) REFERENCES public.mail_template(id) ON DELETE CASCADE
employee_bank_account_rel,employee_id,hr_employee,employee_bank_account_rel_employee_id_fkey,FOREIGN KEY (employee_id) REFERENCES public.hr_employee(id) ON DELETE CASCADE
employee_bank_account_rel,bank_account_id,res_partner_bank,employee_bank_account_rel_bank_account_id_fkey,FOREIGN KEY (bank_account_id) REFERENCES public.res_partner_bank(id) ON DELETE CASCADE
employee_category_rel,employee_id,hr_employee,employee_category_rel_employee_id_fkey,FOREIGN KEY (employee_id) REFERENCES public.hr_employee(id) ON DELETE CASCADE
employee_category_rel,category_id,hr_employee_category,employee_category_rel_category_id_fkey,FOREIGN KEY (category_id) REFERENCES public.hr_employee_category(id) ON DELETE CASCADE
employee_commuting_emissions_wizard,create_uid,res_users,employee_commuting_emissions_wizard_create_uid_fkey,FOREIGN KEY (create_uid) REFERENCES public.res_users(id) ON DELETE SET NULL
employee_commuting_emissions_wizard,write_uid,res_users,employee_commuting_emissions_wizard_write_uid_fkey,FOREIGN KEY (write_uid) REFERENCES public.res_users(id) ON DELETE SET NULL
employees,hr_appraisal_campaign_wizard_id,hr_appraisal_campaign_wizard,employees_hr_appraisal_campaign_wizard_id_fkey,FOREIGN KEY (hr_appraisal_campaign_wizard_id) REFERENCES public.hr_appraisal_campaign_wizard(id) ON DELETE CASCADE
employees,hr_employee_id,hr_employee,employees_hr_employee_id_fkey,FOREIGN KEY (hr_employee_id) REFERENCES public.hr_employee(id) ON DELETE CASCADE
equity_security_class,create_uid,res_users,equity_security_class_create_uid_fkey,FOREIGN KEY (create_uid) REFERENCES public.res_users(id) ON DELETE SET NULL
equity_security_class,write_uid,res_users,equity_security_class_write_uid_fkey,FOREIGN KEY (write_uid) REFERENCES public.res_users(id) ON DELETE SET NULL
equity_transaction,destination_class_id,equity_security_class,equity_transaction_destination_class_id_fkey,FOREIGN KEY (destination_class_id) REFERENCES public.equity_security_class(id) ON DELETE SET NULL
equity_transaction,security_class_id,equity_security_class,equity_transaction_security_class_id_fkey,FOREIGN KEY (security_class_id) REFERENCES public.equity_security_class(id) ON DELETE RESTRICT
equity_transaction,partner_id,res_partner,equity_transaction_partner_id_fkey,FOREIGN KEY (partner_id) REFERENCES public.res_partner(id) ON DELETE RESTRICT
equity_transaction,seller_id,res_partner,equity_transaction_seller_id_fkey,FOREIGN KEY (seller_id) REFERENCES public.res_partner(id) ON DELETE SET NULL
equity_transaction,subscriber_id,res_partner,equity_transaction_subscriber_id_fkey,FOREIGN KEY (subscriber_id) REFERENCES public.res_partner(id) ON DELETE SET NULL
equity_transaction,create_uid,res_users,equity_transaction_create_uid_fkey,FOREIGN KEY (create_uid) REFERENCES public.res_users(id) ON DELETE SET NULL
equity_transaction,write_uid,res_users,equity_transaction_write_uid_fkey,FOREIGN KEY (write_uid) REFERENCES public.res_users(id) ON DELETE SET NULL
equity_ubo,holder_id,res_partner,equity_ubo_holder_id_fkey,FOREIGN KEY (holder_id) REFERENCES public.res_partner(id) ON DELETE RESTRICT
equity_ubo,partner_id,res_partner,equity_ubo_partner_id_fkey,FOREIGN KEY (partner_id) REFERENCES public.res_partner(id) ON DELETE RESTRICT
equity_ubo,create_uid,res_users,equity_ubo_create_uid_fkey,FOREIGN KEY (create_uid) REFERENCES public.res_users(id) ON DELETE SET NULL
equity_ubo,write_uid,res_users,equity_ubo_write_uid_fkey,FOREIGN KEY (write_uid) REFERENCES public.res_users(id) ON DELETE SET NULL
equity_valuation,partner_id,res_partner,equity_valuation_partner_id_fkey,FOREIGN KEY (partner_id) REFERENCES public.res_partner(id) ON DELETE RESTRICT
equity_valuation,create_uid,res_users,equity_valuation_create_uid_fkey,FOREIGN KEY (create_uid) REFERENCES public.res_users(id) ON DELETE SET NULL
equity_valuation,write_uid,res_users,equity_valuation_write_uid_fkey,FOREIGN KEY (write_uid) REFERENCES public.res_users(id) ON DELETE SET NULL
esg_activity_type,create_uid,res_users,esg_activity_type_create_uid_fkey,FOREIGN KEY (create_uid) REFERENCES public.res_users(id) ON DELETE SET NULL
esg_activity_type,write_uid,res_users,esg_activity_type_write_uid_fkey,FOREIGN KEY (write_uid) REFERENCES public.res_users(id) ON DELETE SET NULL
esg_activity_type_esg_emission_factor_rel,esg_activity_type_id,esg_activity_type,esg_activity_type_esg_emission_factor_esg_activity_type_id_fkey,FOREIGN KEY (esg_activity_type_id) REFERENCES public.esg_activity_type(id) ON DELETE CASCADE
esg_activity_type_esg_emission_factor_rel,esg_emission_factor_id,esg_emission_factor,esg_activity_type_esg_emission_fact_esg_emission_factor_id_fkey,FOREIGN KEY (esg_emission_factor_id) REFERENCES public.esg_emission_factor(id) ON DELETE CASCADE
esg_assignation_line,account_id,account_account,esg_assignation_line_account_id_fkey,FOREIGN KEY (account_id) REFERENCES public.account_account(id) ON DELETE SET NULL
esg_assignation_line,esg_emission_factor_id,esg_emission_factor,esg_assignation_line_esg_emission_factor_id_fkey,FOREIGN KEY (esg_emission_factor_id) REFERENCES public.esg_emission_factor(id) ON DELETE SET NULL
esg_assignation_line,product_id,product_product,esg_assignation_line_product_id_fkey,FOREIGN KEY (product_id) REFERENCES public.product_product(id) ON DELETE SET NULL
esg_assignation_line,partner_id,res_partner,esg_assignation_line_partner_id_fkey,FOREIGN KEY (partner_id) REFERENCES public.res_partner(id) ON DELETE SET NULL
esg_assignation_line,create_uid,res_users,esg_assignation_line_create_uid_fkey,FOREIGN KEY (create_uid) REFERENCES public.res_users(id) ON DELETE SET NULL
esg_assignation_line,write_uid,res_users,esg_assignation_line_write_uid_fkey,FOREIGN KEY (write_uid) REFERENCES public.res_users(id) ON DELETE SET NULL
esg_database,create_uid,res_users,esg_database_create_uid_fkey,FOREIGN KEY (create_uid) REFERENCES public.res_users(id) ON DELETE SET NULL
esg_database,write_uid,res_users,esg_database_write_uid_fkey,FOREIGN KEY (write_uid) REFERENCES public.res_users(id) ON DELETE SET NULL
esg_emission_factor,database_id,esg_database,esg_emission_factor_database_id_fkey,FOREIGN KEY (database_id) REFERENCES public.esg_database(id) ON DELETE SET NULL
esg_emission_factor,source_id,esg_emission_source,esg_emission_factor_source_id_fkey,FOREIGN KEY (source_id) REFERENCES public.esg_emission_source(id) ON DELETE RESTRICT
esg_emission_factor,company_id,res_company,esg_emission_factor_company_id_fkey,FOREIGN KEY (company_id) REFERENCES public.res_company(id) ON DELETE SET NULL
esg_emission_factor,currency_id,res_currency,esg_emission_factor_currency_id_fkey,FOREIGN KEY (currency_id) REFERENCES public.res_currency(id) ON DELETE SET NULL
esg_emission_factor,create_uid,res_users,esg_emission_factor_create_uid_fkey,FOREIGN KEY (create_uid) REFERENCES public.res_users(id) ON DELETE SET NULL
esg_emission_factor,write_uid,res_users,esg_emission_factor_write_uid_fkey,FOREIGN KEY (write_uid) REFERENCES public.res_users(id) ON DELETE SET NULL
esg_emission_factor,uom_id,uom_uom,esg_emission_factor_uom_id_fkey,FOREIGN KEY (uom_id) REFERENCES public.uom_uom(id) ON DELETE SET NULL
esg_emission_factor_line,activity_type_id,esg_activity_type,esg_emission_factor_line_activity_type_id_fkey,FOREIGN KEY (activity_type_id) REFERENCES public.esg_activity_type(id) ON DELETE SET NULL
esg_emission_factor_line,esg_emission_factor_id,esg_emission_factor,esg_emission_factor_line_esg_emission_factor_id_fkey,FOREIGN KEY (esg_emission_factor_id) REFERENCES public.esg_emission_factor(id) ON DELETE SET NULL
esg_emission_factor_line,gas_id,esg_gas,esg_emission_factor_line_gas_id_fkey,FOREIGN KEY (gas_id) REFERENCES public.esg_gas(id) ON DELETE RESTRICT
esg_emission_factor_line,create_uid,res_users,esg_emission_factor_line_create_uid_fkey,FOREIGN KEY (create_uid) REFERENCES public.res_users(id) ON DELETE SET NULL
esg_emission_factor_line,write_uid,res_users,esg_emission_factor_line_write_uid_fkey,FOREIGN KEY (write_uid) REFERENCES public.res_users(id) ON DELETE SET NULL
esg_emission_source,parent_id,esg_emission_source,esg_emission_source_parent_id_fkey,FOREIGN KEY (parent_id) REFERENCES public.esg_emission_source(id) ON DELETE SET NULL
esg_emission_source,create_uid,res_users,esg_emission_source_create_uid_fkey,FOREIGN KEY (create_uid) REFERENCES public.res_users(id) ON DELETE SET NULL
esg_emission_source,write_uid,res_users,esg_emission_source_write_uid_fkey,FOREIGN KEY (write_uid) REFERENCES public.res_users(id) ON DELETE SET NULL
esg_gas,create_uid,res_users,esg_gas_create_uid_fkey,FOREIGN KEY (create_uid) REFERENCES public.res_users(id) ON DELETE SET NULL
esg_gas,write_uid,res_users,esg_gas_write_uid_fkey,FOREIGN KEY (write_uid) REFERENCES public.res_users(id) ON DELETE SET NULL
esg_other_emission,esg_emission_factor_id,esg_emission_factor,esg_other_emission_esg_emission_factor_id_fkey,FOREIGN KEY (esg_emission_factor_id) REFERENCES public.esg_emission_factor(id) ON DELETE RESTRICT
esg_other_emission,company_id,res_company,esg_other_emission_company_id_fkey,FOREIGN KEY (company_id) REFERENCES public.res_company(id) ON DELETE RESTRICT
esg_other_emission,currency_id,res_currency,esg_other_emission_currency_id_fkey,FOREIGN KEY (currency_id) REFERENCES public.res_currency(id) ON DELETE SET NULL
esg_other_emission,create_uid,res_users,esg_other_emission_create_uid_fkey,FOREIGN KEY (create_uid) REFERENCES public.res_users(id) ON DELETE SET NULL
esg_other_emission,write_uid,res_users,esg_other_emission_write_uid_fkey,FOREIGN KEY (write_uid) REFERENCES public.res_users(id) ON DELETE SET NULL
esg_other_emission,uom_id,uom_uom,esg_other_emission_uom_id_fkey,FOREIGN KEY (uom_id) REFERENCES public.uom_uom(id) ON DELETE SET NULL
expense_sample_receipt,create_uid,res_users,expense_sample_receipt_create_uid_fkey,FOREIGN KEY (create_uid) REFERENCES public.res_users(id) ON DELETE SET NULL
expense_sample_receipt,write_uid,res_users,expense_sample_receipt_write_uid_fkey,FOREIGN KEY (write_uid) REFERENCES public.res_users(id) ON DELETE SET NULL
expense_tax,tax_id,account_tax,expense_tax_tax_id_fkey,FOREIGN KEY (tax_id) REFERENCES public.account_tax(id) ON DELETE CASCADE
expense_tax,expense_id,hr_expense,expense_tax_expense_id_fkey,FOREIGN KEY (expense_id) REFERENCES public.hr_expense(id) ON DELETE CASCADE
expiry_picking_confirmation,workorder_id,mrp_workorder,expiry_picking_confirmation_workorder_id_fkey,FOREIGN KEY (workorder_id) REFERENCES public.mrp_workorder(id) ON DELETE SET NULL
expiry_picking_confirmation,create_uid,res_users,expiry_picking_confirmation_create_uid_fkey,FOREIGN KEY (create_uid) REFERENCES public.res_users(id) ON DELETE SET NULL
expiry_picking_confirmation,write_uid,res_users,expiry_picking_confirmation_write_uid_fkey,FOREIGN KEY (write_uid) REFERENCES public.res_users(id) ON DELETE SET NULL
expiry_picking_confirmation_mrp_production_rel,expiry_picking_confirmation_id,expiry_picking_confirmation,expiry_picking_confirmation_m_expiry_picking_confirmation__fkey,FOREIGN KEY (expiry_picking_confirmation_id) REFERENCES public.expiry_picking_confirmation(id) ON DELETE CASCADE
expiry_picking_confirmation_mrp_production_rel,mrp_production_id,mrp_production,expiry_picking_confirmation_mrp_producti_mrp_production_id_fkey,FOREIGN KEY (mrp_production_id) REFERENCES public.mrp_production(id) ON DELETE CASCADE
expiry_picking_confirmation_stock_lot_rel,expiry_picking_confirmation_id,expiry_picking_confirmation,expiry_picking_confirmation_s_expiry_picking_confirmation__fkey,FOREIGN KEY (expiry_picking_confirmation_id) REFERENCES public.expiry_picking_confirmation(id) ON DELETE CASCADE
expiry_picking_confirmation_stock_lot_rel,stock_lot_id,stock_lot,expiry_picking_confirmation_stock_lot_rel_stock_lot_id_fkey,FOREIGN KEY (stock_lot_id) REFERENCES public.stock_lot(id) ON DELETE CASCADE
expiry_picking_confirmation_stock_picking_rel,expiry_picking_confirmation_id,expiry_picking_confirmation,expiry_picking_confirmation__expiry_picking_confirmation__fkey1,FOREIGN KEY (expiry_picking_confirmation_id) REFERENCES public.expiry_picking_confirmation(id) ON DELETE CASCADE
expiry_picking_confirmation_stock_picking_rel,stock_picking_id,stock_picking,expiry_picking_confirmation_stock_picking_stock_picking_id_fkey,FOREIGN KEY (stock_picking_id) REFERENCES public.stock_picking(id) ON DELETE CASCADE
export_bom_wizard,create_uid,res_users,export_bom_wizard_create_uid_fkey,FOREIGN KEY (create_uid) REFERENCES public.res_users(id) ON DELETE SET NULL
export_bom_wizard,write_uid,res_users,export_bom_wizard_write_uid_fkey,FOREIGN KEY (write_uid) REFERENCES public.res_users(id) ON DELETE SET NULL
export_purchase_order_wizard,create_uid,res_users,export_purchase_order_wizard_create_uid_fkey,FOREIGN KEY (create_uid) REFERENCES public.res_users(id) ON DELETE SET NULL
export_purchase_order_wizard,write_uid,res_users,export_purchase_order_wizard_write_uid_fkey,FOREIGN KEY (write_uid) REFERENCES public.res_users(id) ON DELETE SET NULL
export_sale_order_wizard,create_uid,res_users,export_sale_order_wizard_create_uid_fkey,FOREIGN KEY (create_uid) REFERENCES public.res_users(id) ON DELETE SET NULL
export_sale_order_wizard,write_uid,res_users,export_sale_order_wizard_write_uid_fkey,FOREIGN KEY (write_uid) REFERENCES public.res_users(id) ON DELETE SET NULL
export_wiz_document_tag_rel,account_reports_export_wizard_id,account_reports_export_wizard,export_wiz_document_tag_rel_account_reports_export_wizard__fkey,FOREIGN KEY (account_reports_export_wizard_id) REFERENCES public.account_reports_export_wizard(id) ON DELETE CASCADE
export_wiz_document_tag_rel,documents_tag_id,documents_tag,export_wiz_document_tag_rel_documents_tag_id_fkey,FOREIGN KEY (documents_tag_id) REFERENCES public.documents_tag(id) ON DELETE CASCADE
factors_auto_assignment_wizard,create_uid,res_users,factors_auto_assignment_wizard_create_uid_fkey,FOREIGN KEY (create_uid) REFERENCES public.res_users(id) ON DELETE SET NULL
factors_auto_assignment_wizard,write_uid,res_users,factors_auto_assignment_wizard_write_uid_fkey,FOREIGN KEY (write_uid) REFERENCES public.res_users(id) ON DELETE SET NULL
fetchmail_server,object_id,ir_model,fetchmail_server_object_id_fkey,FOREIGN KEY (object_id) REFERENCES public.ir_model(id) ON DELETE SET NULL
fetchmail_server,create_uid,res_users,fetchmail_server_create_uid_fkey,FOREIGN KEY (create_uid) REFERENCES public.res_users(id) ON DELETE SET NULL
fetchmail_server,write_uid,res_users,fetchmail_server_write_uid_fkey,FOREIGN KEY (write_uid) REFERENCES public.res_users(id) ON DELETE SET NULL
fleet_disallowed_expenses_rate,vehicle_id,fleet_vehicle,fleet_disallowed_expenses_rate_vehicle_id_fkey,FOREIGN KEY (vehicle_id) REFERENCES public.fleet_vehicle(id) ON DELETE RESTRICT
fleet_disallowed_expenses_rate,create_uid,res_users,fleet_disallowed_expenses_rate_create_uid_fkey,FOREIGN KEY (create_uid) REFERENCES public.res_users(id) ON DELETE SET NULL
fleet_disallowed_expenses_rate,write_uid,res_users,fleet_disallowed_expenses_rate_write_uid_fkey,FOREIGN KEY (write_uid) REFERENCES public.res_users(id) ON DELETE SET NULL
fleet_service_type,create_uid,res_users,fleet_service_type_create_uid_fkey,FOREIGN KEY (create_uid) REFERENCES public.res_users(id) ON DELETE SET NULL
fleet_service_type,write_uid,res_users,fleet_service_type_write_uid_fkey,FOREIGN KEY (write_uid) REFERENCES public.res_users(id) ON DELETE SET NULL
fleet_service_type_fleet_vehicle_log_contract_rel,fleet_service_type_id,fleet_service_type,fleet_service_type_fleet_vehicle_log_fleet_service_type_id_fkey,FOREIGN KEY (fleet_service_type_id) REFERENCES public.fleet_service_type(id) ON DELETE CASCADE
fleet_service_type_fleet_vehicle_log_contract_rel,fleet_vehicle_log_contract_id,fleet_vehicle_log_contract,fleet_service_type_fleet_vehi_fleet_vehicle_log_contract_i_fkey,FOREIGN KEY (fleet_vehicle_log_contract_id) REFERENCES public.fleet_vehicle_log_contract(id) ON DELETE CASCADE
fleet_vehicle,model_id,fleet_vehicle_model,fleet_vehicle_model_id_fkey,FOREIGN KEY (model_id) REFERENCES public.fleet_vehicle_model(id) ON DELETE RESTRICT
fleet_vehicle,brand_id,fleet_vehicle_model_brand,fleet_vehicle_brand_id_fkey,FOREIGN KEY (brand_id) REFERENCES public.fleet_vehicle_model_brand(id) ON DELETE SET NULL
fleet_vehicle,category_id,fleet_vehicle_model_category,fleet_vehicle_category_id_fkey,FOREIGN KEY (category_id) REFERENCES public.fleet_vehicle_model_category(id) ON DELETE SET NULL
fleet_vehicle,state_id,fleet_vehicle_state,fleet_vehicle_state_id_fkey,FOREIGN KEY (state_id) REFERENCES public.fleet_vehicle_state(id) ON DELETE SET NULL
fleet_vehicle,driver_employee_id,hr_employee,fleet_vehicle_driver_employee_id_fkey,FOREIGN KEY (driver_employee_id) REFERENCES public.hr_employee(id) ON DELETE SET NULL
fleet_vehicle,future_driver_employee_id,hr_employee,fleet_vehicle_future_driver_employee_id_fkey,FOREIGN KEY (future_driver_employee_id) REFERENCES public.hr_employee(id) ON DELETE SET NULL
fleet_vehicle,company_id,res_company,fleet_vehicle_company_id_fkey,FOREIGN KEY (company_id) REFERENCES public.res_company(id) ON DELETE SET NULL
fleet_vehicle,driver_id,res_partner,fleet_vehicle_driver_id_fkey,FOREIGN KEY (driver_id) REFERENCES public.res_partner(id) ON DELETE SET NULL
fleet_vehicle,future_driver_id,res_partner,fleet_vehicle_future_driver_id_fkey,FOREIGN KEY (future_driver_id) REFERENCES public.res_partner(id) ON DELETE SET NULL
fleet_vehicle,create_uid,res_users,fleet_vehicle_create_uid_fkey,FOREIGN KEY (create_uid) REFERENCES public.res_users(id) ON DELETE SET NULL
fleet_vehicle,manager_id,res_users,fleet_vehicle_manager_id_fkey,FOREIGN KEY (manager_id) REFERENCES public.res_users(id) ON DELETE SET NULL
fleet_vehicle,write_uid,res_users,fleet_vehicle_write_uid_fkey,FOREIGN KEY (write_uid) REFERENCES public.res_users(id) ON DELETE SET NULL
fleet_vehicle_assignation_log,vehicle_id,fleet_vehicle,fleet_vehicle_assignation_log_vehicle_id_fkey,FOREIGN KEY (vehicle_id) REFERENCES public.fleet_vehicle(id) ON DELETE RESTRICT
fleet_vehicle_assignation_log,driver_employee_id,hr_employee,fleet_vehicle_assignation_log_driver_employee_id_fkey,FOREIGN KEY (driver_employee_id) REFERENCES public.hr_employee(id) ON DELETE SET NULL
fleet_vehicle_assignation_log,driver_id,res_partner,fleet_vehicle_assignation_log_driver_id_fkey,FOREIGN KEY (driver_id) REFERENCES public.res_partner(id) ON DELETE RESTRICT
fleet_vehicle_assignation_log,create_uid,res_users,fleet_vehicle_assignation_log_create_uid_fkey,FOREIGN KEY (create_uid) REFERENCES public.res_users(id) ON DELETE SET NULL
fleet_vehicle_assignation_log,write_uid,res_users,fleet_vehicle_assignation_log_write_uid_fkey,FOREIGN KEY (write_uid) REFERENCES public.res_users(id) ON DELETE SET NULL
fleet_vehicle_fleet_vehicle_send_mail_rel,fleet_vehicle_id,fleet_vehicle,fleet_vehicle_fleet_vehicle_send_mail_rel_fleet_vehicle_id_fkey,FOREIGN KEY (fleet_vehicle_id) REFERENCES public.fleet_vehicle(id) ON DELETE CASCADE
fleet_vehicle_fleet_vehicle_send_mail_rel,fleet_vehicle_send_mail_id,fleet_vehicle_send_mail,fleet_vehicle_fleet_vehicle_sen_fleet_vehicle_send_mail_id_fkey,FOREIGN KEY (fleet_vehicle_send_mail_id) REFERENCES public.fleet_vehicle_send_mail(id) ON DELETE CASCADE
fleet_vehicle_log_contract,cost_subtype_id,fleet_service_type,fleet_vehicle_log_contract_cost_subtype_id_fkey,FOREIGN KEY (cost_subtype_id) REFERENCES public.fleet_service_type(id) ON DELETE SET NULL
fleet_vehicle_log_contract,vehicle_id,fleet_vehicle,fleet_vehicle_log_contract_vehicle_id_fkey,FOREIGN KEY (vehicle_id) REFERENCES public.fleet_vehicle(id) ON DELETE RESTRICT
fleet_vehicle_log_contract,company_id,res_company,fleet_vehicle_log_contract_company_id_fkey,FOREIGN KEY (company_id) REFERENCES public.res_company(id) ON DELETE SET NULL
fleet_vehicle_log_contract,insurer_id,res_partner,fleet_vehicle_log_contract_insurer_id_fkey,FOREIGN KEY (insurer_id) REFERENCES public.res_partner(id) ON DELETE SET NULL
fleet_vehicle_log_contract,create_uid,res_users,fleet_vehicle_log_contract_create_uid_fkey,FOREIGN KEY (create_uid) REFERENCES public.res_users(id) ON DELETE SET NULL
fleet_vehicle_log_contract,user_id,res_users,fleet_vehicle_log_contract_user_id_fkey,FOREIGN KEY (user_id) REFERENCES public.res_users(id) ON DELETE SET NULL
fleet_vehicle_log_contract,write_uid,res_users,fleet_vehicle_log_contract_write_uid_fkey,FOREIGN KEY (write_uid) REFERENCES public.res_users(id) ON DELETE SET NULL
fleet_vehicle_log_services,account_move_line_id,account_move_line,fleet_vehicle_log_services_account_move_line_id_fkey,FOREIGN KEY (account_move_line_id) REFERENCES public.account_move_line(id) ON DELETE SET NULL
fleet_vehicle_log_services,service_type_id,fleet_service_type,fleet_vehicle_log_services_service_type_id_fkey,FOREIGN KEY (service_type_id) REFERENCES public.fleet_service_type(id) ON DELETE RESTRICT
fleet_vehicle_log_services,vehicle_id,fleet_vehicle,fleet_vehicle_log_services_vehicle_id_fkey,FOREIGN KEY (vehicle_id) REFERENCES public.fleet_vehicle(id) ON DELETE RESTRICT
fleet_vehicle_log_services,model_id,fleet_vehicle_model,fleet_vehicle_log_services_model_id_fkey,FOREIGN KEY (model_id) REFERENCES public.fleet_vehicle_model(id) ON DELETE SET NULL
fleet_vehicle_log_services,brand_id,fleet_vehicle_model_brand,fleet_vehicle_log_services_brand_id_fkey,FOREIGN KEY (brand_id) REFERENCES public.fleet_vehicle_model_brand(id) ON DELETE SET NULL
fleet_vehicle_log_services,odometer_id,fleet_vehicle_odometer,fleet_vehicle_log_services_odometer_id_fkey,FOREIGN KEY (odometer_id) REFERENCES public.fleet_vehicle_odometer(id) ON DELETE SET NULL
fleet_vehicle_log_services,purchaser_employee_id,hr_employee,fleet_vehicle_log_services_purchaser_employee_id_fkey,FOREIGN KEY (purchaser_employee_id) REFERENCES public.hr_employee(id) ON DELETE SET NULL
fleet_vehicle_log_services,company_id,res_company,fleet_vehicle_log_services_company_id_fkey,FOREIGN KEY (company_id) REFERENCES public.res_company(id) ON DELETE SET NULL
fleet_vehicle_log_services,purchaser_id,res_partner,fleet_vehicle_log_services_purchaser_id_fkey,FOREIGN KEY (purchaser_id) REFERENCES public.res_partner(id) ON DELETE SET NULL
fleet_vehicle_log_services,vendor_id,res_partner,fleet_vehicle_log_services_vendor_id_fkey,FOREIGN KEY (vendor_id) REFERENCES public.res_partner(id) ON DELETE SET NULL
fleet_vehicle_log_services,create_uid,res_users,fleet_vehicle_log_services_create_uid_fkey,FOREIGN KEY (create_uid) REFERENCES public.res_users(id) ON DELETE SET NULL
fleet_vehicle_log_services,manager_id,res_users,fleet_vehicle_log_services_manager_id_fkey,FOREIGN KEY (manager_id) REFERENCES public.res_users(id) ON DELETE SET NULL
fleet_vehicle_log_services,write_uid,res_users,fleet_vehicle_log_services_write_uid_fkey,FOREIGN KEY (write_uid) REFERENCES public.res_users(id) ON DELETE SET NULL
fleet_vehicle_mail_compose_message_ir_attachments_rel,wizard_id,fleet_vehicle_send_mail,fleet_vehicle_mail_compose_message_ir_attachment_wizard_id_fkey,FOREIGN KEY (wizard_id) REFERENCES public.fleet_vehicle_send_mail(id) ON DELETE CASCADE
fleet_vehicle_mail_compose_message_ir_attachments_rel,attachment_id,ir_attachment,fleet_vehicle_mail_compose_message_ir_attach_attachment_id_fkey,FOREIGN KEY (attachment_id) REFERENCES public.ir_attachment(id) ON DELETE CASCADE
fleet_vehicle_model,brand_id,fleet_vehicle_model_brand,fleet_vehicle_model_brand_id_fkey,FOREIGN KEY (brand_id) REFERENCES public.fleet_vehicle_model_brand(id) ON DELETE RESTRICT
fleet_vehicle_model,category_id,fleet_vehicle_model_category,fleet_vehicle_model_category_id_fkey,FOREIGN KEY (category_id) REFERENCES public.fleet_vehicle_model_category(id) ON DELETE SET NULL
fleet_vehicle_model,create_uid,res_users,fleet_vehicle_model_create_uid_fkey,FOREIGN KEY (create_uid) REFERENCES public.res_users(id) ON DELETE SET NULL
fleet_vehicle_model,write_uid,res_users,fleet_vehicle_model_write_uid_fkey,FOREIGN KEY (write_uid) REFERENCES public.res_users(id) ON DELETE SET NULL
fleet_vehicle_model_brand,create_uid,res_users,fleet_vehicle_model_brand_create_uid_fkey,FOREIGN KEY (create_uid) REFERENCES public.res_users(id) ON DELETE SET NULL
fleet_vehicle_model_brand,write_uid,res_users,fleet_vehicle_model_brand_write_uid_fkey,FOREIGN KEY (write_uid) REFERENCES public.res_users(id) ON DELETE SET NULL
fleet_vehicle_model_category,create_uid,res_users,fleet_vehicle_model_category_create_uid_fkey,FOREIGN KEY (create_uid) REFERENCES public.res_users(id) ON DELETE SET NULL
fleet_vehicle_model_category,write_uid,res_users,fleet_vehicle_model_category_write_uid_fkey,FOREIGN KEY (write_uid) REFERENCES public.res_users(id) ON DELETE SET NULL
fleet_vehicle_model_vendors,model_id,fleet_vehicle_model,fleet_vehicle_model_vendors_model_id_fkey,FOREIGN KEY (model_id) REFERENCES public.fleet_vehicle_model(id) ON DELETE CASCADE
fleet_vehicle_model_vendors,partner_id,res_partner,fleet_vehicle_model_vendors_partner_id_fkey,FOREIGN KEY (partner_id) REFERENCES public.res_partner(id) ON DELETE CASCADE
fleet_vehicle_odometer,vehicle_id,fleet_vehicle,fleet_vehicle_odometer_vehicle_id_fkey,FOREIGN KEY (vehicle_id) REFERENCES public.fleet_vehicle(id) ON DELETE RESTRICT
fleet_vehicle_odometer,driver_id,res_partner,fleet_vehicle_odometer_driver_id_fkey,FOREIGN KEY (driver_id) REFERENCES public.res_partner(id) ON DELETE SET NULL
fleet_vehicle_odometer,create_uid,res_users,fleet_vehicle_odometer_create_uid_fkey,FOREIGN KEY (create_uid) REFERENCES public.res_users(id) ON DELETE SET NULL
fleet_vehicle_odometer,write_uid,res_users,fleet_vehicle_odometer_write_uid_fkey,FOREIGN KEY (write_uid) REFERENCES public.res_users(id) ON DELETE SET NULL
fleet_vehicle_send_mail,template_id,mail_template,fleet_vehicle_send_mail_template_id_fkey,FOREIGN KEY (template_id) REFERENCES public.mail_template(id) ON DELETE SET NULL
fleet_vehicle_send_mail,author_id,res_partner,fleet_vehicle_send_mail_author_id_fkey,FOREIGN KEY (author_id) REFERENCES public.res_partner(id) ON DELETE CASCADE
fleet_vehicle_send_mail,create_uid,res_users,fleet_vehicle_send_mail_create_uid_fkey,FOREIGN KEY (create_uid) REFERENCES public.res_users(id) ON DELETE SET NULL
fleet_vehicle_send_mail,write_uid,res_users,fleet_vehicle_send_mail_write_uid_fkey,FOREIGN KEY (write_uid) REFERENCES public.res_users(id) ON DELETE SET NULL
fleet_vehicle_state,create_uid,res_users,fleet_vehicle_state_create_uid_fkey,FOREIGN KEY (create_uid) REFERENCES public.res_users(id) ON DELETE SET NULL
fleet_vehicle_state,write_uid,res_users,fleet_vehicle_state_write_uid_fkey,FOREIGN KEY (write_uid) REFERENCES public.res_users(id) ON DELETE SET NULL
fleet_vehicle_tag,create_uid,res_users,fleet_vehicle_tag_create_uid_fkey,FOREIGN KEY (create_uid) REFERENCES public.res_users(id) ON DELETE SET NULL
fleet_vehicle_tag,write_uid,res_users,fleet_vehicle_tag_write_uid_fkey,FOREIGN KEY (write_uid) REFERENCES public.res_users(id) ON DELETE SET NULL
fleet_vehicle_vehicle_tag_rel,vehicle_tag_id,fleet_vehicle,fleet_vehicle_vehicle_tag_rel_vehicle_tag_id_fkey,FOREIGN KEY (vehicle_tag_id) REFERENCES public.fleet_vehicle(id) ON DELETE CASCADE
fleet_vehicle_vehicle_tag_rel,tag_id,fleet_vehicle_tag,fleet_vehicle_vehicle_tag_rel_tag_id_fkey,FOREIGN KEY (tag_id) REFERENCES public.fleet_vehicle_tag(id) ON DELETE CASCADE
frontdesk_drink,create_uid,res_users,frontdesk_drink_create_uid_fkey,FOREIGN KEY (create_uid) REFERENCES public.res_users(id) ON DELETE SET NULL
frontdesk_drink,write_uid,res_users,frontdesk_drink_write_uid_fkey,FOREIGN KEY (write_uid) REFERENCES public.res_users(id) ON DELETE SET NULL
frontdesk_drink_frontdesk_frontdesk_rel,frontdesk_drink_id,frontdesk_drink,frontdesk_drink_frontdesk_frontdesk_rel_frontdesk_drink_id_fkey,FOREIGN KEY (frontdesk_drink_id) REFERENCES public.frontdesk_drink(id) ON DELETE CASCADE
frontdesk_drink_frontdesk_frontdesk_rel,frontdesk_frontdesk_id,frontdesk_frontdesk,frontdesk_drink_frontdesk_frontdesk_frontdesk_frontdesk_id_fkey,FOREIGN KEY (frontdesk_frontdesk_id) REFERENCES public.frontdesk_frontdesk(id) ON DELETE CASCADE
frontdesk_drink_frontdesk_visitor_rel,frontdesk_drink_id,frontdesk_drink,frontdesk_drink_frontdesk_visitor_rel_frontdesk_drink_id_fkey,FOREIGN KEY (frontdesk_drink_id) REFERENCES public.frontdesk_drink(id) ON DELETE CASCADE
frontdesk_drink_frontdesk_visitor_rel,frontdesk_visitor_id,frontdesk_visitor,frontdesk_drink_frontdesk_visitor_rel_frontdesk_visitor_id_fkey,FOREIGN KEY (frontdesk_visitor_id) REFERENCES public.frontdesk_visitor(id) ON DELETE CASCADE
frontdesk_drink_res_users_rel,frontdesk_drink_id,frontdesk_drink,frontdesk_drink_res_users_rel_frontdesk_drink_id_fkey,FOREIGN KEY (frontdesk_drink_id) REFERENCES public.frontdesk_drink(id) ON DELETE CASCADE
frontdesk_drink_res_users_rel,res_users_id,res_users,frontdesk_drink_res_users_rel_res_users_id_fkey,FOREIGN KEY (res_users_id) REFERENCES public.res_users(id) ON DELETE CASCADE
frontdesk_frontdesk,company_id,res_company,frontdesk_frontdesk_company_id_fkey,FOREIGN KEY (company_id) REFERENCES public.res_company(id) ON DELETE RESTRICT
frontdesk_frontdesk,create_uid,res_users,frontdesk_frontdesk_create_uid_fkey,FOREIGN KEY (create_uid) REFERENCES public.res_users(id) ON DELETE SET NULL
frontdesk_frontdesk,write_uid,res_users,frontdesk_frontdesk_write_uid_fkey,FOREIGN KEY (write_uid) REFERENCES public.res_users(id) ON DELETE SET NULL
frontdesk_frontdesk,sms_template_id,sms_template,frontdesk_frontdesk_sms_template_id_fkey,FOREIGN KEY (sms_template_id) REFERENCES public.sms_template(id) ON DELETE SET NULL
frontdesk_frontdesk_hr_employee_rel,frontdesk_frontdesk_id,frontdesk_frontdesk,frontdesk_frontdesk_hr_employee_rel_frontdesk_frontdesk_id_fkey,FOREIGN KEY (frontdesk_frontdesk_id) REFERENCES public.frontdesk_frontdesk(id) ON DELETE CASCADE
frontdesk_frontdesk_hr_employee_rel,hr_employee_id,hr_employee,frontdesk_frontdesk_hr_employee_rel_hr_employee_id_fkey,FOREIGN KEY (hr_employee_id) REFERENCES public.hr_employee(id) ON DELETE CASCADE
frontdesk_frontdesk_res_users_rel,frontdesk_frontdesk_id,frontdesk_frontdesk,frontdesk_frontdesk_res_users_rel_frontdesk_frontdesk_id_fkey,FOREIGN KEY (frontdesk_frontdesk_id) REFERENCES public.frontdesk_frontdesk(id) ON DELETE CASCADE
frontdesk_frontdesk_res_users_rel,res_users_id,res_users,frontdesk_frontdesk_res_users_rel_res_users_id_fkey,FOREIGN KEY (res_users_id) REFERENCES public.res_users(id) ON DELETE CASCADE
frontdesk_visitor,station_id,frontdesk_frontdesk,frontdesk_visitor_station_id_fkey,FOREIGN KEY (station_id) REFERENCES public.frontdesk_frontdesk(id) ON DELETE RESTRICT
frontdesk_visitor,company_id,res_company,frontdesk_visitor_company_id_fkey,FOREIGN KEY (company_id) REFERENCES public.res_company(id) ON DELETE RESTRICT
frontdesk_visitor,create_uid,res_users,frontdesk_visitor_create_uid_fkey,FOREIGN KEY (create_uid) REFERENCES public.res_users(id) ON DELETE SET NULL
frontdesk_visitor,write_uid,res_users,frontdesk_visitor_write_uid_fkey,FOREIGN KEY (write_uid) REFERENCES public.res_users(id) ON DELETE SET NULL
frontdesk_visitor_hr_employee_rel,frontdesk_visitor_id,frontdesk_visitor,frontdesk_visitor_hr_employee_rel_frontdesk_visitor_id_fkey,FOREIGN KEY (frontdesk_visitor_id) REFERENCES public.frontdesk_visitor(id) ON DELETE CASCADE
frontdesk_visitor_hr_employee_rel,hr_employee_id,hr_employee,frontdesk_visitor_hr_employee_rel_hr_employee_id_fkey,FOREIGN KEY (hr_employee_id) REFERENCES public.hr_employee(id) ON DELETE CASCADE
fsm_stock_tracking,product_id,product_product,fsm_stock_tracking_product_id_fkey,FOREIGN KEY (product_id) REFERENCES public.product_product(id) ON DELETE SET NULL
fsm_stock_tracking,task_id,project_task,fsm_stock_tracking_task_id_fkey,FOREIGN KEY (task_id) REFERENCES public.project_task(id) ON DELETE SET NULL
fsm_stock_tracking,company_id,res_company,fsm_stock_tracking_company_id_fkey,FOREIGN KEY (company_id) REFERENCES public.res_company(id) ON DELETE SET NULL
fsm_stock_tracking,create_uid,res_users,fsm_stock_tracking_create_uid_fkey,FOREIGN KEY (create_uid) REFERENCES public.res_users(id) ON DELETE SET NULL
fsm_stock_tracking,write_uid,res_users,fsm_stock_tracking_write_uid_fkey,FOREIGN KEY (write_uid) REFERENCES public.res_users(id) ON DELETE SET NULL
fsm_stock_tracking_line,wizard_tracking_line,fsm_stock_tracking,fsm_stock_tracking_line_wizard_tracking_line_fkey,FOREIGN KEY (wizard_tracking_line) REFERENCES public.fsm_stock_tracking(id) ON DELETE SET NULL
fsm_stock_tracking_line,wizard_tracking_line_validated,fsm_stock_tracking,fsm_stock_tracking_line_wizard_tracking_line_validated_fkey,FOREIGN KEY (wizard_tracking_line_validated) REFERENCES public.fsm_stock_tracking(id) ON DELETE SET NULL
fsm_stock_tracking_line,product_id,product_product,fsm_stock_tracking_line_product_id_fkey,FOREIGN KEY (product_id) REFERENCES public.product_product(id) ON DELETE SET NULL
fsm_stock_tracking_line,company_id,res_company,fsm_stock_tracking_line_company_id_fkey,FOREIGN KEY (company_id) REFERENCES public.res_company(id) ON DELETE SET NULL
fsm_stock_tracking_line,create_uid,res_users,fsm_stock_tracking_line_create_uid_fkey,FOREIGN KEY (create_uid) REFERENCES public.res_users(id) ON DELETE SET NULL
fsm_stock_tracking_line,write_uid,res_users,fsm_stock_tracking_line_write_uid_fkey,FOREIGN KEY (write_uid) REFERENCES public.res_users(id) ON DELETE SET NULL
fsm_stock_tracking_line,sale_order_line_id,sale_order_line,fsm_stock_tracking_line_sale_order_line_id_fkey,FOREIGN KEY (sale_order_line_id) REFERENCES public.sale_order_line(id) ON DELETE SET NULL
fsm_stock_tracking_line,lot_id,stock_lot,fsm_stock_tracking_line_lot_id_fkey,FOREIGN KEY (lot_id) REFERENCES public.stock_lot(id) ON DELETE SET NULL
gamification_badge,create_uid,res_users,gamification_badge_create_uid_fkey,FOREIGN KEY (create_uid) REFERENCES public.res_users(id) ON DELETE SET NULL
gamification_badge,write_uid,res_users,gamification_badge_write_uid_fkey,FOREIGN KEY (write_uid) REFERENCES public.res_users(id) ON DELETE SET NULL
gamification_badge,survey_id,survey_survey,gamification_badge_survey_id_fkey,FOREIGN KEY (survey_id) REFERENCES public.survey_survey(id) ON DELETE SET NULL
gamification_badge_rule_badge_rel,badge1_id,gamification_badge,gamification_badge_rule_badge_rel_badge1_id_fkey,FOREIGN KEY (badge1_id) REFERENCES public.gamification_badge(id) ON DELETE CASCADE
gamification_badge_rule_badge_rel,badge2_id,gamification_badge,gamification_badge_rule_badge_rel_badge2_id_fkey,FOREIGN KEY (badge2_id) REFERENCES public.gamification_badge(id) ON DELETE CASCADE
gamification_badge_user,badge_id,gamification_badge,gamification_badge_user_badge_id_fkey,FOREIGN KEY (badge_id) REFERENCES public.gamification_badge(id) ON DELETE CASCADE
gamification_badge_user,challenge_id,gamification_challenge,gamification_badge_user_challenge_id_fkey,FOREIGN KEY (challenge_id) REFERENCES public.gamification_challenge(id) ON DELETE SET NULL
gamification_badge_user,employee_id,hr_employee,gamification_badge_user_employee_id_fkey,FOREIGN KEY (employee_id) REFERENCES public.hr_employee(id) ON DELETE SET NULL
gamification_badge_user,create_uid,res_users,gamification_badge_user_create_uid_fkey,FOREIGN KEY (create_uid) REFERENCES public.res_users(id) ON DELETE SET NULL
gamification_badge_user,sender_id,res_users,gamification_badge_user_sender_id_fkey,FOREIGN KEY (sender_id) REFERENCES public.res_users(id) ON DELETE SET NULL
gamification_badge_user,user_id,res_users,gamification_badge_user_user_id_fkey,FOREIGN KEY (user_id) REFERENCES public.res_users(id) ON DELETE CASCADE
gamification_badge_user,write_uid,res_users,gamification_badge_user_write_uid_fkey,FOREIGN KEY (write_uid) REFERENCES public.res_users(id) ON DELETE SET NULL
gamification_badge_user_wizard,badge_id,gamification_badge,gamification_badge_user_wizard_badge_id_fkey,FOREIGN KEY (badge_id) REFERENCES public.gamification_badge(id) ON DELETE CASCADE
gamification_badge_user_wizard,employee_id,hr_employee,gamification_badge_user_wizard_employee_id_fkey,FOREIGN KEY (employee_id) REFERENCES public.hr_employee(id) ON DELETE SET NULL
gamification_badge_user_wizard,create_uid,res_users,gamification_badge_user_wizard_create_uid_fkey,FOREIGN KEY (create_uid) REFERENCES public.res_users(id) ON DELETE SET NULL
gamification_badge_user_wizard,user_id,res_users,gamification_badge_user_wizard_user_id_fkey,FOREIGN KEY (user_id) REFERENCES public.res_users(id) ON DELETE CASCADE
gamification_badge_user_wizard,write_uid,res_users,gamification_badge_user_wizard_write_uid_fkey,FOREIGN KEY (write_uid) REFERENCES public.res_users(id) ON DELETE SET NULL
gamification_challenge,report_message_group_id,discuss_channel,gamification_challenge_report_message_group_id_fkey,FOREIGN KEY (report_message_group_id) REFERENCES public.discuss_channel(id) ON DELETE SET NULL
gamification_challenge,reward_first_id,gamification_badge,gamification_challenge_reward_first_id_fkey,FOREIGN KEY (reward_first_id) REFERENCES public.gamification_badge(id) ON DELETE SET NULL
gamification_challenge,reward_id,gamification_badge,gamification_challenge_reward_id_fkey,FOREIGN KEY (reward_id) REFERENCES public.gamification_badge(id) ON DELETE SET NULL
gamification_challenge,reward_second_id,gamification_badge,gamification_challenge_reward_second_id_fkey,FOREIGN KEY (reward_second_id) REFERENCES public.gamification_badge(id) ON DELETE SET NULL
gamification_challenge,reward_third_id,gamification_badge,gamification_challenge_reward_third_id_fkey,FOREIGN KEY (reward_third_id) REFERENCES public.gamification_badge(id) ON DELETE SET NULL
gamification_challenge,report_template_id,mail_template,gamification_challenge_report_template_id_fkey,FOREIGN KEY (report_template_id) REFERENCES public.mail_template(id) ON DELETE RESTRICT
gamification_challenge,create_uid,res_users,gamification_challenge_create_uid_fkey,FOREIGN KEY (create_uid) REFERENCES public.res_users(id) ON DELETE SET NULL
gamification_challenge,manager_id,res_users,gamification_challenge_manager_id_fkey,FOREIGN KEY (manager_id) REFERENCES public.res_users(id) ON DELETE SET NULL
gamification_challenge,write_uid,res_users,gamification_challenge_write_uid_fkey,FOREIGN KEY (write_uid) REFERENCES public.res_users(id) ON DELETE SET NULL
gamification_challenge_line,challenge_id,gamification_challenge,gamification_challenge_line_challenge_id_fkey,FOREIGN KEY (challenge_id) REFERENCES public.gamification_challenge(id) ON DELETE CASCADE
gamification_challenge_line,definition_id,gamification_goal_definition,gamification_challenge_line_definition_id_fkey,FOREIGN KEY (definition_id) REFERENCES public.gamification_goal_definition(id) ON DELETE CASCADE
gamification_challenge_line,create_uid,res_users,gamification_challenge_line_create_uid_fkey,FOREIGN KEY (create_uid) REFERENCES public.res_users(id) ON DELETE SET NULL
gamification_challenge_line,write_uid,res_users,gamification_challenge_line_write_uid_fkey,FOREIGN KEY (write_uid) REFERENCES public.res_users(id) ON DELETE SET NULL
gamification_challenge_users_rel,gamification_challenge_id,gamification_challenge,gamification_challenge_users_rel_gamification_challenge_id_fkey,FOREIGN KEY (gamification_challenge_id) REFERENCES public.gamification_challenge(id) ON DELETE CASCADE
gamification_challenge_users_rel,res_users_id,res_users,gamification_challenge_users_rel_res_users_id_fkey,FOREIGN KEY (res_users_id) REFERENCES public.res_users(id) ON DELETE CASCADE
gamification_goal,challenge_id,gamification_challenge,gamification_goal_challenge_id_fkey,FOREIGN KEY (challenge_id) REFERENCES public.gamification_challenge(id) ON DELETE SET NULL
gamification_goal,line_id,gamification_challenge_line,gamification_goal_line_id_fkey,FOREIGN KEY (line_id) REFERENCES public.gamification_challenge_line(id) ON DELETE CASCADE
gamification_goal,definition_id,gamification_goal_definition,gamification_goal_definition_id_fkey,FOREIGN KEY (definition_id) REFERENCES public.gamification_goal_definition(id) ON DELETE CASCADE
gamification_goal,create_uid,res_users,gamification_goal_create_uid_fkey,FOREIGN KEY (create_uid) REFERENCES public.res_users(id) ON DELETE SET NULL
gamification_goal,user_id,res_users,gamification_goal_user_id_fkey,FOREIGN KEY (user_id) REFERENCES public.res_users(id) ON DELETE CASCADE
gamification_goal,write_uid,res_users,gamification_goal_write_uid_fkey,FOREIGN KEY (write_uid) REFERENCES public.res_users(id) ON DELETE SET NULL
gamification_goal_definition,action_id,ir_act_window,gamification_goal_definition_action_id_fkey,FOREIGN KEY (action_id) REFERENCES public.ir_act_window(id) ON DELETE SET NULL
gamification_goal_definition,model_id,ir_model,gamification_goal_definition_model_id_fkey,FOREIGN KEY (model_id) REFERENCES public.ir_model(id) ON DELETE CASCADE
gamification_goal_definition,batch_distinctive_field,ir_model_fields,gamification_goal_definition_batch_distinctive_field_fkey,FOREIGN KEY (batch_distinctive_field) REFERENCES public.ir_model_fields(id) ON DELETE SET NULL
gamification_goal_definition,field_date_id,ir_model_fields,gamification_goal_definition_field_date_id_fkey,FOREIGN KEY (field_date_id) REFERENCES public.ir_model_fields(id) ON DELETE SET NULL
gamification_goal_definition,field_id,ir_model_fields,gamification_goal_definition_field_id_fkey,FOREIGN KEY (field_id) REFERENCES public.ir_model_fields(id) ON DELETE SET NULL
gamification_goal_definition,create_uid,res_users,gamification_goal_definition_create_uid_fkey,FOREIGN KEY (create_uid) REFERENCES public.res_users(id) ON DELETE SET NULL
gamification_goal_definition,write_uid,res_users,gamification_goal_definition_write_uid_fkey,FOREIGN KEY (write_uid) REFERENCES public.res_users(id) ON DELETE SET NULL
gamification_goal_wizard,goal_id,gamification_goal,gamification_goal_wizard_goal_id_fkey,FOREIGN KEY (goal_id) REFERENCES public.gamification_goal(id) ON DELETE CASCADE
gamification_goal_wizard,create_uid,res_users,gamification_goal_wizard_create_uid_fkey,FOREIGN KEY (create_uid) REFERENCES public.res_users(id) ON DELETE SET NULL
gamification_goal_wizard,write_uid,res_users,gamification_goal_wizard_write_uid_fkey,FOREIGN KEY (write_uid) REFERENCES public.res_users(id) ON DELETE SET NULL
gamification_invited_user_ids_rel,gamification_challenge_id,gamification_challenge,gamification_invited_user_ids_re_gamification_challenge_id_fkey,FOREIGN KEY (gamification_challenge_id) REFERENCES public.gamification_challenge(id) ON DELETE CASCADE
gamification_invited_user_ids_rel,res_users_id,res_users,gamification_invited_user_ids_rel_res_users_id_fkey,FOREIGN KEY (res_users_id) REFERENCES public.res_users(id) ON DELETE CASCADE
gamification_karma_rank,create_uid,res_users,gamification_karma_rank_create_uid_fkey,FOREIGN KEY (create_uid) REFERENCES public.res_users(id) ON DELETE SET NULL
gamification_karma_rank,write_uid,res_users,gamification_karma_rank_write_uid_fkey,FOREIGN KEY (write_uid) REFERENCES public.res_users(id) ON DELETE SET NULL
gamification_karma_tracking,create_uid,res_users,gamification_karma_tracking_create_uid_fkey,FOREIGN KEY (create_uid) REFERENCES public.res_users(id) ON DELETE SET NULL
gamification_karma_tracking,user_id,res_users,gamification_karma_tracking_user_id_fkey,FOREIGN KEY (user_id) REFERENCES public.res_users(id) ON DELETE CASCADE
gamification_karma_tracking,write_uid,res_users,gamification_karma_tracking_write_uid_fkey,FOREIGN KEY (write_uid) REFERENCES public.res_users(id) ON DELETE SET NULL
google_calendar_account_reset,create_uid,res_users,google_calendar_account_reset_create_uid_fkey,FOREIGN KEY (create_uid) REFERENCES public.res_users(id) ON DELETE SET NULL
google_calendar_account_reset,user_id,res_users,google_calendar_account_reset_user_id_fkey,FOREIGN KEY (user_id) REFERENCES public.res_users(id) ON DELETE CASCADE
google_calendar_account_reset,write_uid,res_users,google_calendar_account_reset_write_uid_fkey,FOREIGN KEY (write_uid) REFERENCES public.res_users(id) ON DELETE SET NULL
header_footer_quotation_template_rel,quotation_document_id,quotation_document,header_footer_quotation_template_rel_quotation_document_id_fkey,FOREIGN KEY (quotation_document_id) REFERENCES public.quotation_document(id) ON DELETE CASCADE
header_footer_quotation_template_rel,sale_order_template_id,sale_order_template,header_footer_quotation_template_re_sale_order_template_id_fkey,FOREIGN KEY (sale_order_template_id) REFERENCES public.sale_order_template(id) ON DELETE CASCADE
helpdesk_create_fsm_task,helpdesk_ticket_id,helpdesk_ticket,helpdesk_create_fsm_task_helpdesk_ticket_id_fkey,FOREIGN KEY (helpdesk_ticket_id) REFERENCES public.helpdesk_ticket(id) ON DELETE CASCADE
helpdesk_create_fsm_task,project_id,project_project,helpdesk_create_fsm_task_project_id_fkey,FOREIGN KEY (project_id) REFERENCES public.project_project(id) ON DELETE CASCADE
helpdesk_create_fsm_task,partner_id,res_partner,helpdesk_create_fsm_task_partner_id_fkey,FOREIGN KEY (partner_id) REFERENCES public.res_partner(id) ON DELETE CASCADE
helpdesk_create_fsm_task,create_uid,res_users,helpdesk_create_fsm_task_create_uid_fkey,FOREIGN KEY (create_uid) REFERENCES public.res_users(id) ON DELETE SET NULL
helpdesk_create_fsm_task,write_uid,res_users,helpdesk_create_fsm_task_write_uid_fkey,FOREIGN KEY (write_uid) REFERENCES public.res_users(id) ON DELETE SET NULL
helpdesk_create_fsm_task,worksheet_template_id,worksheet_template,helpdesk_create_fsm_task_worksheet_template_id_fkey,FOREIGN KEY (worksheet_template_id) REFERENCES public.worksheet_template(id) ON DELETE SET NULL
helpdesk_sla,stage_id,helpdesk_stage,helpdesk_sla_stage_id_fkey,FOREIGN KEY (stage_id) REFERENCES public.helpdesk_stage(id) ON DELETE SET NULL
helpdesk_sla,team_id,helpdesk_team,helpdesk_sla_team_id_fkey,FOREIGN KEY (team_id) REFERENCES public.helpdesk_team(id) ON DELETE RESTRICT
helpdesk_sla,company_id,res_company,helpdesk_sla_company_id_fkey,FOREIGN KEY (company_id) REFERENCES public.res_company(id) ON DELETE SET NULL
helpdesk_sla,create_uid,res_users,helpdesk_sla_create_uid_fkey,FOREIGN KEY (create_uid) REFERENCES public.res_users(id) ON DELETE SET NULL
helpdesk_sla,write_uid,res_users,helpdesk_sla_write_uid_fkey,FOREIGN KEY (write_uid) REFERENCES public.res_users(id) ON DELETE SET NULL
helpdesk_sla_helpdesk_stage_rel,helpdesk_sla_id,helpdesk_sla,helpdesk_sla_helpdesk_stage_rel_helpdesk_sla_id_fkey,FOREIGN KEY (helpdesk_sla_id) REFERENCES public.helpdesk_sla(id) ON DELETE CASCADE
helpdesk_sla_helpdesk_stage_rel,helpdesk_stage_id,helpdesk_stage,helpdesk_sla_helpdesk_stage_rel_helpdesk_stage_id_fkey,FOREIGN KEY (helpdesk_stage_id) REFERENCES public.helpdesk_stage(id) ON DELETE CASCADE
helpdesk_sla_helpdesk_tag_rel,helpdesk_sla_id,helpdesk_sla,helpdesk_sla_helpdesk_tag_rel_helpdesk_sla_id_fkey,FOREIGN KEY (helpdesk_sla_id) REFERENCES public.helpdesk_sla(id) ON DELETE CASCADE
helpdesk_sla_helpdesk_tag_rel,helpdesk_tag_id,helpdesk_tag,helpdesk_sla_helpdesk_tag_rel_helpdesk_tag_id_fkey,FOREIGN KEY (helpdesk_tag_id) REFERENCES public.helpdesk_tag(id) ON DELETE CASCADE
helpdesk_sla_res_partner_rel,helpdesk_sla_id,helpdesk_sla,helpdesk_sla_res_partner_rel_helpdesk_sla_id_fkey,FOREIGN KEY (helpdesk_sla_id) REFERENCES public.helpdesk_sla(id) ON DELETE CASCADE
helpdesk_sla_res_partner_rel,res_partner_id,res_partner,helpdesk_sla_res_partner_rel_res_partner_id_fkey,FOREIGN KEY (res_partner_id) REFERENCES public.res_partner(id) ON DELETE CASCADE
helpdesk_sla_status,sla_id,helpdesk_sla,helpdesk_sla_status_sla_id_fkey,FOREIGN KEY (sla_id) REFERENCES public.helpdesk_sla(id) ON DELETE CASCADE
helpdesk_sla_status,sla_stage_id,helpdesk_stage,helpdesk_sla_status_sla_stage_id_fkey,FOREIGN KEY (sla_stage_id) REFERENCES public.helpdesk_stage(id) ON DELETE SET NULL
helpdesk_sla_status,ticket_id,helpdesk_ticket,helpdesk_sla_status_ticket_id_fkey,FOREIGN KEY (ticket_id) REFERENCES public.helpdesk_ticket(id) ON DELETE CASCADE
helpdesk_sla_status,create_uid,res_users,helpdesk_sla_status_create_uid_fkey,FOREIGN KEY (create_uid) REFERENCES public.res_users(id) ON DELETE SET NULL
helpdesk_sla_status,write_uid,res_users,helpdesk_sla_status_write_uid_fkey,FOREIGN KEY (write_uid) REFERENCES public.res_users(id) ON DELETE SET NULL
helpdesk_stage,template_id,mail_template,helpdesk_stage_template_id_fkey,FOREIGN KEY (template_id) REFERENCES public.mail_template(id) ON DELETE SET NULL
helpdesk_stage,create_uid,res_users,helpdesk_stage_create_uid_fkey,FOREIGN KEY (create_uid) REFERENCES public.res_users(id) ON DELETE SET NULL
helpdesk_stage,write_uid,res_users,helpdesk_stage_write_uid_fkey,FOREIGN KEY (write_uid) REFERENCES public.res_users(id) ON DELETE SET NULL
helpdesk_stage,sms_template_id,sms_template,helpdesk_stage_sms_template_id_fkey,FOREIGN KEY (sms_template_id) REFERENCES public.sms_template(id) ON DELETE SET NULL
helpdesk_stage_delete_wizard,create_uid,res_users,helpdesk_stage_delete_wizard_create_uid_fkey,FOREIGN KEY (create_uid) REFERENCES public.res_users(id) ON DELETE SET NULL
helpdesk_stage_delete_wizard,write_uid,res_users,helpdesk_stage_delete_wizard_write_uid_fkey,FOREIGN KEY (write_uid) REFERENCES public.res_users(id) ON DELETE SET NULL
helpdesk_stage_delete_wizard_helpdesk_team_rel,helpdesk_stage_delete_wizard_id,helpdesk_stage_delete_wizard,helpdesk_stage_delete_wizard__helpdesk_stage_delete_wizard_fkey,FOREIGN KEY (helpdesk_stage_delete_wizard_id) REFERENCES public.helpdesk_stage_delete_wizard(id) ON DELETE CASCADE
helpdesk_stage_delete_wizard_helpdesk_team_rel,helpdesk_team_id,helpdesk_team,helpdesk_stage_delete_wizard_helpdesk_tea_helpdesk_team_id_fkey,FOREIGN KEY (helpdesk_team_id) REFERENCES public.helpdesk_team(id) ON DELETE CASCADE
helpdesk_stage_helpdesk_stage_delete_wizard_rel,helpdesk_stage_id,helpdesk_stage,helpdesk_stage_helpdesk_stage_delete_wiz_helpdesk_stage_id_fkey,FOREIGN KEY (helpdesk_stage_id) REFERENCES public.helpdesk_stage(id) ON DELETE CASCADE
helpdesk_stage_helpdesk_stage_delete_wizard_rel,helpdesk_stage_delete_wizard_id,helpdesk_stage_delete_wizard,helpdesk_stage_helpdesk_stage_helpdesk_stage_delete_wizard_fkey,FOREIGN KEY (helpdesk_stage_delete_wizard_id) REFERENCES public.helpdesk_stage_delete_wizard(id) ON DELETE CASCADE
helpdesk_tag,create_uid,res_users,helpdesk_tag_create_uid_fkey,FOREIGN KEY (create_uid) REFERENCES public.res_users(id) ON DELETE SET NULL
helpdesk_tag,write_uid,res_users,helpdesk_tag_write_uid_fkey,FOREIGN KEY (write_uid) REFERENCES public.res_users(id) ON DELETE SET NULL
helpdesk_tag_assignment,tag_id,helpdesk_tag,helpdesk_tag_assignment_tag_id_fkey,FOREIGN KEY (tag_id) REFERENCES public.helpdesk_tag(id) ON DELETE RESTRICT
helpdesk_tag_assignment,team_id,helpdesk_team,helpdesk_tag_assignment_team_id_fkey,FOREIGN KEY (team_id) REFERENCES public.helpdesk_team(id) ON DELETE SET NULL
helpdesk_tag_assignment,create_uid,res_users,helpdesk_tag_assignment_create_uid_fkey,FOREIGN KEY (create_uid) REFERENCES public.res_users(id) ON DELETE SET NULL
helpdesk_tag_assignment,write_uid,res_users,helpdesk_tag_assignment_write_uid_fkey,FOREIGN KEY (write_uid) REFERENCES public.res_users(id) ON DELETE SET NULL
helpdesk_tag_assignment_res_users_rel,helpdesk_tag_assignment_id,helpdesk_tag_assignment,helpdesk_tag_assignment_res_use_helpdesk_tag_assignment_id_fkey,FOREIGN KEY (helpdesk_tag_assignment_id) REFERENCES public.helpdesk_tag_assignment(id) ON DELETE CASCADE
helpdesk_tag_assignment_res_users_rel,res_users_id,res_users,helpdesk_tag_assignment_res_users_rel_res_users_id_fkey,FOREIGN KEY (res_users_id) REFERENCES public.res_users(id) ON DELETE CASCADE
helpdesk_tag_helpdesk_ticket_rel,helpdesk_tag_id,helpdesk_tag,helpdesk_tag_helpdesk_ticket_rel_helpdesk_tag_id_fkey,FOREIGN KEY (helpdesk_tag_id) REFERENCES public.helpdesk_tag(id) ON DELETE CASCADE
helpdesk_tag_helpdesk_ticket_rel,helpdesk_ticket_id,helpdesk_ticket,helpdesk_tag_helpdesk_ticket_rel_helpdesk_ticket_id_fkey,FOREIGN KEY (helpdesk_ticket_id) REFERENCES public.helpdesk_ticket(id) ON DELETE CASCADE
helpdesk_team,to_stage_id,helpdesk_stage,helpdesk_team_to_stage_id_fkey,FOREIGN KEY (to_stage_id) REFERENCES public.helpdesk_stage(id) ON DELETE SET NULL
helpdesk_team,website_form_view_id,ir_ui_view,helpdesk_team_website_form_view_id_fkey,FOREIGN KEY (website_form_view_id) REFERENCES public.ir_ui_view(id) ON DELETE SET NULL
helpdesk_team,alias_id,mail_alias,helpdesk_team_alias_id_fkey,FOREIGN KEY (alias_id) REFERENCES public.mail_alias(id) ON DELETE RESTRICT
helpdesk_team,fsm_project_id,project_project,helpdesk_team_fsm_project_id_fkey,FOREIGN KEY (fsm_project_id) REFERENCES public.project_project(id) ON DELETE SET NULL
helpdesk_team,company_id,res_company,helpdesk_team_company_id_fkey,FOREIGN KEY (company_id) REFERENCES public.res_company(id) ON DELETE RESTRICT
helpdesk_team,create_uid,res_users,helpdesk_team_create_uid_fkey,FOREIGN KEY (create_uid) REFERENCES public.res_users(id) ON DELETE SET NULL
helpdesk_team,write_uid,res_users,helpdesk_team_write_uid_fkey,FOREIGN KEY (write_uid) REFERENCES public.res_users(id) ON DELETE SET NULL
helpdesk_team,resource_calendar_id,resource_calendar,helpdesk_team_resource_calendar_id_fkey,FOREIGN KEY (resource_calendar_id) REFERENCES public.resource_calendar(id) ON DELETE SET NULL
helpdesk_team,website_id,website,helpdesk_team_website_id_fkey,FOREIGN KEY (website_id) REFERENCES public.website(id) ON DELETE SET NULL
helpdesk_team,website_menu_id,website_menu,helpdesk_team_website_menu_id_fkey,FOREIGN KEY (website_menu_id) REFERENCES public.website_menu(id) ON DELETE SET NULL
helpdesk_team_res_users_rel,helpdesk_team_id,helpdesk_team,helpdesk_team_res_users_rel_helpdesk_team_id_fkey,FOREIGN KEY (helpdesk_team_id) REFERENCES public.helpdesk_team(id) ON DELETE CASCADE
helpdesk_team_res_users_rel,res_users_id,res_users,helpdesk_team_res_users_rel_res_users_id_fkey,FOREIGN KEY (res_users_id) REFERENCES public.res_users(id) ON DELETE CASCADE
helpdesk_team_slide_channel_rel,helpdesk_team_id,helpdesk_team,helpdesk_team_slide_channel_rel_helpdesk_team_id_fkey,FOREIGN KEY (helpdesk_team_id) REFERENCES public.helpdesk_team(id) ON DELETE CASCADE
helpdesk_team_slide_channel_rel,slide_channel_id,slide_channel,helpdesk_team_slide_channel_rel_slide_channel_id_fkey,FOREIGN KEY (slide_channel_id) REFERENCES public.slide_channel(id) ON DELETE CASCADE
helpdesk_ticket,origin_channel_id,discuss_channel,helpdesk_ticket_origin_channel_id_fkey,FOREIGN KEY (origin_channel_id) REFERENCES public.discuss_channel(id) ON DELETE SET NULL
helpdesk_ticket,stage_id,helpdesk_stage,helpdesk_ticket_stage_id_fkey,FOREIGN KEY (stage_id) REFERENCES public.helpdesk_stage(id) ON DELETE RESTRICT
helpdesk_ticket,team_id,helpdesk_team,helpdesk_ticket_team_id_fkey,FOREIGN KEY (team_id) REFERENCES public.helpdesk_team(id) ON DELETE SET NULL
helpdesk_ticket,product_id,product_product,helpdesk_ticket_product_id_fkey,FOREIGN KEY (product_id) REFERENCES public.product_product(id) ON DELETE SET NULL
helpdesk_ticket,company_id,res_company,helpdesk_ticket_company_id_fkey,FOREIGN KEY (company_id) REFERENCES public.res_company(id) ON DELETE SET NULL
helpdesk_ticket,partner_id,res_partner,helpdesk_ticket_partner_id_fkey,FOREIGN KEY (partner_id) REFERENCES public.res_partner(id) ON DELETE SET NULL
helpdesk_ticket,create_uid,res_users,helpdesk_ticket_create_uid_fkey,FOREIGN KEY (create_uid) REFERENCES public.res_users(id) ON DELETE SET NULL
helpdesk_ticket,user_id,res_users,helpdesk_ticket_user_id_fkey,FOREIGN KEY (user_id) REFERENCES public.res_users(id) ON DELETE SET NULL
helpdesk_ticket,write_uid,res_users,helpdesk_ticket_write_uid_fkey,FOREIGN KEY (write_uid) REFERENCES public.res_users(id) ON DELETE SET NULL
helpdesk_ticket,sale_order_id,sale_order,helpdesk_ticket_sale_order_id_fkey,FOREIGN KEY (sale_order_id) REFERENCES public.sale_order(id) ON DELETE SET NULL
helpdesk_ticket,lot_id,stock_lot,helpdesk_ticket_lot_id_fkey,FOREIGN KEY (lot_id) REFERENCES public.stock_lot(id) ON DELETE SET NULL
helpdesk_ticket,campaign_id,utm_campaign,helpdesk_ticket_campaign_id_fkey,FOREIGN KEY (campaign_id) REFERENCES public.utm_campaign(id) ON DELETE SET NULL
helpdesk_ticket,medium_id,utm_medium,helpdesk_ticket_medium_id_fkey,FOREIGN KEY (medium_id) REFERENCES public.utm_medium(id) ON DELETE SET NULL
helpdesk_ticket,source_id,utm_source,helpdesk_ticket_source_id_fkey,FOREIGN KEY (source_id) REFERENCES public.utm_source(id) ON DELETE SET NULL
helpdesk_ticket_convert_wizard,project_id,project_project,helpdesk_ticket_convert_wizard_project_id_fkey,FOREIGN KEY (project_id) REFERENCES public.project_project(id) ON DELETE SET NULL
helpdesk_ticket_convert_wizard,stage_id,project_task_type,helpdesk_ticket_convert_wizard_stage_id_fkey,FOREIGN KEY (stage_id) REFERENCES public.project_task_type(id) ON DELETE CASCADE
helpdesk_ticket_convert_wizard,create_uid,res_users,helpdesk_ticket_convert_wizard_create_uid_fkey,FOREIGN KEY (create_uid) REFERENCES public.res_users(id) ON DELETE SET NULL
helpdesk_ticket_convert_wizard,write_uid,res_users,helpdesk_ticket_convert_wizard_write_uid_fkey,FOREIGN KEY (write_uid) REFERENCES public.res_users(id) ON DELETE SET NULL
helpdesk_ticket_stock_picking_rel,helpdesk_ticket_id,helpdesk_ticket,helpdesk_ticket_stock_picking_rel_helpdesk_ticket_id_fkey,FOREIGN KEY (helpdesk_ticket_id) REFERENCES public.helpdesk_ticket(id) ON DELETE CASCADE
helpdesk_ticket_stock_picking_rel,stock_picking_id,stock_picking,helpdesk_ticket_stock_picking_rel_stock_picking_id_fkey,FOREIGN KEY (stock_picking_id) REFERENCES public.stock_picking(id) ON DELETE CASCADE
helpdesk_ticket_to_lead,team_id,crm_team,helpdesk_ticket_to_lead_team_id_fkey,FOREIGN KEY (team_id) REFERENCES public.crm_team(id) ON DELETE SET NULL
helpdesk_ticket_to_lead,ticket_id,helpdesk_ticket,helpdesk_ticket_to_lead_ticket_id_fkey,FOREIGN KEY (ticket_id) REFERENCES public.helpdesk_ticket(id) ON DELETE CASCADE
helpdesk_ticket_to_lead,partner_id,res_partner,helpdesk_ticket_to_lead_partner_id_fkey,FOREIGN KEY (partner_id) REFERENCES public.res_partner(id) ON DELETE SET NULL
helpdesk_ticket_to_lead,create_uid,res_users,helpdesk_ticket_to_lead_create_uid_fkey,FOREIGN KEY (create_uid) REFERENCES public.res_users(id) ON DELETE SET NULL
helpdesk_ticket_to_lead,user_id,res_users,helpdesk_ticket_to_lead_user_id_fkey,FOREIGN KEY (user_id) REFERENCES public.res_users(id) ON DELETE SET NULL
helpdesk_ticket_to_lead,write_uid,res_users,helpdesk_ticket_to_lead_write_uid_fkey,FOREIGN KEY (write_uid) REFERENCES public.res_users(id) ON DELETE SET NULL
homework_location_wizard,employee_id,hr_employee,homework_location_wizard_employee_id_fkey,FOREIGN KEY (employee_id) REFERENCES public.hr_employee(id) ON DELETE CASCADE
homework_location_wizard,work_location_id,hr_work_location,homework_location_wizard_work_location_id_fkey,FOREIGN KEY (work_location_id) REFERENCES public.hr_work_location(id) ON DELETE CASCADE
homework_location_wizard,create_uid,res_users,homework_location_wizard_create_uid_fkey,FOREIGN KEY (create_uid) REFERENCES public.res_users(id) ON DELETE SET NULL
homework_location_wizard,write_uid,res_users,homework_location_wizard_write_uid_fkey,FOREIGN KEY (write_uid) REFERENCES public.res_users(id) ON DELETE SET NULL
hr_applicant,pool_applicant_id,hr_applicant,hr_applicant_pool_applicant_id_fkey,FOREIGN KEY (pool_applicant_id) REFERENCES public.hr_applicant(id) ON DELETE SET NULL
hr_applicant,refuse_reason_id,hr_applicant_refuse_reason,hr_applicant_refuse_reason_id_fkey,FOREIGN KEY (refuse_reason_id) REFERENCES public.hr_applicant_refuse_reason(id) ON DELETE SET NULL
hr_applicant,department_id,hr_department,hr_applicant_department_id_fkey,FOREIGN KEY (department_id) REFERENCES public.hr_department(id) ON DELETE SET NULL
hr_applicant,employee_id,hr_employee,hr_applicant_employee_id_fkey,FOREIGN KEY (employee_id) REFERENCES public.hr_employee(id) ON DELETE SET NULL
hr_applicant,job_id,hr_job,hr_applicant_job_id_fkey,FOREIGN KEY (job_id) REFERENCES public.hr_job(id) ON DELETE SET NULL
hr_applicant,type_id,hr_recruitment_degree,hr_applicant_type_id_fkey,FOREIGN KEY (type_id) REFERENCES public.hr_recruitment_degree(id) ON DELETE SET NULL
hr_applicant,last_stage_id,hr_recruitment_stage,hr_applicant_last_stage_id_fkey,FOREIGN KEY (last_stage_id) REFERENCES public.hr_recruitment_stage(id) ON DELETE SET NULL
hr_applicant,last_valuable_stage_id,hr_recruitment_stage,hr_applicant_last_valuable_stage_id_fkey,FOREIGN KEY (last_valuable_stage_id) REFERENCES public.hr_recruitment_stage(id) ON DELETE SET NULL
hr_applicant,stage_id,hr_recruitment_stage,hr_applicant_stage_id_fkey,FOREIGN KEY (stage_id) REFERENCES public.hr_recruitment_stage(id) ON DELETE RESTRICT
hr_applicant,friend_id,hr_referral_friend,hr_applicant_friend_id_fkey,FOREIGN KEY (friend_id) REFERENCES public.hr_referral_friend(id) ON DELETE SET NULL
hr_applicant,message_main_attachment_id,ir_attachment,hr_applicant_message_main_attachment_id_fkey,FOREIGN KEY (message_main_attachment_id) REFERENCES public.ir_attachment(id) ON DELETE SET NULL
hr_applicant,company_id,res_company,hr_applicant_company_id_fkey,FOREIGN KEY (company_id) REFERENCES public.res_company(id) ON DELETE SET NULL
hr_applicant,partner_id,res_partner,hr_applicant_partner_id_fkey,FOREIGN KEY (partner_id) REFERENCES public.res_partner(id) ON DELETE SET NULL
hr_applicant,create_uid,res_users,hr_applicant_create_uid_fkey,FOREIGN KEY (create_uid) REFERENCES public.res_users(id) ON DELETE SET NULL
hr_applicant,ref_user_id,res_users,hr_applicant_ref_user_id_fkey,FOREIGN KEY (ref_user_id) REFERENCES public.res_users(id) ON DELETE SET NULL
hr_applicant,user_id,res_users,hr_applicant_user_id_fkey,FOREIGN KEY (user_id) REFERENCES public.res_users(id) ON DELETE SET NULL
hr_applicant,write_uid,res_users,hr_applicant_write_uid_fkey,FOREIGN KEY (write_uid) REFERENCES public.res_users(id) ON DELETE SET NULL
hr_applicant,campaign_id,utm_campaign,hr_applicant_campaign_id_fkey,FOREIGN KEY (campaign_id) REFERENCES public.utm_campaign(id) ON DELETE SET NULL
hr_applicant,medium_id,utm_medium,hr_applicant_medium_id_fkey,FOREIGN KEY (medium_id) REFERENCES public.utm_medium(id) ON DELETE SET NULL
hr_applicant,source_id,utm_source,hr_applicant_source_id_fkey,FOREIGN KEY (source_id) REFERENCES public.utm_source(id) ON DELETE SET NULL
hr_applicant_category,create_uid,res_users,hr_applicant_category_create_uid_fkey,FOREIGN KEY (create_uid) REFERENCES public.res_users(id) ON DELETE SET NULL
hr_applicant_category,write_uid,res_users,hr_applicant_category_write_uid_fkey,FOREIGN KEY (write_uid) REFERENCES public.res_users(id) ON DELETE SET NULL
hr_applicant_category_hr_talent_pool_rel,hr_applicant_category_id,hr_applicant_category,hr_applicant_category_hr_talent_p_hr_applicant_category_id_fkey,FOREIGN KEY (hr_applicant_category_id) REFERENCES public.hr_applicant_category(id) ON DELETE CASCADE
hr_applicant_category_hr_talent_pool_rel,hr_talent_pool_id,hr_talent_pool,hr_applicant_category_hr_talent_pool_rel_hr_talent_pool_id_fkey,FOREIGN KEY (hr_talent_pool_id) REFERENCES public.hr_talent_pool(id) ON DELETE CASCADE
hr_applicant_category_talent_pool_add_applicants_rel,hr_applicant_category_id,hr_applicant_category,hr_applicant_category_talent_pool_hr_applicant_category_id_fkey,FOREIGN KEY (hr_applicant_category_id) REFERENCES public.hr_applicant_category(id) ON DELETE CASCADE
hr_applicant_category_talent_pool_add_applicants_rel,talent_pool_add_applicants_id,talent_pool_add_applicants,hr_applicant_category_talent__talent_pool_add_applicants_i_fkey,FOREIGN KEY (talent_pool_add_applicants_id) REFERENCES public.talent_pool_add_applicants(id) ON DELETE CASCADE
hr_applicant_hr_applicant_category_rel,hr_applicant_id,hr_applicant,hr_applicant_hr_applicant_category_rel_hr_applicant_id_fkey,FOREIGN KEY (hr_applicant_id) REFERENCES public.hr_applicant(id) ON DELETE CASCADE
hr_applicant_hr_applicant_category_rel,hr_applicant_category_id,hr_applicant_category,hr_applicant_hr_applicant_categor_hr_applicant_category_id_fkey,FOREIGN KEY (hr_applicant_category_id) REFERENCES public.hr_applicant_category(id) ON DELETE CASCADE
hr_applicant_hr_recruitment_sign_document_wizard_rel,hr_applicant_id,hr_applicant,hr_applicant_hr_recruitment_sign_document__hr_applicant_id_fkey,FOREIGN KEY (hr_applicant_id) REFERENCES public.hr_applicant(id) ON DELETE CASCADE
hr_applicant_hr_recruitment_sign_document_wizard_rel,hr_recruitment_sign_document_wizard_id,hr_recruitment_sign_document_wizard,hr_applicant_hr_recruitment_s_hr_recruitment_sign_document_fkey,FOREIGN KEY (hr_recruitment_sign_document_wizard_id) REFERENCES public.hr_recruitment_sign_document_wizard(id) ON DELETE CASCADE
hr_applicant_hr_skill_rel,hr_applicant_id,hr_applicant,hr_applicant_hr_skill_rel_hr_applicant_id_fkey,FOREIGN KEY (hr_applicant_id) REFERENCES public.hr_applicant(id) ON DELETE CASCADE
hr_applicant_hr_skill_rel,hr_skill_id,hr_skill,hr_applicant_hr_skill_rel_hr_skill_id_fkey,FOREIGN KEY (hr_skill_id) REFERENCES public.hr_skill(id) ON DELETE CASCADE
hr_applicant_hr_talent_pool_rel,hr_applicant_id,hr_applicant,hr_applicant_hr_talent_pool_rel_hr_applicant_id_fkey,FOREIGN KEY (hr_applicant_id) REFERENCES public.hr_applicant(id) ON DELETE CASCADE
hr_applicant_hr_talent_pool_rel,hr_talent_pool_id,hr_talent_pool,hr_applicant_hr_talent_pool_rel_hr_talent_pool_id_fkey,FOREIGN KEY (hr_talent_pool_id) REFERENCES public.hr_talent_pool(id) ON DELETE CASCADE
hr_applicant_job_add_applicants_rel,hr_applicant_id,hr_applicant,hr_applicant_job_add_applicants_rel_hr_applicant_id_fkey,FOREIGN KEY (hr_applicant_id) REFERENCES public.hr_applicant(id) ON DELETE CASCADE
hr_applicant_job_add_applicants_rel,job_add_applicants_id,job_add_applicants,hr_applicant_job_add_applicants_rel_job_add_applicants_id_fkey,FOREIGN KEY (job_add_applicants_id) REFERENCES public.job_add_applicants(id) ON DELETE CASCADE
hr_applicant_refuse_reason,template_id,mail_template,hr_applicant_refuse_reason_template_id_fkey,FOREIGN KEY (template_id) REFERENCES public.mail_template(id) ON DELETE SET NULL
hr_applicant_refuse_reason,create_uid,res_users,hr_applicant_refuse_reason_create_uid_fkey,FOREIGN KEY (create_uid) REFERENCES public.res_users(id) ON DELETE SET NULL
hr_applicant_refuse_reason,write_uid,res_users,hr_applicant_refuse_reason_write_uid_fkey,FOREIGN KEY (write_uid) REFERENCES public.res_users(id) ON DELETE SET NULL
hr_applicant_res_users_interviewers_rel,hr_applicant_id,hr_applicant,hr_applicant_res_users_interviewers_rel_hr_applicant_id_fkey,FOREIGN KEY (hr_applicant_id) REFERENCES public.hr_applicant(id) ON DELETE CASCADE
hr_applicant_res_users_interviewers_rel,res_users_id,res_users,hr_applicant_res_users_interviewers_rel_res_users_id_fkey,FOREIGN KEY (res_users_id) REFERENCES public.res_users(id) ON DELETE CASCADE
hr_applicant_skill,applicant_id,hr_applicant,hr_applicant_skill_applicant_id_fkey,FOREIGN KEY (applicant_id) REFERENCES public.hr_applicant(id) ON DELETE CASCADE
hr_applicant_skill,skill_id,hr_skill,hr_applicant_skill_skill_id_fkey,FOREIGN KEY (skill_id) REFERENCES public.hr_skill(id) ON DELETE CASCADE
hr_applicant_skill,skill_level_id,hr_skill_level,hr_applicant_skill_skill_level_id_fkey,FOREIGN KEY (skill_level_id) REFERENCES public.hr_skill_level(id) ON DELETE CASCADE
hr_applicant_skill,skill_type_id,hr_skill_type,hr_applicant_skill_skill_type_id_fkey,FOREIGN KEY (skill_type_id) REFERENCES public.hr_skill_type(id) ON DELETE CASCADE
hr_applicant_skill,create_uid,res_users,hr_applicant_skill_create_uid_fkey,FOREIGN KEY (create_uid) REFERENCES public.res_users(id) ON DELETE SET NULL
hr_applicant_skill,write_uid,res_users,hr_applicant_skill_write_uid_fkey,FOREIGN KEY (write_uid) REFERENCES public.res_users(id) ON DELETE SET NULL
hr_applicant_talent_pool_add_applicants_rel,hr_applicant_id,hr_applicant,hr_applicant_talent_pool_add_applicants_re_hr_applicant_id_fkey,FOREIGN KEY (hr_applicant_id) REFERENCES public.hr_applicant(id) ON DELETE CASCADE
hr_applicant_talent_pool_add_applicants_rel,talent_pool_add_applicants_id,talent_pool_add_applicants,hr_applicant_talent_pool_add__talent_pool_add_applicants_i_fkey,FOREIGN KEY (talent_pool_add_applicants_id) REFERENCES public.talent_pool_add_applicants(id) ON DELETE CASCADE
hr_appraisal,assessment_note,hr_appraisal_note,hr_appraisal_assessment_note_fkey,FOREIGN KEY (assessment_note) REFERENCES public.hr_appraisal_note(id) ON DELETE SET NULL
hr_appraisal,appraisal_template_id,hr_appraisal_template,hr_appraisal_appraisal_template_id_fkey,FOREIGN KEY (appraisal_template_id) REFERENCES public.hr_appraisal_template(id) ON DELETE SET NULL
hr_appraisal,department_id,hr_department,hr_appraisal_department_id_fkey,FOREIGN KEY (department_id) REFERENCES public.hr_department(id) ON DELETE SET NULL
hr_appraisal,employee_id,hr_employee,hr_appraisal_employee_id_fkey,FOREIGN KEY (employee_id) REFERENCES public.hr_employee(id) ON DELETE CASCADE
hr_appraisal,job_id,hr_job,hr_appraisal_job_id_fkey,FOREIGN KEY (job_id) REFERENCES public.hr_job(id) ON DELETE SET NULL
hr_appraisal,target_job_id,hr_job,hr_appraisal_target_job_id_fkey,FOREIGN KEY (target_job_id) REFERENCES public.hr_job(id) ON DELETE SET NULL
hr_appraisal,company_id,res_company,hr_appraisal_company_id_fkey,FOREIGN KEY (company_id) REFERENCES public.res_company(id) ON DELETE SET NULL
hr_appraisal,create_uid,res_users,hr_appraisal_create_uid_fkey,FOREIGN KEY (create_uid) REFERENCES public.res_users(id) ON DELETE SET NULL
hr_appraisal,write_uid,res_users,hr_appraisal_write_uid_fkey,FOREIGN KEY (write_uid) REFERENCES public.res_users(id) ON DELETE SET NULL
hr_appraisal_campaign_wizard,appraisal_template_id,hr_appraisal_template,hr_appraisal_campaign_wizard_appraisal_template_id_fkey,FOREIGN KEY (appraisal_template_id) REFERENCES public.hr_appraisal_template(id) ON DELETE CASCADE
hr_appraisal_campaign_wizard,department_id,hr_department,hr_appraisal_campaign_wizard_department_id_fkey,FOREIGN KEY (department_id) REFERENCES public.hr_department(id) ON DELETE SET NULL
hr_appraisal_campaign_wizard,category_id,hr_employee_category,hr_appraisal_campaign_wizard_category_id_fkey,FOREIGN KEY (category_id) REFERENCES public.hr_employee_category(id) ON DELETE SET NULL
hr_appraisal_campaign_wizard,company_id,res_company,hr_appraisal_campaign_wizard_company_id_fkey,FOREIGN KEY (company_id) REFERENCES public.res_company(id) ON DELETE SET NULL
hr_appraisal_campaign_wizard,create_uid,res_users,hr_appraisal_campaign_wizard_create_uid_fkey,FOREIGN KEY (create_uid) REFERENCES public.res_users(id) ON DELETE SET NULL
hr_appraisal_campaign_wizard,write_uid,res_users,hr_appraisal_campaign_wizard_write_uid_fkey,FOREIGN KEY (write_uid) REFERENCES public.res_users(id) ON DELETE SET NULL
hr_appraisal_goal,parent_id,hr_appraisal_goal,hr_appraisal_goal_parent_id_fkey,FOREIGN KEY (parent_id) REFERENCES public.hr_appraisal_goal(id) ON DELETE SET NULL
hr_appraisal_goal,template_goal_id,hr_appraisal_goal,hr_appraisal_goal_template_goal_id_fkey,FOREIGN KEY (template_goal_id) REFERENCES public.hr_appraisal_goal(id) ON DELETE SET NULL
hr_appraisal_goal,company_id,res_company,hr_appraisal_goal_company_id_fkey,FOREIGN KEY (company_id) REFERENCES public.res_company(id) ON DELETE SET NULL
hr_appraisal_goal,create_uid,res_users,hr_appraisal_goal_create_uid_fkey,FOREIGN KEY (create_uid) REFERENCES public.res_users(id) ON DELETE SET NULL
hr_appraisal_goal,write_uid,res_users,hr_appraisal_goal_write_uid_fkey,FOREIGN KEY (write_uid) REFERENCES public.res_users(id) ON DELETE SET NULL
hr_appraisal_goal_hr_appraisal_goal_tag_rel,hr_appraisal_goal_id,hr_appraisal_goal,hr_appraisal_goal_hr_appraisal_goal_t_hr_appraisal_goal_id_fkey,FOREIGN KEY (hr_appraisal_goal_id) REFERENCES public.hr_appraisal_goal(id) ON DELETE CASCADE
hr_appraisal_goal_hr_appraisal_goal_tag_rel,hr_appraisal_goal_tag_id,hr_appraisal_goal_tag,hr_appraisal_goal_hr_appraisal_go_hr_appraisal_goal_tag_id_fkey,FOREIGN KEY (hr_appraisal_goal_tag_id) REFERENCES public.hr_appraisal_goal_tag(id) ON DELETE CASCADE
hr_appraisal_goal_hr_appraisal_skill_rel,hr_appraisal_goal_id,hr_appraisal_goal,hr_appraisal_goal_hr_appraisal_skill__hr_appraisal_goal_id_fkey,FOREIGN KEY (hr_appraisal_goal_id) REFERENCES public.hr_appraisal_goal(id) ON DELETE CASCADE
hr_appraisal_goal_hr_appraisal_skill_rel,hr_appraisal_skill_id,hr_appraisal_skill,hr_appraisal_goal_hr_appraisal_skill_hr_appraisal_skill_id_fkey,FOREIGN KEY (hr_appraisal_skill_id) REFERENCES public.hr_appraisal_skill(id) ON DELETE CASCADE
hr_appraisal_goal_hr_department_rel,hr_appraisal_goal_id,hr_appraisal_goal,hr_appraisal_goal_hr_department_rel_hr_appraisal_goal_id_fkey,FOREIGN KEY (hr_appraisal_goal_id) REFERENCES public.hr_appraisal_goal(id) ON DELETE CASCADE
hr_appraisal_goal_hr_department_rel,hr_department_id,hr_department,hr_appraisal_goal_hr_department_rel_hr_department_id_fkey,FOREIGN KEY (hr_department_id) REFERENCES public.hr_department(id) ON DELETE CASCADE
hr_appraisal_goal_hr_employee_manager_rel,hr_appraisal_goal_id,hr_appraisal_goal,hr_appraisal_goal_hr_employee_manager_hr_appraisal_goal_id_fkey,FOREIGN KEY (hr_appraisal_goal_id) REFERENCES public.hr_appraisal_goal(id) ON DELETE CASCADE
hr_appraisal_goal_hr_employee_manager_rel,hr_employee_id,hr_employee,hr_appraisal_goal_hr_employee_manager_rel_hr_employee_id_fkey,FOREIGN KEY (hr_employee_id) REFERENCES public.hr_employee(id) ON DELETE CASCADE
hr_appraisal_goal_hr_employee_rel,hr_appraisal_goal_id,hr_appraisal_goal,hr_appraisal_goal_hr_employee_rel_hr_appraisal_goal_id_fkey,FOREIGN KEY (hr_appraisal_goal_id) REFERENCES public.hr_appraisal_goal(id) ON DELETE CASCADE
hr_appraisal_goal_hr_employee_rel,hr_employee_id,hr_employee,hr_appraisal_goal_hr_employee_rel_hr_employee_id_fkey,FOREIGN KEY (hr_employee_id) REFERENCES public.hr_employee(id) ON DELETE CASCADE
hr_appraisal_goal_hr_job_rel,hr_appraisal_goal_id,hr_appraisal_goal,hr_appraisal_goal_hr_job_rel_hr_appraisal_goal_id_fkey,FOREIGN KEY (hr_appraisal_goal_id) REFERENCES public.hr_appraisal_goal(id) ON DELETE CASCADE
hr_appraisal_goal_hr_job_rel,hr_job_id,hr_job,hr_appraisal_goal_hr_job_rel_hr_job_id_fkey,FOREIGN KEY (hr_job_id) REFERENCES public.hr_job(id) ON DELETE CASCADE
hr_appraisal_goal_skill,goal_id,hr_appraisal_goal,hr_appraisal_goal_skill_goal_id_fkey,FOREIGN KEY (goal_id) REFERENCES public.hr_appraisal_goal(id) ON DELETE CASCADE
hr_appraisal_goal_skill,skill_id,hr_skill,hr_appraisal_goal_skill_skill_id_fkey,FOREIGN KEY (skill_id) REFERENCES public.hr_skill(id) ON DELETE CASCADE
hr_appraisal_goal_skill,skill_level_id,hr_skill_level,hr_appraisal_goal_skill_skill_level_id_fkey,FOREIGN KEY (skill_level_id) REFERENCES public.hr_skill_level(id) ON DELETE CASCADE
hr_appraisal_goal_skill,skill_type_id,hr_skill_type,hr_appraisal_goal_skill_skill_type_id_fkey,FOREIGN KEY (skill_type_id) REFERENCES public.hr_skill_type(id) ON DELETE CASCADE
hr_appraisal_goal_skill,create_uid,res_users,hr_appraisal_goal_skill_create_uid_fkey,FOREIGN KEY (create_uid) REFERENCES public.res_users(id) ON DELETE SET NULL
hr_appraisal_goal_skill,write_uid,res_users,hr_appraisal_goal_skill_write_uid_fkey,FOREIGN KEY (write_uid) REFERENCES public.res_users(id) ON DELETE SET NULL
hr_appraisal_goal_tag,create_uid,res_users,hr_appraisal_goal_tag_create_uid_fkey,FOREIGN KEY (create_uid) REFERENCES public.res_users(id) ON DELETE SET NULL
hr_appraisal_goal_tag,write_uid,res_users,hr_appraisal_goal_tag_write_uid_fkey,FOREIGN KEY (write_uid) REFERENCES public.res_users(id) ON DELETE SET NULL
hr_appraisal_hr_employee_rel,hr_appraisal_id,hr_appraisal,hr_appraisal_hr_employee_rel_hr_appraisal_id_fkey,FOREIGN KEY (hr_appraisal_id) REFERENCES public.hr_appraisal(id) ON DELETE CASCADE
hr_appraisal_hr_employee_rel,hr_employee_id,hr_employee,hr_appraisal_hr_employee_rel_hr_employee_id_fkey,FOREIGN KEY (hr_employee_id) REFERENCES public.hr_employee(id) ON DELETE CASCADE
hr_appraisal_note,company_id,res_company,hr_appraisal_note_company_id_fkey,FOREIGN KEY (company_id) REFERENCES public.res_company(id) ON DELETE SET NULL
hr_appraisal_note,create_uid,res_users,hr_appraisal_note_create_uid_fkey,FOREIGN KEY (create_uid) REFERENCES public.res_users(id) ON DELETE SET NULL
hr_appraisal_note,write_uid,res_users,hr_appraisal_note_write_uid_fkey,FOREIGN KEY (write_uid) REFERENCES public.res_users(id) ON DELETE SET NULL
hr_appraisal_skill,appraisal_id,hr_appraisal,hr_appraisal_skill_appraisal_id_fkey,FOREIGN KEY (appraisal_id) REFERENCES public.hr_appraisal(id) ON DELETE CASCADE
hr_appraisal_skill,employee_id,hr_employee,hr_appraisal_skill_employee_id_fkey,FOREIGN KEY (employee_id) REFERENCES public.hr_employee(id) ON DELETE SET NULL
hr_appraisal_skill,skill_id,hr_skill,hr_appraisal_skill_skill_id_fkey,FOREIGN KEY (skill_id) REFERENCES public.hr_skill(id) ON DELETE CASCADE
hr_appraisal_skill,previous_skill_level_id,hr_skill_level,hr_appraisal_skill_previous_skill_level_id_fkey,FOREIGN KEY (previous_skill_level_id) REFERENCES public.hr_skill_level(id) ON DELETE SET NULL
hr_appraisal_skill,skill_level_id,hr_skill_level,hr_appraisal_skill_skill_level_id_fkey,FOREIGN KEY (skill_level_id) REFERENCES public.hr_skill_level(id) ON DELETE CASCADE
hr_appraisal_skill,skill_type_id,hr_skill_type,hr_appraisal_skill_skill_type_id_fkey,FOREIGN KEY (skill_type_id) REFERENCES public.hr_skill_type(id) ON DELETE CASCADE
hr_appraisal_skill,create_uid,res_users,hr_appraisal_skill_create_uid_fkey,FOREIGN KEY (create_uid) REFERENCES public.res_users(id) ON DELETE SET NULL
hr_appraisal_skill,write_uid,res_users,hr_appraisal_skill_write_uid_fkey,FOREIGN KEY (write_uid) REFERENCES public.res_users(id) ON DELETE SET NULL
hr_appraisal_skill_hr_employee_rel,hr_appraisal_skill_id,hr_appraisal_skill,hr_appraisal_skill_hr_employee_rel_hr_appraisal_skill_id_fkey,FOREIGN KEY (hr_appraisal_skill_id) REFERENCES public.hr_appraisal_skill(id) ON DELETE CASCADE
hr_appraisal_skill_hr_employee_rel,hr_employee_id,hr_employee,hr_appraisal_skill_hr_employee_rel_hr_employee_id_fkey,FOREIGN KEY (hr_employee_id) REFERENCES public.hr_employee(id) ON DELETE CASCADE
hr_appraisal_survey_mail_compose_message_ir_attachments_rel,wizard_id,appraisal_ask_feedback,hr_appraisal_survey_mail_compose_message_ir_atta_wizard_id_fkey,FOREIGN KEY (wizard_id) REFERENCES public.appraisal_ask_feedback(id) ON DELETE CASCADE
hr_appraisal_survey_mail_compose_message_ir_attachments_rel,attachment_id,ir_attachment,hr_appraisal_survey_mail_compose_message_ir__attachment_id_fkey,FOREIGN KEY (attachment_id) REFERENCES public.ir_attachment(id) ON DELETE CASCADE
hr_appraisal_survey_survey_rel,hr_appraisal_id,hr_appraisal,hr_appraisal_survey_survey_rel_hr_appraisal_id_fkey,FOREIGN KEY (hr_appraisal_id) REFERENCES public.hr_appraisal(id) ON DELETE CASCADE
hr_appraisal_survey_survey_rel,survey_survey_id,survey_survey,hr_appraisal_survey_survey_rel_survey_survey_id_fkey,FOREIGN KEY (survey_survey_id) REFERENCES public.survey_survey(id) ON DELETE CASCADE
hr_appraisal_template,company_id,res_company,hr_appraisal_template_company_id_fkey,FOREIGN KEY (company_id) REFERENCES public.res_company(id) ON DELETE SET NULL
hr_appraisal_template,create_uid,res_users,hr_appraisal_template_create_uid_fkey,FOREIGN KEY (create_uid) REFERENCES public.res_users(id) ON DELETE SET NULL
hr_appraisal_template,write_uid,res_users,hr_appraisal_template_write_uid_fkey,FOREIGN KEY (write_uid) REFERENCES public.res_users(id) ON DELETE SET NULL
hr_appraisal_template_hr_department_rel,hr_appraisal_template_id,hr_appraisal_template,hr_appraisal_template_hr_departme_hr_appraisal_template_id_fkey,FOREIGN KEY (hr_appraisal_template_id) REFERENCES public.hr_appraisal_template(id) ON DELETE CASCADE
hr_appraisal_template_hr_department_rel,hr_department_id,hr_department,hr_appraisal_template_hr_department_rel_hr_department_id_fkey,FOREIGN KEY (hr_department_id) REFERENCES public.hr_department(id) ON DELETE CASCADE
hr_appraisal_template_survey_survey_rel,hr_appraisal_template_id,hr_appraisal_template,hr_appraisal_template_survey_surv_hr_appraisal_template_id_fkey,FOREIGN KEY (hr_appraisal_template_id) REFERENCES public.hr_appraisal_template(id) ON DELETE CASCADE
hr_appraisal_template_survey_survey_rel,survey_survey_id,survey_survey,hr_appraisal_template_survey_survey_rel_survey_survey_id_fkey,FOREIGN KEY (survey_survey_id) REFERENCES public.survey_survey(id) ON DELETE CASCADE
hr_attendance,employee_id,hr_employee,hr_attendance_employee_id_fkey,FOREIGN KEY (employee_id) REFERENCES public.hr_employee(id) ON DELETE CASCADE
hr_attendance,create_uid,res_users,hr_attendance_create_uid_fkey,FOREIGN KEY (create_uid) REFERENCES public.res_users(id) ON DELETE SET NULL
hr_attendance,write_uid,res_users,hr_attendance_write_uid_fkey,FOREIGN KEY (write_uid) REFERENCES public.res_users(id) ON DELETE SET NULL
hr_attendance_overtime_line,employee_id,hr_employee,hr_attendance_overtime_line_employee_id_fkey,FOREIGN KEY (employee_id) REFERENCES public.hr_employee(id) ON DELETE CASCADE
hr_attendance_overtime_line,work_entry_type_overtime_id,hr_work_entry_type,hr_attendance_overtime_line_work_entry_type_overtime_id_fkey,FOREIGN KEY (work_entry_type_overtime_id) REFERENCES public.hr_work_entry_type(id) ON DELETE SET NULL
hr_attendance_overtime_line,create_uid,res_users,hr_attendance_overtime_line_create_uid_fkey,FOREIGN KEY (create_uid) REFERENCES public.res_users(id) ON DELETE SET NULL
hr_attendance_overtime_line,write_uid,res_users,hr_attendance_overtime_line_write_uid_fkey,FOREIGN KEY (write_uid) REFERENCES public.res_users(id) ON DELETE SET NULL
hr_attendance_overtime_line_hr_attendance_overtime_rule_rel,hr_attendance_overtime_line_id,hr_attendance_overtime_line,hr_attendance_overtime_line_h_hr_attendance_overtime_line__fkey,FOREIGN KEY (hr_attendance_overtime_line_id) REFERENCES public.hr_attendance_overtime_line(id) ON DELETE CASCADE
hr_attendance_overtime_line_hr_attendance_overtime_rule_rel,hr_attendance_overtime_rule_id,hr_attendance_overtime_rule,hr_attendance_overtime_line_h_hr_attendance_overtime_rule__fkey,FOREIGN KEY (hr_attendance_overtime_rule_id) REFERENCES public.hr_attendance_overtime_rule(id) ON DELETE CASCADE
hr_attendance_overtime_rule,ruleset_id,hr_attendance_overtime_ruleset,hr_attendance_overtime_rule_ruleset_id_fkey,FOREIGN KEY (ruleset_id) REFERENCES public.hr_attendance_overtime_ruleset(id) ON DELETE RESTRICT
hr_attendance_overtime_rule,work_entry_type_id,hr_work_entry_type,hr_attendance_overtime_rule_work_entry_type_id_fkey,FOREIGN KEY (work_entry_type_id) REFERENCES public.hr_work_entry_type(id) ON DELETE RESTRICT
hr_attendance_overtime_rule,create_uid,res_users,hr_attendance_overtime_rule_create_uid_fkey,FOREIGN KEY (create_uid) REFERENCES public.res_users(id) ON DELETE SET NULL
hr_attendance_overtime_rule,write_uid,res_users,hr_attendance_overtime_rule_write_uid_fkey,FOREIGN KEY (write_uid) REFERENCES public.res_users(id) ON DELETE SET NULL
hr_attendance_overtime_rule,resource_calendar_id,resource_calendar,hr_attendance_overtime_rule_resource_calendar_id_fkey,FOREIGN KEY (resource_calendar_id) REFERENCES public.resource_calendar(id) ON DELETE SET NULL
hr_attendance_overtime_ruleset,company_id,res_company,hr_attendance_overtime_ruleset_company_id_fkey,FOREIGN KEY (company_id) REFERENCES public.res_company(id) ON DELETE SET NULL
hr_attendance_overtime_ruleset,country_id,res_country,hr_attendance_overtime_ruleset_country_id_fkey,FOREIGN KEY (country_id) REFERENCES public.res_country(id) ON DELETE SET NULL
hr_attendance_overtime_ruleset,create_uid,res_users,hr_attendance_overtime_ruleset_create_uid_fkey,FOREIGN KEY (create_uid) REFERENCES public.res_users(id) ON DELETE SET NULL
hr_attendance_overtime_ruleset,write_uid,res_users,hr_attendance_overtime_ruleset_write_uid_fkey,FOREIGN KEY (write_uid) REFERENCES public.res_users(id) ON DELETE SET NULL
hr_bank_account_allocation_wizard,employee_id,hr_employee,hr_bank_account_allocation_wizard_employee_id_fkey,FOREIGN KEY (employee_id) REFERENCES public.hr_employee(id) ON DELETE CASCADE
hr_bank_account_allocation_wizard,create_uid,res_users,hr_bank_account_allocation_wizard_create_uid_fkey,FOREIGN KEY (create_uid) REFERENCES public.res_users(id) ON DELETE SET NULL
hr_bank_account_allocation_wizard,write_uid,res_users,hr_bank_account_allocation_wizard_write_uid_fkey,FOREIGN KEY (write_uid) REFERENCES public.res_users(id) ON DELETE SET NULL
hr_bank_account_allocation_wizard_line,wizard_id,hr_bank_account_allocation_wizard,hr_bank_account_allocation_wizard_line_wizard_id_fkey,FOREIGN KEY (wizard_id) REFERENCES public.hr_bank_account_allocation_wizard(id) ON DELETE CASCADE
hr_bank_account_allocation_wizard_line,bank_account_id,res_partner_bank,hr_bank_account_allocation_wizard_line_bank_account_id_fkey,FOREIGN KEY (bank_account_id) REFERENCES public.res_partner_bank(id) ON DELETE CASCADE
hr_bank_account_allocation_wizard_line,create_uid,res_users,hr_bank_account_allocation_wizard_line_create_uid_fkey,FOREIGN KEY (create_uid) REFERENCES public.res_users(id) ON DELETE SET NULL
hr_bank_account_allocation_wizard_line,write_uid,res_users,hr_bank_account_allocation_wizard_line_write_uid_fkey,FOREIGN KEY (write_uid) REFERENCES public.res_users(id) ON DELETE SET NULL
hr_contract_sign_document_wizard,version_id,hr_version,hr_contract_sign_document_wizard_version_id_fkey,FOREIGN KEY (version_id) REFERENCES public.hr_version(id) ON DELETE SET NULL
hr_contract_sign_document_wizard,create_uid,res_users,hr_contract_sign_document_wizard_create_uid_fkey,FOREIGN KEY (create_uid) REFERENCES public.res_users(id) ON DELETE SET NULL
hr_contract_sign_document_wizard,responsible_id,res_users,hr_contract_sign_document_wizard_responsible_id_fkey,FOREIGN KEY (responsible_id) REFERENCES public.res_users(id) ON DELETE SET NULL
hr_contract_sign_document_wizard,write_uid,res_users,hr_contract_sign_document_wizard_write_uid_fkey,FOREIGN KEY (write_uid) REFERENCES public.res_users(id) ON DELETE SET NULL
hr_contract_sign_document_wizard,employee_role_id,sign_item_role,hr_contract_sign_document_wizard_employee_role_id_fkey,FOREIGN KEY (employee_role_id) REFERENCES public.sign_item_role(id) ON DELETE CASCADE
hr_contract_sign_document_wizard_hr_employee_rel,hr_contract_sign_document_wizard_id,hr_contract_sign_document_wizard,hr_contract_sign_document_wiz_hr_contract_sign_document_wi_fkey,FOREIGN KEY (hr_contract_sign_document_wizard_id) REFERENCES public.hr_contract_sign_document_wizard(id) ON DELETE CASCADE
hr_contract_sign_document_wizard_hr_employee_rel,hr_employee_id,hr_employee,hr_contract_sign_document_wizard_hr_employe_hr_employee_id_fkey,FOREIGN KEY (hr_employee_id) REFERENCES public.hr_employee(id) ON DELETE CASCADE
hr_contract_sign_document_wizard_ir_attachment_rel,hr_contract_sign_document_wizard_id,hr_contract_sign_document_wizard,hr_contract_sign_document_wi_hr_contract_sign_document_wi_fkey3,FOREIGN KEY (hr_contract_sign_document_wizard_id) REFERENCES public.hr_contract_sign_document_wizard(id) ON DELETE CASCADE
hr_contract_sign_document_wizard_ir_attachment_rel,ir_attachment_id,ir_attachment,hr_contract_sign_document_wizard_ir_attac_ir_attachment_id_fkey,FOREIGN KEY (ir_attachment_id) REFERENCES public.ir_attachment(id) ON DELETE CASCADE
hr_contract_sign_document_wizard_res_partner_rel,hr_contract_sign_document_wizard_id,hr_contract_sign_document_wizard,hr_contract_sign_document_wi_hr_contract_sign_document_wi_fkey2,FOREIGN KEY (hr_contract_sign_document_wizard_id) REFERENCES public.hr_contract_sign_document_wizard(id) ON DELETE CASCADE
hr_contract_sign_document_wizard_res_partner_rel,res_partner_id,res_partner,hr_contract_sign_document_wizard_res_partne_res_partner_id_fkey,FOREIGN KEY (res_partner_id) REFERENCES public.res_partner(id) ON DELETE CASCADE
hr_contract_sign_document_wizard_sign_template_rel,hr_contract_sign_document_wizard_id,hr_contract_sign_document_wizard,hr_contract_sign_document_wi_hr_contract_sign_document_wi_fkey1,FOREIGN KEY (hr_contract_sign_document_wizard_id) REFERENCES public.hr_contract_sign_document_wizard(id) ON DELETE CASCADE
hr_contract_sign_document_wizard_sign_template_rel,sign_template_id,sign_template,hr_contract_sign_document_wizard_sign_tem_sign_template_id_fkey,FOREIGN KEY (sign_template_id) REFERENCES public.sign_template(id) ON DELETE CASCADE
hr_contract_type,country_id,res_country,hr_contract_type_country_id_fkey,FOREIGN KEY (country_id) REFERENCES public.res_country(id) ON DELETE SET NULL
hr_contract_type,create_uid,res_users,hr_contract_type_create_uid_fkey,FOREIGN KEY (create_uid) REFERENCES public.res_users(id) ON DELETE SET NULL
hr_contract_type,write_uid,res_users,hr_contract_type_write_uid_fkey,FOREIGN KEY (write_uid) REFERENCES public.res_users(id) ON DELETE SET NULL
hr_department,master_department_id,hr_department,hr_department_master_department_id_fkey,FOREIGN KEY (master_department_id) REFERENCES public.hr_department(id) ON DELETE SET NULL
hr_department,parent_id,hr_department,hr_department_parent_id_fkey,FOREIGN KEY (parent_id) REFERENCES public.hr_department(id) ON DELETE SET NULL
hr_department,manager_id,hr_employee,hr_department_manager_id_fkey,FOREIGN KEY (manager_id) REFERENCES public.hr_employee(id) ON DELETE SET NULL
hr_department,company_id,res_company,hr_department_company_id_fkey,FOREIGN KEY (company_id) REFERENCES public.res_company(id) ON DELETE SET NULL
hr_department,create_uid,res_users,hr_department_create_uid_fkey,FOREIGN KEY (create_uid) REFERENCES public.res_users(id) ON DELETE SET NULL
hr_department,write_uid,res_users,hr_department_write_uid_fkey,FOREIGN KEY (write_uid) REFERENCES public.res_users(id) ON DELETE SET NULL
hr_department_hr_leave_mandatory_day_rel,hr_department_id,hr_department,hr_department_hr_leave_mandatory_day_rel_hr_department_id_fkey,FOREIGN KEY (hr_department_id) REFERENCES public.hr_department(id) ON DELETE CASCADE
hr_department_hr_leave_mandatory_day_rel,hr_leave_mandatory_day_id,hr_leave_mandatory_day,hr_department_hr_leave_mandatory_hr_leave_mandatory_day_id_fkey,FOREIGN KEY (hr_leave_mandatory_day_id) REFERENCES public.hr_leave_mandatory_day(id) ON DELETE CASCADE
hr_departure_reason,country_id,res_country,hr_departure_reason_country_id_fkey,FOREIGN KEY (country_id) REFERENCES public.res_country(id) ON DELETE SET NULL
hr_departure_reason,create_uid,res_users,hr_departure_reason_create_uid_fkey,FOREIGN KEY (create_uid) REFERENCES public.res_users(id) ON DELETE SET NULL
hr_departure_reason,write_uid,res_users,hr_departure_reason_write_uid_fkey,FOREIGN KEY (write_uid) REFERENCES public.res_users(id) ON DELETE SET NULL
hr_departure_wizard,departure_reason_id,hr_departure_reason,hr_departure_wizard_departure_reason_id_fkey,FOREIGN KEY (departure_reason_id) REFERENCES public.hr_departure_reason(id) ON DELETE CASCADE
hr_departure_wizard,create_uid,res_users,hr_departure_wizard_create_uid_fkey,FOREIGN KEY (create_uid) REFERENCES public.res_users(id) ON DELETE SET NULL
hr_departure_wizard,write_uid,res_users,hr_departure_wizard_write_uid_fkey,FOREIGN KEY (write_uid) REFERENCES public.res_users(id) ON DELETE SET NULL
hr_departure_wizard_hr_employee_rel,hr_departure_wizard_id,hr_departure_wizard,hr_departure_wizard_hr_employee_rel_hr_departure_wizard_id_fkey,FOREIGN KEY (hr_departure_wizard_id) REFERENCES public.hr_departure_wizard(id) ON DELETE CASCADE
hr_departure_wizard_hr_employee_rel,hr_employee_id,hr_employee,hr_departure_wizard_hr_employee_rel_hr_employee_id_fkey,FOREIGN KEY (hr_employee_id) REFERENCES public.hr_employee(id) ON DELETE CASCADE
hr_employee,hr_employee_contract_folder_id,documents_document,hr_employee_hr_employee_contract_folder_id_fkey,FOREIGN KEY (hr_employee_contract_folder_id) REFERENCES public.documents_document(id) ON DELETE SET NULL
hr_employee,hr_employee_folder_id,documents_document,hr_employee_hr_employee_folder_id_fkey,FOREIGN KEY (hr_employee_folder_id) REFERENCES public.documents_document(id) ON DELETE SET NULL
hr_employee,last_appraisal_id,hr_appraisal,hr_employee_last_appraisal_id_fkey,FOREIGN KEY (last_appraisal_id) REFERENCES public.hr_appraisal(id) ON DELETE SET NULL
hr_employee,last_attendance_id,hr_attendance,hr_employee_last_attendance_id_fkey,FOREIGN KEY (last_attendance_id) REFERENCES public.hr_attendance(id) ON DELETE SET NULL
hr_employee,contract_type_id,hr_contract_type,hr_employee_contract_type_id_fkey,FOREIGN KEY (contract_type_id) REFERENCES public.hr_contract_type(id) ON DELETE SET NULL
hr_employee,coach_id,hr_employee,hr_employee_coach_id_fkey,FOREIGN KEY (coach_id) REFERENCES public.hr_employee(id) ON DELETE SET NULL
hr_employee,parent_id,hr_employee,hr_employee_parent_id_fkey,FOREIGN KEY (parent_id) REFERENCES public.hr_employee(id) ON DELETE SET NULL
hr_employee,structure_type_id,hr_payroll_structure_type,hr_employee_structure_type_id_fkey,FOREIGN KEY (structure_type_id) REFERENCES public.hr_payroll_structure_type(id) ON DELETE SET NULL
hr_employee,current_version_id,hr_version,hr_employee_current_version_id_fkey,FOREIGN KEY (current_version_id) REFERENCES public.hr_version(id) ON DELETE SET NULL
hr_employee,friday_location_id,hr_work_location,hr_employee_friday_location_id_fkey,FOREIGN KEY (friday_location_id) REFERENCES public.hr_work_location(id) ON DELETE SET NULL
hr_employee,monday_location_id,hr_work_location,hr_employee_monday_location_id_fkey,FOREIGN KEY (monday_location_id) REFERENCES public.hr_work_location(id) ON DELETE SET NULL
hr_employee,saturday_location_id,hr_work_location,hr_employee_saturday_location_id_fkey,FOREIGN KEY (saturday_location_id) REFERENCES public.hr_work_location(id) ON DELETE SET NULL
hr_employee,sunday_location_id,hr_work_location,hr_employee_sunday_location_id_fkey,FOREIGN KEY (sunday_location_id) REFERENCES public.hr_work_location(id) ON DELETE SET NULL
hr_employee,thursday_location_id,hr_work_location,hr_employee_thursday_location_id_fkey,FOREIGN KEY (thursday_location_id) REFERENCES public.hr_work_location(id) ON DELETE SET NULL
hr_employee,tuesday_location_id,hr_work_location,hr_employee_tuesday_location_id_fkey,FOREIGN KEY (tuesday_location_id) REFERENCES public.hr_work_location(id) ON DELETE SET NULL
hr_employee,wednesday_location_id,hr_work_location,hr_employee_wednesday_location_id_fkey,FOREIGN KEY (wednesday_location_id) REFERENCES public.hr_work_location(id) ON DELETE SET NULL
hr_employee,message_main_attachment_id,ir_attachment,hr_employee_message_main_attachment_id_fkey,FOREIGN KEY (message_main_attachment_id) REFERENCES public.ir_attachment(id) ON DELETE SET NULL
hr_employee,private_city_id,res_city,hr_employee_private_city_id_fkey,FOREIGN KEY (private_city_id) REFERENCES public.res_city(id) ON DELETE SET NULL
hr_employee,private_zip_id,res_city_zip,hr_employee_private_zip_id_fkey,FOREIGN KEY (private_zip_id) REFERENCES public.res_city_zip(id) ON DELETE SET NULL
hr_employee,company_id,res_company,hr_employee_company_id_fkey,FOREIGN KEY (company_id) REFERENCES public.res_company(id) ON DELETE SET NULL
hr_employee,country_of_birth,res_country,hr_employee_country_of_birth_fkey,FOREIGN KEY (country_of_birth) REFERENCES public.res_country(id) ON DELETE SET NULL
hr_employee,private_country_id,res_country,hr_employee_private_country_id_fkey,FOREIGN KEY (private_country_id) REFERENCES public.res_country(id) ON DELETE SET NULL
hr_employee,private_state_id,res_country_state,hr_employee_private_state_id_fkey,FOREIGN KEY (private_state_id) REFERENCES public.res_country_state(id) ON DELETE SET NULL
hr_employee,work_contact_id,res_partner,hr_employee_work_contact_id_fkey,FOREIGN KEY (work_contact_id) REFERENCES public.res_partner(id) ON DELETE SET NULL
hr_employee,attendance_manager_id,res_users,hr_employee_attendance_manager_id_fkey,FOREIGN KEY (attendance_manager_id) REFERENCES public.res_users(id) ON DELETE SET NULL
hr_employee,create_uid,res_users,hr_employee_create_uid_fkey,FOREIGN KEY (create_uid) REFERENCES public.res_users(id) ON DELETE SET NULL
hr_employee,expense_manager_id,res_users,hr_employee_expense_manager_id_fkey,FOREIGN KEY (expense_manager_id) REFERENCES public.res_users(id) ON DELETE SET NULL
hr_employee,leave_manager_id,res_users,hr_employee_leave_manager_id_fkey,FOREIGN KEY (leave_manager_id) REFERENCES public.res_users(id) ON DELETE SET NULL
hr_employee,pr_approver,res_users,hr_employee_pr_approver_fkey,FOREIGN KEY (pr_approver) REFERENCES public.res_users(id) ON DELETE SET NULL
hr_employee,timesheet_manager_id,res_users,hr_employee_timesheet_manager_id_fkey,FOREIGN KEY (timesheet_manager_id) REFERENCES public.res_users(id) ON DELETE SET NULL
hr_employee,user_id,res_users,hr_employee_user_id_fkey,FOREIGN KEY (user_id) REFERENCES public.res_users(id) ON DELETE RESTRICT
hr_employee,write_uid,res_users,hr_employee_write_uid_fkey,FOREIGN KEY (write_uid) REFERENCES public.res_users(id) ON DELETE SET NULL
hr_employee,resource_id,resource_resource,hr_employee_resource_id_fkey,FOREIGN KEY (resource_id) REFERENCES public.resource_resource(id) ON DELETE RESTRICT
hr_employee_category,create_uid,res_users,hr_employee_category_create_uid_fkey,FOREIGN KEY (create_uid) REFERENCES public.res_users(id) ON DELETE SET NULL
hr_employee_category,write_uid,res_users,hr_employee_category_write_uid_fkey,FOREIGN KEY (write_uid) REFERENCES public.res_users(id) ON DELETE SET NULL
hr_employee_cv_wizard,create_uid,res_users,hr_employee_cv_wizard_create_uid_fkey,FOREIGN KEY (create_uid) REFERENCES public.res_users(id) ON DELETE SET NULL
hr_employee_cv_wizard,write_uid,res_users,hr_employee_cv_wizard_write_uid_fkey,FOREIGN KEY (write_uid) REFERENCES public.res_users(id) ON DELETE SET NULL
hr_employee_delete_wizard,create_uid,res_users,hr_employee_delete_wizard_create_uid_fkey,FOREIGN KEY (create_uid) REFERENCES public.res_users(id) ON DELETE SET NULL
hr_employee_delete_wizard,write_uid,res_users,hr_employee_delete_wizard_write_uid_fkey,FOREIGN KEY (write_uid) REFERENCES public.res_users(id) ON DELETE SET NULL
hr_employee_hr_employee_cv_wizard_rel,hr_employee_id,hr_employee,hr_employee_hr_employee_cv_wizard_rel_hr_employee_id_fkey,FOREIGN KEY (hr_employee_id) REFERENCES public.hr_employee(id) ON DELETE CASCADE
hr_employee_hr_employee_cv_wizard_rel,hr_employee_cv_wizard_id,hr_employee_cv_wizard,hr_employee_hr_employee_cv_wizard_hr_employee_cv_wizard_id_fkey,FOREIGN KEY (hr_employee_cv_wizard_id) REFERENCES public.hr_employee_cv_wizard(id) ON DELETE CASCADE
hr_employee_hr_employee_delete_wizard_rel,hr_employee_id,hr_employee,hr_employee_hr_employee_delete_wizard_rel_hr_employee_id_fkey,FOREIGN KEY (hr_employee_id) REFERENCES public.hr_employee(id) ON DELETE CASCADE
hr_employee_hr_employee_delete_wizard_rel,hr_employee_delete_wizard_id,hr_employee_delete_wizard,hr_employee_hr_employee_delet_hr_employee_delete_wizard_id_fkey,FOREIGN KEY (hr_employee_delete_wizard_id) REFERENCES public.hr_employee_delete_wizard(id) ON DELETE CASCADE
hr_employee_hr_leave_allocation_generate_multi_wizard_rel,hr_employee_id,hr_employee,hr_employee_hr_leave_allocation_generate_mu_hr_employee_id_fkey,FOREIGN KEY (hr_employee_id) REFERENCES public.hr_employee(id) ON DELETE CASCADE
hr_employee_hr_leave_allocation_generate_multi_wizard_rel,hr_leave_allocation_generate_multi_wizard_id,hr_leave_allocation_generate_multi_wizard,hr_employee_hr_leave_allocati_hr_leave_allocation_generate_fkey,FOREIGN KEY (hr_leave_allocation_generate_multi_wizard_id) REFERENCES public.hr_leave_allocation_generate_multi_wizard(id) ON DELETE CASCADE
hr_employee_hr_leave_generate_multi_wizard_rel,hr_employee_id,hr_employee,hr_employee_hr_leave_generate_multi_wizard__hr_employee_id_fkey,FOREIGN KEY (hr_employee_id) REFERENCES public.hr_employee(id) ON DELETE CASCADE
hr_employee_hr_leave_generate_multi_wizard_rel,hr_leave_generate_multi_wizard_id,hr_leave_generate_multi_wizard,hr_employee_hr_leave_generate_hr_leave_generate_multi_wiza_fkey,FOREIGN KEY (hr_leave_generate_multi_wizard_id) REFERENCES public.hr_leave_generate_multi_wizard(id) ON DELETE CASCADE
hr_employee_hr_payroll_index_rel,hr_employee_id,hr_employee,hr_employee_hr_payroll_index_rel_hr_employee_id_fkey,FOREIGN KEY (hr_employee_id) REFERENCES public.hr_employee(id) ON DELETE CASCADE
hr_employee_hr_payroll_index_rel,hr_payroll_index_id,hr_payroll_index,hr_employee_hr_payroll_index_rel_hr_payroll_index_id_fkey,FOREIGN KEY (hr_payroll_index_id) REFERENCES public.hr_payroll_index(id) ON DELETE CASCADE
hr_employee_hr_referral_campaign_wizard_rel,hr_employee_id,hr_employee,hr_employee_hr_referral_campaign_wizard_rel_hr_employee_id_fkey,FOREIGN KEY (hr_employee_id) REFERENCES public.hr_employee(id) ON DELETE CASCADE
hr_employee_hr_referral_campaign_wizard_rel,hr_referral_campaign_wizard_id,hr_referral_campaign_wizard,hr_employee_hr_referral_campa_hr_referral_campaign_wizard__fkey,FOREIGN KEY (hr_referral_campaign_wizard_id) REFERENCES public.hr_referral_campaign_wizard(id) ON DELETE CASCADE
hr_employee_hr_salary_attachment_rel,hr_employee_id,hr_employee,hr_employee_hr_salary_attachment_rel_hr_employee_id_fkey,FOREIGN KEY (hr_employee_id) REFERENCES public.hr_employee(id) ON DELETE CASCADE
hr_employee_hr_salary_attachment_rel,hr_salary_attachment_id,hr_salary_attachment,hr_employee_hr_salary_attachment_r_hr_salary_attachment_id_fkey,FOREIGN KEY (hr_salary_attachment_id) REFERENCES public.hr_salary_attachment(id) ON DELETE CASCADE
hr_employee_hr_skill_rel,hr_employee_id,hr_employee,hr_employee_hr_skill_rel_hr_employee_id_fkey,FOREIGN KEY (hr_employee_id) REFERENCES public.hr_employee(id) ON DELETE CASCADE
hr_employee_hr_skill_rel,hr_skill_id,hr_skill,hr_employee_hr_skill_rel_hr_skill_id_fkey,FOREIGN KEY (hr_skill_id) REFERENCES public.hr_skill(id) ON DELETE CASCADE
hr_employee_hr_work_entry_regeneration_wizard_rel,hr_employee_id,hr_employee,hr_employee_hr_work_entry_regeneration_wiza_hr_employee_id_fkey,FOREIGN KEY (hr_employee_id) REFERENCES public.hr_employee(id) ON DELETE CASCADE
hr_employee_hr_work_entry_regeneration_wizard_rel,hr_work_entry_regeneration_wizard_id,hr_work_entry_regeneration_wizard,hr_employee_hr_work_entry_reg_hr_work_entry_regeneration_w_fkey,FOREIGN KEY (hr_work_entry_regeneration_wizard_id) REFERENCES public.hr_work_entry_regeneration_wizard(id) ON DELETE CASCADE
hr_employee_location,employee_id,hr_employee,hr_employee_location_employee_id_fkey,FOREIGN KEY (employee_id) REFERENCES public.hr_employee(id) ON DELETE CASCADE
hr_employee_location,work_location_id,hr_work_location,hr_employee_location_work_location_id_fkey,FOREIGN KEY (work_location_id) REFERENCES public.hr_work_location(id) ON DELETE RESTRICT
hr_employee_location,create_uid,res_users,hr_employee_location_create_uid_fkey,FOREIGN KEY (create_uid) REFERENCES public.res_users(id) ON DELETE SET NULL
hr_employee_location,write_uid,res_users,hr_employee_location_write_uid_fkey,FOREIGN KEY (write_uid) REFERENCES public.res_users(id) ON DELETE SET NULL
hr_employee_mrp_workcenter_rel,hr_employee_id,hr_employee,hr_employee_mrp_workcenter_rel_hr_employee_id_fkey,FOREIGN KEY (hr_employee_id) REFERENCES public.hr_employee(id) ON DELETE CASCADE
hr_employee_mrp_workcenter_rel,mrp_workcenter_id,mrp_workcenter,hr_employee_mrp_workcenter_rel_mrp_workcenter_id_fkey,FOREIGN KEY (mrp_workcenter_id) REFERENCES public.mrp_workcenter(id) ON DELETE CASCADE
hr_employee_mrp_workorder_rel,hr_employee_id,hr_employee,hr_employee_mrp_workorder_rel_hr_employee_id_fkey,FOREIGN KEY (hr_employee_id) REFERENCES public.hr_employee(id) ON DELETE CASCADE
hr_employee_mrp_workorder_rel,mrp_workorder_id,mrp_workorder,hr_employee_mrp_workorder_rel_mrp_workorder_id_fkey,FOREIGN KEY (mrp_workorder_id) REFERENCES public.mrp_workorder(id) ON DELETE CASCADE
hr_employee_planning_send_rel,hr_employee_id,hr_employee,hr_employee_planning_send_rel_hr_employee_id_fkey,FOREIGN KEY (hr_employee_id) REFERENCES public.hr_employee(id) ON DELETE CASCADE
hr_employee_planning_send_rel,planning_send_id,planning_send,hr_employee_planning_send_rel_planning_send_id_fkey,FOREIGN KEY (planning_send_id) REFERENCES public.planning_send(id) ON DELETE CASCADE
hr_employee_sign_request_rel,hr_employee_id,hr_employee,hr_employee_sign_request_rel_hr_employee_id_fkey,FOREIGN KEY (hr_employee_id) REFERENCES public.hr_employee(id) ON DELETE CASCADE
hr_employee_sign_request_rel,sign_request_id,sign_request,hr_employee_sign_request_rel_sign_request_id_fkey,FOREIGN KEY (sign_request_id) REFERENCES public.sign_request(id) ON DELETE CASCADE
hr_employee_skill,employee_id,hr_employee,hr_employee_skill_employee_id_fkey,FOREIGN KEY (employee_id) REFERENCES public.hr_employee(id) ON DELETE CASCADE
hr_employee_skill,skill_id,hr_skill,hr_employee_skill_skill_id_fkey,FOREIGN KEY (skill_id) REFERENCES public.hr_skill(id) ON DELETE CASCADE
hr_employee_skill,skill_level_id,hr_skill_level,hr_employee_skill_skill_level_id_fkey,FOREIGN KEY (skill_level_id) REFERENCES public.hr_skill_level(id) ON DELETE CASCADE
hr_employee_skill,skill_type_id,hr_skill_type,hr_employee_skill_skill_type_id_fkey,FOREIGN KEY (skill_type_id) REFERENCES public.hr_skill_type(id) ON DELETE CASCADE
hr_employee_skill,create_uid,res_users,hr_employee_skill_create_uid_fkey,FOREIGN KEY (create_uid) REFERENCES public.res_users(id) ON DELETE SET NULL
hr_employee_skill,write_uid,res_users,hr_employee_skill_write_uid_fkey,FOREIGN KEY (write_uid) REFERENCES public.res_users(id) ON DELETE SET NULL
hr_expense,account_id,account_account,hr_expense_account_id_fkey,FOREIGN KEY (account_id) REFERENCES public.account_account(id) ON DELETE SET NULL
hr_expense,account_move_id,account_move,hr_expense_account_move_id_fkey,FOREIGN KEY (account_move_id) REFERENCES public.account_move(id) ON DELETE SET NULL
hr_expense,payment_method_line_id,account_payment_method_line,hr_expense_payment_method_line_id_fkey,FOREIGN KEY (payment_method_line_id) REFERENCES public.account_payment_method_line(id) ON DELETE SET NULL
hr_expense,department_id,hr_department,hr_expense_department_id_fkey,FOREIGN KEY (department_id) REFERENCES public.hr_department(id) ON DELETE SET NULL
hr_expense,employee_id,hr_employee,hr_expense_employee_id_fkey,FOREIGN KEY (employee_id) REFERENCES public.hr_employee(id) ON DELETE RESTRICT
hr_expense,split_expense_origin_id,hr_expense,hr_expense_split_expense_origin_id_fkey,FOREIGN KEY (split_expense_origin_id) REFERENCES public.hr_expense(id) ON DELETE SET NULL
hr_expense,payslip_id,hr_payslip,hr_expense_payslip_id_fkey,FOREIGN KEY (payslip_id) REFERENCES public.hr_payslip(id) ON DELETE SET NULL
hr_expense,message_main_attachment_id,ir_attachment,hr_expense_message_main_attachment_id_fkey,FOREIGN KEY (message_main_attachment_id) REFERENCES public.ir_attachment(id) ON DELETE SET NULL
hr_expense,product_id,product_product,hr_expense_product_id_fkey,FOREIGN KEY (product_id) REFERENCES public.product_product(id) ON DELETE RESTRICT
hr_expense,company_id,res_company,hr_expense_company_id_fkey,FOREIGN KEY (company_id) REFERENCES public.res_company(id) ON DELETE RESTRICT
hr_expense,currency_id,res_currency,hr_expense_currency_id_fkey,FOREIGN KEY (currency_id) REFERENCES public.res_currency(id) ON DELETE RESTRICT
hr_expense,vendor_id,res_partner,hr_expense_vendor_id_fkey,FOREIGN KEY (vendor_id) REFERENCES public.res_partner(id) ON DELETE SET NULL
hr_expense,create_uid,res_users,hr_expense_create_uid_fkey,FOREIGN KEY (create_uid) REFERENCES public.res_users(id) ON DELETE SET NULL
hr_expense,manager_id,res_users,hr_expense_manager_id_fkey,FOREIGN KEY (manager_id) REFERENCES public.res_users(id) ON DELETE SET NULL
hr_expense,write_uid,res_users,hr_expense_write_uid_fkey,FOREIGN KEY (write_uid) REFERENCES public.res_users(id) ON DELETE SET NULL
hr_expense,sale_order_id,sale_order,hr_expense_sale_order_id_fkey,FOREIGN KEY (sale_order_id) REFERENCES public.sale_order(id) ON DELETE SET NULL
hr_expense,sale_order_line_id,sale_order_line,hr_expense_sale_order_line_id_fkey,FOREIGN KEY (sale_order_line_id) REFERENCES public.sale_order_line(id) ON DELETE SET NULL
hr_expense,product_uom_id,uom_uom,hr_expense_product_uom_id_fkey,FOREIGN KEY (product_uom_id) REFERENCES public.uom_uom(id) ON DELETE SET NULL
hr_expense_approve_duplicate,create_uid,res_users,hr_expense_approve_duplicate_create_uid_fkey,FOREIGN KEY (create_uid) REFERENCES public.res_users(id) ON DELETE SET NULL
hr_expense_approve_duplicate,write_uid,res_users,hr_expense_approve_duplicate_write_uid_fkey,FOREIGN KEY (write_uid) REFERENCES public.res_users(id) ON DELETE SET NULL
hr_expense_hr_expense_approve_duplicate_rel,hr_expense_id,hr_expense,hr_expense_hr_expense_approve_duplicate_rel_hr_expense_id_fkey,FOREIGN KEY (hr_expense_id) REFERENCES public.hr_expense(id) ON DELETE CASCADE
hr_expense_hr_expense_approve_duplicate_rel,hr_expense_approve_duplicate_id,hr_expense_approve_duplicate,hr_expense_hr_expense_approve_hr_expense_approve_duplicate_fkey,FOREIGN KEY (hr_expense_approve_duplicate_id) REFERENCES public.hr_expense_approve_duplicate(id) ON DELETE CASCADE
hr_expense_hr_expense_refuse_wizard_rel,hr_expense_id,hr_expense,hr_expense_hr_expense_refuse_wizard_rel_hr_expense_id_fkey,FOREIGN KEY (hr_expense_id) REFERENCES public.hr_expense(id) ON DELETE CASCADE
hr_expense_hr_expense_refuse_wizard_rel,hr_expense_refuse_wizard_id,hr_expense_refuse_wizard,hr_expense_hr_expense_refuse_w_hr_expense_refuse_wizard_id_fkey,FOREIGN KEY (hr_expense_refuse_wizard_id) REFERENCES public.hr_expense_refuse_wizard(id) ON DELETE CASCADE
hr_expense_post_wizard,employee_journal_id,account_journal,hr_expense_post_wizard_employee_journal_id_fkey,FOREIGN KEY (employee_journal_id) REFERENCES public.account_journal(id) ON DELETE SET NULL
hr_expense_post_wizard,company_id,res_company,hr_expense_post_wizard_company_id_fkey,FOREIGN KEY (company_id) REFERENCES public.res_company(id) ON DELETE SET NULL
hr_expense_post_wizard,create_uid,res_users,hr_expense_post_wizard_create_uid_fkey,FOREIGN KEY (create_uid) REFERENCES public.res_users(id) ON DELETE SET NULL
hr_expense_post_wizard,write_uid,res_users,hr_expense_post_wizard_write_uid_fkey,FOREIGN KEY (write_uid) REFERENCES public.res_users(id) ON DELETE SET NULL
hr_expense_refuse_wizard,create_uid,res_users,hr_expense_refuse_wizard_create_uid_fkey,FOREIGN KEY (create_uid) REFERENCES public.res_users(id) ON DELETE SET NULL
hr_expense_refuse_wizard,write_uid,res_users,hr_expense_refuse_wizard_write_uid_fkey,FOREIGN KEY (write_uid) REFERENCES public.res_users(id) ON DELETE SET NULL
hr_expense_split,employee_id,hr_employee,hr_expense_split_employee_id_fkey,FOREIGN KEY (employee_id) REFERENCES public.hr_employee(id) ON DELETE CASCADE
hr_expense_split,expense_id,hr_expense,hr_expense_split_expense_id_fkey,FOREIGN KEY (expense_id) REFERENCES public.hr_expense(id) ON DELETE SET NULL
hr_expense_split,wizard_id,hr_expense_split_wizard,hr_expense_split_wizard_id_fkey,FOREIGN KEY (wizard_id) REFERENCES public.hr_expense_split_wizard(id) ON DELETE SET NULL
hr_expense_split,product_id,product_product,hr_expense_split_product_id_fkey,FOREIGN KEY (product_id) REFERENCES public.product_product(id) ON DELETE CASCADE
hr_expense_split,company_id,res_company,hr_expense_split_company_id_fkey,FOREIGN KEY (company_id) REFERENCES public.res_company(id) ON DELETE SET NULL
hr_expense_split,currency_id,res_currency,hr_expense_split_currency_id_fkey,FOREIGN KEY (currency_id) REFERENCES public.res_currency(id) ON DELETE SET NULL
hr_expense_split,create_uid,res_users,hr_expense_split_create_uid_fkey,FOREIGN KEY (create_uid) REFERENCES public.res_users(id) ON DELETE SET NULL
hr_expense_split,manager_id,res_users,hr_expense_split_manager_id_fkey,FOREIGN KEY (manager_id) REFERENCES public.res_users(id) ON DELETE SET NULL
hr_expense_split,write_uid,res_users,hr_expense_split_write_uid_fkey,FOREIGN KEY (write_uid) REFERENCES public.res_users(id) ON DELETE SET NULL
hr_expense_split,sale_order_id,sale_order,hr_expense_split_sale_order_id_fkey,FOREIGN KEY (sale_order_id) REFERENCES public.sale_order(id) ON DELETE SET NULL
hr_expense_split_wizard,expense_id,hr_expense,hr_expense_split_wizard_expense_id_fkey,FOREIGN KEY (expense_id) REFERENCES public.hr_expense(id) ON DELETE CASCADE
hr_expense_split_wizard,create_uid,res_users,hr_expense_split_wizard_create_uid_fkey,FOREIGN KEY (create_uid) REFERENCES public.res_users(id) ON DELETE SET NULL
hr_expense_split_wizard,write_uid,res_users,hr_expense_split_wizard_write_uid_fkey,FOREIGN KEY (write_uid) REFERENCES public.res_users(id) ON DELETE SET NULL
hr_holidays_cancel_leave,leave_id,hr_leave,hr_holidays_cancel_leave_leave_id_fkey,FOREIGN KEY (leave_id) REFERENCES public.hr_leave(id) ON DELETE CASCADE
hr_holidays_cancel_leave,create_uid,res_users,hr_holidays_cancel_leave_create_uid_fkey,FOREIGN KEY (create_uid) REFERENCES public.res_users(id) ON DELETE SET NULL
hr_holidays_cancel_leave,write_uid,res_users,hr_holidays_cancel_leave_write_uid_fkey,FOREIGN KEY (write_uid) REFERENCES public.res_users(id) ON DELETE SET NULL
hr_holidays_summary_employee,create_uid,res_users,hr_holidays_summary_employee_create_uid_fkey,FOREIGN KEY (create_uid) REFERENCES public.res_users(id) ON DELETE SET NULL
hr_holidays_summary_employee,write_uid,res_users,hr_holidays_summary_employee_write_uid_fkey,FOREIGN KEY (write_uid) REFERENCES public.res_users(id) ON DELETE SET NULL
hr_job,contract_type_id,hr_contract_type,hr_job_contract_type_id_fkey,FOREIGN KEY (contract_type_id) REFERENCES public.hr_contract_type(id) ON DELETE SET NULL
hr_job,department_id,hr_department,hr_job_department_id_fkey,FOREIGN KEY (department_id) REFERENCES public.hr_department(id) ON DELETE SET NULL
hr_job,manager_id,hr_employee,hr_job_manager_id_fkey,FOREIGN KEY (manager_id) REFERENCES public.hr_employee(id) ON DELETE SET NULL
hr_job,expected_degree,hr_recruitment_degree,hr_job_expected_degree_fkey,FOREIGN KEY (expected_degree) REFERENCES public.hr_recruitment_degree(id) ON DELETE SET NULL
hr_job,alias_id,mail_alias,hr_job_alias_id_fkey,FOREIGN KEY (alias_id) REFERENCES public.mail_alias(id) ON DELETE RESTRICT
hr_job,company_id,res_company,hr_job_company_id_fkey,FOREIGN KEY (company_id) REFERENCES public.res_company(id) ON DELETE SET NULL
hr_job,address_id,res_partner,hr_job_address_id_fkey,FOREIGN KEY (address_id) REFERENCES public.res_partner(id) ON DELETE SET NULL
hr_job,industry_id,res_partner_industry,hr_job_industry_id_fkey,FOREIGN KEY (industry_id) REFERENCES public.res_partner_industry(id) ON DELETE SET NULL
hr_job,create_uid,res_users,hr_job_create_uid_fkey,FOREIGN KEY (create_uid) REFERENCES public.res_users(id) ON DELETE SET NULL
hr_job,user_id,res_users,hr_job_user_id_fkey,FOREIGN KEY (user_id) REFERENCES public.res_users(id) ON DELETE SET NULL
hr_job,write_uid,res_users,hr_job_write_uid_fkey,FOREIGN KEY (write_uid) REFERENCES public.res_users(id) ON DELETE SET NULL
hr_job,utm_campaign_id,utm_campaign,hr_job_utm_campaign_id_fkey,FOREIGN KEY (utm_campaign_id) REFERENCES public.utm_campaign(id) ON DELETE RESTRICT
hr_job,website_id,website,hr_job_website_id_fkey,FOREIGN KEY (website_id) REFERENCES public.website(id) ON DELETE RESTRICT
hr_job_extended_interviewer_res_users,hr_job_id,hr_job,hr_job_extended_interviewer_res_users_hr_job_id_fkey,FOREIGN KEY (hr_job_id) REFERENCES public.hr_job(id) ON DELETE CASCADE
hr_job_extended_interviewer_res_users,res_users_id,res_users,hr_job_extended_interviewer_res_users_res_users_id_fkey,FOREIGN KEY (res_users_id) REFERENCES public.res_users(id) ON DELETE CASCADE
hr_job_hr_leave_mandatory_day_rel,hr_job_id,hr_job,hr_job_hr_leave_mandatory_day_rel_hr_job_id_fkey,FOREIGN KEY (hr_job_id) REFERENCES public.hr_job(id) ON DELETE CASCADE
hr_job_hr_leave_mandatory_day_rel,hr_leave_mandatory_day_id,hr_leave_mandatory_day,hr_job_hr_leave_mandatory_day_re_hr_leave_mandatory_day_id_fkey,FOREIGN KEY (hr_leave_mandatory_day_id) REFERENCES public.hr_leave_mandatory_day(id) ON DELETE CASCADE
hr_job_hr_recruitment_stage_rel,hr_job_id,hr_job,hr_job_hr_recruitment_stage_rel_hr_job_id_fkey,FOREIGN KEY (hr_job_id) REFERENCES public.hr_job(id) ON DELETE CASCADE
hr_job_hr_recruitment_stage_rel,hr_recruitment_stage_id,hr_recruitment_stage,hr_job_hr_recruitment_stage_rel_hr_recruitment_stage_id_fkey,FOREIGN KEY (hr_recruitment_stage_id) REFERENCES public.hr_recruitment_stage(id) ON DELETE CASCADE
hr_job_hr_skill_rel,hr_job_id,hr_job,hr_job_hr_skill_rel_hr_job_id_fkey,FOREIGN KEY (hr_job_id) REFERENCES public.hr_job(id) ON DELETE CASCADE
hr_job_hr_skill_rel,hr_skill_id,hr_skill,hr_job_hr_skill_rel_hr_skill_id_fkey,FOREIGN KEY (hr_skill_id) REFERENCES public.hr_skill(id) ON DELETE CASCADE
hr_job_job_add_applicants_rel,hr_job_id,hr_job,hr_job_job_add_applicants_rel_hr_job_id_fkey,FOREIGN KEY (hr_job_id) REFERENCES public.hr_job(id) ON DELETE CASCADE
hr_job_job_add_applicants_rel,job_add_applicants_id,job_add_applicants,hr_job_job_add_applicants_rel_job_add_applicants_id_fkey,FOREIGN KEY (job_add_applicants_id) REFERENCES public.job_add_applicants(id) ON DELETE CASCADE
hr_job_platform,create_uid,res_users,hr_job_platform_create_uid_fkey,FOREIGN KEY (create_uid) REFERENCES public.res_users(id) ON DELETE SET NULL
hr_job_platform,write_uid,res_users,hr_job_platform_write_uid_fkey,FOREIGN KEY (write_uid) REFERENCES public.res_users(id) ON DELETE SET NULL
hr_job_res_users_rel,hr_job_id,hr_job,hr_job_res_users_rel_hr_job_id_fkey,FOREIGN KEY (hr_job_id) REFERENCES public.hr_job(id) ON DELETE CASCADE
hr_job_res_users_rel,res_users_id,res_users,hr_job_res_users_rel_res_users_id_fkey,FOREIGN KEY (res_users_id) REFERENCES public.res_users(id) ON DELETE CASCADE
hr_job_skill,job_id,hr_job,hr_job_skill_job_id_fkey,FOREIGN KEY (job_id) REFERENCES public.hr_job(id) ON DELETE CASCADE
hr_job_skill,skill_id,hr_skill,hr_job_skill_skill_id_fkey,FOREIGN KEY (skill_id) REFERENCES public.hr_skill(id) ON DELETE CASCADE
hr_job_skill,skill_level_id,hr_skill_level,hr_job_skill_skill_level_id_fkey,FOREIGN KEY (skill_level_id) REFERENCES public.hr_skill_level(id) ON DELETE CASCADE
hr_job_skill,skill_type_id,hr_skill_type,hr_job_skill_skill_type_id_fkey,FOREIGN KEY (skill_type_id) REFERENCES public.hr_skill_type(id) ON DELETE CASCADE
hr_job_skill,create_uid,res_users,hr_job_skill_create_uid_fkey,FOREIGN KEY (create_uid) REFERENCES public.res_users(id) ON DELETE SET NULL
hr_job_skill,write_uid,res_users,hr_job_skill_write_uid_fkey,FOREIGN KEY (write_uid) REFERENCES public.res_users(id) ON DELETE SET NULL
hr_leave,meeting_id,calendar_event,hr_leave_meeting_id_fkey,FOREIGN KEY (meeting_id) REFERENCES public.calendar_event(id) ON DELETE SET NULL
hr_leave,department_id,hr_department,hr_leave_department_id_fkey,FOREIGN KEY (department_id) REFERENCES public.hr_department(id) ON DELETE SET NULL
hr_leave,employee_id,hr_employee,hr_leave_employee_id_fkey,FOREIGN KEY (employee_id) REFERENCES public.hr_employee(id) ON DELETE RESTRICT
hr_leave,first_approver_id,hr_employee,hr_leave_first_approver_id_fkey,FOREIGN KEY (first_approver_id) REFERENCES public.hr_employee(id) ON DELETE SET NULL
hr_leave,second_approver_id,hr_employee,hr_leave_second_approver_id_fkey,FOREIGN KEY (second_approver_id) REFERENCES public.hr_employee(id) ON DELETE SET NULL
hr_leave,holiday_status_id,hr_leave_type,hr_leave_holiday_status_id_fkey,FOREIGN KEY (holiday_status_id) REFERENCES public.hr_leave_type(id) ON DELETE RESTRICT
hr_leave,message_main_attachment_id,ir_attachment,hr_leave_message_main_attachment_id_fkey,FOREIGN KEY (message_main_attachment_id) REFERENCES public.ir_attachment(id) ON DELETE SET NULL
hr_leave,company_id,res_company,hr_leave_company_id_fkey,FOREIGN KEY (company_id) REFERENCES public.res_company(id) ON DELETE SET NULL
hr_leave,employee_company_id,res_company,hr_leave_employee_company_id_fkey,FOREIGN KEY (employee_company_id) REFERENCES public.res_company(id) ON DELETE SET NULL
hr_leave,create_uid,res_users,hr_leave_create_uid_fkey,FOREIGN KEY (create_uid) REFERENCES public.res_users(id) ON DELETE SET NULL
hr_leave,user_id,res_users,hr_leave_user_id_fkey,FOREIGN KEY (user_id) REFERENCES public.res_users(id) ON DELETE SET NULL
hr_leave,write_uid,res_users,hr_leave_write_uid_fkey,FOREIGN KEY (write_uid) REFERENCES public.res_users(id) ON DELETE SET NULL
hr_leave,resource_calendar_id,resource_calendar,hr_leave_resource_calendar_id_fkey,FOREIGN KEY (resource_calendar_id) REFERENCES public.resource_calendar(id) ON DELETE SET NULL
hr_leave_accrual_level,accrual_plan_id,hr_leave_accrual_plan,hr_leave_accrual_level_accrual_plan_id_fkey,FOREIGN KEY (accrual_plan_id) REFERENCES public.hr_leave_accrual_plan(id) ON DELETE CASCADE
hr_leave_accrual_level,create_uid,res_users,hr_leave_accrual_level_create_uid_fkey,FOREIGN KEY (create_uid) REFERENCES public.res_users(id) ON DELETE SET NULL
hr_leave_accrual_level,write_uid,res_users,hr_leave_accrual_level_write_uid_fkey,FOREIGN KEY (write_uid) REFERENCES public.res_users(id) ON DELETE SET NULL
hr_leave_accrual_plan,time_off_type_id,hr_leave_type,hr_leave_accrual_plan_time_off_type_id_fkey,FOREIGN KEY (time_off_type_id) REFERENCES public.hr_leave_type(id) ON DELETE SET NULL
hr_leave_accrual_plan,company_id,res_company,hr_leave_accrual_plan_company_id_fkey,FOREIGN KEY (company_id) REFERENCES public.res_company(id) ON DELETE SET NULL
hr_leave_accrual_plan,create_uid,res_users,hr_leave_accrual_plan_create_uid_fkey,FOREIGN KEY (create_uid) REFERENCES public.res_users(id) ON DELETE SET NULL
hr_leave_accrual_plan,write_uid,res_users,hr_leave_accrual_plan_write_uid_fkey,FOREIGN KEY (write_uid) REFERENCES public.res_users(id) ON DELETE SET NULL
hr_leave_allocation,department_id,hr_department,hr_leave_allocation_department_id_fkey,FOREIGN KEY (department_id) REFERENCES public.hr_department(id) ON DELETE SET NULL
hr_leave_allocation,approver_id,hr_employee,hr_leave_allocation_approver_id_fkey,FOREIGN KEY (approver_id) REFERENCES public.hr_employee(id) ON DELETE SET NULL
hr_leave_allocation,employee_id,hr_employee,hr_leave_allocation_employee_id_fkey,FOREIGN KEY (employee_id) REFERENCES public.hr_employee(id) ON DELETE RESTRICT
hr_leave_allocation,manager_id,hr_employee,hr_leave_allocation_manager_id_fkey,FOREIGN KEY (manager_id) REFERENCES public.hr_employee(id) ON DELETE SET NULL
hr_leave_allocation,second_approver_id,hr_employee,hr_leave_allocation_second_approver_id_fkey,FOREIGN KEY (second_approver_id) REFERENCES public.hr_employee(id) ON DELETE SET NULL
hr_leave_allocation,accrual_plan_id,hr_leave_accrual_plan,hr_leave_allocation_accrual_plan_id_fkey,FOREIGN KEY (accrual_plan_id) REFERENCES public.hr_leave_accrual_plan(id) ON DELETE SET NULL
hr_leave_allocation,holiday_status_id,hr_leave_type,hr_leave_allocation_holiday_status_id_fkey,FOREIGN KEY (holiday_status_id) REFERENCES public.hr_leave_type(id) ON DELETE RESTRICT
hr_leave_allocation,employee_company_id,res_company,hr_leave_allocation_employee_company_id_fkey,FOREIGN KEY (employee_company_id) REFERENCES public.res_company(id) ON DELETE SET NULL
hr_leave_allocation,create_uid,res_users,hr_leave_allocation_create_uid_fkey,FOREIGN KEY (create_uid) REFERENCES public.res_users(id) ON DELETE SET NULL
hr_leave_allocation,write_uid,res_users,hr_leave_allocation_write_uid_fkey,FOREIGN KEY (write_uid) REFERENCES public.res_users(id) ON DELETE SET NULL
hr_leave_allocation_generate_multi_wizard,department_id,hr_department,hr_leave_allocation_generate_multi_wizard_department_id_fkey,FOREIGN KEY (department_id) REFERENCES public.hr_department(id) ON DELETE SET NULL
hr_leave_allocation_generate_multi_wizard,category_id,hr_employee_category,hr_leave_allocation_generate_multi_wizard_category_id_fkey,FOREIGN KEY (category_id) REFERENCES public.hr_employee_category(id) ON DELETE SET NULL
hr_leave_allocation_generate_multi_wizard,accrual_plan_id,hr_leave_accrual_plan,hr_leave_allocation_generate_multi_wizard_accrual_plan_id_fkey,FOREIGN KEY (accrual_plan_id) REFERENCES public.hr_leave_accrual_plan(id) ON DELETE SET NULL
hr_leave_allocation_generate_multi_wizard,holiday_status_id,hr_leave_type,hr_leave_allocation_generate_multi_wizar_holiday_status_id_fkey,FOREIGN KEY (holiday_status_id) REFERENCES public.hr_leave_type(id) ON DELETE CASCADE
hr_leave_allocation_generate_multi_wizard,company_id,res_company,hr_leave_allocation_generate_multi_wizard_company_id_fkey,FOREIGN KEY (company_id) REFERENCES public.res_company(id) ON DELETE CASCADE
hr_leave_allocation_generate_multi_wizard,create_uid,res_users,hr_leave_allocation_generate_multi_wizard_create_uid_fkey,FOREIGN KEY (create_uid) REFERENCES public.res_users(id) ON DELETE SET NULL
hr_leave_allocation_generate_multi_wizard,write_uid,res_users,hr_leave_allocation_generate_multi_wizard_write_uid_fkey,FOREIGN KEY (write_uid) REFERENCES public.res_users(id) ON DELETE SET NULL
hr_leave_generate_multi_wizard,department_id,hr_department,hr_leave_generate_multi_wizard_department_id_fkey,FOREIGN KEY (department_id) REFERENCES public.hr_department(id) ON DELETE SET NULL
hr_leave_generate_multi_wizard,category_id,hr_employee_category,hr_leave_generate_multi_wizard_category_id_fkey,FOREIGN KEY (category_id) REFERENCES public.hr_employee_category(id) ON DELETE SET NULL
hr_leave_generate_multi_wizard,holiday_status_id,hr_leave_type,hr_leave_generate_multi_wizard_holiday_status_id_fkey,FOREIGN KEY (holiday_status_id) REFERENCES public.hr_leave_type(id) ON DELETE CASCADE
hr_leave_generate_multi_wizard,company_id,res_company,hr_leave_generate_multi_wizard_company_id_fkey,FOREIGN KEY (company_id) REFERENCES public.res_company(id) ON DELETE CASCADE
hr_leave_generate_multi_wizard,create_uid,res_users,hr_leave_generate_multi_wizard_create_uid_fkey,FOREIGN KEY (create_uid) REFERENCES public.res_users(id) ON DELETE SET NULL
hr_leave_generate_multi_wizard,write_uid,res_users,hr_leave_generate_multi_wizard_write_uid_fkey,FOREIGN KEY (write_uid) REFERENCES public.res_users(id) ON DELETE SET NULL
hr_leave_mandatory_day,company_id,res_company,hr_leave_mandatory_day_company_id_fkey,FOREIGN KEY (company_id) REFERENCES public.res_company(id) ON DELETE RESTRICT
hr_leave_mandatory_day,create_uid,res_users,hr_leave_mandatory_day_create_uid_fkey,FOREIGN KEY (create_uid) REFERENCES public.res_users(id) ON DELETE SET NULL
hr_leave_mandatory_day,write_uid,res_users,hr_leave_mandatory_day_write_uid_fkey,FOREIGN KEY (write_uid) REFERENCES public.res_users(id) ON DELETE SET NULL
hr_leave_mandatory_day,resource_calendar_id,resource_calendar,hr_leave_mandatory_day_resource_calendar_id_fkey,FOREIGN KEY (resource_calendar_id) REFERENCES public.resource_calendar(id) ON DELETE SET NULL
hr_leave_type,work_entry_type_id,hr_work_entry_type,hr_leave_type_work_entry_type_id_fkey,FOREIGN KEY (work_entry_type_id) REFERENCES public.hr_work_entry_type(id) ON DELETE SET NULL
hr_leave_type,icon_id,ir_attachment,hr_leave_type_icon_id_fkey,FOREIGN KEY (icon_id) REFERENCES public.ir_attachment(id) ON DELETE SET NULL
hr_leave_type,allocation_notif_subtype_id,mail_message_subtype,hr_leave_type_allocation_notif_subtype_id_fkey,FOREIGN KEY (allocation_notif_subtype_id) REFERENCES public.mail_message_subtype(id) ON DELETE SET NULL
hr_leave_type,leave_notif_subtype_id,mail_message_subtype,hr_leave_type_leave_notif_subtype_id_fkey,FOREIGN KEY (leave_notif_subtype_id) REFERENCES public.mail_message_subtype(id) ON DELETE SET NULL
hr_leave_type,company_id,res_company,hr_leave_type_company_id_fkey,FOREIGN KEY (company_id) REFERENCES public.res_company(id) ON DELETE SET NULL
hr_leave_type,country_id,res_country,hr_leave_type_country_id_fkey,FOREIGN KEY (country_id) REFERENCES public.res_country(id) ON DELETE SET NULL
hr_leave_type,create_uid,res_users,hr_leave_type_create_uid_fkey,FOREIGN KEY (create_uid) REFERENCES public.res_users(id) ON DELETE SET NULL
hr_leave_type,write_uid,res_users,hr_leave_type_write_uid_fkey,FOREIGN KEY (write_uid) REFERENCES public.res_users(id) ON DELETE SET NULL
hr_leave_type_res_users_rel,hr_leave_type_id,hr_leave_type,hr_leave_type_res_users_rel_hr_leave_type_id_fkey,FOREIGN KEY (hr_leave_type_id) REFERENCES public.hr_leave_type(id) ON DELETE CASCADE
hr_leave_type_res_users_rel,res_users_id,res_users,hr_leave_type_res_users_rel_res_users_id_fkey,FOREIGN KEY (res_users_id) REFERENCES public.res_users(id) ON DELETE CASCADE
hr_payroll_dashboard_warning,country_id,res_country,hr_payroll_dashboard_warning_country_id_fkey,FOREIGN KEY (country_id) REFERENCES public.res_country(id) ON DELETE SET NULL
hr_payroll_dashboard_warning,create_uid,res_users,hr_payroll_dashboard_warning_create_uid_fkey,FOREIGN KEY (create_uid) REFERENCES public.res_users(id) ON DELETE SET NULL
hr_payroll_dashboard_warning,write_uid,res_users,hr_payroll_dashboard_warning_write_uid_fkey,FOREIGN KEY (write_uid) REFERENCES public.res_users(id) ON DELETE SET NULL
hr_payroll_edit_payslip_line,edit_payslip_lines_wizard_id,hr_payroll_edit_payslip_lines_wizard,hr_payroll_edit_payslip_line_edit_payslip_lines_wizard_id_fkey,FOREIGN KEY (edit_payslip_lines_wizard_id) REFERENCES public.hr_payroll_edit_payslip_lines_wizard(id) ON DELETE CASCADE
hr_payroll_edit_payslip_line,salary_rule_id,hr_salary_rule,hr_payroll_edit_payslip_line_salary_rule_id_fkey,FOREIGN KEY (salary_rule_id) REFERENCES public.hr_salary_rule(id) ON DELETE SET NULL
hr_payroll_edit_payslip_line,create_uid,res_users,hr_payroll_edit_payslip_line_create_uid_fkey,FOREIGN KEY (create_uid) REFERENCES public.res_users(id) ON DELETE SET NULL
hr_payroll_edit_payslip_line,write_uid,res_users,hr_payroll_edit_payslip_line_write_uid_fkey,FOREIGN KEY (write_uid) REFERENCES public.res_users(id) ON DELETE SET NULL
hr_payroll_edit_payslip_lines_wizard,payslip_id,hr_payslip,hr_payroll_edit_payslip_lines_wizard_payslip_id_fkey,FOREIGN KEY (payslip_id) REFERENCES public.hr_payslip(id) ON DELETE CASCADE
hr_payroll_edit_payslip_lines_wizard,create_uid,res_users,hr_payroll_edit_payslip_lines_wizard_create_uid_fkey,FOREIGN KEY (create_uid) REFERENCES public.res_users(id) ON DELETE SET NULL
hr_payroll_edit_payslip_lines_wizard,write_uid,res_users,hr_payroll_edit_payslip_lines_wizard_write_uid_fkey,FOREIGN KEY (write_uid) REFERENCES public.res_users(id) ON DELETE SET NULL
hr_payroll_edit_payslip_worked_days_line,edit_payslip_lines_wizard_id,hr_payroll_edit_payslip_lines_wizard,hr_payroll_edit_payslip_worke_edit_payslip_lines_wizard_id_fkey,FOREIGN KEY (edit_payslip_lines_wizard_id) REFERENCES public.hr_payroll_edit_payslip_lines_wizard(id) ON DELETE CASCADE
hr_payroll_edit_payslip_worked_days_line,work_entry_type_id,hr_work_entry_type,hr_payroll_edit_payslip_worked_days_lin_work_entry_type_id_fkey,FOREIGN KEY (work_entry_type_id) REFERENCES public.hr_work_entry_type(id) ON DELETE SET NULL
hr_payroll_edit_payslip_worked_days_line,create_uid,res_users,hr_payroll_edit_payslip_worked_days_line_create_uid_fkey,FOREIGN KEY (create_uid) REFERENCES public.res_users(id) ON DELETE SET NULL
hr_payroll_edit_payslip_worked_days_line,write_uid,res_users,hr_payroll_edit_payslip_worked_days_line_write_uid_fkey,FOREIGN KEY (write_uid) REFERENCES public.res_users(id) ON DELETE SET NULL
hr_payroll_employee_declaration,document_id,documents_document,hr_payroll_employee_declaration_document_id_fkey,FOREIGN KEY (document_id) REFERENCES public.documents_document(id) ON DELETE SET NULL
hr_payroll_employee_declaration,employee_id,hr_employee,hr_payroll_employee_declaration_employee_id_fkey,FOREIGN KEY (employee_id) REFERENCES public.hr_employee(id) ON DELETE SET NULL
hr_payroll_employee_declaration,company_id,res_company,hr_payroll_employee_declaration_company_id_fkey,FOREIGN KEY (company_id) REFERENCES public.res_company(id) ON DELETE RESTRICT
hr_payroll_employee_declaration,create_uid,res_users,hr_payroll_employee_declaration_create_uid_fkey,FOREIGN KEY (create_uid) REFERENCES public.res_users(id) ON DELETE SET NULL
hr_payroll_employee_declaration,write_uid,res_users,hr_payroll_employee_declaration_write_uid_fkey,FOREIGN KEY (write_uid) REFERENCES public.res_users(id) ON DELETE SET NULL
hr_payroll_headcount,company_id,res_company,hr_payroll_headcount_company_id_fkey,FOREIGN KEY (company_id) REFERENCES public.res_company(id) ON DELETE SET NULL
hr_payroll_headcount,create_uid,res_users,hr_payroll_headcount_create_uid_fkey,FOREIGN KEY (create_uid) REFERENCES public.res_users(id) ON DELETE SET NULL
hr_payroll_headcount,write_uid,res_users,hr_payroll_headcount_write_uid_fkey,FOREIGN KEY (write_uid) REFERENCES public.res_users(id) ON DELETE SET NULL
hr_payroll_headcount_line,headcount_id,hr_payroll_headcount,hr_payroll_headcount_line_headcount_id_fkey,FOREIGN KEY (headcount_id) REFERENCES public.hr_payroll_headcount(id) ON DELETE CASCADE
hr_payroll_headcount_line,version_id,hr_version,hr_payroll_headcount_line_version_id_fkey,FOREIGN KEY (version_id) REFERENCES public.hr_version(id) ON DELETE RESTRICT
hr_payroll_headcount_line,create_uid,res_users,hr_payroll_headcount_line_create_uid_fkey,FOREIGN KEY (create_uid) REFERENCES public.res_users(id) ON DELETE SET NULL
hr_payroll_headcount_line,write_uid,res_users,hr_payroll_headcount_line_write_uid_fkey,FOREIGN KEY (write_uid) REFERENCES public.res_users(id) ON DELETE SET NULL
hr_payroll_headcount_line_hr_payroll_headcount_working_rate_rel,hr_payroll_headcount_line_id,hr_payroll_headcount_line,hr_payroll_headcount_line_hr__hr_payroll_headcount_line_id_fkey,FOREIGN KEY (hr_payroll_headcount_line_id) REFERENCES public.hr_payroll_headcount_line(id) ON DELETE CASCADE
hr_payroll_headcount_line_hr_payroll_headcount_working_rate_rel,hr_payroll_headcount_working_rate_id,hr_payroll_headcount_working_rate,hr_payroll_headcount_line_hr__hr_payroll_headcount_working_fkey,FOREIGN KEY (hr_payroll_headcount_working_rate_id) REFERENCES public.hr_payroll_headcount_working_rate(id) ON DELETE CASCADE
hr_payroll_headcount_working_rate,create_uid,res_users,hr_payroll_headcount_working_rate_create_uid_fkey,FOREIGN KEY (create_uid) REFERENCES public.res_users(id) ON DELETE SET NULL
hr_payroll_headcount_working_rate,write_uid,res_users,hr_payroll_headcount_working_rate_write_uid_fkey,FOREIGN KEY (write_uid) REFERENCES public.res_users(id) ON DELETE SET NULL
hr_payroll_index,create_uid,res_users,hr_payroll_index_create_uid_fkey,FOREIGN KEY (create_uid) REFERENCES public.res_users(id) ON DELETE SET NULL
hr_payroll_index,write_uid,res_users,hr_payroll_index_write_uid_fkey,FOREIGN KEY (write_uid) REFERENCES public.res_users(id) ON DELETE SET NULL
hr_payroll_index_hr_version_rel,hr_payroll_index_id,hr_payroll_index,hr_payroll_index_hr_version_rel_hr_payroll_index_id_fkey,FOREIGN KEY (hr_payroll_index_id) REFERENCES public.hr_payroll_index(id) ON DELETE CASCADE
hr_payroll_index_hr_version_rel,hr_version_id,hr_version,hr_payroll_index_hr_version_rel_hr_version_id_fkey,FOREIGN KEY (hr_version_id) REFERENCES public.hr_version(id) ON DELETE CASCADE
hr_payroll_note,company_id,res_company,hr_payroll_note_company_id_fkey,FOREIGN KEY (company_id) REFERENCES public.res_company(id) ON DELETE RESTRICT
hr_payroll_note,create_uid,res_users,hr_payroll_note_create_uid_fkey,FOREIGN KEY (create_uid) REFERENCES public.res_users(id) ON DELETE SET NULL
hr_payroll_note,write_uid,res_users,hr_payroll_note_write_uid_fkey,FOREIGN KEY (write_uid) REFERENCES public.res_users(id) ON DELETE SET NULL
hr_payroll_payment_report_wizard,payslip_run_id,hr_payslip_run,hr_payroll_payment_report_wizard_payslip_run_id_fkey,FOREIGN KEY (payslip_run_id) REFERENCES public.hr_payslip_run(id) ON DELETE SET NULL
hr_payroll_payment_report_wizard,create_uid,res_users,hr_payroll_payment_report_wizard_create_uid_fkey,FOREIGN KEY (create_uid) REFERENCES public.res_users(id) ON DELETE SET NULL
hr_payroll_payment_report_wizard,write_uid,res_users,hr_payroll_payment_report_wizard_write_uid_fkey,FOREIGN KEY (write_uid) REFERENCES public.res_users(id) ON DELETE SET NULL
hr_payroll_payment_report_wizard_hr_payslip_rel,hr_payroll_payment_report_wizard_id,hr_payroll_payment_report_wizard,hr_payroll_payment_report_wiz_hr_payroll_payment_report_wi_fkey,FOREIGN KEY (hr_payroll_payment_report_wizard_id) REFERENCES public.hr_payroll_payment_report_wizard(id) ON DELETE CASCADE
hr_payroll_payment_report_wizard_hr_payslip_rel,hr_payslip_id,hr_payslip,hr_payroll_payment_report_wizard_hr_payslip__hr_payslip_id_fkey,FOREIGN KEY (hr_payslip_id) REFERENCES public.hr_payslip(id) ON DELETE CASCADE
hr_payroll_structure,type_id,hr_payroll_structure_type,hr_payroll_structure_type_id_fkey,FOREIGN KEY (type_id) REFERENCES public.hr_payroll_structure_type(id) ON DELETE RESTRICT
hr_payroll_structure,report_id,ir_act_report_xml,hr_payroll_structure_report_id_fkey,FOREIGN KEY (report_id) REFERENCES public.ir_act_report_xml(id) ON DELETE SET NULL
hr_payroll_structure,country_id,res_country,hr_payroll_structure_country_id_fkey,FOREIGN KEY (country_id) REFERENCES public.res_country(id) ON DELETE SET NULL
hr_payroll_structure,create_uid,res_users,hr_payroll_structure_create_uid_fkey,FOREIGN KEY (create_uid) REFERENCES public.res_users(id) ON DELETE SET NULL
hr_payroll_structure,write_uid,res_users,hr_payroll_structure_write_uid_fkey,FOREIGN KEY (write_uid) REFERENCES public.res_users(id) ON DELETE SET NULL
hr_payroll_structure_hr_payslip_input_type_rel,hr_payroll_structure_id,hr_payroll_structure,hr_payroll_structure_hr_payslip_in_hr_payroll_structure_id_fkey,FOREIGN KEY (hr_payroll_structure_id) REFERENCES public.hr_payroll_structure(id) ON DELETE CASCADE
hr_payroll_structure_hr_payslip_input_type_rel,hr_payslip_input_type_id,hr_payslip_input_type,hr_payroll_structure_hr_payslip_i_hr_payslip_input_type_id_fkey,FOREIGN KEY (hr_payslip_input_type_id) REFERENCES public.hr_payslip_input_type(id) ON DELETE CASCADE
hr_payroll_structure_hr_salary_rule_section_rel,hr_payroll_structure_id,hr_payroll_structure,hr_payroll_structure_hr_salary_rul_hr_payroll_structure_id_fkey,FOREIGN KEY (hr_payroll_structure_id) REFERENCES public.hr_payroll_structure(id) ON DELETE CASCADE
hr_payroll_structure_hr_salary_rule_section_rel,hr_salary_rule_section_id,hr_salary_rule_section,hr_payroll_structure_hr_salary_r_hr_salary_rule_section_id_fkey,FOREIGN KEY (hr_salary_rule_section_id) REFERENCES public.hr_salary_rule_section(id) ON DELETE CASCADE
hr_payroll_structure_hr_work_entry_type_rel,hr_payroll_structure_id,hr_payroll_structure,hr_payroll_structure_hr_work_entry_hr_payroll_structure_id_fkey,FOREIGN KEY (hr_payroll_structure_id) REFERENCES public.hr_payroll_structure(id) ON DELETE CASCADE
hr_payroll_structure_hr_work_entry_type_rel,hr_work_entry_type_id,hr_work_entry_type,hr_payroll_structure_hr_work_entry_t_hr_work_entry_type_id_fkey,FOREIGN KEY (hr_work_entry_type_id) REFERENCES public.hr_work_entry_type(id) ON DELETE CASCADE
hr_payroll_structure_type,default_struct_id,hr_payroll_structure,hr_payroll_structure_type_default_struct_id_fkey,FOREIGN KEY (default_struct_id) REFERENCES public.hr_payroll_structure(id) ON DELETE SET NULL
hr_payroll_structure_type,default_work_entry_type_id,hr_work_entry_type,hr_payroll_structure_type_default_work_entry_type_id_fkey,FOREIGN KEY (default_work_entry_type_id) REFERENCES public.hr_work_entry_type(id) ON DELETE RESTRICT
hr_payroll_structure_type,country_id,res_country,hr_payroll_structure_type_country_id_fkey,FOREIGN KEY (country_id) REFERENCES public.res_country(id) ON DELETE SET NULL
hr_payroll_structure_type,create_uid,res_users,hr_payroll_structure_type_create_uid_fkey,FOREIGN KEY (create_uid) REFERENCES public.res_users(id) ON DELETE SET NULL
hr_payroll_structure_type,write_uid,res_users,hr_payroll_structure_type_write_uid_fkey,FOREIGN KEY (write_uid) REFERENCES public.res_users(id) ON DELETE SET NULL
hr_payroll_structure_type,default_resource_calendar_id,resource_calendar,hr_payroll_structure_type_default_resource_calendar_id_fkey,FOREIGN KEY (default_resource_calendar_id) REFERENCES public.resource_calendar(id) ON DELETE SET NULL
hr_payslip,move_id,account_move,hr_payslip_move_id_fkey,FOREIGN KEY (move_id) REFERENCES public.account_move(id) ON DELETE SET NULL
hr_payslip,department_id,hr_department,hr_payslip_department_id_fkey,FOREIGN KEY (department_id) REFERENCES public.hr_department(id) ON DELETE SET NULL
hr_payslip,employee_id,hr_employee,hr_payslip_employee_id_fkey,FOREIGN KEY (employee_id) REFERENCES public.hr_employee(id) ON DELETE RESTRICT
hr_payslip,job_id,hr_job,hr_payslip_job_id_fkey,FOREIGN KEY (job_id) REFERENCES public.hr_job(id) ON DELETE SET NULL
hr_payslip,struct_id,hr_payroll_structure,hr_payslip_struct_id_fkey,FOREIGN KEY (struct_id) REFERENCES public.hr_payroll_structure(id) ON DELETE SET NULL
hr_payslip,origin_payslip_id,hr_payslip,hr_payslip_origin_payslip_id_fkey,FOREIGN KEY (origin_payslip_id) REFERENCES public.hr_payslip(id) ON DELETE SET NULL
hr_payslip,payslip_run_id,hr_payslip_run,hr_payslip_payslip_run_id_fkey,FOREIGN KEY (payslip_run_id) REFERENCES public.hr_payslip_run(id) ON DELETE CASCADE
hr_payslip,version_id,hr_version,hr_payslip_version_id_fkey,FOREIGN KEY (version_id) REFERENCES public.hr_version(id) ON DELETE SET NULL
hr_payslip,message_main_attachment_id,ir_attachment,hr_payslip_message_main_attachment_id_fkey,FOREIGN KEY (message_main_attachment_id) REFERENCES public.ir_attachment(id) ON DELETE SET NULL
hr_payslip,company_id,res_company,hr_payslip_company_id_fkey,FOREIGN KEY (company_id) REFERENCES public.res_company(id) ON DELETE RESTRICT
hr_payslip,create_uid,res_users,hr_payslip_create_uid_fkey,FOREIGN KEY (create_uid) REFERENCES public.res_users(id) ON DELETE SET NULL
hr_payslip,write_uid,res_users,hr_payslip_write_uid_fkey,FOREIGN KEY (write_uid) REFERENCES public.res_users(id) ON DELETE SET NULL
hr_payslip_correction_wizard,employee_id,hr_employee,hr_payslip_correction_wizard_employee_id_fkey,FOREIGN KEY (employee_id) REFERENCES public.hr_employee(id) ON DELETE CASCADE
hr_payslip_correction_wizard,payslip_id,hr_payslip,hr_payslip_correction_wizard_payslip_id_fkey,FOREIGN KEY (payslip_id) REFERENCES public.hr_payslip(id) ON DELETE CASCADE
hr_payslip_correction_wizard,create_uid,res_users,hr_payslip_correction_wizard_create_uid_fkey,FOREIGN KEY (create_uid) REFERENCES public.res_users(id) ON DELETE SET NULL
hr_payslip_correction_wizard,write_uid,res_users,hr_payslip_correction_wizard_write_uid_fkey,FOREIGN KEY (write_uid) REFERENCES public.res_users(id) ON DELETE SET NULL
hr_payslip_hr_salary_attachment_rel,hr_payslip_id,hr_payslip,hr_payslip_hr_salary_attachment_rel_hr_payslip_id_fkey,FOREIGN KEY (hr_payslip_id) REFERENCES public.hr_payslip(id) ON DELETE CASCADE
hr_payslip_hr_salary_attachment_rel,hr_salary_attachment_id,hr_salary_attachment,hr_payslip_hr_salary_attachment_re_hr_salary_attachment_id_fkey,FOREIGN KEY (hr_salary_attachment_id) REFERENCES public.hr_salary_attachment(id) ON DELETE CASCADE
hr_payslip_input,payslip_id,hr_payslip,hr_payslip_input_payslip_id_fkey,FOREIGN KEY (payslip_id) REFERENCES public.hr_payslip(id) ON DELETE CASCADE
hr_payslip_input,input_type_id,hr_payslip_input_type,hr_payslip_input_input_type_id_fkey,FOREIGN KEY (input_type_id) REFERENCES public.hr_payslip_input_type(id) ON DELETE RESTRICT
hr_payslip_input,create_uid,res_users,hr_payslip_input_create_uid_fkey,FOREIGN KEY (create_uid) REFERENCES public.res_users(id) ON DELETE SET NULL
hr_payslip_input,write_uid,res_users,hr_payslip_input_write_uid_fkey,FOREIGN KEY (write_uid) REFERENCES public.res_users(id) ON DELETE SET NULL
hr_payslip_input_type,country_id,res_country,hr_payslip_input_type_country_id_fkey,FOREIGN KEY (country_id) REFERENCES public.res_country(id) ON DELETE SET NULL
hr_payslip_input_type,create_uid,res_users,hr_payslip_input_type_create_uid_fkey,FOREIGN KEY (create_uid) REFERENCES public.res_users(id) ON DELETE SET NULL
hr_payslip_input_type,write_uid,res_users,hr_payslip_input_type_write_uid_fkey,FOREIGN KEY (write_uid) REFERENCES public.res_users(id) ON DELETE SET NULL
hr_payslip_line,employee_id,hr_employee,hr_payslip_line_employee_id_fkey,FOREIGN KEY (employee_id) REFERENCES public.hr_employee(id) ON DELETE RESTRICT
hr_payslip_line,slip_id,hr_payslip,hr_payslip_line_slip_id_fkey,FOREIGN KEY (slip_id) REFERENCES public.hr_payslip(id) ON DELETE CASCADE
hr_payslip_line,salary_rule_id,hr_salary_rule,hr_payslip_line_salary_rule_id_fkey,FOREIGN KEY (salary_rule_id) REFERENCES public.hr_salary_rule(id) ON DELETE RESTRICT
hr_payslip_line,version_id,hr_version,hr_payslip_line_version_id_fkey,FOREIGN KEY (version_id) REFERENCES public.hr_version(id) ON DELETE RESTRICT
hr_payslip_line,create_uid,res_users,hr_payslip_line_create_uid_fkey,FOREIGN KEY (create_uid) REFERENCES public.res_users(id) ON DELETE SET NULL
hr_payslip_line,write_uid,res_users,hr_payslip_line_write_uid_fkey,FOREIGN KEY (write_uid) REFERENCES public.res_users(id) ON DELETE SET NULL
hr_payslip_run,move_id,account_move,hr_payslip_run_move_id_fkey,FOREIGN KEY (move_id) REFERENCES public.account_move(id) ON DELETE SET NULL
hr_payslip_run,structure_id,hr_payroll_structure,hr_payslip_run_structure_id_fkey,FOREIGN KEY (structure_id) REFERENCES public.hr_payroll_structure(id) ON DELETE SET NULL
hr_payslip_run,company_id,res_company,hr_payslip_run_company_id_fkey,FOREIGN KEY (company_id) REFERENCES public.res_company(id) ON DELETE RESTRICT
hr_payslip_run,create_uid,res_users,hr_payslip_run_create_uid_fkey,FOREIGN KEY (create_uid) REFERENCES public.res_users(id) ON DELETE SET NULL
hr_payslip_run,write_uid,res_users,hr_payslip_run_write_uid_fkey,FOREIGN KEY (write_uid) REFERENCES public.res_users(id) ON DELETE SET NULL
hr_payslip_worked_days,employee_id,hr_employee,hr_payslip_worked_days_employee_id_fkey,FOREIGN KEY (employee_id) REFERENCES public.hr_employee(id) ON DELETE SET NULL
hr_payslip_worked_days,payslip_id,hr_payslip,hr_payslip_worked_days_payslip_id_fkey,FOREIGN KEY (payslip_id) REFERENCES public.hr_payslip(id) ON DELETE CASCADE
hr_payslip_worked_days,work_entry_type_id,hr_work_entry_type,hr_payslip_worked_days_work_entry_type_id_fkey,FOREIGN KEY (work_entry_type_id) REFERENCES public.hr_work_entry_type(id) ON DELETE RESTRICT
hr_payslip_worked_days,create_uid,res_users,hr_payslip_worked_days_create_uid_fkey,FOREIGN KEY (create_uid) REFERENCES public.res_users(id) ON DELETE SET NULL
hr_payslip_worked_days,write_uid,res_users,hr_payslip_worked_days_write_uid_fkey,FOREIGN KEY (write_uid) REFERENCES public.res_users(id) ON DELETE SET NULL
hr_recruitment_degree,create_uid,res_users,hr_recruitment_degree_create_uid_fkey,FOREIGN KEY (create_uid) REFERENCES public.res_users(id) ON DELETE SET NULL
hr_recruitment_degree,write_uid,res_users,hr_recruitment_degree_write_uid_fkey,FOREIGN KEY (write_uid) REFERENCES public.res_users(id) ON DELETE SET NULL
hr_recruitment_sign_document_wizard,create_uid,res_users,hr_recruitment_sign_document_wizard_create_uid_fkey,FOREIGN KEY (create_uid) REFERENCES public.res_users(id) ON DELETE SET NULL
hr_recruitment_sign_document_wizard,responsible_id,res_users,hr_recruitment_sign_document_wizard_responsible_id_fkey,FOREIGN KEY (responsible_id) REFERENCES public.res_users(id) ON DELETE SET NULL
hr_recruitment_sign_document_wizard,write_uid,res_users,hr_recruitment_sign_document_wizard_write_uid_fkey,FOREIGN KEY (write_uid) REFERENCES public.res_users(id) ON DELETE SET NULL
hr_recruitment_sign_document_wizard,applicant_role_id,sign_item_role,hr_recruitment_sign_document_wizard_applicant_role_id_fkey,FOREIGN KEY (applicant_role_id) REFERENCES public.sign_item_role(id) ON DELETE CASCADE
hr_recruitment_sign_document_wizard_ir_attachment_rel,hr_recruitment_sign_document_wizard_id,hr_recruitment_sign_document_wizard,hr_recruitment_sign_document_hr_recruitment_sign_document_fkey2,FOREIGN KEY (hr_recruitment_sign_document_wizard_id) REFERENCES public.hr_recruitment_sign_document_wizard(id) ON DELETE CASCADE
hr_recruitment_sign_document_wizard_ir_attachment_rel,ir_attachment_id,ir_attachment,hr_recruitment_sign_document_wizard_ir_at_ir_attachment_id_fkey,FOREIGN KEY (ir_attachment_id) REFERENCES public.ir_attachment(id) ON DELETE CASCADE
hr_recruitment_sign_document_wizard_res_partner_rel,hr_recruitment_sign_document_wizard_id,hr_recruitment_sign_document_wizard,hr_recruitment_sign_document_hr_recruitment_sign_document_fkey1,FOREIGN KEY (hr_recruitment_sign_document_wizard_id) REFERENCES public.hr_recruitment_sign_document_wizard(id) ON DELETE CASCADE
hr_recruitment_sign_document_wizard_res_partner_rel,res_partner_id,res_partner,hr_recruitment_sign_document_wizard_res_par_res_partner_id_fkey,FOREIGN KEY (res_partner_id) REFERENCES public.res_partner(id) ON DELETE CASCADE
hr_recruitment_sign_document_wizard_sign_template_rel,hr_recruitment_sign_document_wizard_id,hr_recruitment_sign_document_wizard,hr_recruitment_sign_document__hr_recruitment_sign_document_fkey,FOREIGN KEY (hr_recruitment_sign_document_wizard_id) REFERENCES public.hr_recruitment_sign_document_wizard(id) ON DELETE CASCADE
hr_recruitment_sign_document_wizard_sign_template_rel,sign_template_id,sign_template,hr_recruitment_sign_document_wizard_sign__sign_template_id_fkey,FOREIGN KEY (sign_template_id) REFERENCES public.sign_template(id) ON DELETE CASCADE
hr_recruitment_source,job_id,hr_job,hr_recruitment_source_job_id_fkey,FOREIGN KEY (job_id) REFERENCES public.hr_job(id) ON DELETE CASCADE
hr_recruitment_source,alias_id,mail_alias,hr_recruitment_source_alias_id_fkey,FOREIGN KEY (alias_id) REFERENCES public.mail_alias(id) ON DELETE RESTRICT
hr_recruitment_source,create_uid,res_users,hr_recruitment_source_create_uid_fkey,FOREIGN KEY (create_uid) REFERENCES public.res_users(id) ON DELETE SET NULL
hr_recruitment_source,write_uid,res_users,hr_recruitment_source_write_uid_fkey,FOREIGN KEY (write_uid) REFERENCES public.res_users(id) ON DELETE SET NULL
hr_recruitment_source,campaign_id,utm_campaign,hr_recruitment_source_campaign_id_fkey,FOREIGN KEY (campaign_id) REFERENCES public.utm_campaign(id) ON DELETE SET NULL
hr_recruitment_source,medium_id,utm_medium,hr_recruitment_source_medium_id_fkey,FOREIGN KEY (medium_id) REFERENCES public.utm_medium(id) ON DELETE SET NULL
hr_recruitment_source,source_id,utm_source,hr_recruitment_source_source_id_fkey,FOREIGN KEY (source_id) REFERENCES public.utm_source(id) ON DELETE RESTRICT
hr_recruitment_stage,template_id,mail_template,hr_recruitment_stage_template_id_fkey,FOREIGN KEY (template_id) REFERENCES public.mail_template(id) ON DELETE SET NULL
hr_recruitment_stage,create_uid,res_users,hr_recruitment_stage_create_uid_fkey,FOREIGN KEY (create_uid) REFERENCES public.res_users(id) ON DELETE SET NULL
hr_recruitment_stage,write_uid,res_users,hr_recruitment_stage_write_uid_fkey,FOREIGN KEY (write_uid) REFERENCES public.res_users(id) ON DELETE SET NULL
hr_referral_alert,company_id,res_company,hr_referral_alert_company_id_fkey,FOREIGN KEY (company_id) REFERENCES public.res_company(id) ON DELETE SET NULL
hr_referral_alert,create_uid,res_users,hr_referral_alert_create_uid_fkey,FOREIGN KEY (create_uid) REFERENCES public.res_users(id) ON DELETE SET NULL
hr_referral_alert,write_uid,res_users,hr_referral_alert_write_uid_fkey,FOREIGN KEY (write_uid) REFERENCES public.res_users(id) ON DELETE SET NULL
hr_referral_alert_mail_wizard,create_uid,res_users,hr_referral_alert_mail_wizard_create_uid_fkey,FOREIGN KEY (create_uid) REFERENCES public.res_users(id) ON DELETE SET NULL
hr_referral_alert_mail_wizard,write_uid,res_users,hr_referral_alert_mail_wizard_write_uid_fkey,FOREIGN KEY (write_uid) REFERENCES public.res_users(id) ON DELETE SET NULL
hr_referral_alert_users_rel,alert_id,hr_referral_alert,hr_referral_alert_users_rel_alert_id_fkey,FOREIGN KEY (alert_id) REFERENCES public.hr_referral_alert(id) ON DELETE CASCADE
hr_referral_alert_users_rel,user_id,res_users,hr_referral_alert_users_rel_user_id_fkey,FOREIGN KEY (user_id) REFERENCES public.res_users(id) ON DELETE CASCADE
hr_referral_campaign_wizard,job_id,hr_job,hr_referral_campaign_wizard_job_id_fkey,FOREIGN KEY (job_id) REFERENCES public.hr_job(id) ON DELETE CASCADE
hr_referral_campaign_wizard,create_uid,res_users,hr_referral_campaign_wizard_create_uid_fkey,FOREIGN KEY (create_uid) REFERENCES public.res_users(id) ON DELETE SET NULL
hr_referral_campaign_wizard,write_uid,res_users,hr_referral_campaign_wizard_write_uid_fkey,FOREIGN KEY (write_uid) REFERENCES public.res_users(id) ON DELETE SET NULL
hr_referral_friend,create_uid,res_users,hr_referral_friend_create_uid_fkey,FOREIGN KEY (create_uid) REFERENCES public.res_users(id) ON DELETE SET NULL
hr_referral_friend,write_uid,res_users,hr_referral_friend_write_uid_fkey,FOREIGN KEY (write_uid) REFERENCES public.res_users(id) ON DELETE SET NULL
hr_referral_level,create_uid,res_users,hr_referral_level_create_uid_fkey,FOREIGN KEY (create_uid) REFERENCES public.res_users(id) ON DELETE SET NULL
hr_referral_level,write_uid,res_users,hr_referral_level_write_uid_fkey,FOREIGN KEY (write_uid) REFERENCES public.res_users(id) ON DELETE SET NULL
hr_referral_link_to_share,job_id,hr_job,hr_referral_link_to_share_job_id_fkey,FOREIGN KEY (job_id) REFERENCES public.hr_job(id) ON DELETE SET NULL
hr_referral_link_to_share,create_uid,res_users,hr_referral_link_to_share_create_uid_fkey,FOREIGN KEY (create_uid) REFERENCES public.res_users(id) ON DELETE SET NULL
hr_referral_link_to_share,write_uid,res_users,hr_referral_link_to_share_write_uid_fkey,FOREIGN KEY (write_uid) REFERENCES public.res_users(id) ON DELETE SET NULL
hr_referral_onboarding,company_id,res_company,hr_referral_onboarding_company_id_fkey,FOREIGN KEY (company_id) REFERENCES public.res_company(id) ON DELETE SET NULL
hr_referral_onboarding,create_uid,res_users,hr_referral_onboarding_create_uid_fkey,FOREIGN KEY (create_uid) REFERENCES public.res_users(id) ON DELETE SET NULL
hr_referral_onboarding,write_uid,res_users,hr_referral_onboarding_write_uid_fkey,FOREIGN KEY (write_uid) REFERENCES public.res_users(id) ON DELETE SET NULL
hr_referral_points,applicant_id,hr_applicant,hr_referral_points_applicant_id_fkey,FOREIGN KEY (applicant_id) REFERENCES public.hr_applicant(id) ON DELETE SET NULL
hr_referral_points,stage_id,hr_recruitment_stage,hr_referral_points_stage_id_fkey,FOREIGN KEY (stage_id) REFERENCES public.hr_recruitment_stage(id) ON DELETE SET NULL
hr_referral_points,hr_referral_reward_id,hr_referral_reward,hr_referral_points_hr_referral_reward_id_fkey,FOREIGN KEY (hr_referral_reward_id) REFERENCES public.hr_referral_reward(id) ON DELETE SET NULL
hr_referral_points,company_id,res_company,hr_referral_points_company_id_fkey,FOREIGN KEY (company_id) REFERENCES public.res_company(id) ON DELETE RESTRICT
hr_referral_points,create_uid,res_users,hr_referral_points_create_uid_fkey,FOREIGN KEY (create_uid) REFERENCES public.res_users(id) ON DELETE SET NULL
hr_referral_points,ref_user_id,res_users,hr_referral_points_ref_user_id_fkey,FOREIGN KEY (ref_user_id) REFERENCES public.res_users(id) ON DELETE RESTRICT
hr_referral_points,write_uid,res_users,hr_referral_points_write_uid_fkey,FOREIGN KEY (write_uid) REFERENCES public.res_users(id) ON DELETE SET NULL
hr_referral_reward,company_id,res_company,hr_referral_reward_company_id_fkey,FOREIGN KEY (company_id) REFERENCES public.res_company(id) ON DELETE RESTRICT
hr_referral_reward,create_uid,res_users,hr_referral_reward_create_uid_fkey,FOREIGN KEY (create_uid) REFERENCES public.res_users(id) ON DELETE SET NULL
hr_referral_reward,gift_manager_id,res_users,hr_referral_reward_gift_manager_id_fkey,FOREIGN KEY (gift_manager_id) REFERENCES public.res_users(id) ON DELETE SET NULL
hr_referral_reward,write_uid,res_users,hr_referral_reward_write_uid_fkey,FOREIGN KEY (write_uid) REFERENCES public.res_users(id) ON DELETE SET NULL
hr_referral_send_mail,job_id,hr_job,hr_referral_send_mail_job_id_fkey,FOREIGN KEY (job_id) REFERENCES public.hr_job(id) ON DELETE SET NULL
hr_referral_send_mail,create_uid,res_users,hr_referral_send_mail_create_uid_fkey,FOREIGN KEY (create_uid) REFERENCES public.res_users(id) ON DELETE SET NULL
hr_referral_send_mail,write_uid,res_users,hr_referral_send_mail_write_uid_fkey,FOREIGN KEY (write_uid) REFERENCES public.res_users(id) ON DELETE SET NULL
hr_referral_send_sms,job_id,hr_job,hr_referral_send_sms_job_id_fkey,FOREIGN KEY (job_id) REFERENCES public.hr_job(id) ON DELETE SET NULL
hr_referral_send_sms,create_uid,res_users,hr_referral_send_sms_create_uid_fkey,FOREIGN KEY (create_uid) REFERENCES public.res_users(id) ON DELETE SET NULL
hr_referral_send_sms,write_uid,res_users,hr_referral_send_sms_write_uid_fkey,FOREIGN KEY (write_uid) REFERENCES public.res_users(id) ON DELETE SET NULL
hr_resume_line,department_id,hr_department,hr_resume_line_department_id_fkey,FOREIGN KEY (department_id) REFERENCES public.hr_department(id) ON DELETE SET NULL
hr_resume_line,employee_id,hr_employee,hr_resume_line_employee_id_fkey,FOREIGN KEY (employee_id) REFERENCES public.hr_employee(id) ON DELETE CASCADE
hr_resume_line,line_type_id,hr_resume_line_type,hr_resume_line_line_type_id_fkey,FOREIGN KEY (line_type_id) REFERENCES public.hr_resume_line_type(id) ON DELETE SET NULL
hr_resume_line,create_uid,res_users,hr_resume_line_create_uid_fkey,FOREIGN KEY (create_uid) REFERENCES public.res_users(id) ON DELETE SET NULL
hr_resume_line,write_uid,res_users,hr_resume_line_write_uid_fkey,FOREIGN KEY (write_uid) REFERENCES public.res_users(id) ON DELETE SET NULL
hr_resume_line,channel_id,slide_channel,hr_resume_line_channel_id_fkey,FOREIGN KEY (channel_id) REFERENCES public.slide_channel(id) ON DELETE SET NULL
hr_resume_line,survey_id,survey_survey,hr_resume_line_survey_id_fkey,FOREIGN KEY (survey_id) REFERENCES public.survey_survey(id) ON DELETE SET NULL
hr_resume_line_type,create_uid,res_users,hr_resume_line_type_create_uid_fkey,FOREIGN KEY (create_uid) REFERENCES public.res_users(id) ON DELETE SET NULL
hr_resume_line_type,write_uid,res_users,hr_resume_line_type_write_uid_fkey,FOREIGN KEY (write_uid) REFERENCES public.res_users(id) ON DELETE SET NULL
hr_rule_parameter,country_id,res_country,hr_rule_parameter_country_id_fkey,FOREIGN KEY (country_id) REFERENCES public.res_country(id) ON DELETE SET NULL
hr_rule_parameter,create_uid,res_users,hr_rule_parameter_create_uid_fkey,FOREIGN KEY (create_uid) REFERENCES public.res_users(id) ON DELETE SET NULL
hr_rule_parameter,write_uid,res_users,hr_rule_parameter_write_uid_fkey,FOREIGN KEY (write_uid) REFERENCES public.res_users(id) ON DELETE SET NULL
hr_rule_parameter_value,rule_parameter_id,hr_rule_parameter,hr_rule_parameter_value_rule_parameter_id_fkey,FOREIGN KEY (rule_parameter_id) REFERENCES public.hr_rule_parameter(id) ON DELETE CASCADE
hr_rule_parameter_value,create_uid,res_users,hr_rule_parameter_value_create_uid_fkey,FOREIGN KEY (create_uid) REFERENCES public.res_users(id) ON DELETE SET NULL
hr_rule_parameter_value,write_uid,res_users,hr_rule_parameter_value_write_uid_fkey,FOREIGN KEY (write_uid) REFERENCES public.res_users(id) ON DELETE SET NULL
hr_salary_attachment,other_input_type_id,hr_payslip_input_type,hr_salary_attachment_other_input_type_id_fkey,FOREIGN KEY (other_input_type_id) REFERENCES public.hr_payslip_input_type(id) ON DELETE RESTRICT
hr_salary_attachment,company_id,res_company,hr_salary_attachment_company_id_fkey,FOREIGN KEY (company_id) REFERENCES public.res_company(id) ON DELETE RESTRICT
hr_salary_attachment,create_uid,res_users,hr_salary_attachment_create_uid_fkey,FOREIGN KEY (create_uid) REFERENCES public.res_users(id) ON DELETE SET NULL
hr_salary_attachment,write_uid,res_users,hr_salary_attachment_write_uid_fkey,FOREIGN KEY (write_uid) REFERENCES public.res_users(id) ON DELETE SET NULL
hr_salary_rule,struct_id,hr_payroll_structure,hr_salary_rule_struct_id_fkey,FOREIGN KEY (struct_id) REFERENCES public.hr_payroll_structure(id) ON DELETE CASCADE
hr_salary_rule,amount_other_input_id,hr_payslip_input_type,hr_salary_rule_amount_other_input_id_fkey,FOREIGN KEY (amount_other_input_id) REFERENCES public.hr_payslip_input_type(id) ON DELETE SET NULL
hr_salary_rule,condition_other_input_id,hr_payslip_input_type,hr_salary_rule_condition_other_input_id_fkey,FOREIGN KEY (condition_other_input_id) REFERENCES public.hr_payslip_input_type(id) ON DELETE SET NULL
hr_salary_rule,dependent_input_id,hr_salary_rule,hr_salary_rule_dependent_input_id_fkey,FOREIGN KEY (dependent_input_id) REFERENCES public.hr_salary_rule(id) ON DELETE SET NULL
hr_salary_rule,category_id,hr_salary_rule_category,hr_salary_rule_category_id_fkey,FOREIGN KEY (category_id) REFERENCES public.hr_salary_rule_category(id) ON DELETE RESTRICT
hr_salary_rule,input_section,hr_salary_rule_section,hr_salary_rule_input_section_fkey,FOREIGN KEY (input_section) REFERENCES public.hr_salary_rule_section(id) ON DELETE SET NULL
hr_salary_rule,partner_id,res_partner,hr_salary_rule_partner_id_fkey,FOREIGN KEY (partner_id) REFERENCES public.res_partner(id) ON DELETE SET NULL
hr_salary_rule,create_uid,res_users,hr_salary_rule_create_uid_fkey,FOREIGN KEY (create_uid) REFERENCES public.res_users(id) ON DELETE SET NULL
hr_salary_rule,write_uid,res_users,hr_salary_rule_write_uid_fkey,FOREIGN KEY (write_uid) REFERENCES public.res_users(id) ON DELETE SET NULL
hr_salary_rule_category,parent_id,hr_salary_rule_category,hr_salary_rule_category_parent_id_fkey,FOREIGN KEY (parent_id) REFERENCES public.hr_salary_rule_category(id) ON DELETE SET NULL
hr_salary_rule_category,country_id,res_country,hr_salary_rule_category_country_id_fkey,FOREIGN KEY (country_id) REFERENCES public.res_country(id) ON DELETE SET NULL
hr_salary_rule_category,create_uid,res_users,hr_salary_rule_category_create_uid_fkey,FOREIGN KEY (create_uid) REFERENCES public.res_users(id) ON DELETE SET NULL
hr_salary_rule_category,write_uid,res_users,hr_salary_rule_category_write_uid_fkey,FOREIGN KEY (write_uid) REFERENCES public.res_users(id) ON DELETE SET NULL
hr_salary_rule_credit_tag_rel,account_account_tag_id,account_account_tag,hr_salary_rule_credit_tag_rel_account_account_tag_id_fkey,FOREIGN KEY (account_account_tag_id) REFERENCES public.account_account_tag(id) ON DELETE CASCADE
hr_salary_rule_credit_tag_rel,hr_salary_rule_id,hr_salary_rule,hr_salary_rule_credit_tag_rel_hr_salary_rule_id_fkey,FOREIGN KEY (hr_salary_rule_id) REFERENCES public.hr_salary_rule(id) ON DELETE CASCADE
hr_salary_rule_debit_tag_rel,account_account_tag_id,account_account_tag,hr_salary_rule_debit_tag_rel_account_account_tag_id_fkey,FOREIGN KEY (account_account_tag_id) REFERENCES public.account_account_tag(id) ON DELETE CASCADE
hr_salary_rule_debit_tag_rel,hr_salary_rule_id,hr_salary_rule,hr_salary_rule_debit_tag_rel_hr_salary_rule_id_fkey,FOREIGN KEY (hr_salary_rule_id) REFERENCES public.hr_salary_rule(id) ON DELETE CASCADE
hr_salary_rule_section,create_uid,res_users,hr_salary_rule_section_create_uid_fkey,FOREIGN KEY (create_uid) REFERENCES public.res_users(id) ON DELETE SET NULL
hr_salary_rule_section,write_uid,res_users,hr_salary_rule_section_write_uid_fkey,FOREIGN KEY (write_uid) REFERENCES public.res_users(id) ON DELETE SET NULL
hr_skill,skill_type_id,hr_skill_type,hr_skill_skill_type_id_fkey,FOREIGN KEY (skill_type_id) REFERENCES public.hr_skill_type(id) ON DELETE CASCADE
hr_skill,create_uid,res_users,hr_skill_create_uid_fkey,FOREIGN KEY (create_uid) REFERENCES public.res_users(id) ON DELETE SET NULL
hr_skill,write_uid,res_users,hr_skill_write_uid_fkey,FOREIGN KEY (write_uid) REFERENCES public.res_users(id) ON DELETE SET NULL
hr_skill_level,skill_type_id,hr_skill_type,hr_skill_level_skill_type_id_fkey,FOREIGN KEY (skill_type_id) REFERENCES public.hr_skill_type(id) ON DELETE CASCADE
hr_skill_level,create_uid,res_users,hr_skill_level_create_uid_fkey,FOREIGN KEY (create_uid) REFERENCES public.res_users(id) ON DELETE SET NULL
hr_skill_level,write_uid,res_users,hr_skill_level_write_uid_fkey,FOREIGN KEY (write_uid) REFERENCES public.res_users(id) ON DELETE SET NULL
hr_skill_type,create_uid,res_users,hr_skill_type_create_uid_fkey,FOREIGN KEY (create_uid) REFERENCES public.res_users(id) ON DELETE SET NULL
hr_skill_type,write_uid,res_users,hr_skill_type_write_uid_fkey,FOREIGN KEY (write_uid) REFERENCES public.res_users(id) ON DELETE SET NULL
hr_talent_pool,company_id,res_company,hr_talent_pool_company_id_fkey,FOREIGN KEY (company_id) REFERENCES public.res_company(id) ON DELETE SET NULL
hr_talent_pool,create_uid,res_users,hr_talent_pool_create_uid_fkey,FOREIGN KEY (create_uid) REFERENCES public.res_users(id) ON DELETE SET NULL
hr_talent_pool,pool_manager,res_users,hr_talent_pool_pool_manager_fkey,FOREIGN KEY (pool_manager) REFERENCES public.res_users(id) ON DELETE SET NULL
hr_talent_pool,write_uid,res_users,hr_talent_pool_write_uid_fkey,FOREIGN KEY (write_uid) REFERENCES public.res_users(id) ON DELETE SET NULL
hr_talent_pool_talent_pool_add_applicants_rel,hr_talent_pool_id,hr_talent_pool,hr_talent_pool_talent_pool_add_applicant_hr_talent_pool_id_fkey,FOREIGN KEY (hr_talent_pool_id) REFERENCES public.hr_talent_pool(id) ON DELETE CASCADE
hr_talent_pool_talent_pool_add_applicants_rel,talent_pool_add_applicants_id,talent_pool_add_applicants,hr_talent_pool_talent_pool_ad_talent_pool_add_applicants_i_fkey,FOREIGN KEY (talent_pool_add_applicants_id) REFERENCES public.talent_pool_add_applicants(id) ON DELETE CASCADE
hr_timesheet_merge_wizard,employee_id,hr_employee,hr_timesheet_merge_wizard_employee_id_fkey,FOREIGN KEY (employee_id) REFERENCES public.hr_employee(id) ON DELETE SET NULL
hr_timesheet_merge_wizard,project_id,project_project,hr_timesheet_merge_wizard_project_id_fkey,FOREIGN KEY (project_id) REFERENCES public.project_project(id) ON DELETE SET NULL
hr_timesheet_merge_wizard,task_id,project_task,hr_timesheet_merge_wizard_task_id_fkey,FOREIGN KEY (task_id) REFERENCES public.project_task(id) ON DELETE SET NULL
hr_timesheet_merge_wizard,create_uid,res_users,hr_timesheet_merge_wizard_create_uid_fkey,FOREIGN KEY (create_uid) REFERENCES public.res_users(id) ON DELETE SET NULL
hr_timesheet_merge_wizard,write_uid,res_users,hr_timesheet_merge_wizard_write_uid_fkey,FOREIGN KEY (write_uid) REFERENCES public.res_users(id) ON DELETE SET NULL
hr_timesheet_merge_wizard,encoding_uom_id,uom_uom,hr_timesheet_merge_wizard_encoding_uom_id_fkey,FOREIGN KEY (encoding_uom_id) REFERENCES public.uom_uom(id) ON DELETE SET NULL
hr_timesheet_stop_timer_confirmation_wizard,timesheet_id,account_analytic_line,hr_timesheet_stop_timer_confirmation_wizard_timesheet_id_fkey,FOREIGN KEY (timesheet_id) REFERENCES public.account_analytic_line(id) ON DELETE SET NULL
hr_timesheet_stop_timer_confirmation_wizard,create_uid,res_users,hr_timesheet_stop_timer_confirmation_wizard_create_uid_fkey,FOREIGN KEY (create_uid) REFERENCES public.res_users(id) ON DELETE SET NULL
hr_timesheet_stop_timer_confirmation_wizard,write_uid,res_users,hr_timesheet_stop_timer_confirmation_wizard_write_uid_fkey,FOREIGN KEY (write_uid) REFERENCES public.res_users(id) ON DELETE SET NULL
hr_timesheet_tip,create_uid,res_users,hr_timesheet_tip_create_uid_fkey,FOREIGN KEY (create_uid) REFERENCES public.res_users(id) ON DELETE SET NULL
hr_timesheet_tip,write_uid,res_users,hr_timesheet_tip_write_uid_fkey,FOREIGN KEY (write_uid) REFERENCES public.res_users(id) ON DELETE SET NULL
hr_user_work_entry_employee,employee_id,hr_employee,hr_user_work_entry_employee_employee_id_fkey,FOREIGN KEY (employee_id) REFERENCES public.hr_employee(id) ON DELETE RESTRICT
hr_user_work_entry_employee,create_uid,res_users,hr_user_work_entry_employee_create_uid_fkey,FOREIGN KEY (create_uid) REFERENCES public.res_users(id) ON DELETE SET NULL
hr_user_work_entry_employee,user_id,res_users,hr_user_work_entry_employee_user_id_fkey,FOREIGN KEY (user_id) REFERENCES public.res_users(id) ON DELETE CASCADE
hr_user_work_entry_employee,write_uid,res_users,hr_user_work_entry_employee_write_uid_fkey,FOREIGN KEY (write_uid) REFERENCES public.res_users(id) ON DELETE SET NULL
hr_version,ruleset_id,hr_attendance_overtime_ruleset,hr_version_ruleset_id_fkey,FOREIGN KEY (ruleset_id) REFERENCES public.hr_attendance_overtime_ruleset(id) ON DELETE SET NULL
hr_version,contract_type_id,hr_contract_type,hr_version_contract_type_id_fkey,FOREIGN KEY (contract_type_id) REFERENCES public.hr_contract_type(id) ON DELETE SET NULL
hr_version,department_id,hr_department,hr_version_department_id_fkey,FOREIGN KEY (department_id) REFERENCES public.hr_department(id) ON DELETE SET NULL
hr_version,departure_reason_id,hr_departure_reason,hr_version_departure_reason_id_fkey,FOREIGN KEY (departure_reason_id) REFERENCES public.hr_departure_reason(id) ON DELETE RESTRICT
hr_version,employee_id,hr_employee,hr_version_employee_id_fkey,FOREIGN KEY (employee_id) REFERENCES public.hr_employee(id) ON DELETE SET NULL
hr_version,job_id,hr_job,hr_version_job_id_fkey,FOREIGN KEY (job_id) REFERENCES public.hr_job(id) ON DELETE SET NULL
hr_version,structure_type_id,hr_payroll_structure_type,hr_version_structure_type_id_fkey,FOREIGN KEY (structure_type_id) REFERENCES public.hr_payroll_structure_type(id) ON DELETE SET NULL
hr_version,contract_template_id,hr_version,hr_version_contract_template_id_fkey,FOREIGN KEY (contract_template_id) REFERENCES public.hr_version(id) ON DELETE SET NULL
hr_version,work_location_id,hr_work_location,hr_version_work_location_id_fkey,FOREIGN KEY (work_location_id) REFERENCES public.hr_work_location(id) ON DELETE SET NULL
hr_version,company_id,res_company,hr_version_company_id_fkey,FOREIGN KEY (company_id) REFERENCES public.res_company(id) ON DELETE SET NULL
hr_version,country_id,res_country,hr_version_country_id_fkey,FOREIGN KEY (country_id) REFERENCES public.res_country(id) ON DELETE SET NULL
hr_version,private_country_id,res_country,hr_version_private_country_id_fkey,FOREIGN KEY (private_country_id) REFERENCES public.res_country(id) ON DELETE SET NULL
hr_version,private_state_id,res_country_state,hr_version_private_state_id_fkey,FOREIGN KEY (private_state_id) REFERENCES public.res_country_state(id) ON DELETE SET NULL
hr_version,address_id,res_partner,hr_version_address_id_fkey,FOREIGN KEY (address_id) REFERENCES public.res_partner(id) ON DELETE SET NULL
hr_version,create_uid,res_users,hr_version_create_uid_fkey,FOREIGN KEY (create_uid) REFERENCES public.res_users(id) ON DELETE SET NULL
hr_version,hr_responsible_id,res_users,hr_version_hr_responsible_id_fkey,FOREIGN KEY (hr_responsible_id) REFERENCES public.res_users(id) ON DELETE RESTRICT
hr_version,last_modified_uid,res_users,hr_version_last_modified_uid_fkey,FOREIGN KEY (last_modified_uid) REFERENCES public.res_users(id) ON DELETE RESTRICT
hr_version,write_uid,res_users,hr_version_write_uid_fkey,FOREIGN KEY (write_uid) REFERENCES public.res_users(id) ON DELETE SET NULL
hr_version,resource_calendar_id,resource_calendar,hr_version_resource_calendar_id_fkey,FOREIGN KEY (resource_calendar_id) REFERENCES public.resource_calendar(id) ON DELETE SET NULL
hr_version,standard_calendar_id,resource_calendar,hr_version_standard_calendar_id_fkey,FOREIGN KEY (standard_calendar_id) REFERENCES public.resource_calendar(id) ON DELETE SET NULL
hr_version_sign_request_rel,hr_version_id,hr_version,hr_version_sign_request_rel_hr_version_id_fkey,FOREIGN KEY (hr_version_id) REFERENCES public.hr_version(id) ON DELETE CASCADE
hr_version_sign_request_rel,sign_request_id,sign_request,hr_version_sign_request_rel_sign_request_id_fkey,FOREIGN KEY (sign_request_id) REFERENCES public.sign_request(id) ON DELETE CASCADE
hr_version_wizard,contract_template_id,hr_version,hr_version_wizard_contract_template_id_fkey,FOREIGN KEY (contract_template_id) REFERENCES public.hr_version(id) ON DELETE CASCADE
hr_version_wizard,create_uid,res_users,hr_version_wizard_create_uid_fkey,FOREIGN KEY (create_uid) REFERENCES public.res_users(id) ON DELETE SET NULL
hr_version_wizard,write_uid,res_users,hr_version_wizard_write_uid_fkey,FOREIGN KEY (write_uid) REFERENCES public.res_users(id) ON DELETE SET NULL
hr_work_entry,attendance_id,hr_attendance,hr_work_entry_attendance_id_fkey,FOREIGN KEY (attendance_id) REFERENCES public.hr_attendance(id) ON DELETE SET NULL
hr_work_entry,overtime_id,hr_attendance_overtime_line,hr_work_entry_overtime_id_fkey,FOREIGN KEY (overtime_id) REFERENCES public.hr_attendance_overtime_line(id) ON DELETE SET NULL
hr_work_entry,department_id,hr_department,hr_work_entry_department_id_fkey,FOREIGN KEY (department_id) REFERENCES public.hr_department(id) ON DELETE SET NULL
hr_work_entry,employee_id,hr_employee,hr_work_entry_employee_id_fkey,FOREIGN KEY (employee_id) REFERENCES public.hr_employee(id) ON DELETE RESTRICT
hr_work_entry,leave_id,hr_leave,hr_work_entry_leave_id_fkey,FOREIGN KEY (leave_id) REFERENCES public.hr_leave(id) ON DELETE SET NULL
hr_work_entry,version_id,hr_version,hr_work_entry_version_id_fkey,FOREIGN KEY (version_id) REFERENCES public.hr_version(id) ON DELETE RESTRICT
hr_work_entry,work_entry_type_id,hr_work_entry_type,hr_work_entry_work_entry_type_id_fkey,FOREIGN KEY (work_entry_type_id) REFERENCES public.hr_work_entry_type(id) ON DELETE SET NULL
hr_work_entry,planning_slot_id,planning_slot,hr_work_entry_planning_slot_id_fkey,FOREIGN KEY (planning_slot_id) REFERENCES public.planning_slot(id) ON DELETE SET NULL
hr_work_entry,company_id,res_company,hr_work_entry_company_id_fkey,FOREIGN KEY (company_id) REFERENCES public.res_company(id) ON DELETE RESTRICT
hr_work_entry,create_uid,res_users,hr_work_entry_create_uid_fkey,FOREIGN KEY (create_uid) REFERENCES public.res_users(id) ON DELETE SET NULL
hr_work_entry,write_uid,res_users,hr_work_entry_write_uid_fkey,FOREIGN KEY (write_uid) REFERENCES public.res_users(id) ON DELETE SET NULL
hr_work_entry_regeneration_wizard,create_uid,res_users,hr_work_entry_regeneration_wizard_create_uid_fkey,FOREIGN KEY (create_uid) REFERENCES public.res_users(id) ON DELETE SET NULL
hr_work_entry_regeneration_wizard,write_uid,res_users,hr_work_entry_regeneration_wizard_write_uid_fkey,FOREIGN KEY (write_uid) REFERENCES public.res_users(id) ON DELETE SET NULL
hr_work_entry_type,country_id,res_country,hr_work_entry_type_country_id_fkey,FOREIGN KEY (country_id) REFERENCES public.res_country(id) ON DELETE SET NULL
hr_work_entry_type,create_uid,res_users,hr_work_entry_type_create_uid_fkey,FOREIGN KEY (create_uid) REFERENCES public.res_users(id) ON DELETE SET NULL
hr_work_entry_type,write_uid,res_users,hr_work_entry_type_write_uid_fkey,FOREIGN KEY (write_uid) REFERENCES public.res_users(id) ON DELETE SET NULL
hr_work_location,company_id,res_company,hr_work_location_company_id_fkey,FOREIGN KEY (company_id) REFERENCES public.res_company(id) ON DELETE RESTRICT
hr_work_location,address_id,res_partner,hr_work_location_address_id_fkey,FOREIGN KEY (address_id) REFERENCES public.res_partner(id) ON DELETE RESTRICT
hr_work_location,create_uid,res_users,hr_work_location_create_uid_fkey,FOREIGN KEY (create_uid) REFERENCES public.res_users(id) ON DELETE SET NULL
hr_work_location,write_uid,res_users,hr_work_location_write_uid_fkey,FOREIGN KEY (write_uid) REFERENCES public.res_users(id) ON DELETE SET NULL
html_editor_converter_test,many2one,html_editor_converter_test_sub,html_editor_converter_test_many2one_fkey,FOREIGN KEY (many2one) REFERENCES public.html_editor_converter_test_sub(id) ON DELETE SET NULL
html_editor_converter_test,create_uid,res_users,html_editor_converter_test_create_uid_fkey,FOREIGN KEY (create_uid) REFERENCES public.res_users(id) ON DELETE SET NULL
html_editor_converter_test,write_uid,res_users,html_editor_converter_test_write_uid_fkey,FOREIGN KEY (write_uid) REFERENCES public.res_users(id) ON DELETE SET NULL
html_editor_converter_test_sub,create_uid,res_users,html_editor_converter_test_sub_create_uid_fkey,FOREIGN KEY (create_uid) REFERENCES public.res_users(id) ON DELETE SET NULL
html_editor_converter_test_sub,write_uid,res_users,html_editor_converter_test_sub_write_uid_fkey,FOREIGN KEY (write_uid) REFERENCES public.res_users(id) ON DELETE SET NULL
iap_account,service_id,iap_service,iap_account_service_id_fkey,FOREIGN KEY (service_id) REFERENCES public.iap_service(id) ON DELETE RESTRICT
iap_account,create_uid,res_users,iap_account_create_uid_fkey,FOREIGN KEY (create_uid) REFERENCES public.res_users(id) ON DELETE SET NULL
iap_account,write_uid,res_users,iap_account_write_uid_fkey,FOREIGN KEY (write_uid) REFERENCES public.res_users(id) ON DELETE SET NULL
iap_account_res_company_rel,iap_account_id,iap_account,iap_account_res_company_rel_iap_account_id_fkey,FOREIGN KEY (iap_account_id) REFERENCES public.iap_account(id) ON DELETE CASCADE
iap_account_res_company_rel,res_company_id,res_company,iap_account_res_company_rel_res_company_id_fkey,FOREIGN KEY (res_company_id) REFERENCES public.res_company(id) ON DELETE CASCADE
iap_account_res_users_rel,iap_account_id,iap_account,iap_account_res_users_rel_iap_account_id_fkey,FOREIGN KEY (iap_account_id) REFERENCES public.iap_account(id) ON DELETE CASCADE
iap_account_res_users_rel,res_users_id,res_users,iap_account_res_users_rel_res_users_id_fkey,FOREIGN KEY (res_users_id) REFERENCES public.res_users(id) ON DELETE CASCADE
iap_service,create_uid,res_users,iap_service_create_uid_fkey,FOREIGN KEY (create_uid) REFERENCES public.res_users(id) ON DELETE SET NULL
iap_service,write_uid,res_users,iap_service_write_uid_fkey,FOREIGN KEY (write_uid) REFERENCES public.res_users(id) ON DELETE SET NULL
im_livechat_channel,create_uid,res_users,im_livechat_channel_create_uid_fkey,FOREIGN KEY (create_uid) REFERENCES public.res_users(id) ON DELETE SET NULL
im_livechat_channel,write_uid,res_users,im_livechat_channel_write_uid_fkey,FOREIGN KEY (write_uid) REFERENCES public.res_users(id) ON DELETE SET NULL
im_livechat_channel_country_rel,channel_id,im_livechat_channel_rule,im_livechat_channel_country_rel_channel_id_fkey,FOREIGN KEY (channel_id) REFERENCES public.im_livechat_channel_rule(id) ON DELETE CASCADE
im_livechat_channel_country_rel,country_id,res_country,im_livechat_channel_country_rel_country_id_fkey,FOREIGN KEY (country_id) REFERENCES public.res_country(id) ON DELETE CASCADE
im_livechat_channel_im_user,channel_id,im_livechat_channel,im_livechat_channel_im_user_channel_id_fkey,FOREIGN KEY (channel_id) REFERENCES public.im_livechat_channel(id) ON DELETE CASCADE
im_livechat_channel_im_user,user_id,res_users,im_livechat_channel_im_user_user_id_fkey,FOREIGN KEY (user_id) REFERENCES public.res_users(id) ON DELETE CASCADE
im_livechat_channel_member_history,chatbot_script_id,chatbot_script,im_livechat_channel_member_history_chatbot_script_id_fkey,FOREIGN KEY (chatbot_script_id) REFERENCES public.chatbot_script(id) ON DELETE SET NULL
im_livechat_channel_member_history,channel_id,discuss_channel,im_livechat_channel_member_history_channel_id_fkey,FOREIGN KEY (channel_id) REFERENCES public.discuss_channel(id) ON DELETE CASCADE
im_livechat_channel_member_history,member_id,discuss_channel_member,im_livechat_channel_member_history_member_id_fkey,FOREIGN KEY (member_id) REFERENCES public.discuss_channel_member(id) ON DELETE SET NULL
im_livechat_channel_member_history,guest_id,mail_guest,im_livechat_channel_member_history_guest_id_fkey,FOREIGN KEY (guest_id) REFERENCES public.mail_guest(id) ON DELETE SET NULL
im_livechat_channel_member_history,rating_id,rating_rating,im_livechat_channel_member_history_rating_id_fkey,FOREIGN KEY (rating_id) REFERENCES public.rating_rating(id) ON DELETE SET NULL
im_livechat_channel_member_history,partner_id,res_partner,im_livechat_channel_member_history_partner_id_fkey,FOREIGN KEY (partner_id) REFERENCES public.res_partner(id) ON DELETE SET NULL
im_livechat_channel_member_history,create_uid,res_users,im_livechat_channel_member_history_create_uid_fkey,FOREIGN KEY (create_uid) REFERENCES public.res_users(id) ON DELETE SET NULL
im_livechat_channel_member_history,write_uid,res_users,im_livechat_channel_member_history_write_uid_fkey,FOREIGN KEY (write_uid) REFERENCES public.res_users(id) ON DELETE SET NULL
im_livechat_channel_member_history_discuss_channel_agent_rel,discuss_channel_id,discuss_channel,im_livechat_channel_member_history_disc_discuss_channel_id_fkey,FOREIGN KEY (discuss_channel_id) REFERENCES public.discuss_channel(id) ON DELETE CASCADE
im_livechat_channel_member_history_discuss_channel_agent_rel,res_partner_id,res_partner,im_livechat_channel_member_history_discuss__res_partner_id_fkey,FOREIGN KEY (res_partner_id) REFERENCES public.res_partner(id) ON DELETE CASCADE
im_livechat_channel_member_history_discuss_channel_bot_rel,discuss_channel_id,discuss_channel,im_livechat_channel_member_history_dis_discuss_channel_id_fkey1,FOREIGN KEY (discuss_channel_id) REFERENCES public.discuss_channel(id) ON DELETE CASCADE
im_livechat_channel_member_history_discuss_channel_bot_rel,res_partner_id,res_partner,im_livechat_channel_member_history_discuss_res_partner_id_fkey1,FOREIGN KEY (res_partner_id) REFERENCES public.res_partner(id) ON DELETE CASCADE
im_livechat_channel_member_history_discuss_channel_customer_rel,discuss_channel_id,discuss_channel,im_livechat_channel_member_history_dis_discuss_channel_id_fkey2,FOREIGN KEY (discuss_channel_id) REFERENCES public.discuss_channel(id) ON DELETE CASCADE
im_livechat_channel_member_history_discuss_channel_customer_rel,res_partner_id,res_partner,im_livechat_channel_member_history_discuss_res_partner_id_fkey2,FOREIGN KEY (res_partner_id) REFERENCES public.res_partner(id) ON DELETE CASCADE
im_livechat_channel_member_history_im_livechat_expertise_rel,im_livechat_channel_member_history_id,im_livechat_channel_member_history,im_livechat_channel_member_hi_im_livechat_channel_member_h_fkey,FOREIGN KEY (im_livechat_channel_member_history_id) REFERENCES public.im_livechat_channel_member_history(id) ON DELETE CASCADE
im_livechat_channel_member_history_im_livechat_expertise_rel,im_livechat_expertise_id,im_livechat_expertise,im_livechat_channel_member_histor_im_livechat_expertise_id_fkey,FOREIGN KEY (im_livechat_expertise_id) REFERENCES public.im_livechat_expertise(id) ON DELETE CASCADE
im_livechat_channel_rule,chatbot_script_id,chatbot_script,im_livechat_channel_rule_chatbot_script_id_fkey,FOREIGN KEY (chatbot_script_id) REFERENCES public.chatbot_script(id) ON DELETE SET NULL
im_livechat_channel_rule,channel_id,im_livechat_channel,im_livechat_channel_rule_channel_id_fkey,FOREIGN KEY (channel_id) REFERENCES public.im_livechat_channel(id) ON DELETE SET NULL
im_livechat_channel_rule,create_uid,res_users,im_livechat_channel_rule_create_uid_fkey,FOREIGN KEY (create_uid) REFERENCES public.res_users(id) ON DELETE SET NULL
im_livechat_channel_rule,write_uid,res_users,im_livechat_channel_rule_write_uid_fkey,FOREIGN KEY (write_uid) REFERENCES public.res_users(id) ON DELETE SET NULL
im_livechat_conversation_tag,create_uid,res_users,im_livechat_conversation_tag_create_uid_fkey,FOREIGN KEY (create_uid) REFERENCES public.res_users(id) ON DELETE SET NULL
im_livechat_conversation_tag,write_uid,res_users,im_livechat_conversation_tag_write_uid_fkey,FOREIGN KEY (write_uid) REFERENCES public.res_users(id) ON DELETE SET NULL
im_livechat_expertise,create_uid,res_users,im_livechat_expertise_create_uid_fkey,FOREIGN KEY (create_uid) REFERENCES public.res_users(id) ON DELETE SET NULL
im_livechat_expertise,write_uid,res_users,im_livechat_expertise_write_uid_fkey,FOREIGN KEY (write_uid) REFERENCES public.res_users(id) ON DELETE SET NULL
im_livechat_expertise_res_users_settings_rel,im_livechat_expertise_id,im_livechat_expertise,im_livechat_expertise_res_users_s_im_livechat_expertise_id_fkey,FOREIGN KEY (im_livechat_expertise_id) REFERENCES public.im_livechat_expertise(id) ON DELETE CASCADE
im_livechat_expertise_res_users_settings_rel,res_users_settings_id,res_users_settings,im_livechat_expertise_res_users_sett_res_users_settings_id_fkey,FOREIGN KEY (res_users_settings_id) REFERENCES public.res_users_settings(id) ON DELETE CASCADE
import_bank_statement,create_uid,res_users,import_bank_statement_create_uid_fkey,FOREIGN KEY (create_uid) REFERENCES public.res_users(id) ON DELETE SET NULL
import_bank_statement,write_uid,res_users,import_bank_statement_write_uid_fkey,FOREIGN KEY (write_uid) REFERENCES public.res_users(id) ON DELETE SET NULL
import_bom,create_uid,res_users,import_bom_create_uid_fkey,FOREIGN KEY (create_uid) REFERENCES public.res_users(id) ON DELETE SET NULL
import_bom,write_uid,res_users,import_bom_write_uid_fkey,FOREIGN KEY (write_uid) REFERENCES public.res_users(id) ON DELETE SET NULL
import_chart_account,create_uid,res_users,import_chart_account_create_uid_fkey,FOREIGN KEY (create_uid) REFERENCES public.res_users(id) ON DELETE SET NULL
import_chart_account,write_uid,res_users,import_chart_account_write_uid_fkey,FOREIGN KEY (write_uid) REFERENCES public.res_users(id) ON DELETE SET NULL
import_client,create_uid,res_users,import_client_create_uid_fkey,FOREIGN KEY (create_uid) REFERENCES public.res_users(id) ON DELETE SET NULL
import_client,write_uid,res_users,import_client_write_uid_fkey,FOREIGN KEY (write_uid) REFERENCES public.res_users(id) ON DELETE SET NULL
import_equipments,create_uid,res_users,import_equipments_create_uid_fkey,FOREIGN KEY (create_uid) REFERENCES public.res_users(id) ON DELETE SET NULL
import_equipments,write_uid,res_users,import_equipments_write_uid_fkey,FOREIGN KEY (write_uid) REFERENCES public.res_users(id) ON DELETE SET NULL
import_inventory,create_uid,res_users,import_inventory_create_uid_fkey,FOREIGN KEY (create_uid) REFERENCES public.res_users(id) ON DELETE SET NULL
import_inventory,write_uid,res_users,import_inventory_write_uid_fkey,FOREIGN KEY (write_uid) REFERENCES public.res_users(id) ON DELETE SET NULL
import_inventory_adjustment,product_new,product_product,import_inventory_adjustment_product_new_fkey,FOREIGN KEY (product_new) REFERENCES public.product_product(id) ON DELETE SET NULL
import_inventory_adjustment,create_uid,res_users,import_inventory_adjustment_create_uid_fkey,FOREIGN KEY (create_uid) REFERENCES public.res_users(id) ON DELETE SET NULL
import_inventory_adjustment,write_uid,res_users,import_inventory_adjustment_write_uid_fkey,FOREIGN KEY (write_uid) REFERENCES public.res_users(id) ON DELETE SET NULL
import_inventory_adjustment,location,stock_location,import_inventory_adjustment_location_fkey,FOREIGN KEY (location) REFERENCES public.stock_location(id) ON DELETE SET NULL
import_invoice,create_uid,res_users,import_invoice_create_uid_fkey,FOREIGN KEY (create_uid) REFERENCES public.res_users(id) ON DELETE SET NULL
import_invoice,write_uid,res_users,import_invoice_write_uid_fkey,FOREIGN KEY (write_uid) REFERENCES public.res_users(id) ON DELETE SET NULL
import_invoice_line,create_uid,res_users,import_invoice_line_create_uid_fkey,FOREIGN KEY (create_uid) REFERENCES public.res_users(id) ON DELETE SET NULL
import_invoice_line,write_uid,res_users,import_invoice_line_write_uid_fkey,FOREIGN KEY (write_uid) REFERENCES public.res_users(id) ON DELETE SET NULL
import_journal_entry,create_uid,res_users,import_journal_entry_create_uid_fkey,FOREIGN KEY (create_uid) REFERENCES public.res_users(id) ON DELETE SET NULL
import_journal_entry,write_uid,res_users,import_journal_entry_write_uid_fkey,FOREIGN KEY (write_uid) REFERENCES public.res_users(id) ON DELETE SET NULL
import_journal_journal,create_uid,res_users,import_journal_journal_create_uid_fkey,FOREIGN KEY (create_uid) REFERENCES public.res_users(id) ON DELETE SET NULL
import_journal_journal,write_uid,res_users,import_journal_journal_write_uid_fkey,FOREIGN KEY (write_uid) REFERENCES public.res_users(id) ON DELETE SET NULL
import_product,create_uid,res_users,import_product_create_uid_fkey,FOREIGN KEY (create_uid) REFERENCES public.res_users(id) ON DELETE SET NULL
import_product,write_uid,res_users,import_product_write_uid_fkey,FOREIGN KEY (write_uid) REFERENCES public.res_users(id) ON DELETE SET NULL
import_product_pricelist,create_uid,res_users,import_product_pricelist_create_uid_fkey,FOREIGN KEY (create_uid) REFERENCES public.res_users(id) ON DELETE SET NULL
import_product_pricelist,write_uid,res_users,import_product_pricelist_write_uid_fkey,FOREIGN KEY (write_uid) REFERENCES public.res_users(id) ON DELETE SET NULL
import_purchase_order,create_uid,res_users,import_purchase_order_create_uid_fkey,FOREIGN KEY (create_uid) REFERENCES public.res_users(id) ON DELETE SET NULL
import_purchase_order,write_uid,res_users,import_purchase_order_write_uid_fkey,FOREIGN KEY (write_uid) REFERENCES public.res_users(id) ON DELETE SET NULL
import_purchase_order_line,create_uid,res_users,import_purchase_order_line_create_uid_fkey,FOREIGN KEY (create_uid) REFERENCES public.res_users(id) ON DELETE SET NULL
import_purchase_order_line,write_uid,res_users,import_purchase_order_line_write_uid_fkey,FOREIGN KEY (write_uid) REFERENCES public.res_users(id) ON DELETE SET NULL
import_sale_order,create_uid,res_users,import_sale_order_create_uid_fkey,FOREIGN KEY (create_uid) REFERENCES public.res_users(id) ON DELETE SET NULL
import_sale_order,write_uid,res_users,import_sale_order_write_uid_fkey,FOREIGN KEY (write_uid) REFERENCES public.res_users(id) ON DELETE SET NULL
import_sale_order_line,create_uid,res_users,import_sale_order_line_create_uid_fkey,FOREIGN KEY (create_uid) REFERENCES public.res_users(id) ON DELETE SET NULL
import_sale_order_line,write_uid,res_users,import_sale_order_line_write_uid_fkey,FOREIGN KEY (write_uid) REFERENCES public.res_users(id) ON DELETE SET NULL
import_sale_pricelist,base_pricelist_id,product_pricelist,import_sale_pricelist_base_pricelist_id_fkey,FOREIGN KEY (base_pricelist_id) REFERENCES public.product_pricelist(id) ON DELETE SET NULL
import_sale_pricelist,create_uid,res_users,import_sale_pricelist_create_uid_fkey,FOREIGN KEY (create_uid) REFERENCES public.res_users(id) ON DELETE SET NULL
import_sale_pricelist,write_uid,res_users,import_sale_pricelist_write_uid_fkey,FOREIGN KEY (write_uid) REFERENCES public.res_users(id) ON DELETE SET NULL
import_vendor_pricelist,create_uid,res_users,import_vendor_pricelist_create_uid_fkey,FOREIGN KEY (create_uid) REFERENCES public.res_users(id) ON DELETE SET NULL
import_vendor_pricelist,write_uid,res_users,import_vendor_pricelist_write_uid_fkey,FOREIGN KEY (write_uid) REFERENCES public.res_users(id) ON DELETE SET NULL
iot_box,company_id,res_company,iot_box_company_id_fkey,FOREIGN KEY (company_id) REFERENCES public.res_company(id) ON DELETE SET NULL
iot_box,create_uid,res_users,iot_box_create_uid_fkey,FOREIGN KEY (create_uid) REFERENCES public.res_users(id) ON DELETE SET NULL
iot_box,write_uid,res_users,iot_box_write_uid_fkey,FOREIGN KEY (write_uid) REFERENCES public.res_users(id) ON DELETE SET NULL
iot_device,iot_id,iot_box,iot_device_iot_id_fkey,FOREIGN KEY (iot_id) REFERENCES public.iot_box(id) ON DELETE CASCADE
iot_device,keyboard_layout,iot_keyboard_layout,iot_device_keyboard_layout_fkey,FOREIGN KEY (keyboard_layout) REFERENCES public.iot_keyboard_layout(id) ON DELETE SET NULL
iot_device,create_uid,res_users,iot_device_create_uid_fkey,FOREIGN KEY (create_uid) REFERENCES public.res_users(id) ON DELETE SET NULL
iot_device,write_uid,res_users,iot_device_write_uid_fkey,FOREIGN KEY (write_uid) REFERENCES public.res_users(id) ON DELETE SET NULL
iot_device_ir_act_report_xml_rel,iot_device_id,iot_device,iot_device_ir_act_report_xml_rel_iot_device_id_fkey,FOREIGN KEY (iot_device_id) REFERENCES public.iot_device(id) ON DELETE CASCADE
iot_device_ir_act_report_xml_rel,ir_act_report_xml_id,ir_act_report_xml,iot_device_ir_act_report_xml_rel_ir_act_report_xml_id_fkey,FOREIGN KEY (ir_act_report_xml_id) REFERENCES public.ir_act_report_xml(id) ON DELETE CASCADE
iot_device_select_printers_wizard_rel,iot_device_id,iot_device,iot_device_select_printers_wizard_rel_iot_device_id_fkey,FOREIGN KEY (iot_device_id) REFERENCES public.iot_device(id) ON DELETE CASCADE
iot_device_select_printers_wizard_rel,select_printers_wizard_id,select_printers_wizard,iot_device_select_printers_wizar_select_printers_wizard_id_fkey,FOREIGN KEY (select_printers_wizard_id) REFERENCES public.select_printers_wizard(id) ON DELETE CASCADE
iot_device_stock_picking_type_rel,iot_device_id,iot_device,iot_device_stock_picking_type_rel_iot_device_id_fkey,FOREIGN KEY (iot_device_id) REFERENCES public.iot_device(id) ON DELETE CASCADE
iot_device_stock_picking_type_rel,stock_picking_type_id,stock_picking_type,iot_device_stock_picking_type_rel_stock_picking_type_id_fkey,FOREIGN KEY (stock_picking_type_id) REFERENCES public.stock_picking_type(id) ON DELETE CASCADE
iot_discovered_box,add_iot_box_wizard_id,add_iot_box,iot_discovered_box_add_iot_box_wizard_id_fkey,FOREIGN KEY (add_iot_box_wizard_id) REFERENCES public.add_iot_box(id) ON DELETE SET NULL
iot_discovered_box,create_uid,res_users,iot_discovered_box_create_uid_fkey,FOREIGN KEY (create_uid) REFERENCES public.res_users(id) ON DELETE SET NULL
iot_discovered_box,write_uid,res_users,iot_discovered_box_write_uid_fkey,FOREIGN KEY (write_uid) REFERENCES public.res_users(id) ON DELETE SET NULL
iot_keyboard_layout,create_uid,res_users,iot_keyboard_layout_create_uid_fkey,FOREIGN KEY (create_uid) REFERENCES public.res_users(id) ON DELETE SET NULL
iot_keyboard_layout,write_uid,res_users,iot_keyboard_layout_write_uid_fkey,FOREIGN KEY (write_uid) REFERENCES public.res_users(id) ON DELETE SET NULL
iot_trigger,device_id,iot_device,iot_trigger_device_id_fkey,FOREIGN KEY (device_id) REFERENCES public.iot_device(id) ON DELETE RESTRICT
iot_trigger,workcenter_id,mrp_workcenter,iot_trigger_workcenter_id_fkey,FOREIGN KEY (workcenter_id) REFERENCES public.mrp_workcenter(id) ON DELETE SET NULL
iot_trigger,create_uid,res_users,iot_trigger_create_uid_fkey,FOREIGN KEY (create_uid) REFERENCES public.res_users(id) ON DELETE SET NULL
iot_trigger,write_uid,res_users,iot_trigger_write_uid_fkey,FOREIGN KEY (write_uid) REFERENCES public.res_users(id) ON DELETE SET NULL
ir_act_client,binding_model_id,ir_model,ir_act_client_binding_model_id_fkey,FOREIGN KEY (binding_model_id) REFERENCES public.ir_model(id) ON DELETE CASCADE
ir_act_client,create_uid,res_users,ir_act_client_create_uid_fkey,FOREIGN KEY (create_uid) REFERENCES public.res_users(id) ON DELETE SET NULL
ir_act_client,write_uid,res_users,ir_act_client_write_uid_fkey,FOREIGN KEY (write_uid) REFERENCES public.res_users(id) ON DELETE SET NULL
ir_act_report_xml,binding_model_id,ir_model,ir_act_report_xml_binding_model_id_fkey,FOREIGN KEY (binding_model_id) REFERENCES public.ir_model(id) ON DELETE CASCADE
ir_act_report_xml,paperformat_id,report_paperformat,ir_act_report_xml_paperformat_id_fkey,FOREIGN KEY (paperformat_id) REFERENCES public.report_paperformat(id) ON DELETE SET NULL
ir_act_report_xml,create_uid,res_users,ir_act_report_xml_create_uid_fkey,FOREIGN KEY (create_uid) REFERENCES public.res_users(id) ON DELETE SET NULL
ir_act_report_xml,write_uid,res_users,ir_act_report_xml_write_uid_fkey,FOREIGN KEY (write_uid) REFERENCES public.res_users(id) ON DELETE SET NULL
ir_act_server,documents_account_journal_id,account_journal,ir_act_server_documents_account_journal_id_fkey,FOREIGN KEY (documents_account_journal_id) REFERENCES public.account_journal(id) ON DELETE SET NULL
ir_act_server,base_automation_id,base_automation,ir_act_server_base_automation_id_fkey,FOREIGN KEY (base_automation_id) REFERENCES public.base_automation(id) ON DELETE CASCADE
ir_act_server,ai_autosort_folder_id,documents_document,ir_act_server_ai_autosort_folder_id_fkey,FOREIGN KEY (ai_autosort_folder_id) REFERENCES public.documents_document(id) ON DELETE SET NULL
ir_act_server,parent_id,ir_act_server,ir_act_server_parent_id_fkey,FOREIGN KEY (parent_id) REFERENCES public.ir_act_server(id) ON DELETE CASCADE
ir_act_server,binding_model_id,ir_model,ir_act_server_binding_model_id_fkey,FOREIGN KEY (binding_model_id) REFERENCES public.ir_model(id) ON DELETE CASCADE
ir_act_server,crud_model_id,ir_model,ir_act_server_crud_model_id_fkey,FOREIGN KEY (crud_model_id) REFERENCES public.ir_model(id) ON DELETE SET NULL
ir_act_server,model_id,ir_model,ir_act_server_model_id_fkey,FOREIGN KEY (model_id) REFERENCES public.ir_model(id) ON DELETE CASCADE
ir_act_server,update_related_model_id,ir_model,ir_act_server_update_related_model_id_fkey,FOREIGN KEY (update_related_model_id) REFERENCES public.ir_model(id) ON DELETE SET NULL
ir_act_server,link_field_id,ir_model_fields,ir_act_server_link_field_id_fkey,FOREIGN KEY (link_field_id) REFERENCES public.ir_model_fields(id) ON DELETE SET NULL
ir_act_server,update_field_id,ir_model_fields,ir_act_server_update_field_id_fkey,FOREIGN KEY (update_field_id) REFERENCES public.ir_model_fields(id) ON DELETE CASCADE
ir_act_server,selection_value,ir_model_fields_selection,ir_act_server_selection_value_fkey,FOREIGN KEY (selection_value) REFERENCES public.ir_model_fields_selection(id) ON DELETE CASCADE
ir_act_server,sequence_id,ir_sequence,ir_act_server_sequence_id_fkey,FOREIGN KEY (sequence_id) REFERENCES public.ir_sequence(id) ON DELETE SET NULL
ir_act_server,activity_type_id,mail_activity_type,ir_act_server_activity_type_id_fkey,FOREIGN KEY (activity_type_id) REFERENCES public.mail_activity_type(id) ON DELETE RESTRICT
ir_act_server,template_id,mail_template,ir_act_server_template_id_fkey,FOREIGN KEY (template_id) REFERENCES public.mail_template(id) ON DELETE SET NULL
ir_act_server,activity_user_id,res_users,ir_act_server_activity_user_id_fkey,FOREIGN KEY (activity_user_id) REFERENCES public.res_users(id) ON DELETE SET NULL
ir_act_server,create_uid,res_users,ir_act_server_create_uid_fkey,FOREIGN KEY (create_uid) REFERENCES public.res_users(id) ON DELETE SET NULL
ir_act_server,write_uid,res_users,ir_act_server_write_uid_fkey,FOREIGN KEY (write_uid) REFERENCES public.res_users(id) ON DELETE SET NULL
ir_act_server,sms_template_id,sms_template,ir_act_server_sms_template_id_fkey,FOREIGN KEY (sms_template_id) REFERENCES public.sms_template(id) ON DELETE SET NULL
ir_act_server_group_rel,act_id,ir_act_server,ir_act_server_group_rel_act_id_fkey,FOREIGN KEY (act_id) REFERENCES public.ir_act_server(id) ON DELETE CASCADE
ir_act_server_group_rel,gid,res_groups,ir_act_server_group_rel_gid_fkey,FOREIGN KEY (gid) REFERENCES public.res_groups(id) ON DELETE CASCADE
ir_act_server_res_partner_rel,ir_act_server_id,ir_act_server,ir_act_server_res_partner_rel_ir_act_server_id_fkey,FOREIGN KEY (ir_act_server_id) REFERENCES public.ir_act_server(id) ON DELETE CASCADE
ir_act_server_res_partner_rel,res_partner_id,res_partner,ir_act_server_res_partner_rel_res_partner_id_fkey,FOREIGN KEY (res_partner_id) REFERENCES public.res_partner(id) ON DELETE CASCADE
ir_act_server_webhook_field_rel,server_id,ir_act_server,ir_act_server_webhook_field_rel_server_id_fkey,FOREIGN KEY (server_id) REFERENCES public.ir_act_server(id) ON DELETE CASCADE
ir_act_server_webhook_field_rel,field_id,ir_model_fields,ir_act_server_webhook_field_rel_field_id_fkey,FOREIGN KEY (field_id) REFERENCES public.ir_model_fields(id) ON DELETE CASCADE
ir_act_url,binding_model_id,ir_model,ir_act_url_binding_model_id_fkey,FOREIGN KEY (binding_model_id) REFERENCES public.ir_model(id) ON DELETE CASCADE
ir_act_url,create_uid,res_users,ir_act_url_create_uid_fkey,FOREIGN KEY (create_uid) REFERENCES public.res_users(id) ON DELETE SET NULL
ir_act_url,write_uid,res_users,ir_act_url_write_uid_fkey,FOREIGN KEY (write_uid) REFERENCES public.res_users(id) ON DELETE SET NULL
ir_act_window,binding_model_id,ir_model,ir_act_window_binding_model_id_fkey,FOREIGN KEY (binding_model_id) REFERENCES public.ir_model(id) ON DELETE CASCADE
ir_act_window,search_view_id,ir_ui_view,ir_act_window_search_view_id_fkey,FOREIGN KEY (search_view_id) REFERENCES public.ir_ui_view(id) ON DELETE SET NULL
ir_act_window,view_id,ir_ui_view,ir_act_window_view_id_fkey,FOREIGN KEY (view_id) REFERENCES public.ir_ui_view(id) ON DELETE SET NULL
ir_act_window,create_uid,res_users,ir_act_window_create_uid_fkey,FOREIGN KEY (create_uid) REFERENCES public.res_users(id) ON DELETE SET NULL
ir_act_window,write_uid,res_users,ir_act_window_write_uid_fkey,FOREIGN KEY (write_uid) REFERENCES public.res_users(id) ON DELETE SET NULL
ir_act_window_group_rel,act_id,ir_act_window,ir_act_window_group_rel_act_id_fkey,FOREIGN KEY (act_id) REFERENCES public.ir_act_window(id) ON DELETE CASCADE
ir_act_window_group_rel,gid,res_groups,ir_act_window_group_rel_gid_fkey,FOREIGN KEY (gid) REFERENCES public.res_groups(id) ON DELETE CASCADE
ir_act_window_view,act_window_id,ir_act_window,ir_act_window_view_act_window_id_fkey,FOREIGN KEY (act_window_id) REFERENCES public.ir_act_window(id) ON DELETE CASCADE
ir_act_window_view,view_id,ir_ui_view,ir_act_window_view_view_id_fkey,FOREIGN KEY (view_id) REFERENCES public.ir_ui_view(id) ON DELETE SET NULL
ir_act_window_view,create_uid,res_users,ir_act_window_view_create_uid_fkey,FOREIGN KEY (create_uid) REFERENCES public.res_users(id) ON DELETE SET NULL
ir_act_window_view,write_uid,res_users,ir_act_window_view_write_uid_fkey,FOREIGN KEY (write_uid) REFERENCES public.res_users(id) ON DELETE SET NULL
ir_actions,binding_model_id,ir_model,ir_actions_binding_model_id_fkey,FOREIGN KEY (binding_model_id) REFERENCES public.ir_model(id) ON DELETE CASCADE
ir_actions,create_uid,res_users,ir_actions_create_uid_fkey,FOREIGN KEY (create_uid) REFERENCES public.res_users(id) ON DELETE SET NULL
ir_actions,write_uid,res_users,ir_actions_write_uid_fkey,FOREIGN KEY (write_uid) REFERENCES public.res_users(id) ON DELETE SET NULL
ir_actions_server_history,action_id,ir_act_server,ir_actions_server_history_action_id_fkey,FOREIGN KEY (action_id) REFERENCES public.ir_act_server(id) ON DELETE CASCADE
ir_actions_server_history,create_uid,res_users,ir_actions_server_history_create_uid_fkey,FOREIGN KEY (create_uid) REFERENCES public.res_users(id) ON DELETE SET NULL
ir_actions_server_history,write_uid,res_users,ir_actions_server_history_write_uid_fkey,FOREIGN KEY (write_uid) REFERENCES public.res_users(id) ON DELETE SET NULL
ir_actions_todo,create_uid,res_users,ir_actions_todo_create_uid_fkey,FOREIGN KEY (create_uid) REFERENCES public.res_users(id) ON DELETE SET NULL
ir_actions_todo,write_uid,res_users,ir_actions_todo_write_uid_fkey,FOREIGN KEY (write_uid) REFERENCES public.res_users(id) ON DELETE SET NULL
ir_asset,create_uid,res_users,ir_asset_create_uid_fkey,FOREIGN KEY (create_uid) REFERENCES public.res_users(id) ON DELETE SET NULL
ir_asset,write_uid,res_users,ir_asset_write_uid_fkey,FOREIGN KEY (write_uid) REFERENCES public.res_users(id) ON DELETE SET NULL
ir_asset,theme_template_id,theme_ir_asset,ir_asset_theme_template_id_fkey,FOREIGN KEY (theme_template_id) REFERENCES public.theme_ir_asset(id) ON DELETE SET NULL
ir_asset,website_id,website,ir_asset_website_id_fkey,FOREIGN KEY (website_id) REFERENCES public.website(id) ON DELETE CASCADE
ir_attachment,original_id,ir_attachment,ir_attachment_original_id_fkey,FOREIGN KEY (original_id) REFERENCES public.ir_attachment(id) ON DELETE SET NULL
ir_attachment,company_id,res_company,ir_attachment_company_id_fkey,FOREIGN KEY (company_id) REFERENCES public.res_company(id) ON DELETE SET NULL
ir_attachment,create_uid,res_users,ir_attachment_create_uid_fkey,FOREIGN KEY (create_uid) REFERENCES public.res_users(id) ON DELETE SET NULL
ir_attachment,write_uid,res_users,ir_attachment_write_uid_fkey,FOREIGN KEY (write_uid) REFERENCES public.res_users(id) ON DELETE SET NULL
ir_attachment,theme_template_id,theme_ir_attachment,ir_attachment_theme_template_id_fkey,FOREIGN KEY (theme_template_id) REFERENCES public.theme_ir_attachment(id) ON DELETE SET NULL
ir_attachment,website_id,website,ir_attachment_website_id_fkey,FOREIGN KEY (website_id) REFERENCES public.website(id) ON DELETE SET NULL
ir_attachment_sign_request_rel,ir_attachment_id,ir_attachment,ir_attachment_sign_request_rel_ir_attachment_id_fkey,FOREIGN KEY (ir_attachment_id) REFERENCES public.ir_attachment(id) ON DELETE RESTRICT
ir_attachment_sign_request_rel,sign_request_id,sign_request,ir_attachment_sign_request_rel_sign_request_id_fkey,FOREIGN KEY (sign_request_id) REFERENCES public.sign_request(id) ON DELETE CASCADE
ir_attachment_sign_send_request_rel,ir_attachment_id,ir_attachment,ir_attachment_sign_send_request_rel_ir_attachment_id_fkey,FOREIGN KEY (ir_attachment_id) REFERENCES public.ir_attachment(id) ON DELETE CASCADE
ir_attachment_sign_send_request_rel,sign_send_request_id,sign_send_request,ir_attachment_sign_send_request_rel_sign_send_request_id_fkey,FOREIGN KEY (sign_send_request_id) REFERENCES public.sign_send_request(id) ON DELETE CASCADE
ir_attachment_slide_channel_invite_rel,ir_attachment_id,ir_attachment,ir_attachment_slide_channel_invite_rel_ir_attachment_id_fkey,FOREIGN KEY (ir_attachment_id) REFERENCES public.ir_attachment(id) ON DELETE CASCADE
ir_attachment_slide_channel_invite_rel,slide_channel_invite_id,slide_channel_invite,ir_attachment_slide_channel_invite_slide_channel_invite_id_fkey,FOREIGN KEY (slide_channel_invite_id) REFERENCES public.slide_channel_invite(id) ON DELETE CASCADE
ir_config_parameter,create_uid,res_users,ir_config_parameter_create_uid_fkey,FOREIGN KEY (create_uid) REFERENCES public.res_users(id) ON DELETE SET NULL
ir_config_parameter,write_uid,res_users,ir_config_parameter_write_uid_fkey,FOREIGN KEY (write_uid) REFERENCES public.res_users(id) ON DELETE SET NULL
ir_cron,ir_actions_server_id,ir_act_server,ir_cron_ir_actions_server_id_fkey,FOREIGN KEY (ir_actions_server_id) REFERENCES public.ir_act_server(id) ON DELETE RESTRICT
ir_cron,create_uid,res_users,ir_cron_create_uid_fkey,FOREIGN KEY (create_uid) REFERENCES public.res_users(id) ON DELETE SET NULL
ir_cron,user_id,res_users,ir_cron_user_id_fkey,FOREIGN KEY (user_id) REFERENCES public.res_users(id) ON DELETE RESTRICT
ir_cron,write_uid,res_users,ir_cron_write_uid_fkey,FOREIGN KEY (write_uid) REFERENCES public.res_users(id) ON DELETE SET NULL
ir_cron_progress,cron_id,ir_cron,ir_cron_progress_cron_id_fkey,FOREIGN KEY (cron_id) REFERENCES public.ir_cron(id) ON DELETE CASCADE
ir_cron_progress,create_uid,res_users,ir_cron_progress_create_uid_fkey,FOREIGN KEY (create_uid) REFERENCES public.res_users(id) ON DELETE SET NULL
ir_cron_progress,write_uid,res_users,ir_cron_progress_write_uid_fkey,FOREIGN KEY (write_uid) REFERENCES public.res_users(id) ON DELETE SET NULL
ir_cron_trigger,cron_id,ir_cron,ir_cron_trigger_cron_id_fkey,FOREIGN KEY (cron_id) REFERENCES public.ir_cron(id) ON DELETE CASCADE
ir_cron_trigger,create_uid,res_users,ir_cron_trigger_create_uid_fkey,FOREIGN KEY (create_uid) REFERENCES public.res_users(id) ON DELETE SET NULL
ir_cron_trigger,write_uid,res_users,ir_cron_trigger_write_uid_fkey,FOREIGN KEY (write_uid) REFERENCES public.res_users(id) ON DELETE SET NULL
ir_default,field_id,ir_model_fields,ir_default_field_id_fkey,FOREIGN KEY (field_id) REFERENCES public.ir_model_fields(id) ON DELETE CASCADE
ir_default,company_id,res_company,ir_default_company_id_fkey,FOREIGN KEY (company_id) REFERENCES public.res_company(id) ON DELETE CASCADE
ir_default,create_uid,res_users,ir_default_create_uid_fkey,FOREIGN KEY (create_uid) REFERENCES public.res_users(id) ON DELETE SET NULL
ir_default,user_id,res_users,ir_default_user_id_fkey,FOREIGN KEY (user_id) REFERENCES public.res_users(id) ON DELETE CASCADE
ir_default,write_uid,res_users,ir_default_write_uid_fkey,FOREIGN KEY (write_uid) REFERENCES public.res_users(id) ON DELETE SET NULL
ir_demo,create_uid,res_users,ir_demo_create_uid_fkey,FOREIGN KEY (create_uid) REFERENCES public.res_users(id) ON DELETE SET NULL
ir_demo,write_uid,res_users,ir_demo_write_uid_fkey,FOREIGN KEY (write_uid) REFERENCES public.res_users(id) ON DELETE SET NULL
ir_demo_failure,wizard_id,ir_demo_failure_wizard,ir_demo_failure_wizard_id_fkey,FOREIGN KEY (wizard_id) REFERENCES public.ir_demo_failure_wizard(id) ON DELETE SET NULL
ir_demo_failure,module_id,ir_module_module,ir_demo_failure_module_id_fkey,FOREIGN KEY (module_id) REFERENCES public.ir_module_module(id) ON DELETE CASCADE
ir_demo_failure,create_uid,res_users,ir_demo_failure_create_uid_fkey,FOREIGN KEY (create_uid) REFERENCES public.res_users(id) ON DELETE SET NULL
ir_demo_failure,write_uid,res_users,ir_demo_failure_write_uid_fkey,FOREIGN KEY (write_uid) REFERENCES public.res_users(id) ON DELETE SET NULL
ir_demo_failure_wizard,create_uid,res_users,ir_demo_failure_wizard_create_uid_fkey,FOREIGN KEY (create_uid) REFERENCES public.res_users(id) ON DELETE SET NULL
ir_demo_failure_wizard,write_uid,res_users,ir_demo_failure_wizard_write_uid_fkey,FOREIGN KEY (write_uid) REFERENCES public.res_users(id) ON DELETE SET NULL
ir_embedded_actions,parent_action_id,ir_act_window,ir_embedded_actions_parent_action_id_fkey,FOREIGN KEY (parent_action_id) REFERENCES public.ir_act_window(id) ON DELETE CASCADE
ir_embedded_actions,create_uid,res_users,ir_embedded_actions_create_uid_fkey,FOREIGN KEY (create_uid) REFERENCES public.res_users(id) ON DELETE SET NULL
ir_embedded_actions,user_id,res_users,ir_embedded_actions_user_id_fkey,FOREIGN KEY (user_id) REFERENCES public.res_users(id) ON DELETE CASCADE
ir_embedded_actions,write_uid,res_users,ir_embedded_actions_write_uid_fkey,FOREIGN KEY (write_uid) REFERENCES public.res_users(id) ON DELETE SET NULL
ir_embedded_actions_res_groups_rel,ir_embedded_actions_id,ir_embedded_actions,ir_embedded_actions_res_groups_rel_ir_embedded_actions_id_fkey,FOREIGN KEY (ir_embedded_actions_id) REFERENCES public.ir_embedded_actions(id) ON DELETE CASCADE
ir_embedded_actions_res_groups_rel,res_groups_id,res_groups,ir_embedded_actions_res_groups_rel_res_groups_id_fkey,FOREIGN KEY (res_groups_id) REFERENCES public.res_groups(id) ON DELETE CASCADE
ir_exports,create_uid,res_users,ir_exports_create_uid_fkey,FOREIGN KEY (create_uid) REFERENCES public.res_users(id) ON DELETE SET NULL
ir_exports,write_uid,res_users,ir_exports_write_uid_fkey,FOREIGN KEY (write_uid) REFERENCES public.res_users(id) ON DELETE SET NULL
ir_exports_line,export_id,ir_exports,ir_exports_line_export_id_fkey,FOREIGN KEY (export_id) REFERENCES public.ir_exports(id) ON DELETE CASCADE
ir_exports_line,create_uid,res_users,ir_exports_line_create_uid_fkey,FOREIGN KEY (create_uid) REFERENCES public.res_users(id) ON DELETE SET NULL
ir_exports_line,write_uid,res_users,ir_exports_line_write_uid_fkey,FOREIGN KEY (write_uid) REFERENCES public.res_users(id) ON DELETE SET NULL
ir_filters,embedded_action_id,ir_embedded_actions,ir_filters_embedded_action_id_fkey,FOREIGN KEY (embedded_action_id) REFERENCES public.ir_embedded_actions(id) ON DELETE CASCADE
ir_filters,create_uid,res_users,ir_filters_create_uid_fkey,FOREIGN KEY (create_uid) REFERENCES public.res_users(id) ON DELETE SET NULL
ir_filters,write_uid,res_users,ir_filters_write_uid_fkey,FOREIGN KEY (write_uid) REFERENCES public.res_users(id) ON DELETE SET NULL
ir_filters_res_users_rel,ir_filters_id,ir_filters,ir_filters_res_users_rel_ir_filters_id_fkey,FOREIGN KEY (ir_filters_id) REFERENCES public.ir_filters(id) ON DELETE CASCADE
ir_filters_res_users_rel,res_users_id,res_users,ir_filters_res_users_rel_res_users_id_fkey,FOREIGN KEY (res_users_id) REFERENCES public.res_users(id) ON DELETE CASCADE
ir_mail_server,create_uid,res_users,ir_mail_server_create_uid_fkey,FOREIGN KEY (create_uid) REFERENCES public.res_users(id) ON DELETE SET NULL
ir_mail_server,owner_user_id,res_users,ir_mail_server_owner_user_id_fkey,FOREIGN KEY (owner_user_id) REFERENCES public.res_users(id) ON DELETE SET NULL
ir_mail_server,write_uid,res_users,ir_mail_server_write_uid_fkey,FOREIGN KEY (write_uid) REFERENCES public.res_users(id) ON DELETE SET NULL
ir_model,website_form_default_field_id,ir_model_fields,ir_model_website_form_default_field_id_fkey,FOREIGN KEY (website_form_default_field_id) REFERENCES public.ir_model_fields(id) ON DELETE SET NULL
ir_model,create_uid,res_users,ir_model_create_uid_fkey,FOREIGN KEY (create_uid) REFERENCES public.res_users(id) ON DELETE SET NULL
ir_model,write_uid,res_users,ir_model_write_uid_fkey,FOREIGN KEY (write_uid) REFERENCES public.res_users(id) ON DELETE SET NULL
ir_model_access,model_id,ir_model,ir_model_access_model_id_fkey,FOREIGN KEY (model_id) REFERENCES public.ir_model(id) ON DELETE CASCADE
ir_model_access,group_id,res_groups,ir_model_access_group_id_fkey,FOREIGN KEY (group_id) REFERENCES public.res_groups(id) ON DELETE RESTRICT
ir_model_access,create_uid,res_users,ir_model_access_create_uid_fkey,FOREIGN KEY (create_uid) REFERENCES public.res_users(id) ON DELETE SET NULL
ir_model_access,write_uid,res_users,ir_model_access_write_uid_fkey,FOREIGN KEY (write_uid) REFERENCES public.res_users(id) ON DELETE SET NULL
ir_model_constraint,model,ir_model,ir_model_constraint_model_fkey,FOREIGN KEY (model) REFERENCES public.ir_model(id) ON DELETE CASCADE
ir_model_constraint,module,ir_module_module,ir_model_constraint_module_fkey,FOREIGN KEY (module) REFERENCES public.ir_module_module(id) ON DELETE CASCADE
ir_model_constraint,create_uid,res_users,ir_model_constraint_create_uid_fkey,FOREIGN KEY (create_uid) REFERENCES public.res_users(id) ON DELETE SET NULL
ir_model_constraint,write_uid,res_users,ir_model_constraint_write_uid_fkey,FOREIGN KEY (write_uid) REFERENCES public.res_users(id) ON DELETE SET NULL
ir_model_data,create_uid,res_users,ir_model_data_create_uid_fkey,FOREIGN KEY (create_uid) REFERENCES public.res_users(id) ON DELETE SET NULL
ir_model_data,write_uid,res_users,ir_model_data_write_uid_fkey,FOREIGN KEY (write_uid) REFERENCES public.res_users(id) ON DELETE SET NULL
ir_model_fields,model_id,ir_model,ir_model_fields_model_id_fkey,FOREIGN KEY (model_id) REFERENCES public.ir_model(id) ON DELETE CASCADE
ir_model_fields,related_field_id,ir_model_fields,ir_model_fields_related_field_id_fkey,FOREIGN KEY (related_field_id) REFERENCES public.ir_model_fields(id) ON DELETE CASCADE
ir_model_fields,relation_field_id,ir_model_fields,ir_model_fields_relation_field_id_fkey,FOREIGN KEY (relation_field_id) REFERENCES public.ir_model_fields(id) ON DELETE CASCADE
ir_model_fields,create_uid,res_users,ir_model_fields_create_uid_fkey,FOREIGN KEY (create_uid) REFERENCES public.res_users(id) ON DELETE SET NULL
ir_model_fields,write_uid,res_users,ir_model_fields_write_uid_fkey,FOREIGN KEY (write_uid) REFERENCES public.res_users(id) ON DELETE SET NULL
ir_model_fields_group_rel,field_id,ir_model_fields,ir_model_fields_group_rel_field_id_fkey,FOREIGN KEY (field_id) REFERENCES public.ir_model_fields(id) ON DELETE CASCADE
ir_model_fields_group_rel,group_id,res_groups,ir_model_fields_group_rel_group_id_fkey,FOREIGN KEY (group_id) REFERENCES public.res_groups(id) ON DELETE CASCADE
ir_model_fields_selection,field_id,ir_model_fields,ir_model_fields_selection_field_id_fkey,FOREIGN KEY (field_id) REFERENCES public.ir_model_fields(id) ON DELETE CASCADE
ir_model_fields_selection,create_uid,res_users,ir_model_fields_selection_create_uid_fkey,FOREIGN KEY (create_uid) REFERENCES public.res_users(id) ON DELETE SET NULL
ir_model_fields_selection,write_uid,res_users,ir_model_fields_selection_write_uid_fkey,FOREIGN KEY (write_uid) REFERENCES public.res_users(id) ON DELETE SET NULL
ir_model_fields_studio_export_model_rel,ir_model_fields_id,ir_model_fields,ir_model_fields_studio_export_model_rel_ir_model_fields_id_fkey,FOREIGN KEY (ir_model_fields_id) REFERENCES public.ir_model_fields(id) ON DELETE CASCADE
ir_model_fields_studio_export_model_rel,studio_export_model_id,studio_export_model,ir_model_fields_studio_export_model_studio_export_model_id_fkey,FOREIGN KEY (studio_export_model_id) REFERENCES public.studio_export_model(id) ON DELETE CASCADE
ir_model_inherit,model_id,ir_model,ir_model_inherit_model_id_fkey,FOREIGN KEY (model_id) REFERENCES public.ir_model(id) ON DELETE CASCADE
ir_model_inherit,parent_id,ir_model,ir_model_inherit_parent_id_fkey,FOREIGN KEY (parent_id) REFERENCES public.ir_model(id) ON DELETE CASCADE
ir_model_inherit,parent_field_id,ir_model_fields,ir_model_inherit_parent_field_id_fkey,FOREIGN KEY (parent_field_id) REFERENCES public.ir_model_fields(id) ON DELETE CASCADE
ir_model_relation,model,ir_model,ir_model_relation_model_fkey,FOREIGN KEY (model) REFERENCES public.ir_model(id) ON DELETE CASCADE
ir_model_relation,module,ir_module_module,ir_model_relation_module_fkey,FOREIGN KEY (module) REFERENCES public.ir_module_module(id) ON DELETE CASCADE
ir_model_relation,create_uid,res_users,ir_model_relation_create_uid_fkey,FOREIGN KEY (create_uid) REFERENCES public.res_users(id) ON DELETE SET NULL
ir_model_relation,write_uid,res_users,ir_model_relation_write_uid_fkey,FOREIGN KEY (write_uid) REFERENCES public.res_users(id) ON DELETE SET NULL
ir_model_spreadsheet_dashboard_rel,ir_model_id,ir_model,ir_model_spreadsheet_dashboard_rel_ir_model_id_fkey,FOREIGN KEY (ir_model_id) REFERENCES public.ir_model(id) ON DELETE CASCADE
ir_model_spreadsheet_dashboard_rel,spreadsheet_dashboard_id,spreadsheet_dashboard,ir_model_spreadsheet_dashboard_re_spreadsheet_dashboard_id_fkey,FOREIGN KEY (spreadsheet_dashboard_id) REFERENCES public.spreadsheet_dashboard(id) ON DELETE CASCADE
ir_module_category,parent_id,ir_module_category,ir_module_category_parent_id_fkey,FOREIGN KEY (parent_id) REFERENCES public.ir_module_category(id) ON DELETE SET NULL
ir_module_category,create_uid,res_users,ir_module_category_create_uid_fkey,FOREIGN KEY (create_uid) REFERENCES public.res_users(id) ON DELETE SET NULL
ir_module_category,write_uid,res_users,ir_module_category_write_uid_fkey,FOREIGN KEY (write_uid) REFERENCES public.res_users(id) ON DELETE SET NULL
ir_module_module,category_id,ir_module_category,ir_module_module_category_id_fkey,FOREIGN KEY (category_id) REFERENCES public.ir_module_category(id) ON DELETE SET NULL
ir_module_module,create_uid,res_users,ir_module_module_create_uid_fkey,FOREIGN KEY (create_uid) REFERENCES public.res_users(id) ON DELETE SET NULL
ir_module_module,write_uid,res_users,ir_module_module_write_uid_fkey,FOREIGN KEY (write_uid) REFERENCES public.res_users(id) ON DELETE SET NULL
ir_module_module_dependency,module_id,ir_module_module,ir_module_module_dependency_module_id_fkey,FOREIGN KEY (module_id) REFERENCES public.ir_module_module(id) ON DELETE CASCADE
ir_module_module_exclusion,module_id,ir_module_module,ir_module_module_exclusion_module_id_fkey,FOREIGN KEY (module_id) REFERENCES public.ir_module_module(id) ON DELETE CASCADE
ir_module_module_exclusion,create_uid,res_users,ir_module_module_exclusion_create_uid_fkey,FOREIGN KEY (create_uid) REFERENCES public.res_users(id) ON DELETE SET NULL
ir_module_module_exclusion,write_uid,res_users,ir_module_module_exclusion_write_uid_fkey,FOREIGN KEY (write_uid) REFERENCES public.res_users(id) ON DELETE SET NULL
ir_rule,model_id,ir_model,ir_rule_model_id_fkey,FOREIGN KEY (model_id) REFERENCES public.ir_model(id) ON DELETE CASCADE
ir_rule,create_uid,res_users,ir_rule_create_uid_fkey,FOREIGN KEY (create_uid) REFERENCES public.res_users(id) ON DELETE SET NULL
ir_rule,write_uid,res_users,ir_rule_write_uid_fkey,FOREIGN KEY (write_uid) REFERENCES public.res_users(id) ON DELETE SET NULL
ir_sequence,company_id,res_company,ir_sequence_company_id_fkey,FOREIGN KEY (company_id) REFERENCES public.res_company(id) ON DELETE SET NULL
ir_sequence,create_uid,res_users,ir_sequence_create_uid_fkey,FOREIGN KEY (create_uid) REFERENCES public.res_users(id) ON DELETE SET NULL
ir_sequence,write_uid,res_users,ir_sequence_write_uid_fkey,FOREIGN KEY (write_uid) REFERENCES public.res_users(id) ON DELETE SET NULL
ir_sequence_date_range,sequence_id,ir_sequence,ir_sequence_date_range_sequence_id_fkey,FOREIGN KEY (sequence_id) REFERENCES public.ir_sequence(id) ON DELETE CASCADE
ir_sequence_date_range,create_uid,res_users,ir_sequence_date_range_create_uid_fkey,FOREIGN KEY (create_uid) REFERENCES public.res_users(id) ON DELETE SET NULL
ir_sequence_date_range,write_uid,res_users,ir_sequence_date_range_write_uid_fkey,FOREIGN KEY (write_uid) REFERENCES public.res_users(id) ON DELETE SET NULL
ir_ui_menu,parent_id,ir_ui_menu,ir_ui_menu_parent_id_fkey,FOREIGN KEY (parent_id) REFERENCES public.ir_ui_menu(id) ON DELETE RESTRICT
ir_ui_menu,create_uid,res_users,ir_ui_menu_create_uid_fkey,FOREIGN KEY (create_uid) REFERENCES public.res_users(id) ON DELETE SET NULL
ir_ui_menu,write_uid,res_users,ir_ui_menu_write_uid_fkey,FOREIGN KEY (write_uid) REFERENCES public.res_users(id) ON DELETE SET NULL
ir_ui_menu_group_rel,menu_id,ir_ui_menu,ir_ui_menu_group_rel_menu_id_fkey,FOREIGN KEY (menu_id) REFERENCES public.ir_ui_menu(id) ON DELETE CASCADE
ir_ui_menu_group_rel,gid,res_groups,ir_ui_menu_group_rel_gid_fkey,FOREIGN KEY (gid) REFERENCES public.res_groups(id) ON DELETE CASCADE
ir_ui_view,inherit_id,ir_ui_view,ir_ui_view_inherit_id_fkey,FOREIGN KEY (inherit_id) REFERENCES public.ir_ui_view(id) ON DELETE RESTRICT
ir_ui_view,create_uid,res_users,ir_ui_view_create_uid_fkey,FOREIGN KEY (create_uid) REFERENCES public.res_users(id) ON DELETE SET NULL
ir_ui_view,write_uid,res_users,ir_ui_view_write_uid_fkey,FOREIGN KEY (write_uid) REFERENCES public.res_users(id) ON DELETE SET NULL
ir_ui_view,theme_template_id,theme_ir_ui_view,ir_ui_view_theme_template_id_fkey,FOREIGN KEY (theme_template_id) REFERENCES public.theme_ir_ui_view(id) ON DELETE SET NULL
ir_ui_view,website_id,website,ir_ui_view_website_id_fkey,FOREIGN KEY (website_id) REFERENCES public.website(id) ON DELETE CASCADE
ir_ui_view_custom,ref_id,ir_ui_view,ir_ui_view_custom_ref_id_fkey,FOREIGN KEY (ref_id) REFERENCES public.ir_ui_view(id) ON DELETE CASCADE
ir_ui_view_custom,create_uid,res_users,ir_ui_view_custom_create_uid_fkey,FOREIGN KEY (create_uid) REFERENCES public.res_users(id) ON DELETE SET NULL
ir_ui_view_custom,user_id,res_users,ir_ui_view_custom_user_id_fkey,FOREIGN KEY (user_id) REFERENCES public.res_users(id) ON DELETE CASCADE
ir_ui_view_custom,write_uid,res_users,ir_ui_view_custom_write_uid_fkey,FOREIGN KEY (write_uid) REFERENCES public.res_users(id) ON DELETE SET NULL
ir_ui_view_group_rel,view_id,ir_ui_view,ir_ui_view_group_rel_view_id_fkey,FOREIGN KEY (view_id) REFERENCES public.ir_ui_view(id) ON DELETE CASCADE
ir_ui_view_group_rel,group_id,res_groups,ir_ui_view_group_rel_group_id_fkey,FOREIGN KEY (group_id) REFERENCES public.res_groups(id) ON DELETE CASCADE
jasper_report,action_id,ir_act_server,jasper_report_action_id_fkey,FOREIGN KEY (action_id) REFERENCES public.ir_act_server(id) ON DELETE SET NULL
jasper_report,model_id,ir_model,jasper_report_model_id_fkey,FOREIGN KEY (model_id) REFERENCES public.ir_model(id) ON DELETE SET NULL
jasper_report,create_uid,res_users,jasper_report_create_uid_fkey,FOREIGN KEY (create_uid) REFERENCES public.res_users(id) ON DELETE SET NULL
jasper_report,write_uid,res_users,jasper_report_write_uid_fkey,FOREIGN KEY (write_uid) REFERENCES public.res_users(id) ON DELETE SET NULL
jasper_report_mail_template_rel,jasper_report_id,jasper_report,jasper_report_mail_template_rel_jasper_report_id_fkey,FOREIGN KEY (jasper_report_id) REFERENCES public.jasper_report(id) ON DELETE CASCADE
jasper_report_mail_template_rel,mail_template_id,mail_template,jasper_report_mail_template_rel_mail_template_id_fkey,FOREIGN KEY (mail_template_id) REFERENCES public.mail_template(id) ON DELETE CASCADE
jasper_report_run,report_id,jasper_report,jasper_report_run_report_id_fkey,FOREIGN KEY (report_id) REFERENCES public.jasper_report(id) ON DELETE CASCADE
jasper_report_run,create_uid,res_users,jasper_report_run_create_uid_fkey,FOREIGN KEY (create_uid) REFERENCES public.res_users(id) ON DELETE SET NULL
jasper_report_run,write_uid,res_users,jasper_report_run_write_uid_fkey,FOREIGN KEY (write_uid) REFERENCES public.res_users(id) ON DELETE SET NULL
job_add_applicants,create_uid,res_users,job_add_applicants_create_uid_fkey,FOREIGN KEY (create_uid) REFERENCES public.res_users(id) ON DELETE SET NULL
job_add_applicants,write_uid,res_users,job_add_applicants_write_uid_fkey,FOREIGN KEY (write_uid) REFERENCES public.res_users(id) ON DELETE SET NULL
job_favorite_user_rel,job_id,hr_job,job_favorite_user_rel_job_id_fkey,FOREIGN KEY (job_id) REFERENCES public.hr_job(id) ON DELETE CASCADE
job_favorite_user_rel,user_id,res_users,job_favorite_user_rel_user_id_fkey,FOREIGN KEY (user_id) REFERENCES public.res_users(id) ON DELETE CASCADE
link_tracker,create_uid,res_users,link_tracker_create_uid_fkey,FOREIGN KEY (create_uid) REFERENCES public.res_users(id) ON DELETE SET NULL
link_tracker,write_uid,res_users,link_tracker_write_uid_fkey,FOREIGN KEY (write_uid) REFERENCES public.res_users(id) ON DELETE SET NULL
link_tracker,campaign_id,utm_campaign,link_tracker_campaign_id_fkey,FOREIGN KEY (campaign_id) REFERENCES public.utm_campaign(id) ON DELETE SET NULL
link_tracker,medium_id,utm_medium,link_tracker_medium_id_fkey,FOREIGN KEY (medium_id) REFERENCES public.utm_medium(id) ON DELETE SET NULL
link_tracker,source_id,utm_source,link_tracker_source_id_fkey,FOREIGN KEY (source_id) REFERENCES public.utm_source(id) ON DELETE SET NULL
link_tracker_click,link_id,link_tracker,link_tracker_click_link_id_fkey,FOREIGN KEY (link_id) REFERENCES public.link_tracker(id) ON DELETE CASCADE
link_tracker_click,country_id,res_country,link_tracker_click_country_id_fkey,FOREIGN KEY (country_id) REFERENCES public.res_country(id) ON DELETE SET NULL
link_tracker_click,create_uid,res_users,link_tracker_click_create_uid_fkey,FOREIGN KEY (create_uid) REFERENCES public.res_users(id) ON DELETE SET NULL
link_tracker_click,write_uid,res_users,link_tracker_click_write_uid_fkey,FOREIGN KEY (write_uid) REFERENCES public.res_users(id) ON DELETE SET NULL
link_tracker_click,campaign_id,utm_campaign,link_tracker_click_campaign_id_fkey,FOREIGN KEY (campaign_id) REFERENCES public.utm_campaign(id) ON DELETE SET NULL
link_tracker_code,link_id,link_tracker,link_tracker_code_link_id_fkey,FOREIGN KEY (link_id) REFERENCES public.link_tracker(id) ON DELETE CASCADE
link_tracker_code,create_uid,res_users,link_tracker_code_create_uid_fkey,FOREIGN KEY (create_uid) REFERENCES public.res_users(id) ON DELETE SET NULL
link_tracker_code,write_uid,res_users,link_tracker_code_write_uid_fkey,FOREIGN KEY (write_uid) REFERENCES public.res_users(id) ON DELETE SET NULL
livechat_conversation_tag_rel,discuss_channel_id,discuss_channel,livechat_conversation_tag_rel_discuss_channel_id_fkey,FOREIGN KEY (discuss_channel_id) REFERENCES public.discuss_channel(id) ON DELETE CASCADE
livechat_conversation_tag_rel,im_livechat_conversation_tag_id,im_livechat_conversation_tag,livechat_conversation_tag_rel_im_livechat_conversation_tag_fkey,FOREIGN KEY (im_livechat_conversation_tag_id) REFERENCES public.im_livechat_conversation_tag(id) ON DELETE CASCADE
lot_label_layout,create_uid,res_users,lot_label_layout_create_uid_fkey,FOREIGN KEY (create_uid) REFERENCES public.res_users(id) ON DELETE SET NULL
lot_label_layout,write_uid,res_users,lot_label_layout_write_uid_fkey,FOREIGN KEY (write_uid) REFERENCES public.res_users(id) ON DELETE SET NULL
lot_label_layout_stock_move_line_rel,lot_label_layout_id,lot_label_layout,lot_label_layout_stock_move_line_rel_lot_label_layout_id_fkey,FOREIGN KEY (lot_label_layout_id) REFERENCES public.lot_label_layout(id) ON DELETE CASCADE
lot_label_layout_stock_move_line_rel,stock_move_line_id,stock_move_line,lot_label_layout_stock_move_line_rel_stock_move_line_id_fkey,FOREIGN KEY (stock_move_line_id) REFERENCES public.stock_move_line(id) ON DELETE CASCADE
mail_activity,calendar_event_id,calendar_event,mail_activity_calendar_event_id_fkey,FOREIGN KEY (calendar_event_id) REFERENCES public.calendar_event(id) ON DELETE CASCADE
mail_activity,res_model_id,ir_model,mail_activity_res_model_id_fkey,FOREIGN KEY (res_model_id) REFERENCES public.ir_model(id) ON DELETE CASCADE
mail_activity,activity_type_id,mail_activity_type,mail_activity_activity_type_id_fkey,FOREIGN KEY (activity_type_id) REFERENCES public.mail_activity_type(id) ON DELETE RESTRICT
mail_activity,previous_activity_type_id,mail_activity_type,mail_activity_previous_activity_type_id_fkey,FOREIGN KEY (previous_activity_type_id) REFERENCES public.mail_activity_type(id) ON DELETE SET NULL
mail_activity,recommended_activity_type_id,mail_activity_type,mail_activity_recommended_activity_type_id_fkey,FOREIGN KEY (recommended_activity_type_id) REFERENCES public.mail_activity_type(id) ON DELETE SET NULL
mail_activity,request_partner_id,res_partner,mail_activity_request_partner_id_fkey,FOREIGN KEY (request_partner_id) REFERENCES public.res_partner(id) ON DELETE CASCADE
mail_activity,create_uid,res_users,mail_activity_create_uid_fkey,FOREIGN KEY (create_uid) REFERENCES public.res_users(id) ON DELETE SET NULL
mail_activity,user_id,res_users,mail_activity_user_id_fkey,FOREIGN KEY (user_id) REFERENCES public.res_users(id) ON DELETE CASCADE
mail_activity,write_uid,res_users,mail_activity_write_uid_fkey,FOREIGN KEY (write_uid) REFERENCES public.res_users(id) ON DELETE SET NULL
mail_activity,studio_approval_request_id,studio_approval_request,mail_activity_studio_approval_request_id_fkey,FOREIGN KEY (studio_approval_request_id) REFERENCES public.studio_approval_request(id) ON DELETE CASCADE
mail_activity_plan,department_id,hr_department,mail_activity_plan_department_id_fkey,FOREIGN KEY (department_id) REFERENCES public.hr_department(id) ON DELETE CASCADE
mail_activity_plan,res_model_id,ir_model,mail_activity_plan_res_model_id_fkey,FOREIGN KEY (res_model_id) REFERENCES public.ir_model(id) ON DELETE CASCADE
mail_activity_plan,company_id,res_company,mail_activity_plan_company_id_fkey,FOREIGN KEY (company_id) REFERENCES public.res_company(id) ON DELETE SET NULL
mail_activity_plan,create_uid,res_users,mail_activity_plan_create_uid_fkey,FOREIGN KEY (create_uid) REFERENCES public.res_users(id) ON DELETE SET NULL
mail_activity_plan,write_uid,res_users,mail_activity_plan_write_uid_fkey,FOREIGN KEY (write_uid) REFERENCES public.res_users(id) ON DELETE SET NULL
mail_activity_plan_mail_activity_schedule_rel,mail_activity_plan_id,mail_activity_plan,mail_activity_plan_mail_activity_sch_mail_activity_plan_id_fkey,FOREIGN KEY (mail_activity_plan_id) REFERENCES public.mail_activity_plan(id) ON DELETE CASCADE
mail_activity_plan_mail_activity_schedule_rel,mail_activity_schedule_id,mail_activity_schedule,mail_activity_plan_mail_activity_mail_activity_schedule_id_fkey,FOREIGN KEY (mail_activity_schedule_id) REFERENCES public.mail_activity_schedule(id) ON DELETE CASCADE
mail_activity_plan_template,plan_id,mail_activity_plan,mail_activity_plan_template_plan_id_fkey,FOREIGN KEY (plan_id) REFERENCES public.mail_activity_plan(id) ON DELETE CASCADE
mail_activity_plan_template,activity_type_id,mail_activity_type,mail_activity_plan_template_activity_type_id_fkey,FOREIGN KEY (activity_type_id) REFERENCES public.mail_activity_type(id) ON DELETE RESTRICT
mail_activity_plan_template,create_uid,res_users,mail_activity_plan_template_create_uid_fkey,FOREIGN KEY (create_uid) REFERENCES public.res_users(id) ON DELETE SET NULL
mail_activity_plan_template,responsible_id,res_users,mail_activity_plan_template_responsible_id_fkey,FOREIGN KEY (responsible_id) REFERENCES public.res_users(id) ON DELETE SET NULL
mail_activity_plan_template,write_uid,res_users,mail_activity_plan_template_write_uid_fkey,FOREIGN KEY (write_uid) REFERENCES public.res_users(id) ON DELETE SET NULL
mail_activity_plan_template,employee_role_id,sign_item_role,mail_activity_plan_template_employee_role_id_fkey,FOREIGN KEY (employee_role_id) REFERENCES public.sign_item_role(id) ON DELETE SET NULL
mail_activity_plan_template,sign_template_id,sign_template,mail_activity_plan_template_sign_template_id_fkey,FOREIGN KEY (sign_template_id) REFERENCES public.sign_template(id) ON DELETE SET NULL
mail_activity_plan_template_mail_activity_type_rel,mail_activity_plan_template_id,mail_activity_plan_template,mail_activity_plan_template_m_mail_activity_plan_template__fkey,FOREIGN KEY (mail_activity_plan_template_id) REFERENCES public.mail_activity_plan_template(id) ON DELETE CASCADE
mail_activity_plan_template_mail_activity_type_rel,mail_activity_type_id,mail_activity_type,mail_activity_plan_template_mail_act_mail_activity_type_id_fkey,FOREIGN KEY (mail_activity_type_id) REFERENCES public.mail_activity_type(id) ON DELETE CASCADE
mail_activity_rel,activity_id,mail_activity_type,mail_activity_rel_activity_id_fkey,FOREIGN KEY (activity_id) REFERENCES public.mail_activity_type(id) ON DELETE CASCADE
mail_activity_rel,recommended_id,mail_activity_type,mail_activity_rel_recommended_id_fkey,FOREIGN KEY (recommended_id) REFERENCES public.mail_activity_type(id) ON DELETE CASCADE
mail_activity_schedule,res_model_id,ir_model,mail_activity_schedule_res_model_id_fkey,FOREIGN KEY (res_model_id) REFERENCES public.ir_model(id) ON DELETE CASCADE
mail_activity_schedule,plan_id,mail_activity_plan,mail_activity_schedule_plan_id_fkey,FOREIGN KEY (plan_id) REFERENCES public.mail_activity_plan(id) ON DELETE SET NULL
mail_activity_schedule,activity_type_id,mail_activity_type,mail_activity_schedule_activity_type_id_fkey,FOREIGN KEY (activity_type_id) REFERENCES public.mail_activity_type(id) ON DELETE SET NULL
mail_activity_schedule,activity_user_id,res_users,mail_activity_schedule_activity_user_id_fkey,FOREIGN KEY (activity_user_id) REFERENCES public.res_users(id) ON DELETE SET NULL
mail_activity_schedule,create_uid,res_users,mail_activity_schedule_create_uid_fkey,FOREIGN KEY (create_uid) REFERENCES public.res_users(id) ON DELETE SET NULL
mail_activity_schedule,plan_on_demand_user_id,res_users,mail_activity_schedule_plan_on_demand_user_id_fkey,FOREIGN KEY (plan_on_demand_user_id) REFERENCES public.res_users(id) ON DELETE SET NULL
mail_activity_schedule,write_uid,res_users,mail_activity_schedule_write_uid_fkey,FOREIGN KEY (write_uid) REFERENCES public.res_users(id) ON DELETE SET NULL
mail_activity_schedule_line,activity_schedule_id,mail_activity_schedule,mail_activity_schedule_line_activity_schedule_id_fkey,FOREIGN KEY (activity_schedule_id) REFERENCES public.mail_activity_schedule(id) ON DELETE CASCADE
mail_activity_schedule_line,create_uid,res_users,mail_activity_schedule_line_create_uid_fkey,FOREIGN KEY (create_uid) REFERENCES public.res_users(id) ON DELETE SET NULL
mail_activity_schedule_line,responsible_user_id,res_users,mail_activity_schedule_line_responsible_user_id_fkey,FOREIGN KEY (responsible_user_id) REFERENCES public.res_users(id) ON DELETE SET NULL
mail_activity_schedule_line,write_uid,res_users,mail_activity_schedule_line_write_uid_fkey,FOREIGN KEY (write_uid) REFERENCES public.res_users(id) ON DELETE SET NULL
mail_activity_todo_create,create_uid,res_users,mail_activity_todo_create_create_uid_fkey,FOREIGN KEY (create_uid) REFERENCES public.res_users(id) ON DELETE SET NULL
mail_activity_todo_create,user_id,res_users,mail_activity_todo_create_user_id_fkey,FOREIGN KEY (user_id) REFERENCES public.res_users(id) ON DELETE CASCADE
mail_activity_todo_create,write_uid,res_users,mail_activity_todo_create_write_uid_fkey,FOREIGN KEY (write_uid) REFERENCES public.res_users(id) ON DELETE SET NULL
mail_activity_type,folder_id,documents_document,mail_activity_type_folder_id_fkey,FOREIGN KEY (folder_id) REFERENCES public.documents_document(id) ON DELETE SET NULL
mail_activity_type,triggered_next_type_id,mail_activity_type,mail_activity_type_triggered_next_type_id_fkey,FOREIGN KEY (triggered_next_type_id) REFERENCES public.mail_activity_type(id) ON DELETE RESTRICT
mail_activity_type,create_uid,res_users,mail_activity_type_create_uid_fkey,FOREIGN KEY (create_uid) REFERENCES public.res_users(id) ON DELETE SET NULL
mail_activity_type,default_user_id,res_users,mail_activity_type_default_user_id_fkey,FOREIGN KEY (default_user_id) REFERENCES public.res_users(id) ON DELETE SET NULL
mail_activity_type,write_uid,res_users,mail_activity_type_write_uid_fkey,FOREIGN KEY (write_uid) REFERENCES public.res_users(id) ON DELETE SET NULL
mail_activity_type,default_sign_template_id,sign_template,mail_activity_type_default_sign_template_id_fkey,FOREIGN KEY (default_sign_template_id) REFERENCES public.sign_template(id) ON DELETE SET NULL
mail_activity_type_mail_template_rel,mail_activity_type_id,mail_activity_type,mail_activity_type_mail_template_rel_mail_activity_type_id_fkey,FOREIGN KEY (mail_activity_type_id) REFERENCES public.mail_activity_type(id) ON DELETE CASCADE
mail_activity_type_mail_template_rel,mail_template_id,mail_template,mail_activity_type_mail_template_rel_mail_template_id_fkey,FOREIGN KEY (mail_template_id) REFERENCES public.mail_template(id) ON DELETE CASCADE
mail_alias,alias_model_id,ir_model,mail_alias_alias_model_id_fkey,FOREIGN KEY (alias_model_id) REFERENCES public.ir_model(id) ON DELETE CASCADE
mail_alias,alias_parent_model_id,ir_model,mail_alias_alias_parent_model_id_fkey,FOREIGN KEY (alias_parent_model_id) REFERENCES public.ir_model(id) ON DELETE SET NULL
mail_alias,alias_domain_id,mail_alias_domain,mail_alias_alias_domain_id_fkey,FOREIGN KEY (alias_domain_id) REFERENCES public.mail_alias_domain(id) ON DELETE RESTRICT
mail_alias,create_uid,res_users,mail_alias_create_uid_fkey,FOREIGN KEY (create_uid) REFERENCES public.res_users(id) ON DELETE SET NULL
mail_alias,write_uid,res_users,mail_alias_write_uid_fkey,FOREIGN KEY (write_uid) REFERENCES public.res_users(id) ON DELETE SET NULL
mail_alias_domain,create_uid,res_users,mail_alias_domain_create_uid_fkey,FOREIGN KEY (create_uid) REFERENCES public.res_users(id) ON DELETE SET NULL
mail_alias_domain,write_uid,res_users,mail_alias_domain_write_uid_fkey,FOREIGN KEY (write_uid) REFERENCES public.res_users(id) ON DELETE SET NULL
mail_blacklist,create_uid,res_users,mail_blacklist_create_uid_fkey,FOREIGN KEY (create_uid) REFERENCES public.res_users(id) ON DELETE SET NULL
mail_blacklist,write_uid,res_users,mail_blacklist_write_uid_fkey,FOREIGN KEY (write_uid) REFERENCES public.res_users(id) ON DELETE SET NULL
mail_blacklist_remove,create_uid,res_users,mail_blacklist_remove_create_uid_fkey,FOREIGN KEY (create_uid) REFERENCES public.res_users(id) ON DELETE SET NULL
mail_blacklist_remove,write_uid,res_users,mail_blacklist_remove_write_uid_fkey,FOREIGN KEY (write_uid) REFERENCES public.res_users(id) ON DELETE SET NULL
mail_canned_response,create_uid,res_users,mail_canned_response_create_uid_fkey,FOREIGN KEY (create_uid) REFERENCES public.res_users(id) ON DELETE SET NULL
mail_canned_response,write_uid,res_users,mail_canned_response_write_uid_fkey,FOREIGN KEY (write_uid) REFERENCES public.res_users(id) ON DELETE SET NULL
mail_canned_response_res_groups_rel,mail_canned_response_id,mail_canned_response,mail_canned_response_res_groups_re_mail_canned_response_id_fkey,FOREIGN KEY (mail_canned_response_id) REFERENCES public.mail_canned_response(id) ON DELETE CASCADE
mail_canned_response_res_groups_rel,res_groups_id,res_groups,mail_canned_response_res_groups_rel_res_groups_id_fkey,FOREIGN KEY (res_groups_id) REFERENCES public.res_groups(id) ON DELETE CASCADE
mail_compose_message,mail_server_id,ir_mail_server,mail_compose_message_mail_server_id_fkey,FOREIGN KEY (mail_server_id) REFERENCES public.ir_mail_server(id) ON DELETE SET NULL
mail_compose_message,mail_activity_type_id,mail_activity_type,mail_compose_message_mail_activity_type_id_fkey,FOREIGN KEY (mail_activity_type_id) REFERENCES public.mail_activity_type(id) ON DELETE SET NULL
mail_compose_message,record_alias_domain_id,mail_alias_domain,mail_compose_message_record_alias_domain_id_fkey,FOREIGN KEY (record_alias_domain_id) REFERENCES public.mail_alias_domain(id) ON DELETE SET NULL
mail_compose_message,parent_id,mail_message,mail_compose_message_parent_id_fkey,FOREIGN KEY (parent_id) REFERENCES public.mail_message(id) ON DELETE SET NULL
mail_compose_message,subtype_id,mail_message_subtype,mail_compose_message_subtype_id_fkey,FOREIGN KEY (subtype_id) REFERENCES public.mail_message_subtype(id) ON DELETE SET NULL
mail_compose_message,template_id,mail_template,mail_compose_message_template_id_fkey,FOREIGN KEY (template_id) REFERENCES public.mail_template(id) ON DELETE SET NULL
mail_compose_message,record_company_id,res_company,mail_compose_message_record_company_id_fkey,FOREIGN KEY (record_company_id) REFERENCES public.res_company(id) ON DELETE SET NULL
mail_compose_message,author_id,res_partner,mail_compose_message_author_id_fkey,FOREIGN KEY (author_id) REFERENCES public.res_partner(id) ON DELETE SET NULL
mail_compose_message,create_uid,res_users,mail_compose_message_create_uid_fkey,FOREIGN KEY (create_uid) REFERENCES public.res_users(id) ON DELETE SET NULL
mail_compose_message,res_domain_user_id,res_users,mail_compose_message_res_domain_user_id_fkey,FOREIGN KEY (res_domain_user_id) REFERENCES public.res_users(id) ON DELETE SET NULL
mail_compose_message,write_uid,res_users,mail_compose_message_write_uid_fkey,FOREIGN KEY (write_uid) REFERENCES public.res_users(id) ON DELETE SET NULL
mail_compose_message_ir_attachments_rel,attachment_id,ir_attachment,mail_compose_message_ir_attachments_rel_attachment_id_fkey,FOREIGN KEY (attachment_id) REFERENCES public.ir_attachment(id) ON DELETE CASCADE
mail_compose_message_ir_attachments_rel,wizard_id,mail_compose_message,mail_compose_message_ir_attachments_rel_wizard_id_fkey,FOREIGN KEY (wizard_id) REFERENCES public.mail_compose_message(id) ON DELETE CASCADE
mail_compose_message_res_partner_rel,wizard_id,mail_compose_message,mail_compose_message_res_partner_rel_wizard_id_fkey,FOREIGN KEY (wizard_id) REFERENCES public.mail_compose_message(id) ON DELETE CASCADE
mail_compose_message_res_partner_rel,partner_id,res_partner,mail_compose_message_res_partner_rel_partner_id_fkey,FOREIGN KEY (partner_id) REFERENCES public.res_partner(id) ON DELETE CASCADE
mail_followers,partner_id,res_partner,mail_followers_partner_id_fkey,FOREIGN KEY (partner_id) REFERENCES public.res_partner(id) ON DELETE CASCADE
mail_followers_edit,create_uid,res_users,mail_followers_edit_create_uid_fkey,FOREIGN KEY (create_uid) REFERENCES public.res_users(id) ON DELETE SET NULL
mail_followers_edit,write_uid,res_users,mail_followers_edit_write_uid_fkey,FOREIGN KEY (write_uid) REFERENCES public.res_users(id) ON DELETE SET NULL
mail_followers_edit_res_partner_rel,mail_followers_edit_id,mail_followers_edit,mail_followers_edit_res_partner_rel_mail_followers_edit_id_fkey,FOREIGN KEY (mail_followers_edit_id) REFERENCES public.mail_followers_edit(id) ON DELETE CASCADE
mail_followers_edit_res_partner_rel,res_partner_id,res_partner,mail_followers_edit_res_partner_rel_res_partner_id_fkey,FOREIGN KEY (res_partner_id) REFERENCES public.res_partner(id) ON DELETE CASCADE
mail_followers_mail_message_subtype_rel,mail_followers_id,mail_followers,mail_followers_mail_message_subtype_rel_mail_followers_id_fkey,FOREIGN KEY (mail_followers_id) REFERENCES public.mail_followers(id) ON DELETE CASCADE
mail_followers_mail_message_subtype_rel,mail_message_subtype_id,mail_message_subtype,mail_followers_mail_message_subtyp_mail_message_subtype_id_fkey,FOREIGN KEY (mail_message_subtype_id) REFERENCES public.mail_message_subtype(id) ON DELETE CASCADE
mail_gateway_allowed,create_uid,res_users,mail_gateway_allowed_create_uid_fkey,FOREIGN KEY (create_uid) REFERENCES public.res_users(id) ON DELETE SET NULL
mail_gateway_allowed,write_uid,res_users,mail_gateway_allowed_write_uid_fkey,FOREIGN KEY (write_uid) REFERENCES public.res_users(id) ON DELETE SET NULL
mail_guest,country_id,res_country,mail_guest_country_id_fkey,FOREIGN KEY (country_id) REFERENCES public.res_country(id) ON DELETE SET NULL
mail_guest,create_uid,res_users,mail_guest_create_uid_fkey,FOREIGN KEY (create_uid) REFERENCES public.res_users(id) ON DELETE SET NULL
mail_guest,write_uid,res_users,mail_guest_write_uid_fkey,FOREIGN KEY (write_uid) REFERENCES public.res_users(id) ON DELETE SET NULL
mail_ice_server,create_uid,res_users,mail_ice_server_create_uid_fkey,FOREIGN KEY (create_uid) REFERENCES public.res_users(id) ON DELETE SET NULL
mail_ice_server,write_uid,res_users,mail_ice_server_write_uid_fkey,FOREIGN KEY (write_uid) REFERENCES public.res_users(id) ON DELETE SET NULL
mail_link_preview,create_uid,res_users,mail_link_preview_create_uid_fkey,FOREIGN KEY (create_uid) REFERENCES public.res_users(id) ON DELETE SET NULL
mail_link_preview,write_uid,res_users,mail_link_preview_write_uid_fkey,FOREIGN KEY (write_uid) REFERENCES public.res_users(id) ON DELETE SET NULL
mail_mail,fetchmail_server_id,fetchmail_server,mail_mail_fetchmail_server_id_fkey,FOREIGN KEY (fetchmail_server_id) REFERENCES public.fetchmail_server(id) ON DELETE SET NULL
mail_mail,mail_message_id,mail_message,mail_mail_mail_message_id_fkey,FOREIGN KEY (mail_message_id) REFERENCES public.mail_message(id) ON DELETE CASCADE
mail_mail,create_uid,res_users,mail_mail_create_uid_fkey,FOREIGN KEY (create_uid) REFERENCES public.res_users(id) ON DELETE SET NULL
mail_mail,write_uid,res_users,mail_mail_write_uid_fkey,FOREIGN KEY (write_uid) REFERENCES public.res_users(id) ON DELETE SET NULL
mail_mail_res_partner_rel,mail_mail_id,mail_mail,mail_mail_res_partner_rel_mail_mail_id_fkey,FOREIGN KEY (mail_mail_id) REFERENCES public.mail_mail(id) ON DELETE CASCADE
mail_mail_res_partner_rel,res_partner_id,res_partner,mail_mail_res_partner_rel_res_partner_id_fkey,FOREIGN KEY (res_partner_id) REFERENCES public.res_partner(id) ON DELETE CASCADE
mail_message,mail_server_id,ir_mail_server,mail_message_mail_server_id_fkey,FOREIGN KEY (mail_server_id) REFERENCES public.ir_mail_server(id) ON DELETE SET NULL
mail_message,mail_activity_type_id,mail_activity_type,mail_message_mail_activity_type_id_fkey,FOREIGN KEY (mail_activity_type_id) REFERENCES public.mail_activity_type(id) ON DELETE SET NULL
mail_message,record_alias_domain_id,mail_alias_domain,mail_message_record_alias_domain_id_fkey,FOREIGN KEY (record_alias_domain_id) REFERENCES public.mail_alias_domain(id) ON DELETE SET NULL
mail_message,author_guest_id,mail_guest,mail_message_author_guest_id_fkey,FOREIGN KEY (author_guest_id) REFERENCES public.mail_guest(id) ON DELETE SET NULL
mail_message,parent_id,mail_message,mail_message_parent_id_fkey,FOREIGN KEY (parent_id) REFERENCES public.mail_message(id) ON DELETE SET NULL
mail_message,subtype_id,mail_message_subtype,mail_message_subtype_id_fkey,FOREIGN KEY (subtype_id) REFERENCES public.mail_message_subtype(id) ON DELETE SET NULL
mail_message,record_company_id,res_company,mail_message_record_company_id_fkey,FOREIGN KEY (record_company_id) REFERENCES public.res_company(id) ON DELETE SET NULL
mail_message,author_id,res_partner,mail_message_author_id_fkey,FOREIGN KEY (author_id) REFERENCES public.res_partner(id) ON DELETE SET NULL
mail_message,create_uid,res_users,mail_message_create_uid_fkey,FOREIGN KEY (create_uid) REFERENCES public.res_users(id) ON DELETE SET NULL
mail_message,write_uid,res_users,mail_message_write_uid_fkey,FOREIGN KEY (write_uid) REFERENCES public.res_users(id) ON DELETE SET NULL
mail_message_link_preview,link_preview_id,mail_link_preview,mail_message_link_preview_link_preview_id_fkey,FOREIGN KEY (link_preview_id) REFERENCES public.mail_link_preview(id) ON DELETE CASCADE
mail_message_link_preview,message_id,mail_message,mail_message_link_preview_message_id_fkey,FOREIGN KEY (message_id) REFERENCES public.mail_message(id) ON DELETE CASCADE
mail_message_link_preview,create_uid,res_users,mail_message_link_preview_create_uid_fkey,FOREIGN KEY (create_uid) REFERENCES public.res_users(id) ON DELETE SET NULL
mail_message_link_preview,write_uid,res_users,mail_message_link_preview_write_uid_fkey,FOREIGN KEY (write_uid) REFERENCES public.res_users(id) ON DELETE SET NULL
mail_message_reaction,guest_id,mail_guest,mail_message_reaction_guest_id_fkey,FOREIGN KEY (guest_id) REFERENCES public.mail_guest(id) ON DELETE CASCADE
mail_message_reaction,message_id,mail_message,mail_message_reaction_message_id_fkey,FOREIGN KEY (message_id) REFERENCES public.mail_message(id) ON DELETE CASCADE
mail_message_reaction,partner_id,res_partner,mail_message_reaction_partner_id_fkey,FOREIGN KEY (partner_id) REFERENCES public.res_partner(id) ON DELETE CASCADE
mail_message_res_partner_rel,mail_message_id,mail_message,mail_message_res_partner_rel_mail_message_id_fkey,FOREIGN KEY (mail_message_id) REFERENCES public.mail_message(id) ON DELETE CASCADE
mail_message_res_partner_rel,res_partner_id,res_partner,mail_message_res_partner_rel_res_partner_id_fkey,FOREIGN KEY (res_partner_id) REFERENCES public.res_partner(id) ON DELETE CASCADE
mail_message_res_partner_starred_rel,mail_message_id,mail_message,mail_message_res_partner_starred_rel_mail_message_id_fkey,FOREIGN KEY (mail_message_id) REFERENCES public.mail_message(id) ON DELETE CASCADE
mail_message_res_partner_starred_rel,res_partner_id,res_partner,mail_message_res_partner_starred_rel_res_partner_id_fkey,FOREIGN KEY (res_partner_id) REFERENCES public.res_partner(id) ON DELETE CASCADE
mail_message_schedule,mail_message_id,mail_message,mail_message_schedule_mail_message_id_fkey,FOREIGN KEY (mail_message_id) REFERENCES public.mail_message(id) ON DELETE CASCADE
mail_message_schedule,create_uid,res_users,mail_message_schedule_create_uid_fkey,FOREIGN KEY (create_uid) REFERENCES public.res_users(id) ON DELETE SET NULL
mail_message_schedule,write_uid,res_users,mail_message_schedule_write_uid_fkey,FOREIGN KEY (write_uid) REFERENCES public.res_users(id) ON DELETE SET NULL
mail_message_subtype,parent_id,mail_message_subtype,mail_message_subtype_parent_id_fkey,FOREIGN KEY (parent_id) REFERENCES public.mail_message_subtype(id) ON DELETE SET NULL
mail_message_subtype,create_uid,res_users,mail_message_subtype_create_uid_fkey,FOREIGN KEY (create_uid) REFERENCES public.res_users(id) ON DELETE SET NULL
mail_message_subtype,write_uid,res_users,mail_message_subtype_write_uid_fkey,FOREIGN KEY (write_uid) REFERENCES public.res_users(id) ON DELETE SET NULL
mail_message_translation,message_id,mail_message,mail_message_translation_message_id_fkey,FOREIGN KEY (message_id) REFERENCES public.mail_message(id) ON DELETE CASCADE
mail_message_translation,create_uid,res_users,mail_message_translation_create_uid_fkey,FOREIGN KEY (create_uid) REFERENCES public.res_users(id) ON DELETE SET NULL
mail_message_translation,write_uid,res_users,mail_message_translation_write_uid_fkey,FOREIGN KEY (write_uid) REFERENCES public.res_users(id) ON DELETE SET NULL
mail_notification,mail_mail_id,mail_mail,mail_notification_mail_mail_id_fkey,FOREIGN KEY (mail_mail_id) REFERENCES public.mail_mail(id) ON DELETE SET NULL
mail_notification,mail_message_id,mail_message,mail_notification_mail_message_id_fkey,FOREIGN KEY (mail_message_id) REFERENCES public.mail_message(id) ON DELETE CASCADE
mail_notification,author_id,res_partner,mail_notification_author_id_fkey,FOREIGN KEY (author_id) REFERENCES public.res_partner(id) ON DELETE SET NULL
mail_notification,res_partner_id,res_partner,mail_notification_res_partner_id_fkey,FOREIGN KEY (res_partner_id) REFERENCES public.res_partner(id) ON DELETE CASCADE
mail_notification,letter_id,snailmail_letter,mail_notification_letter_id_fkey,FOREIGN KEY (letter_id) REFERENCES public.snailmail_letter(id) ON DELETE CASCADE
mail_presence,guest_id,mail_guest,mail_presence_guest_id_fkey,FOREIGN KEY (guest_id) REFERENCES public.mail_guest(id) ON DELETE CASCADE
mail_presence,user_id,res_users,mail_presence_user_id_fkey,FOREIGN KEY (user_id) REFERENCES public.res_users(id) ON DELETE CASCADE
mail_push,mail_push_device_id,mail_push_device,mail_push_mail_push_device_id_fkey,FOREIGN KEY (mail_push_device_id) REFERENCES public.mail_push_device(id) ON DELETE CASCADE
mail_push,create_uid,res_users,mail_push_create_uid_fkey,FOREIGN KEY (create_uid) REFERENCES public.res_users(id) ON DELETE SET NULL
mail_push,write_uid,res_users,mail_push_write_uid_fkey,FOREIGN KEY (write_uid) REFERENCES public.res_users(id) ON DELETE SET NULL
mail_push_device,partner_id,res_partner,mail_push_device_partner_id_fkey,FOREIGN KEY (partner_id) REFERENCES public.res_partner(id) ON DELETE RESTRICT
mail_push_device,create_uid,res_users,mail_push_device_create_uid_fkey,FOREIGN KEY (create_uid) REFERENCES public.res_users(id) ON DELETE SET NULL
mail_push_device,write_uid,res_users,mail_push_device_write_uid_fkey,FOREIGN KEY (write_uid) REFERENCES public.res_users(id) ON DELETE SET NULL
mail_scheduled_message,author_id,res_partner,mail_scheduled_message_author_id_fkey,FOREIGN KEY (author_id) REFERENCES public.res_partner(id) ON DELETE RESTRICT
mail_scheduled_message,create_uid,res_users,mail_scheduled_message_create_uid_fkey,FOREIGN KEY (create_uid) REFERENCES public.res_users(id) ON DELETE SET NULL
mail_scheduled_message,write_uid,res_users,mail_scheduled_message_write_uid_fkey,FOREIGN KEY (write_uid) REFERENCES public.res_users(id) ON DELETE SET NULL
mail_scheduled_message_res_partner_rel,mail_scheduled_message_id,mail_scheduled_message,mail_scheduled_message_res_partn_mail_scheduled_message_id_fkey,FOREIGN KEY (mail_scheduled_message_id) REFERENCES public.mail_scheduled_message(id) ON DELETE CASCADE
mail_scheduled_message_res_partner_rel,res_partner_id,res_partner,mail_scheduled_message_res_partner_rel_res_partner_id_fkey,FOREIGN KEY (res_partner_id) REFERENCES public.res_partner(id) ON DELETE CASCADE
mail_template,ref_ir_act_window,ir_act_window,mail_template_ref_ir_act_window_fkey,FOREIGN KEY (ref_ir_act_window) REFERENCES public.ir_act_window(id) ON DELETE SET NULL
mail_template,mail_server_id,ir_mail_server,mail_template_mail_server_id_fkey,FOREIGN KEY (mail_server_id) REFERENCES public.ir_mail_server(id) ON DELETE SET NULL
mail_template,model_id,ir_model,mail_template_model_id_fkey,FOREIGN KEY (model_id) REFERENCES public.ir_model(id) ON DELETE CASCADE
mail_template,create_uid,res_users,mail_template_create_uid_fkey,FOREIGN KEY (create_uid) REFERENCES public.res_users(id) ON DELETE SET NULL
mail_template,user_id,res_users,mail_template_user_id_fkey,FOREIGN KEY (user_id) REFERENCES public.res_users(id) ON DELETE SET NULL
mail_template,write_uid,res_users,mail_template_write_uid_fkey,FOREIGN KEY (write_uid) REFERENCES public.res_users(id) ON DELETE SET NULL
mail_template_ir_actions_report_rel,ir_actions_report_id,ir_act_report_xml,mail_template_ir_actions_report_rel_ir_actions_report_id_fkey,FOREIGN KEY (ir_actions_report_id) REFERENCES public.ir_act_report_xml(id) ON DELETE CASCADE
mail_template_ir_actions_report_rel,mail_template_id,mail_template,mail_template_ir_actions_report_rel_mail_template_id_fkey,FOREIGN KEY (mail_template_id) REFERENCES public.mail_template(id) ON DELETE CASCADE
mail_template_mail_template_reset_rel,mail_template_id,mail_template,mail_template_mail_template_reset_rel_mail_template_id_fkey,FOREIGN KEY (mail_template_id) REFERENCES public.mail_template(id) ON DELETE CASCADE
mail_template_mail_template_reset_rel,mail_template_reset_id,mail_template_reset,mail_template_mail_template_reset_r_mail_template_reset_id_fkey,FOREIGN KEY (mail_template_reset_id) REFERENCES public.mail_template_reset(id) ON DELETE CASCADE
mail_template_preview,mail_template_id,mail_template,mail_template_preview_mail_template_id_fkey,FOREIGN KEY (mail_template_id) REFERENCES public.mail_template(id) ON DELETE CASCADE
mail_template_preview,create_uid,res_users,mail_template_preview_create_uid_fkey,FOREIGN KEY (create_uid) REFERENCES public.res_users(id) ON DELETE SET NULL
mail_template_preview,write_uid,res_users,mail_template_preview_write_uid_fkey,FOREIGN KEY (write_uid) REFERENCES public.res_users(id) ON DELETE SET NULL
mail_template_reset,create_uid,res_users,mail_template_reset_create_uid_fkey,FOREIGN KEY (create_uid) REFERENCES public.res_users(id) ON DELETE SET NULL
mail_template_reset,write_uid,res_users,mail_template_reset_write_uid_fkey,FOREIGN KEY (write_uid) REFERENCES public.res_users(id) ON DELETE SET NULL
mail_tracking_value,field_id,ir_model_fields,mail_tracking_value_field_id_fkey,FOREIGN KEY (field_id) REFERENCES public.ir_model_fields(id) ON DELETE SET NULL
mail_tracking_value,mail_message_id,mail_message,mail_tracking_value_mail_message_id_fkey,FOREIGN KEY (mail_message_id) REFERENCES public.mail_message(id) ON DELETE CASCADE
mail_tracking_value,currency_id,res_currency,mail_tracking_value_currency_id_fkey,FOREIGN KEY (currency_id) REFERENCES public.res_currency(id) ON DELETE SET NULL
mail_tracking_value,create_uid,res_users,mail_tracking_value_create_uid_fkey,FOREIGN KEY (create_uid) REFERENCES public.res_users(id) ON DELETE SET NULL
mail_tracking_value,write_uid,res_users,mail_tracking_value_write_uid_fkey,FOREIGN KEY (write_uid) REFERENCES public.res_users(id) ON DELETE SET NULL
maintenance_equipment,department_id,hr_department,maintenance_equipment_department_id_fkey,FOREIGN KEY (department_id) REFERENCES public.hr_department(id) ON DELETE SET NULL
maintenance_equipment,employee_id,hr_employee,maintenance_equipment_employee_id_fkey,FOREIGN KEY (employee_id) REFERENCES public.hr_employee(id) ON DELETE SET NULL
maintenance_equipment,category_id,maintenance_equipment_category,maintenance_equipment_category_id_fkey,FOREIGN KEY (category_id) REFERENCES public.maintenance_equipment_category(id) ON DELETE SET NULL
maintenance_equipment,maintenance_team_id,maintenance_team,maintenance_equipment_maintenance_team_id_fkey,FOREIGN KEY (maintenance_team_id) REFERENCES public.maintenance_team(id) ON DELETE SET NULL
maintenance_equipment,workcenter_id,mrp_workcenter,maintenance_equipment_workcenter_id_fkey,FOREIGN KEY (workcenter_id) REFERENCES public.mrp_workcenter(id) ON DELETE SET NULL
maintenance_equipment,product_id,product_template,maintenance_equipment_product_id_fkey,FOREIGN KEY (product_id) REFERENCES public.product_template(id) ON DELETE SET NULL
maintenance_equipment,company_id,res_company,maintenance_equipment_company_id_fkey,FOREIGN KEY (company_id) REFERENCES public.res_company(id) ON DELETE SET NULL
maintenance_equipment,partner_id,res_partner,maintenance_equipment_partner_id_fkey,FOREIGN KEY (partner_id) REFERENCES public.res_partner(id) ON DELETE SET NULL
maintenance_equipment,create_uid,res_users,maintenance_equipment_create_uid_fkey,FOREIGN KEY (create_uid) REFERENCES public.res_users(id) ON DELETE SET NULL
maintenance_equipment,owner_user_id,res_users,maintenance_equipment_owner_user_id_fkey,FOREIGN KEY (owner_user_id) REFERENCES public.res_users(id) ON DELETE SET NULL
maintenance_equipment,technician_user_id,res_users,maintenance_equipment_technician_user_id_fkey,FOREIGN KEY (technician_user_id) REFERENCES public.res_users(id) ON DELETE SET NULL
maintenance_equipment,write_uid,res_users,maintenance_equipment_write_uid_fkey,FOREIGN KEY (write_uid) REFERENCES public.res_users(id) ON DELETE SET NULL
maintenance_equipment,location_id,stock_location,maintenance_equipment_location_id_fkey,FOREIGN KEY (location_id) REFERENCES public.stock_location(id) ON DELETE SET NULL
maintenance_equipment_category,eq_categ_sequence_id,ir_sequence,maintenance_equipment_category_eq_categ_sequence_id_fkey,FOREIGN KEY (eq_categ_sequence_id) REFERENCES public.ir_sequence(id) ON DELETE SET NULL
maintenance_equipment_category,company_id,res_company,maintenance_equipment_category_company_id_fkey,FOREIGN KEY (company_id) REFERENCES public.res_company(id) ON DELETE SET NULL
maintenance_equipment_category,create_uid,res_users,maintenance_equipment_category_create_uid_fkey,FOREIGN KEY (create_uid) REFERENCES public.res_users(id) ON DELETE SET NULL
maintenance_equipment_category,technician_user_id,res_users,maintenance_equipment_category_technician_user_id_fkey,FOREIGN KEY (technician_user_id) REFERENCES public.res_users(id) ON DELETE SET NULL
maintenance_equipment_category,write_uid,res_users,maintenance_equipment_category_write_uid_fkey,FOREIGN KEY (write_uid) REFERENCES public.res_users(id) ON DELETE SET NULL
maintenance_request,employee_id,hr_employee,maintenance_request_employee_id_fkey,FOREIGN KEY (employee_id) REFERENCES public.hr_employee(id) ON DELETE SET NULL
maintenance_request,equipment_id,maintenance_equipment,maintenance_request_equipment_id_fkey,FOREIGN KEY (equipment_id) REFERENCES public.maintenance_equipment(id) ON DELETE RESTRICT
maintenance_request,category_id,maintenance_equipment_category,maintenance_request_category_id_fkey,FOREIGN KEY (category_id) REFERENCES public.maintenance_equipment_category(id) ON DELETE SET NULL
maintenance_request,stage_id,maintenance_stage,maintenance_request_stage_id_fkey,FOREIGN KEY (stage_id) REFERENCES public.maintenance_stage(id) ON DELETE RESTRICT
maintenance_request,maintenance_team_id,maintenance_team,maintenance_request_maintenance_team_id_fkey,FOREIGN KEY (maintenance_team_id) REFERENCES public.maintenance_team(id) ON DELETE RESTRICT
maintenance_request,production_id,mrp_production,maintenance_request_production_id_fkey,FOREIGN KEY (production_id) REFERENCES public.mrp_production(id) ON DELETE SET NULL
maintenance_request,workcenter_id,mrp_workcenter,maintenance_request_workcenter_id_fkey,FOREIGN KEY (workcenter_id) REFERENCES public.mrp_workcenter(id) ON DELETE SET NULL
maintenance_request,workorder_id,mrp_workorder,maintenance_request_workorder_id_fkey,FOREIGN KEY (workorder_id) REFERENCES public.mrp_workorder(id) ON DELETE SET NULL
maintenance_request,company_id,res_company,maintenance_request_company_id_fkey,FOREIGN KEY (company_id) REFERENCES public.res_company(id) ON DELETE RESTRICT
maintenance_request,create_uid,res_users,maintenance_request_create_uid_fkey,FOREIGN KEY (create_uid) REFERENCES public.res_users(id) ON DELETE SET NULL
maintenance_request,owner_user_id,res_users,maintenance_request_owner_user_id_fkey,FOREIGN KEY (owner_user_id) REFERENCES public.res_users(id) ON DELETE SET NULL
maintenance_request,user_id,res_users,maintenance_request_user_id_fkey,FOREIGN KEY (user_id) REFERENCES public.res_users(id) ON DELETE SET NULL
maintenance_request,write_uid,res_users,maintenance_request_write_uid_fkey,FOREIGN KEY (write_uid) REFERENCES public.res_users(id) ON DELETE SET NULL
maintenance_request,worksheet_template_id,worksheet_template,maintenance_request_worksheet_template_id_fkey,FOREIGN KEY (worksheet_template_id) REFERENCES public.worksheet_template(id) ON DELETE SET NULL
maintenance_request_resource_calendar_leaves_rel,maintenance_request_id,maintenance_request,maintenance_request_resource_calend_maintenance_request_id_fkey,FOREIGN KEY (maintenance_request_id) REFERENCES public.maintenance_request(id) ON DELETE CASCADE
maintenance_request_resource_calendar_leaves_rel,resource_calendar_leaves_id,resource_calendar_leaves,maintenance_request_resource_c_resource_calendar_leaves_id_fkey,FOREIGN KEY (resource_calendar_leaves_id) REFERENCES public.resource_calendar_leaves(id) ON DELETE CASCADE
maintenance_stage,create_uid,res_users,maintenance_stage_create_uid_fkey,FOREIGN KEY (create_uid) REFERENCES public.res_users(id) ON DELETE SET NULL
maintenance_stage,write_uid,res_users,maintenance_stage_write_uid_fkey,FOREIGN KEY (write_uid) REFERENCES public.res_users(id) ON DELETE SET NULL
maintenance_team,alias_id,mail_alias,maintenance_team_alias_id_fkey,FOREIGN KEY (alias_id) REFERENCES public.mail_alias(id) ON DELETE RESTRICT
maintenance_team,company_id,res_company,maintenance_team_company_id_fkey,FOREIGN KEY (company_id) REFERENCES public.res_company(id) ON DELETE SET NULL
maintenance_team,create_uid,res_users,maintenance_team_create_uid_fkey,FOREIGN KEY (create_uid) REFERENCES public.res_users(id) ON DELETE SET NULL
maintenance_team,write_uid,res_users,maintenance_team_write_uid_fkey,FOREIGN KEY (write_uid) REFERENCES public.res_users(id) ON DELETE SET NULL
maintenance_team_users_rel,maintenance_team_id,maintenance_team,maintenance_team_users_rel_maintenance_team_id_fkey,FOREIGN KEY (maintenance_team_id) REFERENCES public.maintenance_team(id) ON DELETE CASCADE
maintenance_team_users_rel,res_users_id,res_users,maintenance_team_users_rel_res_users_id_fkey,FOREIGN KEY (res_users_id) REFERENCES public.res_users(id) ON DELETE CASCADE
managers,hr_appraisal_campaign_wizard_id,hr_appraisal_campaign_wizard,managers_hr_appraisal_campaign_wizard_id_fkey,FOREIGN KEY (hr_appraisal_campaign_wizard_id) REFERENCES public.hr_appraisal_campaign_wizard(id) ON DELETE CASCADE
managers,hr_employee_id,hr_employee,managers_hr_employee_id_fkey,FOREIGN KEY (hr_employee_id) REFERENCES public.hr_employee(id) ON DELETE CASCADE
masterfile_color,brand_id,res_partner,masterfile_color_brand_id_fkey,FOREIGN KEY (brand_id) REFERENCES public.res_partner(id) ON DELETE SET NULL
masterfile_color,create_uid,res_users,masterfile_color_create_uid_fkey,FOREIGN KEY (create_uid) REFERENCES public.res_users(id) ON DELETE SET NULL
masterfile_color,write_uid,res_users,masterfile_color_write_uid_fkey,FOREIGN KEY (write_uid) REFERENCES public.res_users(id) ON DELETE SET NULL
masterfile_partcode,masterfile_parttype_id,masterfile_parttype,masterfile_partcode_masterfile_parttype_id_fkey,FOREIGN KEY (masterfile_parttype_id) REFERENCES public.masterfile_parttype(id) ON DELETE SET NULL
masterfile_partcode,create_uid,res_users,masterfile_partcode_create_uid_fkey,FOREIGN KEY (create_uid) REFERENCES public.res_users(id) ON DELETE SET NULL
masterfile_partcode,write_uid,res_users,masterfile_partcode_write_uid_fkey,FOREIGN KEY (write_uid) REFERENCES public.res_users(id) ON DELETE SET NULL
masterfile_parttype,create_uid,res_users,masterfile_parttype_create_uid_fkey,FOREIGN KEY (create_uid) REFERENCES public.res_users(id) ON DELETE SET NULL
masterfile_parttype,write_uid,res_users,masterfile_parttype_write_uid_fkey,FOREIGN KEY (write_uid) REFERENCES public.res_users(id) ON DELETE SET NULL
meeting_category_rel,event_id,calendar_event,meeting_category_rel_event_id_fkey,FOREIGN KEY (event_id) REFERENCES public.calendar_event(id) ON DELETE CASCADE
meeting_category_rel,type_id,calendar_event_type,meeting_category_rel_type_id_fkey,FOREIGN KEY (type_id) REFERENCES public.calendar_event_type(id) ON DELETE CASCADE
merge_opportunity_rel,opportunity_id,crm_lead,merge_opportunity_rel_opportunity_id_fkey,FOREIGN KEY (opportunity_id) REFERENCES public.crm_lead(id) ON DELETE CASCADE
merge_opportunity_rel,merge_id,crm_merge_opportunity,merge_opportunity_rel_merge_id_fkey,FOREIGN KEY (merge_id) REFERENCES public.crm_merge_opportunity(id) ON DELETE CASCADE
message_attachment_rel,attachment_id,ir_attachment,message_attachment_rel_attachment_id_fkey,FOREIGN KEY (attachment_id) REFERENCES public.ir_attachment(id) ON DELETE CASCADE
message_attachment_rel,message_id,mail_message,message_attachment_rel_message_id_fkey,FOREIGN KEY (message_id) REFERENCES public.mail_message(id) ON DELETE CASCADE
module_country,module_id,ir_module_module,module_country_module_id_fkey,FOREIGN KEY (module_id) REFERENCES public.ir_module_module(id) ON DELETE CASCADE
module_country,country_id,res_country,module_country_country_id_fkey,FOREIGN KEY (country_id) REFERENCES public.res_country(id) ON DELETE CASCADE
mrp_account_wip_accounting,journal_id,account_journal,mrp_account_wip_accounting_journal_id_fkey,FOREIGN KEY (journal_id) REFERENCES public.account_journal(id) ON DELETE CASCADE
mrp_account_wip_accounting,create_uid,res_users,mrp_account_wip_accounting_create_uid_fkey,FOREIGN KEY (create_uid) REFERENCES public.res_users(id) ON DELETE SET NULL
mrp_account_wip_accounting,write_uid,res_users,mrp_account_wip_accounting_write_uid_fkey,FOREIGN KEY (write_uid) REFERENCES public.res_users(id) ON DELETE SET NULL
mrp_account_wip_accounting_line,account_id,account_account,mrp_account_wip_accounting_line_account_id_fkey,FOREIGN KEY (account_id) REFERENCES public.account_account(id) ON DELETE SET NULL
mrp_account_wip_accounting_line,wip_accounting_id,mrp_account_wip_accounting,mrp_account_wip_accounting_line_wip_accounting_id_fkey,FOREIGN KEY (wip_accounting_id) REFERENCES public.mrp_account_wip_accounting(id) ON DELETE SET NULL
mrp_account_wip_accounting_line,currency_id,res_currency,mrp_account_wip_accounting_line_currency_id_fkey,FOREIGN KEY (currency_id) REFERENCES public.res_currency(id) ON DELETE SET NULL
mrp_account_wip_accounting_line,create_uid,res_users,mrp_account_wip_accounting_line_create_uid_fkey,FOREIGN KEY (create_uid) REFERENCES public.res_users(id) ON DELETE SET NULL
mrp_account_wip_accounting_line,write_uid,res_users,mrp_account_wip_accounting_line_write_uid_fkey,FOREIGN KEY (write_uid) REFERENCES public.res_users(id) ON DELETE SET NULL
mrp_account_wip_accounting_mrp_production_rel,mrp_account_wip_accounting_id,mrp_account_wip_accounting,mrp_account_wip_accounting_mr_mrp_account_wip_accounting_i_fkey,FOREIGN KEY (mrp_account_wip_accounting_id) REFERENCES public.mrp_account_wip_accounting(id) ON DELETE CASCADE
mrp_account_wip_accounting_mrp_production_rel,mrp_production_id,mrp_production,mrp_account_wip_accounting_mrp_productio_mrp_production_id_fkey,FOREIGN KEY (mrp_production_id) REFERENCES public.mrp_production(id) ON DELETE CASCADE
mrp_bom,previous_bom_id,mrp_bom,mrp_bom_previous_bom_id_fkey,FOREIGN KEY (previous_bom_id) REFERENCES public.mrp_bom(id) ON DELETE SET NULL
mrp_bom,product_id,product_product,mrp_bom_product_id_fkey,FOREIGN KEY (product_id) REFERENCES public.product_product(id) ON DELETE SET NULL
mrp_bom,product_tmpl_id,product_template,mrp_bom_product_tmpl_id_fkey,FOREIGN KEY (product_tmpl_id) REFERENCES public.product_template(id) ON DELETE RESTRICT
mrp_bom,project_id,project_project,mrp_bom_project_id_fkey,FOREIGN KEY (project_id) REFERENCES public.project_project(id) ON DELETE SET NULL
mrp_bom,company_id,res_company,mrp_bom_company_id_fkey,FOREIGN KEY (company_id) REFERENCES public.res_company(id) ON DELETE SET NULL
mrp_bom,create_uid,res_users,mrp_bom_create_uid_fkey,FOREIGN KEY (create_uid) REFERENCES public.res_users(id) ON DELETE SET NULL
mrp_bom,write_uid,res_users,mrp_bom_write_uid_fkey,FOREIGN KEY (write_uid) REFERENCES public.res_users(id) ON DELETE SET NULL
mrp_bom,picking_type_id,stock_picking_type,mrp_bom_picking_type_id_fkey,FOREIGN KEY (picking_type_id) REFERENCES public.stock_picking_type(id) ON DELETE SET NULL
mrp_bom,product_uom_id,uom_uom,mrp_bom_product_uom_id_fkey,FOREIGN KEY (product_uom_id) REFERENCES public.uom_uom(id) ON DELETE RESTRICT
mrp_bom_byproduct,bom_id,mrp_bom,mrp_bom_byproduct_bom_id_fkey,FOREIGN KEY (bom_id) REFERENCES public.mrp_bom(id) ON DELETE CASCADE
mrp_bom_byproduct,operation_id,mrp_routing_workcenter,mrp_bom_byproduct_operation_id_fkey,FOREIGN KEY (operation_id) REFERENCES public.mrp_routing_workcenter(id) ON DELETE SET NULL
mrp_bom_byproduct,product_id,product_product,mrp_bom_byproduct_product_id_fkey,FOREIGN KEY (product_id) REFERENCES public.product_product(id) ON DELETE RESTRICT
mrp_bom_byproduct,company_id,res_company,mrp_bom_byproduct_company_id_fkey,FOREIGN KEY (company_id) REFERENCES public.res_company(id) ON DELETE SET NULL
mrp_bom_byproduct,create_uid,res_users,mrp_bom_byproduct_create_uid_fkey,FOREIGN KEY (create_uid) REFERENCES public.res_users(id) ON DELETE SET NULL
mrp_bom_byproduct,write_uid,res_users,mrp_bom_byproduct_write_uid_fkey,FOREIGN KEY (write_uid) REFERENCES public.res_users(id) ON DELETE SET NULL
mrp_bom_byproduct,product_uom_id,uom_uom,mrp_bom_byproduct_product_uom_id_fkey,FOREIGN KEY (product_uom_id) REFERENCES public.uom_uom(id) ON DELETE RESTRICT
mrp_bom_byproduct_product_template_attribute_value_rel,mrp_bom_byproduct_id,mrp_bom_byproduct,mrp_bom_byproduct_product_template_at_mrp_bom_byproduct_id_fkey,FOREIGN KEY (mrp_bom_byproduct_id) REFERENCES public.mrp_bom_byproduct(id) ON DELETE CASCADE
mrp_bom_byproduct_product_template_attribute_value_rel,product_template_attribute_value_id,product_template_attribute_value,mrp_bom_byproduct_product_tem_product_template_attribute_v_fkey,FOREIGN KEY (product_template_attribute_value_id) REFERENCES public.product_template_attribute_value(id) ON DELETE RESTRICT
mrp_bom_line,bom_id,mrp_bom,mrp_bom_line_bom_id_fkey,FOREIGN KEY (bom_id) REFERENCES public.mrp_bom(id) ON DELETE CASCADE
mrp_bom_line,operation_id,mrp_routing_workcenter,mrp_bom_line_operation_id_fkey,FOREIGN KEY (operation_id) REFERENCES public.mrp_routing_workcenter(id) ON DELETE SET NULL
mrp_bom_line,product_id,product_product,mrp_bom_line_product_id_fkey,FOREIGN KEY (product_id) REFERENCES public.product_product(id) ON DELETE RESTRICT
mrp_bom_line,product_tmpl_id,product_template,mrp_bom_line_product_tmpl_id_fkey,FOREIGN KEY (product_tmpl_id) REFERENCES public.product_template(id) ON DELETE SET NULL
mrp_bom_line,company_id,res_company,mrp_bom_line_company_id_fkey,FOREIGN KEY (company_id) REFERENCES public.res_company(id) ON DELETE SET NULL
mrp_bom_line,create_uid,res_users,mrp_bom_line_create_uid_fkey,FOREIGN KEY (create_uid) REFERENCES public.res_users(id) ON DELETE SET NULL
mrp_bom_line,write_uid,res_users,mrp_bom_line_write_uid_fkey,FOREIGN KEY (write_uid) REFERENCES public.res_users(id) ON DELETE SET NULL
mrp_bom_line,product_uom_id,uom_uom,mrp_bom_line_product_uom_id_fkey,FOREIGN KEY (product_uom_id) REFERENCES public.uom_uom(id) ON DELETE RESTRICT
mrp_bom_line_product_template_attribute_value_rel,mrp_bom_line_id,mrp_bom_line,mrp_bom_line_product_template_attribute_va_mrp_bom_line_id_fkey,FOREIGN KEY (mrp_bom_line_id) REFERENCES public.mrp_bom_line(id) ON DELETE CASCADE
mrp_bom_line_product_template_attribute_value_rel,product_template_attribute_value_id,product_template_attribute_value,mrp_bom_line_product_template_product_template_attribute_v_fkey,FOREIGN KEY (product_template_attribute_value_id) REFERENCES public.product_template_attribute_value(id) ON DELETE RESTRICT
mrp_bom_stock_replenishment_info_rel,mrp_bom_id,mrp_bom,mrp_bom_stock_replenishment_info_rel_mrp_bom_id_fkey,FOREIGN KEY (mrp_bom_id) REFERENCES public.mrp_bom(id) ON DELETE CASCADE
mrp_bom_stock_replenishment_info_rel,stock_replenishment_info_id,stock_replenishment_info,mrp_bom_stock_replenishment_in_stock_replenishment_info_id_fkey,FOREIGN KEY (stock_replenishment_info_id) REFERENCES public.stock_replenishment_info(id) ON DELETE CASCADE
mrp_bom_subcontractor,mrp_bom_id,mrp_bom,mrp_bom_subcontractor_mrp_bom_id_fkey,FOREIGN KEY (mrp_bom_id) REFERENCES public.mrp_bom(id) ON DELETE CASCADE
mrp_bom_subcontractor,res_partner_id,res_partner,mrp_bom_subcontractor_res_partner_id_fkey,FOREIGN KEY (res_partner_id) REFERENCES public.res_partner(id) ON DELETE CASCADE
mrp_consumption_warning,create_uid,res_users,mrp_consumption_warning_create_uid_fkey,FOREIGN KEY (create_uid) REFERENCES public.res_users(id) ON DELETE SET NULL
mrp_consumption_warning,write_uid,res_users,mrp_consumption_warning_write_uid_fkey,FOREIGN KEY (write_uid) REFERENCES public.res_users(id) ON DELETE SET NULL
mrp_consumption_warning_line,mrp_consumption_warning_id,mrp_consumption_warning,mrp_consumption_warning_line_mrp_consumption_warning_id_fkey,FOREIGN KEY (mrp_consumption_warning_id) REFERENCES public.mrp_consumption_warning(id) ON DELETE CASCADE
mrp_consumption_warning_line,mrp_production_id,mrp_production,mrp_consumption_warning_line_mrp_production_id_fkey,FOREIGN KEY (mrp_production_id) REFERENCES public.mrp_production(id) ON DELETE CASCADE
mrp_consumption_warning_line,product_id,product_product,mrp_consumption_warning_line_product_id_fkey,FOREIGN KEY (product_id) REFERENCES public.product_product(id) ON DELETE CASCADE
mrp_consumption_warning_line,create_uid,res_users,mrp_consumption_warning_line_create_uid_fkey,FOREIGN KEY (create_uid) REFERENCES public.res_users(id) ON DELETE SET NULL
mrp_consumption_warning_line,write_uid,res_users,mrp_consumption_warning_line_write_uid_fkey,FOREIGN KEY (write_uid) REFERENCES public.res_users(id) ON DELETE SET NULL
mrp_consumption_warning_mrp_production_rel,mrp_consumption_warning_id,mrp_consumption_warning,mrp_consumption_warning_mrp_pro_mrp_consumption_warning_id_fkey,FOREIGN KEY (mrp_consumption_warning_id) REFERENCES public.mrp_consumption_warning(id) ON DELETE CASCADE
mrp_consumption_warning_mrp_production_rel,mrp_production_id,mrp_production,mrp_consumption_warning_mrp_production_r_mrp_production_id_fkey,FOREIGN KEY (mrp_production_id) REFERENCES public.mrp_production(id) ON DELETE CASCADE
mrp_eco,bom_id,mrp_bom,mrp_eco_bom_id_fkey,FOREIGN KEY (bom_id) REFERENCES public.mrp_bom(id) ON DELETE SET NULL
mrp_eco,current_bom_id,mrp_bom,mrp_eco_current_bom_id_fkey,FOREIGN KEY (current_bom_id) REFERENCES public.mrp_bom(id) ON DELETE SET NULL
mrp_eco,new_bom_id,mrp_bom,mrp_eco_new_bom_id_fkey,FOREIGN KEY (new_bom_id) REFERENCES public.mrp_bom(id) ON DELETE SET NULL
mrp_eco,stage_id,mrp_eco_stage,mrp_eco_stage_id_fkey,FOREIGN KEY (stage_id) REFERENCES public.mrp_eco_stage(id) ON DELETE RESTRICT
mrp_eco,type_id,mrp_eco_type,mrp_eco_type_id_fkey,FOREIGN KEY (type_id) REFERENCES public.mrp_eco_type(id) ON DELETE RESTRICT
mrp_eco,production_id,mrp_production,mrp_eco_production_id_fkey,FOREIGN KEY (production_id) REFERENCES public.mrp_production(id) ON DELETE SET NULL
mrp_eco,displayed_image_id,product_document,mrp_eco_displayed_image_id_fkey,FOREIGN KEY (displayed_image_id) REFERENCES public.product_document(id) ON DELETE SET NULL
mrp_eco,product_tmpl_id,product_template,mrp_eco_product_tmpl_id_fkey,FOREIGN KEY (product_tmpl_id) REFERENCES public.product_template(id) ON DELETE SET NULL
mrp_eco,company_id,res_company,mrp_eco_company_id_fkey,FOREIGN KEY (company_id) REFERENCES public.res_company(id) ON DELETE SET NULL
mrp_eco,create_uid,res_users,mrp_eco_create_uid_fkey,FOREIGN KEY (create_uid) REFERENCES public.res_users(id) ON DELETE SET NULL
mrp_eco,user_id,res_users,mrp_eco_user_id_fkey,FOREIGN KEY (user_id) REFERENCES public.res_users(id) ON DELETE SET NULL
mrp_eco,write_uid,res_users,mrp_eco_write_uid_fkey,FOREIGN KEY (write_uid) REFERENCES public.res_users(id) ON DELETE SET NULL
mrp_eco_approval,eco_id,mrp_eco,mrp_eco_approval_eco_id_fkey,FOREIGN KEY (eco_id) REFERENCES public.mrp_eco(id) ON DELETE CASCADE
mrp_eco_approval,approval_template_id,mrp_eco_approval_template,mrp_eco_approval_approval_template_id_fkey,FOREIGN KEY (approval_template_id) REFERENCES public.mrp_eco_approval_template(id) ON DELETE CASCADE
mrp_eco_approval,create_uid,res_users,mrp_eco_approval_create_uid_fkey,FOREIGN KEY (create_uid) REFERENCES public.res_users(id) ON DELETE SET NULL
mrp_eco_approval,user_id,res_users,mrp_eco_approval_user_id_fkey,FOREIGN KEY (user_id) REFERENCES public.res_users(id) ON DELETE SET NULL
mrp_eco_approval,write_uid,res_users,mrp_eco_approval_write_uid_fkey,FOREIGN KEY (write_uid) REFERENCES public.res_users(id) ON DELETE SET NULL
mrp_eco_approval_template,stage_id,mrp_eco_stage,mrp_eco_approval_template_stage_id_fkey,FOREIGN KEY (stage_id) REFERENCES public.mrp_eco_stage(id) ON DELETE RESTRICT
mrp_eco_approval_template,create_uid,res_users,mrp_eco_approval_template_create_uid_fkey,FOREIGN KEY (create_uid) REFERENCES public.res_users(id) ON DELETE SET NULL
mrp_eco_approval_template,write_uid,res_users,mrp_eco_approval_template_write_uid_fkey,FOREIGN KEY (write_uid) REFERENCES public.res_users(id) ON DELETE SET NULL
mrp_eco_approval_template_res_users_rel,mrp_eco_approval_template_id,mrp_eco_approval_template,mrp_eco_approval_template_res_mrp_eco_approval_template_id_fkey,FOREIGN KEY (mrp_eco_approval_template_id) REFERENCES public.mrp_eco_approval_template(id) ON DELETE CASCADE
mrp_eco_approval_template_res_users_rel,res_users_id,res_users,mrp_eco_approval_template_res_users_rel_res_users_id_fkey,FOREIGN KEY (res_users_id) REFERENCES public.res_users(id) ON DELETE CASCADE
mrp_eco_bom_change,byproduct_id,mrp_bom_byproduct,mrp_eco_bom_change_byproduct_id_fkey,FOREIGN KEY (byproduct_id) REFERENCES public.mrp_bom_byproduct(id) ON DELETE SET NULL
mrp_eco_bom_change,bom_line_id,mrp_bom_line,mrp_eco_bom_change_bom_line_id_fkey,FOREIGN KEY (bom_line_id) REFERENCES public.mrp_bom_line(id) ON DELETE SET NULL
mrp_eco_bom_change,eco_id,mrp_eco,mrp_eco_bom_change_eco_id_fkey,FOREIGN KEY (eco_id) REFERENCES public.mrp_eco(id) ON DELETE CASCADE
mrp_eco_bom_change,eco_rebase_id,mrp_eco,mrp_eco_bom_change_eco_rebase_id_fkey,FOREIGN KEY (eco_rebase_id) REFERENCES public.mrp_eco(id) ON DELETE CASCADE
mrp_eco_bom_change,rebase_id,mrp_eco,mrp_eco_bom_change_rebase_id_fkey,FOREIGN KEY (rebase_id) REFERENCES public.mrp_eco(id) ON DELETE CASCADE
mrp_eco_bom_change,new_operation_id,mrp_routing_workcenter,mrp_eco_bom_change_new_operation_id_fkey,FOREIGN KEY (new_operation_id) REFERENCES public.mrp_routing_workcenter(id) ON DELETE SET NULL
mrp_eco_bom_change,old_operation_id,mrp_routing_workcenter,mrp_eco_bom_change_old_operation_id_fkey,FOREIGN KEY (old_operation_id) REFERENCES public.mrp_routing_workcenter(id) ON DELETE SET NULL
mrp_eco_bom_change,product_id,product_product,mrp_eco_bom_change_product_id_fkey,FOREIGN KEY (product_id) REFERENCES public.product_product(id) ON DELETE RESTRICT
mrp_eco_bom_change,create_uid,res_users,mrp_eco_bom_change_create_uid_fkey,FOREIGN KEY (create_uid) REFERENCES public.res_users(id) ON DELETE SET NULL
mrp_eco_bom_change,write_uid,res_users,mrp_eco_bom_change_write_uid_fkey,FOREIGN KEY (write_uid) REFERENCES public.res_users(id) ON DELETE SET NULL
mrp_eco_bom_change,new_uom_id,uom_uom,mrp_eco_bom_change_new_uom_id_fkey,FOREIGN KEY (new_uom_id) REFERENCES public.uom_uom(id) ON DELETE SET NULL
mrp_eco_bom_change,old_uom_id,uom_uom,mrp_eco_bom_change_old_uom_id_fkey,FOREIGN KEY (old_uom_id) REFERENCES public.uom_uom(id) ON DELETE SET NULL
mrp_eco_mrp_eco_tag_rel,mrp_eco_id,mrp_eco,mrp_eco_mrp_eco_tag_rel_mrp_eco_id_fkey,FOREIGN KEY (mrp_eco_id) REFERENCES public.mrp_eco(id) ON DELETE CASCADE
mrp_eco_mrp_eco_tag_rel,mrp_eco_tag_id,mrp_eco_tag,mrp_eco_mrp_eco_tag_rel_mrp_eco_tag_id_fkey,FOREIGN KEY (mrp_eco_tag_id) REFERENCES public.mrp_eco_tag(id) ON DELETE CASCADE
mrp_eco_routing_change,eco_id,mrp_eco,mrp_eco_routing_change_eco_id_fkey,FOREIGN KEY (eco_id) REFERENCES public.mrp_eco(id) ON DELETE CASCADE
mrp_eco_routing_change,operation_id,mrp_routing_workcenter,mrp_eco_routing_change_operation_id_fkey,FOREIGN KEY (operation_id) REFERENCES public.mrp_routing_workcenter(id) ON DELETE SET NULL
mrp_eco_routing_change,workcenter_id,mrp_workcenter,mrp_eco_routing_change_workcenter_id_fkey,FOREIGN KEY (workcenter_id) REFERENCES public.mrp_workcenter(id) ON DELETE SET NULL
mrp_eco_routing_change,quality_point_id,quality_point,mrp_eco_routing_change_quality_point_id_fkey,FOREIGN KEY (quality_point_id) REFERENCES public.quality_point(id) ON DELETE SET NULL
mrp_eco_routing_change,create_uid,res_users,mrp_eco_routing_change_create_uid_fkey,FOREIGN KEY (create_uid) REFERENCES public.res_users(id) ON DELETE SET NULL
mrp_eco_routing_change,write_uid,res_users,mrp_eco_routing_change_write_uid_fkey,FOREIGN KEY (write_uid) REFERENCES public.res_users(id) ON DELETE SET NULL
mrp_eco_stage,create_uid,res_users,mrp_eco_stage_create_uid_fkey,FOREIGN KEY (create_uid) REFERENCES public.res_users(id) ON DELETE SET NULL
mrp_eco_stage,write_uid,res_users,mrp_eco_stage_write_uid_fkey,FOREIGN KEY (write_uid) REFERENCES public.res_users(id) ON DELETE SET NULL
mrp_eco_stage_type_rel,stage_id,mrp_eco_stage,mrp_eco_stage_type_rel_stage_id_fkey,FOREIGN KEY (stage_id) REFERENCES public.mrp_eco_stage(id) ON DELETE CASCADE
mrp_eco_stage_type_rel,type_id,mrp_eco_type,mrp_eco_stage_type_rel_type_id_fkey,FOREIGN KEY (type_id) REFERENCES public.mrp_eco_type(id) ON DELETE CASCADE
mrp_eco_tag,create_uid,res_users,mrp_eco_tag_create_uid_fkey,FOREIGN KEY (create_uid) REFERENCES public.res_users(id) ON DELETE SET NULL
mrp_eco_tag,write_uid,res_users,mrp_eco_tag_write_uid_fkey,FOREIGN KEY (write_uid) REFERENCES public.res_users(id) ON DELETE SET NULL
mrp_eco_type,alias_id,mail_alias,mrp_eco_type_alias_id_fkey,FOREIGN KEY (alias_id) REFERENCES public.mail_alias(id) ON DELETE RESTRICT
mrp_eco_type,create_uid,res_users,mrp_eco_type_create_uid_fkey,FOREIGN KEY (create_uid) REFERENCES public.res_users(id) ON DELETE SET NULL
mrp_eco_type,write_uid,res_users,mrp_eco_type_write_uid_fkey,FOREIGN KEY (write_uid) REFERENCES public.res_users(id) ON DELETE SET NULL
mrp_mps_forecast_details,create_uid,res_users,mrp_mps_forecast_details_create_uid_fkey,FOREIGN KEY (create_uid) REFERENCES public.res_users(id) ON DELETE SET NULL
mrp_mps_forecast_details,write_uid,res_users,mrp_mps_forecast_details_write_uid_fkey,FOREIGN KEY (write_uid) REFERENCES public.res_users(id) ON DELETE SET NULL
mrp_mps_forecast_details_purchase_order_line_rel,mrp_mps_forecast_details_id,mrp_mps_forecast_details,mrp_mps_forecast_details_purch_mrp_mps_forecast_details_id_fkey,FOREIGN KEY (mrp_mps_forecast_details_id) REFERENCES public.mrp_mps_forecast_details(id) ON DELETE CASCADE
mrp_mps_forecast_details_purchase_order_line_rel,purchase_order_line_id,purchase_order_line,mrp_mps_forecast_details_purchase_o_purchase_order_line_id_fkey,FOREIGN KEY (purchase_order_line_id) REFERENCES public.purchase_order_line(id) ON DELETE CASCADE
mrp_mps_forecast_details_stock_move_rel,mrp_mps_forecast_details_id,mrp_mps_forecast_details,mrp_mps_forecast_details_stock_mrp_mps_forecast_details_id_fkey,FOREIGN KEY (mrp_mps_forecast_details_id) REFERENCES public.mrp_mps_forecast_details(id) ON DELETE CASCADE
mrp_mps_forecast_details_stock_move_rel,stock_move_id,stock_move,mrp_mps_forecast_details_stock_move_rel_stock_move_id_fkey,FOREIGN KEY (stock_move_id) REFERENCES public.stock_move(id) ON DELETE CASCADE
mrp_mps_forecast_suggestion,mrp_mps_id,mrp_production_schedule,mrp_mps_forecast_suggestion_mrp_mps_id_fkey,FOREIGN KEY (mrp_mps_id) REFERENCES public.mrp_production_schedule(id) ON DELETE SET NULL
mrp_mps_forecast_suggestion,create_uid,res_users,mrp_mps_forecast_suggestion_create_uid_fkey,FOREIGN KEY (create_uid) REFERENCES public.res_users(id) ON DELETE SET NULL
mrp_mps_forecast_suggestion,write_uid,res_users,mrp_mps_forecast_suggestion_write_uid_fkey,FOREIGN KEY (write_uid) REFERENCES public.res_users(id) ON DELETE SET NULL
mrp_product_forecast,production_schedule_id,mrp_production_schedule,mrp_product_forecast_production_schedule_id_fkey,FOREIGN KEY (production_schedule_id) REFERENCES public.mrp_production_schedule(id) ON DELETE CASCADE
mrp_product_forecast,create_uid,res_users,mrp_product_forecast_create_uid_fkey,FOREIGN KEY (create_uid) REFERENCES public.res_users(id) ON DELETE SET NULL
mrp_product_forecast,write_uid,res_users,mrp_product_forecast_write_uid_fkey,FOREIGN KEY (write_uid) REFERENCES public.res_users(id) ON DELETE SET NULL
mrp_production,bom_id,mrp_bom,mrp_production_bom_id_fkey,FOREIGN KEY (bom_id) REFERENCES public.mrp_bom(id) ON DELETE SET NULL
mrp_production,production_group_id,mrp_production_group,mrp_production_production_group_id_fkey,FOREIGN KEY (production_group_id) REFERENCES public.mrp_production_group(id) ON DELETE SET NULL
mrp_production,product_id,product_product,mrp_production_product_id_fkey,FOREIGN KEY (product_id) REFERENCES public.product_product(id) ON DELETE RESTRICT
mrp_production,project_id,project_project,mrp_production_project_id_fkey,FOREIGN KEY (project_id) REFERENCES public.project_project(id) ON DELETE SET NULL
mrp_production,company_id,res_company,mrp_production_company_id_fkey,FOREIGN KEY (company_id) REFERENCES public.res_company(id) ON DELETE RESTRICT
mrp_production,subcontractor_id,res_partner,mrp_production_subcontractor_id_fkey,FOREIGN KEY (subcontractor_id) REFERENCES public.res_partner(id) ON DELETE SET NULL
mrp_production,create_uid,res_users,mrp_production_create_uid_fkey,FOREIGN KEY (create_uid) REFERENCES public.res_users(id) ON DELETE SET NULL
mrp_production,user_id,res_users,mrp_production_user_id_fkey,FOREIGN KEY (user_id) REFERENCES public.res_users(id) ON DELETE SET NULL
mrp_production,write_uid,res_users,mrp_production_write_uid_fkey,FOREIGN KEY (write_uid) REFERENCES public.res_users(id) ON DELETE SET NULL
mrp_production,sale_line_id,sale_order_line,mrp_production_sale_line_id_fkey,FOREIGN KEY (sale_line_id) REFERENCES public.sale_order_line(id) ON DELETE SET NULL
mrp_production,location_dest_id,stock_location,mrp_production_location_dest_id_fkey,FOREIGN KEY (location_dest_id) REFERENCES public.stock_location(id) ON DELETE RESTRICT
mrp_production,location_final_id,stock_location,mrp_production_location_final_id_fkey,FOREIGN KEY (location_final_id) REFERENCES public.stock_location(id) ON DELETE SET NULL
mrp_production,location_src_id,stock_location,mrp_production_location_src_id_fkey,FOREIGN KEY (location_src_id) REFERENCES public.stock_location(id) ON DELETE RESTRICT
mrp_production,production_location_id,stock_location,mrp_production_production_location_id_fkey,FOREIGN KEY (production_location_id) REFERENCES public.stock_location(id) ON DELETE SET NULL
mrp_production,picking_type_id,stock_picking_type,mrp_production_picking_type_id_fkey,FOREIGN KEY (picking_type_id) REFERENCES public.stock_picking_type(id) ON DELETE RESTRICT
mrp_production,orderpoint_id,stock_warehouse_orderpoint,mrp_production_orderpoint_id_fkey,FOREIGN KEY (orderpoint_id) REFERENCES public.stock_warehouse_orderpoint(id) ON DELETE SET NULL
mrp_production,product_uom_id,uom_uom,mrp_production_product_uom_id_fkey,FOREIGN KEY (product_uom_id) REFERENCES public.uom_uom(id) ON DELETE RESTRICT
mrp_production_additional_workorder,production_id,mrp_production,mrp_production_additional_workorder_production_id_fkey,FOREIGN KEY (production_id) REFERENCES public.mrp_production(id) ON DELETE CASCADE
mrp_production_additional_workorder,workcenter_id,mrp_workcenter,mrp_production_additional_workorder_workcenter_id_fkey,FOREIGN KEY (workcenter_id) REFERENCES public.mrp_workcenter(id) ON DELETE CASCADE
mrp_production_additional_workorder,blocked_by_workorder_id,mrp_workorder,mrp_production_additional_workorde_blocked_by_workorder_id_fkey,FOREIGN KEY (blocked_by_workorder_id) REFERENCES public.mrp_workorder(id) ON DELETE SET NULL
mrp_production_additional_workorder,create_uid,res_users,mrp_production_additional_workorder_create_uid_fkey,FOREIGN KEY (create_uid) REFERENCES public.res_users(id) ON DELETE SET NULL
mrp_production_additional_workorder,write_uid,res_users,mrp_production_additional_workorder_write_uid_fkey,FOREIGN KEY (write_uid) REFERENCES public.res_users(id) ON DELETE SET NULL
mrp_production_backorder,create_uid,res_users,mrp_production_backorder_create_uid_fkey,FOREIGN KEY (create_uid) REFERENCES public.res_users(id) ON DELETE SET NULL
mrp_production_backorder,write_uid,res_users,mrp_production_backorder_write_uid_fkey,FOREIGN KEY (write_uid) REFERENCES public.res_users(id) ON DELETE SET NULL
mrp_production_backorder_line,mrp_production_id,mrp_production,mrp_production_backorder_line_mrp_production_id_fkey,FOREIGN KEY (mrp_production_id) REFERENCES public.mrp_production(id) ON DELETE CASCADE
mrp_production_backorder_line,mrp_production_backorder_id,mrp_production_backorder,mrp_production_backorder_line_mrp_production_backorder_id_fkey,FOREIGN KEY (mrp_production_backorder_id) REFERENCES public.mrp_production_backorder(id) ON DELETE CASCADE
mrp_production_backorder_line,create_uid,res_users,mrp_production_backorder_line_create_uid_fkey,FOREIGN KEY (create_uid) REFERENCES public.res_users(id) ON DELETE SET NULL
mrp_production_backorder_line,write_uid,res_users,mrp_production_backorder_line_write_uid_fkey,FOREIGN KEY (write_uid) REFERENCES public.res_users(id) ON DELETE SET NULL
mrp_production_group,create_uid,res_users,mrp_production_group_create_uid_fkey,FOREIGN KEY (create_uid) REFERENCES public.res_users(id) ON DELETE SET NULL
mrp_production_group,write_uid,res_users,mrp_production_group_write_uid_fkey,FOREIGN KEY (write_uid) REFERENCES public.res_users(id) ON DELETE SET NULL
mrp_production_group_rel,child_group_id,mrp_production_group,mrp_production_group_rel_child_group_id_fkey,FOREIGN KEY (child_group_id) REFERENCES public.mrp_production_group(id) ON DELETE CASCADE
mrp_production_group_rel,parent_group_id,mrp_production_group,mrp_production_group_rel_parent_group_id_fkey,FOREIGN KEY (parent_group_id) REFERENCES public.mrp_production_group(id) ON DELETE CASCADE
mrp_production_mrp_production_backorder_rel,mrp_production_id,mrp_production,mrp_production_mrp_production_backorder__mrp_production_id_fkey,FOREIGN KEY (mrp_production_id) REFERENCES public.mrp_production(id) ON DELETE CASCADE
mrp_production_mrp_production_backorder_rel,mrp_production_backorder_id,mrp_production_backorder,mrp_production_mrp_production__mrp_production_backorder_id_fkey,FOREIGN KEY (mrp_production_backorder_id) REFERENCES public.mrp_production_backorder(id) ON DELETE CASCADE
mrp_production_picking_label_type_rel,mrp_production_id,mrp_production,mrp_production_picking_label_type_rel_mrp_production_id_fkey,FOREIGN KEY (mrp_production_id) REFERENCES public.mrp_production(id) ON DELETE CASCADE
mrp_production_picking_label_type_rel,picking_label_type_id,picking_label_type,mrp_production_picking_label_type_re_picking_label_type_id_fkey,FOREIGN KEY (picking_label_type_id) REFERENCES public.picking_label_type(id) ON DELETE CASCADE
mrp_production_schedule,bom_id,mrp_bom,mrp_production_schedule_bom_id_fkey,FOREIGN KEY (bom_id) REFERENCES public.mrp_bom(id) ON DELETE SET NULL
mrp_production_schedule,product_id,product_product,mrp_production_schedule_product_id_fkey,FOREIGN KEY (product_id) REFERENCES public.product_product(id) ON DELETE RESTRICT
mrp_production_schedule,supplier_id,product_supplierinfo,mrp_production_schedule_supplier_id_fkey,FOREIGN KEY (supplier_id) REFERENCES public.product_supplierinfo(id) ON DELETE SET NULL
mrp_production_schedule,company_id,res_company,mrp_production_schedule_company_id_fkey,FOREIGN KEY (company_id) REFERENCES public.res_company(id) ON DELETE SET NULL
mrp_production_schedule,create_uid,res_users,mrp_production_schedule_create_uid_fkey,FOREIGN KEY (create_uid) REFERENCES public.res_users(id) ON DELETE SET NULL
mrp_production_schedule,write_uid,res_users,mrp_production_schedule_write_uid_fkey,FOREIGN KEY (write_uid) REFERENCES public.res_users(id) ON DELETE SET NULL
mrp_production_schedule,route_id,stock_route,mrp_production_schedule_route_id_fkey,FOREIGN KEY (route_id) REFERENCES public.stock_route(id) ON DELETE SET NULL
mrp_production_schedule,warehouse_id,stock_warehouse,mrp_production_schedule_warehouse_id_fkey,FOREIGN KEY (warehouse_id) REFERENCES public.stock_warehouse(id) ON DELETE RESTRICT
mrp_production_serials,production_id,mrp_production,mrp_production_serials_production_id_fkey,FOREIGN KEY (production_id) REFERENCES public.mrp_production(id) ON DELETE SET NULL
mrp_production_serials,workorder_id,mrp_workorder,mrp_production_serials_workorder_id_fkey,FOREIGN KEY (workorder_id) REFERENCES public.mrp_workorder(id) ON DELETE SET NULL
mrp_production_serials,create_uid,res_users,mrp_production_serials_create_uid_fkey,FOREIGN KEY (create_uid) REFERENCES public.res_users(id) ON DELETE SET NULL
mrp_production_serials,write_uid,res_users,mrp_production_serials_write_uid_fkey,FOREIGN KEY (write_uid) REFERENCES public.res_users(id) ON DELETE SET NULL
mrp_production_split,production_id,mrp_production,mrp_production_split_production_id_fkey,FOREIGN KEY (production_id) REFERENCES public.mrp_production(id) ON DELETE SET NULL
mrp_production_split,production_split_multi_id,mrp_production_split_multi,mrp_production_split_production_split_multi_id_fkey,FOREIGN KEY (production_split_multi_id) REFERENCES public.mrp_production_split_multi(id) ON DELETE SET NULL
mrp_production_split,create_uid,res_users,mrp_production_split_create_uid_fkey,FOREIGN KEY (create_uid) REFERENCES public.res_users(id) ON DELETE SET NULL
mrp_production_split,write_uid,res_users,mrp_production_split_write_uid_fkey,FOREIGN KEY (write_uid) REFERENCES public.res_users(id) ON DELETE SET NULL
mrp_production_split_line,mrp_production_split_id,mrp_production_split,mrp_production_split_line_mrp_production_split_id_fkey,FOREIGN KEY (mrp_production_split_id) REFERENCES public.mrp_production_split(id) ON DELETE CASCADE
mrp_production_split_line,create_uid,res_users,mrp_production_split_line_create_uid_fkey,FOREIGN KEY (create_uid) REFERENCES public.res_users(id) ON DELETE SET NULL
mrp_production_split_line,user_id,res_users,mrp_production_split_line_user_id_fkey,FOREIGN KEY (user_id) REFERENCES public.res_users(id) ON DELETE SET NULL
mrp_production_split_line,write_uid,res_users,mrp_production_split_line_write_uid_fkey,FOREIGN KEY (write_uid) REFERENCES public.res_users(id) ON DELETE SET NULL
mrp_production_split_multi,create_uid,res_users,mrp_production_split_multi_create_uid_fkey,FOREIGN KEY (create_uid) REFERENCES public.res_users(id) ON DELETE SET NULL
mrp_production_split_multi,write_uid,res_users,mrp_production_split_multi_write_uid_fkey,FOREIGN KEY (write_uid) REFERENCES public.res_users(id) ON DELETE SET NULL
mrp_production_stock_landed_cost_rel,mrp_production_id,mrp_production,mrp_production_stock_landed_cost_rel_mrp_production_id_fkey,FOREIGN KEY (mrp_production_id) REFERENCES public.mrp_production(id) ON DELETE CASCADE
mrp_production_stock_landed_cost_rel,stock_landed_cost_id,stock_landed_cost,mrp_production_stock_landed_cost_rel_stock_landed_cost_id_fkey,FOREIGN KEY (stock_landed_cost_id) REFERENCES public.stock_landed_cost(id) ON DELETE CASCADE
mrp_production_stock_lot_rel,mrp_production_id,mrp_production,mrp_production_stock_lot_rel_mrp_production_id_fkey,FOREIGN KEY (mrp_production_id) REFERENCES public.mrp_production(id) ON DELETE CASCADE
mrp_production_stock_lot_rel,stock_lot_id,stock_lot,mrp_production_stock_lot_rel_stock_lot_id_fkey,FOREIGN KEY (stock_lot_id) REFERENCES public.stock_lot(id) ON DELETE CASCADE
mrp_routing_workcenter,bom_id,mrp_bom,mrp_routing_workcenter_bom_id_fkey,FOREIGN KEY (bom_id) REFERENCES public.mrp_bom(id) ON DELETE CASCADE
mrp_routing_workcenter,workcenter_id,mrp_workcenter,mrp_routing_workcenter_workcenter_id_fkey,FOREIGN KEY (workcenter_id) REFERENCES public.mrp_workcenter(id) ON DELETE RESTRICT
mrp_routing_workcenter,create_uid,res_users,mrp_routing_workcenter_create_uid_fkey,FOREIGN KEY (create_uid) REFERENCES public.res_users(id) ON DELETE SET NULL
mrp_routing_workcenter,write_uid,res_users,mrp_routing_workcenter_write_uid_fkey,FOREIGN KEY (write_uid) REFERENCES public.res_users(id) ON DELETE SET NULL
mrp_routing_workcenter_dependencies_rel,blocked_by_id,mrp_routing_workcenter,mrp_routing_workcenter_dependencies_rel_blocked_by_id_fkey,FOREIGN KEY (blocked_by_id) REFERENCES public.mrp_routing_workcenter(id) ON DELETE CASCADE
mrp_routing_workcenter_dependencies_rel,operation_id,mrp_routing_workcenter,mrp_routing_workcenter_dependencies_rel_operation_id_fkey,FOREIGN KEY (operation_id) REFERENCES public.mrp_routing_workcenter(id) ON DELETE CASCADE
mrp_routing_workcenter_product_template_attribute_value_rel,mrp_routing_workcenter_id,mrp_routing_workcenter,mrp_routing_workcenter_product_t_mrp_routing_workcenter_id_fkey,FOREIGN KEY (mrp_routing_workcenter_id) REFERENCES public.mrp_routing_workcenter(id) ON DELETE CASCADE
mrp_routing_workcenter_product_template_attribute_value_rel,product_template_attribute_value_id,product_template_attribute_value,mrp_routing_workcenter_produc_product_template_attribute_v_fkey,FOREIGN KEY (product_template_attribute_value_id) REFERENCES public.product_template_attribute_value(id) ON DELETE RESTRICT
mrp_unbuild,bom_id,mrp_bom,mrp_unbuild_bom_id_fkey,FOREIGN KEY (bom_id) REFERENCES public.mrp_bom(id) ON DELETE SET NULL
mrp_unbuild,mo_id,mrp_production,mrp_unbuild_mo_id_fkey,FOREIGN KEY (mo_id) REFERENCES public.mrp_production(id) ON DELETE SET NULL
mrp_unbuild,product_id,product_product,mrp_unbuild_product_id_fkey,FOREIGN KEY (product_id) REFERENCES public.product_product(id) ON DELETE RESTRICT
mrp_unbuild,company_id,res_company,mrp_unbuild_company_id_fkey,FOREIGN KEY (company_id) REFERENCES public.res_company(id) ON DELETE RESTRICT
mrp_unbuild,create_uid,res_users,mrp_unbuild_create_uid_fkey,FOREIGN KEY (create_uid) REFERENCES public.res_users(id) ON DELETE SET NULL
mrp_unbuild,write_uid,res_users,mrp_unbuild_write_uid_fkey,FOREIGN KEY (write_uid) REFERENCES public.res_users(id) ON DELETE SET NULL
mrp_unbuild,location_dest_id,stock_location,mrp_unbuild_location_dest_id_fkey,FOREIGN KEY (location_dest_id) REFERENCES public.stock_location(id) ON DELETE RESTRICT
mrp_unbuild,location_id,stock_location,mrp_unbuild_location_id_fkey,FOREIGN KEY (location_id) REFERENCES public.stock_location(id) ON DELETE RESTRICT
mrp_unbuild,lot_id,stock_lot,mrp_unbuild_lot_id_fkey,FOREIGN KEY (lot_id) REFERENCES public.stock_lot(id) ON DELETE SET NULL
mrp_unbuild,product_uom_id,uom_uom,mrp_unbuild_product_uom_id_fkey,FOREIGN KEY (product_uom_id) REFERENCES public.uom_uom(id) ON DELETE RESTRICT
mrp_workcenter,expense_account_id,account_account,mrp_workcenter_expense_account_id_fkey,FOREIGN KEY (expense_account_id) REFERENCES public.account_account(id) ON DELETE SET NULL
mrp_workcenter,maintenance_team_id,maintenance_team,mrp_workcenter_maintenance_team_id_fkey,FOREIGN KEY (maintenance_team_id) REFERENCES public.maintenance_team(id) ON DELETE SET NULL
mrp_workcenter,company_id,res_company,mrp_workcenter_company_id_fkey,FOREIGN KEY (company_id) REFERENCES public.res_company(id) ON DELETE SET NULL
mrp_workcenter,create_uid,res_users,mrp_workcenter_create_uid_fkey,FOREIGN KEY (create_uid) REFERENCES public.res_users(id) ON DELETE SET NULL
mrp_workcenter,technician_user_id,res_users,mrp_workcenter_technician_user_id_fkey,FOREIGN KEY (technician_user_id) REFERENCES public.res_users(id) ON DELETE SET NULL
mrp_workcenter,write_uid,res_users,mrp_workcenter_write_uid_fkey,FOREIGN KEY (write_uid) REFERENCES public.res_users(id) ON DELETE SET NULL
mrp_workcenter,resource_calendar_id,resource_calendar,mrp_workcenter_resource_calendar_id_fkey,FOREIGN KEY (resource_calendar_id) REFERENCES public.resource_calendar(id) ON DELETE SET NULL
mrp_workcenter,resource_id,resource_resource,mrp_workcenter_resource_id_fkey,FOREIGN KEY (resource_id) REFERENCES public.resource_resource(id) ON DELETE RESTRICT
mrp_workcenter_alternative_rel,alternative_workcenter_id,mrp_workcenter,mrp_workcenter_alternative_rel_alternative_workcenter_id_fkey,FOREIGN KEY (alternative_workcenter_id) REFERENCES public.mrp_workcenter(id) ON DELETE CASCADE
mrp_workcenter_alternative_rel,workcenter_id,mrp_workcenter,mrp_workcenter_alternative_rel_workcenter_id_fkey,FOREIGN KEY (workcenter_id) REFERENCES public.mrp_workcenter(id) ON DELETE CASCADE
mrp_workcenter_capacity,workcenter_id,mrp_workcenter,mrp_workcenter_capacity_workcenter_id_fkey,FOREIGN KEY (workcenter_id) REFERENCES public.mrp_workcenter(id) ON DELETE RESTRICT
mrp_workcenter_capacity,product_id,product_product,mrp_workcenter_capacity_product_id_fkey,FOREIGN KEY (product_id) REFERENCES public.product_product(id) ON DELETE SET NULL
mrp_workcenter_capacity,create_uid,res_users,mrp_workcenter_capacity_create_uid_fkey,FOREIGN KEY (create_uid) REFERENCES public.res_users(id) ON DELETE SET NULL
mrp_workcenter_capacity,write_uid,res_users,mrp_workcenter_capacity_write_uid_fkey,FOREIGN KEY (write_uid) REFERENCES public.res_users(id) ON DELETE SET NULL
mrp_workcenter_capacity,product_uom_id,uom_uom,mrp_workcenter_capacity_product_uom_id_fkey,FOREIGN KEY (product_uom_id) REFERENCES public.uom_uom(id) ON DELETE RESTRICT
mrp_workcenter_mrp_workcenter_tag_rel,mrp_workcenter_id,mrp_workcenter,mrp_workcenter_mrp_workcenter_tag_rel_mrp_workcenter_id_fkey,FOREIGN KEY (mrp_workcenter_id) REFERENCES public.mrp_workcenter(id) ON DELETE CASCADE
mrp_workcenter_mrp_workcenter_tag_rel,mrp_workcenter_tag_id,mrp_workcenter_tag,mrp_workcenter_mrp_workcenter_tag_re_mrp_workcenter_tag_id_fkey,FOREIGN KEY (mrp_workcenter_tag_id) REFERENCES public.mrp_workcenter_tag(id) ON DELETE CASCADE
mrp_workcenter_productivity,account_move_line_id,account_move_line,mrp_workcenter_productivity_account_move_line_id_fkey,FOREIGN KEY (account_move_line_id) REFERENCES public.account_move_line(id) ON DELETE SET NULL
mrp_workcenter_productivity,employee_id,hr_employee,mrp_workcenter_productivity_employee_id_fkey,FOREIGN KEY (employee_id) REFERENCES public.hr_employee(id) ON DELETE SET NULL
mrp_workcenter_productivity,workcenter_id,mrp_workcenter,mrp_workcenter_productivity_workcenter_id_fkey,FOREIGN KEY (workcenter_id) REFERENCES public.mrp_workcenter(id) ON DELETE RESTRICT
mrp_workcenter_productivity,loss_id,mrp_workcenter_productivity_loss,mrp_workcenter_productivity_loss_id_fkey,FOREIGN KEY (loss_id) REFERENCES public.mrp_workcenter_productivity_loss(id) ON DELETE RESTRICT
mrp_workcenter_productivity,workorder_id,mrp_workorder,mrp_workcenter_productivity_workorder_id_fkey,FOREIGN KEY (workorder_id) REFERENCES public.mrp_workorder(id) ON DELETE SET NULL
mrp_workcenter_productivity,company_id,res_company,mrp_workcenter_productivity_company_id_fkey,FOREIGN KEY (company_id) REFERENCES public.res_company(id) ON DELETE RESTRICT
mrp_workcenter_productivity,create_uid,res_users,mrp_workcenter_productivity_create_uid_fkey,FOREIGN KEY (create_uid) REFERENCES public.res_users(id) ON DELETE SET NULL
mrp_workcenter_productivity,user_id,res_users,mrp_workcenter_productivity_user_id_fkey,FOREIGN KEY (user_id) REFERENCES public.res_users(id) ON DELETE SET NULL
mrp_workcenter_productivity,write_uid,res_users,mrp_workcenter_productivity_write_uid_fkey,FOREIGN KEY (write_uid) REFERENCES public.res_users(id) ON DELETE SET NULL
mrp_workcenter_productivity_loss,loss_id,mrp_workcenter_productivity_loss_type,mrp_workcenter_productivity_loss_loss_id_fkey,FOREIGN KEY (loss_id) REFERENCES public.mrp_workcenter_productivity_loss_type(id) ON DELETE SET NULL
mrp_workcenter_productivity_loss,create_uid,res_users,mrp_workcenter_productivity_loss_create_uid_fkey,FOREIGN KEY (create_uid) REFERENCES public.res_users(id) ON DELETE SET NULL
mrp_workcenter_productivity_loss,write_uid,res_users,mrp_workcenter_productivity_loss_write_uid_fkey,FOREIGN KEY (write_uid) REFERENCES public.res_users(id) ON DELETE SET NULL
mrp_workcenter_productivity_loss_type,create_uid,res_users,mrp_workcenter_productivity_loss_type_create_uid_fkey,FOREIGN KEY (create_uid) REFERENCES public.res_users(id) ON DELETE SET NULL
mrp_workcenter_productivity_loss_type,write_uid,res_users,mrp_workcenter_productivity_loss_type_write_uid_fkey,FOREIGN KEY (write_uid) REFERENCES public.res_users(id) ON DELETE SET NULL
mrp_workcenter_tag,create_uid,res_users,mrp_workcenter_tag_create_uid_fkey,FOREIGN KEY (create_uid) REFERENCES public.res_users(id) ON DELETE SET NULL
mrp_workcenter_tag,write_uid,res_users,mrp_workcenter_tag_write_uid_fkey,FOREIGN KEY (write_uid) REFERENCES public.res_users(id) ON DELETE SET NULL
mrp_workorder,production_id,mrp_production,mrp_workorder_production_id_fkey,FOREIGN KEY (production_id) REFERENCES public.mrp_production(id) ON DELETE RESTRICT
mrp_workorder,operation_id,mrp_routing_workcenter,mrp_workorder_operation_id_fkey,FOREIGN KEY (operation_id) REFERENCES public.mrp_routing_workcenter(id) ON DELETE SET NULL
mrp_workorder,workcenter_id,mrp_workcenter,mrp_workorder_workcenter_id_fkey,FOREIGN KEY (workcenter_id) REFERENCES public.mrp_workcenter(id) ON DELETE RESTRICT
mrp_workorder,current_quality_check_id,quality_check,mrp_workorder_current_quality_check_id_fkey,FOREIGN KEY (current_quality_check_id) REFERENCES public.quality_check(id) ON DELETE SET NULL
mrp_workorder,create_uid,res_users,mrp_workorder_create_uid_fkey,FOREIGN KEY (create_uid) REFERENCES public.res_users(id) ON DELETE SET NULL
mrp_workorder,write_uid,res_users,mrp_workorder_write_uid_fkey,FOREIGN KEY (write_uid) REFERENCES public.res_users(id) ON DELETE SET NULL
mrp_workorder,leave_id,resource_calendar_leaves,mrp_workorder_leave_id_fkey,FOREIGN KEY (leave_id) REFERENCES public.resource_calendar_leaves(id) ON DELETE SET NULL
mrp_workorder_additional_employee_assigned,employee_id,hr_employee,mrp_workorder_additional_employee_assigned_employee_id_fkey,FOREIGN KEY (employee_id) REFERENCES public.hr_employee(id) ON DELETE CASCADE
mrp_workorder_additional_employee_assigned,additional_workorder_id,mrp_production_additional_workorder,mrp_workorder_additional_employee__additional_workorder_id_fkey,FOREIGN KEY (additional_workorder_id) REFERENCES public.mrp_production_additional_workorder(id) ON DELETE CASCADE
mrp_workorder_dependencies_rel,blocked_by_id,mrp_workorder,mrp_workorder_dependencies_rel_blocked_by_id_fkey,FOREIGN KEY (blocked_by_id) REFERENCES public.mrp_workorder(id) ON DELETE CASCADE
mrp_workorder_dependencies_rel,workorder_id,mrp_workorder,mrp_workorder_dependencies_rel_workorder_id_fkey,FOREIGN KEY (workorder_id) REFERENCES public.mrp_workorder(id) ON DELETE CASCADE
mrp_workorder_employee_assigned,employee_id,hr_employee,mrp_workorder_employee_assigned_employee_id_fkey,FOREIGN KEY (employee_id) REFERENCES public.hr_employee(id) ON DELETE CASCADE
mrp_workorder_employee_assigned,workorder_id,mrp_workorder,mrp_workorder_employee_assigned_workorder_id_fkey,FOREIGN KEY (workorder_id) REFERENCES public.mrp_workorder(id) ON DELETE CASCADE
mrp_workorder_mo_analytic_rel,account_analytic_line_id,account_analytic_line,mrp_workorder_mo_analytic_rel_account_analytic_line_id_fkey,FOREIGN KEY (account_analytic_line_id) REFERENCES public.account_analytic_line(id) ON DELETE CASCADE
mrp_workorder_mo_analytic_rel,mrp_workorder_id,mrp_workorder,mrp_workorder_mo_analytic_rel_mrp_workorder_id_fkey,FOREIGN KEY (mrp_workorder_id) REFERENCES public.mrp_workorder(id) ON DELETE CASCADE
mrp_workorder_quality_point_rel,mrp_workorder_id,mrp_workorder,mrp_workorder_quality_point_rel_mrp_workorder_id_fkey,FOREIGN KEY (mrp_workorder_id) REFERENCES public.mrp_workorder(id) ON DELETE CASCADE
mrp_workorder_quality_point_rel,quality_point_id,quality_point,mrp_workorder_quality_point_rel_quality_point_id_fkey,FOREIGN KEY (quality_point_id) REFERENCES public.quality_point(id) ON DELETE CASCADE
mrp_workorder_wc_analytic_rel,account_analytic_line_id,account_analytic_line,mrp_workorder_wc_analytic_rel_account_analytic_line_id_fkey,FOREIGN KEY (account_analytic_line_id) REFERENCES public.account_analytic_line(id) ON DELETE CASCADE
mrp_workorder_wc_analytic_rel,mrp_workorder_id,mrp_workorder,mrp_workorder_wc_analytic_rel_mrp_workorder_id_fkey,FOREIGN KEY (mrp_workorder_id) REFERENCES public.mrp_workorder(id) ON DELETE CASCADE
onboarding_onboarding,create_uid,res_users,onboarding_onboarding_create_uid_fkey,FOREIGN KEY (create_uid) REFERENCES public.res_users(id) ON DELETE SET NULL
onboarding_onboarding,write_uid,res_users,onboarding_onboarding_write_uid_fkey,FOREIGN KEY (write_uid) REFERENCES public.res_users(id) ON DELETE SET NULL
onboarding_onboarding_onboarding_onboarding_step_rel,onboarding_onboarding_id,onboarding_onboarding,onboarding_onboarding_onboarding__onboarding_onboarding_id_fkey,FOREIGN KEY (onboarding_onboarding_id) REFERENCES public.onboarding_onboarding(id) ON DELETE CASCADE
onboarding_onboarding_onboarding_onboarding_step_rel,onboarding_onboarding_step_id,onboarding_onboarding_step,onboarding_onboarding_onboard_onboarding_onboarding_step_i_fkey,FOREIGN KEY (onboarding_onboarding_step_id) REFERENCES public.onboarding_onboarding_step(id) ON DELETE CASCADE
onboarding_onboarding_step,create_uid,res_users,onboarding_onboarding_step_create_uid_fkey,FOREIGN KEY (create_uid) REFERENCES public.res_users(id) ON DELETE SET NULL
onboarding_onboarding_step,write_uid,res_users,onboarding_onboarding_step_write_uid_fkey,FOREIGN KEY (write_uid) REFERENCES public.res_users(id) ON DELETE SET NULL
onboarding_progress,onboarding_id,onboarding_onboarding,onboarding_progress_onboarding_id_fkey,FOREIGN KEY (onboarding_id) REFERENCES public.onboarding_onboarding(id) ON DELETE CASCADE
onboarding_progress,company_id,res_company,onboarding_progress_company_id_fkey,FOREIGN KEY (company_id) REFERENCES public.res_company(id) ON DELETE CASCADE
onboarding_progress,create_uid,res_users,onboarding_progress_create_uid_fkey,FOREIGN KEY (create_uid) REFERENCES public.res_users(id) ON DELETE SET NULL
onboarding_progress,write_uid,res_users,onboarding_progress_write_uid_fkey,FOREIGN KEY (write_uid) REFERENCES public.res_users(id) ON DELETE SET NULL
onboarding_progress_onboarding_progress_step_rel,onboarding_progress_id,onboarding_progress,onboarding_progress_onboarding_prog_onboarding_progress_id_fkey,FOREIGN KEY (onboarding_progress_id) REFERENCES public.onboarding_progress(id) ON DELETE CASCADE
onboarding_progress_onboarding_progress_step_rel,onboarding_progress_step_id,onboarding_progress_step,onboarding_progress_onboarding_onboarding_progress_step_id_fkey,FOREIGN KEY (onboarding_progress_step_id) REFERENCES public.onboarding_progress_step(id) ON DELETE CASCADE
onboarding_progress_step,step_id,onboarding_onboarding_step,onboarding_progress_step_step_id_fkey,FOREIGN KEY (step_id) REFERENCES public.onboarding_onboarding_step(id) ON DELETE CASCADE
onboarding_progress_step,company_id,res_company,onboarding_progress_step_company_id_fkey,FOREIGN KEY (company_id) REFERENCES public.res_company(id) ON DELETE CASCADE
onboarding_progress_step,create_uid,res_users,onboarding_progress_step_create_uid_fkey,FOREIGN KEY (create_uid) REFERENCES public.res_users(id) ON DELETE SET NULL
onboarding_progress_step,write_uid,res_users,onboarding_progress_step_write_uid_fkey,FOREIGN KEY (write_uid) REFERENCES public.res_users(id) ON DELETE SET NULL
payment_capture_wizard,create_uid,res_users,payment_capture_wizard_create_uid_fkey,FOREIGN KEY (create_uid) REFERENCES public.res_users(id) ON DELETE SET NULL
payment_capture_wizard,write_uid,res_users,payment_capture_wizard_write_uid_fkey,FOREIGN KEY (write_uid) REFERENCES public.res_users(id) ON DELETE SET NULL
payment_capture_wizard_payment_transaction_rel,payment_capture_wizard_id,payment_capture_wizard,payment_capture_wizard_payment_t_payment_capture_wizard_id_fkey,FOREIGN KEY (payment_capture_wizard_id) REFERENCES public.payment_capture_wizard(id) ON DELETE CASCADE
payment_capture_wizard_payment_transaction_rel,payment_transaction_id,payment_transaction,payment_capture_wizard_payment_tran_payment_transaction_id_fkey,FOREIGN KEY (payment_transaction_id) REFERENCES public.payment_transaction(id) ON DELETE CASCADE
payment_country_rel,payment_id,payment_provider,payment_country_rel_payment_id_fkey,FOREIGN KEY (payment_id) REFERENCES public.payment_provider(id) ON DELETE CASCADE
payment_country_rel,country_id,res_country,payment_country_rel_country_id_fkey,FOREIGN KEY (country_id) REFERENCES public.res_country(id) ON DELETE CASCADE
payment_currency_rel,payment_provider_id,payment_provider,payment_currency_rel_payment_provider_id_fkey,FOREIGN KEY (payment_provider_id) REFERENCES public.payment_provider(id) ON DELETE CASCADE
payment_currency_rel,currency_id,res_currency,payment_currency_rel_currency_id_fkey,FOREIGN KEY (currency_id) REFERENCES public.res_currency(id) ON DELETE CASCADE
payment_link_wizard,currency_id,res_currency,payment_link_wizard_currency_id_fkey,FOREIGN KEY (currency_id) REFERENCES public.res_currency(id) ON DELETE SET NULL
payment_link_wizard,partner_id,res_partner,payment_link_wizard_partner_id_fkey,FOREIGN KEY (partner_id) REFERENCES public.res_partner(id) ON DELETE SET NULL
payment_link_wizard,create_uid,res_users,payment_link_wizard_create_uid_fkey,FOREIGN KEY (create_uid) REFERENCES public.res_users(id) ON DELETE SET NULL
payment_link_wizard,write_uid,res_users,payment_link_wizard_write_uid_fkey,FOREIGN KEY (write_uid) REFERENCES public.res_users(id) ON DELETE SET NULL
payment_method,primary_payment_method_id,payment_method,payment_method_primary_payment_method_id_fkey,FOREIGN KEY (primary_payment_method_id) REFERENCES public.payment_method(id) ON DELETE SET NULL
payment_method,create_uid,res_users,payment_method_create_uid_fkey,FOREIGN KEY (create_uid) REFERENCES public.res_users(id) ON DELETE SET NULL
payment_method,write_uid,res_users,payment_method_write_uid_fkey,FOREIGN KEY (write_uid) REFERENCES public.res_users(id) ON DELETE SET NULL
payment_method_payment_provider_rel,payment_method_id,payment_method,payment_method_payment_provider_rel_payment_method_id_fkey,FOREIGN KEY (payment_method_id) REFERENCES public.payment_method(id) ON DELETE CASCADE
payment_method_payment_provider_rel,payment_provider_id,payment_provider,payment_method_payment_provider_rel_payment_provider_id_fkey,FOREIGN KEY (payment_provider_id) REFERENCES public.payment_provider(id) ON DELETE CASCADE
payment_method_res_country_rel,payment_method_id,payment_method,payment_method_res_country_rel_payment_method_id_fkey,FOREIGN KEY (payment_method_id) REFERENCES public.payment_method(id) ON DELETE CASCADE
payment_method_res_country_rel,res_country_id,res_country,payment_method_res_country_rel_res_country_id_fkey,FOREIGN KEY (res_country_id) REFERENCES public.res_country(id) ON DELETE CASCADE
payment_method_res_currency_rel,payment_method_id,payment_method,payment_method_res_currency_rel_payment_method_id_fkey,FOREIGN KEY (payment_method_id) REFERENCES public.payment_method(id) ON DELETE CASCADE
payment_method_res_currency_rel,res_currency_id,res_currency,payment_method_res_currency_rel_res_currency_id_fkey,FOREIGN KEY (res_currency_id) REFERENCES public.res_currency(id) ON DELETE CASCADE
payment_provider,module_id,ir_module_module,payment_provider_module_id_fkey,FOREIGN KEY (module_id) REFERENCES public.ir_module_module(id) ON DELETE SET NULL
payment_provider,express_checkout_form_view_id,ir_ui_view,payment_provider_express_checkout_form_view_id_fkey,FOREIGN KEY (express_checkout_form_view_id) REFERENCES public.ir_ui_view(id) ON DELETE RESTRICT
payment_provider,inline_form_view_id,ir_ui_view,payment_provider_inline_form_view_id_fkey,FOREIGN KEY (inline_form_view_id) REFERENCES public.ir_ui_view(id) ON DELETE RESTRICT
payment_provider,redirect_form_view_id,ir_ui_view,payment_provider_redirect_form_view_id_fkey,FOREIGN KEY (redirect_form_view_id) REFERENCES public.ir_ui_view(id) ON DELETE RESTRICT
payment_provider,token_inline_form_view_id,ir_ui_view,payment_provider_token_inline_form_view_id_fkey,FOREIGN KEY (token_inline_form_view_id) REFERENCES public.ir_ui_view(id) ON DELETE RESTRICT
payment_provider,company_id,res_company,payment_provider_company_id_fkey,FOREIGN KEY (company_id) REFERENCES public.res_company(id) ON DELETE RESTRICT
payment_provider,create_uid,res_users,payment_provider_create_uid_fkey,FOREIGN KEY (create_uid) REFERENCES public.res_users(id) ON DELETE SET NULL
payment_provider,write_uid,res_users,payment_provider_write_uid_fkey,FOREIGN KEY (write_uid) REFERENCES public.res_users(id) ON DELETE SET NULL
payment_provider,website_id,website,payment_provider_website_id_fkey,FOREIGN KEY (website_id) REFERENCES public.website(id) ON DELETE RESTRICT
payment_refund_wizard,payment_id,account_payment,payment_refund_wizard_payment_id_fkey,FOREIGN KEY (payment_id) REFERENCES public.account_payment(id) ON DELETE SET NULL
payment_refund_wizard,create_uid,res_users,payment_refund_wizard_create_uid_fkey,FOREIGN KEY (create_uid) REFERENCES public.res_users(id) ON DELETE SET NULL
payment_refund_wizard,write_uid,res_users,payment_refund_wizard_write_uid_fkey,FOREIGN KEY (write_uid) REFERENCES public.res_users(id) ON DELETE SET NULL
payment_token,payment_method_id,payment_method,payment_token_payment_method_id_fkey,FOREIGN KEY (payment_method_id) REFERENCES public.payment_method(id) ON DELETE RESTRICT
payment_token,provider_id,payment_provider,payment_token_provider_id_fkey,FOREIGN KEY (provider_id) REFERENCES public.payment_provider(id) ON DELETE RESTRICT
payment_token,company_id,res_company,payment_token_company_id_fkey,FOREIGN KEY (company_id) REFERENCES public.res_company(id) ON DELETE SET NULL
payment_token,partner_id,res_partner,payment_token_partner_id_fkey,FOREIGN KEY (partner_id) REFERENCES public.res_partner(id) ON DELETE RESTRICT
payment_token,create_uid,res_users,payment_token_create_uid_fkey,FOREIGN KEY (create_uid) REFERENCES public.res_users(id) ON DELETE SET NULL
payment_token,write_uid,res_users,payment_token_write_uid_fkey,FOREIGN KEY (write_uid) REFERENCES public.res_users(id) ON DELETE SET NULL
payment_transaction,payment_id,account_payment,payment_transaction_payment_id_fkey,FOREIGN KEY (payment_id) REFERENCES public.account_payment(id) ON DELETE SET NULL
payment_transaction,payment_method_id,payment_method,payment_transaction_payment_method_id_fkey,FOREIGN KEY (payment_method_id) REFERENCES public.payment_method(id) ON DELETE RESTRICT
payment_transaction,provider_id,payment_provider,payment_transaction_provider_id_fkey,FOREIGN KEY (provider_id) REFERENCES public.payment_provider(id) ON DELETE RESTRICT
payment_transaction,token_id,payment_token,payment_transaction_token_id_fkey,FOREIGN KEY (token_id) REFERENCES public.payment_token(id) ON DELETE RESTRICT
payment_transaction,source_transaction_id,payment_transaction,payment_transaction_source_transaction_id_fkey,FOREIGN KEY (source_transaction_id) REFERENCES public.payment_transaction(id) ON DELETE SET NULL
payment_transaction,company_id,res_company,payment_transaction_company_id_fkey,FOREIGN KEY (company_id) REFERENCES public.res_company(id) ON DELETE SET NULL
payment_transaction,partner_country_id,res_country,payment_transaction_partner_country_id_fkey,FOREIGN KEY (partner_country_id) REFERENCES public.res_country(id) ON DELETE SET NULL
payment_transaction,partner_state_id,res_country_state,payment_transaction_partner_state_id_fkey,FOREIGN KEY (partner_state_id) REFERENCES public.res_country_state(id) ON DELETE SET NULL
payment_transaction,currency_id,res_currency,payment_transaction_currency_id_fkey,FOREIGN KEY (currency_id) REFERENCES public.res_currency(id) ON DELETE RESTRICT
payment_transaction,partner_id,res_partner,payment_transaction_partner_id_fkey,FOREIGN KEY (partner_id) REFERENCES public.res_partner(id) ON DELETE RESTRICT
payment_transaction,create_uid,res_users,payment_transaction_create_uid_fkey,FOREIGN KEY (create_uid) REFERENCES public.res_users(id) ON DELETE SET NULL
payment_transaction,write_uid,res_users,payment_transaction_write_uid_fkey,FOREIGN KEY (write_uid) REFERENCES public.res_users(id) ON DELETE SET NULL
payslip_tags_table,documents_tag_id,documents_tag,payslip_tags_table_documents_tag_id_fkey,FOREIGN KEY (documents_tag_id) REFERENCES public.documents_tag(id) ON DELETE CASCADE
payslip_tags_table,res_company_id,res_company,payslip_tags_table_res_company_id_fkey,FOREIGN KEY (res_company_id) REFERENCES public.res_company(id) ON DELETE CASCADE
phone_blacklist,create_uid,res_users,phone_blacklist_create_uid_fkey,FOREIGN KEY (create_uid) REFERENCES public.res_users(id) ON DELETE SET NULL
phone_blacklist,write_uid,res_users,phone_blacklist_write_uid_fkey,FOREIGN KEY (write_uid) REFERENCES public.res_users(id) ON DELETE SET NULL
phone_blacklist_remove,create_uid,res_users,phone_blacklist_remove_create_uid_fkey,FOREIGN KEY (create_uid) REFERENCES public.res_users(id) ON DELETE SET NULL
phone_blacklist_remove,write_uid,res_users,phone_blacklist_remove_write_uid_fkey,FOREIGN KEY (write_uid) REFERENCES public.res_users(id) ON DELETE SET NULL
picking_label_type,create_uid,res_users,picking_label_type_create_uid_fkey,FOREIGN KEY (create_uid) REFERENCES public.res_users(id) ON DELETE SET NULL
picking_label_type,write_uid,res_users,picking_label_type_write_uid_fkey,FOREIGN KEY (write_uid) REFERENCES public.res_users(id) ON DELETE SET NULL
picking_label_type_stock_picking_rel,picking_label_type_id,picking_label_type,picking_label_type_stock_picking_rel_picking_label_type_id_fkey,FOREIGN KEY (picking_label_type_id) REFERENCES public.picking_label_type(id) ON DELETE CASCADE
picking_label_type_stock_picking_rel,stock_picking_id,stock_picking,picking_label_type_stock_picking_rel_stock_picking_id_fkey,FOREIGN KEY (stock_picking_id) REFERENCES public.stock_picking(id) ON DELETE CASCADE
picking_type_favorite_user_rel,user_id,res_users,picking_type_favorite_user_rel_user_id_fkey,FOREIGN KEY (user_id) REFERENCES public.res_users(id) ON DELETE CASCADE
picking_type_favorite_user_rel,picking_type_id,stock_picking_type,picking_type_favorite_user_rel_picking_type_id_fkey,FOREIGN KEY (picking_type_id) REFERENCES public.stock_picking_type(id) ON DELETE CASCADE
planning_calendar_resource,create_uid,res_users,planning_calendar_resource_create_uid_fkey,FOREIGN KEY (create_uid) REFERENCES public.res_users(id) ON DELETE SET NULL
planning_calendar_resource,user_id,res_users,planning_calendar_resource_user_id_fkey,FOREIGN KEY (user_id) REFERENCES public.res_users(id) ON DELETE CASCADE
planning_calendar_resource,write_uid,res_users,planning_calendar_resource_write_uid_fkey,FOREIGN KEY (write_uid) REFERENCES public.res_users(id) ON DELETE SET NULL
planning_calendar_resource,resource_id,resource_resource,planning_calendar_resource_resource_id_fkey,FOREIGN KEY (resource_id) REFERENCES public.resource_resource(id) ON DELETE SET NULL
planning_planning,company_id,res_company,planning_planning_company_id_fkey,FOREIGN KEY (company_id) REFERENCES public.res_company(id) ON DELETE RESTRICT
planning_planning,create_uid,res_users,planning_planning_create_uid_fkey,FOREIGN KEY (create_uid) REFERENCES public.res_users(id) ON DELETE SET NULL
planning_planning,write_uid,res_users,planning_planning_write_uid_fkey,FOREIGN KEY (write_uid) REFERENCES public.res_users(id) ON DELETE SET NULL
planning_preview,employee_id,hr_employee,planning_preview_employee_id_fkey,FOREIGN KEY (employee_id) REFERENCES public.hr_employee(id) ON DELETE CASCADE
planning_preview,create_uid,res_users,planning_preview_create_uid_fkey,FOREIGN KEY (create_uid) REFERENCES public.res_users(id) ON DELETE SET NULL
planning_preview,write_uid,res_users,planning_preview_write_uid_fkey,FOREIGN KEY (write_uid) REFERENCES public.res_users(id) ON DELETE SET NULL
planning_recurrency,company_id,res_company,planning_recurrency_company_id_fkey,FOREIGN KEY (company_id) REFERENCES public.res_company(id) ON DELETE RESTRICT
planning_recurrency,create_uid,res_users,planning_recurrency_create_uid_fkey,FOREIGN KEY (create_uid) REFERENCES public.res_users(id) ON DELETE SET NULL
planning_recurrency,write_uid,res_users,planning_recurrency_write_uid_fkey,FOREIGN KEY (write_uid) REFERENCES public.res_users(id) ON DELETE SET NULL
planning_role,create_uid,res_users,planning_role_create_uid_fkey,FOREIGN KEY (create_uid) REFERENCES public.res_users(id) ON DELETE SET NULL
planning_role,write_uid,res_users,planning_role_write_uid_fkey,FOREIGN KEY (write_uid) REFERENCES public.res_users(id) ON DELETE SET NULL
planning_send,create_uid,res_users,planning_send_create_uid_fkey,FOREIGN KEY (create_uid) REFERENCES public.res_users(id) ON DELETE SET NULL
planning_send,write_uid,res_users,planning_send_write_uid_fkey,FOREIGN KEY (write_uid) REFERENCES public.res_users(id) ON DELETE SET NULL
planning_send_planning_slot_rel,planning_send_id,planning_send,planning_send_planning_slot_rel_planning_send_id_fkey,FOREIGN KEY (planning_send_id) REFERENCES public.planning_send(id) ON DELETE CASCADE
planning_send_planning_slot_rel,planning_slot_id,planning_slot,planning_send_planning_slot_rel_planning_slot_id_fkey,FOREIGN KEY (planning_slot_id) REFERENCES public.planning_slot(id) ON DELETE CASCADE
planning_slot,department_id,hr_department,planning_slot_department_id_fkey,FOREIGN KEY (department_id) REFERENCES public.hr_department(id) ON DELETE SET NULL
planning_slot,employee_id,hr_employee,planning_slot_employee_id_fkey,FOREIGN KEY (employee_id) REFERENCES public.hr_employee(id) ON DELETE SET NULL
planning_slot,manager_id,hr_employee,planning_slot_manager_id_fkey,FOREIGN KEY (manager_id) REFERENCES public.hr_employee(id) ON DELETE SET NULL
planning_slot,recurrency_id,planning_recurrency,planning_slot_recurrency_id_fkey,FOREIGN KEY (recurrency_id) REFERENCES public.planning_recurrency(id) ON DELETE SET NULL
planning_slot,role_id,planning_role,planning_slot_role_id_fkey,FOREIGN KEY (role_id) REFERENCES public.planning_role(id) ON DELETE SET NULL
planning_slot,previous_template_id,planning_slot_template,planning_slot_previous_template_id_fkey,FOREIGN KEY (previous_template_id) REFERENCES public.planning_slot_template(id) ON DELETE SET NULL
planning_slot,template_id,planning_slot_template,planning_slot_template_id_fkey,FOREIGN KEY (template_id) REFERENCES public.planning_slot_template(id) ON DELETE SET NULL
planning_slot,project_id,project_project,planning_slot_project_id_fkey,FOREIGN KEY (project_id) REFERENCES public.project_project(id) ON DELETE SET NULL
planning_slot,company_id,res_company,planning_slot_company_id_fkey,FOREIGN KEY (company_id) REFERENCES public.res_company(id) ON DELETE RESTRICT
planning_slot,create_uid,res_users,planning_slot_create_uid_fkey,FOREIGN KEY (create_uid) REFERENCES public.res_users(id) ON DELETE SET NULL
planning_slot,user_id,res_users,planning_slot_user_id_fkey,FOREIGN KEY (user_id) REFERENCES public.res_users(id) ON DELETE SET NULL
planning_slot,write_uid,res_users,planning_slot_write_uid_fkey,FOREIGN KEY (write_uid) REFERENCES public.res_users(id) ON DELETE SET NULL
planning_slot,resource_id,resource_resource,planning_slot_resource_id_fkey,FOREIGN KEY (resource_id) REFERENCES public.resource_resource(id) ON DELETE SET NULL
planning_slot,sale_order_id,sale_order,planning_slot_sale_order_id_fkey,FOREIGN KEY (sale_order_id) REFERENCES public.sale_order(id) ON DELETE SET NULL
planning_slot,sale_line_id,sale_order_line,planning_slot_sale_line_id_fkey,FOREIGN KEY (sale_line_id) REFERENCES public.sale_order_line(id) ON DELETE CASCADE
planning_slot_template,role_id,planning_role,planning_slot_template_role_id_fkey,FOREIGN KEY (role_id) REFERENCES public.planning_role(id) ON DELETE SET NULL
planning_slot_template,project_id,project_project,planning_slot_template_project_id_fkey,FOREIGN KEY (project_id) REFERENCES public.project_project(id) ON DELETE SET NULL
planning_slot_template,create_uid,res_users,planning_slot_template_create_uid_fkey,FOREIGN KEY (create_uid) REFERENCES public.res_users(id) ON DELETE SET NULL
planning_slot_template,write_uid,res_users,planning_slot_template_write_uid_fkey,FOREIGN KEY (write_uid) REFERENCES public.res_users(id) ON DELETE SET NULL
portal_share,create_uid,res_users,portal_share_create_uid_fkey,FOREIGN KEY (create_uid) REFERENCES public.res_users(id) ON DELETE SET NULL
portal_share,write_uid,res_users,portal_share_write_uid_fkey,FOREIGN KEY (write_uid) REFERENCES public.res_users(id) ON DELETE SET NULL
portal_share_res_partner_rel,portal_share_id,portal_share,portal_share_res_partner_rel_portal_share_id_fkey,FOREIGN KEY (portal_share_id) REFERENCES public.portal_share(id) ON DELETE CASCADE
portal_share_res_partner_rel,res_partner_id,res_partner,portal_share_res_partner_rel_res_partner_id_fkey,FOREIGN KEY (res_partner_id) REFERENCES public.res_partner(id) ON DELETE CASCADE
portal_wizard,create_uid,res_users,portal_wizard_create_uid_fkey,FOREIGN KEY (create_uid) REFERENCES public.res_users(id) ON DELETE SET NULL
portal_wizard,write_uid,res_users,portal_wizard_write_uid_fkey,FOREIGN KEY (write_uid) REFERENCES public.res_users(id) ON DELETE SET NULL
portal_wizard_res_partner_rel,portal_wizard_id,portal_wizard,portal_wizard_res_partner_rel_portal_wizard_id_fkey,FOREIGN KEY (portal_wizard_id) REFERENCES public.portal_wizard(id) ON DELETE CASCADE
portal_wizard_res_partner_rel,res_partner_id,res_partner,portal_wizard_res_partner_rel_res_partner_id_fkey,FOREIGN KEY (res_partner_id) REFERENCES public.res_partner(id) ON DELETE CASCADE
portal_wizard_user,wizard_id,portal_wizard,portal_wizard_user_wizard_id_fkey,FOREIGN KEY (wizard_id) REFERENCES public.portal_wizard(id) ON DELETE CASCADE
portal_wizard_user,partner_id,res_partner,portal_wizard_user_partner_id_fkey,FOREIGN KEY (partner_id) REFERENCES public.res_partner(id) ON DELETE CASCADE
portal_wizard_user,create_uid,res_users,portal_wizard_user_create_uid_fkey,FOREIGN KEY (create_uid) REFERENCES public.res_users(id) ON DELETE SET NULL
portal_wizard_user,write_uid,res_users,portal_wizard_user_write_uid_fkey,FOREIGN KEY (write_uid) REFERENCES public.res_users(id) ON DELETE SET NULL
privacy_log,create_uid,res_users,privacy_log_create_uid_fkey,FOREIGN KEY (create_uid) REFERENCES public.res_users(id) ON DELETE SET NULL
privacy_log,user_id,res_users,privacy_log_user_id_fkey,FOREIGN KEY (user_id) REFERENCES public.res_users(id) ON DELETE RESTRICT
privacy_log,write_uid,res_users,privacy_log_write_uid_fkey,FOREIGN KEY (write_uid) REFERENCES public.res_users(id) ON DELETE SET NULL
privacy_lookup_wizard,log_id,privacy_log,privacy_lookup_wizard_log_id_fkey,FOREIGN KEY (log_id) REFERENCES public.privacy_log(id) ON DELETE SET NULL
privacy_lookup_wizard,create_uid,res_users,privacy_lookup_wizard_create_uid_fkey,FOREIGN KEY (create_uid) REFERENCES public.res_users(id) ON DELETE SET NULL
privacy_lookup_wizard,write_uid,res_users,privacy_lookup_wizard_write_uid_fkey,FOREIGN KEY (write_uid) REFERENCES public.res_users(id) ON DELETE SET NULL
privacy_lookup_wizard_line,res_model_id,ir_model,privacy_lookup_wizard_line_res_model_id_fkey,FOREIGN KEY (res_model_id) REFERENCES public.ir_model(id) ON DELETE CASCADE
privacy_lookup_wizard_line,wizard_id,privacy_lookup_wizard,privacy_lookup_wizard_line_wizard_id_fkey,FOREIGN KEY (wizard_id) REFERENCES public.privacy_lookup_wizard(id) ON DELETE SET NULL
privacy_lookup_wizard_line,create_uid,res_users,privacy_lookup_wizard_line_create_uid_fkey,FOREIGN KEY (create_uid) REFERENCES public.res_users(id) ON DELETE SET NULL
privacy_lookup_wizard_line,write_uid,res_users,privacy_lookup_wizard_line_write_uid_fkey,FOREIGN KEY (write_uid) REFERENCES public.res_users(id) ON DELETE SET NULL
product_accessory_rel,dest_id,product_product,product_accessory_rel_dest_id_fkey,FOREIGN KEY (dest_id) REFERENCES public.product_product(id) ON DELETE CASCADE
product_accessory_rel,src_id,product_template,product_accessory_rel_src_id_fkey,FOREIGN KEY (src_id) REFERENCES public.product_template(id) ON DELETE CASCADE
product_alternative_rel,dest_id,product_template,product_alternative_rel_dest_id_fkey,FOREIGN KEY (dest_id) REFERENCES public.product_template(id) ON DELETE CASCADE
product_alternative_rel,src_id,product_template,product_alternative_rel_src_id_fkey,FOREIGN KEY (src_id) REFERENCES public.product_template(id) ON DELETE CASCADE
product_attr_exclusion_value_ids_rel,product_template_attribute_exclusion_id,product_template_attribute_exclusion,product_attr_exclusion_value__product_template_attribute_e_fkey,FOREIGN KEY (product_template_attribute_exclusion_id) REFERENCES public.product_template_attribute_exclusion(id) ON DELETE CASCADE
product_attr_exclusion_value_ids_rel,product_template_attribute_value_id,product_template_attribute_value,product_attr_exclusion_value__product_template_attribute_v_fkey,FOREIGN KEY (product_template_attribute_value_id) REFERENCES public.product_template_attribute_value(id) ON DELETE CASCADE
product_attribute,category_id,product_attribute_category,product_attribute_category_id_fkey,FOREIGN KEY (category_id) REFERENCES public.product_attribute_category(id) ON DELETE SET NULL
product_attribute,create_uid,res_users,product_attribute_create_uid_fkey,FOREIGN KEY (create_uid) REFERENCES public.res_users(id) ON DELETE SET NULL
product_attribute,write_uid,res_users,product_attribute_write_uid_fkey,FOREIGN KEY (write_uid) REFERENCES public.res_users(id) ON DELETE SET NULL
product_attribute_category,create_uid,res_users,product_attribute_category_create_uid_fkey,FOREIGN KEY (create_uid) REFERENCES public.res_users(id) ON DELETE SET NULL
product_attribute_category,write_uid,res_users,product_attribute_category_write_uid_fkey,FOREIGN KEY (write_uid) REFERENCES public.res_users(id) ON DELETE SET NULL
product_attribute_custom_value,custom_product_template_attribute_value_id,product_template_attribute_value,product_attribute_custom_valu_custom_product_template_attr_fkey,FOREIGN KEY (custom_product_template_attribute_value_id) REFERENCES public.product_template_attribute_value(id) ON DELETE RESTRICT
product_attribute_custom_value,create_uid,res_users,product_attribute_custom_value_create_uid_fkey,FOREIGN KEY (create_uid) REFERENCES public.res_users(id) ON DELETE SET NULL
product_attribute_custom_value,write_uid,res_users,product_attribute_custom_value_write_uid_fkey,FOREIGN KEY (write_uid) REFERENCES public.res_users(id) ON DELETE SET NULL
product_attribute_custom_value,sale_order_line_id,sale_order_line,product_attribute_custom_value_sale_order_line_id_fkey,FOREIGN KEY (sale_order_line_id) REFERENCES public.sale_order_line(id) ON DELETE CASCADE
product_attribute_product_template_rel,product_attribute_id,product_attribute,product_attribute_product_template_re_product_attribute_id_fkey,FOREIGN KEY (product_attribute_id) REFERENCES public.product_attribute(id) ON DELETE CASCADE
product_attribute_product_template_rel,product_template_id,product_template,product_attribute_product_template_rel_product_template_id_fkey,FOREIGN KEY (product_template_id) REFERENCES public.product_template(id) ON DELETE CASCADE
product_attribute_value,attribute_id,product_attribute,product_attribute_value_attribute_id_fkey,FOREIGN KEY (attribute_id) REFERENCES public.product_attribute(id) ON DELETE CASCADE
product_attribute_value,create_uid,res_users,product_attribute_value_create_uid_fkey,FOREIGN KEY (create_uid) REFERENCES public.res_users(id) ON DELETE SET NULL
product_attribute_value,write_uid,res_users,product_attribute_value_write_uid_fkey,FOREIGN KEY (write_uid) REFERENCES public.res_users(id) ON DELETE SET NULL
product_attribute_value_product_template_attribute_line_rel,product_attribute_value_id,product_attribute_value,product_attribute_value_product_product_attribute_value_id_fkey,FOREIGN KEY (product_attribute_value_id) REFERENCES public.product_attribute_value(id) ON DELETE RESTRICT
product_attribute_value_product_template_attribute_line_rel,product_template_attribute_line_id,product_template_attribute_line,product_attribute_value_produ_product_template_attribute_l_fkey,FOREIGN KEY (product_template_attribute_line_id) REFERENCES public.product_template_attribute_line(id) ON DELETE CASCADE
product_category,seq_id,ir_sequence,product_category_seq_id_fkey,FOREIGN KEY (seq_id) REFERENCES public.ir_sequence(id) ON DELETE SET NULL
product_category,parent_id,product_category,product_category_parent_id_fkey,FOREIGN KEY (parent_id) REFERENCES public.product_category(id) ON DELETE CASCADE
product_category,removal_strategy_id,product_removal,product_category_removal_strategy_id_fkey,FOREIGN KEY (removal_strategy_id) REFERENCES public.product_removal(id) ON DELETE SET NULL
product_category,create_uid,res_users,product_category_create_uid_fkey,FOREIGN KEY (create_uid) REFERENCES public.res_users(id) ON DELETE SET NULL
product_category,write_uid,res_users,product_category_write_uid_fkey,FOREIGN KEY (write_uid) REFERENCES public.res_users(id) ON DELETE SET NULL
product_category_quality_point_rel,product_category_id,product_category,product_category_quality_point_rel_product_category_id_fkey,FOREIGN KEY (product_category_id) REFERENCES public.product_category(id) ON DELETE CASCADE
product_category_quality_point_rel,quality_point_id,quality_point,product_category_quality_point_rel_quality_point_id_fkey,FOREIGN KEY (quality_point_id) REFERENCES public.quality_point(id) ON DELETE CASCADE
product_category_stock_picking_type_rel,product_category_id,product_category,product_category_stock_picking_type_re_product_category_id_fkey,FOREIGN KEY (product_category_id) REFERENCES public.product_category(id) ON DELETE CASCADE
product_category_stock_picking_type_rel,stock_picking_type_id,stock_picking_type,product_category_stock_picking_type__stock_picking_type_id_fkey,FOREIGN KEY (stock_picking_type_id) REFERENCES public.stock_picking_type(id) ON DELETE CASCADE
product_combo,company_id,res_company,product_combo_company_id_fkey,FOREIGN KEY (company_id) REFERENCES public.res_company(id) ON DELETE SET NULL
product_combo,create_uid,res_users,product_combo_create_uid_fkey,FOREIGN KEY (create_uid) REFERENCES public.res_users(id) ON DELETE SET NULL
product_combo,write_uid,res_users,product_combo_write_uid_fkey,FOREIGN KEY (write_uid) REFERENCES public.res_users(id) ON DELETE SET NULL
product_combo_item,combo_id,product_combo,product_combo_item_combo_id_fkey,FOREIGN KEY (combo_id) REFERENCES public.product_combo(id) ON DELETE CASCADE
product_combo_item,product_id,product_product,product_combo_item_product_id_fkey,FOREIGN KEY (product_id) REFERENCES public.product_product(id) ON DELETE RESTRICT
product_combo_item,company_id,res_company,product_combo_item_company_id_fkey,FOREIGN KEY (company_id) REFERENCES public.res_company(id) ON DELETE SET NULL
product_combo_item,create_uid,res_users,product_combo_item_create_uid_fkey,FOREIGN KEY (create_uid) REFERENCES public.res_users(id) ON DELETE SET NULL
product_combo_item,write_uid,res_users,product_combo_item_write_uid_fkey,FOREIGN KEY (write_uid) REFERENCES public.res_users(id) ON DELETE SET NULL
product_combo_product_template_rel,product_combo_id,product_combo,product_combo_product_template_rel_product_combo_id_fkey,FOREIGN KEY (product_combo_id) REFERENCES public.product_combo(id) ON DELETE CASCADE
product_combo_product_template_rel,product_template_id,product_template,product_combo_product_template_rel_product_template_id_fkey,FOREIGN KEY (product_template_id) REFERENCES public.product_template(id) ON DELETE CASCADE
product_customer_info,product_id,product_product,product_customer_info_product_id_fkey,FOREIGN KEY (product_id) REFERENCES public.product_product(id) ON DELETE SET NULL
product_customer_info,product_tmpl_id,product_template,product_customer_info_product_tmpl_id_fkey,FOREIGN KEY (product_tmpl_id) REFERENCES public.product_template(id) ON DELETE CASCADE
product_customer_info,company_id,res_company,product_customer_info_company_id_fkey,FOREIGN KEY (company_id) REFERENCES public.res_company(id) ON DELETE SET NULL
product_customer_info,partner_id,res_partner,product_customer_info_partner_id_fkey,FOREIGN KEY (partner_id) REFERENCES public.res_partner(id) ON DELETE CASCADE
product_customer_info,create_uid,res_users,product_customer_info_create_uid_fkey,FOREIGN KEY (create_uid) REFERENCES public.res_users(id) ON DELETE SET NULL
product_customer_info,write_uid,res_users,product_customer_info_write_uid_fkey,FOREIGN KEY (write_uid) REFERENCES public.res_users(id) ON DELETE SET NULL
product_document,ir_attachment_id,ir_attachment,product_document_ir_attachment_id_fkey,FOREIGN KEY (ir_attachment_id) REFERENCES public.ir_attachment(id) ON DELETE CASCADE
product_document,origin_attachment_id,ir_attachment,product_document_origin_attachment_id_fkey,FOREIGN KEY (origin_attachment_id) REFERENCES public.ir_attachment(id) ON DELETE SET NULL
product_document,create_uid,res_users,product_document_create_uid_fkey,FOREIGN KEY (create_uid) REFERENCES public.res_users(id) ON DELETE SET NULL
product_document,write_uid,res_users,product_document_write_uid_fkey,FOREIGN KEY (write_uid) REFERENCES public.res_users(id) ON DELETE SET NULL
product_document_sale_pdf_form_field_rel,product_document_id,product_document,product_document_sale_pdf_form_field_r_product_document_id_fkey,FOREIGN KEY (product_document_id) REFERENCES public.product_document(id) ON DELETE CASCADE
product_document_sale_pdf_form_field_rel,sale_pdf_form_field_id,sale_pdf_form_field,product_document_sale_pdf_form_fiel_sale_pdf_form_field_id_fkey,FOREIGN KEY (sale_pdf_form_field_id) REFERENCES public.sale_pdf_form_field(id) ON DELETE CASCADE
product_feed,pricelist_id,product_pricelist,product_feed_pricelist_id_fkey,FOREIGN KEY (pricelist_id) REFERENCES public.product_pricelist(id) ON DELETE SET NULL
product_feed,lang_id,res_lang,product_feed_lang_id_fkey,FOREIGN KEY (lang_id) REFERENCES public.res_lang(id) ON DELETE RESTRICT
product_feed,create_uid,res_users,product_feed_create_uid_fkey,FOREIGN KEY (create_uid) REFERENCES public.res_users(id) ON DELETE SET NULL
product_feed,write_uid,res_users,product_feed_write_uid_fkey,FOREIGN KEY (write_uid) REFERENCES public.res_users(id) ON DELETE SET NULL
product_feed,website_id,website,product_feed_website_id_fkey,FOREIGN KEY (website_id) REFERENCES public.website(id) ON DELETE RESTRICT
product_feed_product_public_category_rel,product_feed_id,product_feed,product_feed_product_public_category_rel_product_feed_id_fkey,FOREIGN KEY (product_feed_id) REFERENCES public.product_feed(id) ON DELETE CASCADE
product_feed_product_public_category_rel,product_public_category_id,product_public_category,product_feed_product_public_cat_product_public_category_id_fkey,FOREIGN KEY (product_public_category_id) REFERENCES public.product_public_category(id) ON DELETE CASCADE
product_fetch_image_wizard,create_uid,res_users,product_fetch_image_wizard_create_uid_fkey,FOREIGN KEY (create_uid) REFERENCES public.res_users(id) ON DELETE SET NULL
product_fetch_image_wizard,write_uid,res_users,product_fetch_image_wizard_write_uid_fkey,FOREIGN KEY (write_uid) REFERENCES public.res_users(id) ON DELETE SET NULL
product_fetch_image_wizard_product_product_rel,product_fetch_image_wizard_id,product_fetch_image_wizard,product_fetch_image_wizard_pr_product_fetch_image_wizard_i_fkey,FOREIGN KEY (product_fetch_image_wizard_id) REFERENCES public.product_fetch_image_wizard(id) ON DELETE CASCADE
product_fetch_image_wizard_product_product_rel,product_product_id,product_product,product_fetch_image_wizard_product_prod_product_product_id_fkey,FOREIGN KEY (product_product_id) REFERENCES public.product_product(id) ON DELETE CASCADE
product_image,product_variant_id,product_product,product_image_product_variant_id_fkey,FOREIGN KEY (product_variant_id) REFERENCES public.product_product(id) ON DELETE CASCADE
product_image,product_tmpl_id,product_template,product_image_product_tmpl_id_fkey,FOREIGN KEY (product_tmpl_id) REFERENCES public.product_template(id) ON DELETE CASCADE
product_image,create_uid,res_users,product_image_create_uid_fkey,FOREIGN KEY (create_uid) REFERENCES public.res_users(id) ON DELETE SET NULL
product_image,write_uid,res_users,product_image_write_uid_fkey,FOREIGN KEY (write_uid) REFERENCES public.res_users(id) ON DELETE SET NULL
product_label_layout,pricelist_id,product_pricelist,product_label_layout_pricelist_id_fkey,FOREIGN KEY (pricelist_id) REFERENCES public.product_pricelist(id) ON DELETE SET NULL
product_label_layout,create_uid,res_users,product_label_layout_create_uid_fkey,FOREIGN KEY (create_uid) REFERENCES public.res_users(id) ON DELETE SET NULL
product_label_layout,write_uid,res_users,product_label_layout_write_uid_fkey,FOREIGN KEY (write_uid) REFERENCES public.res_users(id) ON DELETE SET NULL
product_label_layout_product_product_rel,product_label_layout_id,product_label_layout,product_label_layout_product_produ_product_label_layout_id_fkey,FOREIGN KEY (product_label_layout_id) REFERENCES public.product_label_layout(id) ON DELETE CASCADE
product_label_layout_product_product_rel,product_product_id,product_product,product_label_layout_product_product_re_product_product_id_fkey,FOREIGN KEY (product_product_id) REFERENCES public.product_product(id) ON DELETE CASCADE
product_label_layout_product_template_rel,product_label_layout_id,product_label_layout,product_label_layout_product_templ_product_label_layout_id_fkey,FOREIGN KEY (product_label_layout_id) REFERENCES public.product_label_layout(id) ON DELETE CASCADE
product_label_layout_product_template_rel,product_template_id,product_template,product_label_layout_product_template__product_template_id_fkey,FOREIGN KEY (product_template_id) REFERENCES public.product_template(id) ON DELETE CASCADE
product_label_layout_stock_move_rel,product_label_layout_id,product_label_layout,product_label_layout_stock_move_re_product_label_layout_id_fkey,FOREIGN KEY (product_label_layout_id) REFERENCES public.product_label_layout(id) ON DELETE CASCADE
product_label_layout_stock_move_rel,stock_move_id,stock_move,product_label_layout_stock_move_rel_stock_move_id_fkey,FOREIGN KEY (stock_move_id) REFERENCES public.stock_move(id) ON DELETE CASCADE
product_optional_rel,dest_id,product_template,product_optional_rel_dest_id_fkey,FOREIGN KEY (dest_id) REFERENCES public.product_template(id) ON DELETE CASCADE
product_optional_rel,src_id,product_template,product_optional_rel_src_id_fkey,FOREIGN KEY (src_id) REFERENCES public.product_template(id) ON DELETE CASCADE
product_pricelist,company_id,res_company,product_pricelist_company_id_fkey,FOREIGN KEY (company_id) REFERENCES public.res_company(id) ON DELETE SET NULL
product_pricelist,currency_id,res_currency,product_pricelist_currency_id_fkey,FOREIGN KEY (currency_id) REFERENCES public.res_currency(id) ON DELETE RESTRICT
product_pricelist,create_uid,res_users,product_pricelist_create_uid_fkey,FOREIGN KEY (create_uid) REFERENCES public.res_users(id) ON DELETE SET NULL
product_pricelist,write_uid,res_users,product_pricelist_write_uid_fkey,FOREIGN KEY (write_uid) REFERENCES public.res_users(id) ON DELETE SET NULL
product_pricelist,website_id,website,product_pricelist_website_id_fkey,FOREIGN KEY (website_id) REFERENCES public.website(id) ON DELETE RESTRICT
product_pricelist_item,categ_id,product_category,product_pricelist_item_categ_id_fkey,FOREIGN KEY (categ_id) REFERENCES public.product_category(id) ON DELETE CASCADE
product_pricelist_item,base_pricelist_id,product_pricelist,product_pricelist_item_base_pricelist_id_fkey,FOREIGN KEY (base_pricelist_id) REFERENCES public.product_pricelist(id) ON DELETE SET NULL
product_pricelist_item,pricelist_id,product_pricelist,product_pricelist_item_pricelist_id_fkey,FOREIGN KEY (pricelist_id) REFERENCES public.product_pricelist(id) ON DELETE CASCADE
product_pricelist_item,product_id,product_product,product_pricelist_item_product_id_fkey,FOREIGN KEY (product_id) REFERENCES public.product_product(id) ON DELETE CASCADE
product_pricelist_item,product_tmpl_id,product_template,product_pricelist_item_product_tmpl_id_fkey,FOREIGN KEY (product_tmpl_id) REFERENCES public.product_template(id) ON DELETE CASCADE
product_pricelist_item,company_id,res_company,product_pricelist_item_company_id_fkey,FOREIGN KEY (company_id) REFERENCES public.res_company(id) ON DELETE SET NULL
product_pricelist_item,currency_id,res_currency,product_pricelist_item_currency_id_fkey,FOREIGN KEY (currency_id) REFERENCES public.res_currency(id) ON DELETE SET NULL
product_pricelist_item,create_uid,res_users,product_pricelist_item_create_uid_fkey,FOREIGN KEY (create_uid) REFERENCES public.res_users(id) ON DELETE SET NULL
product_pricelist_item,write_uid,res_users,product_pricelist_item_write_uid_fkey,FOREIGN KEY (write_uid) REFERENCES public.res_users(id) ON DELETE SET NULL
product_product,intrastat_code_id,account_intrastat_code,product_product_intrastat_code_id_fkey,FOREIGN KEY (intrastat_code_id) REFERENCES public.account_intrastat_code(id) ON DELETE SET NULL
product_product,variant_ribbon_id,product_ribbon,product_product_variant_ribbon_id_fkey,FOREIGN KEY (variant_ribbon_id) REFERENCES public.product_ribbon(id) ON DELETE SET NULL
product_product,product_tmpl_id,product_template,product_product_product_tmpl_id_fkey,FOREIGN KEY (product_tmpl_id) REFERENCES public.product_template(id) ON DELETE CASCADE
product_product,intrastat_origin_country_id,res_country,product_product_intrastat_origin_country_id_fkey,FOREIGN KEY (intrastat_origin_country_id) REFERENCES public.res_country(id) ON DELETE SET NULL
product_product,create_uid,res_users,product_product_create_uid_fkey,FOREIGN KEY (create_uid) REFERENCES public.res_users(id) ON DELETE SET NULL
product_product,write_uid,res_users,product_product_write_uid_fkey,FOREIGN KEY (write_uid) REFERENCES public.res_users(id) ON DELETE SET NULL
product_product,base_unit_id,website_base_unit,product_product_base_unit_id_fkey,FOREIGN KEY (base_unit_id) REFERENCES public.website_base_unit(id) ON DELETE SET NULL
product_product_quality_point_rel,product_product_id,product_product,product_product_quality_point_rel_product_product_id_fkey,FOREIGN KEY (product_product_id) REFERENCES public.product_product(id) ON DELETE CASCADE
product_product_quality_point_rel,quality_point_id,quality_point,product_product_quality_point_rel_quality_point_id_fkey,FOREIGN KEY (quality_point_id) REFERENCES public.quality_point(id) ON DELETE CASCADE
product_public_category,parent_id,product_public_category,product_public_category_parent_id_fkey,FOREIGN KEY (parent_id) REFERENCES public.product_public_category(id) ON DELETE CASCADE
product_public_category,create_uid,res_users,product_public_category_create_uid_fkey,FOREIGN KEY (create_uid) REFERENCES public.res_users(id) ON DELETE SET NULL
product_public_category,write_uid,res_users,product_public_category_write_uid_fkey,FOREIGN KEY (write_uid) REFERENCES public.res_users(id) ON DELETE SET NULL
product_public_category,website_id,website,product_public_category_website_id_fkey,FOREIGN KEY (website_id) REFERENCES public.website(id) ON DELETE RESTRICT
product_public_category_product_template_rel,product_public_category_id,product_public_category,product_public_category_product_product_public_category_id_fkey,FOREIGN KEY (product_public_category_id) REFERENCES public.product_public_category(id) ON DELETE CASCADE
product_public_category_product_template_rel,product_template_id,product_template,product_public_category_product_templa_product_template_id_fkey,FOREIGN KEY (product_template_id) REFERENCES public.product_template(id) ON DELETE CASCADE
product_removal,create_uid,res_users,product_removal_create_uid_fkey,FOREIGN KEY (create_uid) REFERENCES public.res_users(id) ON DELETE SET NULL
product_removal,write_uid,res_users,product_removal_write_uid_fkey,FOREIGN KEY (write_uid) REFERENCES public.res_users(id) ON DELETE SET NULL
product_replenish,bom_id,mrp_bom,product_replenish_bom_id_fkey,FOREIGN KEY (bom_id) REFERENCES public.mrp_bom(id) ON DELETE SET NULL
product_replenish,product_id,product_product,product_replenish_product_id_fkey,FOREIGN KEY (product_id) REFERENCES public.product_product(id) ON DELETE CASCADE
product_replenish,supplier_id,product_supplierinfo,product_replenish_supplier_id_fkey,FOREIGN KEY (supplier_id) REFERENCES public.product_supplierinfo(id) ON DELETE SET NULL
product_replenish,product_tmpl_id,product_template,product_replenish_product_tmpl_id_fkey,FOREIGN KEY (product_tmpl_id) REFERENCES public.product_template(id) ON DELETE CASCADE
product_replenish,company_id,res_company,product_replenish_company_id_fkey,FOREIGN KEY (company_id) REFERENCES public.res_company(id) ON DELETE SET NULL
product_replenish,create_uid,res_users,product_replenish_create_uid_fkey,FOREIGN KEY (create_uid) REFERENCES public.res_users(id) ON DELETE SET NULL
product_replenish,write_uid,res_users,product_replenish_write_uid_fkey,FOREIGN KEY (write_uid) REFERENCES public.res_users(id) ON DELETE SET NULL
product_replenish,route_id,stock_route,product_replenish_route_id_fkey,FOREIGN KEY (route_id) REFERENCES public.stock_route(id) ON DELETE SET NULL
product_replenish,warehouse_id,stock_warehouse,product_replenish_warehouse_id_fkey,FOREIGN KEY (warehouse_id) REFERENCES public.stock_warehouse(id) ON DELETE CASCADE
product_replenish,product_uom_id,uom_uom,product_replenish_product_uom_id_fkey,FOREIGN KEY (product_uom_id) REFERENCES public.uom_uom(id) ON DELETE CASCADE
product_ribbon,create_uid,res_users,product_ribbon_create_uid_fkey,FOREIGN KEY (create_uid) REFERENCES public.res_users(id) ON DELETE SET NULL
product_ribbon,write_uid,res_users,product_ribbon_write_uid_fkey,FOREIGN KEY (write_uid) REFERENCES public.res_users(id) ON DELETE SET NULL
product_supplier_taxes_rel,tax_id,account_tax,product_supplier_taxes_rel_tax_id_fkey,FOREIGN KEY (tax_id) REFERENCES public.account_tax(id) ON DELETE CASCADE
product_supplier_taxes_rel,prod_id,product_template,product_supplier_taxes_rel_prod_id_fkey,FOREIGN KEY (prod_id) REFERENCES public.product_template(id) ON DELETE CASCADE
product_supplierinfo,product_id,product_product,product_supplierinfo_product_id_fkey,FOREIGN KEY (product_id) REFERENCES public.product_product(id) ON DELETE SET NULL
product_supplierinfo,product_tmpl_id,product_template,product_supplierinfo_product_tmpl_id_fkey,FOREIGN KEY (product_tmpl_id) REFERENCES public.product_template(id) ON DELETE CASCADE
product_supplierinfo,purchase_requisition_line_id,purchase_requisition_line,product_supplierinfo_purchase_requisition_line_id_fkey,FOREIGN KEY (purchase_requisition_line_id) REFERENCES public.purchase_requisition_line(id) ON DELETE SET NULL
product_supplierinfo,company_id,res_company,product_supplierinfo_company_id_fkey,FOREIGN KEY (company_id) REFERENCES public.res_company(id) ON DELETE SET NULL
product_supplierinfo,currency_id,res_currency,product_supplierinfo_currency_id_fkey,FOREIGN KEY (currency_id) REFERENCES public.res_currency(id) ON DELETE RESTRICT
product_supplierinfo,partner_id,res_partner,product_supplierinfo_partner_id_fkey,FOREIGN KEY (partner_id) REFERENCES public.res_partner(id) ON DELETE CASCADE
product_supplierinfo,create_uid,res_users,product_supplierinfo_create_uid_fkey,FOREIGN KEY (create_uid) REFERENCES public.res_users(id) ON DELETE SET NULL
product_supplierinfo,write_uid,res_users,product_supplierinfo_write_uid_fkey,FOREIGN KEY (write_uid) REFERENCES public.res_users(id) ON DELETE SET NULL
product_supplierinfo,product_uom_id,uom_uom,product_supplierinfo_product_uom_id_fkey,FOREIGN KEY (product_uom_id) REFERENCES public.uom_uom(id) ON DELETE RESTRICT
product_supplierinfo_stock_replenishment_info_rel,product_supplierinfo_id,product_supplierinfo,product_supplierinfo_stock_repleni_product_supplierinfo_id_fkey,FOREIGN KEY (product_supplierinfo_id) REFERENCES public.product_supplierinfo(id) ON DELETE CASCADE
product_supplierinfo_stock_replenishment_info_rel,stock_replenishment_info_id,stock_replenishment_info,product_supplierinfo_stock_rep_stock_replenishment_info_id_fkey,FOREIGN KEY (stock_replenishment_info_id) REFERENCES public.stock_replenishment_info(id) ON DELETE CASCADE
product_tag,create_uid,res_users,product_tag_create_uid_fkey,FOREIGN KEY (create_uid) REFERENCES public.res_users(id) ON DELETE SET NULL
product_tag,write_uid,res_users,product_tag_write_uid_fkey,FOREIGN KEY (write_uid) REFERENCES public.res_users(id) ON DELETE SET NULL
product_tag,website_id,website,product_tag_website_id_fkey,FOREIGN KEY (website_id) REFERENCES public.website(id) ON DELETE RESTRICT
product_tag_delivery_carrier_excluded_rel,delivery_carrier_id,delivery_carrier,product_tag_delivery_carrier_excluded__delivery_carrier_id_fkey,FOREIGN KEY (delivery_carrier_id) REFERENCES public.delivery_carrier(id) ON DELETE CASCADE
product_tag_delivery_carrier_excluded_rel,product_tag_id,product_tag,product_tag_delivery_carrier_excluded_rel_product_tag_id_fkey,FOREIGN KEY (product_tag_id) REFERENCES public.product_tag(id) ON DELETE CASCADE
product_tag_delivery_carrier_must_have_rel,delivery_carrier_id,delivery_carrier,product_tag_delivery_carrier_must_have_delivery_carrier_id_fkey,FOREIGN KEY (delivery_carrier_id) REFERENCES public.delivery_carrier(id) ON DELETE CASCADE
product_tag_delivery_carrier_must_have_rel,product_tag_id,product_tag,product_tag_delivery_carrier_must_have_rel_product_tag_id_fkey,FOREIGN KEY (product_tag_id) REFERENCES public.product_tag(id) ON DELETE CASCADE
product_tag_product_product_rel,product_product_id,product_product,product_tag_product_product_rel_product_product_id_fkey,FOREIGN KEY (product_product_id) REFERENCES public.product_product(id) ON DELETE CASCADE
product_tag_product_product_rel,product_tag_id,product_tag,product_tag_product_product_rel_product_tag_id_fkey,FOREIGN KEY (product_tag_id) REFERENCES public.product_tag(id) ON DELETE CASCADE
product_tag_product_template_rel,product_tag_id,product_tag,product_tag_product_template_rel_product_tag_id_fkey,FOREIGN KEY (product_tag_id) REFERENCES public.product_tag(id) ON DELETE CASCADE
product_tag_product_template_rel,product_template_id,product_template,product_tag_product_template_rel_product_template_id_fkey,FOREIGN KEY (product_template_id) REFERENCES public.product_template(id) ON DELETE CASCADE
product_tags_table,documents_tag_id,documents_tag,product_tags_table_documents_tag_id_fkey,FOREIGN KEY (documents_tag_id) REFERENCES public.documents_tag(id) ON DELETE CASCADE
product_tags_table,res_company_id,res_company,product_tags_table_res_company_id_fkey,FOREIGN KEY (res_company_id) REFERENCES public.res_company(id) ON DELETE CASCADE
product_taxes_rel,tax_id,account_tax,product_taxes_rel_tax_id_fkey,FOREIGN KEY (tax_id) REFERENCES public.account_tax(id) ON DELETE CASCADE
product_taxes_rel,prod_id,product_template,product_taxes_rel_prod_id_fkey,FOREIGN KEY (prod_id) REFERENCES public.product_template(id) ON DELETE CASCADE
product_template,supplier_wt_tax_id,account_withholding_tax,product_template_supplier_wt_tax_id_fkey,FOREIGN KEY (supplier_wt_tax_id) REFERENCES public.account_withholding_tax(id) ON DELETE SET NULL
product_template,wt_tax_id,account_withholding_tax,product_template_wt_tax_id_fkey,FOREIGN KEY (wt_tax_id) REFERENCES public.account_withholding_tax(id) ON DELETE SET NULL
product_template,lot_sequence_id,ir_sequence,product_template_lot_sequence_id_fkey,FOREIGN KEY (lot_sequence_id) REFERENCES public.ir_sequence(id) ON DELETE SET NULL
product_template,equipment_cat_id,maintenance_equipment_category,product_template_equipment_cat_id_fkey,FOREIGN KEY (equipment_cat_id) REFERENCES public.maintenance_equipment_category(id) ON DELETE SET NULL
product_template,maintenance_team_id,maintenance_team,product_template_maintenance_team_id_fkey,FOREIGN KEY (maintenance_team_id) REFERENCES public.maintenance_team(id) ON DELETE SET NULL
product_template,part_code_id,masterfile_partcode,product_template_part_code_id_fkey,FOREIGN KEY (part_code_id) REFERENCES public.masterfile_partcode(id) ON DELETE SET NULL
product_template,part_type_wi,masterfile_parttype,product_template_part_type_wi_fkey,FOREIGN KEY (part_type_wi) REFERENCES public.masterfile_parttype(id) ON DELETE SET NULL
product_template,planning_role_id,planning_role,product_template_planning_role_id_fkey,FOREIGN KEY (planning_role_id) REFERENCES public.planning_role(id) ON DELETE SET NULL
product_template,categ_id,product_category,product_template_categ_id_fkey,FOREIGN KEY (categ_id) REFERENCES public.product_category(id) ON DELETE SET NULL
product_template,website_ribbon_id,product_ribbon,product_template_website_ribbon_id_fkey,FOREIGN KEY (website_ribbon_id) REFERENCES public.product_ribbon(id) ON DELETE SET NULL
product_template,product_revise_id,product_template,product_template_product_revise_id_fkey,FOREIGN KEY (product_revise_id) REFERENCES public.product_template(id) ON DELETE SET NULL
product_template,company_id,res_company,product_template_company_id_fkey,FOREIGN KEY (company_id) REFERENCES public.res_company(id) ON DELETE SET NULL
product_template,country_of_origin,res_country,product_template_country_of_origin_fkey,FOREIGN KEY (country_of_origin) REFERENCES public.res_country(id) ON DELETE SET NULL
product_template,create_uid,res_users,product_template_create_uid_fkey,FOREIGN KEY (create_uid) REFERENCES public.res_users(id) ON DELETE SET NULL
product_template,technician_user_id,res_users,product_template_technician_user_id_fkey,FOREIGN KEY (technician_user_id) REFERENCES public.res_users(id) ON DELETE SET NULL
product_template,write_uid,res_users,product_template_write_uid_fkey,FOREIGN KEY (write_uid) REFERENCES public.res_users(id) ON DELETE SET NULL
product_template,uom_id,uom_uom,product_template_uom_id_fkey,FOREIGN KEY (uom_id) REFERENCES public.uom_uom(id) ON DELETE RESTRICT
product_template,website_id,website,product_template_website_id_fkey,FOREIGN KEY (website_id) REFERENCES public.website(id) ON DELETE RESTRICT
product_template,base_unit_id,website_base_unit,product_template_base_unit_id_fkey,FOREIGN KEY (base_unit_id) REFERENCES public.website_base_unit(id) ON DELETE SET NULL
product_template_attribute_exclusion,product_tmpl_id,product_template,product_template_attribute_exclusion_product_tmpl_id_fkey,FOREIGN KEY (product_tmpl_id) REFERENCES public.product_template(id) ON DELETE CASCADE
product_template_attribute_exclusion,product_template_attribute_value_id,product_template_attribute_value,product_template_attribute_ex_product_template_attribute_v_fkey,FOREIGN KEY (product_template_attribute_value_id) REFERENCES public.product_template_attribute_value(id) ON DELETE CASCADE
product_template_attribute_exclusion,create_uid,res_users,product_template_attribute_exclusion_create_uid_fkey,FOREIGN KEY (create_uid) REFERENCES public.res_users(id) ON DELETE SET NULL
product_template_attribute_exclusion,write_uid,res_users,product_template_attribute_exclusion_write_uid_fkey,FOREIGN KEY (write_uid) REFERENCES public.res_users(id) ON DELETE SET NULL
product_template_attribute_line,attribute_id,product_attribute,product_template_attribute_line_attribute_id_fkey,FOREIGN KEY (attribute_id) REFERENCES public.product_attribute(id) ON DELETE RESTRICT
product_template_attribute_line,product_tmpl_id,product_template,product_template_attribute_line_product_tmpl_id_fkey,FOREIGN KEY (product_tmpl_id) REFERENCES public.product_template(id) ON DELETE CASCADE
product_template_attribute_line,create_uid,res_users,product_template_attribute_line_create_uid_fkey,FOREIGN KEY (create_uid) REFERENCES public.res_users(id) ON DELETE SET NULL
product_template_attribute_line,write_uid,res_users,product_template_attribute_line_write_uid_fkey,FOREIGN KEY (write_uid) REFERENCES public.res_users(id) ON DELETE SET NULL
product_template_attribute_value,attribute_id,product_attribute,product_template_attribute_value_attribute_id_fkey,FOREIGN KEY (attribute_id) REFERENCES public.product_attribute(id) ON DELETE SET NULL
product_template_attribute_value,product_attribute_value_id,product_attribute_value,product_template_attribute_valu_product_attribute_value_id_fkey,FOREIGN KEY (product_attribute_value_id) REFERENCES public.product_attribute_value(id) ON DELETE CASCADE
product_template_attribute_value,product_tmpl_id,product_template,product_template_attribute_value_product_tmpl_id_fkey,FOREIGN KEY (product_tmpl_id) REFERENCES public.product_template(id) ON DELETE SET NULL
product_template_attribute_value,attribute_line_id,product_template_attribute_line,product_template_attribute_value_attribute_line_id_fkey,FOREIGN KEY (attribute_line_id) REFERENCES public.product_template_attribute_line(id) ON DELETE CASCADE
product_template_attribute_value,create_uid,res_users,product_template_attribute_value_create_uid_fkey,FOREIGN KEY (create_uid) REFERENCES public.res_users(id) ON DELETE SET NULL
product_template_attribute_value,write_uid,res_users,product_template_attribute_value_write_uid_fkey,FOREIGN KEY (write_uid) REFERENCES public.res_users(id) ON DELETE SET NULL
product_template_attribute_value_purchase_order_line_rel,product_template_attribute_value_id,product_template_attribute_value,product_template_attribute_v_product_template_attribute_v_fkey1,FOREIGN KEY (product_template_attribute_value_id) REFERENCES public.product_template_attribute_value(id) ON DELETE RESTRICT
product_template_attribute_value_purchase_order_line_rel,purchase_order_line_id,purchase_order_line,product_template_attribute_value_pu_purchase_order_line_id_fkey,FOREIGN KEY (purchase_order_line_id) REFERENCES public.purchase_order_line(id) ON DELETE CASCADE
product_template_attribute_value_sale_order_line_rel,product_template_attribute_value_id,product_template_attribute_value,product_template_attribute_va_product_template_attribute_v_fkey,FOREIGN KEY (product_template_attribute_value_id) REFERENCES public.product_template_attribute_value(id) ON DELETE RESTRICT
product_template_attribute_value_sale_order_line_rel,sale_order_line_id,sale_order_line,product_template_attribute_value_sale_o_sale_order_line_id_fkey,FOREIGN KEY (sale_order_line_id) REFERENCES public.sale_order_line(id) ON DELETE CASCADE
product_template_file_line,product_tmpl_id,product_template,product_template_file_line_product_tmpl_id_fkey,FOREIGN KEY (product_tmpl_id) REFERENCES public.product_template(id) ON DELETE CASCADE
product_template_file_line,create_uid,res_users,product_template_file_line_create_uid_fkey,FOREIGN KEY (create_uid) REFERENCES public.res_users(id) ON DELETE SET NULL
product_template_file_line,write_uid,res_users,product_template_file_line_write_uid_fkey,FOREIGN KEY (write_uid) REFERENCES public.res_users(id) ON DELETE SET NULL
product_template_uom_uom_rel,product_template_id,product_template,product_template_uom_uom_rel_product_template_id_fkey,FOREIGN KEY (product_template_id) REFERENCES public.product_template(id) ON DELETE CASCADE
product_template_uom_uom_rel,uom_uom_id,uom_uom,product_template_uom_uom_rel_uom_uom_id_fkey,FOREIGN KEY (uom_uom_id) REFERENCES public.uom_uom(id) ON DELETE CASCADE
product_uom,product_id,product_product,product_uom_product_id_fkey,FOREIGN KEY (product_id) REFERENCES public.product_product(id) ON DELETE CASCADE
product_uom,company_id,res_company,product_uom_company_id_fkey,FOREIGN KEY (company_id) REFERENCES public.res_company(id) ON DELETE SET NULL
product_uom,create_uid,res_users,product_uom_create_uid_fkey,FOREIGN KEY (create_uid) REFERENCES public.res_users(id) ON DELETE SET NULL
product_uom,write_uid,res_users,product_uom_write_uid_fkey,FOREIGN KEY (write_uid) REFERENCES public.res_users(id) ON DELETE SET NULL
product_uom,uom_id,uom_uom,product_uom_uom_id_fkey,FOREIGN KEY (uom_id) REFERENCES public.uom_uom(id) ON DELETE CASCADE
product_value,product_id,product_product,product_value_product_id_fkey,FOREIGN KEY (product_id) REFERENCES public.product_product(id) ON DELETE SET NULL
product_value,company_id,res_company,product_value_company_id_fkey,FOREIGN KEY (company_id) REFERENCES public.res_company(id) ON DELETE RESTRICT
product_value,create_uid,res_users,product_value_create_uid_fkey,FOREIGN KEY (create_uid) REFERENCES public.res_users(id) ON DELETE SET NULL
product_value,user_id,res_users,product_value_user_id_fkey,FOREIGN KEY (user_id) REFERENCES public.res_users(id) ON DELETE RESTRICT
product_value,write_uid,res_users,product_value_write_uid_fkey,FOREIGN KEY (write_uid) REFERENCES public.res_users(id) ON DELETE SET NULL
product_value,lot_id,stock_lot,product_value_lot_id_fkey,FOREIGN KEY (lot_id) REFERENCES public.stock_lot(id) ON DELETE SET NULL
product_value,move_id,stock_move,product_value_move_id_fkey,FOREIGN KEY (move_id) REFERENCES public.stock_move(id) ON DELETE SET NULL
product_variant_combination,product_product_id,product_product,product_variant_combination_product_product_id_fkey,FOREIGN KEY (product_product_id) REFERENCES public.product_product(id) ON DELETE CASCADE
product_variant_combination,product_template_attribute_value_id,product_template_attribute_value,product_variant_combination_product_template_attribute_val_fkey,FOREIGN KEY (product_template_attribute_value_id) REFERENCES public.product_template_attribute_value(id) ON DELETE RESTRICT
product_wishlist,pricelist_id,product_pricelist,product_wishlist_pricelist_id_fkey,FOREIGN KEY (pricelist_id) REFERENCES public.product_pricelist(id) ON DELETE SET NULL
product_wishlist,product_id,product_product,product_wishlist_product_id_fkey,FOREIGN KEY (product_id) REFERENCES public.product_product(id) ON DELETE RESTRICT
product_wishlist,partner_id,res_partner,product_wishlist_partner_id_fkey,FOREIGN KEY (partner_id) REFERENCES public.res_partner(id) ON DELETE SET NULL
product_wishlist,create_uid,res_users,product_wishlist_create_uid_fkey,FOREIGN KEY (create_uid) REFERENCES public.res_users(id) ON DELETE SET NULL
product_wishlist,write_uid,res_users,product_wishlist_write_uid_fkey,FOREIGN KEY (write_uid) REFERENCES public.res_users(id) ON DELETE SET NULL
product_wishlist,website_id,website,product_wishlist_website_id_fkey,FOREIGN KEY (website_id) REFERENCES public.website(id) ON DELETE CASCADE
project_collaborator,project_id,project_project,project_collaborator_project_id_fkey,FOREIGN KEY (project_id) REFERENCES public.project_project(id) ON DELETE RESTRICT
project_collaborator,partner_id,res_partner,project_collaborator_partner_id_fkey,FOREIGN KEY (partner_id) REFERENCES public.res_partner(id) ON DELETE RESTRICT
project_collaborator,create_uid,res_users,project_collaborator_create_uid_fkey,FOREIGN KEY (create_uid) REFERENCES public.res_users(id) ON DELETE SET NULL
project_collaborator,write_uid,res_users,project_collaborator_write_uid_fkey,FOREIGN KEY (write_uid) REFERENCES public.res_users(id) ON DELETE SET NULL
project_favorite_user_rel,project_id,project_project,project_favorite_user_rel_project_id_fkey,FOREIGN KEY (project_id) REFERENCES public.project_project(id) ON DELETE CASCADE
project_favorite_user_rel,user_id,res_users,project_favorite_user_rel_user_id_fkey,FOREIGN KEY (user_id) REFERENCES public.res_users(id) ON DELETE CASCADE
project_milestone,project_id,project_project,project_milestone_project_id_fkey,FOREIGN KEY (project_id) REFERENCES public.project_project(id) ON DELETE CASCADE
project_milestone,create_uid,res_users,project_milestone_create_uid_fkey,FOREIGN KEY (create_uid) REFERENCES public.res_users(id) ON DELETE SET NULL
project_milestone,write_uid,res_users,project_milestone_write_uid_fkey,FOREIGN KEY (write_uid) REFERENCES public.res_users(id) ON DELETE SET NULL
project_milestone,sale_line_id,sale_order_line,project_milestone_sale_line_id_fkey,FOREIGN KEY (sale_line_id) REFERENCES public.sale_order_line(id) ON DELETE SET NULL
project_project,account_id,account_analytic_account,project_project_account_id_fkey,FOREIGN KEY (account_id) REFERENCES public.account_analytic_account(id) ON DELETE SET NULL
project_project,documents_folder_id,documents_document,project_project_documents_folder_id_fkey,FOREIGN KEY (documents_folder_id) REFERENCES public.documents_document(id) ON DELETE SET NULL
project_project,alias_id,mail_alias,project_project_alias_id_fkey,FOREIGN KEY (alias_id) REFERENCES public.mail_alias(id) ON DELETE RESTRICT
project_project,timesheet_product_id,product_product,project_project_timesheet_product_id_fkey,FOREIGN KEY (timesheet_product_id) REFERENCES public.product_product(id) ON DELETE SET NULL
project_project,stage_id,project_project_stage,project_project_stage_id_fkey,FOREIGN KEY (stage_id) REFERENCES public.project_project_stage(id) ON DELETE RESTRICT
project_project,last_update_id,project_update,project_project_last_update_id_fkey,FOREIGN KEY (last_update_id) REFERENCES public.project_update(id) ON DELETE SET NULL
project_project,company_id,res_company,project_project_company_id_fkey,FOREIGN KEY (company_id) REFERENCES public.res_company(id) ON DELETE SET NULL
project_project,partner_id,res_partner,project_project_partner_id_fkey,FOREIGN KEY (partner_id) REFERENCES public.res_partner(id) ON DELETE SET NULL
project_project,create_uid,res_users,project_project_create_uid_fkey,FOREIGN KEY (create_uid) REFERENCES public.res_users(id) ON DELETE SET NULL
project_project,user_id,res_users,project_project_user_id_fkey,FOREIGN KEY (user_id) REFERENCES public.res_users(id) ON DELETE SET NULL
project_project,write_uid,res_users,project_project_write_uid_fkey,FOREIGN KEY (write_uid) REFERENCES public.res_users(id) ON DELETE SET NULL
project_project,reinvoiced_sale_order_id,sale_order,project_project_reinvoiced_sale_order_id_fkey,FOREIGN KEY (reinvoiced_sale_order_id) REFERENCES public.sale_order(id) ON DELETE SET NULL
project_project,sale_line_id,sale_order_line,project_project_sale_line_id_fkey,FOREIGN KEY (sale_line_id) REFERENCES public.sale_order_line(id) ON DELETE SET NULL
project_project,worksheet_template_id,worksheet_template,project_project_worksheet_template_id_fkey,FOREIGN KEY (worksheet_template_id) REFERENCES public.worksheet_template(id) ON DELETE SET NULL
project_project_project_tags_rel,project_project_id,project_project,project_project_project_tags_rel_project_project_id_fkey,FOREIGN KEY (project_project_id) REFERENCES public.project_project(id) ON DELETE CASCADE
project_project_project_tags_rel,project_tags_id,project_tags,project_project_project_tags_rel_project_tags_id_fkey,FOREIGN KEY (project_tags_id) REFERENCES public.project_tags(id) ON DELETE CASCADE
project_project_project_task_type_delete_wizard_rel,project_project_id,project_project,project_project_project_task_type_delet_project_project_id_fkey,FOREIGN KEY (project_project_id) REFERENCES public.project_project(id) ON DELETE CASCADE
project_project_project_task_type_delete_wizard_rel,project_task_type_delete_wizard_id,project_task_type_delete_wizard,project_project_project_task__project_task_type_delete_wiz_fkey,FOREIGN KEY (project_task_type_delete_wizard_id) REFERENCES public.project_task_type_delete_wizard(id) ON DELETE CASCADE
project_project_stage,mail_template_id,mail_template,project_project_stage_mail_template_id_fkey,FOREIGN KEY (mail_template_id) REFERENCES public.mail_template(id) ON DELETE SET NULL
project_project_stage,company_id,res_company,project_project_stage_company_id_fkey,FOREIGN KEY (company_id) REFERENCES public.res_company(id) ON DELETE SET NULL
project_project_stage,create_uid,res_users,project_project_stage_create_uid_fkey,FOREIGN KEY (create_uid) REFERENCES public.res_users(id) ON DELETE SET NULL
project_project_stage,write_uid,res_users,project_project_stage_write_uid_fkey,FOREIGN KEY (write_uid) REFERENCES public.res_users(id) ON DELETE SET NULL
project_project_stage,sms_template_id,sms_template,project_project_stage_sms_template_id_fkey,FOREIGN KEY (sms_template_id) REFERENCES public.sms_template(id) ON DELETE SET NULL
project_project_stage_delete_wizard,create_uid,res_users,project_project_stage_delete_wizard_create_uid_fkey,FOREIGN KEY (create_uid) REFERENCES public.res_users(id) ON DELETE SET NULL
project_project_stage_delete_wizard,write_uid,res_users,project_project_stage_delete_wizard_write_uid_fkey,FOREIGN KEY (write_uid) REFERENCES public.res_users(id) ON DELETE SET NULL
project_project_stage_project_project_stage_delete_wizard_rel,project_project_stage_id,project_project_stage,project_project_stage_project_pro_project_project_stage_id_fkey,FOREIGN KEY (project_project_stage_id) REFERENCES public.project_project_stage(id) ON DELETE CASCADE
project_project_stage_project_project_stage_delete_wizard_rel,project_project_stage_delete_wizard_id,project_project_stage_delete_wizard,project_project_stage_project_project_project_stage_delete_fkey,FOREIGN KEY (project_project_stage_delete_wizard_id) REFERENCES public.project_project_stage_delete_wizard(id) ON DELETE CASCADE
project_role,create_uid,res_users,project_role_create_uid_fkey,FOREIGN KEY (create_uid) REFERENCES public.res_users(id) ON DELETE SET NULL
project_role,write_uid,res_users,project_role_write_uid_fkey,FOREIGN KEY (write_uid) REFERENCES public.res_users(id) ON DELETE SET NULL
project_role_project_task_rel,project_role_id,project_role,project_role_project_task_rel_project_role_id_fkey,FOREIGN KEY (project_role_id) REFERENCES public.project_role(id) ON DELETE CASCADE
project_role_project_task_rel,project_task_id,project_task,project_role_project_task_rel_project_task_id_fkey,FOREIGN KEY (project_task_id) REFERENCES public.project_task(id) ON DELETE CASCADE
project_sale_line_employee_map,employee_id,hr_employee,project_sale_line_employee_map_employee_id_fkey,FOREIGN KEY (employee_id) REFERENCES public.hr_employee(id) ON DELETE RESTRICT
project_sale_line_employee_map,timesheet_product_id,product_product,project_sale_line_employee_map_timesheet_product_id_fkey,FOREIGN KEY (timesheet_product_id) REFERENCES public.product_product(id) ON DELETE SET NULL
project_sale_line_employee_map,project_id,project_project,project_sale_line_employee_map_project_id_fkey,FOREIGN KEY (project_id) REFERENCES public.project_project(id) ON DELETE RESTRICT
project_sale_line_employee_map,currency_id,res_currency,project_sale_line_employee_map_currency_id_fkey,FOREIGN KEY (currency_id) REFERENCES public.res_currency(id) ON DELETE SET NULL
project_sale_line_employee_map,create_uid,res_users,project_sale_line_employee_map_create_uid_fkey,FOREIGN KEY (create_uid) REFERENCES public.res_users(id) ON DELETE SET NULL
project_sale_line_employee_map,write_uid,res_users,project_sale_line_employee_map_write_uid_fkey,FOREIGN KEY (write_uid) REFERENCES public.res_users(id) ON DELETE SET NULL
project_sale_line_employee_map,sale_line_id,sale_order_line,project_sale_line_employee_map_sale_line_id_fkey,FOREIGN KEY (sale_line_id) REFERENCES public.sale_order_line(id) ON DELETE SET NULL
project_share_collaborator_wizard,parent_wizard_id,project_share_wizard,project_share_collaborator_wizard_parent_wizard_id_fkey,FOREIGN KEY (parent_wizard_id) REFERENCES public.project_share_wizard(id) ON DELETE SET NULL
project_share_collaborator_wizard,partner_id,res_partner,project_share_collaborator_wizard_partner_id_fkey,FOREIGN KEY (partner_id) REFERENCES public.res_partner(id) ON DELETE CASCADE
project_share_collaborator_wizard,create_uid,res_users,project_share_collaborator_wizard_create_uid_fkey,FOREIGN KEY (create_uid) REFERENCES public.res_users(id) ON DELETE SET NULL
project_share_collaborator_wizard,write_uid,res_users,project_share_collaborator_wizard_write_uid_fkey,FOREIGN KEY (write_uid) REFERENCES public.res_users(id) ON DELETE SET NULL
project_share_wizard,create_uid,res_users,project_share_wizard_create_uid_fkey,FOREIGN KEY (create_uid) REFERENCES public.res_users(id) ON DELETE SET NULL
project_share_wizard,write_uid,res_users,project_share_wizard_write_uid_fkey,FOREIGN KEY (write_uid) REFERENCES public.res_users(id) ON DELETE SET NULL
project_share_wizard_res_partner_rel,project_share_wizard_id,project_share_wizard,project_share_wizard_res_partner_r_project_share_wizard_id_fkey,FOREIGN KEY (project_share_wizard_id) REFERENCES public.project_share_wizard(id) ON DELETE CASCADE
project_share_wizard_res_partner_rel,res_partner_id,res_partner,project_share_wizard_res_partner_rel_res_partner_id_fkey,FOREIGN KEY (res_partner_id) REFERENCES public.res_partner(id) ON DELETE CASCADE
project_tags,create_uid,res_users,project_tags_create_uid_fkey,FOREIGN KEY (create_uid) REFERENCES public.res_users(id) ON DELETE SET NULL
project_tags,write_uid,res_users,project_tags_write_uid_fkey,FOREIGN KEY (write_uid) REFERENCES public.res_users(id) ON DELETE SET NULL
project_tags_project_task_rel,project_tags_id,project_tags,project_tags_project_task_rel_project_tags_id_fkey,FOREIGN KEY (project_tags_id) REFERENCES public.project_tags(id) ON DELETE CASCADE
project_tags_project_task_rel,project_task_id,project_task,project_tags_project_task_rel_project_task_id_fkey,FOREIGN KEY (project_task_id) REFERENCES public.project_task(id) ON DELETE CASCADE
project_task,calendar_event_id,calendar_event,project_task_calendar_event_id_fkey,FOREIGN KEY (calendar_event_id) REFERENCES public.calendar_event(id) ON DELETE SET NULL
project_task,helpdesk_ticket_id,helpdesk_ticket,project_task_helpdesk_ticket_id_fkey,FOREIGN KEY (helpdesk_ticket_id) REFERENCES public.helpdesk_ticket(id) ON DELETE SET NULL
project_task,displayed_image_id,ir_attachment,project_task_displayed_image_id_fkey,FOREIGN KEY (displayed_image_id) REFERENCES public.ir_attachment(id) ON DELETE SET NULL
project_task,milestone_id,project_milestone,project_task_milestone_id_fkey,FOREIGN KEY (milestone_id) REFERENCES public.project_milestone(id) ON DELETE SET NULL
project_task,project_id,project_project,project_task_project_id_fkey,FOREIGN KEY (project_id) REFERENCES public.project_project(id) ON DELETE SET NULL
project_task,parent_id,project_task,project_task_parent_id_fkey,FOREIGN KEY (parent_id) REFERENCES public.project_task(id) ON DELETE SET NULL
project_task,recurrence_id,project_task_recurrence,project_task_recurrence_id_fkey,FOREIGN KEY (recurrence_id) REFERENCES public.project_task_recurrence(id) ON DELETE SET NULL
project_task,stage_id,project_task_type,project_task_stage_id_fkey,FOREIGN KEY (stage_id) REFERENCES public.project_task_type(id) ON DELETE RESTRICT
project_task,company_id,res_company,project_task_company_id_fkey,FOREIGN KEY (company_id) REFERENCES public.res_company(id) ON DELETE SET NULL
project_task,partner_id,res_partner,project_task_partner_id_fkey,FOREIGN KEY (partner_id) REFERENCES public.res_partner(id) ON DELETE SET NULL
project_task,create_uid,res_users,project_task_create_uid_fkey,FOREIGN KEY (create_uid) REFERENCES public.res_users(id) ON DELETE SET NULL
project_task,write_uid,res_users,project_task_write_uid_fkey,FOREIGN KEY (write_uid) REFERENCES public.res_users(id) ON DELETE SET NULL
project_task,sale_order_id,sale_order,project_task_sale_order_id_fkey,FOREIGN KEY (sale_order_id) REFERENCES public.sale_order(id) ON DELETE SET NULL
project_task,sale_line_id,sale_order_line,project_task_sale_line_id_fkey,FOREIGN KEY (sale_line_id) REFERENCES public.sale_order_line(id) ON DELETE SET NULL
project_task,worksheet_template_id,worksheet_template,project_task_worksheet_template_id_fkey,FOREIGN KEY (worksheet_template_id) REFERENCES public.worksheet_template(id) ON DELETE SET NULL
project_task_convert_wizard,stage_id,helpdesk_stage,project_task_convert_wizard_stage_id_fkey,FOREIGN KEY (stage_id) REFERENCES public.helpdesk_stage(id) ON DELETE CASCADE
project_task_convert_wizard,team_id,helpdesk_team,project_task_convert_wizard_team_id_fkey,FOREIGN KEY (team_id) REFERENCES public.helpdesk_team(id) ON DELETE SET NULL
project_task_convert_wizard,create_uid,res_users,project_task_convert_wizard_create_uid_fkey,FOREIGN KEY (create_uid) REFERENCES public.res_users(id) ON DELETE SET NULL
project_task_convert_wizard,write_uid,res_users,project_task_convert_wizard_write_uid_fkey,FOREIGN KEY (write_uid) REFERENCES public.res_users(id) ON DELETE SET NULL
project_task_recurrence,create_uid,res_users,project_task_recurrence_create_uid_fkey,FOREIGN KEY (create_uid) REFERENCES public.res_users(id) ON DELETE SET NULL
project_task_recurrence,write_uid,res_users,project_task_recurrence_write_uid_fkey,FOREIGN KEY (write_uid) REFERENCES public.res_users(id) ON DELETE SET NULL
project_task_stop_timers_wizard,create_uid,res_users,project_task_stop_timers_wizard_create_uid_fkey,FOREIGN KEY (create_uid) REFERENCES public.res_users(id) ON DELETE SET NULL
project_task_stop_timers_wizard,write_uid,res_users,project_task_stop_timers_wizard_write_uid_fkey,FOREIGN KEY (write_uid) REFERENCES public.res_users(id) ON DELETE SET NULL
project_task_stop_timers_wizard_line,task_id,project_task,project_task_stop_timers_wizard_line_task_id_fkey,FOREIGN KEY (task_id) REFERENCES public.project_task(id) ON DELETE CASCADE
project_task_stop_timers_wizard_line,wizard_id,project_task_stop_timers_wizard,project_task_stop_timers_wizard_line_wizard_id_fkey,FOREIGN KEY (wizard_id) REFERENCES public.project_task_stop_timers_wizard(id) ON DELETE SET NULL
project_task_stop_timers_wizard_line,create_uid,res_users,project_task_stop_timers_wizard_line_create_uid_fkey,FOREIGN KEY (create_uid) REFERENCES public.res_users(id) ON DELETE SET NULL
project_task_stop_timers_wizard_line,write_uid,res_users,project_task_stop_timers_wizard_line_write_uid_fkey,FOREIGN KEY (write_uid) REFERENCES public.res_users(id) ON DELETE SET NULL
project_task_type,mail_template_id,mail_template,project_task_type_mail_template_id_fkey,FOREIGN KEY (mail_template_id) REFERENCES public.mail_template(id) ON DELETE SET NULL
project_task_type,rating_template_id,mail_template,project_task_type_rating_template_id_fkey,FOREIGN KEY (rating_template_id) REFERENCES public.mail_template(id) ON DELETE SET NULL
project_task_type,create_uid,res_users,project_task_type_create_uid_fkey,FOREIGN KEY (create_uid) REFERENCES public.res_users(id) ON DELETE SET NULL
project_task_type,user_id,res_users,project_task_type_user_id_fkey,FOREIGN KEY (user_id) REFERENCES public.res_users(id) ON DELETE SET NULL
project_task_type,write_uid,res_users,project_task_type_write_uid_fkey,FOREIGN KEY (write_uid) REFERENCES public.res_users(id) ON DELETE SET NULL
project_task_type,sms_template_id,sms_template,project_task_type_sms_template_id_fkey,FOREIGN KEY (sms_template_id) REFERENCES public.sms_template(id) ON DELETE SET NULL
project_task_type_delete_wizard,create_uid,res_users,project_task_type_delete_wizard_create_uid_fkey,FOREIGN KEY (create_uid) REFERENCES public.res_users(id) ON DELETE SET NULL
project_task_type_delete_wizard,write_uid,res_users,project_task_type_delete_wizard_write_uid_fkey,FOREIGN KEY (write_uid) REFERENCES public.res_users(id) ON DELETE SET NULL
project_task_type_project_task_type_delete_wizard_rel,project_task_type_id,project_task_type,project_task_type_project_task_type_d_project_task_type_id_fkey,FOREIGN KEY (project_task_type_id) REFERENCES public.project_task_type(id) ON DELETE CASCADE
project_task_type_project_task_type_delete_wizard_rel,project_task_type_delete_wizard_id,project_task_type_delete_wizard,project_task_type_project_tas_project_task_type_delete_wiz_fkey,FOREIGN KEY (project_task_type_delete_wizard_id) REFERENCES public.project_task_type_delete_wizard(id) ON DELETE CASCADE
project_task_type_rel,project_id,project_project,project_task_type_rel_project_id_fkey,FOREIGN KEY (project_id) REFERENCES public.project_project(id) ON DELETE CASCADE
project_task_type_rel,type_id,project_task_type,project_task_type_rel_type_id_fkey,FOREIGN KEY (type_id) REFERENCES public.project_task_type(id) ON DELETE CASCADE
project_task_user_rel,task_id,project_task,project_task_user_rel_task_id_fkey,FOREIGN KEY (task_id) REFERENCES public.project_task(id) ON DELETE CASCADE
project_task_user_rel,stage_id,project_task_type,project_task_user_rel_stage_id_fkey,FOREIGN KEY (stage_id) REFERENCES public.project_task_type(id) ON DELETE RESTRICT
project_task_user_rel,create_uid,res_users,project_task_user_rel_create_uid_fkey,FOREIGN KEY (create_uid) REFERENCES public.res_users(id) ON DELETE SET NULL
project_task_user_rel,user_id,res_users,project_task_user_rel_user_id_fkey,FOREIGN KEY (user_id) REFERENCES public.res_users(id) ON DELETE CASCADE
project_task_user_rel,write_uid,res_users,project_task_user_rel_write_uid_fkey,FOREIGN KEY (write_uid) REFERENCES public.res_users(id) ON DELETE SET NULL
project_template_create_wizard,alias_domain_id,mail_alias_domain,project_template_create_wizard_alias_domain_id_fkey,FOREIGN KEY (alias_domain_id) REFERENCES public.mail_alias_domain(id) ON DELETE SET NULL
project_template_create_wizard,template_id,project_project,project_template_create_wizard_template_id_fkey,FOREIGN KEY (template_id) REFERENCES public.project_project(id) ON DELETE SET NULL
project_template_create_wizard,partner_id,res_partner,project_template_create_wizard_partner_id_fkey,FOREIGN KEY (partner_id) REFERENCES public.res_partner(id) ON DELETE SET NULL
project_template_create_wizard,create_uid,res_users,project_template_create_wizard_create_uid_fkey,FOREIGN KEY (create_uid) REFERENCES public.res_users(id) ON DELETE SET NULL
project_template_create_wizard,write_uid,res_users,project_template_create_wizard_write_uid_fkey,FOREIGN KEY (write_uid) REFERENCES public.res_users(id) ON DELETE SET NULL
project_template_role_to_users_map,role_id,project_role,project_template_role_to_users_map_role_id_fkey,FOREIGN KEY (role_id) REFERENCES public.project_role(id) ON DELETE CASCADE
project_template_role_to_users_map,wizard_id,project_template_create_wizard,project_template_role_to_users_map_wizard_id_fkey,FOREIGN KEY (wizard_id) REFERENCES public.project_template_create_wizard(id) ON DELETE SET NULL
project_template_role_to_users_map,create_uid,res_users,project_template_role_to_users_map_create_uid_fkey,FOREIGN KEY (create_uid) REFERENCES public.res_users(id) ON DELETE SET NULL
project_template_role_to_users_map,write_uid,res_users,project_template_role_to_users_map_write_uid_fkey,FOREIGN KEY (write_uid) REFERENCES public.res_users(id) ON DELETE SET NULL
project_template_role_to_users_map_res_users_rel,project_template_role_to_users_map_id,project_template_role_to_users_map,project_template_role_to_user_project_template_role_to_use_fkey,FOREIGN KEY (project_template_role_to_users_map_id) REFERENCES public.project_template_role_to_users_map(id) ON DELETE CASCADE
project_template_role_to_users_map_res_users_rel,res_users_id,res_users,project_template_role_to_users_map_res_users__res_users_id_fkey,FOREIGN KEY (res_users_id) REFERENCES public.res_users(id) ON DELETE CASCADE
project_update,project_id,project_project,project_update_project_id_fkey,FOREIGN KEY (project_id) REFERENCES public.project_project(id) ON DELETE RESTRICT
project_update,create_uid,res_users,project_update_create_uid_fkey,FOREIGN KEY (create_uid) REFERENCES public.res_users(id) ON DELETE SET NULL
project_update,user_id,res_users,project_update_user_id_fkey,FOREIGN KEY (user_id) REFERENCES public.res_users(id) ON DELETE RESTRICT
project_update,write_uid,res_users,project_update_write_uid_fkey,FOREIGN KEY (write_uid) REFERENCES public.res_users(id) ON DELETE SET NULL
project_update,uom_id,uom_uom,project_update_uom_id_fkey,FOREIGN KEY (uom_id) REFERENCES public.uom_uom(id) ON DELETE SET NULL
properties_base_definition,properties_field_id,ir_model_fields,properties_base_definition_properties_field_id_fkey,FOREIGN KEY (properties_field_id) REFERENCES public.ir_model_fields(id) ON DELETE CASCADE
properties_base_definition,create_uid,res_users,properties_base_definition_create_uid_fkey,FOREIGN KEY (create_uid) REFERENCES public.res_users(id) ON DELETE SET NULL
properties_base_definition,write_uid,res_users,properties_base_definition_write_uid_fkey,FOREIGN KEY (write_uid) REFERENCES public.res_users(id) ON DELETE SET NULL
propose_change,workorder_id,mrp_workorder,propose_change_workorder_id_fkey,FOREIGN KEY (workorder_id) REFERENCES public.mrp_workorder(id) ON DELETE CASCADE
propose_change,step_id,quality_check,propose_change_step_id_fkey,FOREIGN KEY (step_id) REFERENCES public.quality_check(id) ON DELETE SET NULL
propose_change,create_uid,res_users,propose_change_create_uid_fkey,FOREIGN KEY (create_uid) REFERENCES public.res_users(id) ON DELETE SET NULL
propose_change,write_uid,res_users,propose_change_write_uid_fkey,FOREIGN KEY (write_uid) REFERENCES public.res_users(id) ON DELETE SET NULL
purchase_advance_payment_bill,deposit_account_id,account_account,purchase_advance_payment_bill_deposit_account_id_fkey,FOREIGN KEY (deposit_account_id) REFERENCES public.account_account(id) ON DELETE SET NULL
purchase_advance_payment_bill,product_id,product_product,purchase_advance_payment_bill_product_id_fkey,FOREIGN KEY (product_id) REFERENCES public.product_product(id) ON DELETE SET NULL
purchase_advance_payment_bill,company_id,res_company,purchase_advance_payment_bill_company_id_fkey,FOREIGN KEY (company_id) REFERENCES public.res_company(id) ON DELETE SET NULL
purchase_advance_payment_bill,currency_id,res_currency,purchase_advance_payment_bill_currency_id_fkey,FOREIGN KEY (currency_id) REFERENCES public.res_currency(id) ON DELETE SET NULL
purchase_advance_payment_bill,create_uid,res_users,purchase_advance_payment_bill_create_uid_fkey,FOREIGN KEY (create_uid) REFERENCES public.res_users(id) ON DELETE SET NULL
purchase_advance_payment_bill,write_uid,res_users,purchase_advance_payment_bill_write_uid_fkey,FOREIGN KEY (write_uid) REFERENCES public.res_users(id) ON DELETE SET NULL
purchase_advance_payment_bill_purchase_order_rel,purchase_advance_payment_bill_id,purchase_advance_payment_bill,purchase_advance_payment_bill_purchase_advance_payment_bil_fkey,FOREIGN KEY (purchase_advance_payment_bill_id) REFERENCES public.purchase_advance_payment_bill(id) ON DELETE CASCADE
purchase_advance_payment_bill_purchase_order_rel,purchase_order_id,purchase_order,purchase_advance_payment_bill_purchase_o_purchase_order_id_fkey,FOREIGN KEY (purchase_order_id) REFERENCES public.purchase_order(id) ON DELETE CASCADE
purchase_order,fiscal_position_id,account_fiscal_position,purchase_order_fiscal_position_id_fkey,FOREIGN KEY (fiscal_position_id) REFERENCES public.account_fiscal_position(id) ON DELETE SET NULL
purchase_order,incoterm_id,account_incoterms,purchase_order_incoterm_id_fkey,FOREIGN KEY (incoterm_id) REFERENCES public.account_incoterms(id) ON DELETE SET NULL
purchase_order,payment_term_id,account_payment_term,purchase_order_payment_term_id_fkey,FOREIGN KEY (payment_term_id) REFERENCES public.account_payment_term(id) ON DELETE SET NULL
purchase_order,project_id,project_project,purchase_order_project_id_fkey,FOREIGN KEY (project_id) REFERENCES public.project_project(id) ON DELETE SET NULL
purchase_order,purchase_group_id,purchase_order_group,purchase_order_purchase_group_id_fkey,FOREIGN KEY (purchase_group_id) REFERENCES public.purchase_order_group(id) ON DELETE SET NULL
purchase_order,requisition_id,purchase_requisition,purchase_order_requisition_id_fkey,FOREIGN KEY (requisition_id) REFERENCES public.purchase_requisition(id) ON DELETE SET NULL
purchase_order,company_id,res_company,purchase_order_company_id_fkey,FOREIGN KEY (company_id) REFERENCES public.res_company(id) ON DELETE RESTRICT
purchase_order,currency_id,res_currency,purchase_order_currency_id_fkey,FOREIGN KEY (currency_id) REFERENCES public.res_currency(id) ON DELETE RESTRICT
purchase_order,dest_address_id,res_partner,purchase_order_dest_address_id_fkey,FOREIGN KEY (dest_address_id) REFERENCES public.res_partner(id) ON DELETE SET NULL
purchase_order,partner_id,res_partner,purchase_order_partner_id_fkey,FOREIGN KEY (partner_id) REFERENCES public.res_partner(id) ON DELETE RESTRICT
purchase_order,create_uid,res_users,purchase_order_create_uid_fkey,FOREIGN KEY (create_uid) REFERENCES public.res_users(id) ON DELETE SET NULL
purchase_order,level1_approved_by,res_users,purchase_order_level1_approved_by_fkey,FOREIGN KEY (level1_approved_by) REFERENCES public.res_users(id) ON DELETE SET NULL
purchase_order,level1_user_id,res_users,purchase_order_level1_user_id_fkey,FOREIGN KEY (level1_user_id) REFERENCES public.res_users(id) ON DELETE SET NULL
purchase_order,level2_approved_by,res_users,purchase_order_level2_approved_by_fkey,FOREIGN KEY (level2_approved_by) REFERENCES public.res_users(id) ON DELETE SET NULL
purchase_order,level2_user_id,res_users,purchase_order_level2_user_id_fkey,FOREIGN KEY (level2_user_id) REFERENCES public.res_users(id) ON DELETE SET NULL
purchase_order,user_id,res_users,purchase_order_user_id_fkey,FOREIGN KEY (user_id) REFERENCES public.res_users(id) ON DELETE SET NULL
purchase_order,write_uid,res_users,purchase_order_write_uid_fkey,FOREIGN KEY (write_uid) REFERENCES public.res_users(id) ON DELETE SET NULL
purchase_order,auto_sale_order_id,sale_order,purchase_order_auto_sale_order_id_fkey,FOREIGN KEY (auto_sale_order_id) REFERENCES public.sale_order(id) ON DELETE SET NULL
purchase_order,picking_type_id,stock_picking_type,purchase_order_picking_type_id_fkey,FOREIGN KEY (picking_type_id) REFERENCES public.stock_picking_type(id) ON DELETE RESTRICT
purchase_order_discount,purchase_order_id,purchase_order,purchase_order_discount_purchase_order_id_fkey,FOREIGN KEY (purchase_order_id) REFERENCES public.purchase_order(id) ON DELETE CASCADE
purchase_order_discount,create_uid,res_users,purchase_order_discount_create_uid_fkey,FOREIGN KEY (create_uid) REFERENCES public.res_users(id) ON DELETE SET NULL
purchase_order_discount,write_uid,res_users,purchase_order_discount_write_uid_fkey,FOREIGN KEY (write_uid) REFERENCES public.res_users(id) ON DELETE SET NULL
purchase_order_group,create_uid,res_users,purchase_order_group_create_uid_fkey,FOREIGN KEY (create_uid) REFERENCES public.res_users(id) ON DELETE SET NULL
purchase_order_group,write_uid,res_users,purchase_order_group_write_uid_fkey,FOREIGN KEY (write_uid) REFERENCES public.res_users(id) ON DELETE SET NULL
purchase_order_level_reject,order_id,purchase_order,purchase_order_level_reject_order_id_fkey,FOREIGN KEY (order_id) REFERENCES public.purchase_order(id) ON DELETE CASCADE
purchase_order_level_reject,create_uid,res_users,purchase_order_level_reject_create_uid_fkey,FOREIGN KEY (create_uid) REFERENCES public.res_users(id) ON DELETE SET NULL
purchase_order_level_reject,write_uid,res_users,purchase_order_level_reject_write_uid_fkey,FOREIGN KEY (write_uid) REFERENCES public.res_users(id) ON DELETE SET NULL
purchase_order_line,product_id,product_product,purchase_order_line_product_id_fkey,FOREIGN KEY (product_id) REFERENCES public.product_product(id) ON DELETE RESTRICT
purchase_order_line,order_id,purchase_order,purchase_order_line_order_id_fkey,FOREIGN KEY (order_id) REFERENCES public.purchase_order(id) ON DELETE CASCADE
purchase_order_line,purchase_request_id,purchase_request,purchase_order_line_purchase_request_id_fkey,FOREIGN KEY (purchase_request_id) REFERENCES public.purchase_request(id) ON DELETE SET NULL
purchase_order_line,company_id,res_company,purchase_order_line_company_id_fkey,FOREIGN KEY (company_id) REFERENCES public.res_company(id) ON DELETE SET NULL
purchase_order_line,partner_id,res_partner,purchase_order_line_partner_id_fkey,FOREIGN KEY (partner_id) REFERENCES public.res_partner(id) ON DELETE SET NULL
purchase_order_line,create_uid,res_users,purchase_order_line_create_uid_fkey,FOREIGN KEY (create_uid) REFERENCES public.res_users(id) ON DELETE SET NULL
purchase_order_line,write_uid,res_users,purchase_order_line_write_uid_fkey,FOREIGN KEY (write_uid) REFERENCES public.res_users(id) ON DELETE SET NULL
purchase_order_line,sale_line_id,sale_order_line,purchase_order_line_sale_line_id_fkey,FOREIGN KEY (sale_line_id) REFERENCES public.sale_order_line(id) ON DELETE SET NULL
purchase_order_line,location_final_id,stock_location,purchase_order_line_location_final_id_fkey,FOREIGN KEY (location_final_id) REFERENCES public.stock_location(id) ON DELETE SET NULL
purchase_order_line,orderpoint_id,stock_warehouse_orderpoint,purchase_order_line_orderpoint_id_fkey,FOREIGN KEY (orderpoint_id) REFERENCES public.stock_warehouse_orderpoint(id) ON DELETE SET NULL
purchase_order_line,product_uom_id,uom_uom,purchase_order_line_product_uom_id_fkey,FOREIGN KEY (product_uom_id) REFERENCES public.uom_uom(id) ON DELETE RESTRICT
purchase_order_stock_picking_rel,purchase_order_id,purchase_order,purchase_order_stock_picking_rel_purchase_order_id_fkey,FOREIGN KEY (purchase_order_id) REFERENCES public.purchase_order(id) ON DELETE CASCADE
purchase_order_stock_picking_rel,stock_picking_id,stock_picking,purchase_order_stock_picking_rel_stock_picking_id_fkey,FOREIGN KEY (stock_picking_id) REFERENCES public.stock_picking(id) ON DELETE CASCADE
purchase_request,project_id,project_project,purchase_request_project_id_fkey,FOREIGN KEY (project_id) REFERENCES public.project_project(id) ON DELETE SET NULL
purchase_request,company_id,res_company,purchase_request_company_id_fkey,FOREIGN KEY (company_id) REFERENCES public.res_company(id) ON DELETE RESTRICT
purchase_request,create_uid,res_users,purchase_request_create_uid_fkey,FOREIGN KEY (create_uid) REFERENCES public.res_users(id) ON DELETE SET NULL
purchase_request,level1_approved_by,res_users,purchase_request_level1_approved_by_fkey,FOREIGN KEY (level1_approved_by) REFERENCES public.res_users(id) ON DELETE SET NULL
purchase_request,level1_user_id,res_users,purchase_request_level1_user_id_fkey,FOREIGN KEY (level1_user_id) REFERENCES public.res_users(id) ON DELETE SET NULL
purchase_request,level2_approved_by,res_users,purchase_request_level2_approved_by_fkey,FOREIGN KEY (level2_approved_by) REFERENCES public.res_users(id) ON DELETE SET NULL
purchase_request,requested_by,res_users,purchase_request_requested_by_fkey,FOREIGN KEY (requested_by) REFERENCES public.res_users(id) ON DELETE RESTRICT
purchase_request,write_uid,res_users,purchase_request_write_uid_fkey,FOREIGN KEY (write_uid) REFERENCES public.res_users(id) ON DELETE SET NULL
purchase_request,picking_type_id,stock_picking_type,purchase_request_picking_type_id_fkey,FOREIGN KEY (picking_type_id) REFERENCES public.stock_picking_type(id) ON DELETE RESTRICT
purchase_request_allocation,purchase_line_id,purchase_order_line,purchase_request_allocation_purchase_line_id_fkey,FOREIGN KEY (purchase_line_id) REFERENCES public.purchase_order_line(id) ON DELETE CASCADE
purchase_request_allocation,purchase_request_line_id,purchase_request_line,purchase_request_allocation_purchase_request_line_id_fkey,FOREIGN KEY (purchase_request_line_id) REFERENCES public.purchase_request_line(id) ON DELETE CASCADE
purchase_request_allocation,company_id,res_company,purchase_request_allocation_company_id_fkey,FOREIGN KEY (company_id) REFERENCES public.res_company(id) ON DELETE SET NULL
purchase_request_allocation,create_uid,res_users,purchase_request_allocation_create_uid_fkey,FOREIGN KEY (create_uid) REFERENCES public.res_users(id) ON DELETE SET NULL
purchase_request_allocation,write_uid,res_users,purchase_request_allocation_write_uid_fkey,FOREIGN KEY (write_uid) REFERENCES public.res_users(id) ON DELETE SET NULL
purchase_request_allocation,stock_move_id,stock_move,purchase_request_allocation_stock_move_id_fkey,FOREIGN KEY (stock_move_id) REFERENCES public.stock_move(id) ON DELETE CASCADE
purchase_request_level_reject,request_id,purchase_request,purchase_request_level_reject_request_id_fkey,FOREIGN KEY (request_id) REFERENCES public.purchase_request(id) ON DELETE CASCADE
purchase_request_level_reject,create_uid,res_users,purchase_request_level_reject_create_uid_fkey,FOREIGN KEY (create_uid) REFERENCES public.res_users(id) ON DELETE SET NULL
purchase_request_level_reject,write_uid,res_users,purchase_request_level_reject_write_uid_fkey,FOREIGN KEY (write_uid) REFERENCES public.res_users(id) ON DELETE SET NULL
purchase_request_line,analytic_account_id,account_analytic_account,purchase_request_line_analytic_account_id_fkey,FOREIGN KEY (analytic_account_id) REFERENCES public.account_analytic_account(id) ON DELETE SET NULL
purchase_request_line,product_id,product_product,purchase_request_line_product_id_fkey,FOREIGN KEY (product_id) REFERENCES public.product_product(id) ON DELETE SET NULL
purchase_request_line,request_id,purchase_request,purchase_request_line_request_id_fkey,FOREIGN KEY (request_id) REFERENCES public.purchase_request(id) ON DELETE CASCADE
purchase_request_line,company_id,res_company,purchase_request_line_company_id_fkey,FOREIGN KEY (company_id) REFERENCES public.res_company(id) ON DELETE SET NULL
purchase_request_line,supplier_id,res_partner,purchase_request_line_supplier_id_fkey,FOREIGN KEY (supplier_id) REFERENCES public.res_partner(id) ON DELETE SET NULL
purchase_request_line,assigned_to,res_users,purchase_request_line_assigned_to_fkey,FOREIGN KEY (assigned_to) REFERENCES public.res_users(id) ON DELETE SET NULL
purchase_request_line,create_uid,res_users,purchase_request_line_create_uid_fkey,FOREIGN KEY (create_uid) REFERENCES public.res_users(id) ON DELETE SET NULL
purchase_request_line,requested_by,res_users,purchase_request_line_requested_by_fkey,FOREIGN KEY (requested_by) REFERENCES public.res_users(id) ON DELETE SET NULL
purchase_request_line,write_uid,res_users,purchase_request_line_write_uid_fkey,FOREIGN KEY (write_uid) REFERENCES public.res_users(id) ON DELETE SET NULL
purchase_request_line,orderpoint_id,stock_warehouse_orderpoint,purchase_request_line_orderpoint_id_fkey,FOREIGN KEY (orderpoint_id) REFERENCES public.stock_warehouse_orderpoint(id) ON DELETE SET NULL
purchase_request_line,product_uom_id,uom_uom,purchase_request_line_product_uom_id_fkey,FOREIGN KEY (product_uom_id) REFERENCES public.uom_uom(id) ON DELETE SET NULL
purchase_request_line_make_purchase_order,purchase_order_id,purchase_order,purchase_request_line_make_purchase_orde_purchase_order_id_fkey,FOREIGN KEY (purchase_order_id) REFERENCES public.purchase_order(id) ON DELETE SET NULL
purchase_request_line_make_purchase_order,supplier_id,res_partner,purchase_request_line_make_purchase_order_supplier_id_fkey,FOREIGN KEY (supplier_id) REFERENCES public.res_partner(id) ON DELETE CASCADE
purchase_request_line_make_purchase_order,create_uid,res_users,purchase_request_line_make_purchase_order_create_uid_fkey,FOREIGN KEY (create_uid) REFERENCES public.res_users(id) ON DELETE SET NULL
purchase_request_line_make_purchase_order,write_uid,res_users,purchase_request_line_make_purchase_order_write_uid_fkey,FOREIGN KEY (write_uid) REFERENCES public.res_users(id) ON DELETE SET NULL
purchase_request_line_make_purchase_order_item,line_id,purchase_request_line,purchase_request_line_make_purchase_order_item_line_id_fkey,FOREIGN KEY (line_id) REFERENCES public.purchase_request_line(id) ON DELETE SET NULL
purchase_request_line_make_purchase_order_item,wiz_id,purchase_request_line_make_purchase_order,purchase_request_line_make_purchase_order_item_wiz_id_fkey,FOREIGN KEY (wiz_id) REFERENCES public.purchase_request_line_make_purchase_order(id) ON DELETE CASCADE
purchase_request_line_make_purchase_order_item,create_uid,res_users,purchase_request_line_make_purchase_order_item_create_uid_fkey,FOREIGN KEY (create_uid) REFERENCES public.res_users(id) ON DELETE SET NULL
purchase_request_line_make_purchase_order_item,write_uid,res_users,purchase_request_line_make_purchase_order_item_write_uid_fkey,FOREIGN KEY (write_uid) REFERENCES public.res_users(id) ON DELETE SET NULL
purchase_request_line_make_purchase_order_item,product_uom_id,uom_uom,purchase_request_line_make_purchase_order_i_product_uom_id_fkey,FOREIGN KEY (product_uom_id) REFERENCES public.uom_uom(id) ON DELETE SET NULL
purchase_request_purchase_order_line_rel,purchase_order_line_id,purchase_order_line,purchase_request_purchase_order_lin_purchase_order_line_id_fkey,FOREIGN KEY (purchase_order_line_id) REFERENCES public.purchase_order_line(id) ON DELETE CASCADE
purchase_request_purchase_order_line_rel,purchase_request_line_id,purchase_request_line,purchase_request_purchase_order_l_purchase_request_line_id_fkey,FOREIGN KEY (purchase_request_line_id) REFERENCES public.purchase_request_line(id) ON DELETE CASCADE
purchase_request_rejected,create_uid,res_users,purchase_request_rejected_create_uid_fkey,FOREIGN KEY (create_uid) REFERENCES public.res_users(id) ON DELETE SET NULL
purchase_request_rejected,write_uid,res_users,purchase_request_rejected_write_uid_fkey,FOREIGN KEY (write_uid) REFERENCES public.res_users(id) ON DELETE SET NULL
purchase_requisition,company_id,res_company,purchase_requisition_company_id_fkey,FOREIGN KEY (company_id) REFERENCES public.res_company(id) ON DELETE RESTRICT
purchase_requisition,currency_id,res_currency,purchase_requisition_currency_id_fkey,FOREIGN KEY (currency_id) REFERENCES public.res_currency(id) ON DELETE RESTRICT
purchase_requisition,vendor_id,res_partner,purchase_requisition_vendor_id_fkey,FOREIGN KEY (vendor_id) REFERENCES public.res_partner(id) ON DELETE SET NULL
purchase_requisition,create_uid,res_users,purchase_requisition_create_uid_fkey,FOREIGN KEY (create_uid) REFERENCES public.res_users(id) ON DELETE SET NULL
purchase_requisition,user_id,res_users,purchase_requisition_user_id_fkey,FOREIGN KEY (user_id) REFERENCES public.res_users(id) ON DELETE SET NULL
purchase_requisition,write_uid,res_users,purchase_requisition_write_uid_fkey,FOREIGN KEY (write_uid) REFERENCES public.res_users(id) ON DELETE SET NULL
purchase_requisition,picking_type_id,stock_picking_type,purchase_requisition_picking_type_id_fkey,FOREIGN KEY (picking_type_id) REFERENCES public.stock_picking_type(id) ON DELETE RESTRICT
purchase_requisition,warehouse_id,stock_warehouse,purchase_requisition_warehouse_id_fkey,FOREIGN KEY (warehouse_id) REFERENCES public.stock_warehouse(id) ON DELETE SET NULL
purchase_requisition_alternative_warning,create_uid,res_users,purchase_requisition_alternative_warning_create_uid_fkey,FOREIGN KEY (create_uid) REFERENCES public.res_users(id) ON DELETE SET NULL
purchase_requisition_alternative_warning,write_uid,res_users,purchase_requisition_alternative_warning_write_uid_fkey,FOREIGN KEY (write_uid) REFERENCES public.res_users(id) ON DELETE SET NULL
purchase_requisition_create_alternative,origin_po_id,purchase_order,purchase_requisition_create_alternative_origin_po_id_fkey,FOREIGN KEY (origin_po_id) REFERENCES public.purchase_order(id) ON DELETE SET NULL
purchase_requisition_create_alternative,create_uid,res_users,purchase_requisition_create_alternative_create_uid_fkey,FOREIGN KEY (create_uid) REFERENCES public.res_users(id) ON DELETE SET NULL
purchase_requisition_create_alternative,write_uid,res_users,purchase_requisition_create_alternative_write_uid_fkey,FOREIGN KEY (write_uid) REFERENCES public.res_users(id) ON DELETE SET NULL
purchase_requisition_create_alternative_res_partner_rel,purchase_requisition_create_alternative_id,purchase_requisition_create_alternative,purchase_requisition_create_a_purchase_requisition_create__fkey,FOREIGN KEY (purchase_requisition_create_alternative_id) REFERENCES public.purchase_requisition_create_alternative(id) ON DELETE CASCADE
purchase_requisition_create_alternative_res_partner_rel,res_partner_id,res_partner,purchase_requisition_create_alternative_res_res_partner_id_fkey,FOREIGN KEY (res_partner_id) REFERENCES public.res_partner(id) ON DELETE CASCADE
purchase_requisition_line,product_id,product_product,purchase_requisition_line_product_id_fkey,FOREIGN KEY (product_id) REFERENCES public.product_product(id) ON DELETE RESTRICT
purchase_requisition_line,requisition_id,purchase_requisition,purchase_requisition_line_requisition_id_fkey,FOREIGN KEY (requisition_id) REFERENCES public.purchase_requisition(id) ON DELETE CASCADE
purchase_requisition_line,company_id,res_company,purchase_requisition_line_company_id_fkey,FOREIGN KEY (company_id) REFERENCES public.res_company(id) ON DELETE SET NULL
purchase_requisition_line,create_uid,res_users,purchase_requisition_line_create_uid_fkey,FOREIGN KEY (create_uid) REFERENCES public.res_users(id) ON DELETE SET NULL
purchase_requisition_line,write_uid,res_users,purchase_requisition_line_write_uid_fkey,FOREIGN KEY (write_uid) REFERENCES public.res_users(id) ON DELETE SET NULL
purchase_requisition_line,move_dest_id,stock_move,purchase_requisition_line_move_dest_id_fkey,FOREIGN KEY (move_dest_id) REFERENCES public.stock_move(id) ON DELETE SET NULL
purchase_requisition_line,product_uom_id,uom_uom,purchase_requisition_line_product_uom_id_fkey,FOREIGN KEY (product_uom_id) REFERENCES public.uom_uom(id) ON DELETE SET NULL
qr_code_payment_wizard,return_id,account_return,qr_code_payment_wizard_return_id_fkey,FOREIGN KEY (return_id) REFERENCES public.account_return(id) ON DELETE CASCADE
qr_code_payment_wizard,company_id,res_company,qr_code_payment_wizard_company_id_fkey,FOREIGN KEY (company_id) REFERENCES public.res_company(id) ON DELETE SET NULL
qr_code_payment_wizard,partner_bank_id,res_partner_bank,qr_code_payment_wizard_partner_bank_id_fkey,FOREIGN KEY (partner_bank_id) REFERENCES public.res_partner_bank(id) ON DELETE SET NULL
qr_code_payment_wizard,create_uid,res_users,qr_code_payment_wizard_create_uid_fkey,FOREIGN KEY (create_uid) REFERENCES public.res_users(id) ON DELETE SET NULL
qr_code_payment_wizard,write_uid,res_users,qr_code_payment_wizard_write_uid_fkey,FOREIGN KEY (write_uid) REFERENCES public.res_users(id) ON DELETE SET NULL
quality_alert,production_id,mrp_production,quality_alert_production_id_fkey,FOREIGN KEY (production_id) REFERENCES public.mrp_production(id) ON DELETE SET NULL
quality_alert,workcenter_id,mrp_workcenter,quality_alert_workcenter_id_fkey,FOREIGN KEY (workcenter_id) REFERENCES public.mrp_workcenter(id) ON DELETE SET NULL
quality_alert,workorder_id,mrp_workorder,quality_alert_workorder_id_fkey,FOREIGN KEY (workorder_id) REFERENCES public.mrp_workorder(id) ON DELETE SET NULL
quality_alert,product_id,product_product,quality_alert_product_id_fkey,FOREIGN KEY (product_id) REFERENCES public.product_product(id) ON DELETE SET NULL
quality_alert,product_tmpl_id,product_template,quality_alert_product_tmpl_id_fkey,FOREIGN KEY (product_tmpl_id) REFERENCES public.product_template(id) ON DELETE SET NULL
quality_alert,stage_id,quality_alert_stage,quality_alert_stage_id_fkey,FOREIGN KEY (stage_id) REFERENCES public.quality_alert_stage(id) ON DELETE RESTRICT
quality_alert,team_id,quality_alert_team,quality_alert_team_id_fkey,FOREIGN KEY (team_id) REFERENCES public.quality_alert_team(id) ON DELETE RESTRICT
quality_alert,check_id,quality_check,quality_alert_check_id_fkey,FOREIGN KEY (check_id) REFERENCES public.quality_check(id) ON DELETE SET NULL
quality_alert,reason_id,quality_reason,quality_alert_reason_id_fkey,FOREIGN KEY (reason_id) REFERENCES public.quality_reason(id) ON DELETE SET NULL
quality_alert,repair_id,repair_order,quality_alert_repair_id_fkey,FOREIGN KEY (repair_id) REFERENCES public.repair_order(id) ON DELETE SET NULL
quality_alert,company_id,res_company,quality_alert_company_id_fkey,FOREIGN KEY (company_id) REFERENCES public.res_company(id) ON DELETE RESTRICT
quality_alert,partner_id,res_partner,quality_alert_partner_id_fkey,FOREIGN KEY (partner_id) REFERENCES public.res_partner(id) ON DELETE SET NULL
quality_alert,create_uid,res_users,quality_alert_create_uid_fkey,FOREIGN KEY (create_uid) REFERENCES public.res_users(id) ON DELETE SET NULL
quality_alert,user_id,res_users,quality_alert_user_id_fkey,FOREIGN KEY (user_id) REFERENCES public.res_users(id) ON DELETE SET NULL
quality_alert,write_uid,res_users,quality_alert_write_uid_fkey,FOREIGN KEY (write_uid) REFERENCES public.res_users(id) ON DELETE SET NULL
quality_alert,picking_id,stock_picking,quality_alert_picking_id_fkey,FOREIGN KEY (picking_id) REFERENCES public.stock_picking(id) ON DELETE SET NULL
quality_alert_quality_tag_rel,quality_alert_id,quality_alert,quality_alert_quality_tag_rel_quality_alert_id_fkey,FOREIGN KEY (quality_alert_id) REFERENCES public.quality_alert(id) ON DELETE CASCADE
quality_alert_quality_tag_rel,quality_tag_id,quality_tag,quality_alert_quality_tag_rel_quality_tag_id_fkey,FOREIGN KEY (quality_tag_id) REFERENCES public.quality_tag(id) ON DELETE CASCADE
quality_alert_stage,create_uid,res_users,quality_alert_stage_create_uid_fkey,FOREIGN KEY (create_uid) REFERENCES public.res_users(id) ON DELETE SET NULL
quality_alert_stage,write_uid,res_users,quality_alert_stage_write_uid_fkey,FOREIGN KEY (write_uid) REFERENCES public.res_users(id) ON DELETE SET NULL
quality_alert_stage_quality_alert_team_rel,quality_alert_stage_id,quality_alert_stage,quality_alert_stage_quality_alert_t_quality_alert_stage_id_fkey,FOREIGN KEY (quality_alert_stage_id) REFERENCES public.quality_alert_stage(id) ON DELETE CASCADE
quality_alert_stage_quality_alert_team_rel,quality_alert_team_id,quality_alert_team,quality_alert_stage_quality_alert_te_quality_alert_team_id_fkey,FOREIGN KEY (quality_alert_team_id) REFERENCES public.quality_alert_team(id) ON DELETE CASCADE
quality_alert_stock_lot_rel,quality_alert_id,quality_alert,quality_alert_stock_lot_rel_quality_alert_id_fkey,FOREIGN KEY (quality_alert_id) REFERENCES public.quality_alert(id) ON DELETE CASCADE
quality_alert_stock_lot_rel,stock_lot_id,stock_lot,quality_alert_stock_lot_rel_stock_lot_id_fkey,FOREIGN KEY (stock_lot_id) REFERENCES public.stock_lot(id) ON DELETE CASCADE
quality_alert_team,alias_id,mail_alias,quality_alert_team_alias_id_fkey,FOREIGN KEY (alias_id) REFERENCES public.mail_alias(id) ON DELETE RESTRICT
quality_alert_team,company_id,res_company,quality_alert_team_company_id_fkey,FOREIGN KEY (company_id) REFERENCES public.res_company(id) ON DELETE SET NULL
quality_alert_team,create_uid,res_users,quality_alert_team_create_uid_fkey,FOREIGN KEY (create_uid) REFERENCES public.res_users(id) ON DELETE SET NULL
quality_alert_team,write_uid,res_users,quality_alert_team_write_uid_fkey,FOREIGN KEY (write_uid) REFERENCES public.res_users(id) ON DELETE SET NULL
quality_check,employee_id,hr_employee,quality_check_employee_id_fkey,FOREIGN KEY (employee_id) REFERENCES public.hr_employee(id) ON DELETE SET NULL
quality_check,production_id,mrp_production,quality_check_production_id_fkey,FOREIGN KEY (production_id) REFERENCES public.mrp_production(id) ON DELETE SET NULL
quality_check,workorder_id,mrp_workorder,quality_check_workorder_id_fkey,FOREIGN KEY (workorder_id) REFERENCES public.mrp_workorder(id) ON DELETE SET NULL
quality_check,component_id,product_product,quality_check_component_id_fkey,FOREIGN KEY (component_id) REFERENCES public.product_product(id) ON DELETE SET NULL
quality_check,product_id,product_product,quality_check_product_id_fkey,FOREIGN KEY (product_id) REFERENCES public.product_product(id) ON DELETE SET NULL
quality_check,team_id,quality_alert_team,quality_check_team_id_fkey,FOREIGN KEY (team_id) REFERENCES public.quality_alert_team(id) ON DELETE RESTRICT
quality_check,next_check_id,quality_check,quality_check_next_check_id_fkey,FOREIGN KEY (next_check_id) REFERENCES public.quality_check(id) ON DELETE SET NULL
quality_check,previous_check_id,quality_check,quality_check_previous_check_id_fkey,FOREIGN KEY (previous_check_id) REFERENCES public.quality_check(id) ON DELETE SET NULL
quality_check,spreadsheet_id,quality_check_spreadsheet,quality_check_spreadsheet_id_fkey,FOREIGN KEY (spreadsheet_id) REFERENCES public.quality_check_spreadsheet(id) ON DELETE SET NULL
quality_check,point_id,quality_point,quality_check_point_id_fkey,FOREIGN KEY (point_id) REFERENCES public.quality_point(id) ON DELETE SET NULL
quality_check,test_type_id,quality_point_test_type,quality_check_test_type_id_fkey,FOREIGN KEY (test_type_id) REFERENCES public.quality_point_test_type(id) ON DELETE RESTRICT
quality_check,spreadsheet_template_id,quality_spreadsheet_template,quality_check_spreadsheet_template_id_fkey,FOREIGN KEY (spreadsheet_template_id) REFERENCES public.quality_spreadsheet_template(id) ON DELETE SET NULL
quality_check,repair_id,repair_order,quality_check_repair_id_fkey,FOREIGN KEY (repair_id) REFERENCES public.repair_order(id) ON DELETE SET NULL
quality_check,company_id,res_company,quality_check_company_id_fkey,FOREIGN KEY (company_id) REFERENCES public.res_company(id) ON DELETE RESTRICT
quality_check,create_uid,res_users,quality_check_create_uid_fkey,FOREIGN KEY (create_uid) REFERENCES public.res_users(id) ON DELETE SET NULL
quality_check,user_id,res_users,quality_check_user_id_fkey,FOREIGN KEY (user_id) REFERENCES public.res_users(id) ON DELETE SET NULL
quality_check,write_uid,res_users,quality_check_write_uid_fkey,FOREIGN KEY (write_uid) REFERENCES public.res_users(id) ON DELETE SET NULL
quality_check,failure_location_id,stock_location,quality_check_failure_location_id_fkey,FOREIGN KEY (failure_location_id) REFERENCES public.stock_location(id) ON DELETE SET NULL
quality_check,lot_line_id,stock_lot,quality_check_lot_line_id_fkey,FOREIGN KEY (lot_line_id) REFERENCES public.stock_lot(id) ON DELETE SET NULL
quality_check,move_id,stock_move,quality_check_move_id_fkey,FOREIGN KEY (move_id) REFERENCES public.stock_move(id) ON DELETE SET NULL
quality_check,move_line_id,stock_move_line,quality_check_move_line_id_fkey,FOREIGN KEY (move_line_id) REFERENCES public.stock_move_line(id) ON DELETE SET NULL
quality_check,picking_id,stock_picking,quality_check_picking_id_fkey,FOREIGN KEY (picking_id) REFERENCES public.stock_picking(id) ON DELETE SET NULL
quality_check,worksheet_template_id,worksheet_template,quality_check_worksheet_template_id_fkey,FOREIGN KEY (worksheet_template_id) REFERENCES public.worksheet_template(id) ON DELETE SET NULL
quality_check_quality_check_wizard_rel,quality_check_id,quality_check,quality_check_quality_check_wizard_rel_quality_check_id_fkey,FOREIGN KEY (quality_check_id) REFERENCES public.quality_check(id) ON DELETE CASCADE
quality_check_quality_check_wizard_rel,quality_check_wizard_id,quality_check_wizard,quality_check_quality_check_wizard_quality_check_wizard_id_fkey,FOREIGN KEY (quality_check_wizard_id) REFERENCES public.quality_check_wizard(id) ON DELETE CASCADE
quality_check_spreadsheet,company_id,res_company,quality_check_spreadsheet_company_id_fkey,FOREIGN KEY (company_id) REFERENCES public.res_company(id) ON DELETE RESTRICT
quality_check_spreadsheet,create_uid,res_users,quality_check_spreadsheet_create_uid_fkey,FOREIGN KEY (create_uid) REFERENCES public.res_users(id) ON DELETE SET NULL
quality_check_spreadsheet,write_uid,res_users,quality_check_spreadsheet_write_uid_fkey,FOREIGN KEY (write_uid) REFERENCES public.res_users(id) ON DELETE SET NULL
quality_check_stock_lot_rel,quality_check_id,quality_check,quality_check_stock_lot_rel_quality_check_id_fkey,FOREIGN KEY (quality_check_id) REFERENCES public.quality_check(id) ON DELETE CASCADE
quality_check_stock_lot_rel,stock_lot_id,stock_lot,quality_check_stock_lot_rel_stock_lot_id_fkey,FOREIGN KEY (stock_lot_id) REFERENCES public.stock_lot(id) ON DELETE CASCADE
quality_check_wizard,current_check_id,quality_check,quality_check_wizard_current_check_id_fkey,FOREIGN KEY (current_check_id) REFERENCES public.quality_check(id) ON DELETE CASCADE
quality_check_wizard,create_uid,res_users,quality_check_wizard_create_uid_fkey,FOREIGN KEY (create_uid) REFERENCES public.res_users(id) ON DELETE SET NULL
quality_check_wizard,write_uid,res_users,quality_check_wizard_write_uid_fkey,FOREIGN KEY (write_uid) REFERENCES public.res_users(id) ON DELETE SET NULL
quality_check_wizard,failure_location_id,stock_location,quality_check_wizard_failure_location_id_fkey,FOREIGN KEY (failure_location_id) REFERENCES public.stock_location(id) ON DELETE SET NULL
quality_point,device_id,iot_device,quality_point_device_id_fkey,FOREIGN KEY (device_id) REFERENCES public.iot_device(id) ON DELETE RESTRICT
quality_point,operation_id,mrp_routing_workcenter,quality_point_operation_id_fkey,FOREIGN KEY (operation_id) REFERENCES public.mrp_routing_workcenter(id) ON DELETE SET NULL
quality_point,component_id,product_product,quality_point_component_id_fkey,FOREIGN KEY (component_id) REFERENCES public.product_product(id) ON DELETE SET NULL
quality_point,team_id,quality_alert_team,quality_point_team_id_fkey,FOREIGN KEY (team_id) REFERENCES public.quality_alert_team(id) ON DELETE RESTRICT
quality_point,test_type_id,quality_point_test_type,quality_point_test_type_id_fkey,FOREIGN KEY (test_type_id) REFERENCES public.quality_point_test_type(id) ON DELETE RESTRICT
quality_point,spreadsheet_template_id,quality_spreadsheet_template,quality_point_spreadsheet_template_id_fkey,FOREIGN KEY (spreadsheet_template_id) REFERENCES public.quality_spreadsheet_template(id) ON DELETE SET NULL
quality_point,company_id,res_company,quality_point_company_id_fkey,FOREIGN KEY (company_id) REFERENCES public.res_company(id) ON DELETE RESTRICT
quality_point,create_uid,res_users,quality_point_create_uid_fkey,FOREIGN KEY (create_uid) REFERENCES public.res_users(id) ON DELETE SET NULL
quality_point,user_id,res_users,quality_point_user_id_fkey,FOREIGN KEY (user_id) REFERENCES public.res_users(id) ON DELETE SET NULL
quality_point,write_uid,res_users,quality_point_write_uid_fkey,FOREIGN KEY (write_uid) REFERENCES public.res_users(id) ON DELETE SET NULL
quality_point,worksheet_template_id,worksheet_template,quality_point_worksheet_template_id_fkey,FOREIGN KEY (worksheet_template_id) REFERENCES public.worksheet_template(id) ON DELETE SET NULL
quality_point_stock_location_rel,quality_point_id,quality_point,quality_point_stock_location_rel_quality_point_id_fkey,FOREIGN KEY (quality_point_id) REFERENCES public.quality_point(id) ON DELETE CASCADE
quality_point_stock_location_rel,stock_location_id,stock_location,quality_point_stock_location_rel_stock_location_id_fkey,FOREIGN KEY (stock_location_id) REFERENCES public.stock_location(id) ON DELETE CASCADE
quality_point_stock_picking_type_rel,quality_point_id,quality_point,quality_point_stock_picking_type_rel_quality_point_id_fkey,FOREIGN KEY (quality_point_id) REFERENCES public.quality_point(id) ON DELETE CASCADE
quality_point_stock_picking_type_rel,stock_picking_type_id,stock_picking_type,quality_point_stock_picking_type_rel_stock_picking_type_id_fkey,FOREIGN KEY (stock_picking_type_id) REFERENCES public.stock_picking_type(id) ON DELETE CASCADE
quality_point_test_type,create_uid,res_users,quality_point_test_type_create_uid_fkey,FOREIGN KEY (create_uid) REFERENCES public.res_users(id) ON DELETE SET NULL
quality_point_test_type,write_uid,res_users,quality_point_test_type_write_uid_fkey,FOREIGN KEY (write_uid) REFERENCES public.res_users(id) ON DELETE SET NULL
quality_reason,create_uid,res_users,quality_reason_create_uid_fkey,FOREIGN KEY (create_uid) REFERENCES public.res_users(id) ON DELETE SET NULL
quality_reason,write_uid,res_users,quality_reason_write_uid_fkey,FOREIGN KEY (write_uid) REFERENCES public.res_users(id) ON DELETE SET NULL
quality_spreadsheet_template,company_id,res_company,quality_spreadsheet_template_company_id_fkey,FOREIGN KEY (company_id) REFERENCES public.res_company(id) ON DELETE SET NULL
quality_spreadsheet_template,create_uid,res_users,quality_spreadsheet_template_create_uid_fkey,FOREIGN KEY (create_uid) REFERENCES public.res_users(id) ON DELETE SET NULL
quality_spreadsheet_template,write_uid,res_users,quality_spreadsheet_template_write_uid_fkey,FOREIGN KEY (write_uid) REFERENCES public.res_users(id) ON DELETE SET NULL
quality_tag,create_uid,res_users,quality_tag_create_uid_fkey,FOREIGN KEY (create_uid) REFERENCES public.res_users(id) ON DELETE SET NULL
quality_tag,write_uid,res_users,quality_tag_write_uid_fkey,FOREIGN KEY (write_uid) REFERENCES public.res_users(id) ON DELETE SET NULL
quotation_document,ir_attachment_id,ir_attachment,quotation_document_ir_attachment_id_fkey,FOREIGN KEY (ir_attachment_id) REFERENCES public.ir_attachment(id) ON DELETE CASCADE
quotation_document,create_uid,res_users,quotation_document_create_uid_fkey,FOREIGN KEY (create_uid) REFERENCES public.res_users(id) ON DELETE SET NULL
quotation_document,write_uid,res_users,quotation_document_write_uid_fkey,FOREIGN KEY (write_uid) REFERENCES public.res_users(id) ON DELETE SET NULL
quotation_document_sale_order_rel,quotation_document_id,quotation_document,quotation_document_sale_order_rel_quotation_document_id_fkey,FOREIGN KEY (quotation_document_id) REFERENCES public.quotation_document(id) ON DELETE CASCADE
quotation_document_sale_order_rel,sale_order_id,sale_order,quotation_document_sale_order_rel_sale_order_id_fkey,FOREIGN KEY (sale_order_id) REFERENCES public.sale_order(id) ON DELETE CASCADE
quotation_document_sale_pdf_form_field_rel,quotation_document_id,quotation_document,quotation_document_sale_pdf_form_fie_quotation_document_id_fkey,FOREIGN KEY (quotation_document_id) REFERENCES public.quotation_document(id) ON DELETE CASCADE
quotation_document_sale_pdf_form_field_rel,sale_pdf_form_field_id,sale_pdf_form_field,quotation_document_sale_pdf_form_fi_sale_pdf_form_field_id_fkey,FOREIGN KEY (sale_pdf_form_field_id) REFERENCES public.sale_pdf_form_field(id) ON DELETE CASCADE
rating_rating,parent_res_model_id,ir_model,rating_rating_parent_res_model_id_fkey,FOREIGN KEY (parent_res_model_id) REFERENCES public.ir_model(id) ON DELETE CASCADE
rating_rating,res_model_id,ir_model,rating_rating_res_model_id_fkey,FOREIGN KEY (res_model_id) REFERENCES public.ir_model(id) ON DELETE CASCADE
rating_rating,message_id,mail_message,rating_rating_message_id_fkey,FOREIGN KEY (message_id) REFERENCES public.mail_message(id) ON DELETE CASCADE
rating_rating,partner_id,res_partner,rating_rating_partner_id_fkey,FOREIGN KEY (partner_id) REFERENCES public.res_partner(id) ON DELETE SET NULL
rating_rating,publisher_id,res_partner,rating_rating_publisher_id_fkey,FOREIGN KEY (publisher_id) REFERENCES public.res_partner(id) ON DELETE SET NULL
rating_rating,rated_partner_id,res_partner,rating_rating_rated_partner_id_fkey,FOREIGN KEY (rated_partner_id) REFERENCES public.res_partner(id) ON DELETE SET NULL
rating_rating,create_uid,res_users,rating_rating_create_uid_fkey,FOREIGN KEY (create_uid) REFERENCES public.res_users(id) ON DELETE SET NULL
rating_rating,write_uid,res_users,rating_rating_write_uid_fkey,FOREIGN KEY (write_uid) REFERENCES public.res_users(id) ON DELETE SET NULL
rel_badge_auth_users,gamification_badge_id,gamification_badge,rel_badge_auth_users_gamification_badge_id_fkey,FOREIGN KEY (gamification_badge_id) REFERENCES public.gamification_badge(id) ON DELETE CASCADE
rel_badge_auth_users,res_users_id,res_users,rel_badge_auth_users_res_users_id_fkey,FOREIGN KEY (res_users_id) REFERENCES public.res_users(id) ON DELETE CASCADE
rel_followup_manual_reminder_res_partner,account_followup_manual_reminder_id,account_followup_manual_reminder,rel_followup_manual_reminder__account_followup_manual_remi_fkey,FOREIGN KEY (account_followup_manual_reminder_id) REFERENCES public.account_followup_manual_reminder(id) ON DELETE CASCADE
rel_followup_manual_reminder_res_partner,res_partner_id,res_partner,rel_followup_manual_reminder_res_partner_res_partner_id_fkey,FOREIGN KEY (res_partner_id) REFERENCES public.res_partner(id) ON DELETE CASCADE
rel_modules_langexport,wiz_id,base_language_export,rel_modules_langexport_wiz_id_fkey,FOREIGN KEY (wiz_id) REFERENCES public.base_language_export(id) ON DELETE CASCADE
rel_modules_langexport,module_id,ir_module_module,rel_modules_langexport_module_id_fkey,FOREIGN KEY (module_id) REFERENCES public.ir_module_module(id) ON DELETE CASCADE
rel_slide_tag,slide_id,slide_slide,rel_slide_tag_slide_id_fkey,FOREIGN KEY (slide_id) REFERENCES public.slide_slide(id) ON DELETE CASCADE
rel_slide_tag,tag_id,slide_tag,rel_slide_tag_tag_id_fkey,FOREIGN KEY (tag_id) REFERENCES public.slide_tag(id) ON DELETE CASCADE
rel_studio_export_wizard_data,studio_export_wizard_id,studio_export_wizard,rel_studio_export_wizard_data_studio_export_wizard_id_fkey,FOREIGN KEY (studio_export_wizard_id) REFERENCES public.studio_export_wizard(id) ON DELETE CASCADE
rel_studio_export_wizard_data,studio_export_wizard_data_id,studio_export_wizard_data,rel_studio_export_wizard_data_studio_export_wizard_data_id_fkey,FOREIGN KEY (studio_export_wizard_data_id) REFERENCES public.studio_export_wizard_data(id) ON DELETE CASCADE
rel_upload_groups,group_id,res_groups,rel_upload_groups_group_id_fkey,FOREIGN KEY (group_id) REFERENCES public.res_groups(id) ON DELETE CASCADE
rel_upload_groups,channel_id,slide_channel,rel_upload_groups_channel_id_fkey,FOREIGN KEY (channel_id) REFERENCES public.slide_channel(id) ON DELETE CASCADE
repair_order,ticket_id,helpdesk_ticket,repair_order_ticket_id_fkey,FOREIGN KEY (ticket_id) REFERENCES public.helpdesk_ticket(id) ON DELETE SET NULL
repair_order,product_id,product_product,repair_order_product_id_fkey,FOREIGN KEY (product_id) REFERENCES public.product_product(id) ON DELETE SET NULL
repair_order,company_id,res_company,repair_order_company_id_fkey,FOREIGN KEY (company_id) REFERENCES public.res_company(id) ON DELETE RESTRICT
repair_order,partner_id,res_partner,repair_order_partner_id_fkey,FOREIGN KEY (partner_id) REFERENCES public.res_partner(id) ON DELETE SET NULL
repair_order,create_uid,res_users,repair_order_create_uid_fkey,FOREIGN KEY (create_uid) REFERENCES public.res_users(id) ON DELETE SET NULL
repair_order,user_id,res_users,repair_order_user_id_fkey,FOREIGN KEY (user_id) REFERENCES public.res_users(id) ON DELETE SET NULL
repair_order,write_uid,res_users,repair_order_write_uid_fkey,FOREIGN KEY (write_uid) REFERENCES public.res_users(id) ON DELETE SET NULL
repair_order,sale_order_id,sale_order,repair_order_sale_order_id_fkey,FOREIGN KEY (sale_order_id) REFERENCES public.sale_order(id) ON DELETE SET NULL
repair_order,sale_order_line_id,sale_order_line,repair_order_sale_order_line_id_fkey,FOREIGN KEY (sale_order_line_id) REFERENCES public.sale_order_line(id) ON DELETE SET NULL
repair_order,location_dest_id,stock_location,repair_order_location_dest_id_fkey,FOREIGN KEY (location_dest_id) REFERENCES public.stock_location(id) ON DELETE SET NULL
repair_order,location_id,stock_location,repair_order_location_id_fkey,FOREIGN KEY (location_id) REFERENCES public.stock_location(id) ON DELETE RESTRICT
repair_order,parts_location_id,stock_location,repair_order_parts_location_id_fkey,FOREIGN KEY (parts_location_id) REFERENCES public.stock_location(id) ON DELETE SET NULL
repair_order,product_location_dest_id,stock_location,repair_order_product_location_dest_id_fkey,FOREIGN KEY (product_location_dest_id) REFERENCES public.stock_location(id) ON DELETE RESTRICT
repair_order,product_location_src_id,stock_location,repair_order_product_location_src_id_fkey,FOREIGN KEY (product_location_src_id) REFERENCES public.stock_location(id) ON DELETE RESTRICT
repair_order,recycle_location_id,stock_location,repair_order_recycle_location_id_fkey,FOREIGN KEY (recycle_location_id) REFERENCES public.stock_location(id) ON DELETE RESTRICT
repair_order,lot_id,stock_lot,repair_order_lot_id_fkey,FOREIGN KEY (lot_id) REFERENCES public.stock_lot(id) ON DELETE SET NULL
repair_order,move_id,stock_move,repair_order_move_id_fkey,FOREIGN KEY (move_id) REFERENCES public.stock_move(id) ON DELETE SET NULL
repair_order,picking_id,stock_picking,repair_order_picking_id_fkey,FOREIGN KEY (picking_id) REFERENCES public.stock_picking(id) ON DELETE SET NULL
repair_order,picking_type_id,stock_picking_type,repair_order_picking_type_id_fkey,FOREIGN KEY (picking_type_id) REFERENCES public.stock_picking_type(id) ON DELETE RESTRICT
repair_order,product_uom,uom_uom,repair_order_product_uom_fkey,FOREIGN KEY (product_uom) REFERENCES public.uom_uom(id) ON DELETE SET NULL
repair_order_repair_tags_rel,repair_order_id,repair_order,repair_order_repair_tags_rel_repair_order_id_fkey,FOREIGN KEY (repair_order_id) REFERENCES public.repair_order(id) ON DELETE CASCADE
repair_order_repair_tags_rel,repair_tags_id,repair_tags,repair_order_repair_tags_rel_repair_tags_id_fkey,FOREIGN KEY (repair_tags_id) REFERENCES public.repair_tags(id) ON DELETE CASCADE
repair_tags,create_uid,res_users,repair_tags_create_uid_fkey,FOREIGN KEY (create_uid) REFERENCES public.res_users(id) ON DELETE SET NULL
repair_tags,write_uid,res_users,repair_tags_write_uid_fkey,FOREIGN KEY (write_uid) REFERENCES public.res_users(id) ON DELETE SET NULL
report_layout,view_id,ir_ui_view,report_layout_view_id_fkey,FOREIGN KEY (view_id) REFERENCES public.ir_ui_view(id) ON DELETE RESTRICT
report_layout,create_uid,res_users,report_layout_create_uid_fkey,FOREIGN KEY (create_uid) REFERENCES public.res_users(id) ON DELETE SET NULL
report_layout,write_uid,res_users,report_layout_write_uid_fkey,FOREIGN KEY (write_uid) REFERENCES public.res_users(id) ON DELETE SET NULL
report_paperformat,create_uid,res_users,report_paperformat_create_uid_fkey,FOREIGN KEY (create_uid) REFERENCES public.res_users(id) ON DELETE SET NULL
report_paperformat,write_uid,res_users,report_paperformat_write_uid_fkey,FOREIGN KEY (write_uid) REFERENCES public.res_users(id) ON DELETE SET NULL
request_appraisal,appraisal_id,hr_appraisal,request_appraisal_appraisal_id_fkey,FOREIGN KEY (appraisal_id) REFERENCES public.hr_appraisal(id) ON DELETE CASCADE
request_appraisal,employee_id,hr_employee,request_appraisal_employee_id_fkey,FOREIGN KEY (employee_id) REFERENCES public.hr_employee(id) ON DELETE SET NULL
request_appraisal,template_id,mail_template,request_appraisal_template_id_fkey,FOREIGN KEY (template_id) REFERENCES public.mail_template(id) ON DELETE SET NULL
request_appraisal,author_id,res_partner,request_appraisal_author_id_fkey,FOREIGN KEY (author_id) REFERENCES public.res_partner(id) ON DELETE CASCADE
request_appraisal,create_uid,res_users,request_appraisal_create_uid_fkey,FOREIGN KEY (create_uid) REFERENCES public.res_users(id) ON DELETE SET NULL
request_appraisal,write_uid,res_users,request_appraisal_write_uid_fkey,FOREIGN KEY (write_uid) REFERENCES public.res_users(id) ON DELETE SET NULL
request_appraisal_res_partner_rel,request_appraisal_id,request_appraisal,request_appraisal_res_partner_rel_request_appraisal_id_fkey,FOREIGN KEY (request_appraisal_id) REFERENCES public.request_appraisal(id) ON DELETE CASCADE
request_appraisal_res_partner_rel,res_partner_id,res_partner,request_appraisal_res_partner_rel_res_partner_id_fkey,FOREIGN KEY (res_partner_id) REFERENCES public.res_partner(id) ON DELETE CASCADE
res_bank,country,res_country,res_bank_country_fkey,FOREIGN KEY (country) REFERENCES public.res_country(id) ON DELETE SET NULL
res_bank,state,res_country_state,res_bank_state_fkey,FOREIGN KEY (state) REFERENCES public.res_country_state(id) ON DELETE SET NULL
res_bank,create_uid,res_users,res_bank_create_uid_fkey,FOREIGN KEY (create_uid) REFERENCES public.res_users(id) ON DELETE SET NULL
res_bank,write_uid,res_users,res_bank_write_uid_fkey,FOREIGN KEY (write_uid) REFERENCES public.res_users(id) ON DELETE SET NULL
res_city,country_id,res_country,res_city_country_id_fkey,FOREIGN KEY (country_id) REFERENCES public.res_country(id) ON DELETE RESTRICT
res_city,state_id,res_country_state,res_city_state_id_fkey,FOREIGN KEY (state_id) REFERENCES public.res_country_state(id) ON DELETE SET NULL
res_city,create_uid,res_users,res_city_create_uid_fkey,FOREIGN KEY (create_uid) REFERENCES public.res_users(id) ON DELETE SET NULL
res_city,write_uid,res_users,res_city_write_uid_fkey,FOREIGN KEY (write_uid) REFERENCES public.res_users(id) ON DELETE SET NULL
res_city_zip,city_id,res_city,res_city_zip_city_id_fkey,FOREIGN KEY (city_id) REFERENCES public.res_city(id) ON DELETE CASCADE
res_city_zip,create_uid,res_users,res_city_zip_create_uid_fkey,FOREIGN KEY (create_uid) REFERENCES public.res_users(id) ON DELETE SET NULL
res_city_zip,write_uid,res_users,res_city_zip_write_uid_fkey,FOREIGN KEY (write_uid) REFERENCES public.res_users(id) ON DELETE SET NULL
res_company,account_cash_basis_base_account_id,account_account,res_company_account_cash_basis_base_account_id_fkey,FOREIGN KEY (account_cash_basis_base_account_id) REFERENCES public.account_account(id) ON DELETE SET NULL
res_company,account_default_pos_receivable_account_id,account_account,res_company_account_default_pos_receivable_account_id_fkey,FOREIGN KEY (account_default_pos_receivable_account_id) REFERENCES public.account_account(id) ON DELETE SET NULL
res_company,account_discount_expense_allocation_id,account_account,res_company_account_discount_expense_allocation_id_fkey,FOREIGN KEY (account_discount_expense_allocation_id) REFERENCES public.account_account(id) ON DELETE SET NULL
res_company,account_discount_income_allocation_id,account_account,res_company_account_discount_income_allocation_id_fkey,FOREIGN KEY (account_discount_income_allocation_id) REFERENCES public.account_account(id) ON DELETE SET NULL
res_company,account_journal_early_pay_discount_gain_account_id,account_account,res_company_account_journal_early_pay_discount_gain_accoun_fkey,FOREIGN KEY (account_journal_early_pay_discount_gain_account_id) REFERENCES public.account_account(id) ON DELETE SET NULL
res_company,account_journal_early_pay_discount_loss_account_id,account_account,res_company_account_journal_early_pay_discount_loss_accoun_fkey,FOREIGN KEY (account_journal_early_pay_discount_loss_account_id) REFERENCES public.account_account(id) ON DELETE SET NULL
res_company,account_journal_suspense_account_id,account_account,res_company_account_journal_suspense_account_id_fkey,FOREIGN KEY (account_journal_suspense_account_id) REFERENCES public.account_account(id) ON DELETE SET NULL
res_company,account_production_wip_account_id,account_account,res_company_account_production_wip_account_id_fkey,FOREIGN KEY (account_production_wip_account_id) REFERENCES public.account_account(id) ON DELETE SET NULL
res_company,account_production_wip_overhead_account_id,account_account,res_company_account_production_wip_overhead_account_id_fkey,FOREIGN KEY (account_production_wip_overhead_account_id) REFERENCES public.account_account(id) ON DELETE SET NULL
res_company,account_revaluation_expense_provision_account_id,account_account,res_company_account_revaluation_expense_provision_account__fkey,FOREIGN KEY (account_revaluation_expense_provision_account_id) REFERENCES public.account_account(id) ON DELETE SET NULL
res_company,account_revaluation_income_provision_account_id,account_account,res_company_account_revaluation_income_provision_account_i_fkey,FOREIGN KEY (account_revaluation_income_provision_account_id) REFERENCES public.account_account(id) ON DELETE SET NULL
res_company,account_stock_valuation_id,account_account,res_company_account_stock_valuation_id_fkey,FOREIGN KEY (account_stock_valuation_id) REFERENCES public.account_account(id) ON DELETE SET NULL
res_company,default_cash_difference_expense_account_id,account_account,res_company_default_cash_difference_expense_account_id_fkey,FOREIGN KEY (default_cash_difference_expense_account_id) REFERENCES public.account_account(id) ON DELETE SET NULL
res_company,default_cash_difference_income_account_id,account_account,res_company_default_cash_difference_income_account_id_fkey,FOREIGN KEY (default_cash_difference_income_account_id) REFERENCES public.account_account(id) ON DELETE SET NULL
res_company,deferred_expense_account_id,account_account,res_company_deferred_expense_account_id_fkey,FOREIGN KEY (deferred_expense_account_id) REFERENCES public.account_account(id) ON DELETE SET NULL
res_company,deferred_revenue_account_id,account_account,res_company_deferred_revenue_account_id_fkey,FOREIGN KEY (deferred_revenue_account_id) REFERENCES public.account_account(id) ON DELETE SET NULL
res_company,downpayment_account_id,account_account,res_company_downpayment_account_id_fkey,FOREIGN KEY (downpayment_account_id) REFERENCES public.account_account(id) ON DELETE SET NULL
res_company,expense_account_id,account_account,res_company_expense_account_id_fkey,FOREIGN KEY (expense_account_id) REFERENCES public.account_account(id) ON DELETE SET NULL
res_company,expense_accrual_account_id,account_account,res_company_expense_accrual_account_id_fkey,FOREIGN KEY (expense_accrual_account_id) REFERENCES public.account_account(id) ON DELETE SET NULL
res_company,expense_currency_exchange_account_id,account_account,res_company_expense_currency_exchange_account_id_fkey,FOREIGN KEY (expense_currency_exchange_account_id) REFERENCES public.account_account(id) ON DELETE SET NULL
res_company,gain_account_id,account_account,res_company_gain_account_id_fkey,FOREIGN KEY (gain_account_id) REFERENCES public.account_account(id) ON DELETE SET NULL
res_company,income_account_id,account_account,res_company_income_account_id_fkey,FOREIGN KEY (income_account_id) REFERENCES public.account_account(id) ON DELETE SET NULL
res_company,income_currency_exchange_account_id,account_account,res_company_income_currency_exchange_account_id_fkey,FOREIGN KEY (income_currency_exchange_account_id) REFERENCES public.account_account(id) ON DELETE SET NULL
res_company,loss_account_id,account_account,res_company_loss_account_id_fkey,FOREIGN KEY (loss_account_id) REFERENCES public.account_account(id) ON DELETE SET NULL
res_company,price_difference_account_id,account_account,res_company_price_difference_account_id_fkey,FOREIGN KEY (price_difference_account_id) REFERENCES public.account_account(id) ON DELETE SET NULL
res_company,revenue_accrual_account_id,account_account,res_company_revenue_accrual_account_id_fkey,FOREIGN KEY (revenue_accrual_account_id) REFERENCES public.account_account(id) ON DELETE SET NULL
res_company,transfer_account_id,account_account,res_company_transfer_account_id_fkey,FOREIGN KEY (transfer_account_id) REFERENCES public.account_account(id) ON DELETE SET NULL
res_company,account_purchase_receipt_fiscal_position_id,account_fiscal_position,res_company_account_purchase_receipt_fiscal_position_id_fkey,FOREIGN KEY (account_purchase_receipt_fiscal_position_id) REFERENCES public.account_fiscal_position(id) ON DELETE SET NULL
res_company,domestic_fiscal_position_id,account_fiscal_position,res_company_domestic_fiscal_position_id_fkey,FOREIGN KEY (domestic_fiscal_position_id) REFERENCES public.account_fiscal_position(id) ON DELETE SET NULL
res_company,incoterm_id,account_incoterms,res_company_incoterm_id_fkey,FOREIGN KEY (incoterm_id) REFERENCES public.account_incoterms(id) ON DELETE SET NULL
res_company,intrastat_default_invoice_transaction_code_id,account_intrastat_code,res_company_intrastat_default_invoice_transaction_code_id_fkey,FOREIGN KEY (intrastat_default_invoice_transaction_code_id) REFERENCES public.account_intrastat_code(id) ON DELETE SET NULL
res_company,intrastat_default_refund_transaction_code_id,account_intrastat_code,res_company_intrastat_default_refund_transaction_code_id_fkey,FOREIGN KEY (intrastat_default_refund_transaction_code_id) REFERENCES public.account_intrastat_code(id) ON DELETE SET NULL
res_company,intrastat_region_id,account_intrastat_code,res_company_intrastat_region_id_fkey,FOREIGN KEY (intrastat_region_id) REFERENCES public.account_intrastat_code(id) ON DELETE SET NULL
res_company,intrastat_transport_mode_id,account_intrastat_code,res_company_intrastat_transport_mode_id_fkey,FOREIGN KEY (intrastat_transport_mode_id) REFERENCES public.account_intrastat_code(id) ON DELETE SET NULL
res_company,account_revaluation_journal_id,account_journal,res_company_account_revaluation_journal_id_fkey,FOREIGN KEY (account_revaluation_journal_id) REFERENCES public.account_journal(id) ON DELETE SET NULL
res_company,account_stock_journal_id,account_journal,res_company_account_stock_journal_id_fkey,FOREIGN KEY (account_stock_journal_id) REFERENCES public.account_journal(id) ON DELETE SET NULL
res_company,account_tax_return_journal_id,account_journal,res_company_account_tax_return_journal_id_fkey,FOREIGN KEY (account_tax_return_journal_id) REFERENCES public.account_journal(id) ON DELETE SET NULL
res_company,automatic_entry_default_journal_id,account_journal,res_company_automatic_entry_default_journal_id_fkey,FOREIGN KEY (automatic_entry_default_journal_id) REFERENCES public.account_journal(id) ON DELETE SET NULL
res_company,currency_exchange_journal_id,account_journal,res_company_currency_exchange_journal_id_fkey,FOREIGN KEY (currency_exchange_journal_id) REFERENCES public.account_journal(id) ON DELETE SET NULL
res_company,deferred_expense_journal_id,account_journal,res_company_deferred_expense_journal_id_fkey,FOREIGN KEY (deferred_expense_journal_id) REFERENCES public.account_journal(id) ON DELETE SET NULL
res_company,deferred_revenue_journal_id,account_journal,res_company_deferred_revenue_journal_id_fkey,FOREIGN KEY (deferred_revenue_journal_id) REFERENCES public.account_journal(id) ON DELETE SET NULL
res_company,expense_journal_id,account_journal,res_company_expense_journal_id_fkey,FOREIGN KEY (expense_journal_id) REFERENCES public.account_journal(id) ON DELETE SET NULL
res_company,intercompany_purchase_journal_id,account_journal,res_company_intercompany_purchase_journal_id_fkey,FOREIGN KEY (intercompany_purchase_journal_id) REFERENCES public.account_journal(id) ON DELETE SET NULL
res_company,lc_journal_id,account_journal,res_company_lc_journal_id_fkey,FOREIGN KEY (lc_journal_id) REFERENCES public.account_journal(id) ON DELETE SET NULL
res_company,tax_cash_basis_journal_id,account_journal,res_company_tax_cash_basis_journal_id_fkey,FOREIGN KEY (tax_cash_basis_journal_id) REFERENCES public.account_journal(id) ON DELETE SET NULL
res_company,account_opening_move_id,account_move,res_company_account_opening_move_id_fkey,FOREIGN KEY (account_opening_move_id) REFERENCES public.account_move(id) ON DELETE SET NULL
res_company,account_purchase_tax_id,account_tax,res_company_account_purchase_tax_id_fkey,FOREIGN KEY (account_purchase_tax_id) REFERENCES public.account_tax(id) ON DELETE SET NULL
res_company,account_sale_tax_id,account_tax,res_company_account_sale_tax_id_fkey,FOREIGN KEY (account_sale_tax_id) REFERENCES public.account_tax(id) ON DELETE SET NULL
res_company,nomenclature_id,barcode_nomenclature,res_company_nomenclature_id_fkey,FOREIGN KEY (nomenclature_id) REFERENCES public.barcode_nomenclature(id) ON DELETE SET NULL
res_company,signing_certificate_id,certificate_certificate,res_company_signing_certificate_id_fkey,FOREIGN KEY (signing_certificate_id) REFERENCES public.certificate_certificate(id) ON DELETE SET NULL
res_company,account_folder_id,documents_document,res_company_account_folder_id_fkey,FOREIGN KEY (account_folder_id) REFERENCES public.documents_document(id) ON DELETE SET NULL
res_company,documents_employee_folder_id,documents_document,res_company_documents_employee_folder_id_fkey,FOREIGN KEY (documents_employee_folder_id) REFERENCES public.documents_document(id) ON DELETE SET NULL
res_company,documents_fleet_folder,documents_document,res_company_documents_fleet_folder_fkey,FOREIGN KEY (documents_fleet_folder) REFERENCES public.documents_document(id) ON DELETE SET NULL
res_company,documents_project_folder_id,documents_document,res_company_documents_project_folder_id_fkey,FOREIGN KEY (documents_project_folder_id) REFERENCES public.documents_document(id) ON DELETE SET NULL
res_company,product_folder_id,documents_document,res_company_product_folder_id_fkey,FOREIGN KEY (product_folder_id) REFERENCES public.documents_document(id) ON DELETE SET NULL
res_company,worker_payroll_folder_id,documents_document,res_company_worker_payroll_folder_id_fkey,FOREIGN KEY (worker_payroll_folder_id) REFERENCES public.documents_document(id) ON DELETE SET NULL
res_company,batch_payment_sequence_id,ir_sequence,res_company_batch_payment_sequence_id_fkey,FOREIGN KEY (batch_payment_sequence_id) REFERENCES public.ir_sequence(id) ON DELETE SET NULL
res_company,external_report_layout_id,ir_ui_view,res_company_external_report_layout_id_fkey,FOREIGN KEY (external_report_layout_id) REFERENCES public.ir_ui_view(id) ON DELETE SET NULL
res_company,alias_domain_id,mail_alias_domain,res_company_alias_domain_id_fkey,FOREIGN KEY (alias_domain_id) REFERENCES public.mail_alias_domain(id) ON DELETE SET NULL
res_company,appraisal_confirm_mail_template,mail_template,res_company_appraisal_confirm_mail_template_fkey,FOREIGN KEY (appraisal_confirm_mail_template) REFERENCES public.mail_template(id) ON DELETE SET NULL
res_company,stock_mail_confirmation_template_id,mail_template,res_company_stock_mail_confirmation_template_id_fkey,FOREIGN KEY (stock_mail_confirmation_template_id) REFERENCES public.mail_template(id) ON DELETE SET NULL
res_company,account_discount_product_id,product_product,res_company_account_discount_product_id_fkey,FOREIGN KEY (account_discount_product_id) REFERENCES public.product_product(id) ON DELETE SET NULL
res_company,purchase_discount_product_id,product_product,res_company_purchase_discount_product_id_fkey,FOREIGN KEY (purchase_discount_product_id) REFERENCES public.product_product(id) ON DELETE SET NULL
res_company,sale_discount_product_id,product_product,res_company_sale_discount_product_id_fkey,FOREIGN KEY (sale_discount_product_id) REFERENCES public.product_product(id) ON DELETE SET NULL
res_company,internal_project_id,project_project,res_company_internal_project_id_fkey,FOREIGN KEY (internal_project_id) REFERENCES public.project_project(id) ON DELETE SET NULL
res_company,leave_timesheet_task_id,project_task,res_company_leave_timesheet_task_id_fkey,FOREIGN KEY (leave_timesheet_task_id) REFERENCES public.project_task(id) ON DELETE SET NULL
res_company,paperformat_id,report_paperformat,res_company_paperformat_id_fkey,FOREIGN KEY (paperformat_id) REFERENCES public.report_paperformat(id) ON DELETE SET NULL
res_company,parent_id,res_company,res_company_parent_id_fkey,FOREIGN KEY (parent_id) REFERENCES public.res_company(id) ON DELETE RESTRICT
res_company,account_fiscal_country_id,res_country,res_company_account_fiscal_country_id_fkey,FOREIGN KEY (account_fiscal_country_id) REFERENCES public.res_country(id) ON DELETE SET NULL
res_company,currency_id,res_currency,res_company_currency_id_fkey,FOREIGN KEY (currency_id) REFERENCES public.res_currency(id) ON DELETE RESTRICT
res_company,account_representative_id,res_partner,res_company_account_representative_id_fkey,FOREIGN KEY (account_representative_id) REFERENCES public.res_partner(id) ON DELETE SET NULL
res_company,partner_id,res_partner,res_company_partner_id_fkey,FOREIGN KEY (partner_id) REFERENCES public.res_partner(id) ON DELETE RESTRICT
res_company,create_uid,res_users,res_company_create_uid_fkey,FOREIGN KEY (create_uid) REFERENCES public.res_users(id) ON DELETE SET NULL
res_company,deferred_time_off_manager,res_users,res_company_deferred_time_off_manager_fkey,FOREIGN KEY (deferred_time_off_manager) REFERENCES public.res_users(id) ON DELETE SET NULL
res_company,intercompany_user_id,res_users,res_company_intercompany_user_id_fkey,FOREIGN KEY (intercompany_user_id) REFERENCES public.res_users(id) ON DELETE SET NULL
res_company,signing_user,res_users,res_company_signing_user_fkey,FOREIGN KEY (signing_user) REFERENCES public.res_users(id) ON DELETE SET NULL
res_company,write_uid,res_users,res_company_write_uid_fkey,FOREIGN KEY (write_uid) REFERENCES public.res_users(id) ON DELETE SET NULL
res_company,resource_calendar_id,resource_calendar,res_company_resource_calendar_id_fkey,FOREIGN KEY (resource_calendar_id) REFERENCES public.resource_calendar(id) ON DELETE RESTRICT
res_company,sale_order_template_id,sale_order_template,res_company_sale_order_template_id_fkey,FOREIGN KEY (sale_order_template_id) REFERENCES public.sale_order_template(id) ON DELETE SET NULL
res_company,stock_sms_confirmation_template_id,sms_template,res_company_stock_sms_confirmation_template_id_fkey,FOREIGN KEY (stock_sms_confirmation_template_id) REFERENCES public.sms_template(id) ON DELETE SET NULL
res_company,internal_transit_location_id,stock_location,res_company_internal_transit_location_id_fkey,FOREIGN KEY (internal_transit_location_id) REFERENCES public.stock_location(id) ON DELETE RESTRICT
res_company,subcontracting_location_id,stock_location,res_company_subcontracting_location_id_fkey,FOREIGN KEY (subcontracting_location_id) REFERENCES public.stock_location(id) ON DELETE SET NULL
res_company,intercompany_receipt_type_id,stock_picking_type,res_company_intercompany_receipt_type_id_fkey,FOREIGN KEY (intercompany_receipt_type_id) REFERENCES public.stock_picking_type(id) ON DELETE SET NULL
res_company,intercompany_warehouse_id,stock_warehouse,res_company_intercompany_warehouse_id_fkey,FOREIGN KEY (intercompany_warehouse_id) REFERENCES public.stock_warehouse(id) ON DELETE SET NULL
res_company,project_time_mode_id,uom_uom,res_company_project_time_mode_id_fkey,FOREIGN KEY (project_time_mode_id) REFERENCES public.uom_uom(id) ON DELETE SET NULL
res_company,timesheet_encode_uom_id,uom_uom,res_company_timesheet_encode_uom_id_fkey,FOREIGN KEY (timesheet_encode_uom_id) REFERENCES public.uom_uom(id) ON DELETE SET NULL
res_company,website_id,website,res_company_website_id_fkey,FOREIGN KEY (website_id) REFERENCES public.website(id) ON DELETE SET NULL
res_company_spreadsheet_dashboard_rel,res_company_id,res_company,res_company_spreadsheet_dashboard_rel_res_company_id_fkey,FOREIGN KEY (res_company_id) REFERENCES public.res_company(id) ON DELETE CASCADE
res_company_spreadsheet_dashboard_rel,spreadsheet_dashboard_id,spreadsheet_dashboard,res_company_spreadsheet_dashboard_spreadsheet_dashboard_id_fkey,FOREIGN KEY (spreadsheet_dashboard_id) REFERENCES public.spreadsheet_dashboard(id) ON DELETE CASCADE
res_company_users_rel,cid,res_company,res_company_users_rel_cid_fkey,FOREIGN KEY (cid) REFERENCES public.res_company(id) ON DELETE CASCADE
res_company_users_rel,user_id,res_users,res_company_users_rel_user_id_fkey,FOREIGN KEY (user_id) REFERENCES public.res_users(id) ON DELETE CASCADE
res_config,create_uid,res_users,res_config_create_uid_fkey,FOREIGN KEY (create_uid) REFERENCES public.res_users(id) ON DELETE SET NULL
res_config,write_uid,res_users,res_config_write_uid_fkey,FOREIGN KEY (write_uid) REFERENCES public.res_users(id) ON DELETE SET NULL
res_config_settings,geoloc_provider_id,base_geo_provider,res_config_settings_geoloc_provider_id_fkey,FOREIGN KEY (geoloc_provider_id) REFERENCES public.base_geo_provider(id) ON DELETE SET NULL
res_config_settings,digest_id,digest_digest,res_config_settings_digest_id_fkey,FOREIGN KEY (digest_id) REFERENCES public.digest_digest(id) ON DELETE SET NULL
res_config_settings,invoice_mail_template_id,mail_template,res_config_settings_invoice_mail_template_id_fkey,FOREIGN KEY (invoice_mail_template_id) REFERENCES public.mail_template(id) ON DELETE SET NULL
res_config_settings,advance_default_product_id,product_product,res_config_settings_advance_default_product_id_fkey,FOREIGN KEY (advance_default_product_id) REFERENCES public.product_product(id) ON DELETE SET NULL
res_config_settings,company_id,res_company,res_config_settings_company_id_fkey,FOREIGN KEY (company_id) REFERENCES public.res_company(id) ON DELETE CASCADE
res_config_settings,auth_signup_template_user_id,res_users,res_config_settings_auth_signup_template_user_id_fkey,FOREIGN KEY (auth_signup_template_user_id) REFERENCES public.res_users(id) ON DELETE SET NULL
res_config_settings,create_uid,res_users,res_config_settings_create_uid_fkey,FOREIGN KEY (create_uid) REFERENCES public.res_users(id) ON DELETE SET NULL
res_config_settings,write_uid,res_users,res_config_settings_write_uid_fkey,FOREIGN KEY (write_uid) REFERENCES public.res_users(id) ON DELETE SET NULL
res_config_settings,website_id,website,res_config_settings_website_id_fkey,FOREIGN KEY (website_id) REFERENCES public.website(id) ON DELETE CASCADE
res_country,address_view_id,ir_ui_view,res_country_address_view_id_fkey,FOREIGN KEY (address_view_id) REFERENCES public.ir_ui_view(id) ON DELETE SET NULL
res_country,currency_id,res_currency,res_country_currency_id_fkey,FOREIGN KEY (currency_id) REFERENCES public.res_currency(id) ON DELETE SET NULL
res_country,create_uid,res_users,res_country_create_uid_fkey,FOREIGN KEY (create_uid) REFERENCES public.res_users(id) ON DELETE SET NULL
res_country,write_uid,res_users,res_country_write_uid_fkey,FOREIGN KEY (write_uid) REFERENCES public.res_users(id) ON DELETE SET NULL
res_country_group,create_uid,res_users,res_country_group_create_uid_fkey,FOREIGN KEY (create_uid) REFERENCES public.res_users(id) ON DELETE SET NULL
res_country_group,write_uid,res_users,res_country_group_write_uid_fkey,FOREIGN KEY (write_uid) REFERENCES public.res_users(id) ON DELETE SET NULL
res_country_group_pricelist_rel,pricelist_id,product_pricelist,res_country_group_pricelist_rel_pricelist_id_fkey,FOREIGN KEY (pricelist_id) REFERENCES public.product_pricelist(id) ON DELETE CASCADE
res_country_group_pricelist_rel,res_country_group_id,res_country_group,res_country_group_pricelist_rel_res_country_group_id_fkey,FOREIGN KEY (res_country_group_id) REFERENCES public.res_country_group(id) ON DELETE CASCADE
res_country_group_res_country_state_rel,res_country_group_id,res_country_group,res_country_group_res_country_state_r_res_country_group_id_fkey,FOREIGN KEY (res_country_group_id) REFERENCES public.res_country_group(id) ON DELETE CASCADE
res_country_group_res_country_state_rel,res_country_state_id,res_country_state,res_country_group_res_country_state_r_res_country_state_id_fkey,FOREIGN KEY (res_country_state_id) REFERENCES public.res_country_state(id) ON DELETE CASCADE
res_country_res_country_group_rel,res_country_id,res_country,res_country_res_country_group_rel_res_country_id_fkey,FOREIGN KEY (res_country_id) REFERENCES public.res_country(id) ON DELETE CASCADE
res_country_res_country_group_rel,res_country_group_id,res_country_group,res_country_res_country_group_rel_res_country_group_id_fkey,FOREIGN KEY (res_country_group_id) REFERENCES public.res_country_group(id) ON DELETE CASCADE
res_country_state,country_id,res_country,res_country_state_country_id_fkey,FOREIGN KEY (country_id) REFERENCES public.res_country(id) ON DELETE RESTRICT
res_country_state,create_uid,res_users,res_country_state_create_uid_fkey,FOREIGN KEY (create_uid) REFERENCES public.res_users(id) ON DELETE SET NULL
res_country_state,write_uid,res_users,res_country_state_write_uid_fkey,FOREIGN KEY (write_uid) REFERENCES public.res_users(id) ON DELETE SET NULL
res_currency,create_uid,res_users,res_currency_create_uid_fkey,FOREIGN KEY (create_uid) REFERENCES public.res_users(id) ON DELETE SET NULL
res_currency,write_uid,res_users,res_currency_write_uid_fkey,FOREIGN KEY (write_uid) REFERENCES public.res_users(id) ON DELETE SET NULL
res_currency_rate,company_id,res_company,res_currency_rate_company_id_fkey,FOREIGN KEY (company_id) REFERENCES public.res_company(id) ON DELETE SET NULL
res_currency_rate,currency_id,res_currency,res_currency_rate_currency_id_fkey,FOREIGN KEY (currency_id) REFERENCES public.res_currency(id) ON DELETE CASCADE
res_currency_rate,create_uid,res_users,res_currency_rate_create_uid_fkey,FOREIGN KEY (create_uid) REFERENCES public.res_users(id) ON DELETE SET NULL
res_currency_rate,write_uid,res_users,res_currency_rate_write_uid_fkey,FOREIGN KEY (write_uid) REFERENCES public.res_users(id) ON DELETE SET NULL
res_device_log,create_uid,res_users,res_device_log_create_uid_fkey,FOREIGN KEY (create_uid) REFERENCES public.res_users(id) ON DELETE SET NULL
res_device_log,user_id,res_users,res_device_log_user_id_fkey,FOREIGN KEY (user_id) REFERENCES public.res_users(id) ON DELETE SET NULL
res_device_log,write_uid,res_users,res_device_log_write_uid_fkey,FOREIGN KEY (write_uid) REFERENCES public.res_users(id) ON DELETE SET NULL
res_groups,privilege_id,res_groups_privilege,res_groups_privilege_id_fkey,FOREIGN KEY (privilege_id) REFERENCES public.res_groups_privilege(id) ON DELETE SET NULL
res_groups,create_uid,res_users,res_groups_create_uid_fkey,FOREIGN KEY (create_uid) REFERENCES public.res_users(id) ON DELETE SET NULL
res_groups,write_uid,res_users,res_groups_write_uid_fkey,FOREIGN KEY (write_uid) REFERENCES public.res_users(id) ON DELETE SET NULL
res_groups_implied_rel,gid,res_groups,res_groups_implied_rel_gid_fkey,FOREIGN KEY (gid) REFERENCES public.res_groups(id) ON DELETE CASCADE
res_groups_implied_rel,hid,res_groups,res_groups_implied_rel_hid_fkey,FOREIGN KEY (hid) REFERENCES public.res_groups(id) ON DELETE CASCADE
res_groups_privilege,category_id,ir_module_category,res_groups_privilege_category_id_fkey,FOREIGN KEY (category_id) REFERENCES public.ir_module_category(id) ON DELETE SET NULL
res_groups_privilege,create_uid,res_users,res_groups_privilege_create_uid_fkey,FOREIGN KEY (create_uid) REFERENCES public.res_users(id) ON DELETE SET NULL
res_groups_privilege,write_uid,res_users,res_groups_privilege_write_uid_fkey,FOREIGN KEY (write_uid) REFERENCES public.res_users(id) ON DELETE SET NULL
res_groups_report_rel,uid,ir_act_report_xml,res_groups_report_rel_uid_fkey,FOREIGN KEY (uid) REFERENCES public.ir_act_report_xml(id) ON DELETE CASCADE
res_groups_report_rel,gid,res_groups,res_groups_report_rel_gid_fkey,FOREIGN KEY (gid) REFERENCES public.res_groups(id) ON DELETE CASCADE
res_groups_sign_template_rel,res_groups_id,res_groups,res_groups_sign_template_rel_res_groups_id_fkey,FOREIGN KEY (res_groups_id) REFERENCES public.res_groups(id) ON DELETE CASCADE
res_groups_sign_template_rel,sign_template_id,sign_template,res_groups_sign_template_rel_sign_template_id_fkey,FOREIGN KEY (sign_template_id) REFERENCES public.sign_template(id) ON DELETE CASCADE
res_groups_slide_channel_rel,res_groups_id,res_groups,res_groups_slide_channel_rel_res_groups_id_fkey,FOREIGN KEY (res_groups_id) REFERENCES public.res_groups(id) ON DELETE CASCADE
res_groups_slide_channel_rel,slide_channel_id,slide_channel,res_groups_slide_channel_rel_slide_channel_id_fkey,FOREIGN KEY (slide_channel_id) REFERENCES public.slide_channel(id) ON DELETE CASCADE
res_groups_spreadsheet_dashboard_rel,res_groups_id,res_groups,res_groups_spreadsheet_dashboard_rel_res_groups_id_fkey,FOREIGN KEY (res_groups_id) REFERENCES public.res_groups(id) ON DELETE CASCADE
res_groups_spreadsheet_dashboard_rel,spreadsheet_dashboard_id,spreadsheet_dashboard,res_groups_spreadsheet_dashboard__spreadsheet_dashboard_id_fkey,FOREIGN KEY (spreadsheet_dashboard_id) REFERENCES public.spreadsheet_dashboard(id) ON DELETE CASCADE
res_groups_spreadsheet_document_to_dashboard_rel,res_groups_id,res_groups,res_groups_spreadsheet_document_to_dashboard_res_groups_id_fkey,FOREIGN KEY (res_groups_id) REFERENCES public.res_groups(id) ON DELETE CASCADE
res_groups_spreadsheet_document_to_dashboard_rel,spreadsheet_document_to_dashboard_id,spreadsheet_document_to_dashboard,res_groups_spreadsheet_docume_spreadsheet_document_to_dash_fkey,FOREIGN KEY (spreadsheet_document_to_dashboard_id) REFERENCES public.spreadsheet_document_to_dashboard(id) ON DELETE CASCADE
res_groups_users_rel,gid,res_groups,res_groups_users_rel_gid_fkey,FOREIGN KEY (gid) REFERENCES public.res_groups(id) ON DELETE CASCADE
res_groups_users_rel,uid,res_users,res_groups_users_rel_uid_fkey,FOREIGN KEY (uid) REFERENCES public.res_users(id) ON DELETE CASCADE
res_groups_website_menu_rel,res_groups_id,res_groups,res_groups_website_menu_rel_res_groups_id_fkey,FOREIGN KEY (res_groups_id) REFERENCES public.res_groups(id) ON DELETE CASCADE
res_groups_website_menu_rel,website_menu_id,website_menu,res_groups_website_menu_rel_website_menu_id_fkey,FOREIGN KEY (website_menu_id) REFERENCES public.website_menu(id) ON DELETE CASCADE
res_lang,create_uid,res_users,res_lang_create_uid_fkey,FOREIGN KEY (create_uid) REFERENCES public.res_users(id) ON DELETE SET NULL
res_lang,write_uid,res_users,res_lang_write_uid_fkey,FOREIGN KEY (write_uid) REFERENCES public.res_users(id) ON DELETE SET NULL
res_lang_install_rel,language_wizard_id,base_language_install,res_lang_install_rel_language_wizard_id_fkey,FOREIGN KEY (language_wizard_id) REFERENCES public.base_language_install(id) ON DELETE CASCADE
res_lang_install_rel,lang_id,res_lang,res_lang_install_rel_lang_id_fkey,FOREIGN KEY (lang_id) REFERENCES public.res_lang(id) ON DELETE CASCADE
res_lang_res_users_settings_rel,res_lang_id,res_lang,res_lang_res_users_settings_rel_res_lang_id_fkey,FOREIGN KEY (res_lang_id) REFERENCES public.res_lang(id) ON DELETE CASCADE
res_lang_res_users_settings_rel,res_users_settings_id,res_users_settings,res_lang_res_users_settings_rel_res_users_settings_id_fkey,FOREIGN KEY (res_users_settings_id) REFERENCES public.res_users_settings(id) ON DELETE CASCADE
res_lang_survey_survey_rel,res_lang_id,res_lang,res_lang_survey_survey_rel_res_lang_id_fkey,FOREIGN KEY (res_lang_id) REFERENCES public.res_lang(id) ON DELETE CASCADE
res_lang_survey_survey_rel,survey_survey_id,survey_survey,res_lang_survey_survey_rel_survey_survey_id_fkey,FOREIGN KEY (survey_survey_id) REFERENCES public.survey_survey(id) ON DELETE CASCADE
res_partner,brand_id,bh_brand,res_partner_brand_id_fkey,FOREIGN KEY (brand_id) REFERENCES public.bh_brand(id) ON DELETE SET NULL
res_partner,parent_company_id,bh_parent_company,res_partner_parent_company_id_fkey,FOREIGN KEY (parent_company_id) REFERENCES public.bh_parent_company(id) ON DELETE SET NULL
res_partner,store_type_id,bh_store_type,res_partner_store_type_id_fkey,FOREIGN KEY (store_type_id) REFERENCES public.bh_store_type(id) ON DELETE SET NULL
res_partner,invoice_template_pdf_report_id,ir_act_report_xml,res_partner_invoice_template_pdf_report_id_fkey,FOREIGN KEY (invoice_template_pdf_report_id) REFERENCES public.ir_act_report_xml(id) ON DELETE SET NULL
res_partner,city_id,res_city,res_partner_city_id_fkey,FOREIGN KEY (city_id) REFERENCES public.res_city(id) ON DELETE SET NULL
res_partner,zip_id,res_city_zip,res_partner_zip_id_fkey,FOREIGN KEY (zip_id) REFERENCES public.res_city_zip(id) ON DELETE SET NULL
res_partner,company_id,res_company,res_partner_company_id_fkey,FOREIGN KEY (company_id) REFERENCES public.res_company(id) ON DELETE SET NULL
res_partner,country_id,res_country,res_partner_country_id_fkey,FOREIGN KEY (country_id) REFERENCES public.res_country(id) ON DELETE RESTRICT
res_partner,state_id,res_country_state,res_partner_state_id_fkey,FOREIGN KEY (state_id) REFERENCES public.res_country_state(id) ON DELETE RESTRICT
res_partner,equity_currency_id,res_currency,res_partner_equity_currency_id_fkey,FOREIGN KEY (equity_currency_id) REFERENCES public.res_currency(id) ON DELETE SET NULL
res_partner,commercial_partner_id,res_partner,res_partner_commercial_partner_id_fkey,FOREIGN KEY (commercial_partner_id) REFERENCES public.res_partner(id) ON DELETE SET NULL
res_partner,hq_brand_id,res_partner,res_partner_hq_brand_id_fkey,FOREIGN KEY (hq_brand_id) REFERENCES public.res_partner(id) ON DELETE SET NULL
res_partner,parent_id,res_partner,res_partner_parent_id_fkey,FOREIGN KEY (parent_id) REFERENCES public.res_partner(id) ON DELETE SET NULL
res_partner,partner_company_type_id,res_partner_company_type,res_partner_partner_company_type_id_fkey,FOREIGN KEY (partner_company_type_id) REFERENCES public.res_partner_company_type(id) ON DELETE SET NULL
res_partner,industry_id,res_partner_industry,res_partner_industry_id_fkey,FOREIGN KEY (industry_id) REFERENCES public.res_partner_industry(id) ON DELETE SET NULL
res_partner,title,res_partner_title,res_partner_title_fkey,FOREIGN KEY (title) REFERENCES public.res_partner_title(id) ON DELETE SET NULL
res_partner,buyer_id,res_users,res_partner_buyer_id_fkey,FOREIGN KEY (buyer_id) REFERENCES public.res_users(id) ON DELETE SET NULL
res_partner,create_uid,res_users,res_partner_create_uid_fkey,FOREIGN KEY (create_uid) REFERENCES public.res_users(id) ON DELETE SET NULL
res_partner,user_id,res_users,res_partner_user_id_fkey,FOREIGN KEY (user_id) REFERENCES public.res_users(id) ON DELETE SET NULL
res_partner,write_uid,res_users,res_partner_write_uid_fkey,FOREIGN KEY (write_uid) REFERENCES public.res_users(id) ON DELETE SET NULL
res_partner,website_id,website,res_partner_website_id_fkey,FOREIGN KEY (website_id) REFERENCES public.website(id) ON DELETE RESTRICT
res_partner_bank,bank_id,res_bank,res_partner_bank_bank_id_fkey,FOREIGN KEY (bank_id) REFERENCES public.res_bank(id) ON DELETE SET NULL
res_partner_bank,company_id,res_company,res_partner_bank_company_id_fkey,FOREIGN KEY (company_id) REFERENCES public.res_company(id) ON DELETE SET NULL
res_partner_bank,currency_id,res_currency,res_partner_bank_currency_id_fkey,FOREIGN KEY (currency_id) REFERENCES public.res_currency(id) ON DELETE SET NULL
res_partner_bank,partner_id,res_partner,res_partner_bank_partner_id_fkey,FOREIGN KEY (partner_id) REFERENCES public.res_partner(id) ON DELETE CASCADE
res_partner_bank,create_uid,res_users,res_partner_bank_create_uid_fkey,FOREIGN KEY (create_uid) REFERENCES public.res_users(id) ON DELETE SET NULL
res_partner_bank,write_uid,res_users,res_partner_bank_write_uid_fkey,FOREIGN KEY (write_uid) REFERENCES public.res_users(id) ON DELETE SET NULL
res_partner_category,parent_id,res_partner_category,res_partner_category_parent_id_fkey,FOREIGN KEY (parent_id) REFERENCES public.res_partner_category(id) ON DELETE CASCADE
res_partner_category,create_uid,res_users,res_partner_category_create_uid_fkey,FOREIGN KEY (create_uid) REFERENCES public.res_users(id) ON DELETE SET NULL
res_partner_category,write_uid,res_users,res_partner_category_write_uid_fkey,FOREIGN KEY (write_uid) REFERENCES public.res_users(id) ON DELETE SET NULL
res_partner_company_type,create_uid,res_users,res_partner_company_type_create_uid_fkey,FOREIGN KEY (create_uid) REFERENCES public.res_users(id) ON DELETE SET NULL
res_partner_company_type,write_uid,res_users,res_partner_company_type_write_uid_fkey,FOREIGN KEY (write_uid) REFERENCES public.res_users(id) ON DELETE SET NULL
res_partner_industry,create_uid,res_users,res_partner_industry_create_uid_fkey,FOREIGN KEY (create_uid) REFERENCES public.res_users(id) ON DELETE SET NULL
res_partner_industry,write_uid,res_users,res_partner_industry_write_uid_fkey,FOREIGN KEY (write_uid) REFERENCES public.res_users(id) ON DELETE SET NULL
res_partner_res_partner_category_rel,partner_id,res_partner,res_partner_res_partner_category_rel_partner_id_fkey,FOREIGN KEY (partner_id) REFERENCES public.res_partner(id) ON DELETE CASCADE
res_partner_res_partner_category_rel,category_id,res_partner_category,res_partner_res_partner_category_rel_category_id_fkey,FOREIGN KEY (category_id) REFERENCES public.res_partner_category(id) ON DELETE CASCADE
res_partner_sign_send_request_rel,res_partner_id,res_partner,res_partner_sign_send_request_rel_res_partner_id_fkey,FOREIGN KEY (res_partner_id) REFERENCES public.res_partner(id) ON DELETE CASCADE
res_partner_sign_send_request_rel,sign_send_request_id,sign_send_request,res_partner_sign_send_request_rel_sign_send_request_id_fkey,FOREIGN KEY (sign_send_request_id) REFERENCES public.sign_send_request(id) ON DELETE CASCADE
res_partner_slide_channel_invite_rel,res_partner_id,res_partner,res_partner_slide_channel_invite_rel_res_partner_id_fkey,FOREIGN KEY (res_partner_id) REFERENCES public.res_partner(id) ON DELETE CASCADE
res_partner_slide_channel_invite_rel,slide_channel_invite_id,slide_channel_invite,res_partner_slide_channel_invite_r_slide_channel_invite_id_fkey,FOREIGN KEY (slide_channel_invite_id) REFERENCES public.slide_channel_invite(id) ON DELETE CASCADE
res_partner_task_share_wizard_rel,res_partner_id,res_partner,res_partner_task_share_wizard_rel_res_partner_id_fkey,FOREIGN KEY (res_partner_id) REFERENCES public.res_partner(id) ON DELETE CASCADE
res_partner_task_share_wizard_rel,task_share_wizard_id,task_share_wizard,res_partner_task_share_wizard_rel_task_share_wizard_id_fkey,FOREIGN KEY (task_share_wizard_id) REFERENCES public.task_share_wizard(id) ON DELETE CASCADE
res_partner_title,create_uid,res_users,res_partner_title_create_uid_fkey,FOREIGN KEY (create_uid) REFERENCES public.res_users(id) ON DELETE SET NULL
res_partner_title,write_uid,res_users,res_partner_title_write_uid_fkey,FOREIGN KEY (write_uid) REFERENCES public.res_users(id) ON DELETE SET NULL
res_role,create_uid,res_users,res_role_create_uid_fkey,FOREIGN KEY (create_uid) REFERENCES public.res_users(id) ON DELETE SET NULL
res_role,write_uid,res_users,res_role_write_uid_fkey,FOREIGN KEY (write_uid) REFERENCES public.res_users(id) ON DELETE SET NULL
res_role_res_users_rel,res_role_id,res_role,res_role_res_users_rel_res_role_id_fkey,FOREIGN KEY (res_role_id) REFERENCES public.res_role(id) ON DELETE CASCADE
res_role_res_users_rel,res_users_id,res_users,res_role_res_users_rel_res_users_id_fkey,FOREIGN KEY (res_users_id) REFERENCES public.res_users(id) ON DELETE CASCADE
res_user_approval_rule_notify_rel,res_users_id,res_users,res_user_approval_rule_notify_rel_res_users_id_fkey,FOREIGN KEY (res_users_id) REFERENCES public.res_users(id) ON DELETE CASCADE
res_user_approval_rule_notify_rel,studio_approval_rule_delegate_id,studio_approval_rule_delegate,res_user_approval_rule_notify_studio_approval_rule_delegat_fkey,FOREIGN KEY (studio_approval_rule_delegate_id) REFERENCES public.studio_approval_rule_delegate(id) ON DELETE CASCADE
res_users,sale_team_id,crm_team,res_users_sale_team_id_fkey,FOREIGN KEY (sale_team_id) REFERENCES public.crm_team(id) ON DELETE SET NULL
res_users,next_rank_id,gamification_karma_rank,res_users_next_rank_id_fkey,FOREIGN KEY (next_rank_id) REFERENCES public.gamification_karma_rank(id) ON DELETE SET NULL
res_users,rank_id,gamification_karma_rank,res_users_rank_id_fkey,FOREIGN KEY (rank_id) REFERENCES public.gamification_karma_rank(id) ON DELETE SET NULL
res_users,hr_referral_level_id,hr_referral_level,res_users_hr_referral_level_id_fkey,FOREIGN KEY (hr_referral_level_id) REFERENCES public.hr_referral_level(id) ON DELETE SET NULL
res_users,company_id,res_company,res_users_company_id_fkey,FOREIGN KEY (company_id) REFERENCES public.res_company(id) ON DELETE RESTRICT
res_users,partner_id,res_partner,res_users_partner_id_fkey,FOREIGN KEY (partner_id) REFERENCES public.res_partner(id) ON DELETE RESTRICT
res_users,create_uid,res_users,res_users_create_uid_fkey,FOREIGN KEY (create_uid) REFERENCES public.res_users(id) ON DELETE SET NULL
res_users,write_uid,res_users,res_users_write_uid_fkey,FOREIGN KEY (write_uid) REFERENCES public.res_users(id) ON DELETE SET NULL
res_users,utm_source_id,utm_source,res_users_utm_source_id_fkey,FOREIGN KEY (utm_source_id) REFERENCES public.utm_source(id) ON DELETE RESTRICT
res_users,website_id,website,res_users_website_id_fkey,FOREIGN KEY (website_id) REFERENCES public.website(id) ON DELETE SET NULL
res_users_apikeys,user_id,res_users,res_users_apikeys_user_id_fkey,FOREIGN KEY (user_id) REFERENCES public.res_users(id) ON DELETE CASCADE
res_users_apikeys_description,create_uid,res_users,res_users_apikeys_description_create_uid_fkey,FOREIGN KEY (create_uid) REFERENCES public.res_users(id) ON DELETE SET NULL
res_users_apikeys_description,write_uid,res_users,res_users_apikeys_description_write_uid_fkey,FOREIGN KEY (write_uid) REFERENCES public.res_users(id) ON DELETE SET NULL
res_users_deletion,create_uid,res_users,res_users_deletion_create_uid_fkey,FOREIGN KEY (create_uid) REFERENCES public.res_users(id) ON DELETE SET NULL
res_users_deletion,user_id,res_users,res_users_deletion_user_id_fkey,FOREIGN KEY (user_id) REFERENCES public.res_users(id) ON DELETE SET NULL
res_users_deletion,write_uid,res_users,res_users_deletion_write_uid_fkey,FOREIGN KEY (write_uid) REFERENCES public.res_users(id) ON DELETE SET NULL
res_users_identitycheck,create_uid,res_users,res_users_identitycheck_create_uid_fkey,FOREIGN KEY (create_uid) REFERENCES public.res_users(id) ON DELETE SET NULL
res_users_identitycheck,write_uid,res_users,res_users_identitycheck_write_uid_fkey,FOREIGN KEY (write_uid) REFERENCES public.res_users(id) ON DELETE SET NULL
res_users_log,create_uid,res_users,res_users_log_create_uid_fkey,FOREIGN KEY (create_uid) REFERENCES public.res_users(id) ON DELETE SET NULL
res_users_log,write_uid,res_users,res_users_log_write_uid_fkey,FOREIGN KEY (write_uid) REFERENCES public.res_users(id) ON DELETE SET NULL
res_users_settings,create_uid,res_users,res_users_settings_create_uid_fkey,FOREIGN KEY (create_uid) REFERENCES public.res_users(id) ON DELETE SET NULL
res_users_settings,user_id,res_users,res_users_settings_user_id_fkey,FOREIGN KEY (user_id) REFERENCES public.res_users(id) ON DELETE CASCADE
res_users_settings,write_uid,res_users,res_users_settings_write_uid_fkey,FOREIGN KEY (write_uid) REFERENCES public.res_users(id) ON DELETE SET NULL
res_users_settings_embedded_action,action_id,ir_act_window,res_users_settings_embedded_action_action_id_fkey,FOREIGN KEY (action_id) REFERENCES public.ir_act_window(id) ON DELETE CASCADE
res_users_settings_embedded_action,create_uid,res_users,res_users_settings_embedded_action_create_uid_fkey,FOREIGN KEY (create_uid) REFERENCES public.res_users(id) ON DELETE SET NULL
res_users_settings_embedded_action,write_uid,res_users,res_users_settings_embedded_action_write_uid_fkey,FOREIGN KEY (write_uid) REFERENCES public.res_users(id) ON DELETE SET NULL
res_users_settings_embedded_action,user_setting_id,res_users_settings,res_users_settings_embedded_action_user_setting_id_fkey,FOREIGN KEY (user_setting_id) REFERENCES public.res_users_settings(id) ON DELETE CASCADE
res_users_settings_volumes,guest_id,res_partner,res_users_settings_volumes_guest_id_fkey,FOREIGN KEY (guest_id) REFERENCES public.res_partner(id) ON DELETE CASCADE
res_users_settings_volumes,partner_id,res_partner,res_users_settings_volumes_partner_id_fkey,FOREIGN KEY (partner_id) REFERENCES public.res_partner(id) ON DELETE CASCADE
res_users_settings_volumes,create_uid,res_users,res_users_settings_volumes_create_uid_fkey,FOREIGN KEY (create_uid) REFERENCES public.res_users(id) ON DELETE SET NULL
res_users_settings_volumes,write_uid,res_users,res_users_settings_volumes_write_uid_fkey,FOREIGN KEY (write_uid) REFERENCES public.res_users(id) ON DELETE SET NULL
res_users_settings_volumes,user_setting_id,res_users_settings,res_users_settings_volumes_user_setting_id_fkey,FOREIGN KEY (user_setting_id) REFERENCES public.res_users_settings(id) ON DELETE CASCADE
res_users_sign_request_rel,res_users_id,res_users,res_users_sign_request_rel_res_users_id_fkey,FOREIGN KEY (res_users_id) REFERENCES public.res_users(id) ON DELETE CASCADE
res_users_sign_request_rel,sign_request_id,sign_request,res_users_sign_request_rel_sign_request_id_fkey,FOREIGN KEY (sign_request_id) REFERENCES public.sign_request(id) ON DELETE CASCADE
res_users_spreadsheet_dashboard_rel,res_users_id,res_users,res_users_spreadsheet_dashboard_rel_res_users_id_fkey,FOREIGN KEY (res_users_id) REFERENCES public.res_users(id) ON DELETE CASCADE
res_users_spreadsheet_dashboard_rel,spreadsheet_dashboard_id,spreadsheet_dashboard,res_users_spreadsheet_dashboard_r_spreadsheet_dashboard_id_fkey,FOREIGN KEY (spreadsheet_dashboard_id) REFERENCES public.spreadsheet_dashboard(id) ON DELETE CASCADE
res_users_studio_approval_rule_delegate_rel,res_users_id,res_users,res_users_studio_approval_rule_delegate_rel_res_users_id_fkey,FOREIGN KEY (res_users_id) REFERENCES public.res_users(id) ON DELETE CASCADE
res_users_studio_approval_rule_delegate_rel,studio_approval_rule_delegate_id,studio_approval_rule_delegate,res_users_studio_approval_rul_studio_approval_rule_delegat_fkey,FOREIGN KEY (studio_approval_rule_delegate_id) REFERENCES public.studio_approval_rule_delegate(id) ON DELETE CASCADE
res_users_survey_survey_rel,res_users_id,res_users,res_users_survey_survey_rel_res_users_id_fkey,FOREIGN KEY (res_users_id) REFERENCES public.res_users(id) ON DELETE CASCADE
res_users_survey_survey_rel,survey_survey_id,survey_survey,res_users_survey_survey_rel_survey_survey_id_fkey,FOREIGN KEY (survey_survey_id) REFERENCES public.survey_survey(id) ON DELETE CASCADE
res_users_web_tour_tour_rel,res_users_id,res_users,res_users_web_tour_tour_rel_res_users_id_fkey,FOREIGN KEY (res_users_id) REFERENCES public.res_users(id) ON DELETE CASCADE
res_users_web_tour_tour_rel,web_tour_tour_id,web_tour_tour,res_users_web_tour_tour_rel_web_tour_tour_id_fkey,FOREIGN KEY (web_tour_tour_id) REFERENCES public.web_tour_tour(id) ON DELETE CASCADE
reset_view_arch_wizard,compare_view_id,ir_ui_view,reset_view_arch_wizard_compare_view_id_fkey,FOREIGN KEY (compare_view_id) REFERENCES public.ir_ui_view(id) ON DELETE SET NULL
reset_view_arch_wizard,view_id,ir_ui_view,reset_view_arch_wizard_view_id_fkey,FOREIGN KEY (view_id) REFERENCES public.ir_ui_view(id) ON DELETE SET NULL
reset_view_arch_wizard,create_uid,res_users,reset_view_arch_wizard_create_uid_fkey,FOREIGN KEY (create_uid) REFERENCES public.res_users(id) ON DELETE SET NULL
reset_view_arch_wizard,write_uid,res_users,reset_view_arch_wizard_write_uid_fkey,FOREIGN KEY (write_uid) REFERENCES public.res_users(id) ON DELETE SET NULL
resource_calendar,company_id,res_company,resource_calendar_company_id_fkey,FOREIGN KEY (company_id) REFERENCES public.res_company(id) ON DELETE SET NULL
resource_calendar,create_uid,res_users,resource_calendar_create_uid_fkey,FOREIGN KEY (create_uid) REFERENCES public.res_users(id) ON DELETE SET NULL
resource_calendar,write_uid,res_users,resource_calendar_write_uid_fkey,FOREIGN KEY (write_uid) REFERENCES public.res_users(id) ON DELETE SET NULL
resource_calendar_attendance,work_entry_type_id,hr_work_entry_type,resource_calendar_attendance_work_entry_type_id_fkey,FOREIGN KEY (work_entry_type_id) REFERENCES public.hr_work_entry_type(id) ON DELETE SET NULL
resource_calendar_attendance,create_uid,res_users,resource_calendar_attendance_create_uid_fkey,FOREIGN KEY (create_uid) REFERENCES public.res_users(id) ON DELETE SET NULL
resource_calendar_attendance,write_uid,res_users,resource_calendar_attendance_write_uid_fkey,FOREIGN KEY (write_uid) REFERENCES public.res_users(id) ON DELETE SET NULL
resource_calendar_attendance,calendar_id,resource_calendar,resource_calendar_attendance_calendar_id_fkey,FOREIGN KEY (calendar_id) REFERENCES public.resource_calendar(id) ON DELETE CASCADE
resource_calendar_leaves,holiday_id,hr_leave,resource_calendar_leaves_holiday_id_fkey,FOREIGN KEY (holiday_id) REFERENCES public.hr_leave(id) ON DELETE SET NULL
resource_calendar_leaves,work_entry_type_id,hr_work_entry_type,resource_calendar_leaves_work_entry_type_id_fkey,FOREIGN KEY (work_entry_type_id) REFERENCES public.hr_work_entry_type(id) ON DELETE SET NULL
resource_calendar_leaves,company_id,res_company,resource_calendar_leaves_company_id_fkey,FOREIGN KEY (company_id) REFERENCES public.res_company(id) ON DELETE SET NULL
resource_calendar_leaves,create_uid,res_users,resource_calendar_leaves_create_uid_fkey,FOREIGN KEY (create_uid) REFERENCES public.res_users(id) ON DELETE SET NULL
resource_calendar_leaves,write_uid,res_users,resource_calendar_leaves_write_uid_fkey,FOREIGN KEY (write_uid) REFERENCES public.res_users(id) ON DELETE SET NULL
resource_calendar_leaves,calendar_id,resource_calendar,resource_calendar_leaves_calendar_id_fkey,FOREIGN KEY (calendar_id) REFERENCES public.resource_calendar(id) ON DELETE SET NULL
resource_calendar_leaves,resource_id,resource_resource,resource_calendar_leaves_resource_id_fkey,FOREIGN KEY (resource_id) REFERENCES public.resource_resource(id) ON DELETE SET NULL
resource_resource,default_role_id,planning_role,resource_resource_default_role_id_fkey,FOREIGN KEY (default_role_id) REFERENCES public.planning_role(id) ON DELETE SET NULL
resource_resource,company_id,res_company,resource_resource_company_id_fkey,FOREIGN KEY (company_id) REFERENCES public.res_company(id) ON DELETE SET NULL
resource_resource,create_uid,res_users,resource_resource_create_uid_fkey,FOREIGN KEY (create_uid) REFERENCES public.res_users(id) ON DELETE SET NULL
resource_resource,user_id,res_users,resource_resource_user_id_fkey,FOREIGN KEY (user_id) REFERENCES public.res_users(id) ON DELETE SET NULL
resource_resource,write_uid,res_users,resource_resource_write_uid_fkey,FOREIGN KEY (write_uid) REFERENCES public.res_users(id) ON DELETE SET NULL
resource_resource,calendar_id,resource_calendar,resource_resource_calendar_id_fkey,FOREIGN KEY (calendar_id) REFERENCES public.resource_calendar(id) ON DELETE SET NULL
resource_resource_planning_role_rel,planning_role_id,planning_role,resource_resource_planning_role_rel_planning_role_id_fkey,FOREIGN KEY (planning_role_id) REFERENCES public.planning_role(id) ON DELETE CASCADE
resource_resource_planning_role_rel,resource_resource_id,resource_resource,resource_resource_planning_role_rel_resource_resource_id_fkey,FOREIGN KEY (resource_resource_id) REFERENCES public.resource_resource(id) ON DELETE CASCADE
rule_group_rel,rule_group_id,ir_rule,rule_group_rel_rule_group_id_fkey,FOREIGN KEY (rule_group_id) REFERENCES public.ir_rule(id) ON DELETE CASCADE
rule_group_rel,group_id,res_groups,rule_group_rel_group_id_fkey,FOREIGN KEY (group_id) REFERENCES public.res_groups(id) ON DELETE RESTRICT
sale_additional_detail,product_id,product_product,sale_additional_detail_product_id_fkey,FOREIGN KEY (product_id) REFERENCES public.product_product(id) ON DELETE SET NULL
sale_additional_detail,create_uid,res_users,sale_additional_detail_create_uid_fkey,FOREIGN KEY (create_uid) REFERENCES public.res_users(id) ON DELETE SET NULL
sale_additional_detail,write_uid,res_users,sale_additional_detail_write_uid_fkey,FOREIGN KEY (write_uid) REFERENCES public.res_users(id) ON DELETE SET NULL
sale_additional_detail,sale_id,sale_order,sale_additional_detail_sale_id_fkey,FOREIGN KEY (sale_id) REFERENCES public.sale_order(id) ON DELETE SET NULL
sale_advance_payment_inv,company_id,res_company,sale_advance_payment_inv_company_id_fkey,FOREIGN KEY (company_id) REFERENCES public.res_company(id) ON DELETE SET NULL
sale_advance_payment_inv,currency_id,res_currency,sale_advance_payment_inv_currency_id_fkey,FOREIGN KEY (currency_id) REFERENCES public.res_currency(id) ON DELETE SET NULL
sale_advance_payment_inv,create_uid,res_users,sale_advance_payment_inv_create_uid_fkey,FOREIGN KEY (create_uid) REFERENCES public.res_users(id) ON DELETE SET NULL
sale_advance_payment_inv,write_uid,res_users,sale_advance_payment_inv_write_uid_fkey,FOREIGN KEY (write_uid) REFERENCES public.res_users(id) ON DELETE SET NULL
sale_advance_payment_inv_sale_order_rel,sale_advance_payment_inv_id,sale_advance_payment_inv,sale_advance_payment_inv_sale__sale_advance_payment_inv_id_fkey,FOREIGN KEY (sale_advance_payment_inv_id) REFERENCES public.sale_advance_payment_inv(id) ON DELETE CASCADE
sale_advance_payment_inv_sale_order_rel,sale_order_id,sale_order,sale_advance_payment_inv_sale_order_rel_sale_order_id_fkey,FOREIGN KEY (sale_order_id) REFERENCES public.sale_order(id) ON DELETE CASCADE
sale_job_type,create_uid,res_users,sale_job_type_create_uid_fkey,FOREIGN KEY (create_uid) REFERENCES public.res_users(id) ON DELETE SET NULL
sale_job_type,write_uid,res_users,sale_job_type_write_uid_fkey,FOREIGN KEY (write_uid) REFERENCES public.res_users(id) ON DELETE SET NULL
sale_mass_cancel_orders,create_uid,res_users,sale_mass_cancel_orders_create_uid_fkey,FOREIGN KEY (create_uid) REFERENCES public.res_users(id) ON DELETE SET NULL
sale_mass_cancel_orders,write_uid,res_users,sale_mass_cancel_orders_write_uid_fkey,FOREIGN KEY (write_uid) REFERENCES public.res_users(id) ON DELETE SET NULL
sale_order,fiscal_position_id,account_fiscal_position,sale_order_fiscal_position_id_fkey,FOREIGN KEY (fiscal_position_id) REFERENCES public.account_fiscal_position(id) ON DELETE SET NULL
sale_order,incoterm,account_incoterms,sale_order_incoterm_fkey,FOREIGN KEY (incoterm) REFERENCES public.account_incoterms(id) ON DELETE SET NULL
sale_order,journal_id,account_journal,sale_order_journal_id_fkey,FOREIGN KEY (journal_id) REFERENCES public.account_journal(id) ON DELETE SET NULL
sale_order,preferred_payment_method_line_id,account_payment_method_line,sale_order_preferred_payment_method_line_id_fkey,FOREIGN KEY (preferred_payment_method_line_id) REFERENCES public.account_payment_method_line(id) ON DELETE SET NULL
sale_order,payment_term_id,account_payment_term,sale_order_payment_term_id_fkey,FOREIGN KEY (payment_term_id) REFERENCES public.account_payment_term(id) ON DELETE SET NULL
sale_order,brand_id,bh_brand,sale_order_brand_id_fkey,FOREIGN KEY (brand_id) REFERENCES public.bh_brand(id) ON DELETE SET NULL
sale_order,parent_company_id,bh_parent_company,sale_order_parent_company_id_fkey,FOREIGN KEY (parent_company_id) REFERENCES public.bh_parent_company(id) ON DELETE SET NULL
sale_order,store_type_id,bh_store_type,sale_order_store_type_id_fkey,FOREIGN KEY (store_type_id) REFERENCES public.bh_store_type(id) ON DELETE SET NULL
sale_order,opportunity_id,crm_lead,sale_order_opportunity_id_fkey,FOREIGN KEY (opportunity_id) REFERENCES public.crm_lead(id) ON DELETE SET NULL
sale_order,team_id,crm_team,sale_order_team_id_fkey,FOREIGN KEY (team_id) REFERENCES public.crm_team(id) ON DELETE SET NULL
sale_order,carrier_id,delivery_carrier,sale_order_carrier_id_fkey,FOREIGN KEY (carrier_id) REFERENCES public.delivery_carrier(id) ON DELETE SET NULL
sale_order,pending_email_template_id,mail_template,sale_order_pending_email_template_id_fkey,FOREIGN KEY (pending_email_template_id) REFERENCES public.mail_template(id) ON DELETE SET NULL
sale_order,pricelist_id,product_pricelist,sale_order_pricelist_id_fkey,FOREIGN KEY (pricelist_id) REFERENCES public.product_pricelist(id) ON DELETE SET NULL
sale_order,project_id,project_project,sale_order_project_id_fkey,FOREIGN KEY (project_id) REFERENCES public.project_project(id) ON DELETE SET NULL
sale_order,task_id,project_task,sale_order_task_id_fkey,FOREIGN KEY (task_id) REFERENCES public.project_task(id) ON DELETE SET NULL
sale_order,auto_purchase_order_id,purchase_order,sale_order_auto_purchase_order_id_fkey,FOREIGN KEY (auto_purchase_order_id) REFERENCES public.purchase_order(id) ON DELETE SET NULL
sale_order,company_id,res_company,sale_order_company_id_fkey,FOREIGN KEY (company_id) REFERENCES public.res_company(id) ON DELETE RESTRICT
sale_order,currency_id,res_currency,sale_order_currency_id_fkey,FOREIGN KEY (currency_id) REFERENCES public.res_currency(id) ON DELETE RESTRICT
sale_order,partner_id,res_partner,sale_order_partner_id_fkey,FOREIGN KEY (partner_id) REFERENCES public.res_partner(id) ON DELETE RESTRICT
sale_order,partner_invoice_id,res_partner,sale_order_partner_invoice_id_fkey,FOREIGN KEY (partner_invoice_id) REFERENCES public.res_partner(id) ON DELETE RESTRICT
sale_order,partner_shipping_id,res_partner,sale_order_partner_shipping_id_fkey,FOREIGN KEY (partner_shipping_id) REFERENCES public.res_partner(id) ON DELETE RESTRICT
sale_order,create_uid,res_users,sale_order_create_uid_fkey,FOREIGN KEY (create_uid) REFERENCES public.res_users(id) ON DELETE SET NULL
sale_order,level1_approved_by,res_users,sale_order_level1_approved_by_fkey,FOREIGN KEY (level1_approved_by) REFERENCES public.res_users(id) ON DELETE SET NULL
sale_order,level1_user_id,res_users,sale_order_level1_user_id_fkey,FOREIGN KEY (level1_user_id) REFERENCES public.res_users(id) ON DELETE SET NULL
sale_order,level2_approved_by,res_users,sale_order_level2_approved_by_fkey,FOREIGN KEY (level2_approved_by) REFERENCES public.res_users(id) ON DELETE SET NULL
sale_order,level2_user_id,res_users,sale_order_level2_user_id_fkey,FOREIGN KEY (level2_user_id) REFERENCES public.res_users(id) ON DELETE SET NULL
sale_order,user_id,res_users,sale_order_user_id_fkey,FOREIGN KEY (user_id) REFERENCES public.res_users(id) ON DELETE SET NULL
sale_order,write_uid,res_users,sale_order_write_uid_fkey,FOREIGN KEY (write_uid) REFERENCES public.res_users(id) ON DELETE SET NULL
sale_order,job_type_id,sale_job_type,sale_order_job_type_id_fkey,FOREIGN KEY (job_type_id) REFERENCES public.sale_job_type(id) ON DELETE SET NULL
sale_order,sale_order_template_id,sale_order_template,sale_order_sale_order_template_id_fkey,FOREIGN KEY (sale_order_template_id) REFERENCES public.sale_order_template(id) ON DELETE SET NULL
sale_order,warehouse_id,stock_warehouse,sale_order_warehouse_id_fkey,FOREIGN KEY (warehouse_id) REFERENCES public.stock_warehouse(id) ON DELETE SET NULL
sale_order,campaign_id,utm_campaign,sale_order_campaign_id_fkey,FOREIGN KEY (campaign_id) REFERENCES public.utm_campaign(id) ON DELETE SET NULL
sale_order,medium_id,utm_medium,sale_order_medium_id_fkey,FOREIGN KEY (medium_id) REFERENCES public.utm_medium(id) ON DELETE SET NULL
sale_order,source_id,utm_source,sale_order_source_id_fkey,FOREIGN KEY (source_id) REFERENCES public.utm_source(id) ON DELETE SET NULL
sale_order,website_id,website,sale_order_website_id_fkey,FOREIGN KEY (website_id) REFERENCES public.website(id) ON DELETE SET NULL
sale_order_discount,create_uid,res_users,sale_order_discount_create_uid_fkey,FOREIGN KEY (create_uid) REFERENCES public.res_users(id) ON DELETE SET NULL
sale_order_discount,write_uid,res_users,sale_order_discount_write_uid_fkey,FOREIGN KEY (write_uid) REFERENCES public.res_users(id) ON DELETE SET NULL
sale_order_discount,sale_order_id,sale_order,sale_order_discount_sale_order_id_fkey,FOREIGN KEY (sale_order_id) REFERENCES public.sale_order(id) ON DELETE CASCADE
sale_order_line,calendar_event_id,calendar_event,sale_order_line_calendar_event_id_fkey,FOREIGN KEY (calendar_event_id) REFERENCES public.calendar_event(id) ON DELETE SET NULL
sale_order_line,combo_item_id,product_combo_item,sale_order_line_combo_item_id_fkey,FOREIGN KEY (combo_item_id) REFERENCES public.product_combo_item(id) ON DELETE SET NULL
sale_order_line,product_id,product_product,sale_order_line_product_id_fkey,FOREIGN KEY (product_id) REFERENCES public.product_product(id) ON DELETE RESTRICT
sale_order_line,project_id,project_project,sale_order_line_project_id_fkey,FOREIGN KEY (project_id) REFERENCES public.project_project(id) ON DELETE SET NULL
sale_order_line,task_id,project_task,sale_order_line_task_id_fkey,FOREIGN KEY (task_id) REFERENCES public.project_task(id) ON DELETE SET NULL
sale_order_line,company_id,res_company,sale_order_line_company_id_fkey,FOREIGN KEY (company_id) REFERENCES public.res_company(id) ON DELETE SET NULL
sale_order_line,currency_id,res_currency,sale_order_line_currency_id_fkey,FOREIGN KEY (currency_id) REFERENCES public.res_currency(id) ON DELETE SET NULL
sale_order_line,order_partner_id,res_partner,sale_order_line_order_partner_id_fkey,FOREIGN KEY (order_partner_id) REFERENCES public.res_partner(id) ON DELETE SET NULL
sale_order_line,recipient_id,res_partner,sale_order_line_recipient_id_fkey,FOREIGN KEY (recipient_id) REFERENCES public.res_partner(id) ON DELETE SET NULL
sale_order_line,create_uid,res_users,sale_order_line_create_uid_fkey,FOREIGN KEY (create_uid) REFERENCES public.res_users(id) ON DELETE SET NULL
sale_order_line,salesman_id,res_users,sale_order_line_salesman_id_fkey,FOREIGN KEY (salesman_id) REFERENCES public.res_users(id) ON DELETE SET NULL
sale_order_line,write_uid,res_users,sale_order_line_write_uid_fkey,FOREIGN KEY (write_uid) REFERENCES public.res_users(id) ON DELETE SET NULL
sale_order_line,order_id,sale_order,sale_order_line_order_id_fkey,FOREIGN KEY (order_id) REFERENCES public.sale_order(id) ON DELETE CASCADE
sale_order_line,linked_line_id,sale_order_line,sale_order_line_linked_line_id_fkey,FOREIGN KEY (linked_line_id) REFERENCES public.sale_order_line(id) ON DELETE CASCADE
sale_order_line,fsm_lot_id,stock_lot,sale_order_line_fsm_lot_id_fkey,FOREIGN KEY (fsm_lot_id) REFERENCES public.stock_lot(id) ON DELETE SET NULL
sale_order_line,warehouse_id,stock_warehouse,sale_order_line_warehouse_id_fkey,FOREIGN KEY (warehouse_id) REFERENCES public.stock_warehouse(id) ON DELETE SET NULL
sale_order_line,product_uom_id,uom_uom,sale_order_line_product_uom_id_fkey,FOREIGN KEY (product_uom_id) REFERENCES public.uom_uom(id) ON DELETE RESTRICT
sale_order_line_invoice_rel,invoice_line_id,account_move_line,sale_order_line_invoice_rel_invoice_line_id_fkey,FOREIGN KEY (invoice_line_id) REFERENCES public.account_move_line(id) ON DELETE CASCADE
sale_order_line_invoice_rel,order_line_id,sale_order_line,sale_order_line_invoice_rel_order_line_id_fkey,FOREIGN KEY (order_line_id) REFERENCES public.sale_order_line(id) ON DELETE CASCADE
sale_order_line_product_document_rel,product_document_id,product_document,sale_order_line_product_document_rel_product_document_id_fkey,FOREIGN KEY (product_document_id) REFERENCES public.product_document(id) ON DELETE CASCADE
sale_order_line_product_document_rel,sale_order_line_id,sale_order_line,sale_order_line_product_document_rel_sale_order_line_id_fkey,FOREIGN KEY (sale_order_line_id) REFERENCES public.sale_order_line(id) ON DELETE CASCADE
sale_order_line_stock_route_rel,sale_order_line_id,sale_order_line,sale_order_line_stock_route_rel_sale_order_line_id_fkey,FOREIGN KEY (sale_order_line_id) REFERENCES public.sale_order_line(id) ON DELETE CASCADE
sale_order_line_stock_route_rel,stock_route_id,stock_route,sale_order_line_stock_route_rel_stock_route_id_fkey,FOREIGN KEY (stock_route_id) REFERENCES public.stock_route(id) ON DELETE RESTRICT
sale_order_mass_cancel_wizard_rel,sale_mass_cancel_orders_id,sale_mass_cancel_orders,sale_order_mass_cancel_wizard_r_sale_mass_cancel_orders_id_fkey,FOREIGN KEY (sale_mass_cancel_orders_id) REFERENCES public.sale_mass_cancel_orders(id) ON DELETE CASCADE
sale_order_mass_cancel_wizard_rel,sale_order_id,sale_order,sale_order_mass_cancel_wizard_rel_sale_order_id_fkey,FOREIGN KEY (sale_order_id) REFERENCES public.sale_order(id) ON DELETE CASCADE
sale_order_reject_wizard,create_uid,res_users,sale_order_reject_wizard_create_uid_fkey,FOREIGN KEY (create_uid) REFERENCES public.res_users(id) ON DELETE SET NULL
sale_order_reject_wizard,write_uid,res_users,sale_order_reject_wizard_write_uid_fkey,FOREIGN KEY (write_uid) REFERENCES public.res_users(id) ON DELETE SET NULL
sale_order_reject_wizard,order_id,sale_order,sale_order_reject_wizard_order_id_fkey,FOREIGN KEY (order_id) REFERENCES public.sale_order(id) ON DELETE CASCADE
sale_order_spreadsheet,company_id,res_company,sale_order_spreadsheet_company_id_fkey,FOREIGN KEY (company_id) REFERENCES public.res_company(id) ON DELETE SET NULL
sale_order_spreadsheet,create_uid,res_users,sale_order_spreadsheet_create_uid_fkey,FOREIGN KEY (create_uid) REFERENCES public.res_users(id) ON DELETE SET NULL
sale_order_spreadsheet,write_uid,res_users,sale_order_spreadsheet_write_uid_fkey,FOREIGN KEY (write_uid) REFERENCES public.res_users(id) ON DELETE SET NULL
sale_order_spreadsheet,order_id,sale_order,sale_order_spreadsheet_order_id_fkey,FOREIGN KEY (order_id) REFERENCES public.sale_order(id) ON DELETE CASCADE
sale_order_tag_rel,tag_id,crm_tag,sale_order_tag_rel_tag_id_fkey,FOREIGN KEY (tag_id) REFERENCES public.crm_tag(id) ON DELETE CASCADE
sale_order_tag_rel,order_id,sale_order,sale_order_tag_rel_order_id_fkey,FOREIGN KEY (order_id) REFERENCES public.sale_order(id) ON DELETE CASCADE
sale_order_template,mail_template_id,mail_template,sale_order_template_mail_template_id_fkey,FOREIGN KEY (mail_template_id) REFERENCES public.mail_template(id) ON DELETE SET NULL
sale_order_template,company_id,res_company,sale_order_template_company_id_fkey,FOREIGN KEY (company_id) REFERENCES public.res_company(id) ON DELETE SET NULL
sale_order_template,create_uid,res_users,sale_order_template_create_uid_fkey,FOREIGN KEY (create_uid) REFERENCES public.res_users(id) ON DELETE SET NULL
sale_order_template,write_uid,res_users,sale_order_template_write_uid_fkey,FOREIGN KEY (write_uid) REFERENCES public.res_users(id) ON DELETE SET NULL
sale_order_template,spreadsheet_template_id,sale_order_spreadsheet,sale_order_template_spreadsheet_template_id_fkey,FOREIGN KEY (spreadsheet_template_id) REFERENCES public.sale_order_spreadsheet(id) ON DELETE SET NULL
sale_order_template_line,product_id,product_product,sale_order_template_line_product_id_fkey,FOREIGN KEY (product_id) REFERENCES public.product_product(id) ON DELETE SET NULL
sale_order_template_line,company_id,res_company,sale_order_template_line_company_id_fkey,FOREIGN KEY (company_id) REFERENCES public.res_company(id) ON DELETE SET NULL
sale_order_template_line,create_uid,res_users,sale_order_template_line_create_uid_fkey,FOREIGN KEY (create_uid) REFERENCES public.res_users(id) ON DELETE SET NULL
sale_order_template_line,write_uid,res_users,sale_order_template_line_write_uid_fkey,FOREIGN KEY (write_uid) REFERENCES public.res_users(id) ON DELETE SET NULL
sale_order_template_line,sale_order_template_id,sale_order_template,sale_order_template_line_sale_order_template_id_fkey,FOREIGN KEY (sale_order_template_id) REFERENCES public.sale_order_template(id) ON DELETE CASCADE
sale_order_template_line,product_uom_id,uom_uom,sale_order_template_line_product_uom_id_fkey,FOREIGN KEY (product_uom_id) REFERENCES public.uom_uom(id) ON DELETE SET NULL
sale_order_transaction_rel,transaction_id,payment_transaction,sale_order_transaction_rel_transaction_id_fkey,FOREIGN KEY (transaction_id) REFERENCES public.payment_transaction(id) ON DELETE CASCADE
sale_order_transaction_rel,sale_order_id,sale_order,sale_order_transaction_rel_sale_order_id_fkey,FOREIGN KEY (sale_order_id) REFERENCES public.sale_order(id) ON DELETE CASCADE
sale_pdf_form_field,create_uid,res_users,sale_pdf_form_field_create_uid_fkey,FOREIGN KEY (create_uid) REFERENCES public.res_users(id) ON DELETE SET NULL
sale_pdf_form_field,write_uid,res_users,sale_pdf_form_field_write_uid_fkey,FOREIGN KEY (write_uid) REFERENCES public.res_users(id) ON DELETE SET NULL
save_spreadsheet_template,create_uid,res_users,save_spreadsheet_template_create_uid_fkey,FOREIGN KEY (create_uid) REFERENCES public.res_users(id) ON DELETE SET NULL
save_spreadsheet_template,write_uid,res_users,save_spreadsheet_template_write_uid_fkey,FOREIGN KEY (write_uid) REFERENCES public.res_users(id) ON DELETE SET NULL
scheduled_message_attachment_rel,attachment_id,ir_attachment,scheduled_message_attachment_rel_attachment_id_fkey,FOREIGN KEY (attachment_id) REFERENCES public.ir_attachment(id) ON DELETE CASCADE
scheduled_message_attachment_rel,scheduled_message_id,mail_scheduled_message,scheduled_message_attachment_rel_scheduled_message_id_fkey,FOREIGN KEY (scheduled_message_id) REFERENCES public.mail_scheduled_message(id) ON DELETE CASCADE
select_printers_wizard,create_uid,res_users,select_printers_wizard_create_uid_fkey,FOREIGN KEY (create_uid) REFERENCES public.res_users(id) ON DELETE SET NULL
select_printers_wizard,write_uid,res_users,select_printers_wizard_write_uid_fkey,FOREIGN KEY (write_uid) REFERENCES public.res_users(id) ON DELETE SET NULL
server_action_history_wizard,action_id,ir_act_server,server_action_history_wizard_action_id_fkey,FOREIGN KEY (action_id) REFERENCES public.ir_act_server(id) ON DELETE SET NULL
server_action_history_wizard,revision,ir_actions_server_history,server_action_history_wizard_revision_fkey,FOREIGN KEY (revision) REFERENCES public.ir_actions_server_history(id) ON DELETE CASCADE
server_action_history_wizard,create_uid,res_users,server_action_history_wizard_create_uid_fkey,FOREIGN KEY (create_uid) REFERENCES public.res_users(id) ON DELETE SET NULL
server_action_history_wizard,write_uid,res_users,server_action_history_wizard_write_uid_fkey,FOREIGN KEY (write_uid) REFERENCES public.res_users(id) ON DELETE SET NULL
sign_completed_document,create_uid,res_users,sign_completed_document_create_uid_fkey,FOREIGN KEY (create_uid) REFERENCES public.res_users(id) ON DELETE SET NULL
sign_completed_document,write_uid,res_users,sign_completed_document_write_uid_fkey,FOREIGN KEY (write_uid) REFERENCES public.res_users(id) ON DELETE SET NULL
sign_completed_document,document_id,sign_document,sign_completed_document_document_id_fkey,FOREIGN KEY (document_id) REFERENCES public.sign_document(id) ON DELETE RESTRICT
sign_completed_document,sign_request_id,sign_request,sign_completed_document_sign_request_id_fkey,FOREIGN KEY (sign_request_id) REFERENCES public.sign_request(id) ON DELETE RESTRICT
sign_document,attachment_id,ir_attachment,sign_document_attachment_id_fkey,FOREIGN KEY (attachment_id) REFERENCES public.ir_attachment(id) ON DELETE RESTRICT
sign_document,create_uid,res_users,sign_document_create_uid_fkey,FOREIGN KEY (create_uid) REFERENCES public.res_users(id) ON DELETE SET NULL
sign_document,write_uid,res_users,sign_document_write_uid_fkey,FOREIGN KEY (write_uid) REFERENCES public.res_users(id) ON DELETE SET NULL
sign_document,template_id,sign_template,sign_document_template_id_fkey,FOREIGN KEY (template_id) REFERENCES public.sign_template(id) ON DELETE CASCADE
sign_import_documents,selected_document,documents_document,sign_import_documents_selected_document_fkey,FOREIGN KEY (selected_document) REFERENCES public.documents_document(id) ON DELETE CASCADE
sign_import_documents,create_uid,res_users,sign_import_documents_create_uid_fkey,FOREIGN KEY (create_uid) REFERENCES public.res_users(id) ON DELETE SET NULL
sign_import_documents,write_uid,res_users,sign_import_documents_write_uid_fkey,FOREIGN KEY (write_uid) REFERENCES public.res_users(id) ON DELETE SET NULL
sign_item,create_uid,res_users,sign_item_create_uid_fkey,FOREIGN KEY (create_uid) REFERENCES public.res_users(id) ON DELETE SET NULL
sign_item,write_uid,res_users,sign_item_write_uid_fkey,FOREIGN KEY (write_uid) REFERENCES public.res_users(id) ON DELETE SET NULL
sign_item,document_id,sign_document,sign_item_document_id_fkey,FOREIGN KEY (document_id) REFERENCES public.sign_document(id) ON DELETE CASCADE
sign_item,radio_set_id,sign_item_radio_set,sign_item_radio_set_id_fkey,FOREIGN KEY (radio_set_id) REFERENCES public.sign_item_radio_set(id) ON DELETE CASCADE
sign_item,responsible_id,sign_item_role,sign_item_responsible_id_fkey,FOREIGN KEY (responsible_id) REFERENCES public.sign_item_role(id) ON DELETE RESTRICT
sign_item,type_id,sign_item_type,sign_item_type_id_fkey,FOREIGN KEY (type_id) REFERENCES public.sign_item_type(id) ON DELETE RESTRICT
sign_item_option,create_uid,res_users,sign_item_option_create_uid_fkey,FOREIGN KEY (create_uid) REFERENCES public.res_users(id) ON DELETE SET NULL
sign_item_option,write_uid,res_users,sign_item_option_write_uid_fkey,FOREIGN KEY (write_uid) REFERENCES public.res_users(id) ON DELETE SET NULL
sign_item_option_rel,sign_item_id,sign_item,sign_item_option_rel_sign_item_id_fkey,FOREIGN KEY (sign_item_id) REFERENCES public.sign_item(id) ON DELETE CASCADE
sign_item_option_rel,sign_item_option_id,sign_item_option,sign_item_option_rel_sign_item_option_id_fkey,FOREIGN KEY (sign_item_option_id) REFERENCES public.sign_item_option(id) ON DELETE CASCADE
sign_item_radio_set,create_uid,res_users,sign_item_radio_set_create_uid_fkey,FOREIGN KEY (create_uid) REFERENCES public.res_users(id) ON DELETE SET NULL
sign_item_radio_set,write_uid,res_users,sign_item_radio_set_write_uid_fkey,FOREIGN KEY (write_uid) REFERENCES public.res_users(id) ON DELETE SET NULL
sign_item_role,assign_to,res_partner,sign_item_role_assign_to_fkey,FOREIGN KEY (assign_to) REFERENCES public.res_partner(id) ON DELETE SET NULL
sign_item_role,create_uid,res_users,sign_item_role_create_uid_fkey,FOREIGN KEY (create_uid) REFERENCES public.res_users(id) ON DELETE SET NULL
sign_item_role,write_uid,res_users,sign_item_role_write_uid_fkey,FOREIGN KEY (write_uid) REFERENCES public.res_users(id) ON DELETE SET NULL
sign_item_type,model_id,ir_model,sign_item_type_model_id_fkey,FOREIGN KEY (model_id) REFERENCES public.ir_model(id) ON DELETE SET NULL
sign_item_type,create_uid,res_users,sign_item_type_create_uid_fkey,FOREIGN KEY (create_uid) REFERENCES public.res_users(id) ON DELETE SET NULL
sign_item_type,write_uid,res_users,sign_item_type_write_uid_fkey,FOREIGN KEY (write_uid) REFERENCES public.res_users(id) ON DELETE SET NULL
sign_log,partner_id,res_partner,sign_log_partner_id_fkey,FOREIGN KEY (partner_id) REFERENCES public.res_partner(id) ON DELETE SET NULL
sign_log,create_uid,res_users,sign_log_create_uid_fkey,FOREIGN KEY (create_uid) REFERENCES public.res_users(id) ON DELETE SET NULL
sign_log,user_id,res_users,sign_log_user_id_fkey,FOREIGN KEY (user_id) REFERENCES public.res_users(id) ON DELETE SET NULL
sign_log,write_uid,res_users,sign_log_write_uid_fkey,FOREIGN KEY (write_uid) REFERENCES public.res_users(id) ON DELETE SET NULL
sign_log,sign_request_id,sign_request,sign_log_sign_request_id_fkey,FOREIGN KEY (sign_request_id) REFERENCES public.sign_request(id) ON DELETE CASCADE
sign_log,sign_request_item_id,sign_request_item,sign_log_sign_request_item_id_fkey,FOREIGN KEY (sign_request_item_id) REFERENCES public.sign_request_item(id) ON DELETE SET NULL
sign_request,communication_company_id,res_company,sign_request_communication_company_id_fkey,FOREIGN KEY (communication_company_id) REFERENCES public.res_company(id) ON DELETE SET NULL
sign_request,create_uid,res_users,sign_request_create_uid_fkey,FOREIGN KEY (create_uid) REFERENCES public.res_users(id) ON DELETE SET NULL
sign_request,write_uid,res_users,sign_request_write_uid_fkey,FOREIGN KEY (write_uid) REFERENCES public.res_users(id) ON DELETE SET NULL
sign_request,template_id,sign_template,sign_request_template_id_fkey,FOREIGN KEY (template_id) REFERENCES public.sign_template(id) ON DELETE RESTRICT
sign_request_completed_document_rel,ir_attachment_id,ir_attachment,sign_request_completed_document_rel_ir_attachment_id_fkey,FOREIGN KEY (ir_attachment_id) REFERENCES public.ir_attachment(id) ON DELETE RESTRICT
sign_request_completed_document_rel,sign_request_id,sign_request,sign_request_completed_document_rel_sign_request_id_fkey,FOREIGN KEY (sign_request_id) REFERENCES public.sign_request(id) ON DELETE CASCADE
sign_request_item,partner_id,res_partner,sign_request_item_partner_id_fkey,FOREIGN KEY (partner_id) REFERENCES public.res_partner(id) ON DELETE RESTRICT
sign_request_item,create_uid,res_users,sign_request_item_create_uid_fkey,FOREIGN KEY (create_uid) REFERENCES public.res_users(id) ON DELETE SET NULL
sign_request_item,write_uid,res_users,sign_request_item_write_uid_fkey,FOREIGN KEY (write_uid) REFERENCES public.res_users(id) ON DELETE SET NULL
sign_request_item,role_id,sign_item_role,sign_request_item_role_id_fkey,FOREIGN KEY (role_id) REFERENCES public.sign_item_role(id) ON DELETE RESTRICT
sign_request_item,sign_request_id,sign_request,sign_request_item_sign_request_id_fkey,FOREIGN KEY (sign_request_id) REFERENCES public.sign_request(id) ON DELETE CASCADE
sign_request_item_value,create_uid,res_users,sign_request_item_value_create_uid_fkey,FOREIGN KEY (create_uid) REFERENCES public.res_users(id) ON DELETE SET NULL
sign_request_item_value,write_uid,res_users,sign_request_item_value_write_uid_fkey,FOREIGN KEY (write_uid) REFERENCES public.res_users(id) ON DELETE SET NULL
sign_request_item_value,sign_item_id,sign_item,sign_request_item_value_sign_item_id_fkey,FOREIGN KEY (sign_item_id) REFERENCES public.sign_item(id) ON DELETE CASCADE
sign_request_item_value,sign_request_item_id,sign_request_item,sign_request_item_value_sign_request_item_id_fkey,FOREIGN KEY (sign_request_item_id) REFERENCES public.sign_request_item(id) ON DELETE CASCADE
sign_request_share,create_uid,res_users,sign_request_share_create_uid_fkey,FOREIGN KEY (create_uid) REFERENCES public.res_users(id) ON DELETE SET NULL
sign_request_share,write_uid,res_users,sign_request_share_write_uid_fkey,FOREIGN KEY (write_uid) REFERENCES public.res_users(id) ON DELETE SET NULL
sign_request_share,sign_request_id,sign_request,sign_request_share_sign_request_id_fkey,FOREIGN KEY (sign_request_id) REFERENCES public.sign_request(id) ON DELETE SET NULL
sign_request_share,template_id,sign_template,sign_request_share_template_id_fkey,FOREIGN KEY (template_id) REFERENCES public.sign_template(id) ON DELETE CASCADE
sign_request_sign_template_tag_rel,sign_request_id,sign_request,sign_request_sign_template_tag_rel_sign_request_id_fkey,FOREIGN KEY (sign_request_id) REFERENCES public.sign_request(id) ON DELETE CASCADE
sign_request_sign_template_tag_rel,sign_template_tag_id,sign_template_tag,sign_request_sign_template_tag_rel_sign_template_tag_id_fkey,FOREIGN KEY (sign_template_tag_id) REFERENCES public.sign_template_tag(id) ON DELETE CASCADE
sign_send_request,activity_id,mail_activity,sign_send_request_activity_id_fkey,FOREIGN KEY (activity_id) REFERENCES public.mail_activity(id) ON DELETE SET NULL
sign_send_request,signer_id,res_partner,sign_send_request_signer_id_fkey,FOREIGN KEY (signer_id) REFERENCES public.res_partner(id) ON DELETE SET NULL
sign_send_request,create_uid,res_users,sign_send_request_create_uid_fkey,FOREIGN KEY (create_uid) REFERENCES public.res_users(id) ON DELETE SET NULL
sign_send_request,write_uid,res_users,sign_send_request_write_uid_fkey,FOREIGN KEY (write_uid) REFERENCES public.res_users(id) ON DELETE SET NULL
sign_send_request,template_id,sign_template,sign_send_request_template_id_fkey,FOREIGN KEY (template_id) REFERENCES public.sign_template(id) ON DELETE CASCADE
sign_send_request_signer,partner_id,res_partner,sign_send_request_signer_partner_id_fkey,FOREIGN KEY (partner_id) REFERENCES public.res_partner(id) ON DELETE SET NULL
sign_send_request_signer,create_uid,res_users,sign_send_request_signer_create_uid_fkey,FOREIGN KEY (create_uid) REFERENCES public.res_users(id) ON DELETE SET NULL
sign_send_request_signer,write_uid,res_users,sign_send_request_signer_write_uid_fkey,FOREIGN KEY (write_uid) REFERENCES public.res_users(id) ON DELETE SET NULL
sign_send_request_signer,role_id,sign_item_role,sign_send_request_signer_role_id_fkey,FOREIGN KEY (role_id) REFERENCES public.sign_item_role(id) ON DELETE SET NULL
sign_send_request_signer,sign_send_request_id,sign_send_request,sign_send_request_signer_sign_send_request_id_fkey,FOREIGN KEY (sign_send_request_id) REFERENCES public.sign_send_request(id) ON DELETE SET NULL
sign_template,folder_id,documents_document,sign_template_folder_id_fkey,FOREIGN KEY (folder_id) REFERENCES public.documents_document(id) ON DELETE SET NULL
sign_template,model_id,ir_model,sign_template_model_id_fkey,FOREIGN KEY (model_id) REFERENCES public.ir_model(id) ON DELETE SET NULL
sign_template,create_uid,res_users,sign_template_create_uid_fkey,FOREIGN KEY (create_uid) REFERENCES public.res_users(id) ON DELETE SET NULL
sign_template,user_id,res_users,sign_template_user_id_fkey,FOREIGN KEY (user_id) REFERENCES public.res_users(id) ON DELETE SET NULL
sign_template,write_uid,res_users,sign_template_write_uid_fkey,FOREIGN KEY (write_uid) REFERENCES public.res_users(id) ON DELETE SET NULL
sign_template_authorized_users_rel,res_users_id,res_users,sign_template_authorized_users_rel_res_users_id_fkey,FOREIGN KEY (res_users_id) REFERENCES public.res_users(id) ON DELETE CASCADE
sign_template_authorized_users_rel,sign_template_id,sign_template,sign_template_authorized_users_rel_sign_template_id_fkey,FOREIGN KEY (sign_template_id) REFERENCES public.sign_template(id) ON DELETE CASCADE
sign_template_favorited_users_rel,res_users_id,res_users,sign_template_favorited_users_rel_res_users_id_fkey,FOREIGN KEY (res_users_id) REFERENCES public.res_users(id) ON DELETE CASCADE
sign_template_favorited_users_rel,sign_template_id,sign_template,sign_template_favorited_users_rel_sign_template_id_fkey,FOREIGN KEY (sign_template_id) REFERENCES public.sign_template(id) ON DELETE CASCADE
sign_template_preview,create_uid,res_users,sign_template_preview_create_uid_fkey,FOREIGN KEY (create_uid) REFERENCES public.res_users(id) ON DELETE SET NULL
sign_template_preview,write_uid,res_users,sign_template_preview_write_uid_fkey,FOREIGN KEY (write_uid) REFERENCES public.res_users(id) ON DELETE SET NULL
sign_template_preview,document_id,sign_document,sign_template_preview_document_id_fkey,FOREIGN KEY (document_id) REFERENCES public.sign_document(id) ON DELETE CASCADE
sign_template_preview,template_id,sign_template,sign_template_preview_template_id_fkey,FOREIGN KEY (template_id) REFERENCES public.sign_template(id) ON DELETE CASCADE
sign_template_sign_template_tag_rel,sign_template_id,sign_template,sign_template_sign_template_tag_rel_sign_template_id_fkey,FOREIGN KEY (sign_template_id) REFERENCES public.sign_template(id) ON DELETE CASCADE
sign_template_sign_template_tag_rel,sign_template_tag_id,sign_template_tag,sign_template_sign_template_tag_rel_sign_template_tag_id_fkey,FOREIGN KEY (sign_template_tag_id) REFERENCES public.sign_template_tag(id) ON DELETE CASCADE
sign_template_tag,create_uid,res_users,sign_template_tag_create_uid_fkey,FOREIGN KEY (create_uid) REFERENCES public.res_users(id) ON DELETE SET NULL
sign_template_tag,write_uid,res_users,sign_template_tag_write_uid_fkey,FOREIGN KEY (write_uid) REFERENCES public.res_users(id) ON DELETE SET NULL
slide_answer,create_uid,res_users,slide_answer_create_uid_fkey,FOREIGN KEY (create_uid) REFERENCES public.res_users(id) ON DELETE SET NULL
slide_answer,write_uid,res_users,slide_answer_write_uid_fkey,FOREIGN KEY (write_uid) REFERENCES public.res_users(id) ON DELETE SET NULL
slide_answer,question_id,slide_question,slide_answer_question_id_fkey,FOREIGN KEY (question_id) REFERENCES public.slide_question(id) ON DELETE CASCADE
slide_channel,completed_template_id,mail_template,slide_channel_completed_template_id_fkey,FOREIGN KEY (completed_template_id) REFERENCES public.mail_template(id) ON DELETE SET NULL
slide_channel,publish_template_id,mail_template,slide_channel_publish_template_id_fkey,FOREIGN KEY (publish_template_id) REFERENCES public.mail_template(id) ON DELETE SET NULL
slide_channel,share_channel_template_id,mail_template,slide_channel_share_channel_template_id_fkey,FOREIGN KEY (share_channel_template_id) REFERENCES public.mail_template(id) ON DELETE SET NULL
slide_channel,share_slide_template_id,mail_template,slide_channel_share_slide_template_id_fkey,FOREIGN KEY (share_slide_template_id) REFERENCES public.mail_template(id) ON DELETE SET NULL
slide_channel,create_uid,res_users,slide_channel_create_uid_fkey,FOREIGN KEY (create_uid) REFERENCES public.res_users(id) ON DELETE SET NULL
slide_channel,user_id,res_users,slide_channel_user_id_fkey,FOREIGN KEY (user_id) REFERENCES public.res_users(id) ON DELETE SET NULL
slide_channel,write_uid,res_users,slide_channel_write_uid_fkey,FOREIGN KEY (write_uid) REFERENCES public.res_users(id) ON DELETE SET NULL
slide_channel,promoted_slide_id,slide_slide,slide_channel_promoted_slide_id_fkey,FOREIGN KEY (promoted_slide_id) REFERENCES public.slide_slide(id) ON DELETE SET NULL
slide_channel,website_id,website,slide_channel_website_id_fkey,FOREIGN KEY (website_id) REFERENCES public.website(id) ON DELETE RESTRICT
slide_channel_invite,template_id,mail_template,slide_channel_invite_template_id_fkey,FOREIGN KEY (template_id) REFERENCES public.mail_template(id) ON DELETE SET NULL
slide_channel_invite,create_uid,res_users,slide_channel_invite_create_uid_fkey,FOREIGN KEY (create_uid) REFERENCES public.res_users(id) ON DELETE SET NULL
slide_channel_invite,write_uid,res_users,slide_channel_invite_write_uid_fkey,FOREIGN KEY (write_uid) REFERENCES public.res_users(id) ON DELETE SET NULL
slide_channel_invite,channel_id,slide_channel,slide_channel_invite_channel_id_fkey,FOREIGN KEY (channel_id) REFERENCES public.slide_channel(id) ON DELETE CASCADE
slide_channel_partner,partner_id,res_partner,slide_channel_partner_partner_id_fkey,FOREIGN KEY (partner_id) REFERENCES public.res_partner(id) ON DELETE CASCADE
slide_channel_partner,create_uid,res_users,slide_channel_partner_create_uid_fkey,FOREIGN KEY (create_uid) REFERENCES public.res_users(id) ON DELETE SET NULL
slide_channel_partner,write_uid,res_users,slide_channel_partner_write_uid_fkey,FOREIGN KEY (write_uid) REFERENCES public.res_users(id) ON DELETE SET NULL
slide_channel_partner,channel_id,slide_channel,slide_channel_partner_channel_id_fkey,FOREIGN KEY (channel_id) REFERENCES public.slide_channel(id) ON DELETE CASCADE
slide_channel_prerequisite_slide_channel_rel,prerequisite_channel_id,slide_channel,slide_channel_prerequisite_slide_c_prerequisite_channel_id_fkey,FOREIGN KEY (prerequisite_channel_id) REFERENCES public.slide_channel(id) ON DELETE CASCADE
slide_channel_prerequisite_slide_channel_rel,channel_id,slide_channel,slide_channel_prerequisite_slide_channel_rel_channel_id_fkey,FOREIGN KEY (channel_id) REFERENCES public.slide_channel(id) ON DELETE CASCADE
slide_channel_tag,create_uid,res_users,slide_channel_tag_create_uid_fkey,FOREIGN KEY (create_uid) REFERENCES public.res_users(id) ON DELETE SET NULL
slide_channel_tag,write_uid,res_users,slide_channel_tag_write_uid_fkey,FOREIGN KEY (write_uid) REFERENCES public.res_users(id) ON DELETE SET NULL
slide_channel_tag,group_id,slide_channel_tag_group,slide_channel_tag_group_id_fkey,FOREIGN KEY (group_id) REFERENCES public.slide_channel_tag_group(id) ON DELETE CASCADE
slide_channel_tag_group,create_uid,res_users,slide_channel_tag_group_create_uid_fkey,FOREIGN KEY (create_uid) REFERENCES public.res_users(id) ON DELETE SET NULL
slide_channel_tag_group,write_uid,res_users,slide_channel_tag_group_write_uid_fkey,FOREIGN KEY (write_uid) REFERENCES public.res_users(id) ON DELETE SET NULL
slide_channel_tag_rel,channel_id,slide_channel,slide_channel_tag_rel_channel_id_fkey,FOREIGN KEY (channel_id) REFERENCES public.slide_channel(id) ON DELETE CASCADE
slide_channel_tag_rel,tag_id,slide_channel_tag,slide_channel_tag_rel_tag_id_fkey,FOREIGN KEY (tag_id) REFERENCES public.slide_channel_tag(id) ON DELETE CASCADE
slide_embed,create_uid,res_users,slide_embed_create_uid_fkey,FOREIGN KEY (create_uid) REFERENCES public.res_users(id) ON DELETE SET NULL
slide_embed,write_uid,res_users,slide_embed_write_uid_fkey,FOREIGN KEY (write_uid) REFERENCES public.res_users(id) ON DELETE SET NULL
slide_embed,slide_id,slide_slide,slide_embed_slide_id_fkey,FOREIGN KEY (slide_id) REFERENCES public.slide_slide(id) ON DELETE CASCADE
slide_question,create_uid,res_users,slide_question_create_uid_fkey,FOREIGN KEY (create_uid) REFERENCES public.res_users(id) ON DELETE SET NULL
slide_question,write_uid,res_users,slide_question_write_uid_fkey,FOREIGN KEY (write_uid) REFERENCES public.res_users(id) ON DELETE SET NULL
slide_question,slide_id,slide_slide,slide_question_slide_id_fkey,FOREIGN KEY (slide_id) REFERENCES public.slide_slide(id) ON DELETE CASCADE
slide_slide,create_uid,res_users,slide_slide_create_uid_fkey,FOREIGN KEY (create_uid) REFERENCES public.res_users(id) ON DELETE SET NULL
slide_slide,user_id,res_users,slide_slide_user_id_fkey,FOREIGN KEY (user_id) REFERENCES public.res_users(id) ON DELETE SET NULL
slide_slide,write_uid,res_users,slide_slide_write_uid_fkey,FOREIGN KEY (write_uid) REFERENCES public.res_users(id) ON DELETE SET NULL
slide_slide,channel_id,slide_channel,slide_slide_channel_id_fkey,FOREIGN KEY (channel_id) REFERENCES public.slide_channel(id) ON DELETE CASCADE
slide_slide,category_id,slide_slide,slide_slide_category_id_fkey,FOREIGN KEY (category_id) REFERENCES public.slide_slide(id) ON DELETE SET NULL
slide_slide,survey_id,survey_survey,slide_slide_survey_id_fkey,FOREIGN KEY (survey_id) REFERENCES public.survey_survey(id) ON DELETE SET NULL
slide_slide_partner,partner_id,res_partner,slide_slide_partner_partner_id_fkey,FOREIGN KEY (partner_id) REFERENCES public.res_partner(id) ON DELETE CASCADE
slide_slide_partner,create_uid,res_users,slide_slide_partner_create_uid_fkey,FOREIGN KEY (create_uid) REFERENCES public.res_users(id) ON DELETE SET NULL
slide_slide_partner,write_uid,res_users,slide_slide_partner_write_uid_fkey,FOREIGN KEY (write_uid) REFERENCES public.res_users(id) ON DELETE SET NULL
slide_slide_partner,channel_id,slide_channel,slide_slide_partner_channel_id_fkey,FOREIGN KEY (channel_id) REFERENCES public.slide_channel(id) ON DELETE CASCADE
slide_slide_partner,slide_id,slide_slide,slide_slide_partner_slide_id_fkey,FOREIGN KEY (slide_id) REFERENCES public.slide_slide(id) ON DELETE CASCADE
slide_slide_resource,create_uid,res_users,slide_slide_resource_create_uid_fkey,FOREIGN KEY (create_uid) REFERENCES public.res_users(id) ON DELETE SET NULL
slide_slide_resource,write_uid,res_users,slide_slide_resource_write_uid_fkey,FOREIGN KEY (write_uid) REFERENCES public.res_users(id) ON DELETE SET NULL
slide_slide_resource,slide_id,slide_slide,slide_slide_resource_slide_id_fkey,FOREIGN KEY (slide_id) REFERENCES public.slide_slide(id) ON DELETE CASCADE
slide_tag,create_uid,res_users,slide_tag_create_uid_fkey,FOREIGN KEY (create_uid) REFERENCES public.res_users(id) ON DELETE SET NULL
slide_tag,write_uid,res_users,slide_tag_write_uid_fkey,FOREIGN KEY (write_uid) REFERENCES public.res_users(id) ON DELETE SET NULL
sms_account_code,account_id,iap_account,sms_account_code_account_id_fkey,FOREIGN KEY (account_id) REFERENCES public.iap_account(id) ON DELETE CASCADE
sms_account_code,create_uid,res_users,sms_account_code_create_uid_fkey,FOREIGN KEY (create_uid) REFERENCES public.res_users(id) ON DELETE SET NULL
sms_account_code,write_uid,res_users,sms_account_code_write_uid_fkey,FOREIGN KEY (write_uid) REFERENCES public.res_users(id) ON DELETE SET NULL
sms_account_phone,account_id,iap_account,sms_account_phone_account_id_fkey,FOREIGN KEY (account_id) REFERENCES public.iap_account(id) ON DELETE CASCADE
sms_account_phone,create_uid,res_users,sms_account_phone_create_uid_fkey,FOREIGN KEY (create_uid) REFERENCES public.res_users(id) ON DELETE SET NULL
sms_account_phone,write_uid,res_users,sms_account_phone_write_uid_fkey,FOREIGN KEY (write_uid) REFERENCES public.res_users(id) ON DELETE SET NULL
sms_account_sender,account_id,iap_account,sms_account_sender_account_id_fkey,FOREIGN KEY (account_id) REFERENCES public.iap_account(id) ON DELETE CASCADE
sms_account_sender,create_uid,res_users,sms_account_sender_create_uid_fkey,FOREIGN KEY (create_uid) REFERENCES public.res_users(id) ON DELETE SET NULL
sms_account_sender,write_uid,res_users,sms_account_sender_write_uid_fkey,FOREIGN KEY (write_uid) REFERENCES public.res_users(id) ON DELETE SET NULL
sms_composer,create_uid,res_users,sms_composer_create_uid_fkey,FOREIGN KEY (create_uid) REFERENCES public.res_users(id) ON DELETE SET NULL
sms_composer,write_uid,res_users,sms_composer_write_uid_fkey,FOREIGN KEY (write_uid) REFERENCES public.res_users(id) ON DELETE SET NULL
sms_composer,template_id,sms_template,sms_composer_template_id_fkey,FOREIGN KEY (template_id) REFERENCES public.sms_template(id) ON DELETE SET NULL
sms_sms,mail_message_id,mail_message,sms_sms_mail_message_id_fkey,FOREIGN KEY (mail_message_id) REFERENCES public.mail_message(id) ON DELETE SET NULL
sms_sms,partner_id,res_partner,sms_sms_partner_id_fkey,FOREIGN KEY (partner_id) REFERENCES public.res_partner(id) ON DELETE SET NULL
sms_sms,create_uid,res_users,sms_sms_create_uid_fkey,FOREIGN KEY (create_uid) REFERENCES public.res_users(id) ON DELETE SET NULL
sms_sms,write_uid,res_users,sms_sms_write_uid_fkey,FOREIGN KEY (write_uid) REFERENCES public.res_users(id) ON DELETE SET NULL
sms_template,sidebar_action_id,ir_act_window,sms_template_sidebar_action_id_fkey,FOREIGN KEY (sidebar_action_id) REFERENCES public.ir_act_window(id) ON DELETE SET NULL
sms_template,model_id,ir_model,sms_template_model_id_fkey,FOREIGN KEY (model_id) REFERENCES public.ir_model(id) ON DELETE CASCADE
sms_template,create_uid,res_users,sms_template_create_uid_fkey,FOREIGN KEY (create_uid) REFERENCES public.res_users(id) ON DELETE SET NULL
sms_template,write_uid,res_users,sms_template_write_uid_fkey,FOREIGN KEY (write_uid) REFERENCES public.res_users(id) ON DELETE SET NULL
sms_template_preview,create_uid,res_users,sms_template_preview_create_uid_fkey,FOREIGN KEY (create_uid) REFERENCES public.res_users(id) ON DELETE SET NULL
sms_template_preview,write_uid,res_users,sms_template_preview_write_uid_fkey,FOREIGN KEY (write_uid) REFERENCES public.res_users(id) ON DELETE SET NULL
sms_template_preview,sms_template_id,sms_template,sms_template_preview_sms_template_id_fkey,FOREIGN KEY (sms_template_id) REFERENCES public.sms_template(id) ON DELETE CASCADE
sms_template_reset,create_uid,res_users,sms_template_reset_create_uid_fkey,FOREIGN KEY (create_uid) REFERENCES public.res_users(id) ON DELETE SET NULL
sms_template_reset,write_uid,res_users,sms_template_reset_write_uid_fkey,FOREIGN KEY (write_uid) REFERENCES public.res_users(id) ON DELETE SET NULL
sms_template_sms_template_reset_rel,sms_template_id,sms_template,sms_template_sms_template_reset_rel_sms_template_id_fkey,FOREIGN KEY (sms_template_id) REFERENCES public.sms_template(id) ON DELETE CASCADE
sms_template_sms_template_reset_rel,sms_template_reset_id,sms_template_reset,sms_template_sms_template_reset_rel_sms_template_reset_id_fkey,FOREIGN KEY (sms_template_reset_id) REFERENCES public.sms_template_reset(id) ON DELETE CASCADE
sms_tracker,mail_notification_id,mail_notification,sms_tracker_mail_notification_id_fkey,FOREIGN KEY (mail_notification_id) REFERENCES public.mail_notification(id) ON DELETE CASCADE
sms_tracker,create_uid,res_users,sms_tracker_create_uid_fkey,FOREIGN KEY (create_uid) REFERENCES public.res_users(id) ON DELETE SET NULL
sms_tracker,write_uid,res_users,sms_tracker_write_uid_fkey,FOREIGN KEY (write_uid) REFERENCES public.res_users(id) ON DELETE SET NULL
snailmail_letter,report_template,ir_act_report_xml,snailmail_letter_report_template_fkey,FOREIGN KEY (report_template) REFERENCES public.ir_act_report_xml(id) ON DELETE SET NULL
snailmail_letter,attachment_id,ir_attachment,snailmail_letter_attachment_id_fkey,FOREIGN KEY (attachment_id) REFERENCES public.ir_attachment(id) ON DELETE CASCADE
snailmail_letter,message_id,mail_message,snailmail_letter_message_id_fkey,FOREIGN KEY (message_id) REFERENCES public.mail_message(id) ON DELETE SET NULL
snailmail_letter,company_id,res_company,snailmail_letter_company_id_fkey,FOREIGN KEY (company_id) REFERENCES public.res_company(id) ON DELETE RESTRICT
snailmail_letter,country_id,res_country,snailmail_letter_country_id_fkey,FOREIGN KEY (country_id) REFERENCES public.res_country(id) ON DELETE SET NULL
snailmail_letter,state_id,res_country_state,snailmail_letter_state_id_fkey,FOREIGN KEY (state_id) REFERENCES public.res_country_state(id) ON DELETE SET NULL
snailmail_letter,partner_id,res_partner,snailmail_letter_partner_id_fkey,FOREIGN KEY (partner_id) REFERENCES public.res_partner(id) ON DELETE RESTRICT
snailmail_letter,create_uid,res_users,snailmail_letter_create_uid_fkey,FOREIGN KEY (create_uid) REFERENCES public.res_users(id) ON DELETE SET NULL
snailmail_letter,user_id,res_users,snailmail_letter_user_id_fkey,FOREIGN KEY (user_id) REFERENCES public.res_users(id) ON DELETE SET NULL
snailmail_letter,write_uid,res_users,snailmail_letter_write_uid_fkey,FOREIGN KEY (write_uid) REFERENCES public.res_users(id) ON DELETE SET NULL
spreadsheet_cell_thread,document_id,documents_document,spreadsheet_cell_thread_document_id_fkey,FOREIGN KEY (document_id) REFERENCES public.documents_document(id) ON DELETE CASCADE
spreadsheet_cell_thread,create_uid,res_users,spreadsheet_cell_thread_create_uid_fkey,FOREIGN KEY (create_uid) REFERENCES public.res_users(id) ON DELETE SET NULL
spreadsheet_cell_thread,write_uid,res_users,spreadsheet_cell_thread_write_uid_fkey,FOREIGN KEY (write_uid) REFERENCES public.res_users(id) ON DELETE SET NULL
spreadsheet_cell_thread,sale_order_spreadsheet_id,sale_order_spreadsheet,spreadsheet_cell_thread_sale_order_spreadsheet_id_fkey,FOREIGN KEY (sale_order_spreadsheet_id) REFERENCES public.sale_order_spreadsheet(id) ON DELETE CASCADE
spreadsheet_cell_thread,dashboard_id,spreadsheet_dashboard,spreadsheet_cell_thread_dashboard_id_fkey,FOREIGN KEY (dashboard_id) REFERENCES public.spreadsheet_dashboard(id) ON DELETE CASCADE
spreadsheet_cell_thread,template_id,spreadsheet_template,spreadsheet_cell_thread_template_id_fkey,FOREIGN KEY (template_id) REFERENCES public.spreadsheet_template(id) ON DELETE CASCADE
spreadsheet_contributor,document_id,documents_document,spreadsheet_contributor_document_id_fkey,FOREIGN KEY (document_id) REFERENCES public.documents_document(id) ON DELETE SET NULL
spreadsheet_contributor,create_uid,res_users,spreadsheet_contributor_create_uid_fkey,FOREIGN KEY (create_uid) REFERENCES public.res_users(id) ON DELETE SET NULL
spreadsheet_contributor,user_id,res_users,spreadsheet_contributor_user_id_fkey,FOREIGN KEY (user_id) REFERENCES public.res_users(id) ON DELETE SET NULL
spreadsheet_contributor,write_uid,res_users,spreadsheet_contributor_write_uid_fkey,FOREIGN KEY (write_uid) REFERENCES public.res_users(id) ON DELETE SET NULL
spreadsheet_dashboard,create_uid,res_users,spreadsheet_dashboard_create_uid_fkey,FOREIGN KEY (create_uid) REFERENCES public.res_users(id) ON DELETE SET NULL
spreadsheet_dashboard,write_uid,res_users,spreadsheet_dashboard_write_uid_fkey,FOREIGN KEY (write_uid) REFERENCES public.res_users(id) ON DELETE SET NULL
spreadsheet_dashboard,dashboard_group_id,spreadsheet_dashboard_group,spreadsheet_dashboard_dashboard_group_id_fkey,FOREIGN KEY (dashboard_group_id) REFERENCES public.spreadsheet_dashboard_group(id) ON DELETE RESTRICT
spreadsheet_dashboard_group,create_uid,res_users,spreadsheet_dashboard_group_create_uid_fkey,FOREIGN KEY (create_uid) REFERENCES public.res_users(id) ON DELETE SET NULL
spreadsheet_dashboard_group,write_uid,res_users,spreadsheet_dashboard_group_write_uid_fkey,FOREIGN KEY (write_uid) REFERENCES public.res_users(id) ON DELETE SET NULL
spreadsheet_dashboard_share,create_uid,res_users,spreadsheet_dashboard_share_create_uid_fkey,FOREIGN KEY (create_uid) REFERENCES public.res_users(id) ON DELETE SET NULL
spreadsheet_dashboard_share,write_uid,res_users,spreadsheet_dashboard_share_write_uid_fkey,FOREIGN KEY (write_uid) REFERENCES public.res_users(id) ON DELETE SET NULL
spreadsheet_dashboard_share,dashboard_id,spreadsheet_dashboard,spreadsheet_dashboard_share_dashboard_id_fkey,FOREIGN KEY (dashboard_id) REFERENCES public.spreadsheet_dashboard(id) ON DELETE CASCADE
spreadsheet_document_to_dashboard,document_id,documents_document,spreadsheet_document_to_dashboard_document_id_fkey,FOREIGN KEY (document_id) REFERENCES public.documents_document(id) ON DELETE CASCADE
spreadsheet_document_to_dashboard,create_uid,res_users,spreadsheet_document_to_dashboard_create_uid_fkey,FOREIGN KEY (create_uid) REFERENCES public.res_users(id) ON DELETE SET NULL
spreadsheet_document_to_dashboard,write_uid,res_users,spreadsheet_document_to_dashboard_write_uid_fkey,FOREIGN KEY (write_uid) REFERENCES public.res_users(id) ON DELETE SET NULL
spreadsheet_document_to_dashboard,dashboard_group_id,spreadsheet_dashboard_group,spreadsheet_document_to_dashboard_dashboard_group_id_fkey,FOREIGN KEY (dashboard_group_id) REFERENCES public.spreadsheet_dashboard_group(id) ON DELETE CASCADE
spreadsheet_revision,author_id,res_users,spreadsheet_revision_author_id_fkey,FOREIGN KEY (author_id) REFERENCES public.res_users(id) ON DELETE RESTRICT
spreadsheet_revision,create_uid,res_users,spreadsheet_revision_create_uid_fkey,FOREIGN KEY (create_uid) REFERENCES public.res_users(id) ON DELETE SET NULL
spreadsheet_revision,write_uid,res_users,spreadsheet_revision_write_uid_fkey,FOREIGN KEY (write_uid) REFERENCES public.res_users(id) ON DELETE SET NULL
spreadsheet_revision,parent_revision_id,spreadsheet_revision,spreadsheet_revision_parent_revision_id_fkey,FOREIGN KEY (parent_revision_id) REFERENCES public.spreadsheet_revision(id) ON DELETE SET NULL
spreadsheet_template,create_uid,res_users,spreadsheet_template_create_uid_fkey,FOREIGN KEY (create_uid) REFERENCES public.res_users(id) ON DELETE SET NULL
spreadsheet_template,write_uid,res_users,spreadsheet_template_write_uid_fkey,FOREIGN KEY (write_uid) REFERENCES public.res_users(id) ON DELETE SET NULL
stock_add_to_wave,create_uid,res_users,stock_add_to_wave_create_uid_fkey,FOREIGN KEY (create_uid) REFERENCES public.res_users(id) ON DELETE SET NULL
stock_add_to_wave,user_id,res_users,stock_add_to_wave_user_id_fkey,FOREIGN KEY (user_id) REFERENCES public.res_users(id) ON DELETE SET NULL
stock_add_to_wave,write_uid,res_users,stock_add_to_wave_write_uid_fkey,FOREIGN KEY (write_uid) REFERENCES public.res_users(id) ON DELETE SET NULL
stock_add_to_wave,wave_id,stock_picking_batch,stock_add_to_wave_wave_id_fkey,FOREIGN KEY (wave_id) REFERENCES public.stock_picking_batch(id) ON DELETE SET NULL
stock_add_to_wave_stock_move_line_rel,stock_add_to_wave_id,stock_add_to_wave,stock_add_to_wave_stock_move_line_rel_stock_add_to_wave_id_fkey,FOREIGN KEY (stock_add_to_wave_id) REFERENCES public.stock_add_to_wave(id) ON DELETE CASCADE
stock_add_to_wave_stock_move_line_rel,stock_move_line_id,stock_move_line,stock_add_to_wave_stock_move_line_rel_stock_move_line_id_fkey,FOREIGN KEY (stock_move_line_id) REFERENCES public.stock_move_line(id) ON DELETE CASCADE
stock_add_to_wave_stock_picking_rel,stock_add_to_wave_id,stock_add_to_wave,stock_add_to_wave_stock_picking_rel_stock_add_to_wave_id_fkey,FOREIGN KEY (stock_add_to_wave_id) REFERENCES public.stock_add_to_wave(id) ON DELETE CASCADE
stock_add_to_wave_stock_picking_rel,stock_picking_id,stock_picking,stock_add_to_wave_stock_picking_rel_stock_picking_id_fkey,FOREIGN KEY (stock_picking_id) REFERENCES public.stock_picking(id) ON DELETE CASCADE
stock_backorder_confirmation,create_uid,res_users,stock_backorder_confirmation_create_uid_fkey,FOREIGN KEY (create_uid) REFERENCES public.res_users(id) ON DELETE SET NULL
stock_backorder_confirmation,write_uid,res_users,stock_backorder_confirmation_write_uid_fkey,FOREIGN KEY (write_uid) REFERENCES public.res_users(id) ON DELETE SET NULL
stock_backorder_confirmation_line,create_uid,res_users,stock_backorder_confirmation_line_create_uid_fkey,FOREIGN KEY (create_uid) REFERENCES public.res_users(id) ON DELETE SET NULL
stock_backorder_confirmation_line,write_uid,res_users,stock_backorder_confirmation_line_write_uid_fkey,FOREIGN KEY (write_uid) REFERENCES public.res_users(id) ON DELETE SET NULL
stock_backorder_confirmation_line,backorder_confirmation_id,stock_backorder_confirmation,stock_backorder_confirmation_lin_backorder_confirmation_id_fkey,FOREIGN KEY (backorder_confirmation_id) REFERENCES public.stock_backorder_confirmation(id) ON DELETE SET NULL
stock_backorder_confirmation_line,picking_id,stock_picking,stock_backorder_confirmation_line_picking_id_fkey,FOREIGN KEY (picking_id) REFERENCES public.stock_picking(id) ON DELETE SET NULL
stock_barcode_cancel_operation,create_uid,res_users,stock_barcode_cancel_operation_create_uid_fkey,FOREIGN KEY (create_uid) REFERENCES public.res_users(id) ON DELETE SET NULL
stock_barcode_cancel_operation,write_uid,res_users,stock_barcode_cancel_operation_write_uid_fkey,FOREIGN KEY (write_uid) REFERENCES public.res_users(id) ON DELETE SET NULL
stock_barcode_cancel_operation,picking_id,stock_picking,stock_barcode_cancel_operation_picking_id_fkey,FOREIGN KEY (picking_id) REFERENCES public.stock_picking(id) ON DELETE SET NULL
stock_barcode_cancel_operation,batch_id,stock_picking_batch,stock_barcode_cancel_operation_batch_id_fkey,FOREIGN KEY (batch_id) REFERENCES public.stock_picking_batch(id) ON DELETE SET NULL
stock_conflict_quant_rel,stock_inventory_conflict_id,stock_inventory_conflict,stock_conflict_quant_rel_stock_inventory_conflict_id_fkey,FOREIGN KEY (stock_inventory_conflict_id) REFERENCES public.stock_inventory_conflict(id) ON DELETE CASCADE
stock_conflict_quant_rel,stock_quant_id,stock_quant,stock_conflict_quant_rel_stock_quant_id_fkey,FOREIGN KEY (stock_quant_id) REFERENCES public.stock_quant(id) ON DELETE CASCADE
stock_inventory_adjustment_name,create_uid,res_users,stock_inventory_adjustment_name_create_uid_fkey,FOREIGN KEY (create_uid) REFERENCES public.res_users(id) ON DELETE SET NULL
stock_inventory_adjustment_name,write_uid,res_users,stock_inventory_adjustment_name_write_uid_fkey,FOREIGN KEY (write_uid) REFERENCES public.res_users(id) ON DELETE SET NULL
stock_inventory_adjustment_name_stock_quant_rel,stock_inventory_adjustment_name_id,stock_inventory_adjustment_name,stock_inventory_adjustment_na_stock_inventory_adjustment_n_fkey,FOREIGN KEY (stock_inventory_adjustment_name_id) REFERENCES public.stock_inventory_adjustment_name(id) ON DELETE CASCADE
stock_inventory_adjustment_name_stock_quant_rel,stock_quant_id,stock_quant,stock_inventory_adjustment_name_stock_quant_stock_quant_id_fkey,FOREIGN KEY (stock_quant_id) REFERENCES public.stock_quant(id) ON DELETE CASCADE
stock_inventory_conflict,create_uid,res_users,stock_inventory_conflict_create_uid_fkey,FOREIGN KEY (create_uid) REFERENCES public.res_users(id) ON DELETE SET NULL
stock_inventory_conflict,write_uid,res_users,stock_inventory_conflict_write_uid_fkey,FOREIGN KEY (write_uid) REFERENCES public.res_users(id) ON DELETE SET NULL
stock_inventory_conflict_stock_quant_rel,stock_inventory_conflict_id,stock_inventory_conflict,stock_inventory_conflict_stock_stock_inventory_conflict_id_fkey,FOREIGN KEY (stock_inventory_conflict_id) REFERENCES public.stock_inventory_conflict(id) ON DELETE CASCADE
stock_inventory_conflict_stock_quant_rel,stock_quant_id,stock_quant,stock_inventory_conflict_stock_quant_rel_stock_quant_id_fkey,FOREIGN KEY (stock_quant_id) REFERENCES public.stock_quant(id) ON DELETE CASCADE
stock_inventory_warning,create_uid,res_users,stock_inventory_warning_create_uid_fkey,FOREIGN KEY (create_uid) REFERENCES public.res_users(id) ON DELETE SET NULL
stock_inventory_warning,write_uid,res_users,stock_inventory_warning_write_uid_fkey,FOREIGN KEY (write_uid) REFERENCES public.res_users(id) ON DELETE SET NULL
stock_inventory_warning_stock_quant_rel,stock_inventory_warning_id,stock_inventory_warning,stock_inventory_warning_stock_q_stock_inventory_warning_id_fkey,FOREIGN KEY (stock_inventory_warning_id) REFERENCES public.stock_inventory_warning(id) ON DELETE CASCADE
stock_inventory_warning_stock_quant_rel,stock_quant_id,stock_quant,stock_inventory_warning_stock_quant_rel_stock_quant_id_fkey,FOREIGN KEY (stock_quant_id) REFERENCES public.stock_quant(id) ON DELETE CASCADE
stock_landed_cost,account_journal_id,account_journal,stock_landed_cost_account_journal_id_fkey,FOREIGN KEY (account_journal_id) REFERENCES public.account_journal(id) ON DELETE RESTRICT
stock_landed_cost,account_move_id,account_move,stock_landed_cost_account_move_id_fkey,FOREIGN KEY (account_move_id) REFERENCES public.account_move(id) ON DELETE SET NULL
stock_landed_cost,vendor_bill_id,account_move,stock_landed_cost_vendor_bill_id_fkey,FOREIGN KEY (vendor_bill_id) REFERENCES public.account_move(id) ON DELETE SET NULL
stock_landed_cost,company_id,res_company,stock_landed_cost_company_id_fkey,FOREIGN KEY (company_id) REFERENCES public.res_company(id) ON DELETE RESTRICT
stock_landed_cost,create_uid,res_users,stock_landed_cost_create_uid_fkey,FOREIGN KEY (create_uid) REFERENCES public.res_users(id) ON DELETE SET NULL
stock_landed_cost,write_uid,res_users,stock_landed_cost_write_uid_fkey,FOREIGN KEY (write_uid) REFERENCES public.res_users(id) ON DELETE SET NULL
stock_landed_cost_lines,account_id,account_account,stock_landed_cost_lines_account_id_fkey,FOREIGN KEY (account_id) REFERENCES public.account_account(id) ON DELETE SET NULL
stock_landed_cost_lines,product_id,product_product,stock_landed_cost_lines_product_id_fkey,FOREIGN KEY (product_id) REFERENCES public.product_product(id) ON DELETE RESTRICT
stock_landed_cost_lines,create_uid,res_users,stock_landed_cost_lines_create_uid_fkey,FOREIGN KEY (create_uid) REFERENCES public.res_users(id) ON DELETE SET NULL
stock_landed_cost_lines,write_uid,res_users,stock_landed_cost_lines_write_uid_fkey,FOREIGN KEY (write_uid) REFERENCES public.res_users(id) ON DELETE SET NULL
stock_landed_cost_lines,cost_id,stock_landed_cost,stock_landed_cost_lines_cost_id_fkey,FOREIGN KEY (cost_id) REFERENCES public.stock_landed_cost(id) ON DELETE CASCADE
stock_landed_cost_stock_picking_rel,stock_landed_cost_id,stock_landed_cost,stock_landed_cost_stock_picking_rel_stock_landed_cost_id_fkey,FOREIGN KEY (stock_landed_cost_id) REFERENCES public.stock_landed_cost(id) ON DELETE CASCADE
stock_landed_cost_stock_picking_rel,stock_picking_id,stock_picking,stock_landed_cost_stock_picking_rel_stock_picking_id_fkey,FOREIGN KEY (stock_picking_id) REFERENCES public.stock_picking(id) ON DELETE CASCADE
stock_location,valuation_account_id,account_account,stock_location_valuation_account_id_fkey,FOREIGN KEY (valuation_account_id) REFERENCES public.account_account(id) ON DELETE SET NULL
stock_location,removal_strategy_id,product_removal,stock_location_removal_strategy_id_fkey,FOREIGN KEY (removal_strategy_id) REFERENCES public.product_removal(id) ON DELETE SET NULL
stock_location,company_id,res_company,stock_location_company_id_fkey,FOREIGN KEY (company_id) REFERENCES public.res_company(id) ON DELETE SET NULL
stock_location,create_uid,res_users,stock_location_create_uid_fkey,FOREIGN KEY (create_uid) REFERENCES public.res_users(id) ON DELETE SET NULL
stock_location,write_uid,res_users,stock_location_write_uid_fkey,FOREIGN KEY (write_uid) REFERENCES public.res_users(id) ON DELETE SET NULL
stock_location,location_id,stock_location,stock_location_location_id_fkey,FOREIGN KEY (location_id) REFERENCES public.stock_location(id) ON DELETE SET NULL
stock_location,storage_category_id,stock_storage_category,stock_location_storage_category_id_fkey,FOREIGN KEY (storage_category_id) REFERENCES public.stock_storage_category(id) ON DELETE SET NULL
stock_location,warehouse_id,stock_warehouse,stock_location_warehouse_id_fkey,FOREIGN KEY (warehouse_id) REFERENCES public.stock_warehouse(id) ON DELETE SET NULL
stock_location_stock_picking_type_rel,stock_location_id,stock_location,stock_location_stock_picking_type_rel_stock_location_id_fkey,FOREIGN KEY (stock_location_id) REFERENCES public.stock_location(id) ON DELETE CASCADE
stock_location_stock_picking_type_rel,stock_picking_type_id,stock_picking_type,stock_location_stock_picking_type_re_stock_picking_type_id_fkey,FOREIGN KEY (stock_picking_type_id) REFERENCES public.stock_picking_type(id) ON DELETE CASCADE
stock_lot,product_id,product_product,stock_lot_product_id_fkey,FOREIGN KEY (product_id) REFERENCES public.product_product(id) ON DELETE RESTRICT
stock_lot,company_id,res_company,stock_lot_company_id_fkey,FOREIGN KEY (company_id) REFERENCES public.res_company(id) ON DELETE SET NULL
stock_lot,create_uid,res_users,stock_lot_create_uid_fkey,FOREIGN KEY (create_uid) REFERENCES public.res_users(id) ON DELETE SET NULL
stock_lot,write_uid,res_users,stock_lot_write_uid_fkey,FOREIGN KEY (write_uid) REFERENCES public.res_users(id) ON DELETE SET NULL
stock_lot,location_id,stock_location,stock_lot_location_id_fkey,FOREIGN KEY (location_id) REFERENCES public.stock_location(id) ON DELETE SET NULL
stock_move,account_move_id,account_move,stock_move_account_move_id_fkey,FOREIGN KEY (account_move_id) REFERENCES public.account_move(id) ON DELETE SET NULL
stock_move,byproduct_id,mrp_bom_byproduct,stock_move_byproduct_id_fkey,FOREIGN KEY (byproduct_id) REFERENCES public.mrp_bom_byproduct(id) ON DELETE SET NULL
stock_move,bom_line_id,mrp_bom_line,stock_move_bom_line_id_fkey,FOREIGN KEY (bom_line_id) REFERENCES public.mrp_bom_line(id) ON DELETE SET NULL
stock_move,created_production_id,mrp_production,stock_move_created_production_id_fkey,FOREIGN KEY (created_production_id) REFERENCES public.mrp_production(id) ON DELETE SET NULL
stock_move,production_id,mrp_production,stock_move_production_id_fkey,FOREIGN KEY (production_id) REFERENCES public.mrp_production(id) ON DELETE CASCADE
stock_move,raw_material_production_id,mrp_production,stock_move_raw_material_production_id_fkey,FOREIGN KEY (raw_material_production_id) REFERENCES public.mrp_production(id) ON DELETE CASCADE
stock_move,production_group_id,mrp_production_group,stock_move_production_group_id_fkey,FOREIGN KEY (production_group_id) REFERENCES public.mrp_production_group(id) ON DELETE SET NULL
stock_move,operation_id,mrp_routing_workcenter,stock_move_operation_id_fkey,FOREIGN KEY (operation_id) REFERENCES public.mrp_routing_workcenter(id) ON DELETE SET NULL
stock_move,consume_unbuild_id,mrp_unbuild,stock_move_consume_unbuild_id_fkey,FOREIGN KEY (consume_unbuild_id) REFERENCES public.mrp_unbuild(id) ON DELETE SET NULL
stock_move,unbuild_id,mrp_unbuild,stock_move_unbuild_id_fkey,FOREIGN KEY (unbuild_id) REFERENCES public.mrp_unbuild(id) ON DELETE SET NULL
stock_move,workorder_id,mrp_workorder,stock_move_workorder_id_fkey,FOREIGN KEY (workorder_id) REFERENCES public.mrp_workorder(id) ON DELETE SET NULL
stock_move,product_id,product_product,stock_move_product_id_fkey,FOREIGN KEY (product_id) REFERENCES public.product_product(id) ON DELETE RESTRICT
stock_move,purchase_line_id,purchase_order_line,stock_move_purchase_line_id_fkey,FOREIGN KEY (purchase_line_id) REFERENCES public.purchase_order_line(id) ON DELETE SET NULL
stock_move,created_purchase_request_line_id,purchase_request_line,stock_move_created_purchase_request_line_id_fkey,FOREIGN KEY (created_purchase_request_line_id) REFERENCES public.purchase_request_line(id) ON DELETE SET NULL
stock_move,repair_id,repair_order,stock_move_repair_id_fkey,FOREIGN KEY (repair_id) REFERENCES public.repair_order(id) ON DELETE CASCADE
stock_move,company_id,res_company,stock_move_company_id_fkey,FOREIGN KEY (company_id) REFERENCES public.res_company(id) ON DELETE RESTRICT
stock_move,partner_id,res_partner,stock_move_partner_id_fkey,FOREIGN KEY (partner_id) REFERENCES public.res_partner(id) ON DELETE SET NULL
stock_move,restrict_partner_id,res_partner,stock_move_restrict_partner_id_fkey,FOREIGN KEY (restrict_partner_id) REFERENCES public.res_partner(id) ON DELETE SET NULL
stock_move,create_uid,res_users,stock_move_create_uid_fkey,FOREIGN KEY (create_uid) REFERENCES public.res_users(id) ON DELETE SET NULL
stock_move,write_uid,res_users,stock_move_write_uid_fkey,FOREIGN KEY (write_uid) REFERENCES public.res_users(id) ON DELETE SET NULL
stock_move,sale_line_id,sale_order_line,stock_move_sale_line_id_fkey,FOREIGN KEY (sale_line_id) REFERENCES public.sale_order_line(id) ON DELETE SET NULL
stock_move,location_dest_id,stock_location,stock_move_location_dest_id_fkey,FOREIGN KEY (location_dest_id) REFERENCES public.stock_location(id) ON DELETE RESTRICT
stock_move,location_final_id,stock_location,stock_move_location_final_id_fkey,FOREIGN KEY (location_final_id) REFERENCES public.stock_location(id) ON DELETE SET NULL
stock_move,location_id,stock_location,stock_move_location_id_fkey,FOREIGN KEY (location_id) REFERENCES public.stock_location(id) ON DELETE RESTRICT
stock_move,origin_returned_move_id,stock_move,stock_move_origin_returned_move_id_fkey,FOREIGN KEY (origin_returned_move_id) REFERENCES public.stock_move(id) ON DELETE SET NULL
stock_move,picking_id,stock_picking,stock_move_picking_id_fkey,FOREIGN KEY (picking_id) REFERENCES public.stock_picking(id) ON DELETE SET NULL
stock_move,picking_type_id,stock_picking_type,stock_move_picking_type_id_fkey,FOREIGN KEY (picking_type_id) REFERENCES public.stock_picking_type(id) ON DELETE SET NULL
stock_move,rule_id,stock_rule,stock_move_rule_id_fkey,FOREIGN KEY (rule_id) REFERENCES public.stock_rule(id) ON DELETE RESTRICT
stock_move,scrap_id,stock_scrap,stock_move_scrap_id_fkey,FOREIGN KEY (scrap_id) REFERENCES public.stock_scrap(id) ON DELETE SET NULL
stock_move,warehouse_id,stock_warehouse,stock_move_warehouse_id_fkey,FOREIGN KEY (warehouse_id) REFERENCES public.stock_warehouse(id) ON DELETE SET NULL
stock_move,orderpoint_id,stock_warehouse_orderpoint,stock_move_orderpoint_id_fkey,FOREIGN KEY (orderpoint_id) REFERENCES public.stock_warehouse_orderpoint(id) ON DELETE SET NULL
stock_move,packaging_uom_id,uom_uom,stock_move_packaging_uom_id_fkey,FOREIGN KEY (packaging_uom_id) REFERENCES public.uom_uom(id) ON DELETE SET NULL
stock_move,product_uom,uom_uom,stock_move_product_uom_fkey,FOREIGN KEY (product_uom) REFERENCES public.uom_uom(id) ON DELETE RESTRICT
stock_move_created_purchase_line_rel,created_purchase_line_id,purchase_order_line,stock_move_created_purchase_line__created_purchase_line_id_fkey,FOREIGN KEY (created_purchase_line_id) REFERENCES public.purchase_order_line(id) ON DELETE CASCADE
stock_move_created_purchase_line_rel,move_id,stock_move,stock_move_created_purchase_line_rel_move_id_fkey,FOREIGN KEY (move_id) REFERENCES public.stock_move(id) ON DELETE CASCADE
stock_move_line,production_id,mrp_production,stock_move_line_production_id_fkey,FOREIGN KEY (production_id) REFERENCES public.mrp_production(id) ON DELETE SET NULL
stock_move_line,workorder_id,mrp_workorder,stock_move_line_workorder_id_fkey,FOREIGN KEY (workorder_id) REFERENCES public.mrp_workorder(id) ON DELETE SET NULL
stock_move_line,product_id,product_product,stock_move_line_product_id_fkey,FOREIGN KEY (product_id) REFERENCES public.product_product(id) ON DELETE CASCADE
stock_move_line,company_id,res_company,stock_move_line_company_id_fkey,FOREIGN KEY (company_id) REFERENCES public.res_company(id) ON DELETE RESTRICT
stock_move_line,owner_id,res_partner,stock_move_line_owner_id_fkey,FOREIGN KEY (owner_id) REFERENCES public.res_partner(id) ON DELETE SET NULL
stock_move_line,create_uid,res_users,stock_move_line_create_uid_fkey,FOREIGN KEY (create_uid) REFERENCES public.res_users(id) ON DELETE SET NULL
stock_move_line,write_uid,res_users,stock_move_line_write_uid_fkey,FOREIGN KEY (write_uid) REFERENCES public.res_users(id) ON DELETE SET NULL
stock_move_line,location_dest_id,stock_location,stock_move_line_location_dest_id_fkey,FOREIGN KEY (location_dest_id) REFERENCES public.stock_location(id) ON DELETE RESTRICT
stock_move_line,location_id,stock_location,stock_move_line_location_id_fkey,FOREIGN KEY (location_id) REFERENCES public.stock_location(id) ON DELETE RESTRICT
stock_move_line,lot_id,stock_lot,stock_move_line_lot_id_fkey,FOREIGN KEY (lot_id) REFERENCES public.stock_lot(id) ON DELETE SET NULL
stock_move_line,move_id,stock_move,stock_move_line_move_id_fkey,FOREIGN KEY (move_id) REFERENCES public.stock_move(id) ON DELETE SET NULL
stock_move_line,package_id,stock_package,stock_move_line_package_id_fkey,FOREIGN KEY (package_id) REFERENCES public.stock_package(id) ON DELETE RESTRICT
stock_move_line,result_package_id,stock_package,stock_move_line_result_package_id_fkey,FOREIGN KEY (result_package_id) REFERENCES public.stock_package(id) ON DELETE RESTRICT
stock_move_line,package_history_id,stock_package_history,stock_move_line_package_history_id_fkey,FOREIGN KEY (package_history_id) REFERENCES public.stock_package_history(id) ON DELETE SET NULL
stock_move_line,picking_id,stock_picking,stock_move_line_picking_id_fkey,FOREIGN KEY (picking_id) REFERENCES public.stock_picking(id) ON DELETE SET NULL
stock_move_line,product_uom_id,uom_uom,stock_move_line_product_uom_id_fkey,FOREIGN KEY (product_uom_id) REFERENCES public.uom_uom(id) ON DELETE RESTRICT
stock_move_line_consume_rel,consume_line_id,stock_move_line,stock_move_line_consume_rel_consume_line_id_fkey,FOREIGN KEY (consume_line_id) REFERENCES public.stock_move_line(id) ON DELETE CASCADE
stock_move_line_consume_rel,produce_line_id,stock_move_line,stock_move_line_consume_rel_produce_line_id_fkey,FOREIGN KEY (produce_line_id) REFERENCES public.stock_move_line(id) ON DELETE CASCADE
stock_move_line_stock_put_in_pack_rel,stock_move_line_id,stock_move_line,stock_move_line_stock_put_in_pack_rel_stock_move_line_id_fkey,FOREIGN KEY (stock_move_line_id) REFERENCES public.stock_move_line(id) ON DELETE CASCADE
stock_move_line_stock_put_in_pack_rel,stock_put_in_pack_id,stock_put_in_pack,stock_move_line_stock_put_in_pack_rel_stock_put_in_pack_id_fkey,FOREIGN KEY (stock_put_in_pack_id) REFERENCES public.stock_put_in_pack(id) ON DELETE CASCADE
stock_move_move_rel,move_dest_id,stock_move,stock_move_move_rel_move_dest_id_fkey,FOREIGN KEY (move_dest_id) REFERENCES public.stock_move(id) ON DELETE CASCADE
stock_move_move_rel,move_orig_id,stock_move,stock_move_move_rel_move_orig_id_fkey,FOREIGN KEY (move_orig_id) REFERENCES public.stock_move(id) ON DELETE CASCADE
stock_notification_product_partner_rel,product_product_id,product_product,stock_notification_product_partner_rel_product_product_id_fkey,FOREIGN KEY (product_product_id) REFERENCES public.product_product(id) ON DELETE CASCADE
stock_notification_product_partner_rel,res_partner_id,res_partner,stock_notification_product_partner_rel_res_partner_id_fkey,FOREIGN KEY (res_partner_id) REFERENCES public.res_partner(id) ON DELETE CASCADE
stock_orderpoint_snooze,create_uid,res_users,stock_orderpoint_snooze_create_uid_fkey,FOREIGN KEY (create_uid) REFERENCES public.res_users(id) ON DELETE SET NULL
stock_orderpoint_snooze,write_uid,res_users,stock_orderpoint_snooze_write_uid_fkey,FOREIGN KEY (write_uid) REFERENCES public.res_users(id) ON DELETE SET NULL
stock_orderpoint_snooze_stock_warehouse_orderpoint_rel,stock_orderpoint_snooze_id,stock_orderpoint_snooze,stock_orderpoint_snooze_stock_w_stock_orderpoint_snooze_id_fkey,FOREIGN KEY (stock_orderpoint_snooze_id) REFERENCES public.stock_orderpoint_snooze(id) ON DELETE CASCADE
stock_orderpoint_snooze_stock_warehouse_orderpoint_rel,stock_warehouse_orderpoint_id,stock_warehouse_orderpoint,stock_orderpoint_snooze_stock_stock_warehouse_orderpoint_i_fkey,FOREIGN KEY (stock_warehouse_orderpoint_id) REFERENCES public.stock_warehouse_orderpoint(id) ON DELETE CASCADE
stock_package,company_id,res_company,stock_package_company_id_fkey,FOREIGN KEY (company_id) REFERENCES public.res_company(id) ON DELETE SET NULL
stock_package,create_uid,res_users,stock_package_create_uid_fkey,FOREIGN KEY (create_uid) REFERENCES public.res_users(id) ON DELETE SET NULL
stock_package,write_uid,res_users,stock_package_write_uid_fkey,FOREIGN KEY (write_uid) REFERENCES public.res_users(id) ON DELETE SET NULL
stock_package,location_id,stock_location,stock_package_location_id_fkey,FOREIGN KEY (location_id) REFERENCES public.stock_location(id) ON DELETE SET NULL
stock_package,package_dest_id,stock_package,stock_package_package_dest_id_fkey,FOREIGN KEY (package_dest_id) REFERENCES public.stock_package(id) ON DELETE SET NULL
stock_package,parent_package_id,stock_package,stock_package_parent_package_id_fkey,FOREIGN KEY (parent_package_id) REFERENCES public.stock_package(id) ON DELETE SET NULL
stock_package,package_type_id,stock_package_type,stock_package_package_type_id_fkey,FOREIGN KEY (package_type_id) REFERENCES public.stock_package_type(id) ON DELETE SET NULL
stock_package_destination,create_uid,res_users,stock_package_destination_create_uid_fkey,FOREIGN KEY (create_uid) REFERENCES public.res_users(id) ON DELETE SET NULL
stock_package_destination,write_uid,res_users,stock_package_destination_write_uid_fkey,FOREIGN KEY (write_uid) REFERENCES public.res_users(id) ON DELETE SET NULL
stock_package_destination,location_dest_id,stock_location,stock_package_destination_location_dest_id_fkey,FOREIGN KEY (location_dest_id) REFERENCES public.stock_location(id) ON DELETE CASCADE
stock_package_history,company_id,res_company,stock_package_history_company_id_fkey,FOREIGN KEY (company_id) REFERENCES public.res_company(id) ON DELETE RESTRICT
stock_package_history,create_uid,res_users,stock_package_history_create_uid_fkey,FOREIGN KEY (create_uid) REFERENCES public.res_users(id) ON DELETE SET NULL
stock_package_history,write_uid,res_users,stock_package_history_write_uid_fkey,FOREIGN KEY (write_uid) REFERENCES public.res_users(id) ON DELETE SET NULL
stock_package_history,location_dest_id,stock_location,stock_package_history_location_dest_id_fkey,FOREIGN KEY (location_dest_id) REFERENCES public.stock_location(id) ON DELETE SET NULL
stock_package_history,location_id,stock_location,stock_package_history_location_id_fkey,FOREIGN KEY (location_id) REFERENCES public.stock_location(id) ON DELETE SET NULL
stock_package_history,outermost_dest_id,stock_package,stock_package_history_outermost_dest_id_fkey,FOREIGN KEY (outermost_dest_id) REFERENCES public.stock_package(id) ON DELETE SET NULL
stock_package_history,package_id,stock_package,stock_package_history_package_id_fkey,FOREIGN KEY (package_id) REFERENCES public.stock_package(id) ON DELETE CASCADE
stock_package_history,parent_dest_id,stock_package,stock_package_history_parent_dest_id_fkey,FOREIGN KEY (parent_dest_id) REFERENCES public.stock_package(id) ON DELETE SET NULL
stock_package_history,parent_orig_id,stock_package,stock_package_history_parent_orig_id_fkey,FOREIGN KEY (parent_orig_id) REFERENCES public.stock_package(id) ON DELETE SET NULL
stock_package_history_stock_picking_rel,stock_package_history_id,stock_package_history,stock_package_history_stock_picki_stock_package_history_id_fkey,FOREIGN KEY (stock_package_history_id) REFERENCES public.stock_package_history(id) ON DELETE CASCADE
stock_package_history_stock_picking_rel,stock_picking_id,stock_picking,stock_package_history_stock_picking_rel_stock_picking_id_fkey,FOREIGN KEY (stock_picking_id) REFERENCES public.stock_picking(id) ON DELETE CASCADE
stock_package_stock_put_in_pack_rel,stock_package_id,stock_package,stock_package_stock_put_in_pack_rel_stock_package_id_fkey,FOREIGN KEY (stock_package_id) REFERENCES public.stock_package(id) ON DELETE CASCADE
stock_package_stock_put_in_pack_rel,stock_put_in_pack_id,stock_put_in_pack,stock_package_stock_put_in_pack_rel_stock_put_in_pack_id_fkey,FOREIGN KEY (stock_put_in_pack_id) REFERENCES public.stock_put_in_pack(id) ON DELETE CASCADE
stock_package_type,sequence_id,ir_sequence,stock_package_type_sequence_id_fkey,FOREIGN KEY (sequence_id) REFERENCES public.ir_sequence(id) ON DELETE SET NULL
stock_package_type,company_id,res_company,stock_package_type_company_id_fkey,FOREIGN KEY (company_id) REFERENCES public.res_company(id) ON DELETE SET NULL
stock_package_type,create_uid,res_users,stock_package_type_create_uid_fkey,FOREIGN KEY (create_uid) REFERENCES public.res_users(id) ON DELETE SET NULL
stock_package_type,write_uid,res_users,stock_package_type_write_uid_fkey,FOREIGN KEY (write_uid) REFERENCES public.res_users(id) ON DELETE SET NULL
stock_package_type_stock_putaway_rule_rel,stock_package_type_id,stock_package_type,stock_package_type_stock_putaway_rul_stock_package_type_id_fkey,FOREIGN KEY (stock_package_type_id) REFERENCES public.stock_package_type(id) ON DELETE CASCADE
stock_package_type_stock_putaway_rule_rel,stock_putaway_rule_id,stock_putaway_rule,stock_package_type_stock_putaway_rul_stock_putaway_rule_id_fkey,FOREIGN KEY (stock_putaway_rule_id) REFERENCES public.stock_putaway_rule(id) ON DELETE CASCADE
stock_package_type_stock_route_rel,stock_package_type_id,stock_package_type,stock_package_type_stock_route_rel_stock_package_type_id_fkey,FOREIGN KEY (stock_package_type_id) REFERENCES public.stock_package_type(id) ON DELETE CASCADE
stock_package_type_stock_route_rel,stock_route_id,stock_route,stock_package_type_stock_route_rel_stock_route_id_fkey,FOREIGN KEY (stock_route_id) REFERENCES public.stock_route(id) ON DELETE CASCADE
stock_picking,carrier_id,delivery_carrier,stock_picking_carrier_id_fkey,FOREIGN KEY (carrier_id) REFERENCES public.delivery_carrier(id) ON DELETE SET NULL
stock_picking,ticket_id,helpdesk_ticket,stock_picking_ticket_id_fkey,FOREIGN KEY (ticket_id) REFERENCES public.helpdesk_ticket(id) ON DELETE SET NULL
stock_picking,project_id,project_project,stock_picking_project_id_fkey,FOREIGN KEY (project_id) REFERENCES public.project_project(id) ON DELETE SET NULL
stock_picking,company_id,res_company,stock_picking_company_id_fkey,FOREIGN KEY (company_id) REFERENCES public.res_company(id) ON DELETE SET NULL
stock_picking,owner_id,res_partner,stock_picking_owner_id_fkey,FOREIGN KEY (owner_id) REFERENCES public.res_partner(id) ON DELETE SET NULL
stock_picking,partner_id,res_partner,stock_picking_partner_id_fkey,FOREIGN KEY (partner_id) REFERENCES public.res_partner(id) ON DELETE SET NULL
stock_picking,create_uid,res_users,stock_picking_create_uid_fkey,FOREIGN KEY (create_uid) REFERENCES public.res_users(id) ON DELETE SET NULL
stock_picking,user_id,res_users,stock_picking_user_id_fkey,FOREIGN KEY (user_id) REFERENCES public.res_users(id) ON DELETE SET NULL
stock_picking,write_uid,res_users,stock_picking_write_uid_fkey,FOREIGN KEY (write_uid) REFERENCES public.res_users(id) ON DELETE SET NULL
stock_picking,job_type_id,sale_job_type,stock_picking_job_type_id_fkey,FOREIGN KEY (job_type_id) REFERENCES public.sale_job_type(id) ON DELETE SET NULL
stock_picking,sale_id,sale_order,stock_picking_sale_id_fkey,FOREIGN KEY (sale_id) REFERENCES public.sale_order(id) ON DELETE SET NULL
stock_picking,location_dest_id,stock_location,stock_picking_location_dest_id_fkey,FOREIGN KEY (location_dest_id) REFERENCES public.stock_location(id) ON DELETE RESTRICT
stock_picking,location_id,stock_location,stock_picking_location_id_fkey,FOREIGN KEY (location_id) REFERENCES public.stock_location(id) ON DELETE RESTRICT
stock_picking,backorder_id,stock_picking,stock_picking_backorder_id_fkey,FOREIGN KEY (backorder_id) REFERENCES public.stock_picking(id) ON DELETE SET NULL
stock_picking,return_id,stock_picking,stock_picking_return_id_fkey,FOREIGN KEY (return_id) REFERENCES public.stock_picking(id) ON DELETE SET NULL
stock_picking,batch_id,stock_picking_batch,stock_picking_batch_id_fkey,FOREIGN KEY (batch_id) REFERENCES public.stock_picking_batch(id) ON DELETE SET NULL
stock_picking,picking_type_id,stock_picking_type,stock_picking_picking_type_id_fkey,FOREIGN KEY (picking_type_id) REFERENCES public.stock_picking_type(id) ON DELETE RESTRICT
stock_picking,website_id,website,stock_picking_website_id_fkey,FOREIGN KEY (website_id) REFERENCES public.website(id) ON DELETE SET NULL
stock_picking_backorder_rel,stock_backorder_confirmation_id,stock_backorder_confirmation,stock_picking_backorder_rel_stock_backorder_confirmation_i_fkey,FOREIGN KEY (stock_backorder_confirmation_id) REFERENCES public.stock_backorder_confirmation(id) ON DELETE CASCADE
stock_picking_backorder_rel,stock_picking_id,stock_picking,stock_picking_backorder_rel_stock_picking_id_fkey,FOREIGN KEY (stock_picking_id) REFERENCES public.stock_picking(id) ON DELETE CASCADE
stock_picking_batch,vehicle_id,fleet_vehicle,stock_picking_batch_vehicle_id_fkey,FOREIGN KEY (vehicle_id) REFERENCES public.fleet_vehicle(id) ON DELETE SET NULL
stock_picking_batch,vehicle_category_id,fleet_vehicle_model_category,stock_picking_batch_vehicle_category_id_fkey,FOREIGN KEY (vehicle_category_id) REFERENCES public.fleet_vehicle_model_category(id) ON DELETE SET NULL
stock_picking_batch,company_id,res_company,stock_picking_batch_company_id_fkey,FOREIGN KEY (company_id) REFERENCES public.res_company(id) ON DELETE RESTRICT
stock_picking_batch,driver_id,res_partner,stock_picking_batch_driver_id_fkey,FOREIGN KEY (driver_id) REFERENCES public.res_partner(id) ON DELETE SET NULL
stock_picking_batch,create_uid,res_users,stock_picking_batch_create_uid_fkey,FOREIGN KEY (create_uid) REFERENCES public.res_users(id) ON DELETE SET NULL
stock_picking_batch,user_id,res_users,stock_picking_batch_user_id_fkey,FOREIGN KEY (user_id) REFERENCES public.res_users(id) ON DELETE SET NULL
stock_picking_batch,write_uid,res_users,stock_picking_batch_write_uid_fkey,FOREIGN KEY (write_uid) REFERENCES public.res_users(id) ON DELETE SET NULL
stock_picking_batch,dock_id,stock_location,stock_picking_batch_dock_id_fkey,FOREIGN KEY (dock_id) REFERENCES public.stock_location(id) ON DELETE SET NULL
stock_picking_batch,picking_type_id,stock_picking_type,stock_picking_batch_picking_type_id_fkey,FOREIGN KEY (picking_type_id) REFERENCES public.stock_picking_type(id) ON DELETE SET NULL
stock_picking_sms_rel,confirm_stock_sms_id,confirm_stock_sms,stock_picking_sms_rel_confirm_stock_sms_id_fkey,FOREIGN KEY (confirm_stock_sms_id) REFERENCES public.confirm_stock_sms(id) ON DELETE CASCADE
stock_picking_sms_rel,stock_picking_id,stock_picking,stock_picking_sms_rel_stock_picking_id_fkey,FOREIGN KEY (stock_picking_id) REFERENCES public.stock_picking(id) ON DELETE CASCADE
stock_picking_to_batch,create_uid,res_users,stock_picking_to_batch_create_uid_fkey,FOREIGN KEY (create_uid) REFERENCES public.res_users(id) ON DELETE SET NULL
stock_picking_to_batch,user_id,res_users,stock_picking_to_batch_user_id_fkey,FOREIGN KEY (user_id) REFERENCES public.res_users(id) ON DELETE SET NULL
stock_picking_to_batch,write_uid,res_users,stock_picking_to_batch_write_uid_fkey,FOREIGN KEY (write_uid) REFERENCES public.res_users(id) ON DELETE SET NULL
stock_picking_to_batch,batch_id,stock_picking_batch,stock_picking_to_batch_batch_id_fkey,FOREIGN KEY (batch_id) REFERENCES public.stock_picking_batch(id) ON DELETE SET NULL
stock_picking_type,sequence_id,ir_sequence,stock_picking_type_sequence_id_fkey,FOREIGN KEY (sequence_id) REFERENCES public.ir_sequence(id) ON DELETE SET NULL
stock_picking_type,company_id,res_company,stock_picking_type_company_id_fkey,FOREIGN KEY (company_id) REFERENCES public.res_company(id) ON DELETE RESTRICT
stock_picking_type,create_uid,res_users,stock_picking_type_create_uid_fkey,FOREIGN KEY (create_uid) REFERENCES public.res_users(id) ON DELETE SET NULL
stock_picking_type,write_uid,res_users,stock_picking_type_write_uid_fkey,FOREIGN KEY (write_uid) REFERENCES public.res_users(id) ON DELETE SET NULL
stock_picking_type,default_location_dest_id,stock_location,stock_picking_type_default_location_dest_id_fkey,FOREIGN KEY (default_location_dest_id) REFERENCES public.stock_location(id) ON DELETE RESTRICT
stock_picking_type,default_location_src_id,stock_location,stock_picking_type_default_location_src_id_fkey,FOREIGN KEY (default_location_src_id) REFERENCES public.stock_location(id) ON DELETE RESTRICT
stock_picking_type,default_product_location_dest_id,stock_location,stock_picking_type_default_product_location_dest_id_fkey,FOREIGN KEY (default_product_location_dest_id) REFERENCES public.stock_location(id) ON DELETE SET NULL
stock_picking_type,default_product_location_src_id,stock_location,stock_picking_type_default_product_location_src_id_fkey,FOREIGN KEY (default_product_location_src_id) REFERENCES public.stock_location(id) ON DELETE SET NULL
stock_picking_type,default_recycle_location_dest_id,stock_location,stock_picking_type_default_recycle_location_dest_id_fkey,FOREIGN KEY (default_recycle_location_dest_id) REFERENCES public.stock_location(id) ON DELETE SET NULL
stock_picking_type,default_remove_location_dest_id,stock_location,stock_picking_type_default_remove_location_dest_id_fkey,FOREIGN KEY (default_remove_location_dest_id) REFERENCES public.stock_location(id) ON DELETE SET NULL
stock_picking_type,return_picking_type_id,stock_picking_type,stock_picking_type_return_picking_type_id_fkey,FOREIGN KEY (return_picking_type_id) REFERENCES public.stock_picking_type(id) ON DELETE SET NULL
stock_picking_type,warehouse_id,stock_warehouse,stock_picking_type_warehouse_id_fkey,FOREIGN KEY (warehouse_id) REFERENCES public.stock_warehouse(id) ON DELETE CASCADE
stock_put_in_pack,iot_device_id,iot_device,stock_put_in_pack_iot_device_id_fkey,FOREIGN KEY (iot_device_id) REFERENCES public.iot_device(id) ON DELETE SET NULL
stock_put_in_pack,create_uid,res_users,stock_put_in_pack_create_uid_fkey,FOREIGN KEY (create_uid) REFERENCES public.res_users(id) ON DELETE SET NULL
stock_put_in_pack,write_uid,res_users,stock_put_in_pack_write_uid_fkey,FOREIGN KEY (write_uid) REFERENCES public.res_users(id) ON DELETE SET NULL
stock_put_in_pack,location_dest_id,stock_location,stock_put_in_pack_location_dest_id_fkey,FOREIGN KEY (location_dest_id) REFERENCES public.stock_location(id) ON DELETE SET NULL
stock_put_in_pack,result_package_id,stock_package,stock_put_in_pack_result_package_id_fkey,FOREIGN KEY (result_package_id) REFERENCES public.stock_package(id) ON DELETE SET NULL
stock_put_in_pack,package_type_id,stock_package_type,stock_put_in_pack_package_type_id_fkey,FOREIGN KEY (package_type_id) REFERENCES public.stock_package_type(id) ON DELETE SET NULL
stock_putaway_rule,category_id,product_category,stock_putaway_rule_category_id_fkey,FOREIGN KEY (category_id) REFERENCES public.product_category(id) ON DELETE CASCADE
stock_putaway_rule,product_id,product_product,stock_putaway_rule_product_id_fkey,FOREIGN KEY (product_id) REFERENCES public.product_product(id) ON DELETE CASCADE
stock_putaway_rule,company_id,res_company,stock_putaway_rule_company_id_fkey,FOREIGN KEY (company_id) REFERENCES public.res_company(id) ON DELETE RESTRICT
stock_putaway_rule,create_uid,res_users,stock_putaway_rule_create_uid_fkey,FOREIGN KEY (create_uid) REFERENCES public.res_users(id) ON DELETE SET NULL
stock_putaway_rule,write_uid,res_users,stock_putaway_rule_write_uid_fkey,FOREIGN KEY (write_uid) REFERENCES public.res_users(id) ON DELETE SET NULL
stock_putaway_rule,location_in_id,stock_location,stock_putaway_rule_location_in_id_fkey,FOREIGN KEY (location_in_id) REFERENCES public.stock_location(id) ON DELETE CASCADE
stock_putaway_rule,location_out_id,stock_location,stock_putaway_rule_location_out_id_fkey,FOREIGN KEY (location_out_id) REFERENCES public.stock_location(id) ON DELETE CASCADE
stock_putaway_rule,storage_category_id,stock_storage_category,stock_putaway_rule_storage_category_id_fkey,FOREIGN KEY (storage_category_id) REFERENCES public.stock_storage_category(id) ON DELETE CASCADE
stock_quant,product_id,product_product,stock_quant_product_id_fkey,FOREIGN KEY (product_id) REFERENCES public.product_product(id) ON DELETE RESTRICT
stock_quant,company_id,res_company,stock_quant_company_id_fkey,FOREIGN KEY (company_id) REFERENCES public.res_company(id) ON DELETE SET NULL
stock_quant,owner_id,res_partner,stock_quant_owner_id_fkey,FOREIGN KEY (owner_id) REFERENCES public.res_partner(id) ON DELETE SET NULL
stock_quant,create_uid,res_users,stock_quant_create_uid_fkey,FOREIGN KEY (create_uid) REFERENCES public.res_users(id) ON DELETE SET NULL
stock_quant,user_id,res_users,stock_quant_user_id_fkey,FOREIGN KEY (user_id) REFERENCES public.res_users(id) ON DELETE SET NULL
stock_quant,write_uid,res_users,stock_quant_write_uid_fkey,FOREIGN KEY (write_uid) REFERENCES public.res_users(id) ON DELETE SET NULL
stock_quant,location_id,stock_location,stock_quant_location_id_fkey,FOREIGN KEY (location_id) REFERENCES public.stock_location(id) ON DELETE RESTRICT
stock_quant,lot_id,stock_lot,stock_quant_lot_id_fkey,FOREIGN KEY (lot_id) REFERENCES public.stock_lot(id) ON DELETE RESTRICT
stock_quant,package_id,stock_package,stock_quant_package_id_fkey,FOREIGN KEY (package_id) REFERENCES public.stock_package(id) ON DELETE RESTRICT
stock_quant_relocate,create_uid,res_users,stock_quant_relocate_create_uid_fkey,FOREIGN KEY (create_uid) REFERENCES public.res_users(id) ON DELETE SET NULL
stock_quant_relocate,write_uid,res_users,stock_quant_relocate_write_uid_fkey,FOREIGN KEY (write_uid) REFERENCES public.res_users(id) ON DELETE SET NULL
stock_quant_relocate,dest_location_id,stock_location,stock_quant_relocate_dest_location_id_fkey,FOREIGN KEY (dest_location_id) REFERENCES public.stock_location(id) ON DELETE SET NULL
stock_quant_relocate,dest_package_id,stock_package,stock_quant_relocate_dest_package_id_fkey,FOREIGN KEY (dest_package_id) REFERENCES public.stock_package(id) ON DELETE SET NULL
stock_quant_stock_quant_relocate_rel,stock_quant_id,stock_quant,stock_quant_stock_quant_relocate_rel_stock_quant_id_fkey,FOREIGN KEY (stock_quant_id) REFERENCES public.stock_quant(id) ON DELETE CASCADE
stock_quant_stock_quant_relocate_rel,stock_quant_relocate_id,stock_quant_relocate,stock_quant_stock_quant_relocate_r_stock_quant_relocate_id_fkey,FOREIGN KEY (stock_quant_relocate_id) REFERENCES public.stock_quant_relocate(id) ON DELETE CASCADE
stock_quant_stock_request_count_rel,stock_quant_id,stock_quant,stock_quant_stock_request_count_rel_stock_quant_id_fkey,FOREIGN KEY (stock_quant_id) REFERENCES public.stock_quant(id) ON DELETE CASCADE
stock_quant_stock_request_count_rel,stock_request_count_id,stock_request_count,stock_quant_stock_request_count_rel_stock_request_count_id_fkey,FOREIGN KEY (stock_request_count_id) REFERENCES public.stock_request_count(id) ON DELETE CASCADE
stock_quantity_history,create_uid,res_users,stock_quantity_history_create_uid_fkey,FOREIGN KEY (create_uid) REFERENCES public.res_users(id) ON DELETE SET NULL
stock_quantity_history,write_uid,res_users,stock_quantity_history_write_uid_fkey,FOREIGN KEY (write_uid) REFERENCES public.res_users(id) ON DELETE SET NULL
stock_reference,create_uid,res_users,stock_reference_create_uid_fkey,FOREIGN KEY (create_uid) REFERENCES public.res_users(id) ON DELETE SET NULL
stock_reference,write_uid,res_users,stock_reference_write_uid_fkey,FOREIGN KEY (write_uid) REFERENCES public.res_users(id) ON DELETE SET NULL
stock_reference_move_rel,move_id,stock_move,stock_reference_move_rel_move_id_fkey,FOREIGN KEY (move_id) REFERENCES public.stock_move(id) ON DELETE CASCADE
stock_reference_move_rel,reference_id,stock_reference,stock_reference_move_rel_reference_id_fkey,FOREIGN KEY (reference_id) REFERENCES public.stock_reference(id) ON DELETE CASCADE
stock_reference_production_rel,production_id,mrp_production,stock_reference_production_rel_production_id_fkey,FOREIGN KEY (production_id) REFERENCES public.mrp_production(id) ON DELETE CASCADE
stock_reference_production_rel,reference_id,stock_reference,stock_reference_production_rel_reference_id_fkey,FOREIGN KEY (reference_id) REFERENCES public.stock_reference(id) ON DELETE CASCADE
stock_reference_purchase_rel,purchase_id,purchase_order,stock_reference_purchase_rel_purchase_id_fkey,FOREIGN KEY (purchase_id) REFERENCES public.purchase_order(id) ON DELETE CASCADE
stock_reference_purchase_rel,reference_id,stock_reference,stock_reference_purchase_rel_reference_id_fkey,FOREIGN KEY (reference_id) REFERENCES public.stock_reference(id) ON DELETE CASCADE
stock_reference_repair_rel,repair_id,repair_order,stock_reference_repair_rel_repair_id_fkey,FOREIGN KEY (repair_id) REFERENCES public.repair_order(id) ON DELETE CASCADE
stock_reference_repair_rel,reference_id,stock_reference,stock_reference_repair_rel_reference_id_fkey,FOREIGN KEY (reference_id) REFERENCES public.stock_reference(id) ON DELETE CASCADE
stock_reference_sale_rel,sale_id,sale_order,stock_reference_sale_rel_sale_id_fkey,FOREIGN KEY (sale_id) REFERENCES public.sale_order(id) ON DELETE CASCADE
stock_reference_sale_rel,reference_id,stock_reference,stock_reference_sale_rel_reference_id_fkey,FOREIGN KEY (reference_id) REFERENCES public.stock_reference(id) ON DELETE CASCADE
stock_replenishment_info,create_uid,res_users,stock_replenishment_info_create_uid_fkey,FOREIGN KEY (create_uid) REFERENCES public.res_users(id) ON DELETE SET NULL
stock_replenishment_info,write_uid,res_users,stock_replenishment_info_write_uid_fkey,FOREIGN KEY (write_uid) REFERENCES public.res_users(id) ON DELETE SET NULL
stock_replenishment_info,orderpoint_id,stock_warehouse_orderpoint,stock_replenishment_info_orderpoint_id_fkey,FOREIGN KEY (orderpoint_id) REFERENCES public.stock_warehouse_orderpoint(id) ON DELETE SET NULL
stock_replenishment_option,product_id,product_product,stock_replenishment_option_product_id_fkey,FOREIGN KEY (product_id) REFERENCES public.product_product(id) ON DELETE SET NULL
stock_replenishment_option,create_uid,res_users,stock_replenishment_option_create_uid_fkey,FOREIGN KEY (create_uid) REFERENCES public.res_users(id) ON DELETE SET NULL
stock_replenishment_option,write_uid,res_users,stock_replenishment_option_write_uid_fkey,FOREIGN KEY (write_uid) REFERENCES public.res_users(id) ON DELETE SET NULL
stock_replenishment_option,replenishment_info_id,stock_replenishment_info,stock_replenishment_option_replenishment_info_id_fkey,FOREIGN KEY (replenishment_info_id) REFERENCES public.stock_replenishment_info(id) ON DELETE SET NULL
stock_replenishment_option,route_id,stock_route,stock_replenishment_option_route_id_fkey,FOREIGN KEY (route_id) REFERENCES public.stock_route(id) ON DELETE SET NULL
stock_request_count,create_uid,res_users,stock_request_count_create_uid_fkey,FOREIGN KEY (create_uid) REFERENCES public.res_users(id) ON DELETE SET NULL
stock_request_count,user_id,res_users,stock_request_count_user_id_fkey,FOREIGN KEY (user_id) REFERENCES public.res_users(id) ON DELETE SET NULL
stock_request_count,write_uid,res_users,stock_request_count_write_uid_fkey,FOREIGN KEY (write_uid) REFERENCES public.res_users(id) ON DELETE SET NULL
stock_return_picking,ticket_id,helpdesk_ticket,stock_return_picking_ticket_id_fkey,FOREIGN KEY (ticket_id) REFERENCES public.helpdesk_ticket(id) ON DELETE SET NULL
stock_return_picking,create_uid,res_users,stock_return_picking_create_uid_fkey,FOREIGN KEY (create_uid) REFERENCES public.res_users(id) ON DELETE SET NULL
stock_return_picking,write_uid,res_users,stock_return_picking_write_uid_fkey,FOREIGN KEY (write_uid) REFERENCES public.res_users(id) ON DELETE SET NULL
stock_return_picking,picking_id,stock_picking,stock_return_picking_picking_id_fkey,FOREIGN KEY (picking_id) REFERENCES public.stock_picking(id) ON DELETE SET NULL
stock_return_picking_line,product_id,product_product,stock_return_picking_line_product_id_fkey,FOREIGN KEY (product_id) REFERENCES public.product_product(id) ON DELETE CASCADE
stock_return_picking_line,create_uid,res_users,stock_return_picking_line_create_uid_fkey,FOREIGN KEY (create_uid) REFERENCES public.res_users(id) ON DELETE SET NULL
stock_return_picking_line,write_uid,res_users,stock_return_picking_line_write_uid_fkey,FOREIGN KEY (write_uid) REFERENCES public.res_users(id) ON DELETE SET NULL
stock_return_picking_line,move_id,stock_move,stock_return_picking_line_move_id_fkey,FOREIGN KEY (move_id) REFERENCES public.stock_move(id) ON DELETE SET NULL
stock_return_picking_line,wizard_id,stock_return_picking,stock_return_picking_line_wizard_id_fkey,FOREIGN KEY (wizard_id) REFERENCES public.stock_return_picking(id) ON DELETE SET NULL
stock_route,company_id,res_company,stock_route_company_id_fkey,FOREIGN KEY (company_id) REFERENCES public.res_company(id) ON DELETE SET NULL
stock_route,create_uid,res_users,stock_route_create_uid_fkey,FOREIGN KEY (create_uid) REFERENCES public.res_users(id) ON DELETE SET NULL
stock_route,write_uid,res_users,stock_route_write_uid_fkey,FOREIGN KEY (write_uid) REFERENCES public.res_users(id) ON DELETE SET NULL
stock_route,supplied_wh_id,stock_warehouse,stock_route_supplied_wh_id_fkey,FOREIGN KEY (supplied_wh_id) REFERENCES public.stock_warehouse(id) ON DELETE SET NULL
stock_route,supplier_wh_id,stock_warehouse,stock_route_supplier_wh_id_fkey,FOREIGN KEY (supplier_wh_id) REFERENCES public.stock_warehouse(id) ON DELETE SET NULL
stock_route_categ,categ_id,product_category,stock_route_categ_categ_id_fkey,FOREIGN KEY (categ_id) REFERENCES public.product_category(id) ON DELETE CASCADE
stock_route_categ,route_id,stock_route,stock_route_categ_route_id_fkey,FOREIGN KEY (route_id) REFERENCES public.stock_route(id) ON DELETE CASCADE
stock_route_move,move_id,stock_move,stock_route_move_move_id_fkey,FOREIGN KEY (move_id) REFERENCES public.stock_move(id) ON DELETE CASCADE
stock_route_move,route_id,stock_route,stock_route_move_route_id_fkey,FOREIGN KEY (route_id) REFERENCES public.stock_route(id) ON DELETE CASCADE
stock_route_product,product_id,product_template,stock_route_product_product_id_fkey,FOREIGN KEY (product_id) REFERENCES public.product_template(id) ON DELETE CASCADE
stock_route_product,route_id,stock_route,stock_route_product_route_id_fkey,FOREIGN KEY (route_id) REFERENCES public.stock_route(id) ON DELETE CASCADE
stock_route_shipping,shipping_id,delivery_carrier,stock_route_shipping_shipping_id_fkey,FOREIGN KEY (shipping_id) REFERENCES public.delivery_carrier(id) ON DELETE CASCADE
stock_route_shipping,route_id,stock_route,stock_route_shipping_route_id_fkey,FOREIGN KEY (route_id) REFERENCES public.stock_route(id) ON DELETE CASCADE
stock_route_stock_rules_report_rel,stock_route_id,stock_route,stock_route_stock_rules_report_rel_stock_route_id_fkey,FOREIGN KEY (stock_route_id) REFERENCES public.stock_route(id) ON DELETE CASCADE
stock_route_stock_rules_report_rel,stock_rules_report_id,stock_rules_report,stock_route_stock_rules_report_rel_stock_rules_report_id_fkey,FOREIGN KEY (stock_rules_report_id) REFERENCES public.stock_rules_report(id) ON DELETE CASCADE
stock_route_warehouse,route_id,stock_route,stock_route_warehouse_route_id_fkey,FOREIGN KEY (route_id) REFERENCES public.stock_route(id) ON DELETE CASCADE
stock_route_warehouse,warehouse_id,stock_warehouse,stock_route_warehouse_warehouse_id_fkey,FOREIGN KEY (warehouse_id) REFERENCES public.stock_warehouse(id) ON DELETE CASCADE
stock_rule,company_id,res_company,stock_rule_company_id_fkey,FOREIGN KEY (company_id) REFERENCES public.res_company(id) ON DELETE SET NULL
stock_rule,partner_address_id,res_partner,stock_rule_partner_address_id_fkey,FOREIGN KEY (partner_address_id) REFERENCES public.res_partner(id) ON DELETE SET NULL
stock_rule,create_uid,res_users,stock_rule_create_uid_fkey,FOREIGN KEY (create_uid) REFERENCES public.res_users(id) ON DELETE SET NULL
stock_rule,write_uid,res_users,stock_rule_write_uid_fkey,FOREIGN KEY (write_uid) REFERENCES public.res_users(id) ON DELETE SET NULL
stock_rule,location_dest_id,stock_location,stock_rule_location_dest_id_fkey,FOREIGN KEY (location_dest_id) REFERENCES public.stock_location(id) ON DELETE RESTRICT
stock_rule,location_src_id,stock_location,stock_rule_location_src_id_fkey,FOREIGN KEY (location_src_id) REFERENCES public.stock_location(id) ON DELETE SET NULL
stock_rule,picking_type_id,stock_picking_type,stock_rule_picking_type_id_fkey,FOREIGN KEY (picking_type_id) REFERENCES public.stock_picking_type(id) ON DELETE RESTRICT
stock_rule,route_id,stock_route,stock_rule_route_id_fkey,FOREIGN KEY (route_id) REFERENCES public.stock_route(id) ON DELETE CASCADE
stock_rule,warehouse_id,stock_warehouse,stock_rule_warehouse_id_fkey,FOREIGN KEY (warehouse_id) REFERENCES public.stock_warehouse(id) ON DELETE SET NULL
stock_rules_report,product_id,product_product,stock_rules_report_product_id_fkey,FOREIGN KEY (product_id) REFERENCES public.product_product(id) ON DELETE CASCADE
stock_rules_report,product_tmpl_id,product_template,stock_rules_report_product_tmpl_id_fkey,FOREIGN KEY (product_tmpl_id) REFERENCES public.product_template(id) ON DELETE CASCADE
stock_rules_report,create_uid,res_users,stock_rules_report_create_uid_fkey,FOREIGN KEY (create_uid) REFERENCES public.res_users(id) ON DELETE SET NULL
stock_rules_report,write_uid,res_users,stock_rules_report_write_uid_fkey,FOREIGN KEY (write_uid) REFERENCES public.res_users(id) ON DELETE SET NULL
stock_rules_report_stock_warehouse_rel,stock_rules_report_id,stock_rules_report,stock_rules_report_stock_warehouse_r_stock_rules_report_id_fkey,FOREIGN KEY (stock_rules_report_id) REFERENCES public.stock_rules_report(id) ON DELETE CASCADE
stock_rules_report_stock_warehouse_rel,stock_warehouse_id,stock_warehouse,stock_rules_report_stock_warehouse_rel_stock_warehouse_id_fkey,FOREIGN KEY (stock_warehouse_id) REFERENCES public.stock_warehouse(id) ON DELETE CASCADE
stock_scrap,bom_id,mrp_bom,stock_scrap_bom_id_fkey,FOREIGN KEY (bom_id) REFERENCES public.mrp_bom(id) ON DELETE SET NULL
stock_scrap,production_id,mrp_production,stock_scrap_production_id_fkey,FOREIGN KEY (production_id) REFERENCES public.mrp_production(id) ON DELETE SET NULL
stock_scrap,workorder_id,mrp_workorder,stock_scrap_workorder_id_fkey,FOREIGN KEY (workorder_id) REFERENCES public.mrp_workorder(id) ON DELETE SET NULL
stock_scrap,product_id,product_product,stock_scrap_product_id_fkey,FOREIGN KEY (product_id) REFERENCES public.product_product(id) ON DELETE RESTRICT
stock_scrap,company_id,res_company,stock_scrap_company_id_fkey,FOREIGN KEY (company_id) REFERENCES public.res_company(id) ON DELETE RESTRICT
stock_scrap,owner_id,res_partner,stock_scrap_owner_id_fkey,FOREIGN KEY (owner_id) REFERENCES public.res_partner(id) ON DELETE SET NULL
stock_scrap,create_uid,res_users,stock_scrap_create_uid_fkey,FOREIGN KEY (create_uid) REFERENCES public.res_users(id) ON DELETE SET NULL
stock_scrap,write_uid,res_users,stock_scrap_write_uid_fkey,FOREIGN KEY (write_uid) REFERENCES public.res_users(id) ON DELETE SET NULL
stock_scrap,location_id,stock_location,stock_scrap_location_id_fkey,FOREIGN KEY (location_id) REFERENCES public.stock_location(id) ON DELETE RESTRICT
stock_scrap,scrap_location_id,stock_location,stock_scrap_scrap_location_id_fkey,FOREIGN KEY (scrap_location_id) REFERENCES public.stock_location(id) ON DELETE RESTRICT
stock_scrap,lot_id,stock_lot,stock_scrap_lot_id_fkey,FOREIGN KEY (lot_id) REFERENCES public.stock_lot(id) ON DELETE SET NULL
stock_scrap,package_id,stock_package,stock_scrap_package_id_fkey,FOREIGN KEY (package_id) REFERENCES public.stock_package(id) ON DELETE SET NULL
stock_scrap,picking_id,stock_picking,stock_scrap_picking_id_fkey,FOREIGN KEY (picking_id) REFERENCES public.stock_picking(id) ON DELETE SET NULL
stock_scrap,product_uom_id,uom_uom,stock_scrap_product_uom_id_fkey,FOREIGN KEY (product_uom_id) REFERENCES public.uom_uom(id) ON DELETE RESTRICT
stock_scrap_reason_tag,create_uid,res_users,stock_scrap_reason_tag_create_uid_fkey,FOREIGN KEY (create_uid) REFERENCES public.res_users(id) ON DELETE SET NULL
stock_scrap_reason_tag,write_uid,res_users,stock_scrap_reason_tag_write_uid_fkey,FOREIGN KEY (write_uid) REFERENCES public.res_users(id) ON DELETE SET NULL
stock_scrap_stock_scrap_reason_tag_rel,stock_scrap_id,stock_scrap,stock_scrap_stock_scrap_reason_tag_rel_stock_scrap_id_fkey,FOREIGN KEY (stock_scrap_id) REFERENCES public.stock_scrap(id) ON DELETE CASCADE
stock_scrap_stock_scrap_reason_tag_rel,stock_scrap_reason_tag_id,stock_scrap_reason_tag,stock_scrap_stock_scrap_reason_t_stock_scrap_reason_tag_id_fkey,FOREIGN KEY (stock_scrap_reason_tag_id) REFERENCES public.stock_scrap_reason_tag(id) ON DELETE CASCADE
stock_storage_category,company_id,res_company,stock_storage_category_company_id_fkey,FOREIGN KEY (company_id) REFERENCES public.res_company(id) ON DELETE SET NULL
stock_storage_category,create_uid,res_users,stock_storage_category_create_uid_fkey,FOREIGN KEY (create_uid) REFERENCES public.res_users(id) ON DELETE SET NULL
stock_storage_category,write_uid,res_users,stock_storage_category_write_uid_fkey,FOREIGN KEY (write_uid) REFERENCES public.res_users(id) ON DELETE SET NULL
stock_storage_category_capacity,product_id,product_product,stock_storage_category_capacity_product_id_fkey,FOREIGN KEY (product_id) REFERENCES public.product_product(id) ON DELETE CASCADE
stock_storage_category_capacity,create_uid,res_users,stock_storage_category_capacity_create_uid_fkey,FOREIGN KEY (create_uid) REFERENCES public.res_users(id) ON DELETE SET NULL
stock_storage_category_capacity,write_uid,res_users,stock_storage_category_capacity_write_uid_fkey,FOREIGN KEY (write_uid) REFERENCES public.res_users(id) ON DELETE SET NULL
stock_storage_category_capacity,package_type_id,stock_package_type,stock_storage_category_capacity_package_type_id_fkey,FOREIGN KEY (package_type_id) REFERENCES public.stock_package_type(id) ON DELETE CASCADE
stock_storage_category_capacity,storage_category_id,stock_storage_category,stock_storage_category_capacity_storage_category_id_fkey,FOREIGN KEY (storage_category_id) REFERENCES public.stock_storage_category(id) ON DELETE CASCADE
stock_traceability_report,create_uid,res_users,stock_traceability_report_create_uid_fkey,FOREIGN KEY (create_uid) REFERENCES public.res_users(id) ON DELETE SET NULL
stock_traceability_report,write_uid,res_users,stock_traceability_report_write_uid_fkey,FOREIGN KEY (write_uid) REFERENCES public.res_users(id) ON DELETE SET NULL
stock_valuation_adjustment_lines,product_id,product_product,stock_valuation_adjustment_lines_product_id_fkey,FOREIGN KEY (product_id) REFERENCES public.product_product(id) ON DELETE RESTRICT
stock_valuation_adjustment_lines,create_uid,res_users,stock_valuation_adjustment_lines_create_uid_fkey,FOREIGN KEY (create_uid) REFERENCES public.res_users(id) ON DELETE SET NULL
stock_valuation_adjustment_lines,write_uid,res_users,stock_valuation_adjustment_lines_write_uid_fkey,FOREIGN KEY (write_uid) REFERENCES public.res_users(id) ON DELETE SET NULL
stock_valuation_adjustment_lines,cost_id,stock_landed_cost,stock_valuation_adjustment_lines_cost_id_fkey,FOREIGN KEY (cost_id) REFERENCES public.stock_landed_cost(id) ON DELETE CASCADE
stock_valuation_adjustment_lines,cost_line_id,stock_landed_cost_lines,stock_valuation_adjustment_lines_cost_line_id_fkey,FOREIGN KEY (cost_line_id) REFERENCES public.stock_landed_cost_lines(id) ON DELETE SET NULL
stock_valuation_adjustment_lines,move_id,stock_move,stock_valuation_adjustment_lines_move_id_fkey,FOREIGN KEY (move_id) REFERENCES public.stock_move(id) ON DELETE SET NULL
stock_warehouse,intrastat_region_id,account_intrastat_code,stock_warehouse_intrastat_region_id_fkey,FOREIGN KEY (intrastat_region_id) REFERENCES public.account_intrastat_code(id) ON DELETE SET NULL
stock_warehouse,company_id,res_company,stock_warehouse_company_id_fkey,FOREIGN KEY (company_id) REFERENCES public.res_company(id) ON DELETE RESTRICT
stock_warehouse,partner_id,res_partner,stock_warehouse_partner_id_fkey,FOREIGN KEY (partner_id) REFERENCES public.res_partner(id) ON DELETE SET NULL
stock_warehouse,create_uid,res_users,stock_warehouse_create_uid_fkey,FOREIGN KEY (create_uid) REFERENCES public.res_users(id) ON DELETE SET NULL
stock_warehouse,write_uid,res_users,stock_warehouse_write_uid_fkey,FOREIGN KEY (write_uid) REFERENCES public.res_users(id) ON DELETE SET NULL
stock_warehouse,lot_stock_id,stock_location,stock_warehouse_lot_stock_id_fkey,FOREIGN KEY (lot_stock_id) REFERENCES public.stock_location(id) ON DELETE RESTRICT
stock_warehouse,pbm_loc_id,stock_location,stock_warehouse_pbm_loc_id_fkey,FOREIGN KEY (pbm_loc_id) REFERENCES public.stock_location(id) ON DELETE SET NULL
stock_warehouse,sam_loc_id,stock_location,stock_warehouse_sam_loc_id_fkey,FOREIGN KEY (sam_loc_id) REFERENCES public.stock_location(id) ON DELETE SET NULL
stock_warehouse,view_location_id,stock_location,stock_warehouse_view_location_id_fkey,FOREIGN KEY (view_location_id) REFERENCES public.stock_location(id) ON DELETE RESTRICT
stock_warehouse,wh_input_stock_loc_id,stock_location,stock_warehouse_wh_input_stock_loc_id_fkey,FOREIGN KEY (wh_input_stock_loc_id) REFERENCES public.stock_location(id) ON DELETE SET NULL
stock_warehouse,wh_output_stock_loc_id,stock_location,stock_warehouse_wh_output_stock_loc_id_fkey,FOREIGN KEY (wh_output_stock_loc_id) REFERENCES public.stock_location(id) ON DELETE SET NULL
stock_warehouse,wh_pack_stock_loc_id,stock_location,stock_warehouse_wh_pack_stock_loc_id_fkey,FOREIGN KEY (wh_pack_stock_loc_id) REFERENCES public.stock_location(id) ON DELETE SET NULL
stock_warehouse,wh_qc_stock_loc_id,stock_location,stock_warehouse_wh_qc_stock_loc_id_fkey,FOREIGN KEY (wh_qc_stock_loc_id) REFERENCES public.stock_location(id) ON DELETE SET NULL
stock_warehouse,in_type_id,stock_picking_type,stock_warehouse_in_type_id_fkey,FOREIGN KEY (in_type_id) REFERENCES public.stock_picking_type(id) ON DELETE SET NULL
stock_warehouse,int_type_id,stock_picking_type,stock_warehouse_int_type_id_fkey,FOREIGN KEY (int_type_id) REFERENCES public.stock_picking_type(id) ON DELETE SET NULL
stock_warehouse,manu_type_id,stock_picking_type,stock_warehouse_manu_type_id_fkey,FOREIGN KEY (manu_type_id) REFERENCES public.stock_picking_type(id) ON DELETE SET NULL
stock_warehouse,out_type_id,stock_picking_type,stock_warehouse_out_type_id_fkey,FOREIGN KEY (out_type_id) REFERENCES public.stock_picking_type(id) ON DELETE SET NULL
stock_warehouse,pack_type_id,stock_picking_type,stock_warehouse_pack_type_id_fkey,FOREIGN KEY (pack_type_id) REFERENCES public.stock_picking_type(id) ON DELETE SET NULL
stock_warehouse,pbm_type_id,stock_picking_type,stock_warehouse_pbm_type_id_fkey,FOREIGN KEY (pbm_type_id) REFERENCES public.stock_picking_type(id) ON DELETE SET NULL
stock_warehouse,pick_type_id,stock_picking_type,stock_warehouse_pick_type_id_fkey,FOREIGN KEY (pick_type_id) REFERENCES public.stock_picking_type(id) ON DELETE SET NULL
stock_warehouse,qc_type_id,stock_picking_type,stock_warehouse_qc_type_id_fkey,FOREIGN KEY (qc_type_id) REFERENCES public.stock_picking_type(id) ON DELETE SET NULL
stock_warehouse,repair_type_id,stock_picking_type,stock_warehouse_repair_type_id_fkey,FOREIGN KEY (repair_type_id) REFERENCES public.stock_picking_type(id) ON DELETE SET NULL
stock_warehouse,sam_type_id,stock_picking_type,stock_warehouse_sam_type_id_fkey,FOREIGN KEY (sam_type_id) REFERENCES public.stock_picking_type(id) ON DELETE SET NULL
stock_warehouse,store_type_id,stock_picking_type,stock_warehouse_store_type_id_fkey,FOREIGN KEY (store_type_id) REFERENCES public.stock_picking_type(id) ON DELETE SET NULL
stock_warehouse,subcontracting_resupply_type_id,stock_picking_type,stock_warehouse_subcontracting_resupply_type_id_fkey,FOREIGN KEY (subcontracting_resupply_type_id) REFERENCES public.stock_picking_type(id) ON DELETE SET NULL
stock_warehouse,subcontracting_type_id,stock_picking_type,stock_warehouse_subcontracting_type_id_fkey,FOREIGN KEY (subcontracting_type_id) REFERENCES public.stock_picking_type(id) ON DELETE SET NULL
stock_warehouse,xdock_type_id,stock_picking_type,stock_warehouse_xdock_type_id_fkey,FOREIGN KEY (xdock_type_id) REFERENCES public.stock_picking_type(id) ON DELETE SET NULL
stock_warehouse,delivery_route_id,stock_route,stock_warehouse_delivery_route_id_fkey,FOREIGN KEY (delivery_route_id) REFERENCES public.stock_route(id) ON DELETE RESTRICT
stock_warehouse,pbm_route_id,stock_route,stock_warehouse_pbm_route_id_fkey,FOREIGN KEY (pbm_route_id) REFERENCES public.stock_route(id) ON DELETE RESTRICT
stock_warehouse,reception_route_id,stock_route,stock_warehouse_reception_route_id_fkey,FOREIGN KEY (reception_route_id) REFERENCES public.stock_route(id) ON DELETE RESTRICT
stock_warehouse,subcontracting_route_id,stock_route,stock_warehouse_subcontracting_route_id_fkey,FOREIGN KEY (subcontracting_route_id) REFERENCES public.stock_route(id) ON DELETE RESTRICT
stock_warehouse,buy_pull_id,stock_rule,stock_warehouse_buy_pull_id_fkey,FOREIGN KEY (buy_pull_id) REFERENCES public.stock_rule(id) ON DELETE SET NULL
stock_warehouse,manufacture_mto_pull_id,stock_rule,stock_warehouse_manufacture_mto_pull_id_fkey,FOREIGN KEY (manufacture_mto_pull_id) REFERENCES public.stock_rule(id) ON DELETE SET NULL
stock_warehouse,manufacture_pull_id,stock_rule,stock_warehouse_manufacture_pull_id_fkey,FOREIGN KEY (manufacture_pull_id) REFERENCES public.stock_rule(id) ON DELETE SET NULL
stock_warehouse,mto_pull_id,stock_rule,stock_warehouse_mto_pull_id_fkey,FOREIGN KEY (mto_pull_id) REFERENCES public.stock_rule(id) ON DELETE SET NULL
stock_warehouse,pbm_mto_pull_id,stock_rule,stock_warehouse_pbm_mto_pull_id_fkey,FOREIGN KEY (pbm_mto_pull_id) REFERENCES public.stock_rule(id) ON DELETE SET NULL
stock_warehouse,repair_mto_pull_id,stock_rule,stock_warehouse_repair_mto_pull_id_fkey,FOREIGN KEY (repair_mto_pull_id) REFERENCES public.stock_rule(id) ON DELETE SET NULL
stock_warehouse,sam_rule_id,stock_rule,stock_warehouse_sam_rule_id_fkey,FOREIGN KEY (sam_rule_id) REFERENCES public.stock_rule(id) ON DELETE SET NULL
stock_warehouse,subcontracting_mto_pull_id,stock_rule,stock_warehouse_subcontracting_mto_pull_id_fkey,FOREIGN KEY (subcontracting_mto_pull_id) REFERENCES public.stock_rule(id) ON DELETE SET NULL
stock_warehouse,subcontracting_pull_id,stock_rule,stock_warehouse_subcontracting_pull_id_fkey,FOREIGN KEY (subcontracting_pull_id) REFERENCES public.stock_rule(id) ON DELETE SET NULL
stock_warehouse_orderpoint,bom_id,mrp_bom,stock_warehouse_orderpoint_bom_id_fkey,FOREIGN KEY (bom_id) REFERENCES public.mrp_bom(id) ON DELETE SET NULL
stock_warehouse_orderpoint,product_id,product_product,stock_warehouse_orderpoint_product_id_fkey,FOREIGN KEY (product_id) REFERENCES public.product_product(id) ON DELETE CASCADE
stock_warehouse_orderpoint,supplier_id,product_supplierinfo,stock_warehouse_orderpoint_supplier_id_fkey,FOREIGN KEY (supplier_id) REFERENCES public.product_supplierinfo(id) ON DELETE SET NULL
stock_warehouse_orderpoint,company_id,res_company,stock_warehouse_orderpoint_company_id_fkey,FOREIGN KEY (company_id) REFERENCES public.res_company(id) ON DELETE RESTRICT
stock_warehouse_orderpoint,create_uid,res_users,stock_warehouse_orderpoint_create_uid_fkey,FOREIGN KEY (create_uid) REFERENCES public.res_users(id) ON DELETE SET NULL
stock_warehouse_orderpoint,write_uid,res_users,stock_warehouse_orderpoint_write_uid_fkey,FOREIGN KEY (write_uid) REFERENCES public.res_users(id) ON DELETE SET NULL
stock_warehouse_orderpoint,location_id,stock_location,stock_warehouse_orderpoint_location_id_fkey,FOREIGN KEY (location_id) REFERENCES public.stock_location(id) ON DELETE CASCADE
stock_warehouse_orderpoint,route_id,stock_route,stock_warehouse_orderpoint_route_id_fkey,FOREIGN KEY (route_id) REFERENCES public.stock_route(id) ON DELETE SET NULL
stock_warehouse_orderpoint,warehouse_id,stock_warehouse,stock_warehouse_orderpoint_warehouse_id_fkey,FOREIGN KEY (warehouse_id) REFERENCES public.stock_warehouse(id) ON DELETE CASCADE
stock_warehouse_orderpoint,replenishment_uom_id,uom_uom,stock_warehouse_orderpoint_replenishment_uom_id_fkey,FOREIGN KEY (replenishment_uom_id) REFERENCES public.uom_uom(id) ON DELETE SET NULL
stock_warn_insufficient_qty_repair,product_id,product_product,stock_warn_insufficient_qty_repair_product_id_fkey,FOREIGN KEY (product_id) REFERENCES public.product_product(id) ON DELETE CASCADE
stock_warn_insufficient_qty_repair,repair_id,repair_order,stock_warn_insufficient_qty_repair_repair_id_fkey,FOREIGN KEY (repair_id) REFERENCES public.repair_order(id) ON DELETE SET NULL
stock_warn_insufficient_qty_repair,create_uid,res_users,stock_warn_insufficient_qty_repair_create_uid_fkey,FOREIGN KEY (create_uid) REFERENCES public.res_users(id) ON DELETE SET NULL
stock_warn_insufficient_qty_repair,write_uid,res_users,stock_warn_insufficient_qty_repair_write_uid_fkey,FOREIGN KEY (write_uid) REFERENCES public.res_users(id) ON DELETE SET NULL
stock_warn_insufficient_qty_repair,location_id,stock_location,stock_warn_insufficient_qty_repair_location_id_fkey,FOREIGN KEY (location_id) REFERENCES public.stock_location(id) ON DELETE CASCADE
stock_warn_insufficient_qty_scrap,product_id,product_product,stock_warn_insufficient_qty_scrap_product_id_fkey,FOREIGN KEY (product_id) REFERENCES public.product_product(id) ON DELETE CASCADE
stock_warn_insufficient_qty_scrap,create_uid,res_users,stock_warn_insufficient_qty_scrap_create_uid_fkey,FOREIGN KEY (create_uid) REFERENCES public.res_users(id) ON DELETE SET NULL
stock_warn_insufficient_qty_scrap,write_uid,res_users,stock_warn_insufficient_qty_scrap_write_uid_fkey,FOREIGN KEY (write_uid) REFERENCES public.res_users(id) ON DELETE SET NULL
stock_warn_insufficient_qty_scrap,location_id,stock_location,stock_warn_insufficient_qty_scrap_location_id_fkey,FOREIGN KEY (location_id) REFERENCES public.stock_location(id) ON DELETE CASCADE
stock_warn_insufficient_qty_scrap,scrap_id,stock_scrap,stock_warn_insufficient_qty_scrap_scrap_id_fkey,FOREIGN KEY (scrap_id) REFERENCES public.stock_scrap(id) ON DELETE SET NULL
stock_warn_insufficient_qty_unbuild,unbuild_id,mrp_unbuild,stock_warn_insufficient_qty_unbuild_unbuild_id_fkey,FOREIGN KEY (unbuild_id) REFERENCES public.mrp_unbuild(id) ON DELETE SET NULL
stock_warn_insufficient_qty_unbuild,product_id,product_product,stock_warn_insufficient_qty_unbuild_product_id_fkey,FOREIGN KEY (product_id) REFERENCES public.product_product(id) ON DELETE CASCADE
stock_warn_insufficient_qty_unbuild,create_uid,res_users,stock_warn_insufficient_qty_unbuild_create_uid_fkey,FOREIGN KEY (create_uid) REFERENCES public.res_users(id) ON DELETE SET NULL
stock_warn_insufficient_qty_unbuild,write_uid,res_users,stock_warn_insufficient_qty_unbuild_write_uid_fkey,FOREIGN KEY (write_uid) REFERENCES public.res_users(id) ON DELETE SET NULL
stock_warn_insufficient_qty_unbuild,location_id,stock_location,stock_warn_insufficient_qty_unbuild_location_id_fkey,FOREIGN KEY (location_id) REFERENCES public.stock_location(id) ON DELETE CASCADE
stock_wh_resupply_table,supplied_wh_id,stock_warehouse,stock_wh_resupply_table_supplied_wh_id_fkey,FOREIGN KEY (supplied_wh_id) REFERENCES public.stock_warehouse(id) ON DELETE CASCADE
stock_wh_resupply_table,supplier_wh_id,stock_warehouse,stock_wh_resupply_table_supplier_wh_id_fkey,FOREIGN KEY (supplier_wh_id) REFERENCES public.stock_warehouse(id) ON DELETE CASCADE
studio_approval_entry,create_uid,res_users,studio_approval_entry_create_uid_fkey,FOREIGN KEY (create_uid) REFERENCES public.res_users(id) ON DELETE SET NULL
studio_approval_entry,user_id,res_users,studio_approval_entry_user_id_fkey,FOREIGN KEY (user_id) REFERENCES public.res_users(id) ON DELETE RESTRICT
studio_approval_entry,write_uid,res_users,studio_approval_entry_write_uid_fkey,FOREIGN KEY (write_uid) REFERENCES public.res_users(id) ON DELETE SET NULL
studio_approval_entry,rule_id,studio_approval_rule,studio_approval_entry_rule_id_fkey,FOREIGN KEY (rule_id) REFERENCES public.studio_approval_rule(id) ON DELETE CASCADE
studio_approval_request,mail_activity_id,mail_activity,studio_approval_request_mail_activity_id_fkey,FOREIGN KEY (mail_activity_id) REFERENCES public.mail_activity(id) ON DELETE CASCADE
studio_approval_request,create_uid,res_users,studio_approval_request_create_uid_fkey,FOREIGN KEY (create_uid) REFERENCES public.res_users(id) ON DELETE SET NULL
studio_approval_request,write_uid,res_users,studio_approval_request_write_uid_fkey,FOREIGN KEY (write_uid) REFERENCES public.res_users(id) ON DELETE SET NULL
studio_approval_request,rule_id,studio_approval_rule,studio_approval_request_rule_id_fkey,FOREIGN KEY (rule_id) REFERENCES public.studio_approval_rule(id) ON DELETE CASCADE
studio_approval_rule,model_id,ir_model,studio_approval_rule_model_id_fkey,FOREIGN KEY (model_id) REFERENCES public.ir_model(id) ON DELETE CASCADE
studio_approval_rule,approval_group_id,res_groups,studio_approval_rule_approval_group_id_fkey,FOREIGN KEY (approval_group_id) REFERENCES public.res_groups(id) ON DELETE SET NULL
studio_approval_rule,create_uid,res_users,studio_approval_rule_create_uid_fkey,FOREIGN KEY (create_uid) REFERENCES public.res_users(id) ON DELETE SET NULL
studio_approval_rule,write_uid,res_users,studio_approval_rule_write_uid_fkey,FOREIGN KEY (write_uid) REFERENCES public.res_users(id) ON DELETE SET NULL
studio_approval_rule_approver,create_uid,res_users,studio_approval_rule_approver_create_uid_fkey,FOREIGN KEY (create_uid) REFERENCES public.res_users(id) ON DELETE SET NULL
studio_approval_rule_approver,user_id,res_users,studio_approval_rule_approver_user_id_fkey,FOREIGN KEY (user_id) REFERENCES public.res_users(id) ON DELETE CASCADE
studio_approval_rule_approver,write_uid,res_users,studio_approval_rule_approver_write_uid_fkey,FOREIGN KEY (write_uid) REFERENCES public.res_users(id) ON DELETE SET NULL
studio_approval_rule_approver,rule_id,studio_approval_rule,studio_approval_rule_approver_rule_id_fkey,FOREIGN KEY (rule_id) REFERENCES public.studio_approval_rule(id) ON DELETE CASCADE
studio_approval_rule_delegate,create_uid,res_users,studio_approval_rule_delegate_create_uid_fkey,FOREIGN KEY (create_uid) REFERENCES public.res_users(id) ON DELETE SET NULL
studio_approval_rule_delegate,write_uid,res_users,studio_approval_rule_delegate_write_uid_fkey,FOREIGN KEY (write_uid) REFERENCES public.res_users(id) ON DELETE SET NULL
studio_approval_rule_delegate,approval_rule_id,studio_approval_rule,studio_approval_rule_delegate_approval_rule_id_fkey,FOREIGN KEY (approval_rule_id) REFERENCES public.studio_approval_rule(id) ON DELETE CASCADE
studio_export_model,model_id,ir_model,studio_export_model_model_id_fkey,FOREIGN KEY (model_id) REFERENCES public.ir_model(id) ON DELETE CASCADE
studio_export_model,create_uid,res_users,studio_export_model_create_uid_fkey,FOREIGN KEY (create_uid) REFERENCES public.res_users(id) ON DELETE SET NULL
studio_export_model,write_uid,res_users,studio_export_model_write_uid_fkey,FOREIGN KEY (write_uid) REFERENCES public.res_users(id) ON DELETE SET NULL
studio_export_wizard,create_uid,res_users,studio_export_wizard_create_uid_fkey,FOREIGN KEY (create_uid) REFERENCES public.res_users(id) ON DELETE SET NULL
studio_export_wizard,write_uid,res_users,studio_export_wizard_write_uid_fkey,FOREIGN KEY (write_uid) REFERENCES public.res_users(id) ON DELETE SET NULL
studio_export_wizard_data,create_uid,res_users,studio_export_wizard_data_create_uid_fkey,FOREIGN KEY (create_uid) REFERENCES public.res_users(id) ON DELETE SET NULL
studio_export_wizard_data,write_uid,res_users,studio_export_wizard_data_write_uid_fkey,FOREIGN KEY (write_uid) REFERENCES public.res_users(id) ON DELETE SET NULL
summary_emp_rel,emp_id,hr_employee,summary_emp_rel_emp_id_fkey,FOREIGN KEY (emp_id) REFERENCES public.hr_employee(id) ON DELETE CASCADE
summary_emp_rel,sum_id,hr_holidays_summary_employee,summary_emp_rel_sum_id_fkey,FOREIGN KEY (sum_id) REFERENCES public.hr_holidays_summary_employee(id) ON DELETE CASCADE
survey_invite,mail_server_id,ir_mail_server,survey_invite_mail_server_id_fkey,FOREIGN KEY (mail_server_id) REFERENCES public.ir_mail_server(id) ON DELETE SET NULL
survey_invite,template_id,mail_template,survey_invite_template_id_fkey,FOREIGN KEY (template_id) REFERENCES public.mail_template(id) ON DELETE SET NULL
survey_invite,author_id,res_partner,survey_invite_author_id_fkey,FOREIGN KEY (author_id) REFERENCES public.res_partner(id) ON DELETE SET NULL
survey_invite,create_uid,res_users,survey_invite_create_uid_fkey,FOREIGN KEY (create_uid) REFERENCES public.res_users(id) ON DELETE SET NULL
survey_invite,write_uid,res_users,survey_invite_write_uid_fkey,FOREIGN KEY (write_uid) REFERENCES public.res_users(id) ON DELETE SET NULL
survey_invite,survey_id,survey_survey,survey_invite_survey_id_fkey,FOREIGN KEY (survey_id) REFERENCES public.survey_survey(id) ON DELETE CASCADE
survey_invite_partner_ids,partner_id,res_partner,survey_invite_partner_ids_partner_id_fkey,FOREIGN KEY (partner_id) REFERENCES public.res_partner(id) ON DELETE CASCADE
survey_invite_partner_ids,invite_id,survey_invite,survey_invite_partner_ids_invite_id_fkey,FOREIGN KEY (invite_id) REFERENCES public.survey_invite(id) ON DELETE CASCADE
survey_mail_compose_message_ir_attachments_rel,attachment_id,ir_attachment,survey_mail_compose_message_ir_attachments_r_attachment_id_fkey,FOREIGN KEY (attachment_id) REFERENCES public.ir_attachment(id) ON DELETE CASCADE
survey_mail_compose_message_ir_attachments_rel,wizard_id,survey_invite,survey_mail_compose_message_ir_attachments_rel_wizard_id_fkey,FOREIGN KEY (wizard_id) REFERENCES public.survey_invite(id) ON DELETE CASCADE
survey_question,create_uid,res_users,survey_question_create_uid_fkey,FOREIGN KEY (create_uid) REFERENCES public.res_users(id) ON DELETE SET NULL
survey_question,write_uid,res_users,survey_question_write_uid_fkey,FOREIGN KEY (write_uid) REFERENCES public.res_users(id) ON DELETE SET NULL
survey_question,page_id,survey_question,survey_question_page_id_fkey,FOREIGN KEY (page_id) REFERENCES public.survey_question(id) ON DELETE SET NULL
survey_question,survey_id,survey_survey,survey_question_survey_id_fkey,FOREIGN KEY (survey_id) REFERENCES public.survey_survey(id) ON DELETE CASCADE
survey_question_answer,create_uid,res_users,survey_question_answer_create_uid_fkey,FOREIGN KEY (create_uid) REFERENCES public.res_users(id) ON DELETE SET NULL
survey_question_answer,write_uid,res_users,survey_question_answer_write_uid_fkey,FOREIGN KEY (write_uid) REFERENCES public.res_users(id) ON DELETE SET NULL
survey_question_answer,matrix_question_id,survey_question,survey_question_answer_matrix_question_id_fkey,FOREIGN KEY (matrix_question_id) REFERENCES public.survey_question(id) ON DELETE CASCADE
survey_question_answer,question_id,survey_question,survey_question_answer_question_id_fkey,FOREIGN KEY (question_id) REFERENCES public.survey_question(id) ON DELETE CASCADE
survey_question_survey_question_answer_rel,survey_question_id,survey_question,survey_question_survey_question_answer__survey_question_id_fkey,FOREIGN KEY (survey_question_id) REFERENCES public.survey_question(id) ON DELETE CASCADE
survey_question_survey_question_answer_rel,survey_question_answer_id,survey_question_answer,survey_question_survey_question__survey_question_answer_id_fkey,FOREIGN KEY (survey_question_answer_id) REFERENCES public.survey_question_answer(id) ON DELETE CASCADE
survey_question_survey_user_input_rel,survey_question_id,survey_question,survey_question_survey_user_input_rel_survey_question_id_fkey,FOREIGN KEY (survey_question_id) REFERENCES public.survey_question(id) ON DELETE CASCADE
survey_question_survey_user_input_rel,survey_user_input_id,survey_user_input,survey_question_survey_user_input_rel_survey_user_input_id_fkey,FOREIGN KEY (survey_user_input_id) REFERENCES public.survey_user_input(id) ON DELETE CASCADE
survey_survey,team_id,crm_team,survey_survey_team_id_fkey,FOREIGN KEY (team_id) REFERENCES public.crm_team(id) ON DELETE SET NULL
survey_survey,spreadsheet_document_id,documents_document,survey_survey_spreadsheet_document_id_fkey,FOREIGN KEY (spreadsheet_document_id) REFERENCES public.documents_document(id) ON DELETE SET NULL
survey_survey,certification_badge_id,gamification_badge,survey_survey_certification_badge_id_fkey,FOREIGN KEY (certification_badge_id) REFERENCES public.gamification_badge(id) ON DELETE SET NULL
survey_survey,certification_mail_template_id,mail_template,survey_survey_certification_mail_template_id_fkey,FOREIGN KEY (certification_mail_template_id) REFERENCES public.mail_template(id) ON DELETE SET NULL
survey_survey,create_uid,res_users,survey_survey_create_uid_fkey,FOREIGN KEY (create_uid) REFERENCES public.res_users(id) ON DELETE SET NULL
survey_survey,user_id,res_users,survey_survey_user_id_fkey,FOREIGN KEY (user_id) REFERENCES public.res_users(id) ON DELETE SET NULL
survey_survey,write_uid,res_users,survey_survey_write_uid_fkey,FOREIGN KEY (write_uid) REFERENCES public.res_users(id) ON DELETE SET NULL
survey_survey,session_question_id,survey_question,survey_survey_session_question_id_fkey,FOREIGN KEY (session_question_id) REFERENCES public.survey_question(id) ON DELETE SET NULL
survey_survey_res_users_appraisal_rel,res_users_id,res_users,survey_survey_res_users_appraisal_rel_res_users_id_fkey,FOREIGN KEY (res_users_id) REFERENCES public.res_users(id) ON DELETE CASCADE
survey_survey_res_users_appraisal_rel,survey_survey_id,survey_survey,survey_survey_res_users_appraisal_rel_survey_survey_id_fkey,FOREIGN KEY (survey_survey_id) REFERENCES public.survey_survey(id) ON DELETE CASCADE
survey_user_input,lead_id,crm_lead,survey_user_input_lead_id_fkey,FOREIGN KEY (lead_id) REFERENCES public.crm_lead(id) ON DELETE SET NULL
survey_user_input,appraisal_id,hr_appraisal,survey_user_input_appraisal_id_fkey,FOREIGN KEY (appraisal_id) REFERENCES public.hr_appraisal(id) ON DELETE SET NULL
survey_user_input,lang_id,res_lang,survey_user_input_lang_id_fkey,FOREIGN KEY (lang_id) REFERENCES public.res_lang(id) ON DELETE SET NULL
survey_user_input,partner_id,res_partner,survey_user_input_partner_id_fkey,FOREIGN KEY (partner_id) REFERENCES public.res_partner(id) ON DELETE SET NULL
survey_user_input,create_uid,res_users,survey_user_input_create_uid_fkey,FOREIGN KEY (create_uid) REFERENCES public.res_users(id) ON DELETE SET NULL
survey_user_input,write_uid,res_users,survey_user_input_write_uid_fkey,FOREIGN KEY (write_uid) REFERENCES public.res_users(id) ON DELETE SET NULL
survey_user_input,slide_id,slide_slide,survey_user_input_slide_id_fkey,FOREIGN KEY (slide_id) REFERENCES public.slide_slide(id) ON DELETE SET NULL
survey_user_input,slide_partner_id,slide_slide_partner,survey_user_input_slide_partner_id_fkey,FOREIGN KEY (slide_partner_id) REFERENCES public.slide_slide_partner(id) ON DELETE SET NULL
survey_user_input,last_displayed_page_id,survey_question,survey_user_input_last_displayed_page_id_fkey,FOREIGN KEY (last_displayed_page_id) REFERENCES public.survey_question(id) ON DELETE SET NULL
survey_user_input,survey_id,survey_survey,survey_user_input_survey_id_fkey,FOREIGN KEY (survey_id) REFERENCES public.survey_survey(id) ON DELETE CASCADE
survey_user_input_line,create_uid,res_users,survey_user_input_line_create_uid_fkey,FOREIGN KEY (create_uid) REFERENCES public.res_users(id) ON DELETE SET NULL
survey_user_input_line,write_uid,res_users,survey_user_input_line_write_uid_fkey,FOREIGN KEY (write_uid) REFERENCES public.res_users(id) ON DELETE SET NULL
survey_user_input_line,question_id,survey_question,survey_user_input_line_question_id_fkey,FOREIGN KEY (question_id) REFERENCES public.survey_question(id) ON DELETE CASCADE
survey_user_input_line,matrix_row_id,survey_question_answer,survey_user_input_line_matrix_row_id_fkey,FOREIGN KEY (matrix_row_id) REFERENCES public.survey_question_answer(id) ON DELETE SET NULL
survey_user_input_line,suggested_answer_id,survey_question_answer,survey_user_input_line_suggested_answer_id_fkey,FOREIGN KEY (suggested_answer_id) REFERENCES public.survey_question_answer(id) ON DELETE SET NULL
survey_user_input_line,survey_id,survey_survey,survey_user_input_line_survey_id_fkey,FOREIGN KEY (survey_id) REFERENCES public.survey_survey(id) ON DELETE SET NULL
survey_user_input_line,user_input_id,survey_user_input,survey_user_input_line_user_input_id_fkey,FOREIGN KEY (user_input_id) REFERENCES public.survey_user_input(id) ON DELETE CASCADE
talent_pool_add_applicants,create_uid,res_users,talent_pool_add_applicants_create_uid_fkey,FOREIGN KEY (create_uid) REFERENCES public.res_users(id) ON DELETE SET NULL
talent_pool_add_applicants,write_uid,res_users,talent_pool_add_applicants_write_uid_fkey,FOREIGN KEY (write_uid) REFERENCES public.res_users(id) ON DELETE SET NULL
task_dependencies_rel,depends_on_id,project_task,task_dependencies_rel_depends_on_id_fkey,FOREIGN KEY (depends_on_id) REFERENCES public.project_task(id) ON DELETE CASCADE
task_dependencies_rel,task_id,project_task,task_dependencies_rel_task_id_fkey,FOREIGN KEY (task_id) REFERENCES public.project_task(id) ON DELETE CASCADE
task_share_wizard,task_id,project_task,task_share_wizard_task_id_fkey,FOREIGN KEY (task_id) REFERENCES public.project_task(id) ON DELETE SET NULL
task_share_wizard,create_uid,res_users,task_share_wizard_create_uid_fkey,FOREIGN KEY (create_uid) REFERENCES public.res_users(id) ON DELETE SET NULL
task_share_wizard,write_uid,res_users,task_share_wizard_write_uid_fkey,FOREIGN KEY (write_uid) REFERENCES public.res_users(id) ON DELETE SET NULL
team_favorite_user_rel,team_id,crm_team,team_favorite_user_rel_team_id_fkey,FOREIGN KEY (team_id) REFERENCES public.crm_team(id) ON DELETE CASCADE
team_favorite_user_rel,user_id,res_users,team_favorite_user_rel_user_id_fkey,FOREIGN KEY (user_id) REFERENCES public.res_users(id) ON DELETE CASCADE
team_stage_auto_close_from_rel,helpdesk_stage_id,helpdesk_stage,team_stage_auto_close_from_rel_helpdesk_stage_id_fkey,FOREIGN KEY (helpdesk_stage_id) REFERENCES public.helpdesk_stage(id) ON DELETE CASCADE
team_stage_auto_close_from_rel,helpdesk_team_id,helpdesk_team,team_stage_auto_close_from_rel_helpdesk_team_id_fkey,FOREIGN KEY (helpdesk_team_id) REFERENCES public.helpdesk_team(id) ON DELETE CASCADE
team_stage_rel,helpdesk_stage_id,helpdesk_stage,team_stage_rel_helpdesk_stage_id_fkey,FOREIGN KEY (helpdesk_stage_id) REFERENCES public.helpdesk_stage(id) ON DELETE CASCADE
team_stage_rel,helpdesk_team_id,helpdesk_team,team_stage_rel_helpdesk_team_id_fkey,FOREIGN KEY (helpdesk_team_id) REFERENCES public.helpdesk_team(id) ON DELETE CASCADE
template_attribute_value_mrp_production_rel,production_id,mrp_production,template_attribute_value_mrp_production_rel_production_id_fkey,FOREIGN KEY (production_id) REFERENCES public.mrp_production(id) ON DELETE CASCADE
template_attribute_value_mrp_production_rel,template_attribute_value_id,product_template_attribute_value,template_attribute_value_mrp_p_template_attribute_value_id_fkey,FOREIGN KEY (template_attribute_value_id) REFERENCES public.product_template_attribute_value(id) ON DELETE CASCADE
template_attribute_value_stock_move_rel,template_attribute_value_id,product_template_attribute_value,template_attribute_value_stock_template_attribute_value_id_fkey,FOREIGN KEY (template_attribute_value_id) REFERENCES public.product_template_attribute_value(id) ON DELETE CASCADE
template_attribute_value_stock_move_rel,move_id,stock_move,template_attribute_value_stock_move_rel_move_id_fkey,FOREIGN KEY (move_id) REFERENCES public.stock_move(id) ON DELETE CASCADE
theme_ir_asset,create_uid,res_users,theme_ir_asset_create_uid_fkey,FOREIGN KEY (create_uid) REFERENCES public.res_users(id) ON DELETE SET NULL
theme_ir_asset,write_uid,res_users,theme_ir_asset_write_uid_fkey,FOREIGN KEY (write_uid) REFERENCES public.res_users(id) ON DELETE SET NULL
theme_ir_attachment,create_uid,res_users,theme_ir_attachment_create_uid_fkey,FOREIGN KEY (create_uid) REFERENCES public.res_users(id) ON DELETE SET NULL
theme_ir_attachment,write_uid,res_users,theme_ir_attachment_write_uid_fkey,FOREIGN KEY (write_uid) REFERENCES public.res_users(id) ON DELETE SET NULL
theme_ir_ui_view,create_uid,res_users,theme_ir_ui_view_create_uid_fkey,FOREIGN KEY (create_uid) REFERENCES public.res_users(id) ON DELETE SET NULL
theme_ir_ui_view,write_uid,res_users,theme_ir_ui_view_write_uid_fkey,FOREIGN KEY (write_uid) REFERENCES public.res_users(id) ON DELETE SET NULL
theme_website_menu,create_uid,res_users,theme_website_menu_create_uid_fkey,FOREIGN KEY (create_uid) REFERENCES public.res_users(id) ON DELETE SET NULL
theme_website_menu,write_uid,res_users,theme_website_menu_write_uid_fkey,FOREIGN KEY (write_uid) REFERENCES public.res_users(id) ON DELETE SET NULL
theme_website_menu,parent_id,theme_website_menu,theme_website_menu_parent_id_fkey,FOREIGN KEY (parent_id) REFERENCES public.theme_website_menu(id) ON DELETE CASCADE
theme_website_menu,page_id,theme_website_page,theme_website_menu_page_id_fkey,FOREIGN KEY (page_id) REFERENCES public.theme_website_page(id) ON DELETE CASCADE
theme_website_page,create_uid,res_users,theme_website_page_create_uid_fkey,FOREIGN KEY (create_uid) REFERENCES public.res_users(id) ON DELETE SET NULL
theme_website_page,write_uid,res_users,theme_website_page_write_uid_fkey,FOREIGN KEY (write_uid) REFERENCES public.res_users(id) ON DELETE SET NULL
theme_website_page,view_id,theme_ir_ui_view,theme_website_page_view_id_fkey,FOREIGN KEY (view_id) REFERENCES public.theme_ir_ui_view(id) ON DELETE CASCADE
timer_timer,create_uid,res_users,timer_timer_create_uid_fkey,FOREIGN KEY (create_uid) REFERENCES public.res_users(id) ON DELETE SET NULL
timer_timer,user_id,res_users,timer_timer_user_id_fkey,FOREIGN KEY (user_id) REFERENCES public.res_users(id) ON DELETE SET NULL
timer_timer,write_uid,res_users,timer_timer_write_uid_fkey,FOREIGN KEY (write_uid) REFERENCES public.res_users(id) ON DELETE SET NULL
uom_uom,create_uid,res_users,uom_uom_create_uid_fkey,FOREIGN KEY (create_uid) REFERENCES public.res_users(id) ON DELETE SET NULL
uom_uom,write_uid,res_users,uom_uom_write_uid_fkey,FOREIGN KEY (write_uid) REFERENCES public.res_users(id) ON DELETE SET NULL
uom_uom,package_type_id,stock_package_type,uom_uom_package_type_id_fkey,FOREIGN KEY (package_type_id) REFERENCES public.stock_package_type(id) ON DELETE SET NULL
uom_uom,relative_uom_id,uom_uom,uom_uom_relative_uom_id_fkey,FOREIGN KEY (relative_uom_id) REFERENCES public.uom_uom(id) ON DELETE CASCADE
update_product_attribute_value,attribute_value_id,product_attribute_value,update_product_attribute_value_attribute_value_id_fkey,FOREIGN KEY (attribute_value_id) REFERENCES public.product_attribute_value(id) ON DELETE CASCADE
update_product_attribute_value,create_uid,res_users,update_product_attribute_value_create_uid_fkey,FOREIGN KEY (create_uid) REFERENCES public.res_users(id) ON DELETE SET NULL
update_product_attribute_value,write_uid,res_users,update_product_attribute_value_write_uid_fkey,FOREIGN KEY (write_uid) REFERENCES public.res_users(id) ON DELETE SET NULL
utm_campaign,company_id,res_company,utm_campaign_company_id_fkey,FOREIGN KEY (company_id) REFERENCES public.res_company(id) ON DELETE SET NULL
utm_campaign,create_uid,res_users,utm_campaign_create_uid_fkey,FOREIGN KEY (create_uid) REFERENCES public.res_users(id) ON DELETE SET NULL
utm_campaign,user_id,res_users,utm_campaign_user_id_fkey,FOREIGN KEY (user_id) REFERENCES public.res_users(id) ON DELETE RESTRICT
utm_campaign,write_uid,res_users,utm_campaign_write_uid_fkey,FOREIGN KEY (write_uid) REFERENCES public.res_users(id) ON DELETE SET NULL
utm_campaign,stage_id,utm_stage,utm_campaign_stage_id_fkey,FOREIGN KEY (stage_id) REFERENCES public.utm_stage(id) ON DELETE RESTRICT
utm_medium,create_uid,res_users,utm_medium_create_uid_fkey,FOREIGN KEY (create_uid) REFERENCES public.res_users(id) ON DELETE SET NULL
utm_medium,write_uid,res_users,utm_medium_write_uid_fkey,FOREIGN KEY (write_uid) REFERENCES public.res_users(id) ON DELETE SET NULL
utm_source,create_uid,res_users,utm_source_create_uid_fkey,FOREIGN KEY (create_uid) REFERENCES public.res_users(id) ON DELETE SET NULL
utm_source,write_uid,res_users,utm_source_write_uid_fkey,FOREIGN KEY (write_uid) REFERENCES public.res_users(id) ON DELETE SET NULL
utm_stage,create_uid,res_users,utm_stage_create_uid_fkey,FOREIGN KEY (create_uid) REFERENCES public.res_users(id) ON DELETE SET NULL
utm_stage,write_uid,res_users,utm_stage_write_uid_fkey,FOREIGN KEY (write_uid) REFERENCES public.res_users(id) ON DELETE SET NULL
utm_tag,create_uid,res_users,utm_tag_create_uid_fkey,FOREIGN KEY (create_uid) REFERENCES public.res_users(id) ON DELETE SET NULL
utm_tag,write_uid,res_users,utm_tag_write_uid_fkey,FOREIGN KEY (write_uid) REFERENCES public.res_users(id) ON DELETE SET NULL
utm_tag_rel,tag_id,utm_campaign,utm_tag_rel_tag_id_fkey,FOREIGN KEY (tag_id) REFERENCES public.utm_campaign(id) ON DELETE CASCADE
utm_tag_rel,campaign_id,utm_tag,utm_tag_rel_campaign_id_fkey,FOREIGN KEY (campaign_id) REFERENCES public.utm_tag(id) ON DELETE CASCADE
validate_account_move,create_uid,res_users,validate_account_move_create_uid_fkey,FOREIGN KEY (create_uid) REFERENCES public.res_users(id) ON DELETE SET NULL
validate_account_move,write_uid,res_users,validate_account_move_write_uid_fkey,FOREIGN KEY (write_uid) REFERENCES public.res_users(id) ON DELETE SET NULL
warning_purchase_order_alternative_rel,purchase_order_id,purchase_order,warning_purchase_order_alternative_rel_purchase_order_id_fkey,FOREIGN KEY (purchase_order_id) REFERENCES public.purchase_order(id) ON DELETE CASCADE
warning_purchase_order_alternative_rel,purchase_requisition_alternative_warning_id,purchase_requisition_alternative_warning,warning_purchase_order_altern_purchase_requisition_alterna_fkey,FOREIGN KEY (purchase_requisition_alternative_warning_id) REFERENCES public.purchase_requisition_alternative_warning(id) ON DELETE CASCADE
warning_purchase_order_rel,purchase_order_id,purchase_order,warning_purchase_order_rel_purchase_order_id_fkey,FOREIGN KEY (purchase_order_id) REFERENCES public.purchase_order(id) ON DELETE CASCADE
warning_purchase_order_rel,purchase_requisition_alternative_warning_id,purchase_requisition_alternative_warning,warning_purchase_order_rel_purchase_requisition_alternativ_fkey,FOREIGN KEY (purchase_requisition_alternative_warning_id) REFERENCES public.purchase_requisition_alternative_warning(id) ON DELETE CASCADE
web_tour_tour,create_uid,res_users,web_tour_tour_create_uid_fkey,FOREIGN KEY (create_uid) REFERENCES public.res_users(id) ON DELETE SET NULL
web_tour_tour,write_uid,res_users,web_tour_tour_write_uid_fkey,FOREIGN KEY (write_uid) REFERENCES public.res_users(id) ON DELETE SET NULL
web_tour_tour_step,create_uid,res_users,web_tour_tour_step_create_uid_fkey,FOREIGN KEY (create_uid) REFERENCES public.res_users(id) ON DELETE SET NULL
web_tour_tour_step,write_uid,res_users,web_tour_tour_step_write_uid_fkey,FOREIGN KEY (write_uid) REFERENCES public.res_users(id) ON DELETE SET NULL
web_tour_tour_step,tour_id,web_tour_tour,web_tour_tour_step_tour_id_fkey,FOREIGN KEY (tour_id) REFERENCES public.web_tour_tour(id) ON DELETE CASCADE
website,crm_default_team_id,crm_team,website_crm_default_team_id_fkey,FOREIGN KEY (crm_default_team_id) REFERENCES public.crm_team(id) ON DELETE SET NULL
website,salesteam_id,crm_team,website_salesteam_id_fkey,FOREIGN KEY (salesteam_id) REFERENCES public.crm_team(id) ON DELETE SET NULL
website,channel_id,im_livechat_channel,website_channel_id_fkey,FOREIGN KEY (channel_id) REFERENCES public.im_livechat_channel(id) ON DELETE SET NULL
website,theme_id,ir_module_module,website_theme_id_fkey,FOREIGN KEY (theme_id) REFERENCES public.ir_module_module(id) ON DELETE SET NULL
website,cart_recovery_mail_template_id,mail_template,website_cart_recovery_mail_template_id_fkey,FOREIGN KEY (cart_recovery_mail_template_id) REFERENCES public.mail_template(id) ON DELETE SET NULL
website,confirmation_email_template_id,mail_template,website_confirmation_email_template_id_fkey,FOREIGN KEY (confirmation_email_template_id) REFERENCES public.mail_template(id) ON DELETE SET NULL
website,company_id,res_company,website_company_id_fkey,FOREIGN KEY (company_id) REFERENCES public.res_company(id) ON DELETE RESTRICT
website,default_lang_id,res_lang,website_default_lang_id_fkey,FOREIGN KEY (default_lang_id) REFERENCES public.res_lang(id) ON DELETE RESTRICT
website,create_uid,res_users,website_create_uid_fkey,FOREIGN KEY (create_uid) REFERENCES public.res_users(id) ON DELETE SET NULL
website,crm_default_user_id,res_users,website_crm_default_user_id_fkey,FOREIGN KEY (crm_default_user_id) REFERENCES public.res_users(id) ON DELETE SET NULL
website,salesperson_id,res_users,website_salesperson_id_fkey,FOREIGN KEY (salesperson_id) REFERENCES public.res_users(id) ON DELETE SET NULL
website,user_id,res_users,website_user_id_fkey,FOREIGN KEY (user_id) REFERENCES public.res_users(id) ON DELETE RESTRICT
website,write_uid,res_users,website_write_uid_fkey,FOREIGN KEY (write_uid) REFERENCES public.res_users(id) ON DELETE SET NULL
website,warehouse_id,stock_warehouse,website_warehouse_id_fkey,FOREIGN KEY (warehouse_id) REFERENCES public.stock_warehouse(id) ON DELETE SET NULL
website_base_unit,create_uid,res_users,website_base_unit_create_uid_fkey,FOREIGN KEY (create_uid) REFERENCES public.res_users(id) ON DELETE SET NULL
website_base_unit,write_uid,res_users,website_base_unit_write_uid_fkey,FOREIGN KEY (write_uid) REFERENCES public.res_users(id) ON DELETE SET NULL
website_checkout_step,create_uid,res_users,website_checkout_step_create_uid_fkey,FOREIGN KEY (create_uid) REFERENCES public.res_users(id) ON DELETE SET NULL
website_checkout_step,write_uid,res_users,website_checkout_step_write_uid_fkey,FOREIGN KEY (write_uid) REFERENCES public.res_users(id) ON DELETE SET NULL
website_checkout_step,website_id,website,website_checkout_step_website_id_fkey,FOREIGN KEY (website_id) REFERENCES public.website(id) ON DELETE CASCADE
website_configurator_feature,module_id,ir_module_module,website_configurator_feature_module_id_fkey,FOREIGN KEY (module_id) REFERENCES public.ir_module_module(id) ON DELETE CASCADE
website_configurator_feature,page_view_id,ir_ui_view,website_configurator_feature_page_view_id_fkey,FOREIGN KEY (page_view_id) REFERENCES public.ir_ui_view(id) ON DELETE CASCADE
website_configurator_feature,create_uid,res_users,website_configurator_feature_create_uid_fkey,FOREIGN KEY (create_uid) REFERENCES public.res_users(id) ON DELETE SET NULL
website_configurator_feature,write_uid,res_users,website_configurator_feature_write_uid_fkey,FOREIGN KEY (write_uid) REFERENCES public.res_users(id) ON DELETE SET NULL
website_controller_page,record_view_id,ir_ui_view,website_controller_page_record_view_id_fkey,FOREIGN KEY (record_view_id) REFERENCES public.ir_ui_view(id) ON DELETE CASCADE
website_controller_page,view_id,ir_ui_view,website_controller_page_view_id_fkey,FOREIGN KEY (view_id) REFERENCES public.ir_ui_view(id) ON DELETE CASCADE
website_controller_page,create_uid,res_users,website_controller_page_create_uid_fkey,FOREIGN KEY (create_uid) REFERENCES public.res_users(id) ON DELETE SET NULL
website_controller_page,write_uid,res_users,website_controller_page_write_uid_fkey,FOREIGN KEY (write_uid) REFERENCES public.res_users(id) ON DELETE SET NULL
website_controller_page,website_id,website,website_controller_page_website_id_fkey,FOREIGN KEY (website_id) REFERENCES public.website(id) ON DELETE CASCADE
website_custom_blocked_third_party_domains,create_uid,res_users,website_custom_blocked_third_party_domains_create_uid_fkey,FOREIGN KEY (create_uid) REFERENCES public.res_users(id) ON DELETE SET NULL
website_custom_blocked_third_party_domains,write_uid,res_users,website_custom_blocked_third_party_domains_write_uid_fkey,FOREIGN KEY (write_uid) REFERENCES public.res_users(id) ON DELETE SET NULL
website_lang_rel,lang_id,res_lang,website_lang_rel_lang_id_fkey,FOREIGN KEY (lang_id) REFERENCES public.res_lang(id) ON DELETE CASCADE
website_lang_rel,website_id,website,website_lang_rel_website_id_fkey,FOREIGN KEY (website_id) REFERENCES public.website(id) ON DELETE CASCADE
website_menu,create_uid,res_users,website_menu_create_uid_fkey,FOREIGN KEY (create_uid) REFERENCES public.res_users(id) ON DELETE SET NULL
website_menu,write_uid,res_users,website_menu_write_uid_fkey,FOREIGN KEY (write_uid) REFERENCES public.res_users(id) ON DELETE SET NULL
website_menu,theme_template_id,theme_website_menu,website_menu_theme_template_id_fkey,FOREIGN KEY (theme_template_id) REFERENCES public.theme_website_menu(id) ON DELETE SET NULL
website_menu,website_id,website,website_menu_website_id_fkey,FOREIGN KEY (website_id) REFERENCES public.website(id) ON DELETE CASCADE
website_menu,controller_page_id,website_controller_page,website_menu_controller_page_id_fkey,FOREIGN KEY (controller_page_id) REFERENCES public.website_controller_page(id) ON DELETE CASCADE
website_menu,parent_id,website_menu,website_menu_parent_id_fkey,FOREIGN KEY (parent_id) REFERENCES public.website_menu(id) ON DELETE CASCADE
website_menu,page_id,website_page,website_menu_page_id_fkey,FOREIGN KEY (page_id) REFERENCES public.website_page(id) ON DELETE CASCADE
website_page,view_id,ir_ui_view,website_page_view_id_fkey,FOREIGN KEY (view_id) REFERENCES public.ir_ui_view(id) ON DELETE CASCADE
website_page,create_uid,res_users,website_page_create_uid_fkey,FOREIGN KEY (create_uid) REFERENCES public.res_users(id) ON DELETE SET NULL
website_page,write_uid,res_users,website_page_write_uid_fkey,FOREIGN KEY (write_uid) REFERENCES public.res_users(id) ON DELETE SET NULL
website_page,theme_template_id,theme_website_page,website_page_theme_template_id_fkey,FOREIGN KEY (theme_template_id) REFERENCES public.theme_website_page(id) ON DELETE SET NULL
website_page,website_id,website,website_page_website_id_fkey,FOREIGN KEY (website_id) REFERENCES public.website(id) ON DELETE CASCADE
website_page_properties,create_uid,res_users,website_page_properties_create_uid_fkey,FOREIGN KEY (create_uid) REFERENCES public.res_users(id) ON DELETE SET NULL
website_page_properties,write_uid,res_users,website_page_properties_write_uid_fkey,FOREIGN KEY (write_uid) REFERENCES public.res_users(id) ON DELETE SET NULL
website_page_properties,website_id,website,website_page_properties_website_id_fkey,FOREIGN KEY (website_id) REFERENCES public.website(id) ON DELETE CASCADE
website_page_properties,target_model_id,website_page,website_page_properties_target_model_id_fkey,FOREIGN KEY (target_model_id) REFERENCES public.website_page(id) ON DELETE SET NULL
website_page_properties_base,create_uid,res_users,website_page_properties_base_create_uid_fkey,FOREIGN KEY (create_uid) REFERENCES public.res_users(id) ON DELETE SET NULL
website_page_properties_base,write_uid,res_users,website_page_properties_base_write_uid_fkey,FOREIGN KEY (write_uid) REFERENCES public.res_users(id) ON DELETE SET NULL
website_page_properties_base,website_id,website,website_page_properties_base_website_id_fkey,FOREIGN KEY (website_id) REFERENCES public.website(id) ON DELETE CASCADE
website_rewrite,create_uid,res_users,website_rewrite_create_uid_fkey,FOREIGN KEY (create_uid) REFERENCES public.res_users(id) ON DELETE SET NULL
website_rewrite,write_uid,res_users,website_rewrite_write_uid_fkey,FOREIGN KEY (write_uid) REFERENCES public.res_users(id) ON DELETE SET NULL
website_rewrite,website_id,website,website_rewrite_website_id_fkey,FOREIGN KEY (website_id) REFERENCES public.website(id) ON DELETE CASCADE
website_rewrite,route_id,website_route,website_rewrite_route_id_fkey,FOREIGN KEY (route_id) REFERENCES public.website_route(id) ON DELETE SET NULL
website_robots,create_uid,res_users,website_robots_create_uid_fkey,FOREIGN KEY (create_uid) REFERENCES public.res_users(id) ON DELETE SET NULL
website_robots,write_uid,res_users,website_robots_write_uid_fkey,FOREIGN KEY (write_uid) REFERENCES public.res_users(id) ON DELETE SET NULL
website_route,create_uid,res_users,website_route_create_uid_fkey,FOREIGN KEY (create_uid) REFERENCES public.res_users(id) ON DELETE SET NULL
website_route,write_uid,res_users,website_route_write_uid_fkey,FOREIGN KEY (write_uid) REFERENCES public.res_users(id) ON DELETE SET NULL
website_sale_extra_field,field_id,ir_model_fields,website_sale_extra_field_field_id_fkey,FOREIGN KEY (field_id) REFERENCES public.ir_model_fields(id) ON DELETE CASCADE
website_sale_extra_field,create_uid,res_users,website_sale_extra_field_create_uid_fkey,FOREIGN KEY (create_uid) REFERENCES public.res_users(id) ON DELETE SET NULL
website_sale_extra_field,write_uid,res_users,website_sale_extra_field_write_uid_fkey,FOREIGN KEY (write_uid) REFERENCES public.res_users(id) ON DELETE SET NULL
website_sale_extra_field,website_id,website,website_sale_extra_field_website_id_fkey,FOREIGN KEY (website_id) REFERENCES public.website(id) ON DELETE SET NULL
website_snippet_filter,action_server_id,ir_act_server,website_snippet_filter_action_server_id_fkey,FOREIGN KEY (action_server_id) REFERENCES public.ir_act_server(id) ON DELETE CASCADE
website_snippet_filter,filter_id,ir_filters,website_snippet_filter_filter_id_fkey,FOREIGN KEY (filter_id) REFERENCES public.ir_filters(id) ON DELETE CASCADE
website_snippet_filter,create_uid,res_users,website_snippet_filter_create_uid_fkey,FOREIGN KEY (create_uid) REFERENCES public.res_users(id) ON DELETE SET NULL
website_snippet_filter,write_uid,res_users,website_snippet_filter_write_uid_fkey,FOREIGN KEY (write_uid) REFERENCES public.res_users(id) ON DELETE SET NULL
website_snippet_filter,website_id,website,website_snippet_filter_website_id_fkey,FOREIGN KEY (website_id) REFERENCES public.website(id) ON DELETE CASCADE
website_track,product_id,product_product,website_track_product_id_fkey,FOREIGN KEY (product_id) REFERENCES public.product_product(id) ON DELETE CASCADE
website_track,page_id,website_page,website_track_page_id_fkey,FOREIGN KEY (page_id) REFERENCES public.website_page(id) ON DELETE CASCADE
website_track,visitor_id,website_visitor,website_track_visitor_id_fkey,FOREIGN KEY (visitor_id) REFERENCES public.website_visitor(id) ON DELETE CASCADE
website_visitor,country_id,res_country,website_visitor_country_id_fkey,FOREIGN KEY (country_id) REFERENCES public.res_country(id) ON DELETE SET NULL
website_visitor,lang_id,res_lang,website_visitor_lang_id_fkey,FOREIGN KEY (lang_id) REFERENCES public.res_lang(id) ON DELETE SET NULL
website_visitor,livechat_operator_id,res_partner,website_visitor_livechat_operator_id_fkey,FOREIGN KEY (livechat_operator_id) REFERENCES public.res_partner(id) ON DELETE SET NULL
website_visitor,partner_id,res_partner,website_visitor_partner_id_fkey,FOREIGN KEY (partner_id) REFERENCES public.res_partner(id) ON DELETE SET NULL
website_visitor,create_uid,res_users,website_visitor_create_uid_fkey,FOREIGN KEY (create_uid) REFERENCES public.res_users(id) ON DELETE SET NULL
website_visitor,write_uid,res_users,website_visitor_write_uid_fkey,FOREIGN KEY (write_uid) REFERENCES public.res_users(id) ON DELETE SET NULL
website_visitor,website_id,website,website_visitor_website_id_fkey,FOREIGN KEY (website_id) REFERENCES public.website(id) ON DELETE SET NULL
wip_move_production_rel,move_id,account_move,wip_move_production_rel_move_id_fkey,FOREIGN KEY (move_id) REFERENCES public.account_move(id) ON DELETE CASCADE
wip_move_production_rel,production_id,mrp_production,wip_move_production_rel_production_id_fkey,FOREIGN KEY (production_id) REFERENCES public.mrp_production(id) ON DELETE CASCADE
withholding_tax_cert,move_id,account_move,withholding_tax_cert_move_id_fkey,FOREIGN KEY (move_id) REFERENCES public.account_move(id) ON DELETE RESTRICT
withholding_tax_cert,payment_id,account_payment,withholding_tax_cert_payment_id_fkey,FOREIGN KEY (payment_id) REFERENCES public.account_payment(id) ON DELETE RESTRICT
withholding_tax_cert,company_id,res_company,withholding_tax_cert_company_id_fkey,FOREIGN KEY (company_id) REFERENCES public.res_company(id) ON DELETE RESTRICT
withholding_tax_cert,currency_id,res_currency,withholding_tax_cert_currency_id_fkey,FOREIGN KEY (currency_id) REFERENCES public.res_currency(id) ON DELETE SET NULL
withholding_tax_cert,company_partner_id,res_partner,withholding_tax_cert_company_partner_id_fkey,FOREIGN KEY (company_partner_id) REFERENCES public.res_partner(id) ON DELETE RESTRICT
withholding_tax_cert,supplier_partner_id,res_partner,withholding_tax_cert_supplier_partner_id_fkey,FOREIGN KEY (supplier_partner_id) REFERENCES public.res_partner(id) ON DELETE RESTRICT
withholding_tax_cert,create_uid,res_users,withholding_tax_cert_create_uid_fkey,FOREIGN KEY (create_uid) REFERENCES public.res_users(id) ON DELETE SET NULL
withholding_tax_cert,write_uid,res_users,withholding_tax_cert_write_uid_fkey,FOREIGN KEY (write_uid) REFERENCES public.res_users(id) ON DELETE SET NULL
withholding_tax_cert,ref_wt_cert_id,withholding_tax_cert,withholding_tax_cert_ref_wt_cert_id_fkey,FOREIGN KEY (ref_wt_cert_id) REFERENCES public.withholding_tax_cert(id) ON DELETE SET NULL
withholding_tax_cert_line,move_id,account_move,withholding_tax_cert_line_move_id_fkey,FOREIGN KEY (move_id) REFERENCES public.account_move(id) ON DELETE SET NULL
withholding_tax_cert_line,ref_move_line_id,account_move_line,withholding_tax_cert_line_ref_move_line_id_fkey,FOREIGN KEY (ref_move_line_id) REFERENCES public.account_move_line(id) ON DELETE SET NULL
withholding_tax_cert_line,payment_id,account_payment,withholding_tax_cert_line_payment_id_fkey,FOREIGN KEY (payment_id) REFERENCES public.account_payment(id) ON DELETE SET NULL
withholding_tax_cert_line,create_uid,res_users,withholding_tax_cert_line_create_uid_fkey,FOREIGN KEY (create_uid) REFERENCES public.res_users(id) ON DELETE SET NULL
withholding_tax_cert_line,write_uid,res_users,withholding_tax_cert_line_write_uid_fkey,FOREIGN KEY (write_uid) REFERENCES public.res_users(id) ON DELETE SET NULL
withholding_tax_cert_line,cert_id,withholding_tax_cert,withholding_tax_cert_line_cert_id_fkey,FOREIGN KEY (cert_id) REFERENCES public.withholding_tax_cert(id) ON DELETE SET NULL
withholding_tax_report,date_range_id,date_range,withholding_tax_report_date_range_id_fkey,FOREIGN KEY (date_range_id) REFERENCES public.date_range(id) ON DELETE CASCADE
withholding_tax_report,company_id,res_company,withholding_tax_report_company_id_fkey,FOREIGN KEY (company_id) REFERENCES public.res_company(id) ON DELETE CASCADE
withholding_tax_report,create_uid,res_users,withholding_tax_report_create_uid_fkey,FOREIGN KEY (create_uid) REFERENCES public.res_users(id) ON DELETE SET NULL
withholding_tax_report,write_uid,res_users,withholding_tax_report_write_uid_fkey,FOREIGN KEY (write_uid) REFERENCES public.res_users(id) ON DELETE SET NULL
withholding_tax_report_wizard,date_range_id,date_range,withholding_tax_report_wizard_date_range_id_fkey,FOREIGN KEY (date_range_id) REFERENCES public.date_range(id) ON DELETE CASCADE
withholding_tax_report_wizard,company_id,res_company,withholding_tax_report_wizard_company_id_fkey,FOREIGN KEY (company_id) REFERENCES public.res_company(id) ON DELETE CASCADE
withholding_tax_report_wizard,create_uid,res_users,withholding_tax_report_wizard_create_uid_fkey,FOREIGN KEY (create_uid) REFERENCES public.res_users(id) ON DELETE SET NULL
withholding_tax_report_wizard,write_uid,res_users,withholding_tax_report_wizard_write_uid_fkey,FOREIGN KEY (write_uid) REFERENCES public.res_users(id) ON DELETE SET NULL
wizard_ir_model_menu_create,menu_id,ir_ui_menu,wizard_ir_model_menu_create_menu_id_fkey,FOREIGN KEY (menu_id) REFERENCES public.ir_ui_menu(id) ON DELETE CASCADE
wizard_ir_model_menu_create,create_uid,res_users,wizard_ir_model_menu_create_create_uid_fkey,FOREIGN KEY (create_uid) REFERENCES public.res_users(id) ON DELETE SET NULL
wizard_ir_model_menu_create,write_uid,res_users,wizard_ir_model_menu_create_write_uid_fkey,FOREIGN KEY (write_uid) REFERENCES public.res_users(id) ON DELETE SET NULL
wizard_purchase_request_line_change_data,new_product_id,product_product,wizard_purchase_request_line_change_data_new_product_id_fkey,FOREIGN KEY (new_product_id) REFERENCES public.product_product(id) ON DELETE SET NULL
wizard_purchase_request_line_change_data,purchase_request_line_id,purchase_request_line,wizard_purchase_request_line_chan_purchase_request_line_id_fkey,FOREIGN KEY (purchase_request_line_id) REFERENCES public.purchase_request_line(id) ON DELETE SET NULL
wizard_purchase_request_line_change_data,create_uid,res_users,wizard_purchase_request_line_change_data_create_uid_fkey,FOREIGN KEY (create_uid) REFERENCES public.res_users(id) ON DELETE SET NULL
wizard_purchase_request_line_change_data,write_uid,res_users,wizard_purchase_request_line_change_data_write_uid_fkey,FOREIGN KEY (write_uid) REFERENCES public.res_users(id) ON DELETE SET NULL
worksheet_template,action_id,ir_act_window,worksheet_template_action_id_fkey,FOREIGN KEY (action_id) REFERENCES public.ir_act_window(id) ON DELETE SET NULL
worksheet_template,model_id,ir_model,worksheet_template_model_id_fkey,FOREIGN KEY (model_id) REFERENCES public.ir_model(id) ON DELETE SET NULL
worksheet_template,report_view_id,ir_ui_view,worksheet_template_report_view_id_fkey,FOREIGN KEY (report_view_id) REFERENCES public.ir_ui_view(id) ON DELETE SET NULL
worksheet_template,company_id,res_company,worksheet_template_company_id_fkey,FOREIGN KEY (company_id) REFERENCES public.res_company(id) ON DELETE SET NULL
worksheet_template,create_uid,res_users,worksheet_template_create_uid_fkey,FOREIGN KEY (create_uid) REFERENCES public.res_users(id) ON DELETE SET NULL
worksheet_template,write_uid,res_users,worksheet_template_write_uid_fkey,FOREIGN KEY (write_uid) REFERENCES public.res_users(id) ON DELETE SET NULL
worksheet_template_load_wizard,task_id,project_task,worksheet_template_load_wizard_task_id_fkey,FOREIGN KEY (task_id) REFERENCES public.project_task(id) ON DELETE CASCADE
worksheet_template_load_wizard,create_uid,res_users,worksheet_template_load_wizard_create_uid_fkey,FOREIGN KEY (create_uid) REFERENCES public.res_users(id) ON DELETE SET NULL
worksheet_template_load_wizard,write_uid,res_users,worksheet_template_load_wizard_write_uid_fkey,FOREIGN KEY (write_uid) REFERENCES public.res_users(id) ON DELETE SET NULL
x_7_11_tag,create_uid,res_users,x_7_11_tag_create_uid_fkey,FOREIGN KEY (create_uid) REFERENCES public.res_users(id) ON DELETE SET NULL
x_7_11_tag,write_uid,res_users,x_7_11_tag_write_uid_fkey,FOREIGN KEY (write_uid) REFERENCES public.res_users(id) ON DELETE SET NULL
x_master_operation,x_studio_many2one_field_60b_1jhajvg2i,mrp_workcenter,x_master_operation_x_studio_many2one_field_60b_1jhajvg2i_fkey,FOREIGN KEY (x_studio_many2one_field_60b_1jhajvg2i) REFERENCES public.mrp_workcenter(id) ON DELETE SET NULL
x_master_operation,create_uid,res_users,x_master_operation_create_uid_fkey,FOREIGN KEY (create_uid) REFERENCES public.res_users(id) ON DELETE SET NULL
x_master_operation,write_uid,res_users,x_master_operation_write_uid_fkey,FOREIGN KEY (write_uid) REFERENCES public.res_users(id) ON DELETE SET NULL
x_project_task_worksheet_template_1,x_project_task_id,project_task,x_project_task_worksheet_template_1_x_project_task_id_fkey,FOREIGN KEY (x_project_task_id) REFERENCES public.project_task(id) ON DELETE CASCADE
x_project_task_worksheet_template_1,create_uid,res_users,x_project_task_worksheet_template_1_create_uid_fkey,FOREIGN KEY (create_uid) REFERENCES public.res_users(id) ON DELETE SET NULL
x_project_task_worksheet_template_1,write_uid,res_users,x_project_task_worksheet_template_1_write_uid_fkey,FOREIGN KEY (write_uid) REFERENCES public.res_users(id) ON DELETE SET NULL
x_res_partner_line_72662,x_res_partner_id,res_partner,x_res_partner_line_72662_x_res_partner_id_fkey,FOREIGN KEY (x_res_partner_id) REFERENCES public.res_partner(id) ON DELETE SET NULL
x_res_partner_line_72662,create_uid,res_users,x_res_partner_line_72662_create_uid_fkey,FOREIGN KEY (create_uid) REFERENCES public.res_users(id) ON DELETE SET NULL
x_res_partner_line_72662,write_uid,res_users,x_res_partner_line_72662_write_uid_fkey,FOREIGN KEY (write_uid) REFERENCES public.res_users(id) ON DELETE SET NULL
x_res_partner_x_7_11_tag_rel,res_partner_id,res_partner,x_res_partner_x_7_11_tag_rel_res_partner_id_fkey,FOREIGN KEY (res_partner_id) REFERENCES public.res_partner(id) ON DELETE CASCADE
x_res_partner_x_7_11_tag_rel,x_7_11_tag_id,x_7_11_tag,x_res_partner_x_7_11_tag_rel_x_7_11_tag_id_fkey,FOREIGN KEY (x_7_11_tag_id) REFERENCES public.x_7_11_tag(id) ON DELETE CASCADE
