area,technical_name,manifest_file,name,version,license,category,author,website,installable,application,auto_install,depends_count,depends,summary,parse_error
01_ACCOUNT,account,__manifest__.py,Invoicing,1.4,LGPL-3,Accounting/Accounting,Odoo S.A.,https://www.odoo.com/app/invoicing,True,True,False,6,base_setup;onboarding;product;analytic;portal;digest,Invoices & Payments,
01_ACCOUNT,account_3way_match,__manifest__.py,Vendor Bill: Release to Pay,,OEEL-1,Supply Chain/Purchase,Odoo S.A.,,True,False,False,1,purchase,,
01_ACCOUNT,account_accountant,__manifest__.py,Invoicing,1.1,OEEL-1,Accounting/Accounting,Odoo S.A.,https://www.odoo.com/app/accounting,True,False,True,3,account;mail_enterprise;web_tour,"Invoices, Payments, Follow-ups & Bank synchronization (Enterprise)",
01_ACCOUNT,account_accountant_batch_payment,__manifest__.py,Account Batch Payment Reconciliation,1.0,OEEL-1,Accounting,Odoo S.A.,,True,False,True,2,account_accountant;account_batch_payment,Allows using Reconciliation with the Batch Payment feature.,
01_ACCOUNT,account_accountant_check_printing,__manifest__.py,Account accountant check printing,1.0,OEEL-1,Accounting,Odoo S.A.,,True,False,True,2,account_accountant;account_check_printing,Allows using Reconciliation with the account check printing.,
01_ACCOUNT,account_accountant_fleet,__manifest__.py,Accounting/Fleet bridge,1.0,OEEL-1,Accounting/Accounting,Odoo S.A.,,True,False,True,2,account_fleet;account_accountant,Manage accounting with fleet features,
01_ACCOUNT,account_add_gln,__manifest__.py,Add Partner GLN,1.0,LGPL-3,Accounting/Accounting,Odoo S.A.,,True,False,True,1,account,"This module adds the Global Location Number to the partner. Used on delivery addresses, it is used to identify stock locations and is mandatory on the UBL/CII eInvoices (but not only). The module is i",
01_ACCOUNT,account_asset,__manifest__.py,Assets Management,,OEEL-1,Accounting/Accounting,Odoo S.A.,,True,False,True,1,accountant,,
01_ACCOUNT,account_asset_fleet,__manifest__.py,Assets/Fleet bridge,1.0,OEEL-1,Accounting/Accounting,Odoo S.A.,,True,False,True,2,account_fleet;account_asset,Manage assets with fleets,
01_ACCOUNT,account_avatax,__manifest__.py,Avatax,1.0,OEEL-1,Accounting/Accounting,Odoo S.A.,,True,False,['payment'],2,payment;account_external_tax,,
01_ACCOUNT,account_avatax_geolocalize,__manifest__.py,Avatax for geo localization,1.0,OEEL-1,Accounting/Accounting,Odoo S.A.,,True,False,True,2,account_avatax;base_geolocalize,,
01_ACCOUNT,account_avatax_sale,__manifest__.py,Avatax for SO,1.0,OEEL-1,Accounting/Accounting,Odoo S.A.,,True,False,True,3,sale_external_tax;account_avatax;sale,,
01_ACCOUNT,account_avatax_stock,__manifest__.py,Avatax for Inventory,1.0,OEEL-1,Accounting/Accounting,Odoo S.A.,,True,False,True,2,account_avatax_sale;stock,,
01_ACCOUNT,account_bank_statement_extract,__manifest__.py,Account Bank Statement Extract,1.0,OEEL-1,Accounting/Accounting,Odoo S.A.,,True,False,True,4,accountant;account_bank_statement_import;iap_extract;account_extract,Extract data from bank statement scans to fill them automatically,
01_ACCOUNT,account_bank_statement_import,__manifest__.py,Account Bank Statement Import,1.0,OEEL-1,Accounting/Accounting,Odoo S.A.,,True,False,True,2,account_accountant;base_import,,
01_ACCOUNT,account_bank_statement_import_camt,__manifest__.py,Import CAMT Bank Statement,,OEEL-1,Accounting/Accounting,Odoo S.A.,,True,False,True,1,account_bank_statement_import,,
01_ACCOUNT,account_bank_statement_import_csv,__manifest__.py,Import CSV Bank Statement,1.0,OEEL-1,Accounting/Accounting,Odoo S.A.,,True,False,True,2,account_bank_statement_import;base_import,,
01_ACCOUNT,account_bank_statement_import_ofx,__manifest__.py,Import OFX Bank Statement,1.0,OEEL-1,Accounting/Accounting,Odoo S.A.,,True,False,True,1,account_bank_statement_import,,
01_ACCOUNT,account_bank_statement_import_qif,__manifest__.py,Import QIF Bank Statement,1.0,OEEL-1,Accounting/Accounting,Odoo S.A.,,True,False,False,1,account_bank_statement_import,,
01_ACCOUNT,account_base_import,__manifest__.py,Accounting Import,,OEEL-1,Accounting/Accounting,Odoo S.A.,,True,False,True,3,account_accountant;base_import;account_asset,Improved Import in Accounting,
01_ACCOUNT,account_batch_payment,__manifest__.py,Batch Payment,1.0,OEEL-1,Accounting/Accounting,Odoo S.A.,https://www.odoo.com/app/accounting,True,False,False,1,account,,
01_ACCOUNT,account_budget,__manifest__.py,Budget Management,,OEEL-1,Accounting/Accounting,Odoo S.A.,,True,False,False,1,accountant,,
01_ACCOUNT,account_budget_purchase,__manifest__.py,Budget Management,,OEEL-1,Accounting/Accounting,Odoo S.A.,,True,False,True,2,account_budget;purchase,,
01_ACCOUNT,account_check_printing,__manifest__.py,Check Printing Base,1.0,LGPL-3,Accounting/Accounting,Odoo S.A.,,True,False,False,1,account,Check printing basic features,
01_ACCOUNT,account_debit_note,__manifest__.py,Debit Notes,1.0,LGPL-3,Accounting/Accounting,Odoo S.A.,,True,False,False,1,account,Debit Notes,
01_ACCOUNT,account_edi,__manifest__.py,Import/Export Invoices From XML/PDF,1.0,LGPL-3,Accounting/Accounting,Odoo S.A.,,True,False,False,1,account,,
01_ACCOUNT,account_edi_proxy_client,__manifest__.py,Proxy features for account_edi,1.0,LGPL-3,Accounting/Accounting,Odoo S.A.,,True,False,False,2,account;certificate,,
01_ACCOUNT,account_edi_ubl_cii,__manifest__.py,Import/Export electronic invoices with UBL/CII,1.0,LGPL-3,Accounting/Accounting,Odoo S.A.,,True,False,True,1,account,,
01_ACCOUNT,account_external_tax,__manifest__.py,3rd Party Tax Calculation,1.0,OEEL-1,Accounting/Accounting,Odoo S.A.,,True,False,False,2,account;payment,,
01_ACCOUNT,account_extract,__manifest__.py,Account Extract,1.0,OEEL-1,Accounting/Accounting,Odoo S.A.,,True,False,True,5,account;iap_extract;iap_mail;mail_enterprise;account_bank_statement_import,Digitise and extract data from documents.,
01_ACCOUNT,account_fiscal_categories,__manifest__.py,Account Fiscal Report,1.0,OEEL-1,Accounting/Accounting,Odoo S.A.,,True,False,True,1,account_reports,Account Fiscal Report,
01_ACCOUNT,account_fiscal_categories_fleet,__manifest__.py,Fiscal Categories on Fleets,1.0,OEEL-1,Accounting/Accounting,Odoo S.A.,,True,False,True,2,account_accountant_fleet;account_fiscal_categories,Manage fiscal categories with fleets,
01_ACCOUNT,account_fleet,__manifest__.py,Accounting/Fleet bridge,1.0,LGPL-3,Accounting/Accounting,Odoo S.A.,,True,False,True,2,fleet;account,Manage accounting with fleets,
01_ACCOUNT,account_followup,__manifest__.py,Payment Follow-up Management,1.1,OEEL-1,Accounting/Accounting,Odoo S.A.,https://www.odoo.com/app/invoicing,True,False,True,3,mail;sms;account_reports,,
01_ACCOUNT,account_inter_company_rules,__manifest__.py,Inter Company Module for Sale/Purchase Orders and Invoices,1.1,OEEL-1,Productivity,Odoo S.A.,,True,False,False,1,account,Intercompany SO/PO/INV rules,
01_ACCOUNT,account_intrastat,__manifest__.py,Intrastat Reports,1.1,OEEL-1,Accounting/Accounting,Odoo S.A.,,True,False,False,1,account_reports,,
01_ACCOUNT,account_invoice_extract,__manifest__.py,Account Invoice Extract,1.0,OEEL-1,Accounting/Accounting,Odoo S.A.,,True,False,True,1,account_extract,Extract data from invoice scans to fill them automatically,
01_ACCOUNT,account_invoice_extract_purchase,__manifest__.py,Account Invoice Extract Purchase,1.0,OEEL-1,Accounting,Odoo S.A.,,True,False,True,2,account_invoice_extract;purchase,Automatically finds the purchase order linked to a vendor bill when using invoice extraction,
01_ACCOUNT,account_iso20022,__manifest__.py,SEPA Credit Transfer / ISO20022,1.0,OEEL-1,Accounting/Accounting,Odoo S.A.,,True,False,False,2,account_batch_payment;base_iban,Export payments as SEPA Credit Transfer or ISO20022 files,
01_ACCOUNT,account_loans,__manifest__.py,Loans Management,,OEEL-1,Accounting/Accounting,Odoo S.A.,,True,False,True,2,account_asset;base_import,,
01_ACCOUNT,account_online_payment,__manifest__.py,Account Online Payment,,LGPL-3,,Odoo S.A.,,True,False,True,3,account_online_synchronization;account_batch_payment;account_iso20022,Initiate online payments,
01_ACCOUNT,account_online_synchronization,__manifest__.py,Online Bank Statement Synchronization,1.0,OEEL-1,Accounting/Accounting,Odoo S.A.,,True,False,True,1,account_accountant,This module is used for Online bank synchronization.,
01_ACCOUNT,account_payment,__manifest__.py,Payment - Account,2.0,LGPL-3,Accounting/Accounting,Odoo S.A.,,True,False,['account'],2,account;payment,Enable customers to pay invoices on the portal and post payments when transactions are processed.,
01_ACCOUNT,account_peppol,__manifest__.py,Peppol,1.2,LGPL-3,Accounting/Accounting,Odoo S.A.,,True,False,['account_edi_ubl_cii'],2,account_edi_proxy_client;account_edi_ubl_cii,This module is used to send/receive documents with PEPPOL,
01_ACCOUNT,account_peppol_advanced_fields,__manifest__.py,[DEPRECATED] Account Peppol Advanced Fields,1.0,LGPL-3,Accounting/Accounting,Odoo S.A.,,True,False,False,2,account;account_edi_ubl_cii,"Merged prematurly, not working correctly. Please don't use. Better solution coming soon.",
01_ACCOUNT,account_peppol_response,__manifest__.py,Peppol Business Response,1.0,LGPL-3,Accounting/Accounting,Odoo S.A.,,True,False,True,1,account_peppol,This module is used to send/receive responses to documents received/sent with PEPPOL,
01_ACCOUNT,account_qr_code_emv,__manifest__.py,account_qr_code_emv,1.0,LGPL-3,Accounting/Payment,Odoo SA,,True,False,False,1,account,,
01_ACCOUNT,account_qr_code_sepa,__manifest__.py,Account SEPA QR Code,0.1,LGPL-3,Accounting/Payment,Odoo S.A.,,True,False,True,2,account;base_iban,,
01_ACCOUNT,account_reports,__manifest__.py,Accounting Reports,,OEEL-1,Accounting/Accounting,Odoo S.A.,,True,False,True,1,account_accountant,View and create reports,
01_ACCOUNT,account_reports_cash_basis,__manifest__.py,Cash Basis Accounting Reports,,OEEL-1,Accounting/Accounting,Odoo S.A.,,True,False,False,1,account_reports,Add cash basis functionality for reports,
01_ACCOUNT,account_saft,__manifest__.py,Standard Audit File for Tax Base module,1.0,OEEL-1,Accounting/Accounting,Odoo S.A.,,True,False,False,1,account_reports,,
01_ACCOUNT,account_saft_import,__manifest__.py,SAF-T Import,,OEEL-1,,Odoo S.A.,,True,False,False,2,account_saft;account_base_import,Import Accounting Data from SAF-T files,
01_ACCOUNT,account_sepa_direct_debit,__manifest__.py,SEPA Direct Debit,,OEEL-1,Accounting/Accounting,Odoo S.A.,,True,False,False,3,base_iban;account_batch_payment;account,Collect payments from your customers through SEPA direct debit.,
01_ACCOUNT,account_tax_python,__manifest__.py,Define Taxes as Python Code,1.0,LGPL-3,Accounting/Accounting,Odoo S.A.,,True,False,False,1,account,Use python code to define taxes,
01_ACCOUNT,account_test,__manifest__.py,Accounting Consistency Tests,1.0,LGPL-3,Accounting/Accounting,Odoo S.A.,,True,False,False,1,account,,
01_ACCOUNT,account_transfer,__manifest__.py,Account Transfers,,OEEL-1,Accounting/Accounting,Odoo S.A.,,True,False,False,1,account_accountant,,
01_ACCOUNT,account_update_tax_tags,__manifest__.py,Account - Allow updating tax grids,1.0,LGPL-3,Accounting/Accounting,Odoo S.A.,,True,False,False,1,account,Allow updating tax grids on existing entries,
01_ACCOUNT,account_winbooks_import,__manifest__.py,Account Winbooks Import,,OEEL-1,Accounting/Accounting,Odoo S.A.,,True,False,False,3,account_accountant;base_vat;account_base_import,Import Data From Winbooks,
01_ACCOUNT,accountant,__manifest__.py,Accounting,1.1,OEEL-1,Accounting/Accounting,Odoo S.A.,https://www.odoo.com/app/accounting,True,True,False,1,account_reports,Manage financial and analytic accounting,
01_ACCOUNT,accountant_fleet,__manifest__.py,Accounting - Fleet,1.0,OEEL-1,Accounting/Accounting,Odoo S.A.,https://www.odoo.com/app/accounting,True,False,True,2,accountant;fleet,,
01_ACCOUNT,accountant_hr_expense,__manifest__.py,Accounting - Expense,1.0,OEEL-1,Accounting/Accounting,Odoo S.A.,https://www.odoo.com/app/accounting,True,False,True,2,accountant;hr_expense,,
01_ACCOUNT,accountant_knowledge,__manifest__.py,Annual Reports,1.0,OEEL-1,,Odoo S.A.,,True,False,True,3,accountant;knowledge;sign,Create Annual Reports with Knowledge,
02_OTHER,ai,__manifest__.py,AI,1.0,OEEL-1,Hidden,Odoo S.A.,,True,False,False,1,mail,Base module for AI features,
02_OTHER,ai_account,__manifest__.py,AI Text Draft - Accounting,1.0,OEEL-1,Hidden,Odoo S.A.,,True,False,True,2,ai;account,AI text draft integration with accounting,
02_OTHER,ai_app,__manifest__.py,AI,1.0,OEEL-1,Hidden,Odoo S.A.,,True,True,False,2,attachment_indexation;ai,A powerful suite of AI tools and agents integrated directly into your Odoo environment.,
02_OTHER,ai_auto_install,__manifest__.py,AI Auto Install,1.0,OEEL-1,Hidden,Odoo S.A.,,True,False,True,1,mail,Auto install AI module if pgvector is available,
02_OTHER,ai_crm,__manifest__.py,AI crm,1.0,OEEL-1,Hidden,Odoo S.A.,,True,False,True,2,ai_app;crm,Automatically create leads.,
02_OTHER,ai_crm_livechat,__manifest__.py,AI crm livechat,1.0,OEEL-1,Hidden,Odoo S.A.,,True,False,True,2,ai_crm;ai_livechat,Automatically create leads from livechat.,
02_OTHER,ai_documents,__manifest__.py,AI Documents,1.0,OEEL-1,Hidden,Odoo S.A.,,True,False,True,3,ai;documents;base_automation,Automatically sort your documents.,
02_OTHER,ai_documents_account,__manifest__.py,AI Documents Account,1.0,OEEL-1,Hidden,Odoo S.A.,,True,False,True,2,ai_documents;documents_account,AI Documents Account,
02_OTHER,ai_documents_source,__manifest__.py,AI Documents Source,1.0,OEEL-1,Hidden,Odoo S.A.,,True,False,True,2,ai;documents,Add documents to AI agents as sources.,
02_OTHER,ai_fields,__manifest__.py,ai_fields,0.1,LGPL-3,Hidden,Odoo S.A.,,True,False,True,1,ai,Implementation of AI computed fields,
02_OTHER,ai_knowledge,__manifest__.py,AI Text Draft - Knowledge,1.0,OEEL-1,Hidden,Odoo S.A.,,True,False,True,2,ai;knowledge,AI text draft integration with knowledge,
02_OTHER,ai_livechat,__manifest__.py,AI Livechat,1.0,OEEL-1,AI,Odoo S.A.,,True,False,True,2,ai_app;im_livechat,Augment Livechat with AI Agents.,
02_OTHER,ai_server_actions,__manifest__.py,ai_server_actions,0.1,LGPL-3,Hidden,Odoo S.A.,,True,False,True,1,ai_fields,Implementation of AI server actions,
02_OTHER,ai_website,__manifest__.py,AI Website Integration,1.0,OEEL-1,Hidden,Odoo S.A.,,True,False,True,2,ai;website,AI website integration,
02_OTHER,ai_website_livechat,__manifest__.py,AI Website Livechat Integration,1.0,OEEL-1,Hidden,Odoo S.A.,,True,False,True,3,ai_website;ai_livechat;html_builder,AI website livechat components for web builder,
02_OTHER,analytic,__manifest__.py,Analytic Accounting,1.2,LGPL-3,Accounting/Accounting,Odoo S.A.,,True,False,False,3,base;mail;uom,,
02_OTHER,analytic_enterprise,__manifest__.py,Analytic Accounting Enterprise,0.1,OEEL-1,Accounting/Accounting,Odoo S.A.,https://www.odoo.com/app/accounting,True,False,True,3,web_grid;analytic;account,,
02_OTHER,api_doc,__manifest__.py,API Documentation,1.0,LGPL-3,Hidden,Odoo S.A.,,True,False,True,1,web,,
02_OTHER,appointment,__manifest__.py,Appointments,1.3,OEEL-1,Services/Appointment,Odoo S.A.,https://www.odoo.com/app/appointments,True,True,False,5,calendar;phone_validation;portal;resource;web_gantt,Allow people to book meetings in your agenda,
02_OTHER,appointment_account_payment,__manifest__.py,Pay to Book,1.0,OEEL-1,Marketing/Online Appointment,Odoo S.A.,,True,False,True,2,appointment;account_payment,Up-front payment on bookings,
02_OTHER,appointment_crm,__manifest__.py,Appointment Lead Generation,1.0,OEEL-1,Services/Appointment,Odoo S.A.,https://www.odoo.com/app/appointments,True,False,True,2,appointment;crm,Generate leads when prospects schedule appointments,
02_OTHER,appointment_google_calendar,__manifest__.py,Appointment Google Calendar,1.0,OEEL-1,Productivity,Odoo S.A.,,True,False,True,2,google_calendar;appointment,,
02_OTHER,appointment_google_reserve,__manifest__.py,Appointment Google Reserve,1.0,OEEL-1,Productivity,Odoo S.A.,,True,False,False,1,appointment,,
02_OTHER,appointment_hr,__manifest__.py,Employees on Appointments,1.0,OEEL-1,Services/Appointment,Odoo S.A.,https://www.odoo.com/app/appointments,True,False,True,2,appointment;hr,Manage Appointments with Employees,
02_OTHER,appointment_hr_recruitment,__manifest__.py,Recruitment tracking on appointments,1.0,OEEL-1,Services/Appointment,Odoo S.A.,,True,False,True,2,appointment;hr_recruitment,Keep track of recruitment appointments,
02_OTHER,appointment_microsoft_calendar,__manifest__.py,Appointment Microsoft Calendar,1.0,OEEL-1,Productivity,Odoo S.A.,,True,False,True,2,microsoft_calendar;appointment,,
02_OTHER,appointment_sms,__manifest__.py,Appointment SMS,1.0,OEEL-1,Services/Appointment,Odoo S.A.,https://www.odoo.com/app/appointments,True,False,True,2,appointment;calendar_sms,Use SMS reminders for appointment meetings,
02_OTHER,approvals,__manifest__.py,Approvals,1.1,OEEL-1,Human Resources/Approvals,Odoo S.A.,,True,True,False,3,mail;hr;product,Create and validate approvals requests,
02_OTHER,approvals_purchase,__manifest__.py,Approvals - Purchase,1.0,OEEL-1,Human Resources/Approvals,Odoo S.A.,,True,False,True,2,approvals;purchase,,
02_OTHER,approvals_purchase_stock,__manifest__.py,Approvals - Purchase - Stock,1.0,OEEL-1,Human Resources/Approvals,Odoo S.A.,,True,False,True,2,approvals_purchase;purchase_stock,,
02_OTHER,attachment_indexation,__manifest__.py,Attachments List and Document Indexation,2.1,LGPL-3,Hidden/Tools,Odoo S.A.,,True,False,False,1,web,,
02_OTHER,auth_ldap,__manifest__.py,Authentication via LDAP,,LGPL-3,Hidden/Tools,Odoo S.A.,,True,False,False,2,base;base_setup,,
02_OTHER,auth_oauth,__manifest__.py,OAuth2 Authentication,,LGPL-3,Hidden/Tools,Odoo S.A.,,True,False,False,4,base;web;base_setup;auth_signup,,
02_OTHER,auth_passkey,__manifest__.py,Passkeys,1.1,LGPL-3,Hidden/Tools,Odoo S.A.,,True,False,True,2,base_setup;web,Log in with a Passkey,
02_OTHER,auth_passkey_portal,__manifest__.py,Passkeys Portal,1.0,LGPL-3,Hidden/Tools,Odoo S.A.,,True,False,True,2,auth_passkey;portal,Passkeys for portal users,
02_OTHER,auth_password_policy,__manifest__.py,Password Policy,,LGPL-3,Hidden/Tools,Odoo S.A.,,True,False,False,2,base_setup;web,Implement basic password policy configuration & check,
02_OTHER,auth_password_policy_portal,__manifest__.py,Password Policy support for Signup,,LGPL-3,Tools,Odoo S.A.,,True,False,True,2,auth_password_policy;portal,,
02_OTHER,auth_password_policy_signup,__manifest__.py,Password Policy support for Signup,,LGPL-3,Hidden/Tools,Odoo S.A.,,True,False,True,2,auth_password_policy;auth_signup,,
02_OTHER,auth_signup,__manifest__.py,Signup,1.0,LGPL-3,Hidden/Tools,Odoo S.A.,,True,False,True,3,base_setup;mail;web,,
02_OTHER,auth_timeout,__manifest__.py,Auth Timeout,,LGPL-3,Hidden/Tools,Odoo S.A.,,True,False,False,4,auth_totp;auth_totp_mail;auth_passkey;bus,Ask for authentication after user inactivity,
02_OTHER,auth_totp,__manifest__.py,Two-Factor Authentication (TOTP),,LGPL-3,Extra Tools,Odoo S.A.,,True,False,True,1,web,,
02_OTHER,auth_totp_mail,__manifest__.py,2FA Invite mail,,LGPL-3,Extra Tools,Odoo S.A.,,True,False,True,2,auth_totp;mail,,
02_OTHER,auth_totp_portal,__manifest__.py,TOTPortal,,LGPL-3,Hidden,Odoo S.A.,,True,False,True,2,portal;auth_totp,,
02_OTHER,barcodes,__manifest__.py,Barcode,2.0,LGPL-3,Supply Chain/Inventory,Odoo S.A.,,True,False,False,1,web,Scan and Parse Barcodes,
02_OTHER,barcodes_gs1_nomenclature,__manifest__.py,Barcode - GS1 Nomenclature,1.0,LGPL-3,Supply Chain/Inventory,Odoo S.A.,,True,False,False,2,barcodes;uom,Parse barcodes according to the GS1-128 specifications,
02_OTHER,base,__manifest__.py,Base,1.3,LGPL-3,Hidden,Odoo S.A.,,True,False,True,0,,,
02_OTHER,base_address_extended,__manifest__.py,Extended Addresses,1.1,LGPL-3,Sales/Sales,Odoo S.A.,,True,False,False,2,base;contacts,Add extra fields on addresses,
02_OTHER,base_automation,__manifest__.py,Automation Rules,1.0,LGPL-3,Sales/Sales,Odoo S.A.,,True,False,False,5,base;digest;resource;mail;sms,,
02_OTHER,base_automation_hr,__manifest__.py,Automation Rules based on Employee Contracts,1.0,OEEL-1,Human Resources,Odoo S.A.,,True,False,True,2,base_automation;hr,,
02_OTHER,base_geolocalize,__manifest__.py,Partners Geolocation,2.1,LGPL-3,Sales/Sales,Odoo S.A.,,True,False,False,1,base_setup,,
02_OTHER,base_iban,__manifest__.py,IBAN Bank Accounts,,LGPL-3,Accounting/Accounting,Odoo S.A.,,True,False,False,2,account;web,,
02_OTHER,base_import,__manifest__.py,Base import,2.0,LGPL-3,Hidden/Tools,Odoo S.A.,,True,False,True,1,web,,
02_OTHER,base_import_module,__manifest__.py,Base import module,,LGPL-3,Hidden/Tools,Odoo S.A.,,True,False,True,1,web,,
02_OTHER,base_install_request,__manifest__.py,Base - Module Install Request,,LGPL-3,Hidden,Odoo S.A.,,True,False,True,1,mail,,
02_OTHER,base_setup,__manifest__.py,Initial Setup Tools,1.0,LGPL-3,Hidden,Odoo S.A.,,True,False,True,2,base;web,,
02_OTHER,base_sparse_field,__manifest__.py,Sparse Fields,1.0,LGPL-3,Hidden,Odoo S.A.,,True,False,False,1,base,Implementation of sparse fields.,
02_OTHER,base_vat,__manifest__.py,VAT Number Validation,2.0,LGPL-3,Accounting/Accounting,Odoo S.A.,,True,False,False,1,account,,
02_OTHER,board,__manifest__.py,Dashboards,1.0,LGPL-3,Productivity,Odoo S.A.,,True,False,False,1,spreadsheet_dashboard,Build your own dashboards,
02_OTHER,bus,__manifest__.py,IM Bus,1.0,LGPL-3,Hidden,Odoo S.A.,,True,False,True,2,base;web,,
02_OTHER,calendar,__manifest__.py,Calendar,1.1,LGPL-3,Productivity/Calendar,Odoo S.A.,,True,True,False,2,base;mail,Schedule employees' meetings,
02_OTHER,calendar_sms,__manifest__.py,Calendar - SMS,1.1,LGPL-3,Productivity/Calendar,Odoo S.A.,,True,False,True,2,calendar;sms,Send text messages as event reminders,
02_OTHER,certificate,__manifest__.py,Certificate,0.1,OEEL-1,Hidden/Tools,Odoo S.A.,,True,False,False,1,base_setup,Manage certificate,
02_OTHER,cloud_storage,__manifest__.py,Cloud Storage,1.0,LGPL-3,Technical Settings,Odoo S.A.,,True,False,False,2,base_setup;mail,Store chatter attachments in the cloud,
02_OTHER,cloud_storage_azure,__manifest__.py,Cloud Storage Azure,1.0,LGPL-3,Technical Settings,Odoo S.A.,,True,False,False,1,cloud_storage,Store chatter attachments in the Azure cloud,
02_OTHER,cloud_storage_google,__manifest__.py,Cloud Storage Google,1.0,LGPL-3,Technical Settings,Odoo S.A.,,True,False,False,1,cloud_storage,Store chatter attachments in the Google cloud,
02_OTHER,cloud_storage_migration,__manifest__.py,Cloud Storage Migration,1.0,LGPL-3,Technical Settings,Odoo S.A.,,True,False,False,1,cloud_storage,Migrate local attachments to cloud storage,
02_OTHER,contacts,__manifest__.py,Contacts,,LGPL-3,Sales/CRM,Odoo S.A.,,True,True,False,2,base;mail,Centralize your address book,
02_OTHER,contacts_enterprise,__manifest__.py,Contacts Enterprise,1.0,OEEL-1,Sales/CRM,Odoo S.A.,,True,False,True,2,contacts;web_map,Enterprise features on contacts,
02_OTHER,crm,__manifest__.py,CRM,1.9,LGPL-3,Sales/CRM,Odoo S.A.,https://www.odoo.com/app/crm,True,True,False,10,base_setup;sales_team;mail;calendar;resource;utm;web_tour;contacts;digest;phone_validation,Track leads and close opportunities,
02_OTHER,crm_enterprise,__manifest__.py,CRM enterprise,1.0,OEEL-1,Sales/CRM,Odoo S.A.,,True,False,['crm'],3,crm;web_cohort;web_map,Advanced features for CRM,
02_OTHER,crm_enterprise_partner_assign,__manifest__.py,Enterprise Resellers,1.0,OEEL-1,Website/Website,Odoo S.A.,,True,False,True,2,crm_enterprise;website_crm_partner_assign,Enterprise counterpart for Resellers,
02_OTHER,crm_helpdesk,__manifest__.py,Helpdesk - CRM,1.1,OEEL-1,Services/Helpdesk,Odoo S.A.,,True,False,True,2,crm;helpdesk,Convert Tickets from/to Leads,
02_OTHER,crm_iap_enrich,__manifest__.py,Lead Enrichment,1.1,LGPL-3,Sales/CRM,Odoo S.A.,,True,False,True,2,iap_crm;iap_mail,Enrich Leads/Opportunities using email address domain,
02_OTHER,crm_iap_mine,__manifest__.py,Lead Generation,1.2,LGPL-3,Sales/CRM,Odoo S.A.,,True,False,True,2,iap_crm;iap_mail,"Generate Leads/Opportunities based on country, industries, size, etc.",
02_OTHER,crm_livechat,__manifest__.py,CRM Livechat,,LGPL-3,Sales/CRM,Odoo S.A.,,True,False,True,2,crm;im_livechat,Create lead from livechat conversation,
02_OTHER,crm_mail_plugin,__manifest__.py,CRM Mail Plugin,1.0,LGPL-3,Sales/CRM,Odoo S.A.,https://www.odoo.com/app/crm,True,False,True,2,crm;mail_plugin,Turn emails received in your mailbox into leads and log their content as internal notes.,
02_OTHER,crm_sale_subscription,__manifest__.py,CRM Sale Subscription,1.0,OEEL-1,Sales/CRM,Odoo S.A.,,True,False,True,2,crm;sale_subscription,,
02_OTHER,crm_sms,__manifest__.py,SMS in CRM,1.1,LGPL-3,Sales/CRM,Odoo S.A.,,True,False,True,2,crm;sms,Add SMS capabilities to CRM,
02_OTHER,currency_rate_live,__manifest__.py,Live Currency Exchange Rate,1.0,OEEL-1,Accounting/Accounting,Odoo S.A.,,True,False,True,1,account,,
02_OTHER,data_cleaning,__manifest__.py,Data Cleaning,1.1,OEEL-1,Productivity/Data Cleaning,Odoo S.A.,,True,False,['data_recycle'],3,data_recycle;phone_validation;mail,Easily format text data across multiple records. Find duplicate records and easily merge them.,
02_OTHER,data_merge_crm,__manifest__.py,CRM Deduplication,1.0,OEEL-1,Productivity/Data Cleaning,Odoo S.A.,,True,False,True,2,data_cleaning;crm,Find duplicate records and merge them,
02_OTHER,data_merge_helpdesk,__manifest__.py,Helpdesk Merge action,1.0,OEEL-1,Productivity/Data Cleaning,Odoo S.A.,,True,False,True,2,data_cleaning;helpdesk,Add Merge action in contextual menu of helpdesk ticket model.,
02_OTHER,data_merge_project,__manifest__.py,Project Merge action,1.0,OEEL-1,Productivity/Data Cleaning,Odoo S.A.,,True,False,True,2,data_cleaning;project,Add Merge action in contextual menu of project task and tag models.,
02_OTHER,data_merge_stock_account,__manifest__.py,WMS Accounting Merge,1.0,OEEL-1,Productivity/Data Cleaning,Odoo S.A.,,True,False,True,2,data_cleaning;stock_account,Warn user in case of products merging,
02_OTHER,data_merge_utm,__manifest__.py,UTM Deduplication,1.0,OEEL-1,Productivity/Data Cleaning,Odoo S.A.,,True,False,True,2,data_cleaning;utm,Find duplicate records and merge them,
02_OTHER,data_recycle,__manifest__.py,Data Recycle,1.3,LGPL-3,Productivity/Data Cleaning,Odoo S.A.,,True,True,False,1,mail,Find old records and archive/delete them,
02_OTHER,databases,__manifest__.py,Databases,1.0,OEEL-1,Services/Databases,Odoo S.A.,,True,True,False,1,project,Manage a fleet of Odoo databases,
02_OTHER,delivery,__manifest__.py,Delivery Costs,1.0,LGPL-3,Sales/Delivery,Odoo S.A.,,True,False,False,2,sale;payment_custom,,
02_OTHER,delivery_bpost,__manifest__.py,bpost Shipping,1.0,OEEL-1,Shipping Connectors,Odoo S.A.,,True,True,False,2,stock_delivery;mail,,
02_OTHER,delivery_dhl,__manifest__.py,DHL Express Shipping (Legacy),1.0,OEEL-1,Shipping Connectors,Odoo S.A.,,True,False,False,2,stock_delivery;mail,,
02_OTHER,delivery_dhl_rest,__manifest__.py,DHL Express Shipping,1.0,OEEL-1,Shipping Connectors,Odoo S.A.,,True,True,False,2,stock_delivery;mail,,
02_OTHER,delivery_easypost,__manifest__.py,Easypost Shipping,1.0,OEEL-1,Shipping Connectors,Odoo S.A.,,True,True,False,2,stock_delivery;mail,,
02_OTHER,delivery_envia,__manifest__.py,Envia Shipping,1.0,OEEL-1,Shipping Connectors,Odoo S.A.,,True,True,False,3,stock_delivery;base_address_extended;phone_validation,,
02_OTHER,delivery_fedex,__manifest__.py,Fedex Shipping (Legacy),1.0,OEEL-1,Shipping Connectors,Odoo S.A.,,True,False,False,2,stock_delivery;mail,,
02_OTHER,delivery_fedex_rest,__manifest__.py,Fedex Shipping,1.0,OEEL-1,Shipping Connectors,Odoo S.A.,,True,True,False,2,stock_delivery;mail,,
02_OTHER,delivery_iot,__manifest__.py,IoT for Delivery,1.0,OEEL-1,Supply Chain/Internet of Things (IoT),Odoo S.A.,,True,False,True,2,iot;stock_delivery,Use IoT devices in delivery operations,
02_OTHER,delivery_mondialrelay,__manifest__.py,delivery_mondialrelay,0.1,LGPL-3,Shipping Connectors,Odoo S.A.,,True,False,False,1,stock_delivery,Let's choose a Point Relais® as shipping address,
02_OTHER,delivery_sendcloud,__manifest__.py,Sendcloud Shipping,1.0,OEEL-1,Shipping Connectors,Odoo S.A.,,True,True,False,2,stock_delivery;mail,,
02_OTHER,delivery_shiprocket,__manifest__.py,Shiprocket Shipping,1.0,OEEL-1,Shipping Connectors,Odoo S.A.,,True,True,False,2,stock_delivery;mail,,
02_OTHER,delivery_starshipit,__manifest__.py,Starshipit Shipping,1.0,OEEL-1,Shipping Connectors,Odoo S.A.,,True,True,False,1,stock_delivery,,
02_OTHER,delivery_stock_picking_batch,__manifest__.py,Delivery Stock Picking Batch,1.0,LGPL-3,Supply Chain/Inventory,Odoo S.A.,,True,False,True,2,stock_delivery;stock_picking_batch,"Batch Transfer, Carrier",
02_OTHER,delivery_ups,__manifest__.py,UPS Shipping (Legacy),1.0,OEEL-1,Shipping Connectors,Odoo S.A.,,True,False,False,2,stock_delivery;mail,,
02_OTHER,delivery_ups_rest,__manifest__.py,UPS Shipping,0.1,OEEL-1,Shipping Connectors,Odoo S.A.,,True,True,False,2,stock_delivery;mail,Send your shippings through UPS and track them online. This new version of the UPS connector is compatiblewith the newest version of the UPS REST APIs available at https://developer.ups.com/,
02_OTHER,delivery_usps,__manifest__.py,United States Postal Service (USPS) Shipping (Legacy),1.0,OEEL-1,Shipping Connectors,Odoo S.A.,,True,False,False,2,stock_delivery;mail,,
02_OTHER,delivery_usps_rest,__manifest__.py,United States Postal Service (USPS) Shipping,1.0,OEEL-1,Shipping Connectors,Odoo S.A.,,True,True,False,2,stock_delivery;mail,,
02_OTHER,digest,__manifest__.py,KPI Digests,1.1,LGPL-3,Marketing,Odoo S.A.,,True,False,False,3,mail;portal;resource,,
02_OTHER,digest_enterprise,__manifest__.py,Digest Enterprise,1.0,OEEL-1,Hidden,Odoo S.A.,,True,False,True,2,web_enterprise;digest,,
02_OTHER,documents,__manifest__.py,Documents,1.4,OEEL-1,Productivity/Documents,Odoo S.A.,https://www.odoo.com/app/documents,True,True,False,6,base;mail;portal;web_enterprise;attachment_indexation;digest,"Collect, organize and share documents.",
02_OTHER,documents_account,__manifest__.py,Documents - Accounting,1.0,OEEL-1,Productivity/Documents,Odoo S.A., ,True,False,True,2,documents;account_reports,Invoices from Documents,
02_OTHER,documents_account_peppol,__manifest__.py,Documents - Import from Peppol,1.0,OEEL-1,Productivity/Documents,Odoo SA,,True,False,True,2,account_peppol;documents,Documents from Peppol,
02_OTHER,documents_approvals,__manifest__.py,Documents - Approvals,1.0,OEEL-1,Productivity/Documents,Odoo S.A., ,True,False,True,2,documents;approvals,Approval from documents,
02_OTHER,documents_fleet,__manifest__.py,Documents - Fleet,1.0,OEEL-1,Productivity/Documents,Odoo S.A., ,True,False,True,2,documents;fleet,Fleet from documents,
02_OTHER,documents_fsm,__manifest__.py,Documents - FSM,1.0,OEEL-1,Productivity/Documents,Odoo S.A.,,True,False,True,2,documents_project;industry_fsm,Avoid auto-enabling the documents feature on fsm projects,
02_OTHER,documents_hr,__manifest__.py,Documents - HR,1.0,OEEL-1,Productivity/Documents,Odoo S.A., ,True,False,True,2,documents;hr,Access documents from the employee profile,
02_OTHER,documents_hr_expense,__manifest__.py,Documents - Expense,1.0,OEEL-1,Productivity/Documents,Odoo S.A.,,True,False,True,2,documents;hr_expense_extract,Store expense documents in the Document app,
02_OTHER,documents_hr_holidays,__manifest__.py,Documents - Time Off,1.0,OEEL-1,Productivity/Documents,Odoo S.A.,,True,False,True,2,documents_hr;hr_holidays,Store employee's time off documents in the Document app,
02_OTHER,documents_hr_payroll,__manifest__.py,Documents - Payroll,1.0,OEEL-1,Productivity/Documents,Odoo S.A., ,True,False,True,2,documents_hr;hr_payroll,Store employee payslips in the Document app,
02_OTHER,documents_l10n_be_hr_payroll,__manifest__.py,Documents - Belgian Payroll,1.0,OEEL-1,Human Resources/Payroll,Odoo S.A., ,True,False,True,2,documents_hr_payroll;l10n_be_hr_payroll,Store employee 281.10 and 281.45 forms in the Document app,
02_OTHER,documents_l10n_ch_hr_payroll,__manifest__.py,Documents - Swiss Payroll,1.0,OEEL-1,Human Resources/Payroll,Odoo S.A., ,True,False,True,2,documents_hr_payroll;l10n_ch_hr_payroll,Store individual accounts in Documents application,
02_OTHER,documents_l10n_hk_hr_payroll,__manifest__.py,Documents - Hong Kong Payroll,1.0,OEEL-1,Human Resources/Payroll,Odoo S.A., ,True,False,True,2,documents_hr_payroll;l10n_hk_hr_payroll,Store ir56 forms in the Document app,
02_OTHER,documents_l10n_ke_hr_payroll,__manifest__.py,Documents - Kenyan Payroll,1.0,OEEL-1,Human Resources/Payroll,Odoo S.A., ,True,False,True,2,documents_hr_payroll;l10n_ke_hr_payroll,Store employee tax deduction card forms in the Document app,
02_OTHER,documents_l10n_mx_hr_payroll_account_edi,__manifest__.py,Documents - Mexican Payroll,,OEEL-1,Human Resources/Payroll,Odoo S.A., ,True,False,True,2,documents_hr_payroll;l10n_mx_hr_payroll_account_edi,Attach Mexican payroll CFDI XML to payslips emails,
02_OTHER,documents_product,__manifest__.py,Documents - Product,1.0,OEEL-1,Productivity/Documents,Odoo S.A., ,True,False,True,2,documents;product,Products from Documents,
02_OTHER,documents_project,__manifest__.py,Documents - Projects,1.0,OEEL-1,Productivity/Documents,Odoo S.A., ,True,False,True,2,documents;project,Project from documents,
02_OTHER,documents_project_sale,__manifest__.py,Documents - Project - Sale,1.0,OEEL-1,Productivity/Documents,Odoo S.A.,,True,False,True,2,documents_project;sale_project,Products Folder Templates,
02_OTHER,documents_project_sign,__manifest__.py,Documents Project Sign,1.0,OEEL-1,Productivity/Documents,Odoo S.A., ,True,False,True,2,documents_project;documents_sign,Sign documents attached to tasks,
02_OTHER,documents_sign,__manifest__.py,Documents - Signatures,1.0,OEEL-1,Productivity/Documents,Odoo S.A., ,True,False,True,2,documents;sign,Signature templates from Documents,
02_OTHER,documents_spreadsheet,__manifest__.py,Documents Spreadsheet,1.0,OEEL-1,Productivity/Documents,Odoo S.A.,,True,False,['documents'],3,documents;spreadsheet_edition;base_import,Documents Spreadsheet,
02_OTHER,documents_spreadsheet_survey,__manifest__.py,Spreadsheet Survey,1.0,OEEL-1,Productivity/Documents,Odoo S.A.,,True,False,True,2,documents_spreadsheet;survey,Spreadsheet for Survey results,
02_OTHER,equity,__manifest__.py,Equity,1.0,LGPL-3,Accounting/Accounting,Odoo S.A.,,True,True,False,1,portal,"Manage securities, transactions, and cap tables.",
02_OTHER,esg,__manifest__.py,ESG,1.0,OEEL-1,ESG,Odoo S.A.,,True,True,False,2,account_reports;web_hierarchy,"Calculate and report your company's Environmental, Social, and Governance impact.",
02_OTHER,esg_csrd,__manifest__.py,ESG CSRD,1.0,OEEL-1,Hidden,Odoo S.A.,,True,False,['esg'],3,esg;survey;accountant_knowledge,CSRD integration with ESG,
02_OTHER,esg_csrd_ai,__manifest__.py,AI - ESG CSRD,1.0,OEEL-1,Hidden,Odoo S.A.,,True,False,True,2,ai_app;esg_csrd,AI integration with ESG CSRD,
02_OTHER,esg_csrd_hr,__manifest__.py,HR - ESG CSRD,1.0,OEEL-1,Hidden,Odoo S.A.,,True,False,True,2,hr;esg_csrd,HR integration with ESG CSRD,
02_OTHER,esg_csrd_hr_fleet,__manifest__.py,ESG CSRD - Fleet,1.0,OEEL-1,Hidden,Odoo S.A.,,True,False,True,2,esg_csrd_hr;esg_hr_fleet,Bridge between ESG with CSRD and ESG - Fleet,
02_OTHER,esg_hr,__manifest__.py,ESG HR,1.0,OEEL-1,,Odoo S.A.,,True,False,True,2,esg;hr,"Use your employee data to measure important ESG metrics (e.g. employee commuting, sex parity).",
02_OTHER,esg_hr_fleet,__manifest__.py,ESG HR Fleet,1.0,OEEL-1,,Odoo S.A.,,True,False,True,2,esg;hr_fleet,Measure fleet emissions based on your employees' commuting distance and vehicle data.,
02_OTHER,esg_project,__manifest__.py,ESG Project,1.0,OEEL-1,,Odoo S.A.,,True,False,True,2,esg;project_enterprise,Create and manage ESG initiatives to act on your impact.,
02_OTHER,event,__manifest__.py,Events Organization,1.9,LGPL-3,Marketing/Events,Odoo S.A.,https://www.odoo.com/app/events,True,False,False,6,barcodes;base_setup;mail;phone_validation;portal;utm,"Trainings, Conferences, Meetings, Exhibitions, Registrations",
02_OTHER,event_booth,__manifest__.py,Events Booths,1.1,LGPL-3,Marketing/Events,Odoo S.A.,,True,False,False,1,event,Manage event booths,
02_OTHER,event_booth_sale,__manifest__.py,Events Booths Sales,1.2,LGPL-3,Marketing/Events,Odoo S.A.,,True,False,True,2,event_booth;event_sale,Manage event booths sale,
02_OTHER,event_crm,__manifest__.py,Event CRM,1.0,LGPL-3,Marketing/Events,Odoo S.A.,https://www.odoo.com/app/events,True,False,True,2,event;crm,,
02_OTHER,event_crm_sale,__manifest__.py,Event CRM Sale,1.0,LGPL-3,Marketing/Events,Odoo S.A.,https://www.odoo.com/app/events,True,False,True,2,event_crm;event_sale,,
02_OTHER,event_enterprise,__manifest__.py,Events Organization Add-on,,OEEL-1,Marketing/Events,Odoo S.A.,,True,False,True,4,event;web_cohort;web_gantt;web_map,Add views and tweaks on event,
02_OTHER,event_iot,__manifest__.py,IoT for Events,1.0,OEEL-1,Marketing/Events,Odoo S.A.,,True,False,True,2,iot;event,Use IoT device integrations for events,
02_OTHER,event_product,__manifest__.py,Events Product,1.0,LGPL-3,Marketing/Events,Odoo S.A.,,True,False,True,3,event;product;account,,
02_OTHER,event_sale,__manifest__.py,Events Sales,1.3,LGPL-3,Marketing/Events,Odoo S.A.,https://www.odoo.com/app/events,True,False,True,2,event_product;sale_management,,
02_OTHER,event_sale_iot,__manifest__.py,IoT for Event/Sale,1.0,OEEL-1,Marketing/Events,Odoo S.A.,,True,False,True,2,iot;event_sale,Use IoT device integrations for events,
02_OTHER,event_sms,__manifest__.py,SMS on Events,1.0,LGPL-3,Marketing/Events,Odoo S.A.,,True,False,True,2,event;sms,,
02_OTHER,event_social,__manifest__.py,Event Social,1.0,OEEL-1,Marketing/Social,Odoo S.A.,,True,False,True,2,event;social,Publish on social account from Event,
02_OTHER,fleet,__manifest__.py,Fleet,0.1,LGPL-3,Human Resources/Fleet,Odoo S.A.,https://www.odoo.com/app/fleet,True,True,False,2,base;mail,Manage your fleet and track car costs,
02_OTHER,frontdesk,__manifest__.py,Frontdesk,1.0,OEEL-1,Human Resources/Frontdesk,Odoo S.A.,,True,True,False,2,hr;sms,Visitor management system,
02_OTHER,gamification,__manifest__.py,Gamification,1.0,LGPL-3,Human Resources,Odoo S.A.,,True,False,False,1,mail,,
02_OTHER,gamification_sale_crm,__manifest__.py,CRM Gamification,1.0,LGPL-3,Sales/CRM,Odoo S.A.,,True,False,True,2,gamification;sale_crm,,
02_OTHER,google_account,__manifest__.py,Google Users,,LGPL-3,Hidden/Tools,Odoo S.A.,,True,False,False,1,base_setup,,
02_OTHER,google_address_autocomplete,__manifest__.py,Google Address Autocomplete,1.0,LGPL-3,Hidden/Tools,Odoo S.A.,,True,False,False,1,web,Assist with automatic completion & suggestions when filling address,
02_OTHER,google_calendar,__manifest__.py,Google Calendar,1.0,LGPL-3,Productivity,Odoo S.A.,,True,False,False,2,google_account;calendar,,
02_OTHER,google_gmail,__manifest__.py,Google Gmail,1.2,LGPL-3,Hidden,Odoo S.A.,,True,False,True,1,mail,,
02_OTHER,google_recaptcha,__manifest__.py,Google reCAPTCHA integration,1.0,LGPL-3,Hidden,Odoo S.A.,,True,False,False,1,base_setup,,
02_OTHER,helpdesk,__manifest__.py,Helpdesk,1.6,OEEL-1,Services/Helpdesk,Odoo S.A.,https://www.odoo.com/app/helpdesk,True,True,False,9,base_setup;mail;utm;rating;web_tour;web_cohort;resource;portal;digest,"Track, prioritize, and solve customer tickets",
02_OTHER,helpdesk_account,__manifest__.py,Helpdesk Account,,OEEL-1,Services/Helpdesk,Odoo S.A.,,True,False,False,2,helpdesk_sale;account,"Project, Tasks, Account",
02_OTHER,helpdesk_fsm,__manifest__.py,Helpdesk FSM,,OEEL-1,Services/Helpdesk,Odoo S.A.,,True,False,True,2,project_helpdesk;industry_fsm,Allow generating fsm tasks from ticket,
02_OTHER,helpdesk_fsm_report,__manifest__.py,Helpdesk FSM Reports,,OEEL-1,Services/Helpdesk,Odoo S.A.,,True,False,True,2,helpdesk_fsm;industry_fsm_report,Worksheet template when planning an intervention,
02_OTHER,helpdesk_fsm_sale,__manifest__.py,Helpdesk FSM - Sale,,OEEL-1,Services/Helpdesk,Odoo S.A.,,True,False,True,3,helpdesk_fsm;helpdesk_sale_timesheet;industry_fsm_sale,"Project, Helpdesk, FSM, Timesheet and Sale Orders",
02_OTHER,helpdesk_holidays,__manifest__.py,Helpdesk Time Off,1.0,OEEL-1,Services/Helpdesk,Odoo S.A.,,True,False,True,2,helpdesk;hr_holidays_gantt,Helpdesk integration with holidays,
02_OTHER,helpdesk_mail_plugin,__manifest__.py,Helpdesk Mail Plugin,1.0,OEEL-1,Services/Helpdesk,Odoo S.A.,,True,False,True,2,helpdesk;mail_plugin,Convert emails to Helpdesk Tickets.,
02_OTHER,helpdesk_repair,__manifest__.py,Helpdesk Repair,,OEEL-1,Services/Helpdesk,Odoo S.A.,,True,False,False,2,helpdesk_stock;repair,"Project, Tasks, Repair",
02_OTHER,helpdesk_sale,__manifest__.py,Helpdesk After Sales,,OEEL-1,Services/Helpdesk,Odoo S.A.,,True,False,True,2,helpdesk;sale_management,"Project, Tasks, After Sales",
02_OTHER,helpdesk_sale_loyalty,__manifest__.py,Helpdesk Sale Loyalty,,OEEL-1,Services/Helpdesk,Odoo S.A.,,True,False,False,2,helpdesk_sale;sale_loyalty,"Project, Tasks, Sale Loyalty",
02_OTHER,helpdesk_sale_timesheet,__manifest__.py,Sell Helpdesk Timesheet,,OEEL-1,Services/Helpdesk,Odoo S.A.,,True,False,True,3,helpdesk_timesheet;sale_timesheet_enterprise;helpdesk_sale,"Project, Helpdesk, Timesheet and Sale Orders",
02_OTHER,helpdesk_sms,__manifest__.py,Helpdesk - SMS,1.0,OEEL-1,Services/Helpdesk,Odoo S.A.,,True,False,True,2,helpdesk;sms,Send text messages when ticket stage move,
02_OTHER,helpdesk_stock,__manifest__.py,Helpdesk Stock,,OEEL-1,Services/Helpdesk,Odoo S.A.,,True,False,False,2,helpdesk_sale;stock,"Project, Tasks, Stock",
02_OTHER,helpdesk_stock_account,__manifest__.py,Helpdesk Stock Account,,OEEL-1,Services/Helpdesk,Odoo S.A.,,True,False,True,2,helpdesk_stock;helpdesk_account,"Helpdesk, Stock, Account",
02_OTHER,helpdesk_timesheet,__manifest__.py,Helpdesk Timesheet,,OEEL-1,Services/Helpdesk,Odoo S.A.,,True,False,False,2,timesheet_grid;project_helpdesk,"Project, Tasks, Timesheet",
02_OTHER,hr,__manifest__.py,Employees,1.1,LGPL-3,Human Resources/Employees,Odoo S.A.,https://www.odoo.com/app/employees,True,True,False,5,base_setup;digest;phone_validation;resource_mail;web,Centralize employee information,
02_OTHER,hr_appraisal,__manifest__.py,Appraisals,1.2,OEEL-1,Human Resources/Appraisals,Odoo S.A.,https://www.odoo.com/app/appraisals,True,True,False,2,calendar;hr_gantt,Assess your employees,
02_OTHER,hr_appraisal_skills,__manifest__.py,Appraisal - Skills,1.0,OEEL-1,Human Resources/Appraisals,Odoo S.A.,,True,False,True,2,hr_appraisal;hr_skills,Manage skills of your employees during an appraisal process,
02_OTHER,hr_appraisal_survey,__manifest__.py,Appraisal - Survey,1.2,OEEL-1,Human Resources/Appraisals,Odoo S.A.,https://www.odoo.com/app/appraisals,True,False,True,2,hr_appraisal;survey,360 Feedback,
02_OTHER,hr_attendance,__manifest__.py,Attendances,2.0,LGPL-3,Human Resources/Attendances,Odoo S.A.,https://www.odoo.com/app/employees,True,True,False,3,hr;barcodes;base_geolocalize,Track employee attendance,
02_OTHER,hr_attendance_gantt,__manifest__.py,Attendance Gantt,1.0,OEEL-1,Human Resources/Attendances,Odoo S.A.,,True,False,True,2,hr_attendance;hr_gantt,Gantt view for Attendance,
02_OTHER,hr_calendar,__manifest__.py,Display Working Hours in Calendar,1.0,LGPL-3,Human Resources/Employees,Odoo S.A.,,True,False,True,2,hr;calendar,,
02_OTHER,hr_contract_salary,__manifest__.py,Salary Configurator,2.1,OEEL-1,Human Resources,Odoo S.A.,,True,False,False,4,hr_sign;http_routing;hr_recruitment;sign,Sign Employment Contracts,
02_OTHER,hr_contract_salary_holidays,__manifest__.py,Salary Configurator - Holidays,,OEEL-1,Human Resources,Odoo S.A.,,True,False,True,2,hr_contract_salary;hr_holidays,Automatically creates extra time-off on contract signature,
02_OTHER,hr_contract_salary_payroll,__manifest__.py,Salary Configurator - Payroll,,OEEL-1,Human Resources,Odoo S.A.,,True,False,True,2,hr_contract_salary;hr_payroll,Adds a Gross to Net Salary Simulaton,
02_OTHER,hr_expense,__manifest__.py,Expenses,2.1,LGPL-3,Human Resources/Expenses,Odoo S.A.,https://www.odoo.com/app/expenses,True,True,False,3,account;web_tour;hr,"Submit, validate and reinvoice employee expenses",
02_OTHER,hr_expense_extract,__manifest__.py,Hr Expense Extract,1.0,OEEL-1,Human Resources/Expenses,Odoo S.A.,,True,False,True,5,hr_expense;iap_extract;iap_mail;mail_enterprise;hr_expense_predict_product,Extract data from expense scans to fill them automatically,
02_OTHER,hr_expense_predict_product,__manifest__.py,Hr Expense Predict product,1.0,OEEL-1,Human Resources/Expenses,Odoo S.A.,,True,False,True,1,hr_expense,predict the product from the expense description based on old ones,
02_OTHER,hr_expense_stripe,__manifest__.py,Expense cards,1.0,LGPL-3,Human Resources/Expenses,Odoo S.A.,https://www.odoo.com/app/expenses,True,False,False,2,hr_expense;certificate,Create and manage company expense cards via Stripe,
02_OTHER,hr_expense_stripe_demo,__manifest__.py,Expense cards: Demo,1.0,LGPL-3,Human Resources/Expenses,Odoo S.A.,https://www.odoo.com/app/expenses,True,False,False,1,hr_expense_stripe,Create and manage company expense cards via Stripe: Demo,
02_OTHER,hr_fleet,__manifest__.py,Fleet History,1.0,LGPL-3,Human Resources,Odoo S.A.,,True,False,True,2,hr;fleet,Get history of driven cars by employees,
02_OTHER,hr_gamification,__manifest__.py,HR Gamification,1.0,LGPL-3,Human Resources,Odoo S.A.,,True,False,True,2,gamification;hr,,
02_OTHER,hr_gantt,__manifest__.py,Employees in Gantt,1.0,OEEL-1,Human Resources/Employees,Odoo S.A.,,True,False,True,2,hr;web_gantt,Employees in Gantt,
02_OTHER,hr_holidays,__manifest__.py,Time Off,1.6,LGPL-3,Human Resources/Time Off,Odoo S.A.,https://www.odoo.com/app/time-off,True,True,False,3,hr;calendar;resource,Allocate time off and follow leave requests,
02_OTHER,hr_holidays_attendance,__manifest__.py,HR Attendance Holidays,1.0,LGPL-3,Human Resources,Odoo S.A.,,True,False,True,2,hr_attendance;hr_holidays,Attendance Holidays,
02_OTHER,hr_holidays_gantt,__manifest__.py,Time off Gantt,1.0,OEEL-1,Human Resources,Odoo S.A.,,True,False,True,2,hr_holidays;hr_gantt,Gantt view for Time Off Dashboard,
02_OTHER,hr_holidays_homeworking,__manifest__.py,Holidays with Remote Work,,LGPL-3,Human Resources,Odoo S.A.,,True,False,True,2,hr_holidays;hr_homeworking,Manage holidays with remote work,
02_OTHER,hr_homeworking,__manifest__.py,Remote Work,2.0,LGPL-3,Human Resources/Remote Work,Odoo S.A.,,True,False,True,1,hr,,
02_OTHER,hr_homeworking_calendar,__manifest__.py,Remote Work with calendar,1.0,LGPL-3,Human Resources/Remote Work,Odoo S.A.,,True,False,True,2,hr_homeworking;calendar,,
02_OTHER,hr_hourly_cost,__manifest__.py,Employee Hourly Wage,1.0,LGPL-3,Services/Employee Hourly Cost,Odoo S.A.,,True,False,False,1,hr,Employee Hourly Wage,
02_OTHER,hr_livechat,__manifest__.py,HR - Livechat,1.0,LGPL-3,Human Resources,Odoo S.A.,,True,False,True,2,hr;im_livechat,,
02_OTHER,hr_maintenance,__manifest__.py,Maintenance - HR,1.0,LGPL-3,Human Resources,Odoo S.A.,,True,False,True,2,hr;maintenance,"Equipment, Assets, Internal Hardware, Allocation Tracking",
02_OTHER,hr_mobile,__manifest__.py,Employees in Mobile,1.0,OEEL-1,Human Resources/Employees,Odoo S.A.,,True,False,True,2,hr;web_mobile,Employees in Mobile,
02_OTHER,hr_org_chart,__manifest__.py,HR Org Chart,1.0,LGPL-3,Human Resources,Odoo S.A.,,True,False,['hr'],2,hr;web_hierarchy,,
02_OTHER,hr_payroll,__manifest__.py,Payroll,,OEEL-1,Human Resources/Payroll,Odoo S.A.,,True,True,False,3,hr_work_entry_enterprise;mail;html_editor,Manage your employee payroll,
02_OTHER,hr_payroll_account,__manifest__.py,Payroll Accounting,,OEEL-1,Human Resources/Payroll,Odoo S.A.,,True,False,"['hr_payroll', 'accountant']",3,hr_payroll;accountant;base_iban,,
02_OTHER,hr_payroll_account_iso20022,__manifest__.py,SEPA Payments for Payroll,1.0,OEEL-1,Human Resources/Payroll,Odoo S.A.,,True,False,False,2,hr_payroll_account;account_iso20022,Pay your employees with SEPA payment.,
02_OTHER,hr_payroll_attendance,__manifest__.py,Payroll - Attendance,,OEEL-1,Human Resources/Employees,Odoo S.A.,,True,False,True,2,hr_work_entry_attendance;hr_payroll,Manage extra hours for your hourly paid employees using attendance,
02_OTHER,hr_payroll_expense,__manifest__.py,Expenses in Payslips,1.0,OEEL-1,Human Resources/Payroll,Odoo S.A.,,True,False,True,2,hr_expense;hr_payroll_account,"Submit, validate and reinvoice employee expenses",
02_OTHER,hr_payroll_fleet,__manifest__.py,Payroll - Fleet,1.0,OEEL-1,Human Resources/Payroll,Odoo S.A.,,True,False,True,2,hr_payroll;hr_fleet,Integration between Payroll and Fleet.,
02_OTHER,hr_payroll_holidays,__manifest__.py,Time Off in Payslips,1.0,OEEL-1,Human Resources/Payroll,Odoo S.A.,,True,False,True,3,hr_holidays_gantt;hr_work_entry_holidays;hr_payroll,,
02_OTHER,hr_payroll_planning,__manifest__.py,Payroll - Planning,,OEEL-1,Human Resources/Employees,Odoo S.A.,,True,False,True,2,hr_work_entry_planning;hr_payroll,Manage extra hours for your hourly paid employees using planning,
02_OTHER,hr_payroll_sale_commission,__manifest__.py,Commission in Payslips,1.0,OEEL-1,Human Resources/Payroll,Odoo S.A.,,True,False,True,2,sale_commission;hr_payroll,Autofill employee commission,
02_OTHER,hr_presence,__manifest__.py,Employee Presence Control,1.0,LGPL-3,Human Resources,Odoo S.A.,,True,False,False,3,hr;hr_holidays;sms,,
02_OTHER,hr_recruitment,__manifest__.py,Recruitment,1.1,LGPL-3,Human Resources/Recruitment,Odoo S.A.,https://www.odoo.com/app/recruitment,True,True,False,6,hr;calendar;utm;attachment_indexation;web_tour;digest,Track your recruitment pipeline,
02_OTHER,hr_recruitment_ai,__manifest__.py,Recruitment With AI,1.0,OEEL-1,Human Resources/Recruitment,Odoo S.A.,,True,False,"['hr_recruitment', 'ai']",2,hr_recruitment;ai,,
02_OTHER,hr_recruitment_extract,__manifest__.py,Hr Recruitment Extract,1.0,OEEL-1,Human Resources/Recruitment,Odoo S.A.,,True,False,True,4,hr_recruitment;iap_extract;iap_mail;mail_enterprise,Extract data from CV scans to fill applicant forms automatically,
02_OTHER,hr_recruitment_integration_base,__manifest__.py,Recruitment Integration Base,1.0,OEEL-1,Human Resources/Recruitment/Integration,Odoo S.A.,,True,False,False,1,hr_recruitment,,
02_OTHER,hr_recruitment_integration_monster,__manifest__.py,Job Board - Monster.com,1.0,OEEL-1,Human Resources/Recruitment/Integration,Odoo S.A.,,True,False,False,2,hr_recruitment_integration_base;hr_recruitment_extract,Allow user to share job positions on Monster Job board,
02_OTHER,hr_recruitment_integration_skills_monster,__manifest__.py,Job Board - Monster.com (Skills),1.0,OEEL-1,Human Resources/Recruitment/Integration,Odoo S.A.,,True,False,True,2,hr_recruitment_skills;hr_recruitment_integration_monster,Manage Monster Job board integrations with skills,
02_OTHER,hr_recruitment_integration_website,__manifest__.py,Recruitment Integration website,1.0,OEEL-1,Human Resources/Recruitment/Integration,Odoo S.A.,,True,False,True,2,hr_recruitment_integration_base;website_hr_recruitment,Manage Job board integrations with website,
02_OTHER,hr_recruitment_integration_website_monster,__manifest__.py,Job Board - Monster.com (Website),1.0,OEEL-1,Human Resources/Recruitment/Integration,Odoo S.A.,,True,False,True,2,hr_recruitment_integration_website;hr_recruitment_integration_monster,Manage Monster Job board integrations with website,
02_OTHER,hr_recruitment_reports,__manifest__.py,Recruitment Reporting,1.0,OEEL-1,Human Resources/Recruitment,Odoo S.A.,https://www.odoo.com/app/recruitment,True,False,True,1,hr_recruitment,,
02_OTHER,hr_recruitment_sign,__manifest__.py,Recruitment - Signature,1.0,OEEL-1,Human Resources/Recruitment,Odoo S.A.,,True,False,True,2,hr_recruitment;hr_sign,Manage the signatures to send to your applicants,
02_OTHER,hr_recruitment_skills,__manifest__.py,Recruitment - Skills Management,1.0,LGPL-3,Human Resources/Recruitment,Odoo S.A.,,True,False,True,2,hr_skills;hr_recruitment,Manage skills of your employees,
02_OTHER,hr_recruitment_sms,__manifest__.py,Recruitment - SMS,1.0,LGPL-3,Human Resources/Recruitment,Odoo S.A.,,True,False,True,2,hr_recruitment;sms,Mass mailing sms to job applicants,
02_OTHER,hr_recruitment_survey,__manifest__.py,Hr Recruitment Interview Forms,1.0,LGPL-3,Human Resources,Odoo S.A.,,True,False,False,2,survey;hr_recruitment,Surveys,
02_OTHER,hr_referral,__manifest__.py,Employee Referral,1.0,OEEL-1,Human Resources/Referrals,Odoo S.A., ,True,True,False,4,hr_recruitment;link_tracker;website_hr_recruitment;hr_recruitment_reports,Let your employees share job positions and refer their friends,
02_OTHER,hr_sign,__manifest__.py,Contract - Signature,1.0,OEEL-1,Human Resources,Odoo S.A.,,True,False,True,2,hr;sign,Manage your documents to sign in contracts,
02_OTHER,hr_skills,__manifest__.py,Skills Management,1.0,LGPL-3,Human Resources/Employees,Odoo S.A.,,True,True,True,1,hr,"Manage skills, knowledge and resume of your employees",
02_OTHER,hr_skills_event,__manifest__.py,Skills Events,1.0,LGPL-3,Hidden,Odoo S.A.,,True,False,True,2,hr_skills;event,Link training events to resume of your employees,
02_OTHER,hr_skills_slides,__manifest__.py,Skills e-learning,1.0,LGPL-3,Human Resources/Employees,Odoo S.A.,,True,False,True,2,hr_skills;website_slides,Add completed courses to resume of your employees,
02_OTHER,hr_skills_survey,__manifest__.py,Skills Certification,1.0,LGPL-3,Human Resources/Employees,Odoo S.A.,,True,False,True,2,hr_skills;survey,Add certification to resume of your employees,
02_OTHER,hr_timesheet,__manifest__.py,Task Logs,1.0,LGPL-3,Services/Timesheets,Odoo S.A.,https://www.odoo.com/app/timesheet,True,False,False,5,hr;hr_hourly_cost;analytic;project;uom,Track employee time on tasks,
02_OTHER,hr_timesheet_attendance,__manifest__.py,Timesheets/attendances reporting,1.1,LGPL-3,Human Resources/Attendances,Odoo S.A.,,True,False,True,2,hr_timesheet;hr_attendance,,
02_OTHER,hr_work_entry,__manifest__.py,Work Entries,,LGPL-3,Human Resources/Employees,Odoo S.A.,,True,False,False,1,hr,Manage work entries,
02_OTHER,hr_work_entry_attendance,__manifest__.py,Work Entries - Attendance,,OEEL-1,Human Resources/Employees,Odoo S.A.,,True,False,True,2,hr_work_entry;hr_attendance,Create work entries from the employee's attendances,
02_OTHER,hr_work_entry_enterprise,__manifest__.py,Work Entries - Enterprise,,OEEL-1,Human Resources/Employees,Odoo S.A.,,True,False,True,2,hr_work_entry;hr_gantt,Manage work entries,
02_OTHER,hr_work_entry_holidays,__manifest__.py,Time Off in Payslips,1.0,LGPL-3,Human Resources/Payroll,Odoo S.A.,,True,False,True,2,hr_holidays;hr_work_entry,Manage Time Off in Payslips,
02_OTHER,hr_work_entry_holidays_enterprise,__manifest__.py,Time Off in Payslips Enterprise,1.0,OEEL-1,Human Resources/Payroll,Odoo S.A.,,True,False,True,1,hr_work_entry_holidays,Manage Time Off in Payslips Enterprise,
02_OTHER,hr_work_entry_planning,__manifest__.py,Work Entries - Planning,,OEEL-1,Human Resources/Employees,Odoo S.A.,,True,False,True,2,hr_work_entry_enterprise;planning,Create work entries from the employee's planning,
02_OTHER,hr_work_entry_planning_attendance,__manifest__.py,Attendances - Planning,,OEEL-1,Human Resources/Employees,Odoo S.A.,,True,False,True,2,hr_work_entry_planning;hr_work_entry_attendance,Create work entries from attendances based on employee's planning,
02_OTHER,html_builder,__manifest__.py,HTML Builder,0.1,LGPL-3,Uncategorized,Odoo,https://www.odoo.com,True,False,False,3,base;html_editor;mail,Generic html builder,
02_OTHER,html_editor,__manifest__.py,HTML Editor,1.0,LGPL-3,Hidden,odoo,https://www.odoo.com,True,False,True,3,base;bus;web,A Html Editor component and plugin system,
02_OTHER,http_routing,__manifest__.py,Web Routing,,LGPL-3,Hidden,Odoo S.A.,,True,False,False,1,web,Web Routing,
02_OTHER,iap,__manifest__.py,In-App Purchases,1.1,LGPL-3,Hidden/Tools,Odoo S.A.,,True,False,True,2,web;base_setup,Basic models and helpers to support In-App purchases.,
02_OTHER,iap_crm,__manifest__.py,IAP / CRM,1.0,LGPL-3,Hidden/Tools,Odoo S.A.,,True,False,True,2,crm;iap_mail,Bridge between IAP and CRM,
02_OTHER,iap_extract,__manifest__.py,Iap Extract,1.0,OEEL-1,Hidden/Tools,Odoo S.A.,,True,False,True,4,base;iap;mail;iap_mail,Common module for requesting data from the extract server,
02_OTHER,iap_mail,__manifest__.py,IAP / Mail,1.0,LGPL-3,Hidden/Tools,Odoo S.A.,,True,False,True,2,iap;mail,Bridge between IAP and mail,
02_OTHER,im_livechat,__manifest__.py,Live Chat,1.0,LGPL-3,Website/Live Chat,Odoo S.A.,https://www.odoo.com/app/live-chat,True,True,False,4,mail;rating;digest;utm,Chat with your website visitors,
02_OTHER,industry_fsm,__manifest__.py,Field Service,1.0,OEEL-1,Services/Field Service,Odoo S.A.,,True,True,False,3,project_enterprise;timesheet_grid;base_geolocalize,"Schedule and track onsite operations, time and material",
02_OTHER,industry_fsm_repair,__manifest__.py,Field Service Repair,1.0,OEEL-1,Services/Field Service,Odoo S.A.,,True,False,True,2,industry_fsm_stock;repair,Allow user without repair right to access fsm stock.picking,
02_OTHER,industry_fsm_report,__manifest__.py,Field Service Reports,,OEEL-1,Services/Field Service,Odoo S.A.,,True,False,"['industry_fsm', 'web_studio']",3,worksheet;industry_fsm;web_studio,Create Reports for Field service technicians,
02_OTHER,industry_fsm_sale,__manifest__.py,Field Service - Sale,1.0,OEEL-1,Services/Field Service,Odoo S.A.,,True,False,True,2,industry_fsm;sale_timesheet_enterprise,"Schedule and track onsite operations, invoice time and material",
02_OTHER,industry_fsm_sale_report,__manifest__.py,Field Service Reports - Sale,,OEEL-1,Services/Field Service,Odoo S.A.,,True,False,True,2,industry_fsm_sale;industry_fsm_report,Create Reports for Field service technicians,
02_OTHER,industry_fsm_sale_subscription,__manifest__.py,Field Service - Sale Subscription,1.0,OEEL-1,Services/Field Service,Odoo S.A.,,True,False,True,2,industry_fsm_sale;project_sale_subscription,Technical Bridge,
02_OTHER,industry_fsm_sms,__manifest__.py,FSM - SMS,1.0,OEEL-1,Services/Field Service,Odoo S.A.,,True,False,True,2,industry_fsm;project_sms,Send text messages when fsm task stage move,
02_OTHER,industry_fsm_stock,__manifest__.py,Field Service Stock,,OEEL-1,Services/Field Service,Odoo S.A.,,True,False,True,2,industry_fsm_sale;sale_stock,Validate stock moves for product added on sales orders through Field Service Management App,
02_OTHER,iot,__manifest__.py,Internet of Things,,OEEL-1,Administration/IoT,Odoo S.A.,,True,True,False,2,mail;iot_base,Basic models and helpers to support Internet of Things.,
02_OTHER,iot_base,__manifest__.py,IoT Base,1.0,LGPL-3,Hidden,Odoo S.A.,,True,False,False,1,web,,
02_OTHER,iot_box_image,__manifest__.py,IoT Box Image Build Tools,,LGPL-3,Hidden/Tools,Odoo S.A.,,False,False,False,0,,Build tools for the IoT Box image,
02_OTHER,iot_drivers,__manifest__.py,Hardware Proxy,,LGPL-3,Hidden,Odoo S.A.,https://www.odoo.com/app/iot,False,False,False,0,,Connect the Web Client to Hardware Peripherals,
02_OTHER,knowledge,__manifest__.py,Knowledge,1.0,OEEL-1,Productivity/Knowledge,Odoo S.A.,,True,True,False,7,web;digest;html_editor;mail;portal;web_unsplash;web_hierarchy,"Centralize, manage, share and grow your knowledge library",
02_OTHER,l10n_account_edi_ubl_cii_tests,__manifest__.py,Testing the Import/Export invoices with UBL/CII,1.0,LGPL-3,Accounting/Accounting,Odoo S.A.,,True,False,False,6,account_edi_ubl_cii;l10n_fr_account;l10n_be;l10n_de;l10n_nl;l10n_au,,
02_OTHER,l10n_account_withholding_tax,__manifest__.py,Withholding Tax on Payment,1.0,LGPL-3,Accounting/Localizations,Odoo S.A.,,True,False,False,1,account,,
02_OTHER,l10n_account_withholding_tax_pos,__manifest__.py,Withholding Tax on Payment - PoS,1.0,LGPL-3,Accounting/Localizations,Odoo S.A.,,True,False,True,2,l10n_account_withholding_tax;point_of_sale,,
02_OTHER,l10n_ae,__manifest__.py,United Arab Emirates - Accounting,,LGPL-3,Accounting/Localizations/Account Charts,Odoo S.A.,https://www.odoo.com/documentation/latest/applications/finance/fiscal_localizations/united_arab_emirates.html,True,False,['account'],2,account;l10n_gcc_invoice,,
02_OTHER,l10n_ae_faf,__manifest__.py,United Arab Emirates - FTA VAT Audit,1.0,OEEL-1,,Odoo S.A.,,True,False,False,1,l10n_ae_reports,,
02_OTHER,l10n_ae_hr_payroll,__manifest__.py,United Arab Emirates - Payroll,,OEEL-1,Human Resources/Payroll,Odoo S.A.,,True,False,['hr_payroll'],2,hr_payroll;hr_work_entry_holidays,,
02_OTHER,l10n_ae_hr_payroll_account,__manifest__.py,United Arab Emirates - Payroll with Accounting,,OEEL-1,Human Resources,Odoo S.A.,,True,False,True,3,hr_payroll_account;l10n_ae;l10n_ae_hr_payroll,,
02_OTHER,l10n_ae_pos,__manifest__.py,United Arab Emirates - Point of Sale,,LGPL-3,Accounting/Localizations/Point of Sale,Odoo S.A.,,True,False,True,2,l10n_gcc_pos;l10n_ae,,
02_OTHER,l10n_ae_reports,__manifest__.py,United Arab Emirates - Accounting Reports,1.0,OEEL-1,Accounting/Localizations/Reporting,Odoo S.A.,https://www.odoo.com/app/accounting,True,False,"['l10n_ae', 'account_reports', 'account_fiscal_categories']",3,l10n_ae;account_reports;account_fiscal_categories,,
02_OTHER,l10n_anz_ubl_pint,__manifest__.py,Australia & New Zealand - UBL PINT,1.0,LGPL-3,Accounting/Localizations/EDI,Odoo S.A.,,True,False,False,1,account_edi_ubl_cii,,
02_OTHER,l10n_ar,__manifest__.py,Argentina - Accounting,3.7,LGPL-3,Accounting/Localizations/Account Charts,ADHOC SA,https://www.odoo.com/documentation/latest/applications/finance/fiscal_localizations/argentina.html,True,False,['account'],3,l10n_latam_invoice_document;l10n_latam_base;account,,
02_OTHER,l10n_ar_edi,__manifest__.py,Argentinean Electronic Invoicing,1.1,OEEL-1,Accounting/Localizations/EDI,ADHOC SA,,True,False,['l10n_ar'],2,l10n_ar;certificate,,
02_OTHER,l10n_ar_pos,__manifest__.py,Argentinean - Point of Sale with AR Doc,1.0,LGPL-3,Accounting/Localizations/Point of Sale,Odoo S.A.,,True,False,True,2,l10n_ar;point_of_sale,,
02_OTHER,l10n_ar_reports,__manifest__.py,Argentinean Accounting Reports,1.0,OEEL-1,Accounting/Localizations/Reporting,ADHOC SA,,True,False,"['l10n_ar', 'account_reports']",2,l10n_ar;account_reports,Reporting for Argentinean Localization,
02_OTHER,l10n_ar_reports_simple,__manifest__.py,Argentinean Accounting IVA Simple Export,1.0,OEEL-1,Accounting/Localizations/Reporting,Odoo S.A.,,True,False,True,1,l10n_ar_reports,IVA Simple Reporting for Argentinean Localization,
02_OTHER,l10n_ar_stock,__manifest__.py,Argentinean - Stock,1.0,LGPL-3,Accounting/Localizations,Odoo S.A.,,True,False,True,2,l10n_ar;stock_account,,
02_OTHER,l10n_ar_website_sale,__manifest__.py,Argentinean eCommerce,1.0,LGPL-3,Accounting/Localizations/Website,Odoo S.A.,,True,False,True,2,website_sale;l10n_ar,,
02_OTHER,l10n_ar_withholding,__manifest__.py,Argentina - Payment Withholdings,1.0,LGPL-3,Accounting/Localizations,ADHOC SA,,True,False,False,2,l10n_ar;l10n_latam_check,,
02_OTHER,l10n_at,__manifest__.py,Austria - Accounting,3.2.1,LGPL-3,Accounting/Localizations/Account Charts,"WT-IO-IT GmbH, Wolfgang Taferner (https://www.wt-io-it.at)",https://www.odoo.com/documentation/latest/applications/finance/fiscal_localizations.html,True,False,['account'],5,account;account_edi_ubl_cii;base_iban;base_vat;l10n_din5008,Austrian Standardized Charts & Tax,
02_OTHER,l10n_at_intrastat,__manifest__.py,Austrian Intrastat Declaration,,OEEL-1,Accounting/Localizations/Reporting,Odoo S.A.,,True,False,True,2,account_intrastat;l10n_at_reports,,
02_OTHER,l10n_at_pos,__manifest__.py,Austria - Security Regulation for Point of Sale,1.0,OEEL-1,,Odoo S.A.,,True,False,False,3,l10n_at;iap;point_of_sale,The Austrian Cash Security Regulation,
02_OTHER,l10n_at_reports,__manifest__.py,Austria - Accounting Reports,2.0,OEEL-1,Accounting/Localizations/Reporting,"WT-IO-IT GmbH, Wolfgang Taferner",https://www.wt-io-it.at,True,False,"['l10n_at', 'account_reports']",3,l10n_at;account_reports;account_accountant,Austrian Financial Reports,
02_OTHER,l10n_at_saft,__manifest__.py,Austrian SAF-T Export,1.1,OEEL-1,Accounting/Localizations/Reporting,Odoo S.A.,,True,False,"['l10n_at', 'account_saft']",2,l10n_at;account_saft,,
02_OTHER,l10n_au,__manifest__.py,Australia - Accounting,1.1,LGPL-3,Accounting/Localizations/Account Charts,Odoo S.A.,https://www.odoo.com/documentation/latest/applications/finance/fiscal_localizations/australia.html,True,False,['account'],1,account,,
02_OTHER,l10n_au_aba,__manifest__.py,ABA Credit Transfer,1.0,OEEL-1,Accounting/Localizations/EDI,Odoo S.A.,,True,False,['l10n_au'],2,account_batch_payment;l10n_au,Export payments as ABA Credit Transfer files,
02_OTHER,l10n_au_hr_payroll,__manifest__.py,Australia - Payroll,1.0,OEEL-1,Human Resources/Payroll,Odoo S.A.,,True,False,['hr_payroll'],4,hr_payroll;hr_work_entry_holidays;hr_payroll_holidays;base_address_extended,,
02_OTHER,l10n_au_hr_payroll_account,__manifest__.py,Australia - Payroll with Accounting,,OEEL-1,Human Resources,Odoo S.A.,,True,False,"['l10n_au', 'hr_payroll_account']",4,l10n_au_hr_payroll;hr_payroll_account;l10n_au;l10n_au_aba,,
02_OTHER,l10n_au_hr_payroll_api,__manifest__.py,Australia - Payroll with API,1.0,OEEL-1,Human Resources,Odoo S.A.,,True,False,['l10n_au_hr_payroll_account'],3,l10n_au_hr_payroll_account;account_edi_proxy_client;auth_timeout,,
02_OTHER,l10n_au_reports,__manifest__.py,Australian Reports - Accounting,1.1,OEEL-1,Accounting/Localizations/Reporting,Odoo S.A.,,True,False,"['l10n_au', 'account_reports']",3,l10n_au;account_reports;account_reports_cash_basis,,
02_OTHER,l10n_bd,__manifest__.py,Bangladesh - Accounting,1.0,LGPL-3,Accounting/Localizations/Account Charts,Odoo S.A.,https://www.odoo.com/documentation/latest/applications/finance/fiscal_localizations.html,True,False,['account'],1,account,,
02_OTHER,l10n_bd_hr_payroll,__manifest__.py,Bangladesh - Payroll,,OEEL-1,Human Resources/Payroll,Odoo S.A.,,True,False,['hr_payroll'],1,hr_payroll,,
02_OTHER,l10n_bd_hr_payroll_account,__manifest__.py,Bangladesh - Payroll with Accounting,1.0,OEEL-1,Human Resources,Odoo S.A,,True,False,True,3,hr_payroll_account;l10n_bd;l10n_bd_hr_payroll,,
02_OTHER,l10n_bd_reports,__manifest__.py,Bangladesh - Accounting Reports,1.0.0,OEEL-1,,Odoo S.A.,,True,False,True,2,account_reports;l10n_bd,,
02_OTHER,l10n_be,__manifest__.py,Belgium - Accounting,2.0,LGPL-3,Accounting/Localizations/Account Charts,"Noviat, Odoo S.A.",https://www.odoo.com/documentation/latest/applications/finance/fiscal_localizations/belgium.html,True,False,['account'],4,account;account_edi_ubl_cii;base_iban;base_vat,,
02_OTHER,l10n_be_coda,__manifest__.py,Belgium - Import Bank CODA Statements,2.1,OEEL-1,Accounting/Localizations,Noviat,https://www.odoo.com/app/accounting,True,False,True,4,account_accountant;l10n_be;account_bank_statement_import;base_iban,,
02_OTHER,l10n_be_codabox,__manifest__.py,CodaBox,1.0,OEEL-1,Accounting/Localizations,Odoo,https://www.odoo.com/documentation/latest/applications/finance/fiscal_localizations/belgium.html#codabox,True,False,False,3,l10n_be_coda;l10n_be_soda;l10n_be_reports,,
02_OTHER,l10n_be_codaclean,__manifest__.py,Codaclean,1.0,OEEL-1,Accounting/Localizations,Odoo S.A.,https://www.odoo.com/documentation/19.0/applications/finance/fiscal_localizations/belgium.html#codaclean,True,False,False,1,l10n_be_coda,,
02_OTHER,l10n_be_fiscal_categories,__manifest__.py,Belgium - Fiscal Categories Data,1.1,OEEL-1,Accounting/Accounting,Odoo S.A.,https://www.odoo.com/app/accounting,True,False,True,2,l10n_be;account_fiscal_categories,,
02_OTHER,l10n_be_fiscal_categories_fleet,__manifest__.py,Belgium - Disallowed Expenses Fleet,1.0,OEEL-1,Accounting/Accounting,Odoo S.A.,https://www.odoo.com/app/accounting,True,False,False,3,account_fiscal_categories_fleet;l10n_be_fiscal_categories;l10n_be_hr_payroll_fleet,,
02_OTHER,l10n_be_hr_contract_salary,__manifest__.py,Salary Configurator (Belgium),,OEEL-1,Human Resources,Odoo S.A.,,True,False,True,2,hr_contract_salary_payroll;l10n_be_hr_payroll_fleet,Salary Package Configurator,
02_OTHER,l10n_be_hr_payroll,__manifest__.py,Belgium - Payroll,1.0,OEEL-1,Human Resources/Payroll,Odoo S.A.,,True,False,['hr_payroll'],4,certificate;hr_payroll;hr_work_entry_holidays;hr_payroll_holidays,,
02_OTHER,l10n_be_hr_payroll_account,__manifest__.py,Belgium - Payroll with Accounting,,OEEL-1,Human Resources,Odoo S.A.,,True,False,True,3,l10n_be_hr_payroll;hr_payroll_account;l10n_be,,
02_OTHER,l10n_be_hr_payroll_acerta,__manifest__.py,Belgium - Payroll - Export to Acerta,1.0,OEEL-1,Human Resources,Odoo S.A.,,True,False,False,1,l10n_be_hr_payroll,Export Work Entries to Acerta,
02_OTHER,l10n_be_hr_payroll_attendance,__manifest__.py,Belgian Payroll - Attendance,,OEEL-1,Human Resources/Employees,Odoo S.A.,,True,False,True,2,hr_payroll_attendance;l10n_be_hr_payroll,Manage extra hours for your hourly paid employees for belgian payroll,
02_OTHER,l10n_be_hr_payroll_dimona,__manifest__.py,Belgium - Payroll - Dimona,,OEEL-1,Human Resources,Odoo S.A.,,True,False,False,1,l10n_be_hr_payroll,,
02_OTHER,l10n_be_hr_payroll_dimona_auto,__manifest__.py,Belgium - Payroll - Dimona - Automation,,OEEL-1,Human Resources,Odoo S.A.,,True,False,['l10n_be_hr_payroll'],2,l10n_be_hr_payroll_dimona;l10n_be_hr_payroll,,
02_OTHER,l10n_be_hr_payroll_fix,__manifest__.py,Belgian Payroll - Holiday Attest Fix,1.0,OEEL-1,Human Resources/Payroll,Odoo S.A.,,True,False,True,1,l10n_be_hr_payroll,,
02_OTHER,l10n_be_hr_payroll_fleet,__manifest__.py,Belgium - Payroll - Fleet,1.0,OEEL-1,Human Resources,Odoo S.A.,,True,False,True,2,l10n_be_hr_payroll;hr_fleet,,
02_OTHER,l10n_be_hr_payroll_group_s,__manifest__.py,Belgium - Payroll - Export to Group S,1.0,OEEL-1,Human Resources,Odoo S.A.,,True,False,False,1,l10n_be_hr_payroll,Export Work Entries to Group S,
02_OTHER,l10n_be_hr_payroll_partena,__manifest__.py,Belgium - Payroll - Export to Partena,1.0,OEEL-1,Human Resources,Odoo S.A.,,True,False,False,1,l10n_be_hr_payroll,Export Work Entries to Partena,
02_OTHER,l10n_be_hr_payroll_prisma,__manifest__.py,Belgium - Payroll - Export to Prisma,1.0,OEEL-1,Human Resources,Odoo S.A.,,True,False,False,1,l10n_be_hr_payroll,Export Work Entries to Prisma,
02_OTHER,l10n_be_hr_payroll_sd_worx,__manifest__.py,Belgium - Payroll - Export to SD Worx,1.0,OEEL-1,Human Resources,Odoo S.A.,,True,False,False,1,l10n_be_hr_payroll,Export Work Entries to SD Worx,
02_OTHER,l10n_be_hr_payroll_ucm,__manifest__.py,Belgium - Payroll - Export to UCM,1.0,OEEL-1,Human Resources,Odoo S.A.,,True,False,False,1,l10n_be_hr_payroll,Export Work Entries to UCM,
02_OTHER,l10n_be_intervat,__manifest__.py,Belgian Intervat & Myminfin Edi,1.0,OEEL-1,Accounting/Localizations/edi,Odoo SA,,True,False,"['l10n_be', 'l10n_be_reports']",3,l10n_be;l10n_be_reports;certificate,,
02_OTHER,l10n_be_intrastat,__manifest__.py,Belgian Intrastat Declaration,,OEEL-1,Accounting/Localizations/Reporting,Odoo S.A.,,True,False,True,2,account_intrastat;l10n_be_reports,,
02_OTHER,l10n_be_pos_restaurant,__manifest__.py,Belgian POS Restaurant Localization,1.0,LGPL-3,Sales/Point of Sale,Odoo S.A.,,True,False,True,2,pos_restaurant;l10n_be,,
02_OTHER,l10n_be_pos_sale,__manifest__.py,l10n_be_pos_sale,1.0,LGPL-3,Sales/Point of Sale,Odoo S.A.,,True,False,True,2,pos_sale;l10n_be,Link module between pos_sale and l10n_be,
02_OTHER,l10n_be_reports,__manifest__.py,Belgium - Accounting Reports,1.1,OEEL-1,Accounting/Localizations/Reporting,Odoo S.A.,https://www.odoo.com/app/accounting,True,False,"['l10n_be', 'account_reports']",2,l10n_be;account_reports,,
02_OTHER,l10n_be_reports_client_nihil,__manifest__.py,Belgium - Accounting Reports Client Nihil,1.0,OEEL-1,Accounting/Localizations/Reporting,Odoo S.A.,https://www.odoo.com/app/accounting,True,False,True,1,l10n_be_reports,,
02_OTHER,l10n_be_reports_hr_payroll,__manifest__.py,Belgium - Accounting Reports & Payroll Bridge,1.0,OEEL-1,,Odoo S.A.,,True,False,True,2,l10n_be_reports;l10n_be_hr_payroll,,
02_OTHER,l10n_be_reports_sms,__manifest__.py,Belgium - Accounting Reports - SMS,1.0,OEEL-1,Accounting/Localizations/Reporting,Odoo S.A.,,True,False,True,2,l10n_be_reports;sms,,
02_OTHER,l10n_be_soda,__manifest__.py,Belgium - Import SODA files,1.0,OEEL-1,Accounting/Localizations,Odoo S.A.,https://www.odoo.com/app/accounting,True,False,True,2,accountant;l10n_be,,
02_OTHER,l10n_bf,__manifest__.py,Burkina Faso - Accounting,,LGPL-3,Accounting/Localizations/Account Charts,Odoo S.A.,,True,False,['account'],2,l10n_syscohada;account,,
02_OTHER,l10n_bf_reports,__manifest__.py,Burkina Faso - Accounting Reports,1.0,OEEL-1,,Odoo S.A.,,True,False,True,2,account_reports;l10n_bf,,
02_OTHER,l10n_bg,__manifest__.py,Bulgaria - Accounting,1.0,LGPL-3,Accounting/Localizations/Account Charts,Odoo S.A.,https://www.odoo.com/documentation/latest/applications/finance/fiscal_localizations.html,True,False,['account'],2,account;base_vat,,
02_OTHER,l10n_bg_ledger,__manifest__.py,Bulgaria - Report ledger,1.0,LGPL-3,Accounting/Localizations/Account Charts,Odoo S.A.,,True,False,True,1,l10n_bg,,
02_OTHER,l10n_bg_reports,__manifest__.py,Bulgaria - Accounting Reports,1.0,OEEL-1,Accounting/Localizations/Reporting,Odoo S.A.,,True,False,True,2,l10n_bg;account_reports,,
02_OTHER,l10n_bg_reports_ledger,__manifest__.py,Bulgaria - Accounting Reports Ledger,1.0,OEEL-1,Accounting/Localizations/Reporting,Odoo S.A.,,True,False,True,2,l10n_bg_reports;l10n_bg_ledger,,
02_OTHER,l10n_bh,__manifest__.py,Bahrain - Accounting,1.0,LGPL-3,Accounting/Localizations/Account Charts,Odoo S.A.,,True,False,['account'],2,account;l10n_gcc_invoice,,
02_OTHER,l10n_bh_reports,__manifest__.py,Bahrain - Accounting Reports,1.0,OEEL-1,,Odoo S.A.,,True,False,True,2,account_reports;l10n_bh,,
02_OTHER,l10n_bj,__manifest__.py,Benin - Accounting,,LGPL-3,Accounting/Localizations/Account Charts,Odoo S.A.,,True,False,['account'],2,l10n_syscohada;account,,
02_OTHER,l10n_bj_reports,__manifest__.py,Benin - Accounting Reports,1.0,OEEL-1,,Odoo S.A.,,True,False,True,2,account_reports;l10n_bj,,
02_OTHER,l10n_bo,__manifest__.py,Bolivia - Accounting,2.0,LGPL-3,Accounting/Localizations/Account Charts,Odoo / Cubic ERP,https://www.odoo.com/documentation/latest/applications/finance/fiscal_localizations.html,True,False,['account'],1,account,,
02_OTHER,l10n_bo_reports,__manifest__.py,Bolivia - Accounting Reports,1.0,OEEL-1,Accounting/Localizations/Reporting,Odoo S.A.,,True,False,True,2,l10n_bo;account_reports,,
02_OTHER,l10n_br,__manifest__.py,Brazilian - Accounting,1.1,LGPL-3,Accounting/Localizations/Account Charts,"Akretion, Odoo Brasil",https://www.odoo.com/documentation/latest/applications/finance/fiscal_localizations/brazil.html,True,False,['account'],5,account;account_qr_code_emv;base_address_extended;l10n_latam_base;l10n_latam_invoice_document,,
02_OTHER,l10n_br_avatax,__manifest__.py,Avatax Brazil,1.0,OEEL-1,Accounting/Accounting,Odoo S.A.,,True,False,False,3,iap;l10n_br;account_external_tax,,
02_OTHER,l10n_br_avatax_sale,__manifest__.py,Avatax Brazil Sale,1.0,OEEL-1,Accounting/Accounting,Odoo S.A.,,True,False,True,2,l10n_br_avatax;sale,,
02_OTHER,l10n_br_edi,__manifest__.py,Brazilian Accounting EDI,1.0,OEEL-1,Accounting/Localizations/EDI,Odoo S.A.,,True,False,False,1,l10n_br_avatax,,
02_OTHER,l10n_br_edi_fiscal_reform,__manifest__.py,Avatax Brazil Fiscal Reform,1.0,OEEL-1,Accounting/Accounting,Odoo S.A.,,True,False,True,1,l10n_br_edi,,
02_OTHER,l10n_br_edi_pos,__manifest__.py,Brazilian Accounting EDI for POS,1.0,OEEL-1,Accounting/Localizations/EDI,Odoo S.A.,,True,False,True,2,l10n_br_edi;point_of_sale,,
02_OTHER,l10n_br_edi_pos_fiscal_reform,__manifest__.py,Avatax Brazil POS Fiscal Reform,1.0,OEEL-1,Accounting/Localizations/EDI,Odoo S.A.,,True,False,True,2,l10n_br_edi_fiscal_reform;l10n_br_edi_pos,,
02_OTHER,l10n_br_edi_sale,__manifest__.py,Brazilian Accounting EDI For Sale,1.0,OEEL-1,Accounting/Localizations/EDI,Odoo S.A.,,True,False,True,2,sale_external_tax;l10n_br_edi,,
02_OTHER,l10n_br_edi_sale_fiscal_reform,__manifest__.py,Avatax Brazil Sale Fiscal Reform,1.0,OEEL-1,Accounting/Accounting,Odoo S.A.,,True,False,True,3,l10n_br_edi_sale;l10n_br_avatax_sale;l10n_br_edi_fiscal_reform,,
02_OTHER,l10n_br_edi_stock,__manifest__.py,Brazilian Accounting EDI for stock,1.0,OEEL-1,Accounting/Localizations/EDI,Odoo S.A.,,True,False,True,2,l10n_br_edi;sale_stock,,
02_OTHER,l10n_br_edi_website_sale,__manifest__.py,Brazilian Accounting EDI for eCommerce,1.0,OEEL-1,Accounting/Localizations/EDI,Odoo S.A.,,True,False,True,2,l10n_br_edi_sale;website_sale_external_tax,,
02_OTHER,l10n_br_reports,__manifest__.py,Brazil - Accounting Reports,0.1,OEEL-1,Accounting/Localizations/Reporting,Odoo S.A.,,True,False,"['l10n_br', 'account_reports']",2,l10n_br;account_reports,,
02_OTHER,l10n_br_sale_subscription,__manifest__.py,Brazil - Sale Subscription,1.0,OEEL-1,Sales/Subscriptions,Odoo S.A.,,True,False,True,2,l10n_br;sale_subscription,,
02_OTHER,l10n_br_sales,__manifest__.py,Brazil - Sale,1.0,LGPL-3,Sales/Sales,Odoo S.A.,,True,False,True,2,l10n_br;sale,,
02_OTHER,l10n_br_website_sale,__manifest__.py,Brazil - Website Sale,1.0,LGPL-3,Sales/Sales,Odoo S.A.,,True,False,True,2,l10n_br;website_sale,,
02_OTHER,l10n_br_website_sale_fiscal_reform,__manifest__.py,Avatax Brazil eCommerce Fiscal Reform,1.0,OEEL-1,Accounting/Accounting,Odoo S.A.,,True,False,True,2,l10n_br_edi_fiscal_reform;l10n_br_edi_website_sale,,
02_OTHER,l10n_ca,__manifest__.py,Canada - Accounting,1.1,LGPL-3,Accounting/Localizations/Account Charts,Savoir-faire Linux (https://www.savoirfairelinux.com); Odoo SA,https://www.odoo.com/documentation/latest/applications/finance/fiscal_localizations.html,True,False,['account'],2,account;base_iban,,
02_OTHER,l10n_ca_check_printing,__manifest__.py,Canadian Checks Layout,1.0,OEEL-1,Accounting/Localizations/Check,"Odoo SA, OERP Canada",https://www.odoo.com/app/accounting,True,False,['l10n_ca'],2,account_check_printing;l10n_ca,Print CA Checks,
02_OTHER,l10n_ca_payment_cpa005,__manifest__.py,CPA005 Payments,1.0,OEEL-1,Accounting/Accounting,Odoo S.A.,,True,False,True,2,account_batch_payment;l10n_ca,Export payments as CPA 005 AFT files,
02_OTHER,l10n_ca_reports,__manifest__.py,Canada - Accounting Reports,1.0,OEEL-1,Accounting/Localizations/Reporting,Odoo S.A.,,True,False,True,2,l10n_ca;account_reports,,
02_OTHER,l10n_cd,__manifest__.py,Democratic Republic of the Congo - Accounting,,LGPL-3,Accounting/Localizations/Account Charts,Odoo S.A.,,True,False,['account'],2,l10n_syscohada;account,,
02_OTHER,l10n_cd_reports,__manifest__.py,Democratic Republic of the Congo - Accounting Reports,1.0,OEEL-1,,Odoo S.A.,,True,False,True,2,account_reports;l10n_cd,,
02_OTHER,l10n_cf,__manifest__.py,Central African Republic - Accounting,,LGPL-3,Accounting/Localizations/Account Charts,Odoo S.A.,,True,False,['account'],2,l10n_syscohada;account,,
02_OTHER,l10n_cf_reports,__manifest__.py,Central African Republic - Accounting Reports,1.0,OEEL-1,,Odoo S.A.,,True,False,True,2,account_reports;l10n_cf,,
02_OTHER,l10n_cg,__manifest__.py,Congo - Accounting,,LGPL-3,Accounting/Localizations/Account Charts,Odoo S.A.,,True,False,['account'],2,l10n_syscohada;account,,
02_OTHER,l10n_cg_reports,__manifest__.py,Congo - Accounting Reports,1.0,OEEL-1,,Odoo S.A.,,True,False,True,2,account_reports;l10n_cg,,
02_OTHER,l10n_ch,__manifest__.py,Switzerland - Accounting,11.3,LGPL-3,Accounting/Localizations/Account Charts,Odoo S.A.,https://www.odoo.com/documentation/latest/applications/finance/fiscal_localizations/switzerland.html,True,False,['account'],4,account;account_edi_ubl_cii;base_iban;l10n_din5008,,
02_OTHER,l10n_ch_hr_payroll,__manifest__.py,Switzerland - Swissdec Certified ELM 5.0 - Payroll,1.0,OEEL-1,Human Resources/Payroll,Odoo S.A.,,True,False,['hr_payroll'],4,hr_payroll;hr_work_entry_holidays;hr_payroll_holidays;iap,,
02_OTHER,l10n_ch_hr_payroll_account,__manifest__.py,Switzerland - Payroll with Accounting,1.0,OEEL-1,Human Resources,Odoo,,True,False,True,3,hr_payroll_account;l10n_ch;l10n_ch_hr_payroll,,
02_OTHER,l10n_ch_hr_payroll_elm_transmission_5_3,__manifest__.py,Swissdec Certified Payroll ELM 5.3,1.0,OEEL-1,Human Resources/Payroll,Odoo S.A.,,True,False,['l10n_ch_hr_payroll'],1,l10n_ch_hr_payroll,,
02_OTHER,l10n_ch_pos,__manifest__.py,Swiss - Point of Sale,,LGPL-3,Accounting/Localizations/Point of Sale,Odoo PS,,True,False,True,2,l10n_ch;point_of_sale,,
02_OTHER,l10n_ch_reports,__manifest__.py,Switzerland - Accounting Reports,1.1,OEEL-1,Accounting/Localizations/Reporting,Odoo S.A.,https://www.odoo.com/app/accounting,True,False,"['l10n_ch', 'account_reports']",2,l10n_ch;account_reports,,
02_OTHER,l10n_ci,__manifest__.py,Ivory Coast - Accounting,,LGPL-3,Accounting/Localizations/Account Charts,Odoo S.A.,,True,False,['account'],2,l10n_syscohada;account,,
02_OTHER,l10n_ci_reports,__manifest__.py,Ivory Coast - Accounting Reports,1.0,OEEL-1,,Odoo S.A.,,True,False,True,2,account_reports;l10n_ci,,
02_OTHER,l10n_cl,__manifest__.py,Chile - Accounting,3.1,LGPL-3,Accounting/Localizations/Account Charts,Blanco Martín & Asociados,https://www.odoo.com/documentation/latest/applications/finance/fiscal_localizations/chile.html,True,False,['account'],6,contacts;base_vat;l10n_latam_base;l10n_latam_invoice_document;uom;account,,
02_OTHER,l10n_cl_edi,__manifest__.py,Chile - E-invoicing,1.2,OEEL-1,Accounting/Localizations/EDI,Blanco Martín & Asociados,http://www.bmya.cl,True,False,['l10n_cl'],4,l10n_cl;account_edi;account_debit_note;certificate,,
02_OTHER,l10n_cl_edi_exports,__manifest__.py,Electronic Exports of Goods for Chile,1.0,OEEL-1,Accounting/Localizations/EDI,Blanco Martin y Asociados,https://www.bmya.cl,True,False,False,1,l10n_cl_edi,,
02_OTHER,l10n_cl_edi_factoring,__manifest__.py,Chile - Localization: Factoring Extension,1.0,OEEL-1,Accounting/Localizations/EDI,Blanco Martin y Asociados,https://www.bmya.cl,True,False,['l10n_cl_edi'],1,l10n_cl_edi,,
02_OTHER,l10n_cl_edi_pos,__manifest__.py,Chilean module for Point of Sale,1.0,OEEL-1,Accounting/Localizations/Point of Sale,Odoo S.A.,,True,False,True,2,l10n_cl_edi;point_of_sale,Chilean module for Point of Sale,
02_OTHER,l10n_cl_edi_stock,__manifest__.py,Chile - E-Invoicing Delivery Guide,1.0,OEEL-1,Accounting/Localizations/EDI,Blanco Martín & Asociados,http://blancomartin.cl,True,False,True,3,sale_stock;l10n_cl_edi;stock_account,,
02_OTHER,l10n_cl_edi_website_sale,__manifest__.py,Chilean eCommerce,0.0.1,OEEL-1,Accounting/Localizations/Website,Blanco Martín & Asociados,,True,False,False,2,website_sale;l10n_cl_edi,,
02_OTHER,l10n_cl_reports,__manifest__.py,Chile - Accounting Reports,1.1,OEEL-1,Accounting/Localizations/Reporting,"CubicERP, Blanco Martin y Asociados",http://cubicERP.com,True,False,"['l10n_cl', 'account_reports']",2,l10n_cl;account_reports,,
02_OTHER,l10n_cm,__manifest__.py,Cameroon - Accounting,,LGPL-3,Accounting/Localizations/Account Charts,Odoo S.A.,,True,False,['account'],2,l10n_syscohada;account,,
02_OTHER,l10n_cm_reports,__manifest__.py,Cameroon - Accounting Reports,1.0,OEEL-1,,Odoo S.A.,,True,False,True,2,account_reports;l10n_cm,,
02_OTHER,l10n_cn,__manifest__.py,China - Accounting,1.8,LGPL-3,Accounting/Localizations/Account Charts,openerp-china,https://www.odoo.com/documentation/latest/applications/finance/fiscal_localizations.html,True,False,['account'],2,base;account,,
02_OTHER,l10n_cn_city,__manifest__.py,China - City Data,1.8,LGPL-3,Accounting/Localizations,Jeffery Chen Fan<jeffery9@gmail.com>,,True,False,False,2,l10n_cn;base_address_extended,,
02_OTHER,l10n_cn_reports,__manifest__.py,China - Accounting Reports,1.0,OEEL-1,Accounting/Localizations/Reporting,Odoo S.A.,https://www.odoo.com/app/accounting,True,False,"['l10n_cn', 'account_reports']",2,l10n_cn;account_reports,,
02_OTHER,l10n_co,__manifest__.py,Colombia - Accounting,1.0,LGPL-3,Accounting/Localizations/Account Charts,David Arnold (XOE Solutions),https://www.odoo.com/documentation/latest/applications/finance/fiscal_localizations/colombia.html,True,False,['account'],3,account_debit_note;l10n_latam_base;account,,
02_OTHER,l10n_co_dian,__manifest__.py,Electronic invoicing for Colombia with DIAN,1.1,OEEL-1,Accounting/Localizations/EDI,Odoo S.A.,,True,False,['l10n_co_edi'],3,account_edi_ubl_cii;l10n_co_edi;certificate,Colombian Localization for EDI documents,
02_OTHER,l10n_co_edi,__manifest__.py,Electronic invoicing for Colombia with Carvajal,0.3,OEEL-1,Accounting/Localizations/EDI,Odoo Sa,,True,False,['l10n_co'],4,account_edi;l10n_co;product_unspsc;base_address_extended,Colombian Localization for EDI documents,
02_OTHER,l10n_co_edi_mandate,__manifest__.py,Mandate invoicing for Colombia,1.0,OEEL-1,Accounting/Localizations/EDI,Odoo Sa,,True,False,True,1,l10n_co_dian,Colombian EDI Mandate Invoicing extension,
02_OTHER,l10n_co_edi_pos,__manifest__.py,Electronic invoicing for POS in Colombia,1.0,OEEL-1,Accounting/Localizations/EDI,Odoo S.A.,,True,False,False,3,l10n_co_pos;l10n_co_dian;pos_edi_ubl,Colombian Localization for POS and EDI documents,
02_OTHER,l10n_co_pos,__manifest__.py,Colombian - Point of Sale,1.0,LGPL-3,Accounting/Localizations/Point of Sale,Odoo S.A.,,True,False,True,2,l10n_co;point_of_sale,,
02_OTHER,l10n_co_reports,__manifest__.py,Colombian - Accounting Reports,1.1,OEEL-1,Accounting/Localizations/Reporting,David Arnold (XOE Solutions),https://xoe.solutions,True,False,"['l10n_co', 'account_reports']",2,l10n_co;account_reports,,
02_OTHER,l10n_cr,__manifest__.py,Costa Rica - Accounting,,LGPL-3,Accounting/Localizations/Account Charts,ClearCorp S.A.,https://www.odoo.com/documentation/latest/applications/finance/fiscal_localizations.html,True,False,['account'],1,account,,
02_OTHER,l10n_cy,__manifest__.py,Cyprus - Accounting,1.0,LGPL-3,Accounting/Localizations/Account Charts,Odoo S.A.,,True,False,['account'],3,account;account_edi_ubl_cii;base_vat,,
02_OTHER,l10n_cy_reports,__manifest__.py,Cyprus - Accounting Reports,1.0,OEEL-1,Accounting/Localizations/Reporting,Odoo S.A.,,True,False,"['l10n_cy', 'account_reports']",2,l10n_cy;account_reports,,
02_OTHER,l10n_cz,__manifest__.py,Czech - Accounting,1.1,LGPL-3,Accounting/Localizations/Account Charts,26HOUSE (http://www.26house.com),https://www.odoo.com/documentation/latest/applications/finance/fiscal_localizations.html,True,False,['account'],4,account;account_edi_ubl_cii;base_iban;base_vat,,
02_OTHER,l10n_cz_intrastat,__manifest__.py,Czechian Intrastat Declaration,,OEEL-1,Accounting/Localizations/Reporting,Odoo S.A.,,True,False,False,2,account_intrastat;l10n_cz_reports,,
02_OTHER,l10n_cz_reports,__manifest__.py,Czech Republic- Accounting Reports,1.0,OEEL-1,Accounting/Localizations/Reporting,Odoo S.A.,,True,False,True,2,l10n_cz;account_reports,,
02_OTHER,l10n_de,__manifest__.py,Germany - Accounting,3.0,LGPL-3,Accounting/Localizations/Account Charts,openbig.org (http://www.openbig.org),https://www.odoo.com/documentation/latest/applications/finance/fiscal_localizations/germany.html,True,False,['account'],5,base_iban;base_vat;l10n_din5008;account;account_edi_ubl_cii,,
02_OTHER,l10n_de_intrastat,__manifest__.py,German Intrastat Declaration,1.0,OEEL-1,Accounting/Localizations/Reporting,Odoo S.A.,,True,False,"['l10n_de', 'account_intrastat']",2,l10n_de;account_intrastat,,
02_OTHER,l10n_de_pos_cert,__manifest__.py,Germany - Certification for Point of Sale,0.1,OEEL-1,Accounting/Localizations/Point of Sale,Odoo S.A.,,True,False,True,3,l10n_de;point_of_sale;iap,Germany TSS Regulation,
02_OTHER,l10n_de_pos_res_cert,__manifest__.py,Germany - Certification for Point of Sale of type restaurant,0.1,OEEL-1,Accounting/Localizations/Point of Sale,Odoo S.A.,,True,False,True,2,pos_restaurant;l10n_de_pos_cert,Germany TSS Regulation for restaurant,
02_OTHER,l10n_de_reports,__manifest__.py,Germany - Accounting Reports,1.1,OEEL-1,Accounting/Localizations/Reporting,Odoo S.A.,,True,False,"['l10n_de', 'account_reports']",2,l10n_de;account_reports,,
02_OTHER,l10n_din5008,__manifest__.py,DIN 5008,1.0,LGPL-3,Accounting/Localizations,Odoo S.A.,,True,False,True,1,account,,
02_OTHER,l10n_din5008_account_followup,__manifest__.py,DIN 5008 - Payment Follow-up Management,1.0,OEEL-1,Accounting/Localizations,Odoo SA,,True,False,True,2,l10n_din5008;account_followup,,
02_OTHER,l10n_din5008_expense,__manifest__.py,DIN 5008 - Expenses,1.0,LGPL-3,Accounting/Localizations,Odoo S.A.,,True,False,True,2,l10n_din5008;hr_expense,,
02_OTHER,l10n_din5008_industry_fsm,__manifest__.py,DIN 5008 - Field Service,1.0,OEEL-1,Accounting/Localizations,Odoo SA,,True,False,True,2,l10n_din5008;industry_fsm,,
02_OTHER,l10n_din5008_purchase,__manifest__.py,DIN 5008 - Purchase,,LGPL-3,Accounting/Localizations,Odoo S.A.,,True,False,True,2,l10n_din5008;purchase,,
02_OTHER,l10n_din5008_repair,__manifest__.py,DIN 5008 - Repair,,LGPL-3,Accounting/Localizations,Odoo S.A.,,True,False,True,2,l10n_din5008;repair,,
02_OTHER,l10n_din5008_sale,__manifest__.py,DIN 5008 - Sale,,LGPL-3,Accounting/Localizations,Odoo S.A.,,True,False,True,2,l10n_din5008;sale,,
02_OTHER,l10n_din5008_sale_renting,__manifest__.py,DIN 5008 - Rental,,OEEL-1,Accounting/Localizations,Odoo S.A.,,True,False,True,2,l10n_din5008;sale_renting,,
02_OTHER,l10n_din5008_stock,__manifest__.py,DIN 5008 - Stock,,LGPL-3,Accounting/Localizations,Odoo S.A.,,True,False,True,2,l10n_din5008;stock,,
02_OTHER,l10n_dk,__manifest__.py,Denmark - Accounting,1.4,LGPL-3,Accounting/Localizations/Account Charts,"Odoo House ApS, VK DATA ApS, FlexERP ApS",https://www.odoo.com/documentation/latest/applications/finance/fiscal_localizations.html,True,False,['account'],4,base_iban;base_vat;account;account_edi_ubl_cii,,
02_OTHER,l10n_dk_fik,__manifest__.py,Denmark - FIK Number,1.0,LGPL-3,Accounting/Localizations,Odoo S.A.,,True,False,True,1,l10n_dk,Use FIK Number as Payment reference,
02_OTHER,l10n_dk_intrastat,__manifest__.py,Denmark - Intrastat,1.0,OEEL-1,Accounting/Localizations/Reporting,Odoo S.A.,,True,False,True,2,l10n_dk_reports;account_intrastat,,
02_OTHER,l10n_dk_nemhandel,__manifest__.py,Denmark EDI - Nemhandel,1.0,LGPL-3,Accounting/Localizations/EDI,Odoo S.A.,,True,False,"['account_edi_ubl_cii', 'l10n_dk']",3,account_edi_proxy_client;account_edi_ubl_cii;l10n_dk,This module is used to send/receive documents with Nemhandel,
02_OTHER,l10n_dk_nemhandel_response,__manifest__.py,Nemhandel Business Response,1.0,LGPL-3,Accounting/Localizations/EDI,Odoo S.A.,,True,False,True,1,l10n_dk_nemhandel,This module is used to send/receive responses to documents received/sent with Nemhandel,
02_OTHER,l10n_dk_oioubl,__manifest__.py,Denmark - E-invoicing,0.1,LGPL-3,Accounting/Localizations/EDI,Odoo,,True,False,True,2,account_edi_ubl_cii;l10n_dk,"E-Invoicing, Offentlig Information Online Universal Business Language",
02_OTHER,l10n_dk_reports,__manifest__.py,Denmark - Accounting Reports,1.0,OEEL-1,Accounting/Localizations/Reporting,Odoo House ApS,https://odoohouse.dk,True,False,"['l10n_dk', 'account_reports']",4,l10n_dk;account_reports;account_saft;documents_account,,
02_OTHER,l10n_dk_saft_import,__manifest__.py,Denmark - SAF-T Import,,OEEL-1,Accounting/Localizations,Odoo S.A.,,True,False,True,2,account_saft_import;l10n_dk,Import Accounting Data from SAF-T files,
02_OTHER,l10n_do,__manifest__.py,Dominican Republic - Accounting,2.0,LGPL-3,Accounting/Localizations/Account Charts,Gustavo Valverde - iterativo | Consultores de Odoo (http://iterativo.do),https://www.odoo.com/documentation/latest/applications/finance/fiscal_localizations.html,True,False,['account'],2,account;base_iban,,
02_OTHER,l10n_do_check_printing,__manifest__.py,Dominican Republic - Checks Layout,1.0,OEEL-1,Accounting/Localizations/Check,Odoo S.A.,https://www.odoo.com/app/accounting,True,False,['l10n_do'],2,account_check_printing;l10n_do,Print Dominican Republic Checks,
02_OTHER,l10n_do_reports,__manifest__.py,Dominican Republic - Accounting Reports,1.0,OEEL-1,Accounting/Localizations/Reporting,Odoo S.A.,,True,False,True,2,l10n_do;account_reports,,
02_OTHER,l10n_dz,__manifest__.py,Algeria - Accounting,1.0,LGPL-3,Accounting/Localizations/Account Charts,Osis,https://www.odoo.com/documentation/latest/applications/finance/fiscal_localizations.html,True,False,['account'],2,base_vat;account,,
02_OTHER,l10n_dz_reports,__manifest__.py,Algeria - Accounting Reports,0.1,OEEL-1,Accounting/Localizations/Reporting,Odoo S.A.,,True,False,"['l10n_dz', 'account_reports']",2,l10n_dz;account_reports,,
02_OTHER,l10n_ec,__manifest__.py,Ecuadorian Accounting,3.9,LGPL-3,Accounting/Localizations/Account Charts,TRESCLOUD (https://trescloud.com),https://www.odoo.com/documentation/latest/applications/finance/fiscal_localizations/ecuador.html,True,False,['account'],6,base;base_iban;account_debit_note;l10n_latam_invoice_document;l10n_latam_base;account,,
02_OTHER,l10n_ec_edi,__manifest__.py,Ecuadorian Accounting EDI,1.3,OPL-1,Accounting/Localizations/EDI,TRESCLOUD,,True,False,['l10n_ec'],3,account_edi;certificate;l10n_ec,,
02_OTHER,l10n_ec_edi_pos,__manifest__.py,Ecuadorian Point of Sale,1.0,OEEL-1,Accounting/Localizations/EDI,Odoo S.A.,,True,False,True,2,l10n_ec_edi;point_of_sale,,
02_OTHER,l10n_ec_edi_stock,__manifest__.py,Ecuadorian Delivery Guide,1.1,OPL-1,Accounting/Localizations/EDI,TRESCLOUD,,True,False,True,2,stock_account;l10n_ec_edi,,
02_OTHER,l10n_ec_reports,__manifest__.py,Ecuadorian Accounting Reports,2.0,OPL-1,Accounting/Localizations/Reporting,TRESCLOUD,,True,False,True,2,l10n_ec;account_reports,,
02_OTHER,l10n_ec_reports_ats,__manifest__.py,Ecuador - ATS Report,1.0,OPL-1,Accounting/Localizations/Reporting,TRESCLOUD,,True,False,True,2,l10n_ec_edi;l10n_ec_reports,,
02_OTHER,l10n_ec_sale,__manifest__.py,Ecuador - Sale,1.0,LGPL-3,Accounting/Localizations/Sale,Odoo S.A.,,True,False,True,2,l10n_ec;sale,,
02_OTHER,l10n_ec_stock,__manifest__.py,Ecuador - Stock,1.0,LGPL-3,Accounting/Localizations,Odoo S.A.,,True,False,True,2,l10n_ec;stock,,
02_OTHER,l10n_ee,__manifest__.py,Estonia - Accounting,1.3,LGPL-3,Accounting/Localizations/Account Charts,Odoo SA,https://www.odoo.com/documentation/latest/applications/finance/fiscal_localizations.html,True,False,['account'],2,account;account_edi_ubl_cii,,
02_OTHER,l10n_ee_intrastat,__manifest__.py,Estonia Intrastat Declaration,1.0,OEEL-1,Accounting/Localizations/Reporting,Odoo S.A.,,True,False,False,2,l10n_ee_reports;account_intrastat,,
02_OTHER,l10n_ee_reports,__manifest__.py,Estonia - Accounting Reports,1.0,OEEL-1,Accounting/Localizations/Reporting,Odoo SA,https://www.odoo.com/app/accounting,True,False,"['l10n_ee', 'account_reports']",2,l10n_ee;account_reports,,
02_OTHER,l10n_eg,__manifest__.py,Egypt - Accounting,1.0,LGPL-3,Accounting/Localizations/Account Charts,Odoo S.A.,https://www.odoo.com/documentation/latest/applications/finance/fiscal_localizations/egypt.html,True,False,['account'],1,account,,
02_OTHER,l10n_eg_edi_eta,__manifest__.py,Egypt E-Invoicing,0.2,LGPL-3,account,"Odoo S.A., Plementus",,True,False,False,2,account_edi;l10n_eg,Egypt Tax Authority Invoice Integration,
02_OTHER,l10n_eg_hr_payroll,__manifest__.py,Egypt - Payroll,,OEEL-1,Human Resources/Payroll,Odoo S.A.,,True,False,['hr_payroll'],2,hr_payroll;hr_payroll_holidays,,
02_OTHER,l10n_eg_hr_payroll_account,__manifest__.py,Egypt - Payroll with Accounting,1.0,OEEL-1,Human Resources,Odoo S.A.,,True,False,True,3,hr_payroll_account;l10n_eg;l10n_eg_hr_payroll,,
02_OTHER,l10n_eg_iot,__manifest__.py,Egypt - Internet Of Things,1.0,OEEL-1,Administration/IoT,Odoo S.A.,,True,False,True,2,l10n_eg;iot,,
02_OTHER,l10n_eg_reports,__manifest__.py,Egypt - Accounting Reports,1.0,OEEL-1,,Odoo S.A.,,True,False,True,2,account_reports;l10n_eg,,
02_OTHER,l10n_employment_hero,__manifest__.py,Employment Hero Payroll,1.0,OEEL-1,Accounting,"Odoo S.A.,Inspired Software Pty Limited",https://www.inspiredsoftware.com.au,True,False,False,1,account_accountant,,
02_OTHER,l10n_es,__manifest__.py,Spain - Accounting (PGCE 2008),5.4,LGPL-3,Accounting/Localizations/Account Charts,Spanish Localization Team,https://www.odoo.com/documentation/latest/applications/finance/fiscal_localizations/spain.html,True,False,['account'],4,account;base_iban;base_vat;account_edi_ubl_cii,,
02_OTHER,l10n_es_edi_facturae,__manifest__.py,Spain - Facturae EDI,1.0,LGPL-3,Accounting/Localizations/EDI,Odoo S.A.,https://www.facturae.gob.es/face/Paginas/FACE.aspx,True,False,['l10n_es'],2,certificate;l10n_es,,
02_OTHER,l10n_es_edi_sii,__manifest__.py,Spain - SII EDI Suministro de Libros,1.1,LGPL-3,Accounting/Localizations/EDI,Odoo S.A.,,True,False,False,3,certificate;l10n_es;account_edi,,
02_OTHER,l10n_es_edi_tbai,__manifest__.py,Spain - TicketBAI,1.1,LGPL-3,Accounting/Localizations/EDI,Odoo S.A.,,True,False,False,2,l10n_es;certificate,,
02_OTHER,l10n_es_edi_tbai_pos,__manifest__.py,Spain - Point of Sale + TicketBAI,1.0,LGPL-3,Accounting/Localizations/Point of Sale,Odoo S.A.,,True,False,True,2,l10n_es_edi_tbai;point_of_sale,,
02_OTHER,l10n_es_edi_verifactu,__manifest__.py,Spain - Veri*Factu,1.0,LGPL-3,Accounting/Localizations/EDI,Odoo S.A.,https://www.odoo.com/documentation/latest/applications/finance/fiscal_localizations/spain.html#veri-factu,True,False,False,1,l10n_es,Module for sending Spanish Veri*Factu XML to the AEAT,
02_OTHER,l10n_es_edi_verifactu_pos,__manifest__.py,Spain - Veri*Factu for Point of Sale,1.0,LGPL-3,Accounting/Localizations/Point of Sale,Odoo S.A.,,True,False,True,2,l10n_es_edi_verifactu;point_of_sale,Add Veri*Factu support to Point of Sale,
02_OTHER,l10n_es_intrastat,__manifest__.py,Spain - Intrastat Declaration,,OEEL-1,Accounting/Localizations/Reporting,Odoo S.A.,,True,False,True,2,account_intrastat;l10n_es_reports,,
02_OTHER,l10n_es_pos,__manifest__.py,[Deprecated] Spain - Point of Sale,,LGPL-3,Accounting/Localizations/Point of Sale,Odoo S.A.,,True,False,False,2,point_of_sale;l10n_es,Spanish localization for Point of Sale,
02_OTHER,l10n_es_real_estates,__manifest__.py,Spain - Real Estates,0.1,OEEL-1,Accounting/Localizations,Odoo S.A.,,True,False,False,1,l10n_es_reports,,
02_OTHER,l10n_es_reports,__manifest__.py,Spain - Accounting (PGCE 2008) Reports,4.3,OEEL-1,Accounting/Localizations/Reporting,Spanish Localization Team,https://launchpad.net/openerp-spain,True,False,"['l10n_es', 'account_reports']",2,l10n_es;account_reports,,
02_OTHER,l10n_es_reports_2024,__manifest__.py,Spain - Accounting Reports (2024 Update),1.0,OEEL-1,Accounting/Localization,Odoo S.A.,,True,False,True,1,l10n_es_reports,,
02_OTHER,l10n_es_reports_2025,__manifest__.py,Spain - Accounting Reports (2025 Update),1.0,OEEL-1,Accounting/Localization,Odoo S.A.,,True,False,True,1,l10n_es_reports,,
02_OTHER,l10n_es_sale_amazon,__manifest__.py,Spain - Amazon Connector,1.0,OEEL-1,Sales/Sales,Odoo S.A.,,True,False,True,2,sale_amazon;l10n_es,Bridge module between the Spanish localization and Amazon,
02_OTHER,l10n_et,__manifest__.py,Ethiopia - Accounting,2.0,LGPL-3,Accounting/Localizations/Account Charts,Michael Telahun Makonnen <mmakonnen@gmail.com>,https://www.odoo.com/documentation/latest/applications/finance/fiscal_localizations.html,True,False,['account'],1,account,,
02_OTHER,l10n_et_reports,__manifest__.py,Ethiopia - Accounting Reports,1.0,OEEL-1,,Odoo S.A.,,True,False,True,2,account_reports;l10n_et,,
02_OTHER,l10n_eu_iot_scale_cert,__manifest__.py,LNE electronic scale certification for PoS,1.0,OEEL-1,Sales/Point of Sale,Odoo S.A.,,True,False,False,1,pos_iot,Ensure scale measurements conform to EU certification standards.,
02_OTHER,l10n_eu_oss,__manifest__.py,EU One Stop Shop (OSS),,LGPL-3,Accounting/Localizations,Odoo S.A.,,True,False,False,1,account,,
02_OTHER,l10n_eu_oss_reports,__manifest__.py,EU One Stop Shop (OSS) Reports,,OEEL-1,Accounting/Localizations,Odoo S.A.,,True,False,True,2,account_reports;l10n_eu_oss,,
02_OTHER,l10n_fi,__manifest__.py,Finland - Accounting,13.0.2,LGPL-3,Accounting/Localizations/Account Charts,"Avoin.Systems, Tawasta, Vizucom, Sprintit",https://www.odoo.com/documentation/latest/applications/finance/fiscal_localizations.html,True,False,['account'],4,base_iban;base_vat;account;account_edi_ubl_cii,,
02_OTHER,l10n_fi_intrastat,__manifest__.py,Finnish Intrastat Declaration,1.0,OEEL-1,Accounting/Localizations/Reporting,Odoo S.A.,,True,False,True,2,account_intrastat;l10n_fi_reports,,
02_OTHER,l10n_fi_reports,__manifest__.py,Finland - Accounting Reports,1.1,OEEL-1,Accounting/Localizations/Reporting,Odoo S.A.,,True,False,"['l10n_fi', 'account_reports']",2,l10n_fi;account_reports,,
02_OTHER,l10n_fi_sale,__manifest__.py,Finland - Sale,1.0,LGPL-3,Sales/Sales,Odoo S.A.,,True,False,True,2,l10n_fi;sale,,
02_OTHER,l10n_fr,__manifest__.py,France - Localizations,2.1,LGPL-3,Accounting/Localizations/Account Charts,Odoo S.A.,,True,False,False,1,base,,
02_OTHER,l10n_fr_account,__manifest__.py,France - Accounting,2.3,LGPL-3,Accounting/Localizations/Account Charts,Odoo S.A.,https://www.odoo.com/documentation/latest/applications/finance/fiscal_localizations/france.html,True,False,['account'],5,base_iban;base_vat;account;account_edi_ubl_cii;l10n_fr,,
02_OTHER,l10n_fr_facturx_chorus_pro,__manifest__.py,France - BIS3 integration for Chorus Pro,1.0,LGPL-3,Accounting/Localizations/EDI,Odoo S.A.,,True,False,False,3,account;account_edi_ubl_cii;l10n_fr_account,,
02_OTHER,l10n_fr_fec_import,__manifest__.py,France - FEC Import,,OEEL-1,Accounting/Accounting,Odoo S.A.,,True,False,False,5,account_accountant;base_vat;l10n_fr_account;l10n_fr_reports;account_base_import,Import Accounting Data from FEC files,
02_OTHER,l10n_fr_hr_holidays,__manifest__.py,France - Time Off,1.0,LGPL-3,Human Resources/Time Off,Odoo S.A.,,True,False,['hr_holidays'],1,hr_holidays,Management of leaves for part-time workers in France,
02_OTHER,l10n_fr_hr_payroll,__manifest__.py,French Payroll,,OEEL-1,Human Resources/Payroll,Yannick Buron (SYNERPGY),,True,False,False,1,hr_payroll,,
02_OTHER,l10n_fr_hr_payroll_account,__manifest__.py,France - Payroll with Accounting,,OEEL-1,Human Resources,Odoo S.A.,,True,False,False,3,l10n_fr_hr_payroll;hr_payroll_account;l10n_fr_account,,
02_OTHER,l10n_fr_hr_work_entry_holidays,__manifest__.py,France - Work Entries Time Off,1.0,LGPL-3,,Odoo S.A.,,True,False,['hr_work_entry_holidays'],2,l10n_fr_hr_holidays;hr_work_entry_holidays,Management of leaves for part-time workers in France,
02_OTHER,l10n_fr_intrastat,__manifest__.py,French Intrastat Declaration,,OEEL-1,Accounting/Localizations/Reporting,Odoo S.A.,,True,False,True,2,l10n_fr_account;account_intrastat,,
02_OTHER,l10n_fr_pos_cert,__manifest__.py,France - VAT Anti-Fraud Certification for Point of Sale (CGI 286 I-3 bis),1.1,LGPL-3,Accounting/Localizations/Point of Sale,Odoo S.A.,,True,False,True,2,l10n_fr_account;point_of_sale,,
02_OTHER,l10n_fr_reports,__manifest__.py,France - Accounting Reports,1.2,OEEL-1,Accounting/Localizations/Reporting,Odoo S.A.,,True,False,"['l10n_fr_account', 'account_reports']",2,l10n_fr_account;account_reports,,
02_OTHER,l10n_ga,__manifest__.py,Gabon - Accounting,,LGPL-3,Accounting/Localizations/Account Charts,Odoo S.A.,,True,False,['account'],2,l10n_syscohada;account,,
02_OTHER,l10n_ga_reports,__manifest__.py,Gabon - Accounting Reports,1.0,OEEL-1,,Odoo S.A.,,True,False,True,2,account_reports;l10n_ga,,
02_OTHER,l10n_gcc_invoice,__manifest__.py,Gulf Cooperation Council - Invoice,1.0.1,LGPL-3,Accounting/Localizations,Odoo S.A.,,True,False,False,1,account,,
02_OTHER,l10n_gcc_invoice_stock_account,__manifest__.py,Gulf Cooperation Council WMS Accounting,1.0,LGPL-3,Accounting/Localizations,Odoo S.A.,,True,False,True,2,l10n_gcc_invoice;stock_account,,
02_OTHER,l10n_gcc_pos,__manifest__.py,Gulf Cooperation Council - Point of Sale,,LGPL-3,Accounting/Localizations/Point of Sale,Odoo S.A.,,True,False,True,2,point_of_sale;l10n_gcc_invoice,,
02_OTHER,l10n_gn,__manifest__.py,Guinea - Accounting,,LGPL-3,Accounting/Localizations/Account Charts,Odoo S.A.,,True,False,['account'],2,l10n_syscohada;account,,
02_OTHER,l10n_gn_reports,__manifest__.py,Guinea - Accounting Reports,1.0,OEEL-1,,Odoo S.A.,,True,False,True,2,account_reports;l10n_gn,,
02_OTHER,l10n_gq,__manifest__.py,Guinea Equatorial - Accounting,,LGPL-3,Accounting/Localizations/Account Charts,Odoo S.A.,,True,False,['account'],2,l10n_syscohada;account,,
02_OTHER,l10n_gq_reports,__manifest__.py,Guinea Equatorial - Accounting Reports,1.0,OEEL-1,,Odoo S.A.,,True,False,True,2,account_reports;l10n_gq,,
02_OTHER,l10n_gr,__manifest__.py,Greece - Accounting,,LGPL-3,Accounting/Localizations/Account Charts,"P. Christeas, Odoo S.A.",,True,False,['account'],4,account;base_iban;base_vat;account_edi_ubl_cii,,
02_OTHER,l10n_gr_edi,__manifest__.py,Greece - myDATA,1.0,LGPL-3,Accounting/Localizations,Odoo,,True,False,True,1,l10n_gr,Connect to myDATA API implementation for Greece,
02_OTHER,l10n_gr_reports,__manifest__.py,Greece - Accounting Reports,1.0,OEEL-1,Accounting/Localizations/Reporting,Odoo S.A.,https://www.odoo.com/app/accounting,True,False,"['l10n_gr', 'account_reports']",2,l10n_gr;account_reports,,
02_OTHER,l10n_gt,__manifest__.py,Guatemala - Accounting,3.0,LGPL-3,Accounting/Localizations/Account Charts,José Rodrigo Fernández Menegazzo,https://www.odoo.com/documentation/latest/applications/finance/fiscal_localizations.html,True,False,['account'],2,base;account,,
02_OTHER,l10n_gt_edi,__manifest__.py,Guatemala - E-Invoicing,1.0,LGPL-3,Accounting/Localizations/EDI,Odoo,https://www.odoo.com/documentation/latest/applications/finance/fiscal_localizations.html,True,False,False,4,account_debit_note;account_tax_python;l10n_gt;l10n_latam_base,,
02_OTHER,l10n_gt_edi_pos,__manifest__.py,Guatemalan Accounting EDI for POS,1.0,OEEL-1,Accounting/Localizations/EDI,Odoo S.A.,,True,False,True,2,l10n_gt_edi;point_of_sale,,
02_OTHER,l10n_gw,__manifest__.py,Guinea-Bissau - Accounting,,LGPL-3,Accounting/Localizations/Account Charts,Odoo S.A.,,True,False,['account'],2,l10n_syscohada;account,,
02_OTHER,l10n_gw_reports,__manifest__.py,Guinea-Bissau - Accounting Reports,1.0,OEEL-1,,Odoo S.A.,,True,False,True,2,account_reports;l10n_gw,,
02_OTHER,l10n_hk,__manifest__.py,Hong Kong - Accounting,1.0,LGPL-3,Accounting/Localizations/Account Charts,Odoo S.A.,https://www.odoo.com/documentation/latest/applications/finance/fiscal_localizations/hong_kong.html,True,False,['account'],2,account_qr_code_emv;account,,
02_OTHER,l10n_hk_hr_payroll,__manifest__.py,Hong Kong - Payroll,1.0,OEEL-1,Human Resources/Payroll,Odoo S.A.,,True,False,['hr_payroll'],3,hr_payroll;hr_work_entry_holidays;hr_payroll_holidays,,
02_OTHER,l10n_hk_hr_payroll_account,__manifest__.py,Hong Kong - Payroll with Accounting,1.0,OEEL-1,Human Resources/Payroll,Odoo S.A.,,True,False,True,3,hr_payroll_account;l10n_hk;l10n_hk_hr_payroll,,
02_OTHER,l10n_hk_hr_payroll_empf,__manifest__.py,Hong Kong - Payroll eMPF,,OEEL-1,Human Resources/Payroll,Odoo S.A.,,True,False,['l10n_hk_hr_payroll'],1,l10n_hk_hr_payroll,,
02_OTHER,l10n_hk_reports,__manifest__.py,Hong Kong - Accounting Reports,1.0,OEEL-1,Accounting/Localizations/Reporting,Odoo S.A.,https://www.odoo.com/app/accounting,True,False,"['l10n_hk', 'account_reports']",2,l10n_hk;account_reports,,
02_OTHER,l10n_hn,__manifest__.py,Honduras - Accounting,0.2,LGPL-3,Accounting/Localizations/Account Charts,Salvatore Josue Trimarchi Pinto,https://www.odoo.com/documentation/latest/applications/finance/fiscal_localizations.html,True,False,['account'],2,base;account,,
02_OTHER,l10n_hr,__manifest__.py,Croatia - Accounting (Euro),13.0,LGPL-3,Accounting/Localizations/Account Charts,Odoo S.A.,https://www.odoo.com/documentation/latest/applications/finance/fiscal_localizations.html,True,False,['account'],2,account;base_vat,,
02_OTHER,l10n_hr_edi,__manifest__.py,Croatia - e-invoicing,1.0,OEEL-1,Accounting/Localizations/Reporting,Odoo S.A.,https://www.odoo.com/app/accounting,True,False,False,3,l10n_hr;account_edi_ubl_cii;account_peppol,,
02_OTHER,l10n_hr_intrastat,__manifest__.py,Croatian Intrastat Declaration,,OEEL-1,Accounting/Localizations/Reporting,Odoo S.A.,,True,False,False,2,account_intrastat;l10n_hr_reports,,
02_OTHER,l10n_hr_kuna,__manifest__.py,Croatia - Accounting (Kuna),13.0,LGPL-3,Accounting/Localizations/Account Charts,OpenERP Croatian Community,,True,False,False,1,account,,
02_OTHER,l10n_hr_kuna_reports,__manifest__.py,Croatia (Kuna) - Accounting Reports,1.0,OEEL-1,Accounting/Localizations/Reporting,Odoo S.A.,https://www.odoo.com/app/accounting,True,False,"['l10n_hr_kuna', 'account_reports']",2,l10n_hr_kuna;account_reports,,
02_OTHER,l10n_hr_reports,__manifest__.py,Croatia - Accounting Reports,1.0,OEEL-1,Accounting/Localizations/Reporting,Odoo S.A.,https://www.odoo.com/app/accounting,True,False,"['l10n_hr', 'account_reports']",2,l10n_hr;account_reports,,
02_OTHER,l10n_hu,__manifest__.py,Hungary - Accounting,3.0,LGPL-3,Accounting/Localizations/Account Charts,Odoo S.A.,https://www.odoo.com/documentation/latest/applications/finance/fiscal_localizations.html,True,False,['account'],2,account;base_vat,,
02_OTHER,l10n_hu_edi,__manifest__.py,Hungary - E-invoicing,1.0.0,LGPL-3,Accounting/Localizations/EDI,"DO Tech (OdooTech Zrt.), BDSC Business Consulting Kft. & Odoo S.A.",https://www.odootech.hu,True,False,['l10n_hu'],3,account_debit_note;base_iban;l10n_hu,,
02_OTHER,l10n_hu_reports,__manifest__.py,Hungary - Accounting Reports,1.0,OEEL-1,Accounting/Localizations/Reporting,Odoo S.A.,,True,False,True,2,l10n_hu;account_reports,,
02_OTHER,l10n_id,__manifest__.py,Indonesian - Accounting,1.3,LGPL-3,Accounting/Localizations/Account Charts,vitraining.com,https://www.odoo.com/documentation/latest/applications/finance/fiscal_localizations/indonesia.html,True,False,['account'],3,account;base_iban;base_vat,,
02_OTHER,l10n_id_efaktur_coretax,__manifest__.py,Indonesia E-faktur (Coretax),1.0,LGPL-3,Accounting/Localizations/EDI,Odoo S.A.,,True,False,True,1,l10n_id,,
02_OTHER,l10n_id_hr_payroll,__manifest__.py,Indonesia - Payroll,,OEEL-1,Human Resources/Payroll,Odoo S.A.,,True,False,['hr_payroll'],3,hr_payroll;hr_work_entry_holidays;hr_payroll_holidays,,
02_OTHER,l10n_id_hr_payroll_account,__manifest__.py,Indonesia - Payroll with Accounting,1.0,OEEL-1,Human Resources,Odoo,,True,False,True,3,hr_payroll_account;l10n_id;l10n_id_hr_payroll,,
02_OTHER,l10n_id_pos,__manifest__.py,Indonesia - Point of Sale,1.0,LGPL-3,Accounting/Localizations/Point of Sale,Odoo S.A.,,True,False,True,2,l10n_id;point_of_sale,,
02_OTHER,l10n_ie,__manifest__.py,Ireland - Accounting,2.1,LGPL-3,Accounting/Localizations/Account Charts,Odoo SA,,True,False,['account'],4,account;base_iban;base_vat;account_edi_ubl_cii,,
02_OTHER,l10n_ie_intrastat,__manifest__.py,Irish Intrastat Declaration,,OEEL-1,Accounting/Localizations/Reporting,Odoo S.A.,,True,False,True,2,l10n_ie;account_intrastat,,
02_OTHER,l10n_ie_reports,__manifest__.py,Ireland - Accounting Reports,1.0,OEEL-1,Accounting/Localizations/Reporting,Odoo SA,,True,False,"['l10n_ie', 'account_reports']",2,l10n_ie;account_reports,,
02_OTHER,l10n_il,__manifest__.py,Israel - Accounting,1.1,LGPL-3,Accounting/Localizations/Account Charts,Odoo S.A.,https://www.odoo.com/documentation/latest/applications/finance/fiscal_localizations.html,True,False,['account'],1,account,,
02_OTHER,l10n_il_reports,__manifest__.py,Israel - Accounting Reports,1.0,OEEL-1,Accounting/Localizations/Reporting,Odoo S.A.,https://www.odoo.com/app/accounting,True,False,"['l10n_il', 'account_reports']",2,l10n_il;account_reports,,
02_OTHER,l10n_in,__manifest__.py,Indian - Accounting,2.0,LGPL-3,Accounting/Localizations/Account Charts,Odoo S.A.,https://www.odoo.com/documentation/latest/applications/finance/fiscal_localizations/india.html,True,False,['account'],5,account_tax_python;base_vat;account_debit_note;account;iap,,
02_OTHER,l10n_in_asset,__manifest__.py,India - Accounting Assets,1.0,OEEL-1,Accounting/Localizations/Assets,Odoo S.A.,,True,False,"['l10n_in', 'account_asset']",2,l10n_in;account_asset,,
02_OTHER,l10n_in_edi,__manifest__.py,Indian - E-invoicing,1.03.00,LGPL-3,Accounting/Localizations/EDI,Odoo S.A.,,True,False,False,2,account_edi;l10n_in,,
02_OTHER,l10n_in_edi_gstr,__manifest__.py,Indian - GSTR with E-invoice,,OEEL-1,Accounting/Localizations/Reporting,Odoo S.A.,,True,False,True,2,l10n_in_edi;l10n_in_reports,,
02_OTHER,l10n_in_ewaybill,__manifest__.py,Indian - E-waybill,2.0,LGPL-3,Accounting/Localizations,Odoo S.A.,,True,False,False,1,l10n_in,,
02_OTHER,l10n_in_ewaybill_irn,__manifest__.py,Indian - E-waybill thru IRN,,LGPL-3,Accounting/Localizations,Odoo S.A.,,True,False,True,2,l10n_in_ewaybill;l10n_in_edi,,
02_OTHER,l10n_in_ewaybill_stock,__manifest__.py,Indian - E-waybill Stock,1.1,LGPL-3,Accounting/Localizations/EDI,Odoo S.A.,,True,False,True,2,l10n_in_stock;l10n_in_ewaybill,,
02_OTHER,l10n_in_hr_holidays,__manifest__.py,India - Time Off,1.0,LGPL-3,Human Resources/Time Off,Odoo S.A.,,True,False,['hr_holidays'],1,hr_holidays,Leave Management of Indian Localization,
02_OTHER,l10n_in_hr_payroll,__manifest__.py,Indian Payroll,,OEEL-1,Human Resources/Payroll,Odoo S.A.,,True,False,['hr_payroll'],2,hr_payroll_holidays;hr_payroll,,
02_OTHER,l10n_in_hr_payroll_account,__manifest__.py,India - Payroll with Accounting,,OEEL-1,Human Resources,Odoo S.A.,,True,False,True,3,l10n_in_hr_payroll;hr_payroll_account;l10n_in,,
02_OTHER,l10n_in_pos,__manifest__.py,Indian - Point of Sale,1.0,LGPL-3,Accounting/Localizations/Point of Sale,Odoo S.A.,,True,False,True,2,l10n_in;point_of_sale,,
02_OTHER,l10n_in_pos_urban_piper,__manifest__.py,POS UrbanPiper - India,,OEEL-1,Sales/Point of Sale,Odoo S.A.,,True,False,True,2,l10n_in;pos_urban_piper,,
02_OTHER,l10n_in_purchase_stock,__manifest__.py,India Purchase and Warehouse Management,1.0,LGPL-3,Accounting/Localizations/Purchase,Odoo S.A.,https://www.odoo.com,True,False,True,2,l10n_in_stock;purchase_stock,Get warehouse address if the bill is created from Purchase Order,
02_OTHER,l10n_in_reports,__manifest__.py,Indian - Accounting Reports,1.1,OEEL-1,Accounting/Localizations/Reporting,Odoo S.A.,,True,False,False,6,l10n_in;account_reports;accountant;account_batch_payment;barcodes;account_invoice_extract,,
02_OTHER,l10n_in_reports_gstr_pos,__manifest__.py,Indian - GSTR India eFiling with POS,1.0,OEEL-1,Accounting/Localizations/Reporting,Odoo S.A.,,True,False,True,2,l10n_in_reports;point_of_sale,,
02_OTHER,l10n_in_sale,__manifest__.py,Indian - Sale Report(GST),1.0,LGPL-3,Accounting/Localizations/Sale,Odoo S.A.,,True,False,True,2,l10n_in;sale,,
02_OTHER,l10n_in_sale_stock,__manifest__.py,India Sales and Warehouse Management,0.1,LGPL-3,Accounting/Localizations/Sale,Odoo S.A.,https://www.odoo.com,True,False,True,3,l10n_in_sale;l10n_in_stock;sale_stock,Get warehouse address if the invoice is created from Sale Order,
02_OTHER,l10n_in_stock,__manifest__.py,Indian - Stock Report(GST),1.0,LGPL-3,Accounting/Localizations,Odoo S.A.,,True,False,True,2,l10n_in;stock,,
02_OTHER,l10n_iq,__manifest__.py,Iraq - Accounting,1.0,LGPL-3,Accounting/Localizations/Account Charts,Odoo S.A.,,True,False,['account'],1,account,,
02_OTHER,l10n_it,__manifest__.py,Italy - Accounting,0.9,LGPL-3,Accounting/Localizations/Account Charts,OpenERP Italian Community,https://www.odoo.com/documentation/latest/applications/finance/fiscal_localizations/italy.html,True,False,['account'],4,account;base_iban;base_vat;account_edi_ubl_cii,,
02_OTHER,l10n_it_edi,__manifest__.py,Italy - E-invoicing,0.4,LGPL-3,Accounting/Localizations/EDI,Odoo S.A.,http://www.odoo.com/,True,False,['l10n_it'],3,l10n_it;account_edi_proxy_client;account_debit_note,,
02_OTHER,l10n_it_edi_doi,__manifest__.py,Italy - Declaration of Intent,0.1,LGPL-3,Accounting/Localizations,Odoo S.A.,https://www.odoo.com/documentation/latest/applications/finance/fiscal_localizations/italy.html,True,False,False,2,l10n_it_edi;sale,,
02_OTHER,l10n_it_edi_sale,__manifest__.py,Italy - Sale E-invoicing,1.0,LGPL-3,Accounting/Localizations/EDI,Odoo S.A.,https://www.odoo.com/documentation/latest/applications/finance/fiscal_localizations/italy.html,True,False,True,2,l10n_it_edi;sale,,
02_OTHER,l10n_it_hr_payroll_sd_worx,__manifest__.py,Italy - Payroll - Export to SD Worx,1.0,OEEL-1,Human Resources,Odoo S.A.,,True,False,False,1,hr_payroll,Export Work Entries to SD Worx,
02_OTHER,l10n_it_intrastat,__manifest__.py,Italian Intrastat Declaration,,OEEL-1,Accounting/Localizations/Reporting,Odoo S.A.,,True,False,True,2,account_intrastat;l10n_it_reports,,
02_OTHER,l10n_it_pos,__manifest__.py,Italy - Point of Sale,1.0,OEEL-1,Accounting/Localizations/Point of Sale,Odoo S.A.,,True,False,True,2,l10n_it;point_of_sale,,
02_OTHER,l10n_it_reports,__manifest__.py,Italy - Accounting Reports,1.0,OEEL-1,Accounting/Accounting,Odoo S.A.,,True,False,"['l10n_it', 'account_reports']",2,l10n_it;account_reports,,
02_OTHER,l10n_it_riba,__manifest__.py,Italy - Bank Receipts (Ri.Ba.),0.1,LGPL-3,Accounting/Localizations,Odoo,http://www.odoo.com/,True,False,['l10n_it_edi'],3,l10n_it_edi;base_iban;account_batch_payment,,
02_OTHER,l10n_it_stock_ddt,__manifest__.py,Italy - Stock DDT,0.1,LGPL-3,Accounting/Localizations/EDI,Odoo S.A.,https://www.odoo.com,True,False,True,3,l10n_it_edi;stock_delivery;stock_account,,
02_OTHER,l10n_jo,__manifest__.py,Jordan - Accounting,1.0,LGPL-3,Accounting/Localizations/Account Charts,Odoo S.A.,,True,False,['account'],1,account,,
02_OTHER,l10n_jo_edi,__manifest__.py,Jordan E-Invoicing,1.0,LGPL-3,Accounting/Localizations/EDI,"Odoo S.A., Smart Way Business Solutions",,True,False,['l10n_jo'],2,account_edi_ubl_cii;l10n_jo,Electronic Invoicing for Jordan UBL 2.1,
02_OTHER,l10n_jo_edi_pos,__manifest__.py,Jordan Accounting EDI for POS,1.0,OEEL-1,Accounting/Localizations/EDI,Odoo S.A.,,True,False,True,2,l10n_jo_edi;pos_edi_ubl,,
02_OTHER,l10n_jo_hr_payroll,__manifest__.py,Jordan - Payroll,,OEEL-1,Human Resources/Payroll,Odoo S.A.,,True,False,['hr_payroll'],2,hr_payroll;hr_payroll_holidays,,
02_OTHER,l10n_jo_hr_payroll_account,__manifest__.py,Jordan - Payroll with Accounting,1.0,OEEL-1,Human Resources,Odoo S.A.,,True,False,True,3,hr_payroll_account;l10n_jo;l10n_jo_hr_payroll,,
02_OTHER,l10n_jo_reports,__manifest__.py,Jordan - Accounting Reports,1.0,OEEL-1,,Odoo S.A.,,True,False,True,2,account_reports;l10n_jo,,
02_OTHER,l10n_jp,__manifest__.py,Japan - Accounting,2.3,LGPL-3,Accounting/Localizations/Account Charts,Quartile Limited (https://www.quartile.co/),https://www.odoo.com/documentation/latest/applications/finance/fiscal_localizations.html,True,False,['account'],1,account,,
02_OTHER,l10n_jp_reports,__manifest__.py,Japan - Accounting Reports,1.0,OEEL-1,,Odoo S.A.,,True,False,True,2,account_reports;l10n_jp,,
02_OTHER,l10n_jp_ubl_pint,__manifest__.py,Japan - UBL PINT,1.0,LGPL-3,Accounting/Localizations/EDI,Odoo S.A.,,True,False,False,1,account_edi_ubl_cii,,
02_OTHER,l10n_jp_zengin,__manifest__.py,Japan - Zengin Payment,1.0,OEEL-1,Accounting/Localizations/EDI,Odoo S.A.,,True,False,True,3,l10n_jp;account_batch_payment;account_bank_statement_import,,
02_OTHER,l10n_ke,__manifest__.py,Kenya - Accounting,1.0,LGPL-3,Accounting/Localizations/Account Charts,Odoo S.A.,https://www.odoo.com/documentation/latest/applications/finance/fiscal_localizations/kenya.html,True,False,['account'],1,account,,
02_OTHER,l10n_ke_edi_oscu,__manifest__.py,Kenya eTIMS EDI Integration,1.0,OEEL-1,Accounting/Localizations/EDI,Odoo,,True,False,['l10n_ke'],2,l10n_ke;product_unspsc,Kenya eTIMS Device EDI Integration,
02_OTHER,l10n_ke_edi_oscu_mrp,__manifest__.py,Kenya ETIMS EDI Manufacturing Integration,1.0,OEEL-1,Accounting/Localizations/EDI,Odoo,,True,False,True,2,l10n_ke_edi_oscu_stock;mrp,Kenya eTIMS Device EDI Manufacturing Integration,
02_OTHER,l10n_ke_edi_oscu_pos,__manifest__.py,Kenya - Point of Sale,1.0,OEEL-1,Accounting/Localizations/EDI,Odoo S.A.,,True,False,False,2,l10n_ke_edi_oscu_stock;point_of_sale,,
02_OTHER,l10n_ke_edi_oscu_stock,__manifest__.py,Kenya ETIMS EDI Stock Integration,1.0,OEEL-1,Accounting/Localizations/EDI,Odoo,,True,False,True,4,l10n_ke_edi_oscu;sale_management;purchase_stock;sale_stock,Kenya eTIMS Device EDI Stock Integration,
02_OTHER,l10n_ke_edi_tremol,__manifest__.py,Kenya Tremol Device EDI Integration,1.0,LGPL-3,Accounting/Localizations/EDI,Odoo,,True,False,False,1,l10n_ke,Kenya Tremol Device EDI Integration,
02_OTHER,l10n_ke_hr_payroll,__manifest__.py,Kenya - Payroll,1.0,OEEL-1,Human Resources/Payroll,Odoo S.A.,,True,False,True,3,hr_payroll;hr_work_entry_holidays;hr_payroll_holidays,,
02_OTHER,l10n_ke_hr_payroll_account,__manifest__.py,Kenya - Payroll with Accounting,1.0,OEEL-1,Human Resources,Odoo,,True,False,True,3,hr_payroll_account;l10n_ke;l10n_ke_hr_payroll,,
02_OTHER,l10n_ke_reports,__manifest__.py,Kenya - Accounting Reports,1.0,OEEL-1,Accounting/Localizations/Reporting,Odoo S.A.,,True,False,True,2,l10n_ke;account_reports,,
02_OTHER,l10n_kh,__manifest__.py,Cambodia - Accounting,1.0,LGPL-3,Accounting/Localizations/Account Charts,Odoo S.A.,https://www.odoo.com/documentation/latest/applications/finance/fiscal_localizations.html,True,False,False,2,account_qr_code_emv;l10n_account_withholding_tax,,
02_OTHER,l10n_kh_reports,__manifest__.py,Cambodia - Accounting Reports,1.0,OEEL-1,Accounting/Localizations/Reporting,Odoo S.A.,,True,False,True,2,l10n_kh;account_reports,,
02_OTHER,l10n_km,__manifest__.py,Comoros - Accounting,,LGPL-3,Accounting/Localizations/Account Charts,Odoo S.A.,,True,False,['account'],2,l10n_syscohada;account,,
02_OTHER,l10n_km_reports,__manifest__.py,Comoros - Accounting Reports,1.0,OEEL-1,,Odoo S.A.,,True,False,True,2,account_reports;l10n_km,,
02_OTHER,l10n_kr,__manifest__.py,Republic of Korea - Accounting,1.0,LGPL-3,Accounting/Localizations/Account Charts,Odoo S.A.,,True,False,['account'],1,account,,
02_OTHER,l10n_kr_reports,__manifest__.py,Republic of Korea - Accounting Reports,1.0,OEEL-1,Accounting/Localizations/Reporting,Odoo S.A.,,True,False,True,2,l10n_kr;account_reports,,
02_OTHER,l10n_kw,__manifest__.py,Kuwait - Accounting,1.0,LGPL-3,Accounting/Localizations/Account Charts,Odoo S.A.,,True,False,['account'],2,account;l10n_gcc_invoice,,
02_OTHER,l10n_kz,__manifest__.py,Kazakhstan - Accounting,1.0,LGPL-3,Accounting/Localizations/Account Charts,Odoo S.A.,https://www.odoo.com/documentation/latest/applications/finance/fiscal_localizations.html,True,False,['account'],1,account,,
02_OTHER,l10n_kz_reports,__manifest__.py,Kazakhstan - Accounting Reports,1.0,OEEL-1,Accounting/Localizations/Reporting,Odoo S.A.,,True,False,True,2,l10n_kz;account_reports,,
02_OTHER,l10n_latam_base,__manifest__.py,LATAM Localization Base,1.0,LGPL-3,Accounting/Localizations,"Odoo S.A., ADHOC SA",,True,False,False,2,contacts;base_vat,LATAM Identification Types,
02_OTHER,l10n_latam_check,__manifest__.py,Third Party and Deferred/Electronic Checks Management,1.0.0,LGPL-3,Accounting/Localizations,ADHOC SA,,True,False,False,2,account;base_vat,Checks Management,
02_OTHER,l10n_latam_invoice_document,__manifest__.py,LATAM Document,1.0,LGPL-3,Accounting/Localizations,ADHOC SA,,True,False,False,2,account;account_debit_note,LATAM Document Types,
02_OTHER,l10n_lb_account,__manifest__.py,Lebanon - Accounting,1.0,LGPL-3,Accounting/Localizations/Account Charts,Odoo S.A.,,True,False,['account'],1,account,,
02_OTHER,l10n_lk,__manifest__.py,Sri Lanka - Accounting,1.0,LGPL-3,Accounting/Localizations/Account Charts,Odoo S.A.,https://www.odoo.com/documentation/latest/applications/finance/fiscal_localizations.html,True,False,['account'],2,account;l10n_account_withholding_tax,Provides accounting localizations for Sri Lanka.,
02_OTHER,l10n_lk_reports,__manifest__.py,Sri Lanka - Accounting Reports,1.0,OEEL-1,Accounting/Localizations/Reporting,Odoo S.A.,,True,False,True,2,l10n_lk;account_reports,,
02_OTHER,l10n_lt,__manifest__.py,Lithuania - Accounting,1.0.0,LGPL-3,Accounting/Localizations/Account Charts,Focusate,https://www.odoo.com/documentation/latest/applications/finance/fiscal_localizations.html,True,False,['account'],2,account;account_edi_ubl_cii,,
02_OTHER,l10n_lt_hr_payroll,__manifest__.py,Lithuania - Payroll,1.0,OEEL-1,Human Resources/Payroll,Odoo S.A.,,True,False,['hr_payroll'],3,hr_payroll;hr_work_entry_holidays;hr_payroll_holidays,,
02_OTHER,l10n_lt_hr_payroll_account,__manifest__.py,Lithuania - Payroll with Accounting,1.0,OEEL-1,Human Resources,Odoo,,True,False,True,3,hr_payroll_account;l10n_lt;l10n_lt_hr_payroll,,
02_OTHER,l10n_lt_intrastat,__manifest__.py,Lithuanian Intrastat Declaration,1.0,OEEL-1,Accounting/Localizations/Reporting,Odoo S.A.,,True,False,True,2,l10n_lt;account_intrastat,,
02_OTHER,l10n_lt_reports,__manifest__.py,Lithuania - Accounting Reports,1.0.0,OEEL-1,Accounting/Localizations/Reporting,Focusate,http://www.focusate.eu,True,False,"['l10n_lt', 'account_reports']",2,account_reports;l10n_lt,,
02_OTHER,l10n_lt_saft,__manifest__.py,Lithuanian Standard Audit File for Tax,1.0,OEEL-1,Accounting/Localizations/Reporting,Odoo S.A.,,True,False,True,2,l10n_lt;account_saft,,
02_OTHER,l10n_lt_saft_import,__manifest__.py,Lithuania - SAF-T Import,,OEEL-1,Accounting/Localizations,Odoo S.A.,,True,False,True,2,account_saft_import;l10n_lt,Import Accounting Data from SAF-T files,
02_OTHER,l10n_lu,__manifest__.py,Luxembourg - Accounting,2.2,LGPL-3,Accounting/Localizations/Account Charts,"Odoo S.A., ADN, ACSONE SA/NV",https://www.odoo.com/documentation/latest/applications/finance/fiscal_localizations/luxembourg.html,True,False,['account'],4,account;base_iban;base_vat;account_edi_ubl_cii,,
02_OTHER,l10n_lu_hr_payroll,__manifest__.py,Luxembourg - Payroll,1.0,OEEL-1,Human Resources/Payroll,Odoo S.A.,,True,False,['hr_payroll'],3,hr_payroll;hr_work_entry_holidays;hr_payroll_holidays,,
02_OTHER,l10n_lu_hr_payroll_account,__manifest__.py,Luxembourg - Payroll with Accounting,1.0,OEEL-1,Human Resources,Odoo,,True,False,True,3,hr_payroll_account;l10n_lu;l10n_lu_hr_payroll,,
02_OTHER,l10n_lu_reports,__manifest__.py,Luxembourg - Accounting Reports,1.0,OEEL-1,Accounting/Localizations/Reporting,Odoo S.A.,,True,False,"['l10n_lu', 'account_asset']",4,l10n_lu;account_asset;account_reports;account_saft,,
02_OTHER,l10n_lv,__manifest__.py,Latvia - Accounting,1.0.0,LGPL-3,Accounting/Localizations/Account Charts,"Allegro IT, Chick.Farm",https://allegro.lv,True,False,['account'],3,account;base_vat;account_edi_ubl_cii,,
02_OTHER,l10n_lv_reports,__manifest__.py,Latvia - Accounting Reports,1.0,OEEL-1,Accounting/Localizations/Reporting,Odoo S.A.,,True,False,"['l10n_lv', 'account_reports']",2,l10n_lv;account_reports,,
02_OTHER,l10n_ma,__manifest__.py,Morocco - Accounting,,LGPL-3,Accounting/Localizations/Account Charts,Odoo SA,,True,False,['account'],2,base;account,,
02_OTHER,l10n_ma_hr_payroll,__manifest__.py,Morocco - Payroll,1.0,OEEL-1,Human Resources/Payroll,Odoo S.A.,,True,False,True,1,hr_payroll,,
02_OTHER,l10n_ma_hr_payroll_account,__manifest__.py,Morocco - Payroll with Accounting,,OEEL-1,Human Resources,Odoo S.A.,,True,False,True,3,l10n_ma_hr_payroll;hr_payroll_account;l10n_ma,,
02_OTHER,l10n_ma_reports,__manifest__.py,Morocco - Accounting Reports,1.1,OEEL-1,Accounting/Localizations/Reporting,Odoo S.A.,https://www.odoo.com/app/accounting,True,False,"['l10n_ma', 'account_reports']",2,l10n_ma;account_reports,,
02_OTHER,l10n_mc,__manifest__.py,Monaco - Accounting,,LGPL-3,Accounting/Localizations/Account Charts,Odoo SA,,True,False,['account'],2,l10n_fr_account;account,,
02_OTHER,l10n_ml,__manifest__.py,Mali - Accounting,,LGPL-3,Accounting/Localizations/Account Charts,Odoo S.A.,,True,False,['account'],2,l10n_syscohada;account,,
02_OTHER,l10n_ml_reports,__manifest__.py,Mali - Accounting Reports,1.0,OEEL-1,,Odoo S.A.,,True,False,True,2,account_reports;l10n_ml,,
02_OTHER,l10n_mn,__manifest__.py,Mongolia - Accounting,1.1,LGPL-3,Accounting/Localizations/Account Charts,"BumanIT LLC, Odoo S.A.",https://www.odoo.com/documentation/latest/applications/finance/fiscal_localizations.html,True,False,['account'],1,account,,
02_OTHER,l10n_mn_reports,__manifest__.py,Mongolia - Accounting Reports,1.0,OEEL-1,Accounting/Localizations/Reporting,"BumanIT LLC, Odoo S.A",,True,False,"['l10n_mn', 'account_reports']",2,l10n_mn;account_reports,,
02_OTHER,l10n_mr,__manifest__.py,Mauritania - Accounting,1.0,LGPL-3,Accounting/Localizations/Account Charts,Odoo S.A.,https://www.odoo.com/documentation/master/applications/finance/fiscal_localizations.html,True,False,False,2,account;base_vat,,
02_OTHER,l10n_mr_reports,__manifest__.py,Mauritania - Accounting Reports,1.0,OEEL-1,Accounting/Localizations/Reporting,Odoo S.A.,,True,False,"['l10n_mr', 'account_reports']",2,l10n_mr;account_reports,,
02_OTHER,l10n_mt,__manifest__.py,Malta - Accounting,1.0,LGPL-3,Accounting/Localizations/Account Charts,Odoo S.A.,https://www.odoo.com/documentation/latest/applications/finance/fiscal_localizations.html,True,False,['account'],3,account;base_vat;account_edi_ubl_cii,,
02_OTHER,l10n_mt_pos,__manifest__.py,Malta - Point of Sale,1.0,LGPL-3,Accounting/Localizations/Point of Sale,Odoo S.A.,,True,False,True,1,point_of_sale,,
02_OTHER,l10n_mt_reports,__manifest__.py,Malta - Accounting Reports,1.0,OEEL-1,Accounting/Localizations/Reporting,Odoo S.A.,,True,False,"['l10n_mt', 'account_reports']",2,l10n_mt;account_reports,,
02_OTHER,l10n_mu_account,__manifest__.py,Mauritius - Accounting,1.0,LGPL-3,Accounting/Localizations/Account Charts,Odoo SA,,True,False,['account'],1,account,,
02_OTHER,l10n_mu_reports,__manifest__.py,Mauritius - Accounting Reports,1.0,OEEL-1,,Odoo S.A.,,True,False,True,2,account_reports;l10n_mu_account,,
02_OTHER,l10n_mx,__manifest__.py,Mexico - Accounting,2.3,LGPL-3,Accounting/Localizations/Account Charts,Vauxoo,https://www.odoo.com/documentation/latest/applications/finance/fiscal_localizations/mexico.html,True,False,['account'],1,account,,
02_OTHER,l10n_mx_edi,__manifest__.py,EDI for Mexico,0.3,OEEL-1,Accounting/Localizations/EDI,Odoo S.A.,,True,False,['l10n_mx'],5,account_accountant;l10n_mx;base_vat;product_unspsc;certificate,Mexican Localization for EDI documents,
02_OTHER,l10n_mx_edi_extended,__manifest__.py,EDI for Mexico (Advanced Features),0.1,OEEL-1,Accounting/Localizations/EDI,Odoo S.A.,,True,False,False,2,l10n_mx_edi;base_address_extended,,
02_OTHER,l10n_mx_edi_landing,__manifest__.py,Odoo Mexico Localization for Stock/Landing,1.0,OEEL-1,Accounting/Localizations/EDI,Odoo S.A.,,True,False,False,4,stock_landed_costs;sale_management;sale_stock;l10n_mx_edi_extended,Generate Electronic Invoice with custom numbers,
02_OTHER,l10n_mx_edi_pos,__manifest__.py,Mexican Localization for the Point of Sale,0.1,OEEL-1,Accounting/Localizations/EDI,Odoo S.A.,,True,False,True,2,l10n_mx_edi;point_of_sale,,
02_OTHER,l10n_mx_edi_sale,__manifest__.py,CFDI 4.0 fields for sale orders,1.0,OEEL-1,Accounting/Localizations/EDI,Odoo S.A.,,True,False,True,2,sale;l10n_mx_edi,,
02_OTHER,l10n_mx_edi_stock,__manifest__.py,Mexico - Electronic Delivery Guide,1.2,OEEL-1,Accounting/Localizations/EDI,Odoo S.A.,,True,False,True,4,fleet;stock_delivery;l10n_mx_edi_extended;web_map,,
02_OTHER,l10n_mx_edi_website_sale,__manifest__.py,Mexican Localization for eCommerce,1.0,OEEL-1,Accounting/Localizations/EDI,Odoo S.A.,,True,False,True,2,website_sale;l10n_mx_edi_sale,,
02_OTHER,l10n_mx_hr_payroll,__manifest__.py,Mexico - Payroll,1.0,OEEL-1,Human Resources/Payroll,Odoo S.A.,,True,False,['hr_payroll'],3,hr_payroll;hr_work_entry_holidays;hr_payroll_holidays,,
02_OTHER,l10n_mx_hr_payroll_account,__manifest__.py,Mexico - Payroll with Accounting,1.0,OEEL-1,Human Resources,Odoo,,True,False,True,4,hr_payroll_account;l10n_mx;l10n_mx_hr_payroll;l10n_mx_edi,,
02_OTHER,l10n_mx_hr_payroll_account_edi,__manifest__.py,Mexico - Payroll CFDI,1.0,OEEL-1,Human Resources/Payroll,Odoo S.A.,,True,False,['l10n_mx_hr_payroll_account'],2,l10n_mx_hr_payroll_account;l10n_mx_edi,,
02_OTHER,l10n_mx_reports,__manifest__.py,Odoo Mexican Localization Reports,1.0,OEEL-1,Accounting/Localizations/Reporting,Vauxoo,http://www.vauxoo.com,True,False,"['l10n_mx', 'account_reports']",3,account_reports;l10n_mx;l10n_mx_edi,,
02_OTHER,l10n_mx_reports_closing,__manifest__.py,Mexico - Month 13 Trial Balance,1.0,OEEL-1,Accounting/Localizations/Reporting,Vauxoo / Odoo,http://www.odoo.com,True,False,True,1,l10n_mx_reports,Mexico Month 13 Trial Balance Report,
02_OTHER,l10n_mx_xml_polizas,__manifest__.py,Odoo Mexican XML Polizas Export,0.1,OEEL-1,Accounting/Localizations/Reporting,Odoo,http://www.odoo.com/,True,False,True,2,l10n_mx_reports;l10n_mx_edi,XML Export of the Journal Entries for the Mexican Tax Authorities for a compulsory audit.,
02_OTHER,l10n_my,__manifest__.py,Malaysia - Accounting,1.1,LGPL-3,Accounting/Localizations/Account Charts,Odoo PS,https://www.odoo.com/documentation/latest/applications/finance/fiscal_localizations.html,True,False,['account'],2,account;account_tax_python,,
02_OTHER,l10n_my_edi,__manifest__.py,Malaysia - E-invoicing,1.0,LGPL-3,Accounting/Localizations/EDI,Odoo S.A.,,True,False,False,3,l10n_my;l10n_my_ubl_pint;account_edi_proxy_client,E-invoicing using MyInvois,
02_OTHER,l10n_my_edi_pos,__manifest__.py,Malaysia - E-invoicing (POS),1.0,LGPL-3,Accounting/Localizations/EDI,Odoo S.A.,,True,False,True,2,l10n_my_edi;point_of_sale,Consolidated E-invoicing using MyInvois,
02_OTHER,l10n_my_hr_payroll,__manifest__.py,Malaysia - Payroll,,OEEL-1,Human Resources/Payroll,Odoo S.A.,,True,False,['hr_payroll'],1,hr_payroll,,
02_OTHER,l10n_my_hr_payroll_account,__manifest__.py,Malaysia - Payroll with Accounting,1.0,OEEL-1,Human Resources,Odoo S.A.,,True,False,True,3,hr_payroll_account;l10n_my;l10n_my_hr_payroll,,
02_OTHER,l10n_my_reports,__manifest__.py,Malaysia - Accounting Reports,1.0,OEEL-1,Accounting/Localizations/Reporting,Odoo S.A.,,True,False,True,3,l10n_my;account_followup;account_reports,,
02_OTHER,l10n_my_ubl_pint,__manifest__.py,Malaysia - UBL PINT,1.0,LGPL-3,Accounting/Localizations/EDI,Odoo S.A.,,True,False,False,1,account_edi_ubl_cii,,
02_OTHER,l10n_mz,__manifest__.py,Mozambique - Accounting,1.0,LGPL-3,Accounting/Localizations/Account Charts,Odoo S.A.,https://www.odoo.com/documentation/latest/applications/finance/fiscal_localizations.html,True,False,['account'],2,base;account,,
02_OTHER,l10n_mz_reports,__manifest__.py,Mozambique - Accounting Reports,1.0,OEEL-1,Accounting/Localizations/Reporting,Odoo S.A.,,True,False,True,2,l10n_mz;account_reports,,
02_OTHER,l10n_ne,__manifest__.py,Niger - Accounting,,LGPL-3,Accounting/Localizations/Account Charts,Odoo S.A.,,True,False,['account'],2,l10n_syscohada;account,,
02_OTHER,l10n_ne_reports,__manifest__.py,Niger - Accounting Reports,1.0,OEEL-1,,Odoo S.A.,,True,False,True,2,account_reports;l10n_ne,,
02_OTHER,l10n_ng,__manifest__.py,Nigeria - Accounting,1.0,LGPL-3,Accounting/Localizations/Account Charts,Odoo S.A.,https://www.odoo.com/documentation/latest/applications/finance/fiscal_localizations.html,True,False,['account'],2,base_vat;account,,
02_OTHER,l10n_ng_reports,__manifest__.py,Nigeria - Accounting Reports,1.0,OEEL-1,Accounting/Localizations/Reporting,Odoo SA,https://www.odoo.com/app/accounting,True,False,"['l10n_ng', 'account_reports']",2,l10n_ng;account_reports,,
02_OTHER,l10n_nl,__manifest__.py,Netherlands - Accounting,3.4,LGPL-3,Accounting/Localizations/Account Charts,Onestein (http://www.onestein.eu),https://www.odoo.com/documentation/latest/applications/finance/fiscal_localizations/netherlands.html,True,False,['account'],4,base_iban;base_vat;account;account_edi_ubl_cii,,
02_OTHER,l10n_nl_hr_payroll,__manifest__.py,Netherlands - Payroll,1.0,OEEL-1,Human Resources/Payroll,Odoo S.A.,,True,False,['hr_payroll'],3,hr_payroll;hr_work_entry_holidays;hr_payroll_holidays,,
02_OTHER,l10n_nl_hr_payroll_account,__manifest__.py,Netherlands - Payroll with Accounting,1.0,OEEL-1,Human Resources,Odoo,,True,False,True,3,hr_payroll_account;l10n_nl;l10n_nl_hr_payroll,,
02_OTHER,l10n_nl_intrastat,__manifest__.py,Netherlands Intrastat Declaration,,OEEL-1,Accounting/Localizations/Reporting,Odoo S.A.,,True,False,True,2,l10n_nl_reports;account_intrastat,,
02_OTHER,l10n_nl_reports,__manifest__.py,Netherlands - Accounting Reports,1.5,OEEL-1,Accounting/Localizations/Reporting,Veritos - Jan Verlaan,http://www.veritos.nl,True,False,"['l10n_nl', 'account_reports']",3,l10n_nl;account_reports;certificate,,
02_OTHER,l10n_no,__manifest__.py,Norway - Accounting,2.1,LGPL-3,Accounting/Localizations/Account Charts,Rolv Råen,https://www.odoo.com/documentation/latest/applications/finance/fiscal_localizations.html,True,False,['account'],4,base_iban;base_vat;account;account_edi_ubl_cii,,
02_OTHER,l10n_no_reports,__manifest__.py,Norway - Accounting Reports,1.1,OEEL-1,Accounting/Localizations/Reporting,Odoo S.A.,,True,False,"['l10n_no', 'account_reports']",2,l10n_no;account_reports,,
02_OTHER,l10n_no_saft,__manifest__.py,Norwegian Standard Audit File for Tax,1.2,OEEL-1,Accounting/Localizations/Reporting,Odoo S.A.,,True,False,True,2,l10n_no;account_saft,,
02_OTHER,l10n_nz,__manifest__.py,New Zealand - Accounting,1.2,LGPL-3,Accounting/Localizations/Account Charts,"Odoo S.A., Richard deMeester - Willow IT",https://www.odoo.com/documentation/latest/applications/finance/fiscal_localizations.html,True,False,['account'],1,account,,
02_OTHER,l10n_nz_eft,__manifest__.py,EFT Batch Payment,1.0,OEEL-1,Accounting/Localizations/EDI,"Odoo S.A., Enabling NZ",,True,False,False,2,account_batch_payment;l10n_nz,Export payments as EFT files,
02_OTHER,l10n_nz_reports,__manifest__.py,New Zealand - Accounting Reports,1.0,OEEL-1,,Odoo S.A.,,True,False,True,2,account_reports;l10n_nz,,
02_OTHER,l10n_om,__manifest__.py,Oman - Accounting,1.0,LGPL-3,Accounting/Localizations/Account Charts,Odoo S.A.,,True,False,True,2,account;l10n_gcc_invoice,,
02_OTHER,l10n_om_reports,__manifest__.py,Oman - Accounting Reports,1.0,OEEL-1,Accounting/Localizations/Reporting,Odoo S.A.,,True,False,True,2,l10n_om;account_reports,,
02_OTHER,l10n_pa,__manifest__.py,Panama - Accounting,,LGPL-3,Accounting/Localizations/Account Charts,Cubic ERP,https://www.odoo.com/documentation/latest/applications/finance/fiscal_localizations.html,True,False,['account'],1,account,,
02_OTHER,l10n_pe,__manifest__.py,Peru - Accounting,3.1,LGPL-3,Accounting/Localizations/Account Charts,"Vauxoo, Odoo S.A.",https://www.odoo.com/documentation/latest/applications/finance/fiscal_localizations/peru.html,True,False,['account'],6,base_vat;base_address_extended;l10n_latam_base;l10n_latam_invoice_document;account_debit_note;account,,
02_OTHER,l10n_pe_edi,__manifest__.py,EDI for Peru,0.1,OEEL-1,Accounting/Localizations/EDI,Vauxoo,,True,False,['l10n_pe'],6,iap;l10n_pe;product_unspsc;account_edi;account_edi_ubl_cii;certificate,Electronic Invoicing for Peru (OSE method) and UBL 2.1,
02_OTHER,l10n_pe_edi_pos,__manifest__.py,Peruvian Localization for the Point of Sale,0.1,OEEL-1,Accounting/Localizations/EDI,Odoo S.A.,,True,False,True,2,l10n_pe_edi;point_of_sale,,
02_OTHER,l10n_pe_edi_stock,__manifest__.py,Peruvian - Electronic Delivery Note,0.1,OEEL-1,Accounting/Localizations/EDI,Vauxoo,,True,False,True,2,stock_delivery;l10n_pe_edi,Electronic Delivery Note for Peru (OSE method) and UBL 2.1,
02_OTHER,l10n_pe_pos,__manifest__.py,Peruvian - Point of Sale with Pe Doc,1.0,LGPL-3,Accounting/Localizations/Point of Sale,"Vauxoo, Odoo S.A.",,True,False,True,2,l10n_pe;point_of_sale,,
02_OTHER,l10n_pe_reports,__manifest__.py,Peru - Accounting Reports,1.0,OEEL-1,Accounting/Localizations/Reporting,"Vauxoo, Odoo SA",https://www.odoo.com/app/accounting,True,False,True,2,l10n_pe_edi;account_reports,,
02_OTHER,l10n_pe_reports_lib,__manifest__.py,Peru - Inventory and Balance Reports,1.0,OEEL-1,Accounting/Localizations/Reporting,Odoo S.A.,https://www.odoo.com/app/accounting,True,False,False,4,l10n_pe_edi;account_reports;l10n_pe_reports;l10n_pe_reports_stock,,
02_OTHER,l10n_pe_reports_stock,__manifest__.py,Peru - Stock Reports,1.0,OEEL-1,Accounting/Localizations/Reporting,"Vauxoo, Odoo SA",https://www.odoo.com/app/accounting,True,False,False,3,l10n_pe_edi;purchase;sale_stock,,
02_OTHER,l10n_ph,__manifest__.py,Philippines - Accounting,1.1,LGPL-3,Accounting/Localizations/Account Charts,Odoo PS,https://www.odoo.com/documentation/latest/applications/finance/fiscal_localizations/philippines.html,True,False,['account'],3,account;base_vat;l10n_account_withholding_tax,This is the module to manage the accounting chart for The Philippines.,
02_OTHER,l10n_ph_check_printing,__manifest__.py,Philippines Checks Layout,1.0,OEEL-1,Accounting/Localizations/Check,Odoo S.A.,https://www.odoo.com/app/accounting,True,False,['l10n_ph'],2,account_check_printing;l10n_ph,Print PH Checks,
02_OTHER,l10n_ph_reports,__manifest__.py,Philippines - Accounting Reports,1.0,OEEL-1,Accounting/Localizations/Reporting,Odoo S.A.,,True,False,True,2,l10n_ph;account_reports,Accounting reports for the Philippines,
02_OTHER,l10n_pk,__manifest__.py,Pakistan - Accounting,1.1,LGPL-3,Accounting/Localizations/Account Charts,Odoo S.A.,https://www.odoo.com/documentation/latest/applications/finance/fiscal_localizations.html,True,False,['account'],1,account,,
02_OTHER,l10n_pk_hr_payroll,__manifest__.py,Pakistan - Payroll,,OEEL-1,Human Resources/Payroll,Odoo S.A.,,True,False,['hr_payroll'],1,hr_payroll,,
02_OTHER,l10n_pk_hr_payroll_account,__manifest__.py,Pakistan - Payroll with Accounting,1.0,OEEL-1,Human Resources,Odoo S.A.,,True,False,True,3,hr_payroll_account;l10n_pk;l10n_pk_hr_payroll,,
02_OTHER,l10n_pk_reports,__manifest__.py,Pakistan - Accounting Reports,1.0,OEEL-1,Accounting/Localizations/Reporting,Odoo S.A.,,True,False,"['l10n_pk', 'account_reports']",2,l10n_pk;account_reports,,
02_OTHER,l10n_pl,__manifest__.py,Poland - Accounting,2.1,LGPL-3,Accounting/Localizations/Account Charts,"Odoo S.A., Grzegorz Grzelak (OpenGLOBE) (http://www.openglobe.pl)",https://www.odoo.com/documentation/latest/applications/finance/fiscal_localizations.html,True,False,['account'],4,base_iban;base_vat;account;account_edi_ubl_cii,,
02_OTHER,l10n_pl_edi,__manifest__.py,Polish E-Invoicing FA(3),,LGPL-3,Accounting/Localizations,Odoo S.A.,,True,False,['l10n_pl'],2,l10n_pl;certificate,Support for FA(3) electronic invoices in Poland via KSeF,
02_OTHER,l10n_pl_hr_payroll,__manifest__.py,Poland - Payroll,1.0,OEEL-1,Human Resources/Payroll,Odoo S.A.,,True,False,['hr_payroll'],3,hr_payroll;hr_work_entry_holidays;hr_payroll_holidays,,
02_OTHER,l10n_pl_hr_payroll_account,__manifest__.py,Poland - Payroll with Accounting,1.0,OEEL-1,Human Resources,Odoo,,True,False,True,3,hr_payroll_account;l10n_pl;l10n_pl_hr_payroll,,
02_OTHER,l10n_pl_intrastat,__manifest__.py,Polish Intrastat Declaration,,OEEL-1,Accounting/Localizations/Reporting,Odoo S.A.,,True,False,True,2,account_intrastat;l10n_pl_reports,,
02_OTHER,l10n_pl_reports,__manifest__.py,Poland - Accounting Reports,1.0,OEEL-1,Accounting/Localizations/Reporting,Odoo S.A.,https://www.odoo.com/app/accounting,True,False,True,2,l10n_pl;account_reports,,
02_OTHER,l10n_pl_reports_account_saft,__manifest__.py,Poland - SAFT Income Tax Report (JPK KR PD),1.0,OEEL-1,Accounting/Localizations/Reporting,Odoo S.A.,https://www.odoo.com/app/accounting,True,False,True,2,l10n_pl_reports;account_saft,,
02_OTHER,l10n_pl_reports_jpk_fa,__manifest__.py,Poland - JPK FA Reports,1.0,OEEL-1,Accounting/Localizations/Reporting,Odoo S.A.,https://www.odoo.com/app/accounting,True,False,True,4,l10n_pl;l10n_pl_edi;account_reports;base_address_extended,,
02_OTHER,l10n_pl_reports_pos_jpk,__manifest__.py,Poland - JPK_VAT PoS Enterprise,1.0,OEEL-1,Accounting/Localizations/Reporting,Odoo S.A.,,True,False,True,2,l10n_pl_reports;point_of_sale,,
02_OTHER,l10n_pt,__manifest__.py,Portugal - Accounting,1.0,LGPL-3,Accounting/Localizations/Account Charts,Odoo,https://www.odoo.com/documentation/latest/applications/finance/fiscal_localizations.html,True,False,['account'],4,base;account;base_vat;account_edi_ubl_cii,,
02_OTHER,l10n_pt_intrastat,__manifest__.py,Portuguese Intrastat Declaration,,OEEL-1,Accounting/Localizations/Reporting,Odoo S.A.,,True,False,True,2,l10n_pt;account_intrastat,,
02_OTHER,l10n_pt_reports,__manifest__.py,Portugal - Accounting Reports,1.0,OEEL-1,Accounting/Localizations/Reporting,Odoo S.A.,,True,False,"['l10n_pt', 'account_reports']",2,l10n_pt;account_reports,,
02_OTHER,l10n_qa,__manifest__.py,Qatar - Accounting,1.0,LGPL-3,Accounting/Localizations/Account Charts,Odoo S.A.,,True,False,['account'],2,account;l10n_gcc_invoice,,
02_OTHER,l10n_ro,__manifest__.py,Romania - Accounting,1.1,LGPL-3,Accounting/Localizations/Account Charts,"Fekete Mihai (NextERP Romania SRL), Odoo S.A.",https://www.odoo.com/documentation/latest/applications/finance/fiscal_localizations/romania.html,True,False,['account'],3,account;base_vat;account_edi_ubl_cii,,
02_OTHER,l10n_ro_cpv_code,__manifest__.py,Romania - CPV Code,1.0,LGPL-3,Hidden,Odoo,,True,False,False,1,l10n_ro_edi,,
02_OTHER,l10n_ro_edi,__manifest__.py,Romania - E-invoicing,1.0,LGPL-3,Accounting/Localizations/EDI,Odoo,,True,False,True,2,account_edi_ubl_cii;l10n_ro,E-Invoice implementation for Romania,
02_OTHER,l10n_ro_edi_stock,__manifest__.py,Romania - E-Transport,1.0,LGPL-3,Accounting/Localizations/EDI,Odoo S.A.,,True,False,False,3,stock_delivery;l10n_ro_edi;stock_picking_batch,,
02_OTHER,l10n_ro_edi_stock_batch,__manifest__.py,Romania - E-Transport Batch Pickings,1.0,LGPL-3,Accounting/Localizations/EDI,Odoo S.A.,,True,False,True,2,l10n_ro_edi_stock;stock_picking_batch,,
02_OTHER,l10n_ro_hr_payroll,__manifest__.py,Romania - Payroll,1.0,OEEL-1,Human Resources/Payroll,Odoo S.A.,,True,False,['hr_payroll'],3,hr_payroll;hr_work_entry_holidays;hr_payroll_holidays,,
02_OTHER,l10n_ro_hr_payroll_account,__manifest__.py,Romania - Payroll with Accounting,1.0,OEEL-1,Human Resources/Payroll,Odoo S.A.,,True,False,True,3,hr_payroll_account;l10n_ro;l10n_ro_hr_payroll,,
02_OTHER,l10n_ro_intrastat,__manifest__.py,Romania - Intrastat Declaration,1.0,OEEL-1,Accounting/Localizations/Reporting,Odoo S.A.,,True,False,True,2,account_intrastat;l10n_ro_reports,,
02_OTHER,l10n_ro_reports,__manifest__.py,Romania - Accounting Reports,1.0,OEEL-1,Accounting/Localizations/Reporting,Odoo S.A.,https://www.odoo.com/app/accounting,True,False,True,2,l10n_ro;account_reports,,
02_OTHER,l10n_ro_saft,__manifest__.py,Romanian SAF-T Export,1.0,OEEL-1,Accounting/Localizations/Reporting,Odoo S.A.,,True,False,True,3,l10n_ro;account_saft;account_asset,,
02_OTHER,l10n_ro_saft_import,__manifest__.py,Romania - SAF-T Import,,OEEL-1,Accounting/Localizations,Odoo S.A.,,True,False,True,2,account_saft_import;l10n_ro_saft,Import Accounting Data from SAF-T files,
02_OTHER,l10n_ro_saft_stock,__manifest__.py,Romanian SAF-T Export (Stocks),1.0,OEEL-1,Accounting/Localizations/Reporting,Odoo S.A.,,True,False,"['l10n_ro_saft', 'stock_account']",3,account_edi_ubl_cii;l10n_ro_saft;stock_account,,
02_OTHER,l10n_rs,__manifest__.py,Serbia - Accounting,1.0,LGPL-3,Accounting/Localizations/Account Charts,"Modoolar, Odoo S.A.",https://www.odoo.com/documentation/latest/applications/finance/fiscal_localizations.html,True,False,['account'],2,account;base_vat,,
02_OTHER,l10n_rs_edi,__manifest__.py,Serbia - eFaktura E-invoicing,1.0,LGPL-3,Accounting/Localizations/EDI,Odoo,,True,False,True,2,account_edi_ubl_cii;l10n_rs,E-Invoice implementation for Serbia,
02_OTHER,l10n_rs_reports,__manifest__.py,Serbia - Accounting Reports,1.0,OEEL-1,Accounting/Localizations/Reporting,"Modoolar, Odoo S.A.",,True,False,True,2,l10n_rs;account_reports,,
02_OTHER,l10n_rw,__manifest__.py,Rwanda - Accounting,1.0,LGPL-3,Accounting/Localizations/Account Charts,Odoo S.A.,,True,False,['account'],1,account,,
02_OTHER,l10n_rw_reports,__manifest__.py,Rwanda - Accounting Reports,1.0,OEEL-1,Accounting/Localizations/Reporting,Odoo S.A.,https://www.odoo.com/app/accounting,True,False,True,2,l10n_rw;account_reports,,
02_OTHER,l10n_sa,__manifest__.py,Saudi Arabia - Accounting,2.2,LGPL-3,Accounting/Localizations/Account Charts,Odoo S.A.,https://www.odoo.com/documentation/latest/applications/finance/fiscal_localizations/saudi_arabia.html,True,False,['account'],3,l10n_gcc_invoice;account;account_debit_note,,
02_OTHER,l10n_sa_edi,__manifest__.py,Saudi Arabia - E-invoicing,0.3,LGPL-3,Accounting/Localizations/EDI,Odoo S.A.,,True,False,False,5,account_edi;account_edi_ubl_cii;l10n_sa;base_vat;certificate,"E-Invoicing, Universal Business Language",
02_OTHER,l10n_sa_edi_pos,__manifest__.py,Saudi Arabia - E-invoicing (Simplified),0.2,LGPL-3,Accounting/Localizations/EDI,Odoo S.A.,,True,False,False,2,l10n_sa_pos;l10n_sa_edi,"ZATCA E-Invoicing, support for PoS",
02_OTHER,l10n_sa_hr_payroll,__manifest__.py,Saudi Arabia - Payroll,,OEEL-1,Human Resources/Payroll,Odoo S.A.,,True,False,['hr_payroll'],2,hr_payroll;hr_work_entry_holidays,,
02_OTHER,l10n_sa_hr_payroll_account,__manifest__.py,Saudi Arabia - Payroll with Accounting,1.0,OEEL-1,Human Resources,Odoo S.A.,,True,False,True,3,hr_payroll_account;l10n_sa;l10n_sa_hr_payroll,,
02_OTHER,l10n_sa_pos,__manifest__.py,Saudi Arabia - Point of Sale,,LGPL-3,Accounting/Localizations/Point of Sale,Odoo S.A.,,True,False,True,2,l10n_gcc_pos;l10n_sa,,
02_OTHER,l10n_sa_reports,__manifest__.py,Saudi Arabia - Accounting Reports,1.0,OEEL-1,,Odoo S.A.,,True,False,True,2,account_reports;l10n_sa,,
02_OTHER,l10n_sa_withholding_tax,__manifest__.py,Saudi Arabia - Withholding Tax,,LGPL-3,Accounting/Localizations/Account Charts,Odoo S.A.,https://www.odoo.com/documentation/master/applications/finance/fiscal_localizations/saudi_arabia.html,True,False,['l10n_sa'],2,l10n_account_withholding_tax;l10n_sa,,
02_OTHER,l10n_se,__manifest__.py,Sweden - Accounting,1.1,LGPL-3,Accounting/Localizations/Account Charts,"XCLUDE, Odoo S.A.",https://www.odoo.com/documentation/latest/applications/finance/fiscal_localizations.html,True,False,['account'],3,account;base_vat;account_edi_ubl_cii,,
02_OTHER,l10n_se_bban,__manifest__.py,BBAN Plusgiro Bankgiro,1.0,OEEL-1,Accounting/Localizations,XCLUDE,,True,False,['l10n_se'],2,account_iso20022;l10n_se,Implements BBAN Plusgiro Bankgiro,
02_OTHER,l10n_se_pos,__manifest__.py,Sweden Registered Cash Register,1.0,OEEL-1,Sales/Point Of Sale,Odoo S.A.,,True,False,False,3,pos_restaurant;pos_iot;l10n_se,Implements the registered cash system,
02_OTHER,l10n_se_reports,__manifest__.py,Sweden - Accounting Reports,1.0,OEEL-1,Accounting/Localizations/Reporting,"XCLUDE, Linserv, Odoo SA",https://www.odoo.com/app/accounting,True,False,"['l10n_se', 'account_reports']",2,l10n_se;account_reports,,
02_OTHER,l10n_se_returns,__manifest__.py,Sweden - Accounting Returns,1.0,OEEL-1,Accounting/Localizations/Reporting,Odoo S.A.,https://www.odoo.com/app/accounting,True,False,True,1,l10n_se_reports,,
02_OTHER,l10n_se_sie4_export,__manifest__.py,Sweden - SIE 4 Export,1.0,OEEL-1,Accounting/Accounting,Odoo S.A.,,True,False,True,3,account_base_import;account_reports;l10n_se,Export Accounting Data to SIE 4 files,
02_OTHER,l10n_se_sie4_import,__manifest__.py,Sweden - SIE 4 Import,1.0,OEEL-1,Accounting/Accounting,Odoo S.A.,,True,False,False,2,account_base_import;l10n_se,Import Accounting Data from SIE 4 files,
02_OTHER,l10n_se_sie_import,__manifest__.py,Sweden - SIE 5 Import,1.0,OEEL-1,Accounting/Accounting,Odoo S.A.,,True,False,False,2,account_base_import;l10n_se,Import Accounting Data from SIE 5 files,
02_OTHER,l10n_sg,__manifest__.py,Singapore - Accounting,2.2,LGPL-3,Accounting/Localizations/Account Charts,Tech Receptives,https://www.odoo.com/documentation/latest/applications/finance/fiscal_localizations/singapore.html,True,False,['account'],2,account_qr_code_emv;account,,
02_OTHER,l10n_sg_reports,__manifest__.py,Singapore - Accounting Reports,1.1,OEEL-1,Accounting/Localizations/Reporting,Tech Receptives,,True,False,"['l10n_sg', 'account_reports']",2,l10n_sg;account_reports,,
02_OTHER,l10n_sg_ubl_pint,__manifest__.py,Singapore - UBL PINT,1.0,LGPL-3,Accounting/Localizations/EDI,Odoo S.A.,,True,False,False,1,account_edi_ubl_cii,,
02_OTHER,l10n_si,__manifest__.py,Slovenian - Accounting,1.1,LGPL-3,Accounting/Localizations/Account Charts,Odoo S.A.,https://www.odoo.com/documentation/latest/applications/finance/fiscal_localizations.html,True,False,['account'],3,account;base_vat;account_edi_ubl_cii,,
02_OTHER,l10n_si_intrastat,__manifest__.py,Slovenian Intrastat Declaration,,OEEL-1,Accounting/Localizations/Reporting,Odoo S.A.,,True,False,True,2,account_intrastat;l10n_si_reports,,
02_OTHER,l10n_si_reports,__manifest__.py,Slovenia - Accounting Reports,1.0,OEEL-1,Accounting/Localizations/Reporting,Odoo S.A.,,True,False,True,2,l10n_si;account_reports,,
02_OTHER,l10n_sk,__manifest__.py,Slovak - Accounting,1.0,LGPL-3,Accounting/Localizations/Account Charts,26HOUSE (http://www.26house.com),https://www.odoo.com/documentation/latest/applications/finance/fiscal_localizations.html,True,False,['account'],3,base_iban;base_vat;account,,
02_OTHER,l10n_sk_hr_payroll,__manifest__.py,Slovakia - Payroll,1.0,OEEL-1,Human Resources/Payroll,Odoo S.A.,,True,False,['hr_payroll'],3,hr_payroll;hr_work_entry_holidays;hr_payroll_holidays,,
02_OTHER,l10n_sk_hr_payroll_account,__manifest__.py,Slovakia - Payroll with Accounting,1.0,OEEL-1,Human Resources,Odoo,,True,False,True,3,hr_payroll_account;l10n_sk;l10n_sk_hr_payroll,,
02_OTHER,l10n_sk_reports,__manifest__.py,Slovakia - Accounting Reports,,OEEL-1,Accounting/Localizations/Reporting,Odoo S.A.,,True,False,True,2,l10n_sk;account_reports,,
02_OTHER,l10n_sn,__manifest__.py,Sénégal - Accounting,,LGPL-3,Accounting/Localizations/Account Charts,Odoo S.A.,,True,False,['account'],2,l10n_syscohada;account,,
02_OTHER,l10n_sn_reports,__manifest__.py,Sénégal - Accounting Reports,1.0,OEEL-1,,Odoo S.A.,,True,False,True,2,account_reports;l10n_sn,,
02_OTHER,l10n_syscohada,__manifest__.py,OHADA - Accounting,,LGPL-3,Accounting/Localizations/Account Charts,Odoo S.A.,http://biblio.ohada.org/pmb/opac_css/doc_num.php?explnum_id=2063,True,False,False,1,account,,
02_OTHER,l10n_syscohada_reports,__manifest__.py,OHADA (révisé) - Accounting Reports,1.0,OEEL-1,Accounting/Localizations/Reporting,"Optesis, Odoo",,True,False,True,2,l10n_syscohada;account_reports,,
02_OTHER,l10n_td,__manifest__.py,Tchad - Accounting,,LGPL-3,Accounting/Localizations/Account Charts,Odoo S.A.,,True,False,['account'],2,l10n_syscohada;account,,
02_OTHER,l10n_td_reports,__manifest__.py,Tchad - Accounting Reports,1.0,OEEL-1,,Odoo S.A.,,True,False,True,2,account_reports;l10n_td,,
02_OTHER,l10n_test_pos_qr_payment,__manifest__.py,POS QR Tests,1.0,LGPL-3,Sales/Point of Sale,Odoo S.A.,,True,False,False,6,point_of_sale;account_qr_code_sepa;l10n_be;l10n_ch;l10n_hk;l10n_br,,
02_OTHER,l10n_test_website_sale,__manifest__.py,Test - Ecommerce & Accouting Localizations,1.0,LGPL-3,Hidden,Odoo S.A.,,True,False,False,5,l10n_br;l10n_co_edi;l10n_ec;l10n_it_edi;website_sale,Shop address Test for different countries,
02_OTHER,l10n_tg,__manifest__.py,Togo - Accounting,,LGPL-3,Accounting/Localizations/Account Charts,Odoo S.A.,,True,False,['account'],2,l10n_syscohada;account,,
02_OTHER,l10n_tg_reports,__manifest__.py,Togo - Accounting Reports,1.0,OEEL-1,,Odoo S.A.,,True,False,True,2,account_reports;l10n_tg,,
02_OTHER,l10n_th,__manifest__.py,Thailand - Accounting,2.0,LGPL-3,Accounting/Localizations/Account Charts,Almacom (http://almacom.co.th/),https://www.odoo.com/documentation/latest/applications/finance/fiscal_localizations/thailand.html,True,False,['account'],2,account_qr_code_emv;account,,
02_OTHER,l10n_th_reports,__manifest__.py,Thailand - Accounting Reports,1.0,OEEL-1,Accounting,Odoo PS,,True,False,True,2,l10n_th;account_reports,,
02_OTHER,l10n_tn,__manifest__.py,Tunisia - Accounting,1.0,LGPL-3,Accounting/Localizations/Account Charts,Odoo S.A.,,True,False,['account'],1,account,,
02_OTHER,l10n_tn_reports,__manifest__.py,Tunisia - Accounting Reports,1.0,OEEL-1,Accounting/Localizations/Reporting,Odoo S.A.,,True,False,"['l10n_tn', 'account_reports']",2,l10n_tn;account_reports,,
02_OTHER,l10n_tr,__manifest__.py,Türkiye - Accounting,1.3,LGPL-3,Accounting/Localizations/Account Charts,"Odoo S.A., Drysharks Consulting and Trading Ltd.",,True,False,['account'],1,account,,
02_OTHER,l10n_tr_hr_payroll,__manifest__.py,Türkiye - Payroll,,OEEL-1,Human Resources/Payroll,Odoo S.A.,,True,False,['hr_payroll'],1,hr_payroll,,
02_OTHER,l10n_tr_hr_payroll_account,__manifest__.py,Türkiye - Payroll with Accounting,1.0,OEEL-1,Human Resources,Odoo S.A.,,True,False,True,3,hr_payroll_account;l10n_tr;l10n_tr_hr_payroll,,
02_OTHER,l10n_tr_nilvera,__manifest__.py,Türkiye - Nilvera,1.0,LGPL-3,Accounting/Accounting,Odoo S.A.,,True,False,False,1,l10n_tr,,
02_OTHER,l10n_tr_nilvera_base_vat,__manifest__.py,Türkiye - Nilvera/Base VAT,1.0,LGPL-3,Accounting/Accounting,Odoo S.A.,,True,False,True,2,l10n_tr_nilvera;base_vat,,
02_OTHER,l10n_tr_nilvera_edispatch,__manifest__.py,Türkiye - e-Irsaliye (e-Dispatch),1.0,LGPL-3,Accounting/Localizations,Odoo S.A.,,True,False,False,2,l10n_tr_nilvera;stock,,
02_OTHER,l10n_tr_nilvera_einvoice,__manifest__.py,Türkiye - Nilvera E-Invoice,1.0,LGPL-3,Accounting/Accounting,Odoo S.A.,,True,False,['l10n_tr_nilvera'],2,l10n_tr_nilvera;account_edi_ubl_cii,,
02_OTHER,l10n_tr_nilvera_einvoice_extended,__manifest__.py,Türkiye - Nilvera E-Invoice Extended,1.0,LGPL-3,Accounting/Accounting,Odoo S.A.,,True,False,['l10n_tr_nilvera_einvoice'],2,l10n_tr_nilvera_einvoice;contacts,,
02_OTHER,l10n_tr_reports,__manifest__.py,Türkiye - Accounting Reports,1.0,OEEL-1,Accounting/Localizations/Reporting,Odoo S.A.,,True,False,True,2,l10n_tr;account_reports,,
02_OTHER,l10n_tw,__manifest__.py,Taiwan - Accounting,1.0,LGPL-3,Accounting/Localizations/Account Charts,Odoo PS,https://www.odoo.com/documentation/latest/applications/finance/fiscal_localizations.html,True,False,['account'],2,account;base_address_extended,,
02_OTHER,l10n_tw_edi_ecpay,__manifest__.py,Taiwan - E-invoicing,1.0,LGPL-3,Accounting/Localizations/EDI,Odoo S.A.,https://www.odoo.com,True,False,False,2,l10n_tw;base_vat,E-invoicing using ECpay,
02_OTHER,l10n_tw_edi_ecpay_website_sale,__manifest__.py,Taiwan - E-invoicing Ecommerce,,LGPL-3,Website Sale/Localizations/EDI,Odoo S.A.,https://www.odoo.com,True,False,True,2,website_sale;l10n_tw_edi_ecpay,ECpay E-invoice bridge module for Ecommerce,
02_OTHER,l10n_tw_reports,__manifest__.py,Taiwan - Accounting Reports,1.0,OEEL-1,Accounting/Localizations/Reporting,Odoo S.A.,,True,False,True,2,l10n_tw;account_reports,,
02_OTHER,l10n_tz_account,__manifest__.py,Tanzania - Accounting,1.0,LGPL-3,Accounting/Localizations/Account Charts,Odoo S.A.,,True,False,['account'],1,account,,
02_OTHER,l10n_tz_reports,__manifest__.py,Tanzania - Accounting Reports,1.0,OEEL-1,Accounting/Localizations/Reporting,Odoo S.A.,https://www.odoo.com/app/accounting,True,False,True,2,l10n_tz_account;account_reports,,
02_OTHER,l10n_ua,__manifest__.py,Ukraine - Accounting,1.4,LGPL-3,Accounting/Localizations/Account Charts,ERP Ukraine (https://erp.co.ua),https://www.odoo.com/documentation/latest/applications/finance/fiscal_localizations.html,True,False,['account'],1,account,,
02_OTHER,l10n_ug,__manifest__.py,Uganda - Accounting,1.0.0,LGPL-3,Accounting/Localizations/Account Charts,Odoo S.A.,,True,False,['account'],1,account,,
02_OTHER,l10n_ug_reports,__manifest__.py,Uganda - Accounting Reports,1.0,OEEL-1,,Odoo S.A.,,True,False,True,2,account_reports;l10n_ug,,
02_OTHER,l10n_uk,__manifest__.py,United Kingdom - Accounting,1.1,LGPL-3,Accounting/Localizations/Account Charts,SmartMode LTD,https://www.odoo.com/documentation/latest/applications/finance/fiscal_localizations/united_kingdom.html,True,False,['account'],3,account;base_iban;base_vat,,
02_OTHER,l10n_uk_bacs,__manifest__.py,UK BACS Payment Files,1.0,OEEL-1,Accounting/Accounting,Odoo S.A.,,True,False,['l10n_uk'],3,account_batch_payment;base_iban;l10n_uk,Export payments as BACS Direct Debit and Direct Credit files,
02_OTHER,l10n_uk_hmrc,__manifest__.py,UK - HMRC API,1.0,OEEL-1,Accounting/Localizations/UK/HMRC,Odoo,,True,False,False,1,l10n_uk,,
02_OTHER,l10n_uk_intrastat,__manifest__.py,British Intrastat Declaration,,OEEL-1,Accounting/Localizations/Reporting,Odoo S.A.,,True,False,True,2,l10n_uk;account_intrastat,,
02_OTHER,l10n_uk_reports,__manifest__.py,UK - Accounting Reports,1.2,OEEL-1,Accounting/Localizations/Reporting,SmartMode LTD,https://www.odoo.com/app/accounting,True,False,"['l10n_uk', 'account_reports']",2,l10n_uk;account_reports,,
02_OTHER,l10n_uk_reports_cis,__manifest__.py,UK - Construction Industry Scheme,1.0,OEEL-1,Accounting/Localizations/UK/CIS,Odoo,,True,False,False,2,l10n_uk_reports;l10n_uk_hmrc,,
02_OTHER,l10n_us,__manifest__.py,United States - Localizations,1.1,LGPL-3,Accounting/Localizations/Account Charts,Odoo S.A.,https://www.odoo.com/documentation/latest/applications/finance/fiscal_localizations.html,True,False,False,1,base,,
02_OTHER,l10n_us_1099,__manifest__.py,1099 Reporting,1.0,OEEL-1,Accounting/Accounting,Odoo S.A.,,True,False,True,2,l10n_us;account_accountant,Easily export 1099 data for e-filing with a 3rd party.,
02_OTHER,l10n_us_account,__manifest__.py,United States - Accounting,1.0,LGPL-3,Accounting/Localizations/Account Charts,Odoo S.A.,https://www.odoo.com/documentation/latest/applications/finance/fiscal_localizations.html,True,False,['account'],2,l10n_us;account,,
02_OTHER,l10n_us_check_printing,__manifest__.py,US Checks Layout,1.0,OEEL-1,Accounting/Localizations/Check,Odoo S.A.,https://www.odoo.com/app/accounting,True,False,['l10n_us_account'],2,account_check_printing;l10n_us_account,Print US Checks,
02_OTHER,l10n_us_direct_deposit,__manifest__.py,United States - Direct Deposit,1.0,OEEL-1,Accounting/Payment,Odoo S.A.,,True,False,False,2,account_batch_payment;l10n_us,Pay Vendors via Wise,
02_OTHER,l10n_us_hr_payroll,__manifest__.py,United States - Payroll,1.0,OEEL-1,Human Resources/Payroll,Odoo S.A.,,True,False,['hr_payroll'],5,hr_payroll;hr_work_entry_holidays;hr_payroll_holidays;base_address_extended;l10n_us,,
02_OTHER,l10n_us_hr_payroll_account,__manifest__.py,United States - Payroll with Accounting,1.0,OEEL-1,Human Resources,Odoo,,True,False,True,3,hr_payroll_account;l10n_us_hr_payroll;l10n_us_payment_nacha,,
02_OTHER,l10n_us_hr_payroll_adp,__manifest__.py,United States - Payroll - Export to ADP,1.0,OEEL-1,Human Resources,Odoo S.A.,,True,False,False,1,l10n_us_hr_payroll,Export Work Entries to ADP,
02_OTHER,l10n_us_payment_nacha,__manifest__.py,NACHA Payments,1.0,OEEL-1,Accounting/Accounting,Odoo S.A.,,True,False,['l10n_us_account'],2,account_batch_payment;l10n_us_account,Export payments as NACHA files,
02_OTHER,l10n_us_reports,__manifest__.py,US - Accounting Reports,1.0,OEEL-1,Accounting/Localizations/Reporting,Odoo S.A.,https://www.odoo.com/app/accounting,True,False,"['l10n_us_account', 'account_reports']",2,l10n_us_account;account_reports,,
02_OTHER,l10n_uy,__manifest__.py,Uruguay - Accounting,0.1,LGPL-3,Accounting/Localizations/Account Charts,"Uruguay l10n Team, Guillem Barba, ADHOC",https://www.odoo.com/documentation/latest/applications/finance/fiscal_localizations/uruguay.html,True,False,['account'],3,account;l10n_latam_invoice_document;l10n_latam_base,,
02_OTHER,l10n_uy_edi,__manifest__.py,Uruguay - Electronic Invoice,1.0,OEEL-1,Accounting/Localizations/EDI,ADHOC SA,,True,False,False,1,l10n_uy,,
02_OTHER,l10n_uy_edi_stock,__manifest__.py,Uruguay - E-Remitos,1.0,OEEL-1,Accounting/Localizations/EDI,ADHOC SA,,True,False,False,3,l10n_uy_edi;stock_account;sale_stock,,
02_OTHER,l10n_uy_pos,__manifest__.py,Uruguayan - Point of Sale,1.0,LGPL-3,Accounting/Localizations/Point of Sale,Odoo S.A.,,True,False,True,2,l10n_uy;point_of_sale,,
02_OTHER,l10n_uy_reports,__manifest__.py,Uruguay - Accounting Reports,1.0,OEEL-1,,Odoo S.A.,,True,False,True,2,account_reports;l10n_uy,,
02_OTHER,l10n_uz,__manifest__.py,Uzbekistan - Accounting,,LGPL-3,Accounting/Localizations/Account Charts,Odoo S.A.,,True,False,False,2,account;base_vat,,
02_OTHER,l10n_uz_reports,__manifest__.py,Uzbekistan - Accounting Reports,1.0,OEEL-1,,Odoo S.A.,,True,False,True,2,account_reports;l10n_uz,,
02_OTHER,l10n_ve,__manifest__.py,Venezuela - Accounting,,LGPL-3,Accounting/Localizations/Account Charts,"Odoo S.A., Vauxoo",https://www.odoo.com/documentation/latest/applications/finance/fiscal_localizations.html,True,False,['account'],1,account,,
02_OTHER,l10n_vn,__manifest__.py,Vietnam - Accounting,2.0.3,LGPL-3,Accounting/Localizations/Account Charts,General Solutions,https://www.odoo.com/documentation/latest/applications/finance/fiscal_localizations/vietnam.html,True,False,['account'],3,account_qr_code_emv;base_iban;account,,
02_OTHER,l10n_vn_edi_viettel,__manifest__.py,Vietnam - E-invoicing,1.0,LGPL-3,Accounting/Localizations/EDI,Odoo S.A.,https://www.odoo.com/documentation/latest/applications/finance/fiscal_localizations/vietnam.html,True,False,False,1,l10n_vn,E-invoicing using SInvoice by Viettel,
02_OTHER,l10n_vn_edi_viettel_pos,__manifest__.py,Vietnam - POS E-invoicing,,LGPL-3,Accounting/Localizations/EDI,Odoo S.A.,https://www.odoo.com/documentation/master/applications/finance/fiscal_localizations/vietnam.html,True,False,True,2,l10n_vn_edi_viettel;point_of_sale,POS E-invoicing using SInvoice by Viettel,
02_OTHER,l10n_vn_reports,__manifest__.py,Vietnam - Accounting Reports,1.0,OEEL-1,Accounting/Localizations/Reporting,Odoo S.A.,,True,False,True,2,l10n_vn;account_reports,Accounting reports for the Vietnam,
02_OTHER,l10n_za,__manifest__.py,South Africa - Accounting,1.0,LGPL-3,Accounting/Localizations/Account Charts,Paradigm Digital (https://www.paradigmdigital.co.za),https://www.odoo.com/documentation/latest/applications/finance/fiscal_localizations.html,True,False,['account'],2,account;base_vat,,
02_OTHER,l10n_za_reports,__manifest__.py,South Africa - Accounting Reports,1.0,OEEL-1,,Odoo S.A.,,True,False,True,2,account_reports;l10n_za,,
02_OTHER,l10n_zm_account,__manifest__.py,Zambia - Accounting,1.0.0,LGPL-3,Accounting/Localizations/Account Charts,Odoo S.A.,,True,False,['account'],1,account,,
02_OTHER,l10n_zm_reports,__manifest__.py,Zambia - Accounting Reports,1.0,OEEL-1,Accounting/Localizations/Reporting,Odoo S.A.,,True,False,True,2,l10n_zm_account;account_reports,,
02_OTHER,link_tracker,__manifest__.py,Link Tracker,1.1,LGPL-3,Marketing,Odoo S.A.,,True,False,False,2,utm;mail,,
02_OTHER,loyalty,__manifest__.py,Coupons & Loyalty,1.0,LGPL-3,Sales,Odoo S.A.,,True,False,False,3,product;portal;account,"Use discounts, gift card, eWallets and loyalty programs in different sales channels",
02_OTHER,lunch,__manifest__.py,Lunch,1.0,LGPL-3,Human Resources/Lunch,Odoo S.A.,,True,True,False,1,mail,Handle lunch orders of your employees,
02_OTHER,mail,__manifest__.py,Discuss,1.19,LGPL-3,Productivity/Discuss,Odoo S.A.,https://www.odoo.com/app/discuss,True,True,False,5,base;base_setup;bus;web_tour;html_editor,"Chat, mail gateway and private channels",
02_OTHER,mail_bot,__manifest__.py,OdooBot,1.2,LGPL-3,Productivity/Discuss,Odoo S.A.,https://www.odoo.com/app/discuss,True,False,True,1,mail,Add OdooBot in discussions,
02_OTHER,mail_bot_hr,__manifest__.py,OdooBot - HR,1.0,LGPL-3,Productivity/Discuss,Odoo S.A.,https://www.odoo.com/app/discuss,True,False,True,2,mail_bot;hr,Bridge module between hr and mailbot.,
02_OTHER,mail_enterprise,__manifest__.py,Mail Enterprise,,OEEL-1,Productivity/Discuss,Odoo S.A.,,True,False,True,2,mail;web_mobile,,
02_OTHER,mail_group,__manifest__.py,Mail Group,1.1,LGPL-3,,Odoo S.A.,,True,False,False,2,mail;portal,Manage your mailing lists,
02_OTHER,mail_mobile,__manifest__.py,Mail Mobile,1.1,OEEL-1,Hidden/Tools,Odoo S.A.,,True,False,"['web_mobile', 'mail_enterprise']",4,iap_mail;mail_enterprise;web_mobile;base_setup,Provides push notification and redirection to the mobile app.,
02_OTHER,mail_plugin,__manifest__.py,Mail Plugin,1.0,LGPL-3,Sales/CRM,Odoo S.A.,,True,False,False,3,web;contacts;iap,Allows integration with mail plugins.,
02_OTHER,maintenance,__manifest__.py,Maintenance,1.0,LGPL-3,Supply Chain/Maintenance,Odoo S.A.,https://www.odoo.com/app/maintenance,True,True,False,1,mail,Track equipment and manage maintenance requests,
02_OTHER,maintenance_worksheet,__manifest__.py,Worksheet for Maintenance,1.0,OEEL-1,Supply Chain/Maintenance,Odoo S.A.,,True,False,False,2,maintenance;worksheet,Create custom worksheets for Maintenance,
02_OTHER,marketing_automation,__manifest__.py,Marketing Automation,1.0,OEEL-1,Marketing/Marketing Automation,Odoo S.A.,https://www.odoo.com/app/marketing-automation,True,True,False,1,mass_mailing,Build automated mailing campaigns,
02_OTHER,marketing_automation_crm,__manifest__.py,CRM in marketing automation,1.0,OEEL-1,CRM in marketing automation,Odoo S.A.,,True,False,True,2,marketing_automation;crm,CRM in marketing automation,
02_OTHER,marketing_automation_sms,__manifest__.py,SMS Marketing in Marketing Automation,1.0,OEEL-1,Marketing/Marketing Automation,Odoo S.A.,,True,False,True,2,marketing_automation;mass_mailing_sms,Integrate SMS Marketing in marketing campaigns,
02_OTHER,marketing_automation_website_sale,__manifest__.py,E-Commerce Marketing Automation,1.0,OEEL-1,Marketing/Marketing Automation,Odoo S.A.,,True,False,True,2,marketing_automation;website_sale,Marketing Automation Templates for E-Commerce,
02_OTHER,marketing_automation_whatsapp,__manifest__.py,WhatsApp in Marketing Automation,1.0,OEEL-1,Marketing/Marketing Automation,Odoo S.A.,,True,False,True,2,marketing_automation;whatsapp,Integrate WhatsApp in marketing campaigns,
02_OTHER,marketing_card,__manifest__.py,Marketing Card,1.1,LGPL-3,Marketing/Marketing Card,Odoo S.A.,,True,True,False,3,link_tracker;mass_mailing;website,Generate dynamic shareable cards,
02_OTHER,mass_mailing,__manifest__.py,Email Marketing,2.7,LGPL-3,Marketing/Email Marketing,Odoo S.A.,https://www.odoo.com/app/email-marketing,True,True,False,8,contacts;mail;html_builder;utm;link_tracker;social_media;web_tour;digest,"Design, send and track emails",
02_OTHER,mass_mailing_crm,__manifest__.py,Mass mailing on lead / opportunities,1.0,LGPL-3,Marketing/Email Marketing,Odoo S.A.,,True,False,True,2,crm;mass_mailing,Add lead / opportunities UTM info on mass mailing,
02_OTHER,mass_mailing_crm_sms,__manifest__.py,Mass mailing sms on lead / opportunities,1.0,LGPL-3,Marketing/Email Marketing,Odoo S.A.,,True,False,True,2,mass_mailing_crm;mass_mailing_sms,Add lead / opportunities info on mass mailing sms,
02_OTHER,mass_mailing_event,__manifest__.py,Mass mailing on attendees,1.0,LGPL-3,Marketing/Email Marketing,Odoo S.A.,,True,False,True,2,event;mass_mailing,,
02_OTHER,mass_mailing_event_sms,__manifest__.py,Event Attendees SMS Marketing,1.0,LGPL-3,Marketing/Email Marketing,Odoo S.A.,,True,False,True,5,event;mass_mailing;mass_mailing_event;mass_mailing_sms;sms,,
02_OTHER,mass_mailing_event_track,__manifest__.py,Mass mailing on track speakers,1.0,LGPL-3,Marketing/Email Marketing,Odoo S.A.,,True,False,True,2,website_event_track;mass_mailing,,
02_OTHER,mass_mailing_event_track_sms,__manifest__.py,Track Speakers SMS Marketing,1.0,LGPL-3,Marketing/Email Marketing,Odoo S.A.,,True,False,True,4,mass_mailing;mass_mailing_sms;sms;website_event_track,,
02_OTHER,mass_mailing_sale,__manifest__.py,Mass mailing on sale orders,1.0,LGPL-3,Marketing/Email Marketing,Odoo S.A.,,True,False,True,2,sale;mass_mailing,Add sale order UTM info on mass mailing,
02_OTHER,mass_mailing_sale_sms,__manifest__.py,Mass mailing sms on sale orders,1.0,LGPL-3,Marketing/Email Marketing,Odoo S.A.,,True,False,True,2,mass_mailing_sale;mass_mailing_sms,Add sale order info on mass mailing sms,
02_OTHER,mass_mailing_sale_subscription,__manifest__.py,Mass mailing on sale subscriptions,1.0,OEEL-1,Marketing/Email Marketing,Odoo S.A.,,True,False,True,2,mass_mailing_sale;sale_subscription,Add sale subscription support in mass mailing,
02_OTHER,mass_mailing_slides,__manifest__.py,Mass mailing on course members,1.0,LGPL-3,Marketing/Email Marketing,Odoo S.A.,,True,False,True,2,website_slides;mass_mailing,,
02_OTHER,mass_mailing_sms,__manifest__.py,SMS Marketing,1.1,LGPL-3,Marketing/Email Marketing,Odoo S.A.,https://www.odoo.com/app/sms-marketing,True,True,False,3,portal;mass_mailing;sms,"Design, send and track SMS",
02_OTHER,mass_mailing_themes,__manifest__.py,Mass Mailing Themes,1.2,LGPL-3,Marketing/Email Marketing,Odoo S.A.,https://www.odoo.com/app/mailing,True,False,True,1,mass_mailing,Design gorgeous mails,
02_OTHER,microsoft_account,__manifest__.py,Microsoft Users,,LGPL-3,Hidden/Tools,Odoo S.A.,,True,False,False,1,base_setup,,
02_OTHER,microsoft_calendar,__manifest__.py,Outlook Calendar,1.0,LGPL-3,Productivity,Odoo S.A.,,True,False,False,2,microsoft_account;calendar,,
02_OTHER,microsoft_outlook,__manifest__.py,Microsoft Outlook,1.1,LGPL-3,Hidden,Odoo S.A.,,True,False,True,1,mail,,
02_OTHER,mrp,__manifest__.py,Manufacturing,2.0,LGPL-3,Supply Chain/Manufacturing,Odoo S.A.,https://www.odoo.com/app/manufacturing,True,True,False,3,product;stock;resource,Manufacturing Orders & BOMs,
02_OTHER,mrp_account,__manifest__.py,Accounting - MRP,1.0,LGPL-3,Supply Chain/Manufacturing,Odoo S.A.,https://www.odoo.com/app/manufacturing,True,False,True,2,mrp;stock_account,Analytic accounting in Manufacturing,
02_OTHER,mrp_account_enterprise,__manifest__.py,Accounting - MRP,1.0,OEEL-1,Supply Chain/Manufacturing,Odoo S.A.,https://www.odoo.com/app/manufacturing,True,False,True,1,mrp_account,Analytic accounting in Manufacturing,
02_OTHER,mrp_accountant,__manifest__.py,Mrp Accounting,1.0,OEEL-1,Supply Chain/Inventory,Odoo S.A.,,True,False,True,2,mrp_account;stock_accountant,Bridge between Mrp and Accounting,
02_OTHER,mrp_landed_costs,__manifest__.py,Landed Costs On MO,1.0,LGPL-3,Supply Chain/Manufacturing,Odoo S.A.,,True,False,True,2,stock_landed_costs;mrp,Landed Costs on Manufacturing Order,
02_OTHER,mrp_maintenance,__manifest__.py,Maintenance - MRP,1.0,OEEL-1,Supply Chain/Manufacturing,Odoo S.A.,https://www.odoo.com/app/maintenance,True,False,True,2,mrp_workorder;stock_maintenance,Schedule and manage maintenance on machine and tools.,
02_OTHER,mrp_mps,__manifest__.py,Master Production Schedule,1.0,OEEL-1,Supply Chain/Manufacturing,Odoo S.A.,,True,False,False,3,base_import;mrp;purchase_stock,Master Production Schedule,
02_OTHER,mrp_plm,__manifest__.py,Product Lifecycle Management (PLM),1.0,OEEL-1,Supply Chain/Product Lifecycle Management (PLM),Odoo S.A.,https://www.odoo.com/app/plm,True,True,False,1,mrp,"Manage engineering change orders on products, bills of material",
02_OTHER,mrp_product_expiry,__manifest__.py,Manufacturing Expiry,1.0,LGPL-3,Supply Chain/Manufacturing,Odoo S.A.,,True,False,True,2,mrp;product_expiry,Manufacturing Expiry,
02_OTHER,mrp_repair,__manifest__.py,Mrp Repairs,1.0,LGPL-3,Supply Chain/Inventory,Odoo S.A.,,True,False,True,2,repair;mrp,,
02_OTHER,mrp_subcontracting,__manifest__.py,MRP Subcontracting,0.1,LGPL-3,Supply Chain/Manufacturing,Odoo S.A.,https://www.odoo.com/app/manufacturing,True,False,False,1,mrp,Subcontract Productions,
02_OTHER,mrp_subcontracting_account,__manifest__.py,Subcontracting Management with Stock Valuation,0.1,LGPL-3,Supply Chain/Manufacturing,Odoo S.A.,,True,False,True,2,mrp_subcontracting;mrp_account,,
02_OTHER,mrp_subcontracting_account_enterprise,__manifest__.py,Accounting - MRP Subcontracting,1.0,OEEL-1,Supply Chain/Manufacturing,Odoo S.A.,https://www.odoo.com/app/manufacturing,True,False,True,2,mrp_account_enterprise;mrp_subcontracting,Add Subcontracting information in Cost Analysis Reports and Production Analysis,
02_OTHER,mrp_subcontracting_dropshipping,__manifest__.py,Dropship and Subcontracting Management,0.1,LGPL-3,Supply Chain/Purchase,Odoo S.A.,,True,False,True,2,mrp_subcontracting;stock_dropshipping,,
02_OTHER,mrp_subcontracting_enterprise,__manifest__.py,MRP Subcontracting Enterprise,1.0,OEEL-1,Supply Chain/Manufacturing,Odoo S.A.,,True,False,True,1,mrp_subcontracting,Bridge module for MRP subcontracting and enterprise to avoid some conflicts with studio,
02_OTHER,mrp_subcontracting_landed_costs,__manifest__.py,Landed Costs With Subcontracting order,1.0,LGPL-3,Supply Chain/Manufacturing,Odoo S.A.,,True,False,True,2,stock_landed_costs;mrp_subcontracting,Advanced views to manage landed cost for subcontracting orders,
02_OTHER,mrp_subcontracting_purchase,__manifest__.py,Purchase and Subcontracting Management,0.1,LGPL-3,Supply Chain/Purchase,Odoo S.A.,,True,False,True,2,mrp_subcontracting;purchase_mrp,,
02_OTHER,mrp_subcontracting_quality,__manifest__.py,MRP Subcontracting Quality,1.0,OEEL-1,Supply Chain/Quality,Odoo S.A.,,True,False,True,2,mrp_subcontracting;quality_control,,
02_OTHER,mrp_subcontracting_repair,__manifest__.py,MRP Subcontracting Repair,1.0,LGPL-3,Supply Chain/Repair,Odoo S.A.,,True,False,True,2,mrp_subcontracting;repair,,
02_OTHER,mrp_workorder,__manifest__.py,MRP II,1.0,OEEL-1,Supply Chain/Manufacturing,Odoo S.A.,,True,False,['mrp'],6,quality;mrp;barcodes;web_gantt;web_tour;hr_hourly_cost,"Work Orders, Planning, Stock Reports.",
02_OTHER,mrp_workorder_expiry,__manifest__.py,MRP II - Expiry,1.0,OEEL-1,Supply Chain/Manufacturing,Odoo S.A.,,True,False,True,2,mrp_workorder;product_expiry,MRP Workorder Expiry,
02_OTHER,mrp_workorder_hr_account,__manifest__.py,Employees cost registration on production,,OEEL-1,Supply Chain/Manufacturing,Odoo S.A.,,True,False,True,2,mrp_workorder;mrp_account_enterprise,Analytic cost of employee work in manufacturing,
02_OTHER,mrp_workorder_iot,__manifest__.py,IoT features for Work Order,1.0,OEEL-1,Supply Chain/Manufacturing,Odoo S.A.,,True,False,True,2,mrp_workorder;quality_iot,Steps in MRP work orders with IoT devices,
02_OTHER,mrp_workorder_plm,__manifest__.py,PLM for workorder,1.0,OEEL-1,Supply Chain/Product Lifecycle Management (PLM),Odoo S.A.,,True,False,True,2,mrp_workorder;mrp_plm,PLM for workorder,
02_OTHER,onboarding,__manifest__.py,Onboarding Toolbox,1.2,LGPL-3,Hidden,Odoo S.A.,,True,False,False,1,web,,
02_OTHER,partner_autocomplete,__manifest__.py,Partner Autocomplete,1.1,LGPL-3,Hidden/Tools,Odoo S.A.,,True,False,True,1,iap_mail,Auto-complete partner companies' data,
02_OTHER,partner_commission,__manifest__.py,Resellers Commissions For Subscription,1.0,OEEL-1,Sales/Commissions,Odoo S.A.,,True,False,False,3,purchase;sale_subscription_partnership;website_crm_partner_assign,Configure resellers commissions on subscription sale,
02_OTHER,partnership,__manifest__.py,Partnership / Membership,1.0,LGPL-3,Sales/CRM,Odoo S.A.,,True,False,False,2,crm;sale,,
02_OTHER,payment,__manifest__.py,Payment Engine,2.0,LGPL-3,Hidden,Odoo S.A.,,True,False,False,2,onboarding;portal,The payment engine used by payment provider modules.,
02_OTHER,payment_adyen,__manifest__.py,Payment Provider: Adyen,2.0,LGPL-3,Accounting/Payment Providers,Odoo S.A.,,True,False,False,1,payment,A Dutch payment provider covering Europe and the US.,
02_OTHER,payment_aps,__manifest__.py,Payment Provider: Amazon Payment Services,1.0,LGPL-3,Accounting/Payment Providers,Odoo S.A.,,True,False,False,1,payment,An Amazon payment provider covering the MENA region.,
02_OTHER,payment_asiapay,__manifest__.py,Payment Provider: AsiaPay,1.0,LGPL-3,Accounting/Payment Providers,Odoo S.A.,,True,False,False,1,payment,An payment provider based in Hong Kong covering most Asian countries.,
02_OTHER,payment_authorize,__manifest__.py,Payment Provider: Authorize.Net,2.0,LGPL-3,Accounting/Payment Providers,Odoo S.A.,,True,False,False,1,payment,"An payment provider covering the US, Australia, and Canada.",
02_OTHER,payment_buckaroo,__manifest__.py,Payment Provider: Buckaroo,2.0,LGPL-3,Accounting/Payment Providers,Odoo S.A.,,True,False,False,1,payment,A Dutch payment provider covering several countries in Europe.,
02_OTHER,payment_custom,__manifest__.py,Payment Provider: Custom Payment Modes,2.0,LGPL-3,Accounting/Payment Providers,Odoo S.A.,,True,False,False,1,payment,A payment provider for custom flows like wire transfers.,
02_OTHER,payment_demo,__manifest__.py,Payment Provider: Demo,2.0,LGPL-3,Accounting/Accounting,Odoo S.A.,,True,False,False,1,payment,A payment provider for running fake payment flows for demo purposes.,
02_OTHER,payment_dpo,__manifest__.py,Payment Provider: DPO,,LGPL-3,Accounting/Payment Providers,Odoo S.A.,,True,False,False,1,payment,A Kenyan payment provider covering several African countries.,
02_OTHER,payment_flutterwave,__manifest__.py,Payment Provider: Flutterwave,1.0,LGPL-3,Accounting/Payment Providers,Odoo S.A.,,True,False,False,1,payment,A Nigerian payment provider covering several African countries.,
02_OTHER,payment_iyzico,__manifest__.py,Payment Provider: Iyzico,,LGPL-3,Accounting/Payment Providers,Odoo S.A.,,True,False,False,1,payment,A payment provider covering Turkey.,
02_OTHER,payment_mercado_pago,__manifest__.py,Payment Provider: Mercado Pago,1.0,LGPL-3,Accounting/Payment Providers,Odoo S.A.,,True,False,False,1,payment,A payment provider covering several countries in Latin America.,
02_OTHER,payment_mollie,__manifest__.py,Payment Provider: Mollie,1.0,LGPL-3,Accounting/Payment Providers,"Odoo S.A., Applix BV, Droggol Infotech Pvt. Ltd.",https://www.mollie.com,True,False,False,1,payment,A Dutch payment provider covering several European countries.,
02_OTHER,payment_nuvei,__manifest__.py,Payment Provider: Nuvei,,LGPL-3,Accounting/Payment Providers,Odoo S.A.,,True,False,False,1,payment,A payment provider covering Latin America.,
02_OTHER,payment_paymob,__manifest__.py,Payment Provider: Paymob,1.0,LGPL-3,Accounting/Payment Providers,Odoo S.A.,,True,False,False,1,payment,An Egyptian payment provider for the Middle East.,
02_OTHER,payment_paypal,__manifest__.py,Payment Provider: Paypal,2.0,LGPL-3,Accounting/Payment Providers,Odoo S.A.,,True,False,False,1,payment,An American payment provider for online payments all over the world.,
02_OTHER,payment_razorpay,__manifest__.py,Payment Provider: Razorpay,1.0,LGPL-3,Accounting/Payment Providers,Odoo S.A.,,True,False,False,1,payment,A payment provider covering India.,
02_OTHER,payment_redsys,__manifest__.py,Payment Provider: Redsys,,LGPL-3,Accounting/Payment Providers,Odoo S.A.,,True,False,False,1,payment,A payment provider covering the Spanish market.,
02_OTHER,payment_sepa_direct_debit,__manifest__.py,Payment Provider: Sepa Direct Debit,2.0,OEEL-1,Accounting/Accounting,Odoo S.A.,,True,False,False,3,account_sepa_direct_debit;account_payment;payment_custom,A payment provider for enabling Sepa Direct Debit in the EU.,
02_OTHER,payment_stripe,__manifest__.py,Payment Provider: Stripe,2.0,LGPL-3,Accounting/Payment Providers,Odoo S.A.,,True,False,False,1,payment,An Irish-American payment provider covering the US and many others.,
02_OTHER,payment_toss_payments,__manifest__.py,Payment Provider: Toss Payments,,LGPL-3,Accounting/Payment Providers,Odoo S.A.,,True,False,False,1,payment,A payment provider covering the South Korea market,
02_OTHER,payment_worldline,__manifest__.py,Payment Provider: Worldline,,LGPL-3,Accounting/Payment Providers,Odoo S.A.,,True,False,False,1,payment,A French payment provider covering several European countries.,
02_OTHER,payment_xendit,__manifest__.py,Payment Provider: Xendit,1.0,LGPL-3,Accounting/Payment Providers,Odoo S.A.,,True,False,False,1,payment,A payment provider for Indonesian and the Philippines.,
02_OTHER,phone_validation,__manifest__.py,Phone Numbers Validation,2.1,LGPL-3,Hidden,Odoo S.A.,,True,False,True,2,base;mail,Validate and format phone numbers,
02_OTHER,planning,__manifest__.py,Planning,1.0,OEEL-1,Human Resources/Planning,Odoo S.A.,,True,True,False,4,hr;hr_hourly_cost;web_gantt;digest,Manage your employees' schedule,
02_OTHER,planning_attendance,__manifest__.py,Planning and Attendances,1.0,OEEL-1,Hidden,Odoo S.A.,,True,False,True,2,planning;hr_attendance,Compare plannings and attendances,
02_OTHER,planning_holidays,__manifest__.py,Planning Time Off,1.0,OEEL-1,Human Resources/Planning,Odoo S.A.,,True,False,True,2,planning;hr_holidays_gantt,Planning integration with holidays,
02_OTHER,planning_hr_skills,__manifest__.py,Planning - Skills,1.0,OEEL-1,Human Resources/Planning,Odoo S.A.,,True,False,True,2,planning;hr_skills,Planning Skills,
02_OTHER,point_of_sale,__manifest__.py,Point of Sale,1.0.2,LGPL-3,Sales/Point of Sale,Odoo S.A.,https://www.odoo.com/app/point-of-sale-shop,True,True,False,9,resource;stock_account;barcodes;html_editor;digest;phone_validation;partner_autocomplete;iot_base;google_address_autocomplete,Handle checkouts and payments for shops and restaurants.,
02_OTHER,portal,__manifest__.py,Customer Portal,,LGPL-3,Hidden,Odoo S.A.,,True,False,False,5,web;html_editor;http_routing;mail;auth_signup,Customer Portal,
02_OTHER,portal_rating,__manifest__.py,Portal Rating,1.0,LGPL-3,Services,Odoo S.A.,,True,False,True,2,portal;rating,,
02_OTHER,pos_account_reports,__manifest__.py,pos_account_reports,0.1,OEEL-1,Sales/Point of Sale,Odoo S.A.,,True,False,True,2,point_of_sale;account_reports,"Bridge module between point_of_sale and account_reports, for tax reporting.",
02_OTHER,pos_account_tax_python,__manifest__.py,Allow custom taxes in POS,1.0,LGPL-3,Accounting/Accounting,Odoo S.A.,,True,False,True,2,account_tax_python;point_of_sale,,
02_OTHER,pos_adyen,__manifest__.py,POS Adyen,1.0,LGPL-3,Sales/Point of Sale,Odoo S.A.,,True,False,False,1,point_of_sale,Integrate your POS with an Adyen payment terminal,
02_OTHER,pos_appointment,__manifest__.py,Point of Sale Appointment,1.0,OEEL-1,Sales/Point of Sale,Odoo S.A.,https://www.odoo.com/app/appointments,True,False,False,2,appointment;point_of_sale,This module lets you manage online reservations for PoS,
02_OTHER,pos_avatax,__manifest__.py,POS Avatax,1.0,OEEL-1,,Odoo S.A.,,True,False,"['point_of_sale', 'account_avatax']",2,point_of_sale;account_avatax,Add Avatax support to POS,
02_OTHER,pos_barcodelookup,__manifest__.py,POS - Barcode Lookup,1.0,OEEL-1,Sales/Point of Sale,Odoo S.A.,,True,False,True,2,point_of_sale;product_barcodelookup,"This module enables product creation by scanning barcodes with a camera, utilizing the Barcode Lookup API Key.",
02_OTHER,pos_blackbox_be,__manifest__.py,Belgian Registered Cash Register,1.0,OEEL-1,Sales/Point of Sale,Odoo S.A.,,True,False,False,8,pos_iot;l10n_be;web_enterprise;pos_hr;pos_restaurant;pos_discount;pos_self_order;pos_urban_piper,"Implements the registered cash system, adhering to guidelines by FPS Finance.",
02_OTHER,pos_cashdro,__manifest__.py,POS Cashdro Cash Machines,,LGPL-3,Sales/Point of Sale,Odoo S.A.,,True,False,False,1,point_of_sale,Integrate your POS with a Cashdro automatic cash payment device,
02_OTHER,pos_discount,__manifest__.py,Point of Sale Discounts,1.0,LGPL-3,Sales/Point of Sale,Odoo S.A.,,True,False,False,1,point_of_sale,Simple Discounts in the Point of Sale,
02_OTHER,pos_dpopay,__manifest__.py,PoS DPO Pay,,LGPL-3,Sales/Point of Sale,Odoo S.A.,,True,False,False,1,point_of_sale,Integrate your POS with DPO payment terminal.,
02_OTHER,pos_edi_ubl,__manifest__.py,Point of Sale UBL,1.0,LGPL-3,Sales/Point of Sale,Odoo S.A.,,True,False,False,2,point_of_sale;account_edi_ubl_cii,UBL in the Point of Sale,
02_OTHER,pos_enterprise,__manifest__.py,Point of Sale enterprise,,OEEL-1,Sales/Point of Sale,Odoo S.A.,,True,False,True,2,web_enterprise;point_of_sale,Advanced features for PoS,
02_OTHER,pos_enterprise_sms_whatsapp,__manifest__.py,POS Enterprise SMS Whatsapp,1.0,OEEL-1,Sales/Point of Sale,Odoo S.A.,,True,False,False,5,pos_enterprise;whatsapp;pos_sms;pos_restaurant;pos_self_order,This module enables communication via WhatsApp and SMS in the preparation display,
02_OTHER,pos_event,__manifest__.py,POS - Event,1.0,LGPL-3,Technical,Odoo S.A.,,True,False,True,2,point_of_sale;event_product,Link module between Point of Sale and Event,
02_OTHER,pos_event_iot,__manifest__.py,IoT for PoS/Event,1.0,OEEL-1,Marketing/Events,Odoo S.A.,,True,False,True,2,iot;pos_event,Use IoT device integrations for events,
02_OTHER,pos_event_sale,__manifest__.py,PoS - Event Sale,,LGPL-3,Technical,Odoo S.A.,,True,False,True,2,pos_event;pos_sale,Link module between pos_sale and pos_event,
02_OTHER,pos_glory_cash,__manifest__.py,POS Glory Cash Machines,1.0,LGPL-3,Sales/Point of Sale,Odoo S.A.,,True,False,False,1,point_of_sale,Integrate your POS with a Glory automatic cash payment device,
02_OTHER,pos_hr,__manifest__.py,POS - HR,,LGPL-3,Sales/Point of Sale,Odoo S.A.,,True,False,True,2,point_of_sale;hr,Link module between Point of Sale and HR,
02_OTHER,pos_hr_mobile,__manifest__.py,POS Barcode in Mobile,1.0,OEEL-1,Human Resources/Barcode,Odoo S.A.,,True,False,True,2,pos_hr;web_mobile,POS Barcode scan in Mobile,
02_OTHER,pos_hr_restaurant,__manifest__.py,POS HR Restaurant,1.0,LGPL-3,Sales/Point of Sale,Odoo S.A.,,True,False,True,2,pos_hr;pos_restaurant,Link module between pos_hr and pos_restaurant,
02_OTHER,pos_imin,__manifest__.py,POS iMin,1.0,LGPL-3,Sales/Point of Sale,Odoo S.A.,,True,False,False,1,point_of_sale,iMin ePOS Printers in PoS,
02_OTHER,pos_iot,__manifest__.py,IoT for PoS,1.0,OEEL-1,Sales/Point of Sale,Odoo S.A.,,True,False,True,2,point_of_sale;iot,Use IoT Devices in the PoS,
02_OTHER,pos_iot_adam_scale,__manifest__.py,PoS IoT Adam Equipment Scales,,OEEL-1,Point of Sale,Odoo S.A.,,True,False,False,1,pos_iot,Adds an IoT driver for Adam Equipment Scales,
02_OTHER,pos_iot_ingenico,__manifest__.py,PoS IoT Ingenico,1.0,OEEL-1,Sales/Point of Sale,Odoo S.A.,,True,False,False,1,pos_iot,Integrate your POS with an Ingenico payment terminal through IoT,
02_OTHER,pos_iot_six,__manifest__.py,POS IoT Six,1.0,OEEL-1,Sales/Point Of Sale,Odoo S.A.,,True,False,False,1,pos_iot,Integrate your POS with a Six payment terminal through IoT,
02_OTHER,pos_iot_worldline,__manifest__.py,PoS IoT Worldline,1.0,OEEL-1,Sales/Point of Sale,Odoo S.A.,,True,False,False,1,pos_iot,Integrate your POS with an Worldline payment terminal through IoT,
02_OTHER,pos_loyalty,__manifest__.py,Point of Sale - Coupons & Loyalty,2.0,LGPL-3,Sales/Point Of Sale,Odoo S.A.,,True,False,True,2,loyalty;point_of_sale,"Use Coupons, Gift Cards and Loyalty programs in Point of Sale",
02_OTHER,pos_mercado_pago,__manifest__.py,POS Mercado Pago,1.0,LGPL-3,Sales/Point of Sale,Odoo S.A.,,True,False,False,1,point_of_sale,Integrate your POS with the Mercado Pago Smart Point terminal,
02_OTHER,pos_mobile,__manifest__.py,Point of Sale Mobile,1.0,OEEL-1,Hidden,Odoo S.A.,,True,False,False,2,pos_enterprise;web_mobile,Odoo Mobile Point of Sale module,
02_OTHER,pos_mollie,__manifest__.py,POS Mollie,1.0,LGPL-3,Sales/Point of Sale,Odoo S.A.,,True,False,False,2,point_of_sale;payment_mollie,Integrate your POS with a Mollie payment terminal,
02_OTHER,pos_mrp,__manifest__.py,pos_mrp,1.0,LGPL-3,Sales/Point of Sale,Odoo S.A.,,True,False,True,2,point_of_sale;mrp,Link module between Point of Sale and Mrp,
02_OTHER,pos_online_payment,__manifest__.py,Point of Sale online payment,,LGPL-3,,Odoo S.A.,,True,False,True,2,point_of_sale;account_payment,,
02_OTHER,pos_online_payment_self_order,__manifest__.py,POS Self-Order / Online Payment,1.0,LGPL-3,Sales/Point of Sale,Odoo S.A.,,True,False,True,2,pos_online_payment;pos_self_order,Support online payment in self-order,
02_OTHER,pos_online_payment_self_order_preparation_display,__manifest__.py,POS Self-Order / Online Payment / Preparation Display,1.0,OEEL-1,Sales/Point of Sale,Odoo S.A.,,True,False,True,2,pos_online_payment_self_order;pos_enterprise,Link between self orders paid online and the preparation display,
02_OTHER,pos_order_tracking_display,__manifest__.py,PoS Order Tracking Customer Display,1.0.0,OEEL-1,Sales/Point of Sale,Odoo S.A.,,True,False,True,2,pos_enterprise;pos_self_order,Display customer's order status,
02_OTHER,pos_pine_labs,__manifest__.py,POS Pine Labs,1.0,LGPL-3,Sales/Point of Sale,Odoo S.A.,,True,False,False,1,point_of_sale,Integrate your POS with Pine Labs payment terminals,
02_OTHER,pos_platform_order,__manifest__.py,Point of Sale - Platform Order Integration,1.0,OEEL-1,Sales/Point of Sale,Odoo S.A.,,True,False,False,2,pos_enterprise;pos_restaurant,,
02_OTHER,pos_platform_order_gofood,__manifest__.py,Platform Order Provider: GoFood,,OEEL-1,Sales/Point of Sale,Odoo S.A.,,True,False,False,1,pos_platform_order,,
02_OTHER,pos_platform_order_grabfood,__manifest__.py,Platform Order Provider: GrabFood,,OEEL-1,Sales/Point of Sale,Odoo S.A.,,True,False,False,1,pos_platform_order,,
02_OTHER,pos_pricer,__manifest__.py,PoS Pricer,1.0,OEEL-1,Sales/Point of Sale,Odoo S.A.,,True,False,False,2,product;point_of_sale,Display and change your products information on electronic Pricer tags,
02_OTHER,pos_qfpay,__manifest__.py,POS QFPay,1.0,LGPL-3,Sales/Point of Sale,Odoo S.A.,,True,False,False,1,point_of_sale,Integrate your POS with the QFPay terminal in Hong Kong,
02_OTHER,pos_razorpay,__manifest__.py,POS Razorpay,1.0,LGPL-3,Sales/Point of Sale,Odoo S.A.,,True,False,False,1,point_of_sale,Integrate your POS with a Razorpay payment terminal,
02_OTHER,pos_repair,__manifest__.py,POS - Repair,,LGPL-3,Technical,Odoo S.A.,,True,False,True,2,point_of_sale;repair,Link module between Point of Sale and Repair,
02_OTHER,pos_restaurant,__manifest__.py,Restaurant,1.0,LGPL-3,Sales/Point of Sale,Odoo S.A.,https://www.odoo.com/app/point-of-sale-restaurant,True,True,False,1,point_of_sale,Restaurant extensions for the Point of Sale,
02_OTHER,pos_restaurant_adyen,__manifest__.py,POS Restaurant Adyen,1.0,LGPL-3,Point of Sale,Odoo S.A.,,True,False,True,3,pos_adyen;pos_restaurant;payment_adyen,Adds American style tipping to Adyen,
02_OTHER,pos_restaurant_appointment,__manifest__.py,Point of Sale Restaurant Appointment,1.0,OEEL-1,Sales/Point of Sale,Odoo S.A.,https://www.odoo.com/app/appointments,True,False,True,2,pos_restaurant;pos_appointment,This module lets you manage online reservations for restaurant tables,
02_OTHER,pos_restaurant_loyalty,__manifest__.py,POS - Restaurant Loyality,1.0,LGPL-3,Sales/Point of Sale,Odoo S.A.,,True,False,True,2,pos_restaurant;pos_loyalty,Link module between pos_restaurant and pos_loyalty,
02_OTHER,pos_restaurant_preparation_display,__manifest__.py,PoS Preparation Display Restaurant,1.0.0,OEEL-1,Sales/Point of Sale,Odoo S.A.,,True,False,True,2,pos_restaurant;pos_enterprise,Display Orders for Preparation stage.,
02_OTHER,pos_restaurant_stripe,__manifest__.py,POS Restaurant Stripe,1.0,LGPL-3,Point of Sale,Odoo S.A.,,True,False,True,3,pos_stripe;pos_restaurant;payment_stripe,Adds American style tipping to Stripe,
02_OTHER,pos_restaurant_urban_piper,__manifest__.py,POS Restaurant Urban Piper,,OEEL-1,Sales/Point of Sale,Odoo S.A.,,True,False,True,2,pos_restaurant;pos_urban_piper,,
02_OTHER,pos_safaricom,__manifest__.py,POS Safaricom,1.0,LGPL-3,Sales/Point of Sale,Odoo S.A.,,True,False,False,1,point_of_sale,Integrate your POS with the Safaricom Payment Provider,
02_OTHER,pos_sale,__manifest__.py,POS - Sales,1.1,LGPL-3,Sales/Point of Sale,Odoo S.A.,,True,False,True,2,point_of_sale;sale_management,Link module between Point of Sale and Sales,
02_OTHER,pos_sale_loyalty,__manifest__.py,POS - Sales Loyality,1.0,LGPL-3,Sales/Point of Sale,Odoo S.A.,,True,False,True,2,pos_sale;pos_loyalty,Link module between pos_sale and pos_loyalty,
02_OTHER,pos_sale_margin,__manifest__.py,POS - Sale Margin,1.1,LGPL-3,Sales/Point of Sale,Odoo S.A.,,True,False,True,2,pos_sale;sale_margin,Link module between Point of Sale and Sales Margin,
02_OTHER,pos_sale_stock_renting,__manifest__.py,Point of Sale Rental Stock,1.0,OEEL-1,Point of Sale,Odoo S.A.,,True,False,True,2,pos_sale;sale_stock_renting,Link between PoS and Stock Rental.,
02_OTHER,pos_sale_subscription,__manifest__.py,Point of Sale Subscription,1.0,OEEL-1,Point of Sale,Odoo S.A.,,True,False,True,2,pos_sale;sale_subscription,Link between PoS and Sale Subscription.,
02_OTHER,pos_self_order,__manifest__.py,POS Self Order,1.0,LGPL-3,Sales/Point Of Sale,Odoo S.A.,,True,False,['pos_restaurant'],3,pos_restaurant;http_routing;link_tracker,Addon for the POS App that allows customers to view the menu on their smartphone.,
02_OTHER,pos_self_order_adyen,__manifest__.py,POS Self Order Adyen,,LGPL-3,Sales/Point Of Sale,Odoo S.A.,,True,False,True,2,pos_adyen;pos_self_order,Addon for the Self Order App that allows customers to pay by Adyen.,
02_OTHER,pos_self_order_iot,__manifest__.py,POS Self Order IoT,1.0.0,OEEL-1,Sales/Point of Sale,Odoo S.A.,,True,False,True,2,pos_iot;pos_self_order,IoT in PoS Kiosk,
02_OTHER,pos_self_order_pine_labs,__manifest__.py,POS Self Order Pine Labs,1.0,LGPL-3,Sales/Point Of Sale,Odoo IN Pvt Ltd,,True,False,True,2,pos_pine_labs;pos_self_order,An addon for the Self Order App (KIOSK) that allows customers to pay using the Pine Labs POS Terminal.,
02_OTHER,pos_self_order_preparation_display,__manifest__.py,pos self prep display,1.0.0,OEEL-1,Sales/Point of Sale,Odoo S.A.,,True,False,True,2,pos_self_order;pos_enterprise,,
02_OTHER,pos_self_order_qfpay,__manifest__.py,POS Self Order QFPay,,LGPL-3,Sales/Point Of Sale,Odoo S.A.,,True,False,True,2,pos_qfpay;pos_self_order,Addon for the Self Order App that allows customers to pay by QFPay.,
02_OTHER,pos_self_order_razorpay,__manifest__.py,POS Self Order Razorpay,1.0,LGPL-3,Sales/Point Of Sale,Odoo S.A.,,True,False,True,2,pos_razorpay;pos_self_order,Addon for the Self Order App that allows customers to pay by Razorpay POS Terminal.,
02_OTHER,pos_self_order_sale,__manifest__.py,POS Self Order Sale,,LGPL-3,Sales/Point Of Sale,Odoo S.A.,,True,False,True,2,pos_sale;pos_self_order,,
02_OTHER,pos_self_order_stripe,__manifest__.py,POS Self Order Stripe,,LGPL-3,Sales/Point Of Sale,Odoo S.A.,,True,False,True,2,pos_stripe;pos_self_order,Addon for the Self Order App that allows customers to pay by Stripe.,
02_OTHER,pos_settle_due,__manifest__.py,Point of Sale Settle Due,1.0,OEEL-1,Point of Sale,Odoo S.A.,,True,False,True,2,point_of_sale;account_followup,Settle partner's due in the POS UI.,
02_OTHER,pos_sms,__manifest__.py,POS - SMS,,LGPL-3,Send sms to customer for order confirmation,Odoo S.A.,,True,False,False,2,point_of_sale;sms,,
02_OTHER,pos_stripe,__manifest__.py,POS Stripe,1.0,LGPL-3,Sales/Point of Sale,Odoo S.A.,,True,False,False,2,point_of_sale;payment_stripe,Integrate your POS with a Stripe payment terminal,
02_OTHER,pos_tyro,__manifest__.py,POS Tyro,1.0,OEEL-1,Sales/Point of Sale,Odoo S.A.,,True,False,False,1,point_of_sale,Integrate your POS with a Tyro payment terminal (AU),
02_OTHER,pos_urban_piper,__manifest__.py,Point of Sale - UrbanPiper,,OEEL-1,Sales/Point of Sale,Odoo S.A.,,True,False,False,2,pos_enterprise;pos_discount,,
02_OTHER,pos_urban_piper_enhancements,__manifest__.py,Point of Sale - UrbanPiper Enhancements,,OEEL-1,Sales/Point of Sale,Odoo S.A.,,True,False,True,1,pos_urban_piper,,
02_OTHER,pos_urban_piper_ubereats,__manifest__.py,POS UrbanPiper - Uber Eats,,OEEL-1,Sales/Point of Sale,Odoo S.A.,,True,False,True,1,pos_urban_piper,,
02_OTHER,pos_viva_com,__manifest__.py,PoS Viva.com,1.0,LGPL-3,Sales/Point of Sale,Odoo S.A.,,True,False,False,1,point_of_sale,Integrate your PoS with a Viva.com payment terminal,
02_OTHER,privacy_lookup,__manifest__.py,Privacy,1.0,LGPL-3,Hidden,Odoo S.A.,,True,False,True,1,mail,,
02_OTHER,product,__manifest__.py,Products & Pricelists,1.2,LGPL-3,Sales/Sales,Odoo S.A.,,True,False,False,3,base;mail;uom,,
02_OTHER,product_barcodelookup,__manifest__.py,Product Barcode Lookup,1.0,OEEL-1,Sales/Sales,Odoo S.A.,,True,False,True,1,product,,
02_OTHER,product_email_template,__manifest__.py,Product Email Template,,LGPL-3,Accounting/Accounting,Odoo S.A.,,True,False,False,1,account,,
02_OTHER,product_expiry,__manifest__.py,Products Expiration Date,,LGPL-3,Supply Chain/Inventory,Odoo S.A.,,True,False,False,1,stock,,
02_OTHER,product_margin,__manifest__.py,Margins by Products,,LGPL-3,Sales/Sales,Odoo S.A.,,True,False,False,1,account,,
02_OTHER,product_matrix,__manifest__.py,Product Matrix,1.0,LGPL-3,Sales/Sales,Odoo S.A.,,True,False,False,1,account,Technical module: Matrix Implementation,
02_OTHER,product_unspsc,__manifest__.py,UNSPSC product codes,0.2,OEEL-1,Accounting/Accounting,Odoo S.A.,,True,False,False,1,account,UNSPSC product codes,
02_OTHER,project,__manifest__.py,Project,1.3,LGPL-3,Services/Project,Odoo S.A.,https://www.odoo.com/app/project,True,True,False,9,analytic;base_setup;mail;portal;rating;resource;web;web_tour;digest,Organize and plan your projects,
02_OTHER,project_account,__manifest__.py,Project - Account,,LGPL-3,Accounting/Accounting,Odoo S.A.,,True,False,True,2,account;project,project profitability items computation,
02_OTHER,project_account_asset,__manifest__.py,Project Accounting Assets,1.0,OEEL-1,Services/assets,Odoo S.A.,,True,False,True,2,project;account_asset,Project accounting assets,
02_OTHER,project_account_budget,__manifest__.py,Project Budget,1.0,OEEL-1,Services/Project,Odoo S.A.,,True,False,True,2,account_budget;project_enterprise,Project account budget,
02_OTHER,project_enterprise,__manifest__.py,Project Enterprise,1.0,OEEL-1,Services/Project,Odoo S.A.,,True,False,True,4,project;web_map;web_gantt;web_enterprise,Bridge module for project and enterprise,
02_OTHER,project_enterprise_hr,__manifest__.py,Project Enterprise HR,1.0,OEEL-1,Services/Project,Odoo S.A.,,True,False,True,2,project_enterprise;hr,Bridge module for project_enterprise and hr,
02_OTHER,project_enterprise_hr_skills,__manifest__.py,Project - Skills,1.0,OEEL-1,Services/Project,Odoo S.A.,,True,False,True,2,project_enterprise;project_hr_skills,Project skills,
02_OTHER,project_forecast,__manifest__.py,Project Planning,1.0,OEEL-1,Services/Project,Odoo S.A.,,True,False,False,3,project;planning;web_grid,Plan your resources on project tasks,
02_OTHER,project_helpdesk,__manifest__.py,Project Helpdesk,1.0,OEEL-1,Services,Odoo S.A.,,True,False,True,2,project_enterprise;helpdesk,Project helpdesk,
02_OTHER,project_holidays,__manifest__.py,Project Time Off,1.0,OEEL-1,Services/Project,Odoo S.A.,,True,False,True,2,project_enterprise;hr_holidays_gantt,Project and task integration with holidays,
02_OTHER,project_hr_expense,__manifest__.py,Project Expenses,1.0,LGPL-3,Services/expenses,Odoo S.A.,,True,False,True,2,project_account;hr_expense,Project expenses,
02_OTHER,project_hr_payroll_account,__manifest__.py,Project Payroll Accounting,1.0,OEEL-1,Services/payroll/account,Odoo S.A.,,True,False,True,2,project;hr_payroll_account,Project payroll accounting,
02_OTHER,project_hr_skills,__manifest__.py,Project - Skills,1.0,OEEL-1,Services/Project,Odoo S.A.,,True,False,True,2,project;hr_skills,Project skills,
02_OTHER,project_mail_plugin,__manifest__.py,Project Mail Plugin,1.0,LGPL-3,Services/Project,Odoo S.A.,https://www.odoo.com/app/project,True,False,True,2,project;mail_plugin,Integrate your inbox with projects,
02_OTHER,project_mrp,__manifest__.py,MRP Project,1.0,LGPL-3,Services/Project,Odoo S.A.,,True,False,True,2,mrp;project,Monitor MRP using project,
02_OTHER,project_mrp_account,__manifest__.py,MRP Account Project,1.0,LGPL-3,Services/Project,Odoo S.A.,,True,False,True,2,mrp_account;project_mrp,Monitor MRP account using project,
02_OTHER,project_mrp_sale,__manifest__.py,MRP Project Sale,1.0,LGPL-3,Services/Project,Odoo S.A.,,True,False,True,3,project_mrp;sale_mrp;sale_project,Technical Bridge,
02_OTHER,project_mrp_stock_landed_costs,__manifest__.py,Project MRP Landed Costs,1.0,LGPL-3,Supply Chain/Manufacturing,Odoo S.A.,,True,False,True,2,project_mrp_account;mrp_landed_costs,Technical Bridge,
02_OTHER,project_mrp_workorder_account,__manifest__.py,MRP Workorder Project Account,1.0,LGPL-3,Services/Project,Odoo S.A.,,True,False,True,2,mrp_workorder_hr_account;project_mrp_account,Technical Bridge,
02_OTHER,project_purchase,__manifest__.py,Project Purchase,1.0,LGPL-3,Services/Project,Odoo S.A.,,True,False,True,2,purchase;project_account,Monitor purchase in project,
02_OTHER,project_purchase_stock,__manifest__.py,Project - Purchase - Stock,1.0,LGPL-3,Services/Project,Odoo S.A.,,True,False,True,2,project_purchase;project_stock,,
02_OTHER,project_sale_expense,__manifest__.py,Project - Sale - Expense,1.0,LGPL-3,Services/Project,Odoo S.A.,,True,False,True,3,sale_project;sale_expense;project_hr_expense,,
02_OTHER,project_sale_subscription,__manifest__.py,Project Sales Subscription,1.0,OEEL-1,Services/sales/subscriptions,Odoo S.A.,,True,False,True,2,sale_project;sale_subscription,Project sales subscriptions,
02_OTHER,project_sms,__manifest__.py,Project - SMS,1.1,LGPL-3,Services/Project,Odoo S.A.,,True,False,True,2,project;sms,Send text messages when project/task stage move,
02_OTHER,project_stock,__manifest__.py,Project Stock,1.0,LGPL-3,Services/Project,Odoo S.A.,,True,False,True,2,stock;project,Link Stock pickings to Project,
02_OTHER,project_stock_account,__manifest__.py,Project Stock Account,1.0,LGPL-3,Services/Project,Odoo S.A.,,True,False,True,2,stock_account;project_stock,Handle analytics in Stock pickings with Project,
02_OTHER,project_stock_landed_costs,__manifest__.py,Project Stock Landed Costs,1.0,LGPL-3,Supply Chain/Inventory,Odoo S.A.,,True,False,True,2,project_stock_account;stock_landed_costs,Technical Bridge,
02_OTHER,project_timesheet_forecast,__manifest__.py,Timesheet and Planning,1.0,OEEL-1,Services/Timesheets,Odoo S.A.,,True,False,True,2,timesheet_grid;project_forecast,Compare timesheets and plannings,
02_OTHER,project_timesheet_forecast_sale,__manifest__.py,Compare timesheets and forecast for your projects,1.0,OEEL-1,Services/Project,Odoo S.A.,https://www.odoo.com/app/project,True,False,True,3,project_timesheet_forecast;sale_timesheet;sale_project_forecast,,
02_OTHER,project_timesheet_holidays,__manifest__.py,Timesheet when on Time Off,1.0,LGPL-3,Human Resources,Odoo S.A.,,True,False,True,2,hr_timesheet;hr_holidays,Schedule timesheet when on time off,
02_OTHER,project_todo,__manifest__.py,To-Do,1.0,LGPL-3,Productivity/To-Do,Odoo S.A.,,True,True,True,1,project,Organize your work with memos and to-do lists,
02_OTHER,purchase,__manifest__.py,Purchase,1.2,LGPL-3,Supply Chain/Purchase,Odoo S.A.,https://www.odoo.com/app/purchase,True,True,False,1,account,"Purchase orders, tenders and agreements",
02_OTHER,purchase_accountant,__manifest__.py,Purchase Accounting,1.0,OEEL-1,Supply Chain/Purchase,Odoo S.A.,,True,False,True,2,purchase;account_accountant,Bridge between Purchase and Accounting,
02_OTHER,purchase_edi_ubl_bis3,__manifest__.py,Import/Export electronic orders with UBL,1.0,LGPL-3,Supply Chain/Purchase,Odoo S.A.,,True,False,True,2,purchase;account_edi_ubl_cii,,
02_OTHER,purchase_intrastat,__manifest__.py,Purchase Intrastat,,OEEL-1,Accounting/Accounting,Odoo S.A.,,True,False,True,2,purchase;account_intrastat,,
02_OTHER,purchase_mrp,__manifest__.py,Purchase and MRP Management,1.0,LGPL-3,Supply Chain/Purchase,Odoo S.A.,,True,False,True,2,mrp;purchase_stock,,
02_OTHER,purchase_mrp_workorder_quality,__manifest__.py,Full Traceability Report Demo Data,1.0,OEEL-1,Supply Chain/Manufacturing,Odoo S.A.,,True,False,True,3,purchase_mrp;quality_mrp_workorder;purchase_stock,Full Traceability Report Demo Data,
02_OTHER,purchase_product_matrix,__manifest__.py,Purchase Matrix,1.0,LGPL-3,Supply Chain/Purchase,Odoo S.A.,,True,False,False,2,purchase;product_matrix,Add variants to your purchase orders through an Order Grid Entry.,
02_OTHER,purchase_repair,__manifest__.py,Purchase Repair,1.0,LGPL-3,Supply Chain/Purchase,Odoo S.A.,,True,False,True,2,repair;purchase_stock,Keep track of linked purchase and repair orders,
02_OTHER,purchase_requisition,__manifest__.py,Purchase Agreements,0.1,LGPL-3,Supply Chain/Purchase,Odoo S.A.,,True,False,False,1,purchase,,
02_OTHER,purchase_requisition_sale,__manifest__.py,Purchase Requisition Sale,1.0,LGPL-3,Supply Chain/Purchase,Odoo S.A.,,True,False,True,2,purchase_requisition;sale_purchase,,
02_OTHER,purchase_requisition_stock,__manifest__.py,Purchase Requisition Stock,1.2,LGPL-3,Supply Chain/Purchase,Odoo S.A.,,True,False,True,2,purchase_requisition;purchase_stock,,
02_OTHER,purchase_stock,__manifest__.py,Purchase Stock,1.2,LGPL-3,Supply Chain/Purchase,Odoo S.A.,,True,False,True,2,stock_account;purchase,"Purchase Orders, Receipts, Vendor Bills for Stock",
02_OTHER,quality,__manifest__.py,Quality Base,1.0,OEEL-1,Supply Chain/Quality,Odoo S.A.,,True,False,False,1,stock,Basic Feature for Quality,
02_OTHER,quality_control,__manifest__.py,Quality,1.0,OEEL-1,Supply Chain/Quality,Odoo S.A.,https://www.odoo.com/app/quality,True,True,False,2,quality;spreadsheet_edition,Control the quality of your products,
02_OTHER,quality_control_iot,__manifest__.py,Quality checks with IoT,,OEEL-1,Supply Chain/Internet of Things (IoT),Odoo S.A.,,True,False,True,2,quality_control;quality_iot,Control the quality of your products with IoT devices,
02_OTHER,quality_control_picking_batch,__manifest__.py,Quality - Batch Transfer,1.0,OEEL-1,Supply Chain/Quality,Odoo S.A.,,True,False,True,2,quality_control;stock_picking_batch,Support of quality control into batch transfers,
02_OTHER,quality_control_worksheet,__manifest__.py,Worksheet for Quality Control,1.0,OEEL-1,Supply Chain/Quality,Odoo S.A.,,True,False,False,2,quality_control;worksheet,Create custom worksheet for quality control,
02_OTHER,quality_iot,__manifest__.py,Quality Steps with IoT,,OEEL-1,Supply Chain/Internet of Things (IoT),Odoo S.A.,,True,False,True,2,iot;quality,Quality steps and IoT devices,
02_OTHER,quality_mrp,__manifest__.py,MRP features for Quality Control,1.1,OEEL-1,Supply Chain/Quality,Odoo S.A.,,True,False,True,2,quality_control;mrp,Quality Management with MRP,
02_OTHER,quality_mrp_workorder,__manifest__.py,MRP features for Quality Control,1.0,OEEL-1,Supply Chain/Quality,Odoo S.A.,,True,False,True,3,quality_control;mrp_workorder;barcodes,Quality Management with MRP,
02_OTHER,quality_mrp_workorder_iot,__manifest__.py,MRP features for Quality Control with IoT,,OEEL-1,Supply Chain/Quality,Odoo S.A.,,True,False,True,3,quality_mrp_workorder;quality_control_iot;mrp_workorder_iot,Quality Management with MRP and IoT,
02_OTHER,quality_mrp_workorder_worksheet,__manifest__.py,Quality Worksheet for Workorder,1.0,OEEL-1,Supply Chain/Quality,Odoo S.A.,,True,False,True,2,quality_control_worksheet;quality_mrp_workorder,Quality Worksheet for Workorder,
02_OTHER,quality_repair,__manifest__.py,Repair features for Quality Control,1.0,OEEL-1,Supply Chain/Quality,Odoo S.A.,,True,False,True,2,quality_control;repair,Quality Management with Repair,
02_OTHER,rating,__manifest__.py,Customer Rating,1.1,LGPL-3,Productivity,Odoo S.A.,,True,False,False,1,mail,,
02_OTHER,repair,__manifest__.py,Repairs,1.0,LGPL-3,Supply Chain/Inventory,Odoo S.A.,,True,True,False,2,sale_stock;sale_management,Repair damaged products,
02_OTHER,resource,__manifest__.py,Resource,1.1,LGPL-3,Hidden,Odoo S.A.,,True,False,False,2,base;web,,
02_OTHER,resource_mail,__manifest__.py,Resource Mail,1.0,LGPL-3,Hidden,Odoo S.A.,,True,False,True,2,resource;mail,,
02_OTHER,room,__manifest__.py,Meeting Rooms,1.0,OEEL-1,Productivity/Room,Odoo S.A.,,True,True,False,2,mail;web_gantt,Manage Meeting Rooms,
02_OTHER,rpc,__manifest__.py,RPC endpoints,,LGPL-3,Extra Tools,Odoo S.A.,,True,False,True,1,base,,
02_OTHER,sale,__manifest__.py,Sales,1.2,LGPL-3,Sales/Sales,Odoo S.A.,,True,False,False,3,sales_team;account_payment;utm,Sales internal machinery,
02_OTHER,sale_account_accountant,__manifest__.py,Sale Accounting,1.0,OEEL-1,Sales/Sales,Odoo S.A.,,True,False,True,2,sale;account_accountant,Bridge between Sale and Accounting,
02_OTHER,sale_amazon,__manifest__.py,Amazon Connector,1.1,OEEL-1,Sales/Sales,Odoo S.A.,,True,True,False,2,sale_management;stock_delivery,Import Amazon orders and sync deliveries,
02_OTHER,sale_amazon_avatax,__manifest__.py,Amazon/Avatax Bridge,1.0,OEEL-1,Sales/Sales,Odoo S.A.,,True,False,True,2,sale_amazon;account_avatax,Bridge module between Amazon Connector and Avatax,
02_OTHER,sale_commission,__manifest__.py,Sale Commission,1.0,OEEL-1,Sales/Commission,Odoo S.A.,,True,False,False,1,sale_management,Manage your salespersons' commissions,
02_OTHER,sale_commission_margin,__manifest__.py,Sale Commission: Margin,1.0,OEEL-1,Sales/Commission,Odoo S.A.,,True,False,True,2,sale_commission;sale_margin,Manage your salespersons' commissions,
02_OTHER,sale_commission_subscription,__manifest__.py,Sale Commission: Subscription,1.0,OEEL-1,Sales/Commission,Odoo S.A.,,True,False,True,2,sale_commission;sale_subscription,Manage your salespersons' commissions,
02_OTHER,sale_crm,__manifest__.py,Opportunity to Quotation,1.0,LGPL-3,Sales/Sales,Odoo S.A.,,True,False,True,2,sale;crm,,
02_OTHER,sale_edi_ubl,__manifest__.py,Import electronic orders with UBL,1.0,LGPL-3,Sales/Sales,Odoo S.A.,,True,False,True,2,sale;account_edi_ubl_cii,,
02_OTHER,sale_enterprise,__manifest__.py,Sale Enterprise,,OEEL-1,Sales,Odoo S.A.,,True,False,True,2,sale;web_map,Advanced Features for Sale Management,
02_OTHER,sale_expense,__manifest__.py,Sales Expense,1.0,LGPL-3,Sales/Sales,Odoo S.A.,,True,False,True,2,sale_management;hr_expense,"Quotation, Sales Orders, Delivery & Invoicing Control",
02_OTHER,sale_expense_margin,__manifest__.py,Sales Expense Margin,1.0,LGPL-3,Sales/Sales,Odoo S.A.,,True,False,True,2,sale_expense;sale_margin,,
02_OTHER,sale_external_tax,__manifest__.py,3rd Party Tax Calculation for Sale,1.0,OEEL-1,Accounting/Accounting,Odoo S.A.,,True,False,True,2,account_external_tax;sale,,
02_OTHER,sale_gelato,__manifest__.py,Gelato,,LGPL-3,Sales/Sales,Odoo S.A.,,True,False,False,2,sale;delivery,Place orders through Gelato's print-on-demand service,
02_OTHER,sale_gelato_stock,__manifest__.py,Gelato/Stock bridge,,LGPL-3,Sales/Sales,Odoo S.A.,,True,False,True,2,sale_gelato;sale_stock,,
02_OTHER,sale_intrastat,__manifest__.py,Sale Intrastat,,OEEL-1,Accounting/Accounting,Odoo S.A.,,True,False,True,2,sale;account_intrastat,,
02_OTHER,sale_lazada,__manifest__.py,Lazada Connector,,OEEL-1,Sales/Sales,Odoo S.A.,,True,True,False,2,sale_management;stock_delivery,Import Lazada orders and sync deliveries,
02_OTHER,sale_loyalty,__manifest__.py,Sale Loyalty,1.0,LGPL-3,Sales/Sales,Odoo S.A.,,True,False,True,2,sale;loyalty,Use discounts and loyalty programs in sales orders,
02_OTHER,sale_loyalty_delivery,__manifest__.py,Sale Loyalty - Delivery,,LGPL-3,Sales/Sales,Odoo S.A.,,True,False,True,2,sale_loyalty;delivery,Adds free shipping mechanism in sales orders,
02_OTHER,sale_management,__manifest__.py,Sales,1.0,LGPL-3,Sales/Sales,Odoo S.A.,https://www.odoo.com/app/sales,True,True,False,2,sale;digest,From quotations to invoices,
02_OTHER,sale_management_renting,__manifest__.py,Sale Management for Rental,1.0,OEEL-1,Sales/Sales,Odoo S.A.,,True,False,True,2,sale_renting;sale_management,,
02_OTHER,sale_margin,__manifest__.py,Margins in Sales Orders,1.0,LGPL-3,Sales/Sales,Odoo S.A.,,True,False,False,1,sale_management,,
02_OTHER,sale_mrp,__manifest__.py,Sales and MRP Management,1.0,LGPL-3,Sales/Sales,Odoo S.A.,,True,False,True,2,mrp;sale_stock,,
02_OTHER,sale_mrp_margin,__manifest__.py,Sale Mrp Margin,0.1,LGPL-3,Sales/Sales,Odoo S.A.,,True,False,False,2,sale_mrp;sale_stock_margin,,
02_OTHER,sale_mrp_renting,__manifest__.py,Rental Manufacturing Bridge,1.0,OEEL-1,Sales/Sales,Odoo S.A.,,True,False,True,2,sale_stock_renting;sale_mrp,Kits rental,
02_OTHER,sale_pdf_quote_builder,__manifest__.py,Sales PDF Quotation Builder,,LGPL-3,Sales/Sales,Odoo S.A.,,True,False,True,1,sale_management,,
02_OTHER,sale_planning,__manifest__.py,Sale Planning,,OEEL-1,Sales/Sales,Odoo S.A.,,True,False,"['sale_management', 'planning']",3,sale_management;sale_service;planning,,
02_OTHER,sale_product_matrix,__manifest__.py,Sale Matrix,1.0,LGPL-3,Sales/Sales,Odoo S.A.,,True,False,False,2,sale;product_matrix,Add variants to Sales Order through a grid entry.,
02_OTHER,sale_project,__manifest__.py,Sales - Project,,LGPL-3,Sales/Sales,Odoo S.A.,,True,False,"['sale_management', 'project_account']",3,sale_management;sale_service;project_account,Task Generation from Sales Orders,
02_OTHER,sale_project_forecast,__manifest__.py,Sale Project Forecast,,OEEL-1,Sales/Sales,Odoo S.A.,,True,False,True,3,sale_planning;sale_project;project_forecast,,
02_OTHER,sale_project_stock,__manifest__.py,Sale Project - Sale Stock,1.0,LGPL-3,Sales,Odoo S.A.,,True,False,True,3,sale_project;sale_stock;project_stock_account,Adds a full traceability of inventory operations on the profitability report.,
02_OTHER,sale_project_stock_account,__manifest__.py,Sale Project Stock Account,1.0,LGPL-3,Services/Project,Odoo S.A.,,True,False,True,2,sale_project;project_stock_account,Technical Bridge,
02_OTHER,sale_purchase,__manifest__.py,Sale Purchase,1.0,LGPL-3,Sales/Sales,Odoo S.A.,https://www.odoo.com/,True,False,True,2,sale;purchase,Sale based on service outsourcing.,
02_OTHER,sale_purchase_inter_company_rules,__manifest__.py,Inter Company Module for Sale/Purchase Orders and Invoices,1.1,OEEL-1,Productivity,Odoo S.A.,,True,False,True,3,sale_management;purchase;account_inter_company_rules,Intercompany SO/PO/INV rules,
02_OTHER,sale_purchase_project,__manifest__.py,Sale Purchase Project,1.0,LGPL-3,Sales,Odoo S.A.,,True,False,True,3,sale_purchase;project_purchase;sale_project,Technical Bridge,
02_OTHER,sale_purchase_stock,__manifest__.py,MTO Sale <-> Purchase,1.0,LGPL-3,Sales/Sales,Odoo S.A.,,True,False,True,3,sale_stock;purchase_stock;sale_purchase,SO/PO relation in case of MTO,
02_OTHER,sale_purchase_stock_inter_company_rules,__manifest__.py,Inter Company Module for Sale/Purchase Orders (with Inventory link),1.1,OEEL-1,Productivity,Odoo S.A.,,True,False,True,3,sale_stock;purchase_stock;sale_purchase_inter_company_rules,Intercompany SO/PO,
02_OTHER,sale_renting,__manifest__.py,Rental,1.0,OEEL-1,Sales/Sales,Odoo S.A.,https://www.odoo.com/app/rental,True,True,False,2,sale;web_gantt,"Manage rental contracts, deliveries and returns",
02_OTHER,sale_renting_crm,__manifest__.py,Opportunity to Rental,1.0,OEEL-1,Sales/Sales,Odoo S.A.,,True,False,True,2,sale_renting;sale_crm,,
02_OTHER,sale_renting_planning,__manifest__.py,Rental/Planning Bridge,,OEEL-1,Sales/Sales,Odoo S.A.,,True,False,True,2,sale_planning;sale_renting,This module Integrate Planning with Rental,
02_OTHER,sale_renting_project,__manifest__.py,Sale Renting Project,,LGPL-3,Sales/Sales,Odoo S.A.,,True,False,True,2,sale_renting;sale_project,Technical Bridge,
02_OTHER,sale_service,__manifest__.py,Sales - Service,,LGPL-3,Sales/Sales,Odoo S.A.,,True,False,False,1,sale_management,Interaction between Sales and services apps (project and planning),
02_OTHER,sale_shopee,__manifest__.py,Shopee Connector,,OEEL-1,Sales/Sales,Odoo S.A.,,True,True,False,2,sale_management;stock_delivery,Import Shopee orders and sync deliveries,
02_OTHER,sale_sms,__manifest__.py,Sale - SMS,1.0,LGPL-3,Sales/Sales,Odoo S.A.,,True,False,True,2,sale;sms,Ease SMS integration with sales capabilities,
02_OTHER,sale_stock,__manifest__.py,Sales and Warehouse Management,1.0,LGPL-3,Sales/Sales,Odoo S.A.,,True,False,True,2,sale;stock_account,"Quotation, Sales Orders, Delivery & Invoicing Control",
02_OTHER,sale_stock_margin,__manifest__.py,Sale Stock Margin,0.1,LGPL-3,Sales/Sales,Odoo S.A.,,True,False,True,2,sale_stock;sale_margin,,
02_OTHER,sale_stock_product_expiry,__manifest__.py,Sale Stock Product Expiry,0.1,LGPL-3,Sales/Sales,Odoo S.A.,,True,False,True,2,sale_stock;product_expiry,,
02_OTHER,sale_stock_renting,__manifest__.py,Rental Stock Management,1.0,OEEL-1,Sales/Sales,Odoo S.A.,https://www.odoo.com,True,False,True,2,sale_renting;sale_stock,Allows use of stock application to manage rentals inventory,
02_OTHER,sale_subscription,__manifest__.py,Subscriptions,1.1,OEEL-1,Sales/Subscriptions,Camptocamp / Odoo,https://www.odoo.com/app/subscriptions,True,True,False,6,account_accountant;sale_management;portal;web_cohort;rating;sms,Generate recurring invoices and manage renewals,
02_OTHER,sale_subscription_external_tax,__manifest__.py,External Tax Calculation for Subscriptions,1.0,OEEL-1,Accounting/Accounting,Odoo S.A.,,True,False,True,2,sale_external_tax;sale_subscription,,
02_OTHER,sale_subscription_partnership,__manifest__.py,Subscriptions of membership / partnership ,1.0,OEEL-1,Sales/Subscriptions,Odoo S.A.,,True,False,True,2,partnership;sale_subscription,,
02_OTHER,sale_subscription_stock,__manifest__.py,Sale Subscriptions Stock,1.0,OEEL-1,Sales/Subscriptions,Odoo S.A.,https://www.odoo.com/app/subscriptions,True,False,True,2,sale_subscription;sale_stock,Allow to create recurring order on storable product,
02_OTHER,sale_subscription_timesheet,__manifest__.py,Project Sales Subscription Timesheet,1.0,OEEL-1,Services/sales/subscriptions,Odoo S.A.,,True,False,True,2,project_sale_subscription;sale_timesheet,Project sales subscriptions,
02_OTHER,sale_timesheet,__manifest__.py,Sales Timesheet,,LGPL-3,Sales/Sales,Odoo S.A.,,True,False,True,2,sale_project;hr_timesheet,Sell based on timesheets,
02_OTHER,sale_timesheet_enterprise,__manifest__.py,Sales Timesheet: Invoicing,0.1,OEEL-1,Sales/Sales,Odoo S.A.,,True,False,True,2,sale_timesheet;timesheet_grid,Configure timesheet invoicing,
02_OTHER,sale_timesheet_enterprise_holidays,__manifest__.py,Sales Timesheet: Time Off,0.1,OEEL-1,Sales/Sales,Odoo S.A.,,True,False,True,2,sale_timesheet_enterprise;project_timesheet_holidays,Exclude the timeoff timesheet entries from the rank calculation in the Timesheets Leaderboard.,
02_OTHER,sale_timesheet_margin,__manifest__.py,Service Margins in Sales Orders,1.0,LGPL-3,Sales/Sales,Odoo S.A.,,True,False,True,2,sale_margin;sale_timesheet,Bridge module between Sales Margin and Sales Timesheet,
02_OTHER,sales_team,__manifest__.py,Sales Teams,1.1,LGPL-3,Sales/Sales,Odoo S.A.,https://www.odoo.com/app/crm,True,False,False,2,base;mail,Sales Teams,
02_OTHER,sign,__manifest__.py,Sign,1.0,OEEL-1,Sales/Sign,Odoo S.A.,https://www.odoo.com/app/sign,True,True,False,5,mail;attachment_indexation;portal;sms;certificate,Send and request electronic signatures.,
02_OTHER,sign_ai,__manifest__.py,Sign AI Integration,1.0,OEEL-1,Hidden,Odoo S.A.,,True,False,True,2,sign;ai,Sign AI integration,
02_OTHER,sign_emsigner,__manifest__.py,Sign emSigner,1.0,OEEL-1,Sales/Sign,Odoo S.A.,,True,False,False,2,sign;iap,Sign documents with emSigner,
02_OTHER,sign_itsme,__manifest__.py,Sign itsme,1.0,OEEL-1,Sales/Sign,Odoo S.A.,,True,False,False,2,sign;iap,Sign documents with itsme® identification,
02_OTHER,sms,__manifest__.py,SMS gateway,3.0,LGPL-3,Sales/Sales,Odoo S.A.,,True,False,True,4,base;iap_mail;mail;phone_validation,SMS Text Messaging,
02_OTHER,sms_twilio,__manifest__.py,Twilio SMS,1.0,LGPL-3,Hidden/Tools,Odoo S.A.,,True,False,False,1,sms,Send SMS messages using Twilio,
02_OTHER,snailmail,__manifest__.py,Snail Mail,0.4,LGPL-3,Hidden/Tools,Odoo S.A.,,True,False,True,2,iap_mail;mail,,
02_OTHER,snailmail_account,__manifest__.py,Snail Mail - Account,0.1,LGPL-3,Hidden/Tools,Odoo S.A.,,True,False,True,2,account;snailmail,,
02_OTHER,snailmail_account_followup,__manifest__.py,Snail Mail Follow-Up,1.0,OEEL-1,Accounting/Accounting,Odoo S.A.,,True,False,True,2,snailmail_account;account_followup,Extension to send follow-up documents by post,
02_OTHER,social,__manifest__.py,Social Marketing,1.3,OEEL-1,Marketing/Social Marketing,Odoo S.A.,https://www.odoo.com/app/social-marketing,True,True,False,4,web;mail;iap;link_tracker,Manage your social media and website visitors,
02_OTHER,social_crm,__manifest__.py,Leads statistics and generation on social,1.0,OEEL-1,Marketing/Social Marketing,Odoo S.A.,,True,False,True,2,social;crm,Add crm UTM info on social,
02_OTHER,social_demo,__manifest__.py,Social Demo Module,1.0,OEEL-1,Marketing/Social Marketing,Odoo S.A.,,True,False,False,7,social;social_facebook;social_twitter;social_linkedin;social_youtube;social_instagram;product,Get demo data for the social module,
02_OTHER,social_facebook,__manifest__.py,Social Facebook,1.0,OEEL-1,Marketing/Social Marketing,Odoo S.A.,,True,False,True,1,social,Manage your Facebook pages and schedule posts,
02_OTHER,social_instagram,__manifest__.py,Social Instagram,1.0,OEEL-1,Social,Odoo S.A.,,True,False,True,1,social,Manage your Instagram Business accounts and schedule posts,
02_OTHER,social_linkedin,__manifest__.py,Social LinkedIn,0.1,OEEL-1,Marketing/Social Marketing,Odoo S.A.,,True,False,True,2,social;iap,Manage your LinkedIn accounts and schedule posts,
02_OTHER,social_media,__manifest__.py,Social Media,0.1,LGPL-3,Marketing/Social Marketing,Odoo S.A.,,True,False,False,1,base,Social media connectors for company settings.,
02_OTHER,social_push_notifications,__manifest__.py,Social Push Notifications,1.1,OEEL-1,Marketing/Social Marketing,Odoo S.A.,,True,False,True,2,social;website,Send live notifications to your web visitors,
02_OTHER,social_sale,__manifest__.py,Sale statistics on social,1.0,OEEL-1,Marketing/Social Marketing,Odoo S.A.,,True,False,True,2,social;sale,Add sale UTM info on social,
02_OTHER,social_test_full,__manifest__.py,Social Tests (Full),1.0,OEEL-1,Hidden,Odoo S.A.,,True,False,False,7,social_facebook;social_instagram;social_linkedin;social_push_notifications;social_twitter;social_youtube;social_crm,Social Tests: tests specific to social with all sub-modules,
02_OTHER,social_twitter,__manifest__.py,Social X,1.1,OEEL-1,Marketing/Social Marketing,Odoo S.A.,,True,False,True,2,social;iap,Manage your X accounts and schedule posts,
02_OTHER,social_youtube,__manifest__.py,Social YouTube,1.1,OEEL-1,Marketing/Social Marketing,Odoo S.A.,,True,False,True,2,social;iap,Manage your YouTube videos and schedule video uploads,
02_OTHER,spreadsheet,__manifest__.py,Spreadsheet,1.0,LGPL-3,Productivity/Dashboard,Odoo S.A.,,True,False,False,3,bus;web;portal,Spreadsheet,
02_OTHER,spreadsheet_account,__manifest__.py,Spreadsheet Accounting Formulas,1.0,LGPL-3,Accounting,Odoo S.A.,,True,False,True,2,spreadsheet;account,Spreadsheet Accounting formulas,
02_OTHER,spreadsheet_dashboard,__manifest__.py,Spreadsheet dashboard,1.0,LGPL-3,Productivity/Dashboard,Odoo S.A.,,True,False,False,1,spreadsheet,Spreadsheet,
02_OTHER,spreadsheet_dashboard_account,__manifest__.py,Spreadsheet dashboard for accounting,1.0,LGPL-3,Productivity/Dashboard,Odoo S.A.,,True,False,['account'],2,spreadsheet_dashboard;account,Spreadsheet,
02_OTHER,spreadsheet_dashboard_account_accountant,__manifest__.py,Spreadsheet dashboard for accounting,1.0,OEEL-1,Productivity/Dashboard,Odoo S.A.,,True,False,['accountant'],2,spreadsheet_dashboard;accountant,Spreadsheet,
02_OTHER,spreadsheet_dashboard_crm,__manifest__.py,Spreadsheet dashboard for CRM,1.0,OEEL-1,Productivity/Dashboard,Odoo S.A.,,True,False,['crm_enterprise'],2,spreadsheet_dashboard;crm_enterprise,Spreadsheet,
02_OTHER,spreadsheet_dashboard_documents,__manifest__.py,Spreadsheet Documents,1.0,OEEL-1,Productivity/Documents,Odoo S.A.,,True,False,True,2,spreadsheet_dashboard_edition;documents_spreadsheet,Spreadsheet Documents,
02_OTHER,spreadsheet_dashboard_edition,__manifest__.py,Spreadsheet dashboard edition,1.0,OEEL-1,Productivity/Dashboard,Odoo S.A.,,True,False,True,2,spreadsheet_dashboard;spreadsheet_edition,Spreadsheet Dashboard edition,
02_OTHER,spreadsheet_dashboard_event_sale,__manifest__.py,Spreadsheet dashboard for events,1.0,LGPL-3,Productivity/Dashboard,Odoo S.A.,,True,False,['event_sale'],2,spreadsheet_dashboard;event_sale,Spreadsheet,
02_OTHER,spreadsheet_dashboard_helpdesk,__manifest__.py,Spreadsheet dashboard for helpdesk,1.0,OEEL-1,Productivity/Dashboard,Odoo S.A.,,True,False,['helpdesk'],2,spreadsheet_dashboard;helpdesk,Spreadsheet,
02_OTHER,spreadsheet_dashboard_hr_expense,__manifest__.py,Spreadsheet dashboard for expenses,1.0,LGPL-3,Productivity/Dashboard,Odoo S.A.,,True,False,['sale_expense'],2,spreadsheet_dashboard;sale_expense,Spreadsheet,
02_OTHER,spreadsheet_dashboard_hr_payroll,__manifest__.py,Spreadsheet dashboard for payroll,1.0,OEEL-1,Productivity/Dashboard,Odoo S.A.,,True,False,['hr_payroll'],2,spreadsheet_dashboard;hr_payroll,Spreadsheet,
02_OTHER,spreadsheet_dashboard_hr_referral,__manifest__.py,Spreadsheet dashboard for recruitment,1.0,OEEL-1,Productivity/Dashboard,Odoo S.A.,,True,False,"['hr_referral', 'hr_contract_salary']",3,spreadsheet_dashboard;hr_referral;hr_contract_salary,Spreadsheet,
02_OTHER,spreadsheet_dashboard_hr_timesheet,__manifest__.py,Spreadsheet dashboard for time sheets,1.0,LGPL-3,Productivity/Dashboard,Odoo S.A.,,True,False,['hr_timesheet'],2,spreadsheet_dashboard;hr_timesheet,Spreadsheet,
02_OTHER,spreadsheet_dashboard_im_livechat,__manifest__.py,Spreadsheet dashboard for live chat,1.0,LGPL-3,Productivity/Dashboard,Odoo S.A.,,True,False,['im_livechat'],2,spreadsheet_dashboard;im_livechat,Spreadsheet,
02_OTHER,spreadsheet_dashboard_marketing_automation,__manifest__.py,Spreadsheet dashboard for marketing automation,1.0,LGPL-3,Productivity/Dashboard,Odoo S.A.,,True,False,['marketing_automation'],2,spreadsheet_dashboard;marketing_automation,Spreadsheet,
02_OTHER,spreadsheet_dashboard_mrp_account,__manifest__.py,Spreadsheet dashboard for manufacturing,1.0,OEEL-1,Productivity/Dashboard,Odoo S.A.,,True,False,['mrp_account_enterprise'],2,spreadsheet_dashboard;mrp_account_enterprise,Spreadsheet,
02_OTHER,spreadsheet_dashboard_pos_hr,__manifest__.py,Spreadsheet dashboard for point of sale,1.0,LGPL-3,Productivity/Dashboard,Odoo S.A.,,True,False,['pos_hr'],2,spreadsheet_dashboard;pos_hr,Spreadsheet,
02_OTHER,spreadsheet_dashboard_pos_restaurant,__manifest__.py,Spreadsheet dashboard for restaurants,1.0,LGPL-3,Productivity/Dashboard,Odoo S.A.,,True,False,"['pos_hr', 'pos_restaurant']",3,spreadsheet_dashboard;pos_hr;pos_restaurant,Spreadsheet,
02_OTHER,spreadsheet_dashboard_purchase_stock,__manifest__.py,Spreadsheet dashboard for purchases,,OEEL-1,Productivity/Dashboard,Odoo S.A.,,True,False,"['purchase_stock', 'stock_enterprise']",3,spreadsheet_dashboard;purchase_stock;stock_enterprise,Spreadsheet,
02_OTHER,spreadsheet_dashboard_sale,__manifest__.py,Spreadsheet dashboard for sales,1.0,LGPL-3,Productivity/Dashboard,Odoo S.A.,,True,False,['sale'],2,spreadsheet_dashboard;sale,Spreadsheet,
02_OTHER,spreadsheet_dashboard_sale_renting,__manifest__.py,Spreadsheet dashboard for rental,1.0,OEEL-1,Productivity/Dashboard,Odoo S.A.,,True,False,['sale_renting'],2,spreadsheet_dashboard;sale_renting,Spreadsheet,
02_OTHER,spreadsheet_dashboard_sale_subscription,__manifest__.py,Spreadsheet dashboard for subscriptions,,OEEL-1,Productivity/Dashboard,Odoo S.A.,,True,False,['sale_subscription'],2,spreadsheet_dashboard;sale_subscription,Spreadsheet,
02_OTHER,spreadsheet_dashboard_sale_timesheet,__manifest__.py,Spreadsheet dashboard for time sheets,1.0,LGPL-3,Productivity/Dashboard,Odoo S.A.,,True,False,['sale_timesheet'],2,spreadsheet_dashboard;sale_timesheet,Spreadsheet,
02_OTHER,spreadsheet_dashboard_stock,__manifest__.py,Spreadsheet dashboard for stock,,OEEL-1,Productivity/Dashboard,Odoo S.A.,,True,False,['stock_enterprise'],2,spreadsheet_dashboard;stock_enterprise,Spreadsheet,
02_OTHER,spreadsheet_dashboard_stock_account,__manifest__.py,Spreadsheet dashboard for stock,,LGPL-3,Productivity/Dashboard,Odoo S.A.,,True,False,['stock_account'],2,spreadsheet_dashboard;stock_account,Spreadsheet,
02_OTHER,spreadsheet_dashboard_website_sale,__manifest__.py,Spreadsheet dashboard for eCommerce,1.0,LGPL-3,Productivity/Dashboard,Odoo S.A.,,True,False,['website_sale'],2,spreadsheet_dashboard;website_sale,Spreadsheet,
02_OTHER,spreadsheet_dashboard_website_sale_slides,__manifest__.py,Spreadsheet dashboard for eLearning,1.0,LGPL-3,Productivity/Dashboard,Odoo S.A.,,True,False,['website_sale_slides'],2,spreadsheet_dashboard;website_sale_slides,Spreadsheet,
02_OTHER,spreadsheet_edition,__manifest__.py,Spreadsheet,1.0,OEEL-1,Productivity/Dashboard,Odoo S.A.,,True,False,True,3,spreadsheet;mail;web_enterprise,Spreadsheet,
02_OTHER,spreadsheet_sale_management,__manifest__.py,Sale order spreadsheet,1.0,OEEL-1,Sales/Sales,Odoo S.A.,,True,False,['sale_management'],2,spreadsheet_edition;sale_management,,
02_OTHER,stock,__manifest__.py,Inventory,1.1,LGPL-3,Supply Chain/Inventory,Odoo S.A.,https://www.odoo.com/app/inventory,True,True,False,3,product;barcodes_gs1_nomenclature;digest,Manage your stock and logistics activities,
02_OTHER,stock_account,__manifest__.py,WMS Accounting,1.1,LGPL-3,Supply Chain/Inventory,Odoo S.A.,,True,False,True,2,stock;account,"Inventory, Logistic, Valuation, Accounting",
02_OTHER,stock_accountant,__manifest__.py,Stock Accounting,1.0,OEEL-1,Supply Chain/Inventory,Odoo S.A.,,True,False,True,3,stock_account;account_accountant;account_reports,Bridge between Stock and Accounting,
02_OTHER,stock_barcode,__manifest__.py,Barcode,1.0,OEEL-1,Supply Chain/Inventory,Odoo S.A.,,True,True,True,3,stock;web_tour;web_mobile,Use barcode scanners to process logistics operations,
02_OTHER,stock_barcode_barcodelookup,__manifest__.py,Stock Barcode - Barcode Lookup,,OEEL-1,Supply Chain/Inventory,Odoo S.A.,,True,False,False,2,product_barcodelookup;stock_barcode,,
02_OTHER,stock_barcode_mrp,__manifest__.py,MRP Barcode,1.0,OEEL-1,Supply Chain/Inventory,Odoo S.A.,,True,False,True,2,stock_barcode;mrp,Process Manufacturing Orders from the barcode application,
02_OTHER,stock_barcode_mrp_subcontracting,__manifest__.py,Subcontract with Barcode,1.0,OEEL-1,Supply Chain/Inventory,Odoo S.A.,,True,False,True,2,stock_barcode;mrp_subcontracting,Allows the subcontracting process with the barcode views,
02_OTHER,stock_barcode_picking_batch,__manifest__.py,Barcode for Batch Transfer,1.0,OEEL-1,Supply Chain/Inventory,Odoo S.A.,,True,False,True,2,stock_barcode;stock_picking_batch,Add the support of batch transfers into the barcode view,
02_OTHER,stock_barcode_product_expiry,__manifest__.py,Barcode Expiry,1.0,OEEL-1,Supply Chain/Inventory,Odoo S.A.,,True,False,True,2,stock_barcode;product_expiry,,
02_OTHER,stock_barcode_quality_control,__manifest__.py,Barcode Quality bridge module,1.0,OEEL-1,Supply Chain/Inventory,Odoo S.A.,,True,False,True,2,stock_barcode;quality_control,Allows the usage of quality checks within the barcode views,
02_OTHER,stock_barcode_quality_control_picking_batch,__manifest__.py,Barcode/Quality/Batch Transfer bridge module,1.0,OEEL-1,Supply Chain/Inventory,Odoo S.A.,,True,False,True,2,quality_control_picking_batch;stock_barcode_quality_control,,
02_OTHER,stock_barcode_quality_mrp,__manifest__.py,Barcode Quality MRP module,1.0,OEEL-1,Supply Chain/Inventory,Odoo S.A.,,True,False,True,2,stock_barcode;quality_mrp,,
02_OTHER,stock_delivery,__manifest__.py,Delivery - Stock,1.0,LGPL-3,Shipping Connectors,Odoo S.A.,,True,False,True,2,sale_stock;delivery,,
02_OTHER,stock_dropshipping,__manifest__.py,Drop Shipping,1.0,LGPL-3,Supply Chain/Inventory,Odoo S.A.,,True,False,False,1,sale_purchase_stock,Drop Shipping,
02_OTHER,stock_enterprise,__manifest__.py,Stock enterprise,1.0,OEEL-1,Supply Chain/Inventory,Odoo S.A.,,True,False,['stock'],3,stock;web_cohort;web_map,Advanced features for Stock,
02_OTHER,stock_fleet,__manifest__.py,Stock Transport,1.0,LGPL-3,,Odoo S.A.,,True,False,False,2,stock_picking_batch;fleet,Stock Transport: Dispatch Management System,
02_OTHER,stock_fleet_enterprise,__manifest__.py,Stock Transport Enterprise,1.0,OEEL-1,,Odoo S.A.,,True,False,True,3,stock_fleet;web_gantt;web_map,Bridge module for stock_fleet and enterprise,
02_OTHER,stock_intrastat,__manifest__.py,Stock Intrastat,,OEEL-1,Supply Chain/Inventory,Odoo S.A.,,True,False,True,2,stock_account;account_intrastat,,
02_OTHER,stock_landed_costs,__manifest__.py,WMS Landed Costs,1.1,LGPL-3,Supply Chain/Inventory,Odoo S.A.,,True,False,False,2,stock_account;purchase_stock,Landed Costs,
02_OTHER,stock_maintenance,__manifest__.py,Stock - Maintenance,1.0,LGPL-3,Supply Chain/Inventory,Odoo S.A.,,True,False,True,2,stock;maintenance,See lots used in maintenance,
02_OTHER,stock_picking_batch,__manifest__.py,Warehouse Management: Batch Transfer,1.0,LGPL-3,Supply Chain/Inventory,Odoo S.A.,,True,False,False,1,stock,,
02_OTHER,stock_sms,__manifest__.py,Stock - SMS,1.0,LGPL-3,Supply Chain/Inventory,Odoo S.A.,,True,False,True,2,stock;sms,Send text messages when final stock move,
02_OTHER,survey,__manifest__.py,Surveys,3.7,LGPL-3,Marketing/Surveys,Odoo S.A.,https://www.odoo.com/app/surveys,True,True,False,5,auth_signup;http_routing;mail;web_tour;gamification,Send your surveys or share them live.,
02_OTHER,survey_crm,__manifest__.py,Survey CRM,1.0,LGPL-3,Marketing/Surveys,Odoo S.A.,,True,False,True,2,survey;crm,Generate leads from surveys,
02_OTHER,test_access_rights,__manifest__.py,test of access rights and rules,0.0.1,LGPL-3,Hidden/Tests,Odoo S.A.,,True,False,False,0,,,
02_OTHER,test_action_bindings,__manifest__.py,Test Action Bindings,,LGPL-3,Hidden/Tests,Odoo S.A.,,True,False,False,0,,,
02_OTHER,test_ai_fields,__manifest__.py,Test AI Field,1.0,LGPL-3,Hidden/Tests,Odoo S.A.,,True,False,False,1,ai_fields,,
02_OTHER,test_appointment_full,__manifest__.py,Appointment Testing Module,1.0,OEEL-1,Hidden/Tests,Odoo S.A.,https://www.odoo.com/app/appointments,True,False,False,5,appointment_crm;appointment_hr;google_calendar;microsoft_calendar;website_appointment,Appointment Testing Module,
02_OTHER,test_assetsbundle,__manifest__.py,test-assetsbundle,0.1,LGPL-3,Hidden/Tests,Odoo S.A.,,True,False,False,1,base,,
02_OTHER,test_auth_custom,__manifest__.py,Tests that custom auth works & is not impaired by CORS,,LGPL-3,Hidden,Odoo S.A.,,True,False,False,0,,,
02_OTHER,test_base_automation,__manifest__.py,Test - Base Automation,1.0,LGPL-3,Hidden,Odoo S.A.,,True,False,False,1,base_automation,Base Automation Tests: Ensure Flow Robustness,
02_OTHER,test_convert,__manifest__.py,test_convert,0.0.1,LGPL-3,Hidden/Tests,Odoo S.A.,,True,False,False,0,,,
02_OTHER,test_converter,__manifest__.py,test-field-converter,0.1,LGPL-3,Hidden/Tests,Odoo S.A.,,True,False,False,1,base,,
02_OTHER,test_crm_full,__manifest__.py,Test Full Crm Flow,1.0,LGPL-3,Hidden/Tests,Odoo S.A.,,True,False,False,10,crm;crm_iap_enrich;crm_iap_mine;crm_sms;event_crm;sale_crm;website_crm;website_crm_iap_reveal;website_crm_partner_assign;website_crm_livechat,,
02_OTHER,test_data_cleaning,__manifest__.py,Test Data Cleaning,,OEEL-1,Hidden,Odoo S.A.,,True,False,False,1,data_cleaning,Test Suite for Data Cleaning,
02_OTHER,test_data_module,__manifest__.py,test module to test data only modules,0.0.1,LGPL-3,Hidden/Tests,Odoo S.A.,,True,False,False,0,,,
02_OTHER,test_data_module_install,__manifest__.py,test installation of data module,0.0.1,LGPL-3,Hidden/Tests,Odoo S.A.,,True,False,False,1,test_data_module,,
02_OTHER,test_discuss_full,__manifest__.py,Test Discuss (full),1.0,LGPL-3,Productivity/Discuss,Odoo S.A.,,True,False,False,14,calendar;crm;crm_livechat;hr_attendance;hr_fleet;hr_holidays;hr_homeworking;im_livechat;mail;mail_bot;project_todo;website_livechat;website_sale;website_slides,Test of Discuss with all possible overrides installed.,
02_OTHER,test_discuss_full_enterprise,__manifest__.py,Test Discuss Full Enterprise,,OEEL-1,Hidden,Odoo S.A.,,True,False,"['test_discuss_full', 'web_enterprise']",16,ai;account_accountant;account_invoice_extract;approvals;documents;knowledge;mail_enterprise;sign;test_discuss_full;voip;voip_ai;voip_onsip;web_enterprise;website_helpdesk_livechat;web_studio;whatsapp,Test Suite for Discuss Enterprise,
02_OTHER,test_documents_full,__manifest__.py,Documents Testing Module,,OEEL-1,Hidden/Tests,Odoo S.A.,https://www.odoo.com/app/documents,True,False,False,2,account_bank_statement_extract;documents_account,Documents Testing Module,
02_OTHER,test_event_full,__manifest__.py,Test Full Event Flow,1.0,LGPL-3,Hidden/Tests,Odoo S.A.,,True,False,False,13,event;event_booth;event_crm;event_crm_sale;event_sale;event_sms;payment_demo;website_event_booth_sale_exhibitor;website_event_exhibitor;website_event_sale;website_event_track;website_event_track_live;website_event_track_quiz,,
02_OTHER,test_event_full_enterprise,__manifest__.py,Event Test (all modules),1.0,LGPL-3,Hidden/Tests,Odoo S.A.,,True,False,False,3,event_social;test_event_full;whatsapp_event,,
02_OTHER,test_html_field_history,__manifest__.py,Test - html_field_history,1.0,LGPL-3,Hidden,Odoo S.A.,,True,False,False,1,html_editor,,
02_OTHER,test_http,__manifest__.py,Test HTTP,1.0,LGPL-3,Hidden/Tests,Odoo S.A.,,True,False,False,4,web;web_tour;mail;rpc,,
02_OTHER,test_import_export,__manifest__.py,Test - Import & Export,1.0,LGPL-3,Hidden,Odoo S.A.,,True,False,False,3,web;base_import;website,Base Import & Export Tests: Ensure Flow Robustness,
02_OTHER,test_inherit,__manifest__.py,test-inherit,0.1,LGPL-3,Hidden/Tests,Odoo S.A.,,True,False,False,2,base;test_orm,,
02_OTHER,test_inherit_depends,__manifest__.py,test-inherit-depends,1.0,LGPL-3,Hidden/Tests,Odoo S.A.,,True,False,False,2,test_inherit;test_orm,,
02_OTHER,test_inherits,__manifest__.py,test-inherits,0.1,LGPL-3,Hidden/Tests,Camptocamp,http://www.camptocamp.com,True,False,False,1,base,,
02_OTHER,test_inherits_depends,__manifest__.py,test-inherits-depends,0.1,LGPL-3,Hidden/Tests,Odoo S.A.,,True,False,False,1,test_inherits,,
02_OTHER,test_l10n_be_hr_payroll_account,__manifest__.py,Test Belgian Payroll,,OEEL-1,Human Resources,Odoo S.A.,,True,False,False,13,hr_contract_salary_payroll;l10n_be_hr_contract_salary;l10n_be_hr_payroll_account;l10n_be;l10n_be_hr_payroll_sd_worx;l10n_be_hr_payroll_group_s;l10n_be_hr_payroll_ucm;l10n_be_hr_payroll_partena;account_accountant;hr_payroll_account_iso20022;documents_hr_payroll;documents_hr;hr_skills,Test Belgian Payroll,
02_OTHER,test_l10n_hk_hr_payroll_account,__manifest__.py,Test Hong Kong Payroll,,OEEL-1,Human Resources,Odoo S.A.,,True,False,False,3,l10n_hk_hr_payroll_account;documents_l10n_hk_hr_payroll;l10n_hk_hr_payroll_empf,Test Hong Kong Payroll,
02_OTHER,test_l10n_us_hr_payroll_account,__manifest__.py,Test US Payroll,,OEEL-1,Human Resources,Odoo S.A.,,True,False,False,2,l10n_us_hr_payroll;l10n_us_hr_payroll_account,Test US Payroll,
02_OTHER,test_lint,__manifest__.py,test-lint,0.1,LGPL-3,Hidden/Tests,Odoo S.A.,,True,False,False,1,base,,
02_OTHER,test_mail,__manifest__.py,Mail Tests,1.0,LGPL-3,Hidden,Odoo S.A.,,True,False,False,2,mail;test_orm,Mail Tests: performances and tests specific to mail,
02_OTHER,test_mail_enterprise,__manifest__.py,Mail Tests (Enterprise),1.0,OEEL-1,Hidden,Odoo S.A.,,True,False,False,20,ai;documents;mail;mail_bot;mail_enterprise;mass_mailing;mass_mailing_sms;marketing_automation;marketing_automation_sms;mail_mobile;portal;rating;snailmail;sms;test_mail;test_mail_full;test_mass_mailing;test_mail_sms;voip;test_whatsapp,Mail Tests: performances and tests specific to mail with all sub-modules,
02_OTHER,test_mail_full,__manifest__.py,Mail Tests (Full),1.0,LGPL-3,Hidden,Odoo S.A.,,True,False,False,11,mail;mail_bot;portal;rating;mass_mailing;mass_mailing_sms;phone_validation;sms;test_mail;test_mail_sms;test_mass_mailing,Mail Tests: performances and tests specific to mail with all sub-modules,
02_OTHER,test_mail_sms,__manifest__.py,SMS Tests,1.0,LGPL-3,Hidden,Odoo S.A.,,True,False,False,4,mail;sms;sms_twilio;test_orm,SMS Tests: performances and tests specific to SMS,
02_OTHER,test_main_flows,__manifest__.py,Test Main Flow,1.0,LGPL-3,Hidden/Tests,Odoo S.A.,,True,False,False,6,web_tour;crm;sale_timesheet;purchase_stock;mrp;account,,
02_OTHER,test_marketing_automation,__manifest__.py,Marketing Automation Tests,1.1,OEEL-1,Hidden,Odoo S.A.,,True,False,False,8,marketing_automation;marketing_automation_sms;marketing_automation_whatsapp;test_mail;test_mail_enterprise;test_mail_full;test_mail_sms;test_mass_mailing,Test Suite for Automated Marketing Campaigns,
02_OTHER,test_mass_mailing,__manifest__.py,Mass Mail Tests,1.0,LGPL-3,Marketing/Email Marketing,Odoo S.A.,,True,False,False,5,mass_mailing;mass_mailing_sms;sms_twilio;test_mail;test_mail_sms,Mass Mail Tests: feature and performance tests for mass mailing,
02_OTHER,test_mimetypes,__manifest__.py,test mimetypes-guessing,0.1,LGPL-3,Hidden/Tests,Odoo S.A.,,True,False,False,0,,,
02_OTHER,test_orm,__manifest__.py,Test ORM,1.0,LGPL-3,Hidden/Tests,Odoo S.A.,,True,False,False,3,base;web;web_tour,,
02_OTHER,test_read_group,__manifest__.py,test of (formatted/web)_read_group,0.1,LGPL-3,Hidden/Tests,Odoo S.A.,,True,False,False,2,base;web,,
02_OTHER,test_resource,__manifest__.py,Test - Resource,1.1,LGPL-3,Hidden,Odoo S.A.,,True,False,False,1,resource,,
02_OTHER,test_rpc,__manifest__.py,Test RPC,1.0,LGPL-3,Hidden/Tests,Odoo S.A.,,True,False,False,2,web;rpc,,
02_OTHER,test_sale_product_configurators,__manifest__.py,Sale Product Configurators Tests,,LGPL-3,Hidden,Odoo S.A.,,True,False,False,3,event_sale;sale_management;sale_product_matrix,Test Suite for Sale Product Configurator,
02_OTHER,test_sale_purchase_edi_ubl,__manifest__.py,Test - Sale & Purchase Order EDI,,LGPL-3,Hidden,Odoo S.A.,,True,False,False,2,purchase_edi_ubl_bis3;sale_edi_ubl,Sale & Purchase Order EDI Tests: Ensure Flow Robustness,
02_OTHER,test_sale_subscription,__manifest__.py,Test Sale Subscription,1.0,OEEL-1,Sales/Subscriptions,Odoo S.A.,https://www.odoo.com/app/accounting,True,False,False,2,sale_subscription;payment_demo,,
02_OTHER,test_search_panel,__manifest__.py,test_search_panel,0.1,LGPL-3,Hidden/Tests,Odoo S.A.,,True,False,False,1,web,,
02_OTHER,test_sign,__manifest__.py,Test Sign,1.0,OEEL-1,Sales/Sign,Odoo S.A.,,True,False,False,5,sign;sale;crm;mrp;hr_expense,Sign Test case,
02_OTHER,test_spreadsheet,__manifest__.py,Spreadsheet Test,1.0,LGPL-3,Hidden,Odoo S.A.,,True,False,False,1,spreadsheet,"Spreadsheet Test, mainly to test the mixin behavior",
02_OTHER,test_spreadsheet_edition,__manifest__.py,Spreadsheet Test,1.0,OEEL-1,Hidden,Odoo S.A.,,True,False,False,2,spreadsheet_edition;test_spreadsheet,"Spreadsheet Test, mainly to test the mixin behavior",
02_OTHER,test_testing_utilities,__manifest__.py,Test testing utilities,,LGPL-3,Hidden/Tests,Odoo S.A.,,True,False,False,2,base;web,,
02_OTHER,test_themes,__manifest__.py,Themes Testing Module,1.0,LGPL-3,Hidden,Odoo S.A.,,True,False,False,28,theme_default;theme_anelusia;theme_artists;theme_avantgarde;theme_aviato;theme_beauty;theme_bewise;theme_bistro;theme_bookstore;theme_buzzy;theme_clean;theme_cobalt;theme_enark;theme_graphene;theme_kea;theme_kiddo;theme_loftspace;theme_monglia;theme_nano;theme_notes;theme_odoo_experts;theme_orchid;theme_paptic;theme_real_estate;theme_treehouse;theme_vehicle;theme_yes;theme_zap,Create a new website for each Odoo theme for an easy preview.,
02_OTHER,test_timer,__manifest__.py,Timer Tests,1.0,OEEL-1,Hidden/Tests,Odoo S.A.,,True,False,False,1,timer,Timer Tests: feature and performance tests for timer,
02_OTHER,test_translation_import,__manifest__.py,test-translation-import,0.1,LGPL-3,Hidden/Tests,Odoo S.A.,,True,False,False,1,base,,
02_OTHER,test_uninstall,__manifest__.py,test-uninstall,0.1,LGPL-3,Hidden/Tests,Odoo S.A.,,True,False,False,1,base,,
02_OTHER,test_web_cohort,__manifest__.py,Web Cohort Tests,1.0,OEEL-1,Hidden,Odoo S.A.,,True,False,False,1,web_cohort,Web cohort Test,
02_OTHER,test_web_gantt,__manifest__.py,Web Gantt Tests,1.0,OEEL-1,Hidden,Odoo S.A.,,True,False,False,1,web_gantt,Web Gantt Tests: Tests specific to the gantt view,
02_OTHER,test_web_studio,__manifest__.py,Web Studio Tests,1.0,OEEL-1,Hidden,Odoo S.A.,,True,False,False,3,web_studio;website;sale,Web studio Test,
02_OTHER,test_website,__manifest__.py,Website Test,1.0,LGPL-3,Hidden,Odoo S.A.,,True,False,False,3,web_unsplash;website;theme_default,"Website Test, mainly for module install/uninstall tests",
02_OTHER,test_website_modules,__manifest__.py,Website Modules Test,1.0,LGPL-3,Hidden,Odoo S.A.,,True,False,False,9,theme_default;website;website_blog;website_event_sale;website_slides;website_livechat;website_crm_iap_reveal;website_sale_comparison;website_sale_wishlist,,
02_OTHER,test_website_sale_full,__manifest__.py,Website Sale Full Tests,,OEEL-1,Hidden,Odoo S.A.,,True,False,False,3,website_sale_comparison;website_sale_renting;website_sale_wishlist,Test Suite for eCommerce functionalities in enterprise,
02_OTHER,test_website_slides_full,__manifest__.py,Test Full eLearning Flow,1.0,LGPL-3,Hidden/Tests,Odoo S.A.,,True,False,False,3,website_sale_slides;website_slides_forum;website_slides_survey,,
02_OTHER,test_whatsapp,__manifest__.py,WhatsApp Tests,1.0,LGPL-3,Hidden,Odoo S.A.,,True,False,False,4,contacts;mail;portal;whatsapp,WhatsApp Tests,
02_OTHER,theme_anelusia,__manifest__.py,Anelusia Theme,2.1.0,LGPL-3,Theme/Retail,Odoo S.A.,,True,False,False,1,theme_common,"Diversity, Fashions, Trends, Clothes, Shoes, Sports, Fitness, Stores",
02_OTHER,theme_artists,__manifest__.py,Artists Theme,2.1.0,LGPL-3,Theme/Creative,Odoo S.A.,,True,False,False,1,theme_common,"Artist, Arts, Galleries, Creative, Paintings, Photography, Shows, Stores",
02_OTHER,theme_avantgarde,__manifest__.py,Avantgarde Theme,2.0.0,LGPL-3,Theme/Creative,Odoo S.A.,,True,False,False,1,theme_common,"Design, Fine Art, Artwork, Creative, Creativity, Galleries, Trends, Shows, Magazines, Blogs",
02_OTHER,theme_aviato,__manifest__.py,Aviato Theme,1.0.0,LGPL-3,Theme/Creative,Odoo S.A.,,True,False,False,1,theme_common,"Travel, Excursion, Plane, Tour, Agency",
02_OTHER,theme_beauty,__manifest__.py,Beauty Theme,2.1.0,LGPL-3,Theme/Retail,Odoo S.A.,,True,False,False,1,theme_common,"Beauty, Health, Care, Make Up, Cosmetics, Hair Dressers, Stores",
02_OTHER,theme_bewise,__manifest__.py,Be Wise Theme,3.0.0,LGPL-3,Theme/Education,Odoo S.A.,,True,False,False,1,theme_common,"University, Education, Schools, Young, Play, Kids",
02_OTHER,theme_bistro,__manifest__.py,Bistro Theme,2.0.0,LGPL-3,Theme/Food,Odoo S.A.,,True,False,False,1,theme_common,"Bistro, Restaurant, Bar, Pub, Cafe, Food, Catering",
02_OTHER,theme_bookstore,__manifest__.py,Bookstore Theme,2.1.0,LGPL-3,Theme/Retail,Odoo S.A.,,True,False,False,1,theme_common,"Library, Books, Magazines, Literature, Musics, Media, Store",
02_OTHER,theme_buzzy,__manifest__.py,Buzzy Theme,1.0.0,LGPL-3,Theme/Corporate,Odoo S.A.,,True,False,False,1,website,"Corporate, Services, Technology, Shapes, Illustrations",
02_OTHER,theme_clean,__manifest__.py,Clean Theme,2.1.0,LGPL-3,Theme/Services,Odoo S.A.,,True,False,False,1,theme_common,"Legal, Corporate, Business, Tech, Services",
02_OTHER,theme_cobalt,__manifest__.py,Cobalt Theme,2.0.0,LGPL-3,Theme/Corporate,Odoo S.A.,,True,False,False,1,website,"Development, IT development, Design, Tech, Computers, IT, Blogs",
02_OTHER,theme_common,__manifest__.py,Theme Common,1.1,LGPL-3,Hidden,Odoo S.A.,,True,False,False,1,website,Snippets Library,
02_OTHER,theme_default,__manifest__.py,Default Theme,1.0,LGPL-3,Theme,Odoo S.A.,,True,False,False,1,website,,
02_OTHER,theme_enark,__manifest__.py,Enark Theme,2.0.0,LGPL-3,Theme/Corporate,Odoo S.A.,,True,False,False,1,theme_common,"Architect, Corporate, Business, Finance, Services",
02_OTHER,theme_graphene,__manifest__.py,Graphene Theme,2.0.0,LGPL-3,Theme/Corporate,Odoo S.A.,,True,False,False,1,theme_common,"Service, Corporate, Design, Technology, Robotics, Computers, IT, Blogs",
02_OTHER,theme_kea,__manifest__.py,Kea Theme,2.0.0,LGPL-3,Theme/Technology,Odoo S.A.,,True,False,False,1,theme_common,"Technology, Tech, IT, Computers, Stores, Virtual Reality",
02_OTHER,theme_kiddo,__manifest__.py,Kiddo Theme,2.1.0,LGPL-3,Theme/Retail,Odoo S.A.,,True,False,False,1,theme_common,"Nursery, Toys, Games, Kids, Boys, Girls, Stores",
02_OTHER,theme_loftspace,__manifest__.py,Loftspace Theme,2.1.0,LGPL-3,Theme/Retail,Odoo S.A.,,True,False,False,1,theme_common,"Furniture, Toys, Games, Kids, Boys, Girls, Stores",
02_OTHER,theme_monglia,__manifest__.py,Monglia Theme,2.0.0,LGPL-3,Theme/Services,Odoo S.A.,,True,False,False,1,theme_common,"Event, Restaurants, Bars, Pubs, Cafes, Catering, Food, Drinks, Concerts, Shows, Musics, Dance, Party",
02_OTHER,theme_nano,__manifest__.py,Nano Theme,2.0.0,LGPL-3,Theme/Lifestyle,Odoo S.A.,,True,False,False,1,theme_common,"Maker, Agencies, Creative, Design, IT, Services, Fancy",
02_OTHER,theme_notes,__manifest__.py,Notes & Play Theme,2.1.0,LGPL-3,Theme/Retail,Odoo S.A.,,True,False,False,1,theme_common,"Band, Musics, Sound, Concerts, Artists, Records, Event, Food, Stores",
02_OTHER,theme_odoo_experts,__manifest__.py,Experts Theme,2.1.0,LGPL-3,Theme/Corporate,Odoo S.A.,,True,False,False,1,theme_common,"Advisor, Corporate, Service, Business, Finance, IT",
02_OTHER,theme_orchid,__manifest__.py,Orchid Theme,3.0.0,LGPL-3,Theme/Retail,Odoo S.A.,,True,False,False,1,theme_common,"Florist, Gardens, Flowers, Nature, Green, Beauty, Stores",
02_OTHER,theme_paptic,__manifest__.py,Paptic Theme,2.1.0,LGPL-3,Theme/Corporate,Odoo S.A.,,True,False,False,1,website,"Consultancy, Design, Tech, Computers, IT, Blogs",
02_OTHER,theme_real_estate,__manifest__.py,Real Estate Theme,2.0.0,LGPL-3,Theme/Services,Odoo S.A.,,True,False,False,1,theme_common,"Real Estate, Agencies, Construction, Services, Accomodations, Lodging, Hosting, Houses, Appartments, Vacations, Holidays, Travels",
02_OTHER,theme_test_custo,__manifest__.py,Custom Theme (Testing suite),,LGPL-3,Theme/Hidden,Odoo S.A.,,True,False,False,1,website,,
02_OTHER,theme_treehouse,__manifest__.py,Treehouse Theme,2.0.0,LGPL-3,Theme/Environment,Odoo S.A.,,True,False,False,1,theme_common,"Environment, Nature, Ecology, Sustainable Development, Non Profit, NGO, Travels",
02_OTHER,theme_vehicle,__manifest__.py,Vehicle Theme,2.0.0,LGPL-3,Theme/Services,Odoo S.A.,,True,False,False,1,theme_common,"Vehicle, Cars, Motorbikes, Bikes, Tires, Transports, Repair, Mechanics, Garages, Sports, Services",
02_OTHER,theme_yes,__manifest__.py,Yes Theme,2.0.0,LGPL-3,Theme/Personal,Odoo S.A.,,True,False,False,1,theme_common,"Wedding, Love, Photography, Services",
02_OTHER,theme_zap,__manifest__.py,Zap Theme,2.0.0,LGPL-3,Theme/Corporate,Odoo S.A.,,True,False,False,1,theme_common,"Digital, Marketing, Copywriting, Media, Events, Non Profit, NGO, Corporate, Business, Services",
02_OTHER,timer,__manifest__.py,Timer,1.0,OEEL-1,Services/Timesheets,Odoo S.A.,,True,False,False,2,web;mail,Record time,
02_OTHER,timesheet_grid,__manifest__.py,Timesheets,1.0,OEEL-1,Services/Timesheets,Odoo S.A., https://www.odoo.com/app/timesheet,True,True,"['web_grid', 'hr_timesheet']",5,project_enterprise;web_grid;hr_timesheet;timer;hr_org_chart,Track employee time on tasks,
02_OTHER,timesheet_grid_holidays,__manifest__.py,Timesheets And Timeoff,1.0,OEEL-1,Services/Timesheets,Odoo S.A.,,True,False,True,2,project_timesheet_holidays;timesheet_grid,Link between timesheet and time off,
02_OTHER,transifex,__manifest__.py,Transifex integration,1.0,LGPL-3,Hidden/Tools,Odoo S.A.,,True,False,False,2,base;web,Add a link to edit a translation in Transifex,
02_OTHER,uom,__manifest__.py,Units of measure,1.0,LGPL-3,Sales/Sales,Odoo S.A.,,True,False,False,1,base,,
02_OTHER,utm,__manifest__.py,UTM Trackers,1.1,LGPL-3,Marketing,Odoo S.A.,,True,False,False,2,base;web,,
02_OTHER,voip,__manifest__.py,Phone,2.0,OEEL-1,Productivity/Phone,Odoo S.A.,,True,True,False,6,base;bus;mail;phone_validation;web;web_mobile,Make and receive phone calls from within Odoo.,
02_OTHER,voip_ai,__manifest__.py,Phone - AI,1.0,OEEL-1,Productivity/Phone,Odoo S.A.,,True,False,True,2,voip;ai,Extend Phone with AI features (such as transcription),
02_OTHER,voip_crm,__manifest__.py,Phone - CRM,1.0,OEEL-1,Sales/CRM,Odoo S.A.,,True,False,True,2,crm;voip,Phone integration with CRM module.,
02_OTHER,voip_helpdesk,__manifest__.py,Phone - Helpdesk,1.0,OEEL-1,Helpdesk,Odoo S.A.,,True,False,True,2,voip;helpdesk,Phone integration with Helpdesk module.,
02_OTHER,voip_hr,__manifest__.py,Phone - Human Resources,1.0,OEEL-1,Human Resources,Odoo S.A.,,True,False,True,2,voip;hr,Phone integration with Human Resources module.,
02_OTHER,voip_hr_recruitment,__manifest__.py,Phone - Recruitement,1.0,OEEL-1,Human Resources/Recruitment,Odoo S.A.,,True,False,True,2,hr_recruitment;voip,Phone integration with Recruitment module.,
02_OTHER,voip_onsip,__manifest__.py,Phone - OnSIP,1.0,OEEL-1,Productivity/Phone,Odoo S.A.,,True,False,False,1,voip,,
02_OTHER,voip_sale_subscription,__manifest__.py,Phone - Subscriptions,1.0,OEEL-1,Sales/Subscriptions,Odoo S.A.,,True,False,True,2,voip;sale_subscription,Phone integration with Subscriptions module.,
02_OTHER,voip_sms,__manifest__.py,Phone - SMS,1.0,OEEL-1,Sales/Sales,Odoo S.A.,,True,False,True,2,voip;sms,,
02_OTHER,web,__manifest__.py,Web,1.0,LGPL-3,Hidden,Odoo S.A.,,True,False,True,1,base,,
02_OTHER,web_cohort,__manifest__.py,Cohort View,,OEEL-1,Hidden,Odoo S.A.,,True,False,True,1,web,Basic Cohort view for odoo,
02_OTHER,web_enterprise,__manifest__.py,Web Enterprise,1.0,OEEL-1,Hidden,Odoo S.A.,,True,False,['web'],2,web;base_setup,,
02_OTHER,web_gantt,__manifest__.py,Web Gantt,2.0,OEEL-1,Hidden,Odoo S.A.,,True,False,True,1,web,,
02_OTHER,web_grid,__manifest__.py,Grid View,0.1,OEEL-1,Hidden,Odoo S.A.,,True,False,True,1,web,Basic 2D Grid view for odoo,
02_OTHER,web_hierarchy,__manifest__.py,Web Hierarchy,1.0,LGPL-3,Hidden,Odoo S.A.,,True,False,False,1,web,,
02_OTHER,web_map,__manifest__.py,Map View,1.0,OEEL-1,Hidden,Odoo S.A.,,True,False,True,2,web;base_setup,Defines the map view for odoo enterprise,
02_OTHER,web_mobile,__manifest__.py,Mobile,1.0,OEEL-1,Hidden,Odoo S.A.,,True,False,True,1,web_enterprise,Odoo Mobile Core module,
02_OTHER,web_studio,__manifest__.py,Studio,1.0,OEEL-1,Customizations/Studio,Odoo S.A.,https://www.odoo.com/app/studio,True,True,False,10,base_automation;base_import_module;mail;web;web_enterprise;html_editor;web_map;web_gantt;web_cohort;sms,Create and customize your Odoo apps,
02_OTHER,web_studio_ai_fields,__manifest__.py,web_studio_ai_fields,0.1,LGPL-3,Hidden,Odoo S.A.,,True,False,True,2,ai_fields;web_studio,Enable creating AI computed fields in studio,
02_OTHER,web_tour,__manifest__.py,Tours,1.0,LGPL-3,Hidden,Odoo S.A.,,True,False,True,1,web,,
02_OTHER,web_unsplash,__manifest__.py,Unsplash Image Library,1.1,LGPL-3,Hidden,Odoo S.A.,,True,False,True,2,base_setup;html_editor,Find free high-resolution images from Unsplash,
02_OTHER,website,__manifest__.py,Website,1.0,LGPL-3,Website/Website,Odoo S.A.,https://www.odoo.com/app/website,True,True,False,11,digest;web;html_editor;http_routing;portal;social_media;auth_signup;mail;google_recaptcha;utm;html_builder,Enterprise website builder,
02_OTHER,website_appointment,__manifest__.py,Website Appointments,1.0,OEEL-1,Services/Appointment,Odoo S.A.,https://www.odoo.com/app/appointments,True,False,"['appointment', 'website_enterprise']",4,appointment;website_enterprise;website_partner;html_builder,,
02_OTHER,website_appointment_account_payment,__manifest__.py,Pay to Book on Website,1.0,OEEL-1,Services/Appointment,Odoo S.A.,,True,False,True,3,appointment_account_payment;website_enterprise;website_appointment,Up-front payment on bookings on website,
02_OTHER,website_appointment_crm,__manifest__.py,Website Appointment Lead Enrichment,1.0,OEEL-1,Services/Appointment,Odoo S.A.,https://www.odoo.com/app/appointments,True,False,True,2,appointment_crm;website_crm,Enrich lead created automatically through an appointment with gathered website visitor information,
02_OTHER,website_appointment_sale,__manifest__.py,Pay to Book with eCommerce,1.0,OEEL-1,Services/Appointment,Odoo S.A.,,True,False,True,2,website_appointment_account_payment;website_sale,eCommerce on appointments,
02_OTHER,website_appointment_sale_project,__manifest__.py,Website Appointment Sale Project,1.0,OEEL-1,Services/Appointment,Odoo S.A.,,True,False,True,2,website_appointment_sale;sale_project,Automatically set dates on tasks generated by appointments,
02_OTHER,website_blog,__manifest__.py,Blog,1.1,LGPL-3,Website/Website,Odoo S.A.,https://www.odoo.com/app/blog,True,False,False,3,website_mail;website_partner;html_builder,"Publish blog posts, announces, news",
02_OTHER,website_cf_turnstile,__manifest__.py,Cloudflare Turnstile,1.0,LGPL-3,Website/Website,Odoo S.A.,,True,False,False,1,website,,
02_OTHER,website_crm,__manifest__.py,Contact Form,2.1,LGPL-3,Website/Website,Odoo S.A.,,True,False,True,2,website;crm,Generate leads from a contact form,
02_OTHER,website_crm_iap_reveal,__manifest__.py,Lead Generation From Website Visits,1.1,LGPL-3,Sales/CRM,Odoo S.A.,,True,False,False,4,iap_crm;iap_mail;crm_iap_mine;website_crm,Generate Leads/Opportunities from your website's traffic,
02_OTHER,website_crm_iap_reveal_enterprise,__manifest__.py,Website Visits Lead Generation Enterprise,1.0,OEEL-1,Sales/CRM,Odoo S.A.,,True,False,True,2,crm_enterprise;website_crm_iap_reveal,Enterprise counterpart of Visits -> Leads,
02_OTHER,website_crm_livechat,__manifest__.py,Lead Livechat Sessions,1.0,LGPL-3,Website/Website,Odoo S.A.,,True,False,True,2,website_crm;website_livechat,View livechat sessions for leads,
02_OTHER,website_crm_partner_assign,__manifest__.py,Resellers,1.2,LGPL-3,Website/Website,Odoo S.A.,,True,False,False,7,base_geolocalize;crm;account;partnership;website_partner;website_google_map;portal,Publish your resellers/partners and forward leads to them,
02_OTHER,website_crm_sms,__manifest__.py,Send SMS to Visitor with leads,1.0,LGPL-3,Website/Website,Odoo S.A.,,True,False,True,2,website_sms;crm,Allows to send sms to website visitor that have lead,
02_OTHER,website_customer,__manifest__.py,Customer References,1.0,LGPL-3,Website/Website,Odoo S.A.,,True,False,False,3,website_crm_partner_assign;website_partner;website_google_map,Publish your customer references,
02_OTHER,website_delivery_sendcloud,__manifest__.py,Sendcould Locations for Website Delivery,,OEEL-1,Shipping Connectors,Odoo S.A.,,True,False,True,2,delivery_sendcloud;website_sale,Allows website customers to choose delivery pick-up points,
02_OTHER,website_documents,__manifest__.py,Website Documents,1.0,OEEL-1,Productivity/Documents,Odoo S.A.,https://www.odoo.com/app/documents,True,False,True,2,documents;website,Choose the website on which documents/folder are shared,
02_OTHER,website_enterprise,__manifest__.py,Website Enterprise,,OEEL-1,Website/Website,Odoo S.A.,,True,False,True,2,web_enterprise;website,Get the enterprise look and feel,
02_OTHER,website_event,__manifest__.py,Events,1.4,LGPL-3,Marketing/Events,Odoo S.A.,https://www.odoo.com/app/events,True,True,False,5,event;website;website_partner;website_mail;html_builder,"Publish events, sell tickets",
02_OTHER,website_event_booth,__manifest__.py,Online Event Booths,1.0,LGPL-3,Marketing/Events,Odoo S.A.,,True,False,True,2,website_event;event_booth,"Events, display your booths on your website",
02_OTHER,website_event_booth_exhibitor,__manifest__.py,Booths/Exhibitors Bridge,1.1,LGPL-3,Marketing/Events,Odoo S.A.,,True,False,True,2,website_event_exhibitor;website_event_booth,"Event Booths, automatically create a sponsor.",
02_OTHER,website_event_booth_sale,__manifest__.py,Online Event Booth Sale,1.0,LGPL-3,Marketing/Events,Odoo S.A.,,True,False,True,3,event_booth_sale;website_event_booth;website_sale,"Events, sell your booths online",
02_OTHER,website_event_booth_sale_exhibitor,__manifest__.py,Booths Sale/Exhibitors Bridge,1.0,LGPL-3,Marketing/Events,Odoo S.A.,,True,False,True,2,website_event_exhibitor;website_event_booth_sale,Bridge module between website_event_booth_exhibitor and website_event_booth_sale.,
02_OTHER,website_event_crm,__manifest__.py,Website Events CRM,1.0,LGPL-3,Website/Website,Odoo S.A.,https://www.odoo.com/app/events,True,False,True,2,event_crm;website_event,,
02_OTHER,website_event_exhibitor,__manifest__.py,Event Exhibitors,1.1,LGPL-3,Marketing/Events,Odoo S.A.,https://www.odoo.com/app/events,True,False,False,1,website_event,Event: manage sponsors and exhibitors,
02_OTHER,website_event_sale,__manifest__.py,Online Event Ticketing,,LGPL-3,Website/Website,Odoo S.A.,,True,False,True,3,website_event;event_sale;website_sale,Sell event tickets online,
02_OTHER,website_event_social,__manifest__.py,Schedule push notifications on attendees,1.1,OEEL-1,Marketing/Events,Odoo S.A.,https://www.odoo.com/app/events,True,False,True,2,website_event;social_push_notifications,Bridge module to push notifications to event attendees,
02_OTHER,website_event_track,__manifest__.py,Advanced Events,1.3,LGPL-3,Marketing,Odoo S.A.,,True,False,False,1,website_event,"Sponsors, Tracks, Agenda, Event News",
02_OTHER,website_event_track_gantt,__manifest__.py,Enterprise Event Track,1.0,OEEL-1,Marketing,Odoo S.A.,,True,False,True,2,website_event_track;web_gantt,Advanced Event Track Management,
02_OTHER,website_event_track_live,__manifest__.py,Live Event Tracks,1.0,LGPL-3,Marketing/Events,Odoo S.A.,https://www.odoo.com/app/events,True,False,False,1,website_event_track,"Support live tracks: streaming, participation, youtube",
02_OTHER,website_event_track_live_quiz,__manifest__.py,Quiz on Live Event Tracks,1.0,LGPL-3,Marketing/Events,Odoo S.A.,https://www.odoo.com/app/events,True,False,True,2,website_event_track_live;website_event_track_quiz,"Bridge module to support quiz features during ""live"" tracks.",
02_OTHER,website_event_track_quiz,__manifest__.py,Quizzes on Tracks,1.0,LGPL-3,Marketing/Events,Odoo S.A.,https://www.odoo.com/app/events,True,False,False,2,website_profile;website_event_track,Quizzes on tracks,
02_OTHER,website_event_track_social,__manifest__.py,Push notification to track listeners,1.1,OEEL-1,Marketing/Events,Odoo S.A.,https://www.odoo.com/app/events,True,False,True,2,website_event_social;website_event_track,Send reminder push notifications to event attendees based on favorites tracks.,
02_OTHER,website_forum,__manifest__.py,Forum,1.2,LGPL-3,Website/Website,Odoo S.A.,https://www.odoo.com/app/forum,True,False,False,3,auth_signup;website_mail;website_profile,Manage a forum with FAQ and Q&A,
02_OTHER,website_generator,__manifest__.py,Website Generator,1.0.0,OEEL-1,Website/Website,Odoo S.A.,,True,False,False,2,website;website_enterprise,Import a pre-existing website,
02_OTHER,website_generator_sale,__manifest__.py,Website Generator Sale,1.0.0,OEEL-1,Website/Website,Odoo S.A.,,True,False,False,2,website_generator;website_sale,Import products from a pre-existing website,
02_OTHER,website_google_map,__manifest__.py,Google Maps,1.0,LGPL-3,Website/Website,Odoo S.A.,,True,False,False,2,base_geolocalize;website_partner,Show your company address on Google Maps,
02_OTHER,website_helpdesk,__manifest__.py,Website Helpdesk,,OEEL-1,Services/Helpdesk,Odoo S.A.,,True,False,True,2,helpdesk;website,Bridge module for helpdesk modules using the website.,
02_OTHER,website_helpdesk_forum,__manifest__.py,Helpdesk: Help Center,,OEEL-1,Services/Helpdesk,Odoo S.A.,,True,False,True,2,website_forum;website_helpdesk,Help Center for helpdesk based on Odoo Forum,
02_OTHER,website_helpdesk_knowledge,__manifest__.py,Helpdesk Knowledge,1.0,OEEL-1,Website/Website,Odoo S.A.,,True,False,True,2,website_helpdesk;knowledge,Helpdesk integration with knowledge,
02_OTHER,website_helpdesk_livechat,__manifest__.py,Website IM Livechat Helpdesk,,OEEL-1,Services/Helpdesk,Odoo S.A.,,True,False,True,2,website_helpdesk;website_livechat,"Ticketing, Support, Livechat",
02_OTHER,website_helpdesk_sale_loyalty,__manifest__.py,website helpdesk sale,1.0,OEEL-1,Services/Helpdesk,Odoo S.A.,,True,False,True,2,website_sale_loyalty;helpdesk_sale_loyalty,website helpdesk sale loyalty,
02_OTHER,website_helpdesk_slides,__manifest__.py,Website Slides Helpdesk,,OEEL-1,Services/Helpdesk,Odoo S.A.,,True,False,True,2,website_helpdesk;website_slides,"Ticketing, Support, Slides",
02_OTHER,website_helpdesk_slides_forum,__manifest__.py,Website Slides Forum Helpdesk,,OEEL-1,Services/Helpdesk,Odoo S.A.,,True,False,True,2,website_helpdesk;website_slides_forum,,
02_OTHER,website_hr_recruitment,__manifest__.py,Online Jobs,1.1,LGPL-3,Website/Website,Odoo S.A.,,True,True,"['hr_recruitment', 'website_mail']",2,hr_recruitment;website_mail,Manage your online hiring process,
02_OTHER,website_hr_recruitment_livechat,__manifest__.py,Website IM Livechat HR Recruitment,1.0,LGPL-3,Website/Live Chat,Odoo S.A.,,True,False,False,2,website_hr_recruitment;im_livechat,Chatbot for the HR Recruitment,
02_OTHER,website_knowledge,__manifest__.py,Knowledge Website,1.0,OEEL-1,,Odoo S.A.,,True,False,True,2,knowledge;website,Publish your articles,
02_OTHER,website_links,__manifest__.py,Link Tracker,1.0,LGPL-3,Website/Website,Odoo S.A.,,True,False,True,2,website;link_tracker,Generate trackable & short URLs,
02_OTHER,website_livechat,__manifest__.py,Website Live Chat,1.0,LGPL-3,Website/Live Chat,Odoo S.A.,,True,False,True,2,website;im_livechat,Chat with your website visitors,
02_OTHER,website_mail,__manifest__.py,Website Mail,0.1,LGPL-3,Website/Website,Odoo S.A.,,True,False,True,2,website;mail,Website Module for Mail,
02_OTHER,website_mail_group,__manifest__.py,Website Mail Group,1.0,LGPL-3,,Odoo S.A.,,True,False,True,2,mail_group;website,Add a website snippet for the mail groups.,
02_OTHER,website_mass_mailing,__manifest__.py,Newsletter Subscribe Button,1.0,LGPL-3,Website/Website,Odoo S.A.,,True,False,"['website', 'mass_mailing']",3,website;mass_mailing;google_recaptcha,Attract visitors to subscribe to mailing lists,
02_OTHER,website_mass_mailing_sms,__manifest__.py,Newsletter Subscribe SMS Template,1.0,LGPL-3,Website/Website,Odoo S.A.,,True,False,True,2,website_mass_mailing;mass_mailing_sms,Attract visitors to subscribe to mailing lists,
02_OTHER,website_partner,__manifest__.py,Website Partner,0.1,LGPL-3,Website/Website,Odoo S.A.,,True,False,False,1,website,Partner module for website,
02_OTHER,website_payment,__manifest__.py,Website Payment,1.0,LGPL-3,Website/Website,Odoo S.A.,,True,False,True,3,website;account_payment;portal,Payment integration with website,
02_OTHER,website_product_barcodelookup,__manifest__.py,Product Barcode Lookup for eCommerce,1.0,OEEL-1,Sales/Sales,Odoo S.A.,,True,False,True,2,product_barcodelookup;website_sale,,
02_OTHER,website_profile,__manifest__.py,Website profile,1.0,LGPL-3,Website/Website,Odoo S.A.,,True,False,False,3,html_editor;website_partner;gamification,Access the website profile of the users,
02_OTHER,website_project,__manifest__.py,Online Task Submission,1.0,LGPL-3,Website/Website,Odoo S.A.,,True,False,True,2,website;project,Add a task suggestion form to your website,
02_OTHER,website_sale,__manifest__.py,eCommerce,1.1,LGPL-3,Website/Website,Odoo S.A.,https://www.odoo.com/app/ecommerce,True,True,False,8,website;sale;website_payment;website_mail;portal_rating;digest;delivery;html_builder,Sell your products online,
02_OTHER,website_sale_autocomplete,__manifest__.py,Google places autocompletion,1.0,LGPL-3,Website/Website,Odoo S.A.,,True,False,True,2,website_sale;google_address_autocomplete,Assist your users with automatic completion & suggestions when filling their address during checkout,
02_OTHER,website_sale_collect,__manifest__.py,Click & Collect,1.0,LGPL-3,Website/Website,Odoo S.A.,,True,False,False,3,base_geolocalize;payment_custom;website_sale_stock,,
02_OTHER,website_sale_collect_wishlist,__manifest__.py,Collect & Wishlist,,LGPL-3,Website/Website,Odoo S.A.,,True,False,True,2,website_sale_wishlist;website_sale_collect,Bridge module between Click & Collect and Wishlist,
02_OTHER,website_sale_comparison,__manifest__.py,Product Comparison,1.0,LGPL-3,Website/Website,Odoo S.A.,,True,False,True,1,website_sale,Allow shoppers to compare products based on their attributes,
02_OTHER,website_sale_comparison_wishlist,__manifest__.py,Product Availability Notifications,,LGPL-3,Website/Website,Odoo S.A.,,True,False,True,2,website_sale_comparison;website_sale_wishlist,Bridge module for Website sale comparison and wishlist,
02_OTHER,website_sale_dashboard,__manifest__.py,Website Sales Dashboard,1.0,OEEL-1,Website/Website,Odoo S.A.,,True,False,['website_sale'],1,website_sale,Get a new dashboard view in the Website App,
02_OTHER,website_sale_external_tax,__manifest__.py,External calculation for Ecommerce,,OEEL-1,Accounting/Accounting,Odoo S.A.,,True,False,True,2,sale_external_tax;website_sale,,
02_OTHER,website_sale_fedex,__manifest__.py,FEDEX Locations for Website Delivery,,OEEL-1,Shipping Connectors,Odoo S.A.,,True,False,True,2,delivery_fedex;website_sale,Allows website customers to choose delivery pick-up points,
02_OTHER,website_sale_gelato,__manifest__.py,eCommerce/Gelato bridge,,LGPL-3,Website/Website,Odoo S.A.,,True,False,True,2,sale_gelato;website_sale,,
02_OTHER,website_sale_loyalty,__manifest__.py,"Coupons, Promotions, Gift Card and Loyalty for eCommerce",1.0,LGPL-3,Website/Website,Odoo S.A.,,True,False,"['website_sale', 'sale_loyalty']",3,website_sale;website_links;sale_loyalty,"Use coupon, promotion, gift cards and loyalty programs in your eCommerce store",
02_OTHER,website_sale_mass_mailing,__manifest__.py,Checkout Newsletter,1.0,LGPL-3,Website/Website,Odoo S.A.,,True,False,True,2,website_sale;website_mass_mailing,Let new customers sign up for a newsletter during checkout,
02_OTHER,website_sale_mondialrelay,__manifest__.py,eCommerce Mondialrelay Delivery,0.1,LGPL-3,Website/Website,Odoo S.A.,,True,False,True,2,website_sale;delivery_mondialrelay,Let's choose Point Relais® on your ecommerce,
02_OTHER,website_sale_mrp,__manifest__.py,Kit Availability,1.0,LGPL-3,Website/Website,Odoo S.A.,,True,False,True,2,website_sale_stock;sale_mrp,Manage Kit product inventory & availability,
02_OTHER,website_sale_renting,__manifest__.py,eCommerce Rental,1.0,OEEL-1,Website/Website,Odoo S.A.,,True,False,True,2,website_sale;sale_renting,Sell rental products on your eCommerce,
02_OTHER,website_sale_renting_planning,__manifest__.py,eCommerce Rental with Planning,1.0,OEEL-1,Website/Website,Odoo S.A.,,True,False,True,2,website_sale_renting;sale_renting_planning,Sell rental products on your eCommerce and plan your material resources,
02_OTHER,website_sale_slides,__manifest__.py,Sell Courses,1.0,LGPL-3,Website/eLearning,Odoo S.A.,,True,False,False,2,website_slides;website_sale,Sell your courses online,
02_OTHER,website_sale_stock,__manifest__.py,Product Availability,,LGPL-3,Website/Website,Odoo S.A.,,True,False,True,3,website_sale;sale_stock;stock_delivery,Manage product inventory & availability,
02_OTHER,website_sale_stock_renting,__manifest__.py,eCommerce Rental with Stock Management,1.0,OEEL-1,Website/Website,Odoo S.A.,,True,False,True,3,website_sale_renting;website_sale_stock;sale_stock_renting,Sell rental products on your eCommerce and manage stock,
02_OTHER,website_sale_stock_wishlist,__manifest__.py,Product Availability Notifications,,LGPL-3,Website/Website,Odoo S.A.,,True,False,True,2,website_sale_stock;website_sale_wishlist,Notify the user when a product is back in stock,
02_OTHER,website_sale_subscription,__manifest__.py,eCommerce Subscription,1.0,OEEL-1,Website/Website,Odoo S.A.,,True,False,True,2,website_sale;sale_subscription,Sell subscription products on your eCommerce,
02_OTHER,website_sale_ups,__manifest__.py,UPS: Bill My Account,,OEEL-1,Shipping Connectors,Odoo S.A.,,True,False,True,2,delivery_ups;website_sale,Bill to your UPS account number,
02_OTHER,website_sale_wishlist,__manifest__.py,Shopper's Wishlist,1.0,LGPL-3,Website/Website,Odoo S.A.,,True,False,True,1,website_sale,Allow shoppers to enlist products,
02_OTHER,website_slides,__manifest__.py,eLearning,2.7,LGPL-3,Website/eLearning,Odoo S.A.,https://www.odoo.com/app/elearning,True,True,False,4,portal_rating;website;website_mail;website_profile,Manage and publish an eLearning platform,
02_OTHER,website_slides_forum,__manifest__.py,Forum on Courses,1.0,LGPL-3,Website/eLearning,Odoo S.A.,,True,False,True,2,website_slides;website_forum,Allows to link forum on a course,
02_OTHER,website_slides_survey,__manifest__.py,Course Certifications,1.0,LGPL-3,Website/eLearning,Odoo S.A.,,True,False,True,2,website_slides;survey,Add certification capabilities to your courses,
02_OTHER,website_sms,__manifest__.py,Send SMS to Visitor,1.0,LGPL-3,Website/Website,Odoo S.A.,,True,False,True,2,website;sms,Allows to send sms to website visitor,
02_OTHER,website_studio,__manifest__.py,Website Studio,1.0,OEEL-1,Hidden,Odoo S.A.,,True,False,True,2,web_studio;website,Display Website Elements in Studio,
02_OTHER,website_timesheet,__manifest__.py,Hide Portal Timesheet Information,1.0,LGPL-3,Website/Website,Odoo S.A.,,True,False,True,2,website;hr_timesheet,Allow hiding timesheet information in the portal,
02_OTHER,whatsapp,__manifest__.py,WhatsApp Messaging,1.0,OEEL-1,Productivity/WhatsApp,Odoo S.A.,,True,True,False,2,mail;phone_validation,Text your Contacts on WhatsApp,
02_OTHER,whatsapp_account,__manifest__.py,Whatsapp Accounting,,OEEL-1,WhatsApp,Odoo S.A.,,True,False,True,2,account;whatsapp,,
02_OTHER,whatsapp_account_followup,__manifest__.py,WhatsApp Follow-Up,1.0,OEEL-1,Marketing/WhatsApp,Odoo S.A.,,True,False,True,2,account_followup;whatsapp,Send Follow-Up to your Contacts on WhatsApp,
02_OTHER,whatsapp_calendar,__manifest__.py,WhatsApp-Calendar,1.0,OEEL-1,WhatsApp,Odoo S.A.,,True,False,True,2,calendar;whatsapp,Send whatsapp messages as event reminders,
02_OTHER,whatsapp_delivery,__manifest__.py,WhatsApp-Delivery,,OEEL-1,WhatsApp,Odoo S.A.,,True,False,True,2,stock_delivery;whatsapp,,
02_OTHER,whatsapp_event,__manifest__.py,WhatsApp-Website-Events,,OEEL-1,Marketing/Events,Odoo S.A.,,True,False,True,2,event;whatsapp,,
02_OTHER,whatsapp_hr_referral,__manifest__.py,WhatsApp - Employee Referral,1.0,OEEL-1,Human Resources/Referrals,Odoo S.A., ,True,False,True,2,hr_referral;whatsapp,Let your employees share job positions and refer their friends by WhatsApp,
02_OTHER,whatsapp_payment,__manifest__.py,Whatsapp-Payment,,OEEL-1,WhatsApp,Odoo S.A.,,True,False,True,2,payment;whatsapp,,
02_OTHER,whatsapp_pos,__manifest__.py,WhatsApp-POS,,OEEL-1,WhatsApp,Odoo S.A.,,True,False,True,2,point_of_sale;whatsapp,,
02_OTHER,whatsapp_sale,__manifest__.py,WhatsApp-Sale,,OEEL-1,WhatsApp,Odoo S.A.,,True,False,True,2,sale;whatsapp,,
02_OTHER,whatsapp_sign,__manifest__.py,WhatsApp-Sign,,OEEL-1,WhatsApp,Odoo S.A.,,True,False,True,2,sign;whatsapp,This module enables users to send signature requests via WhatsApp in Odoo Sign,
02_OTHER,whatsapp_stock,__manifest__.py,Stock - WhatsApp,1.0,OEEL-1,WhatsApp,Odoo S.A.,,True,False,True,2,stock_enterprise;whatsapp,Send whatsapp messages when final stock move,
02_OTHER,whatsapp_website_sale,__manifest__.py,WhatsApp-eCommerce,,OEEL-1,WhatsApp,Odoo S.A.,,True,False,True,2,website_sale;whatsapp,This module integrates website sale with WhatsApp,
02_OTHER,worksheet,__manifest__.py,Worksheet,,OEEL-1,Hidden,Odoo S.A.,,True,False,False,1,web_studio,Create customizable worksheet,
addons_extra,app_icon_hide,__manifest__.py,SMEsPlus Hide Mobile Icon,18.0.1.1.0,LGPL-3,Tools,SMEsPlus,,True,False,False,1,base,Hide mobile icon in General Setting Page,
addons_extra,auto_database_backup,__manifest__.py,"Automatic Database Backup To Local Server, Remote Server,Google Drive, Dropbox, Onedrive, Nextcloud and Amazon S3 Odoo18",19.0.1.0.0,LGPL-3,Extra Tools,Cybrosys Techno Solutions,https://www.cybrosys.com,True,False,False,2,base;mail,"Odoo Database Backup, Automatic Backup, Database Backup, Automatic Backup,Database auto-backup, odoo backupgoogle drive, dropbox, nextcloud, amazon S3, onedrive or remote server, Odoo18, Backup, Datab",
addons_extra,base_location,__manifest__.py,Location management (aka Better ZIP),19.0.1.0.3,AGPL-3,,"Camptocamp,ACYSOS S.L.,Alejandro Santana,Tecnativa,AdaptiveCity,Odoo Community Association (OCA)",https://github.com/OCA/partner-contact,True,False,False,3,base_address_extended;contacts;hr,Enhanced zip/npa management system,
addons_extra,base_location_geonames_import,__manifest__.py,Base Location Geonames Import,19.0.0.0.2,AGPL-3,Partner Management,"Akretion,Agile Business Group,Tecnativa,AdaptiveCity,Odoo Community Association (OCA)",https://github.com/OCA/partner-contact,True,False,False,1,base_location,Import zip entries from Geonames,
addons_extra,bi_print_journal_entries,__manifest__.py,Print Journal Entries Report,1.0.0,UNDECLARED,Account,BrowseInfo,https://www.browseinfo.in,True,False,False,2,base;account,Allow to print pdf report of Journal Entries.,
addons_extra,bm_thai_rd_vat_company_search,__manifest__.py,Thailand RD VAT Company,19.0.1.0.0,OPL-1,Accounting/Localization/Master Data,Bizmate,https://www.unboxsol.com,True,False,False,1,base,Update Partner's Company Information from Thailand RD VAT System. (from VAT Service API),
addons_extra,contact_reference_sequence,__manifest__.py,19_contact_referece_sequence,19.0.1.0,OPL-1,,Yin Htay,,True,True,False,3,base;contacts;hr,Update Contact Reference According to Groups,
addons_extra,convert_amount_text_to_thai,__manifest__.py,Thai Localization - Convert Amount Text to Thai,19.0.1.0.0,AGPL-3,Localization,"Ecosoft, Odoo Community Association (OCA)",https://github.com/OCA/l10n-thailand,True,False,False,1,base,Convert Amount Text to Thai,
addons_extra,courier_type,__manifest__.py,Courier Type,19.0.1.0.0,LGPL-3,Technical,SMEsPlus,https://www.smesplus.com/,True,False,False,4,purchase;stock;sale;sale_stock,,
addons_extra,cr_effective_date_entries,__manifest__.py,Effective Date Entries,19.0.0.0,AGPL-3,Extra Tools,SuitePark Info Tech,,True,True,False,4,stock;account;sale;purchase,The Effective Date Entries module allows users to enter transactions on a date prior to the current date.,
addons_extra,date_range,__manifest__.py,Date Range,19.0.1.2.0,LGPL-3,Uncategorized,"ACSONE SA/NV, Odoo Community Association (OCA)",https://github.com/OCA/server-ux,True,False,False,1,web,Manage all kind of date range,
addons_extra,deepseek_r1,__manifest__.py,DeepSeek R1,0.1,GPL-3,,Hari,https://hari1119.github.io/,True,False,False,3,base;base_setup;mail,DeepSeek Intergration with Odoo,
addons_extra,dev_print_cheque,__manifest__.py,Dynamic Print Cheque - Check writing,19.0.1.3,UNDECLARED,Account,DevIntelle Consulting Service Pvt.Ltd,http://www.devintellecs.com,True,True,False,1,account,"Dynamic Cheque report | Print Bank check | print Dynamic Cheque | print account check | print Dynamic back Cheque | easy to create check formats, create employee payslip check | print check, dynamic c",
addons_extra,equipment_sequence,__manifest__.py,Equipment Sequence,19.0.1.4,UNDECLARED,SMEsPlus,"SMEsPlus Co.,Ltd",https://www.smesplus.com/,True,False,False,4,base;maintenance;account_asset;product_stock_equipment,Equipment Sequence,
addons_extra,full_summarize_bills,__manifest__.py,full_summarize_bills,19.0.0.1,UNDECLARED,Report Designer occ,"SMEsPlus Co.,Ltd",https://www.smesplus.com/,True,False,False,1,account,,
addons_extra,hide_smesplus_menu,__manifest__.py,Hide SMEsPlus Menu Account,1.0,LGPL-3,Custom,Phatthraphon Chantaprasit,,True,False,False,1,web,Hide SMEsPlus user menu for backend users,
addons_extra,import_bridge_axis,__manifest__.py,"Import Sales Orders, Purchase Orders, POS Orders, Chart Account data, Invoice, Stock Inventory, Products, Product attrib",19.0.0.0,OPL-1,Import Record,Axis Technolabs,https://www.axistechnolabs.com,True,False,False,8,base;sale_management;sale;account;purchase;stock;web;mrp,Data Import bridge for import Sales Orders import Purchase Orders import POS Orders import Chart Account data import Purchase import Product import Invoice import Stock Inventory import Bill of materi,
addons_extra,invoice_promptpay,__manifest__.py,PromptPay Invoice Report,19.0.1.0,UNDECLARED,Accounting / Payment,SMEsPlus,https://www.smesplus.com/,True,False,False,1,account,Use PromptPay QR code with invoice report,
addons_extra,l10n_th_amount_to_text,__manifest__.py,Thai Localization - Convert Amount Text to Thai,19.0.1.0.0,AGPL-3,Localization,"Ecosoft, Odoo Community Association (OCA)",https://github.com/OCA/l10n-thailand,True,False,False,1,base,Convert Amount Text to Thai,
addons_extra,l10n_th_base_location,__manifest__.py,Thai Localization - Base Location,19.0.0.0.2,AGPL-3,Localisation/Asia,"Ecosoft, Odoo Community Association (OCA)",https://github.com/OCA/l10n-thailand,True,False,False,1,base_location_geonames_import,,
addons_extra,l10n_th_partner,__manifest__.py,Thai Localization - Partner,19.0.1.0.0,AGPL-3,Localisation/Asia,"Ecosoft, Odoo Community Association (OCA)",https://github.com/OCA/l10n-thailand,True,False,False,2,partner_company_type;partner_firstname,,
addons_extra,l10n_th_reports_ext,__manifest__.py,Thailand - Localization Accounting Reports,19.0.1.4,LGPL-3,Accounting,SMEsPlus,https://www.smesplus.com/,True,False,False,1,l10n_th_reports,View and create reports,
addons_extra,l10n_th_withholding_tax,__manifest__.py,Thai Localization - Withholding Tax,19.0.1.4,AGPL-3,Localization / Accounting,"Ecosoft, Odoo Community Association (OCA)",https://github.com/OCA/l10n-thailand,True,False,False,2,account;l10n_th_reports,,
addons_extra,l10n_th_withholding_tax_cert,__manifest__.py,Thai Localization - Withholding Tax Certificate,19.0.1.5,AGPL-3,Localization / Accounting,"Ecosoft, Odoo Community Association (OCA),SMEsPlus",https://github.com/OCA/l10n-thailand,True,False,False,1,l10n_th_withholding_tax,,
addons_extra,l10n_th_withholding_tax_cert_form,__manifest__.py,Thai Localization - Withholding Tax Certificate Form,19.0.1.0.2,AGPL-3,Report,"Ecosoft, Odoo Community Association (OCA), SMEsPlus",https://github.com/OCA/l10n-thailand,True,False,False,3,web;l10n_th_withholding_tax_cert;l10n_th_amount_to_text,,
addons_extra,l10n_th_withholding_tax_multi,__manifest__.py,Thai Localization - Withholding Tax (multi taxes),19.0.1.0.2,AGPL-3,Localization / Accounting,"Ecosoft, Odoo Community Association (OCA)",https://github.com/OCA/l10n-thailand,True,False,False,2,l10n_th_withholding_tax;account_payment_multi_deduction,,
addons_extra,l10n_th_withholding_tax_report,__manifest__.py,Thailand Localization - Withholding Tax Report,19.0.1.0.1,AGPL-3,Accounting,"Ecosoft, Odoo Community Association (OCA)",https://github.com/OCA/l10n-thailand,True,False,False,5,account;report_xlsx_helper;date_range;l10n_th_partner;l10n_th_withholding_tax_cert,,
addons_extra,monday_smesplus_connector,__manifest__.py,Monday.com SMEsPlus Connector,19.0.1.0.0,AGPL-3,Productivity,Cybrosys Techno Solutions,https://www.cybrosys.com,True,True,False,1,contacts,Provides opportunity to connect with your Monday.com account from Odoo,
addons_extra,multi_level_approval,__manifest__.py,SMEsPlus Approval,19.0.0.1,OPL-1,Approvals,Domiup,https://youtu.be/PJ7lTUn-qes,True,True,False,2,mail;product,Create and validate approval requests. Each request can be approved by many levels of different managers,
addons_extra,multi_level_approval_configuration,__manifest__.py,SMEsPlus Approval All in One,19.0.1.0,OPL-1,Approvals,Domiup,https://apps.domiup.com/slides/odoo-approval-all-in-one-1,True,True,False,3,multi_level_approval;multi_level_approval_hr;purchase_request,"Setup the approval flow for all the models: Sale Order, Purchase Order, MRP Order,.. Centralize all the approval requests in one place which help the manager reviews easily",
addons_extra,multi_level_approval_hr,__manifest__.py,SMEsPlus Approval: HR Extension,19.0.1.0,OPL-1,Approvals,Domiup,https://apps.domiup.com/slides/odoo-approval-all-in-one-1,True,True,False,2,multi_level_approval;hr,"You can set the special approver as Line manager, Coach, Manager of the department",
addons_extra,nthub_binary_field_preview,__manifest__.py,Attachment Preview,19.0.1.0,LGPL-3,Tools,Neoteric Hub,https://www.neoterichub.com,True,False,False,4,base;web;mail;sale,"Document Attachment Preview, Image Preview, Image Viewer, PDF Viewer, PDF Preview, Attachment Viewer, HR Document Viewer, HR Document Preview, Expense Document Preview, Expense Document Viewer, Docume",
addons_extra,oi_action_file,__manifest__.py,Client Action File Download,19.0.1.1.1,OPL-1,Hidden/Extra Tools,Openinside,https://www.open-inside.com,True,False,True,1,web,Client Action File Download,
addons_extra,oi_jasper_report,__manifest__.py,Jasper Report Integration,19.0.1.0.0,OPL-1,Extra Tools,Openinside,https://www.open-inside.com,True,False,False,4,web;oi_action_file;oi_pdf_viewer;mail,"Jasper Report Server Integration, Jasper Report, Jasper Integration, Jasper Connector, Jasper View",
addons_extra,oi_pdf_viewer,__manifest__.py,PDF Viewer,19.0.1.1.5,OPL-1,Extra Tools,Openinside,https://www.open-inside.com,True,False,True,1,web,View PDF file / report in screen,
addons_extra,om_data_remove,__manifest__.py,SMEsPlus Remove Data,19.0.1.1,LGPL-3,Tools,"Odoo Mates, Sunpop.cn",,True,False,False,1,base,"Data Clean up, Remove Data, Database Clean UP, Reset Database",
addons_extra,order_line_sequence,__manifest__.py,Order Lines Sequence,19.0.1.0.1,AGPL-3,Sales,Yin Htay,,True,False,False,2,sale_management;base,,
addons_extra,partner_company_type,__manifest__.py,Partner Company Type,19.0.1.0.0,AGPL-3,,"ACSONE SA/NV,Odoo Community Association (OCA)",https://github.com/OCA/partner-contact,True,False,False,2,base;contacts,Adds a company type to partner that are companies,
addons_extra,partner_firstname,__manifest__.py,Partner first name and last name,19.0.1.0.0,AGPL-3,Extra Tools,"Camptocamp, Grupo ESOC Ingeniería de Servicios, Tecnativa, LasLabs, ACSONE SA/NV, Odoo Community Association (OCA)",https://github.com/OCA/partner-contact,True,False,False,1,base_setup,Split first name and last name for non company partners,
addons_extra,payment_2c2p,__manifest__.py,2c2p Payment Acquirer,19.0.0.0,Other proprietary,Website,Webkul Software Pvt. Ltd.,https://store.webkul.com/Odoo-2c2p-Payment-Acquirer.html,True,True,False,2,website_sale;payment,The module allow the customers to make payments on Odoo website using 2c2p Payment Gateway.The module facilitates 2c2p integration with Odoo,
addons_extra,print_payment_remittance_adviec,__manifest__.py,Print payment remittance adviec,19.0.1.1,UNDECLARED,Report Designer,"SMEsPlus Co.,Ltd",https://www.smesplus.com/,True,False,False,1,account,,
addons_extra,print_voucher_request,__manifest__.py,Voucher Request,19.0.1.0,UNDECLARED,Report Designer,"SMEsPlus Co.,Ltd",https://www.smesplus.com/,True,False,False,1,account,,
addons_extra,product_brand_sale,__manifest__.py,Product Brand in Sale,19.0.1.0.1,AGPL-3,Sales,Cybrosys Techno Solutions,https://www.cybrosys.com,True,False,False,7,sale_management;base;account;sales_team;hr;website;website_sale,"Product Brand in Sales & Ecommerce ********************* Add brand in Customer, Salesperson(Employee), Product. Add product branding option in Sale Setting. Filtering products in Sale Order. Filtering",
addons_extra,product_category_filter,__manifest__.py,Product Category Filter,19.0.1.0.0,AGPL-3,Product,SMEsPlus,,True,False,False,2,stock;product,Filter product categories in product template,
addons_extra,product_sequence,__manifest__.py,Product Sequence,19.0.1.0,LGPL-3,SMEsPlus,"SMEsPlus Co.,Ltd",https://www.smesplus.com/,True,False,False,2,base;product,Product Sequence,
addons_extra,product_stock_equipment,__manifest__.py,Equipment Product Stock,19.0.1.0,UNDECLARED,Stock,Scg-Legacy,https://www.smesplus.com/,True,False,False,4,product;stock;maintenance;hr,This module is create equipment when validate inventory.,
addons_extra,product_variant_reference,__manifest__.py,19_product(variant)_referece,19.0.0.0,OPL-1,,Yin Htay,,True,True,False,2,base;product,"Update Product variant Reference that depends on brand , color and size",
addons_extra,purchase_discount_catalog,__manifest__.py,Purchase Order - Discount Wizard Catalog,1.1,OPL-1,Purchase,"MPP, SMEsPlus Co.,Ltd",www.smesplus.com,True,False,False,1,purchase,Purchase Order - Discount Wizard Catalog,
addons_extra,purchase_order_lines_discount,__manifest__.py,Purchase Discount|Purchase Fixed Discount|Purchase Percentage Discount,19.0.0.0,AGPL-3,Purchase Management,Sayed Hassan,,True,False,False,2,base;purchase,Fixed Discount|Percentage Discount On Purchase Order Lines,
addons_extra,purchase_request,__manifest__.py,Purchase Request,19.0.1.0,LGPL-3,Purchase Management,"ForgeFlow, Odoo Community Association (OCA)",https://github.com/OCA/purchase-workflow,True,True,False,6,purchase;product;purchase_stock;hr;smesplus_uom_ext;project,Use this module to have notification of requirements of materials and/or external services and keep track of such requirements.,
addons_extra,report_xlsx,__manifest__.py,Base report xlsx,19.0.1.0.1,AGPL-3,Reporting,"ACSONE SA/NV,Creu Blanca,Odoo Community Association (OCA)",https://github.com/OCA/reporting-engine,True,False,False,2,base;web,Base module to create xlsx report,
addons_extra,report_xlsx_helper,__manifest__.py,Report xlsx helpers,19.0.1.0.0,AGPL-3,Reporting,"Noviat, Odoo Community Association (OCA)",https://github.com/OCA/reporting-engine,True,False,False,1,report_xlsx,,
addons_extra,sale_gross_profit_record,__manifest__.py,Sale Gross Profit Records ( Not depend sale_fixed_discount ),19.0.1.1,LGPL-3,Sale,Moe Pa Pa,www.smesplus.com,True,False,False,1,sale,Show record from sale gross profit record.,
addons_extra,sale_order_line_price_history,__manifest__.py,Sale Order Line Price History,19.0.1.1.4,AGPL-3,Sales Management,"SMEsPlus Co.,Ltd",https://github.com/OCA/sale-workflow,True,False,False,1,sale,View sale order line price history per partner,
addons_extra,sale_productinfo_ext,__manifest__.py,Sale Product Information Customization Module,19.0.1,UNDECLARED,Sales,,,True,True,False,1,sale,Customized module extends sale.,
addons_extra,smesplus_account_reports,__manifest__.py,SMEsPlus Account Reports,19.0.1.4,LGPL-3,Accounting,SMEsPlus,https://www.smesplus.com/,True,False,False,3,account;account_reports;smesplus_tax_period_date,View and create reports,
addons_extra,smesplus_advance_expense_request,__manifest__.py,Employee Advance Expense Request,19.0.1.0.0,LGPL-3,Human Resources,SMEsPlus,,True,False,False,3,hr_expense;purchase;account_asset,,
addons_extra,smesplus_custom_title_and_favicon,__manifest__.py,Custom Title and Favicon,19.0.0.0.2,LGPL-3,,SMEsPlus,,True,False,False,1,web,This module customizes title and favicon logo.,
addons_extra,smesplus_inventory_lot_filter,__manifest__.py,SMEsPlus Stock Lot/Serial Filter,19.0.1.1,LGPL-3,Supply Chain/Inventory,SMEsPlus,https://www.smesplus.com/,True,False,False,3,base;stock;mrp,Filter stock lot records which have no onhand quantity,
addons_extra,smesplus_product_image,__manifest__.py,SMEsPlus Product Image in Lines,19.0.1.0,UNDECLARED,Sales,SMEsPlus,,True,False,False,4,sale;purchase;stock;account,"Show product image in Sale, Purchase, Inventory and Accounting lines",
addons_extra,smesplus_purchase_advance_payment,__manifest__.py,Purchase Advance Payment,1.0.0,LGPL-3,Accounting,SMEsPlus,,True,False,False,1,purchase,Purchase Advance Payment,
addons_extra,smesplus_so_section_bydivision,__manifest__.py,smesplus_so_section_bydivision,18.0.1.0.1,LGPL-3,Sales,SMEsPlus,https://www.smesplus.com,True,False,False,4,sale;website_sale;website_sale_loyalty;product_brand_sale,Add section by division/brand.,
addons_extra,smesplus_sol_global_discount,__manifest__.py,smesplus_sol_global_discount,19.0.1.0.0,LGPL-3,Sale,SMEsPlus,,True,False,False,1,sale,Sale Order Line Global Discount,
addons_extra,smesplus_special_access_rights,__manifest__.py,smesplus_special_access_rights,19.0.1.0,UNDECLARED,Uncategorized,"SMEsPlus Co.,Ltd",https://www.smesplus.com/,True,True,False,1,base,This module allows to manage special access right to Users. You can also control the visibility of menus for users.,
addons_extra,smesplus_tax_period_date,__manifest__.py,Tax Period Date,19.0.0.1,LGPL-3,Accounting,SMEsPlus,,True,False,False,1,account,Accounting Tax Period Date,
addons_extra,smesplus_uom_ext,__manifest__.py,Units of measure,19.0.1.0,UNDECLARED,Sales/Sales,,,True,False,False,3,uom;product;sale,,
addons_extra,tracking_history,__manifest__.py, User Tracking Records ( Customization ),19.0.1.1,LGPL-3,Mail Activity,"MPP, SMEsPlus Co.,Ltd",www.smesplus.com,True,False,False,1,mail,Show record from lognote by user.,
addons_extra,web_window_title,__manifest__.py,Web Window Title,19.0.0.0.1,LGPL-3,Extra Tools,renjie <i@renjie.me>,https://renjie.me,True,False,False,1,base_setup,The custom web window title,
addons_extra,wk_redis_session,__manifest__.py,Redis Session Store,19.0.1.0,Other proprietary,Extra Tools,Webkul Software Pvt. Ltd.,https://store.webkul.com/odoo-redis-session-store.html,True,True,False,2,base;base_setup,This module allows you to store the session in Redis in spite of in Filesystem in werkzeug.,
ks_dashboard_ninja,ks_dashboard_ninja,__manifest__.py,Dashboard Ninja,14.0.1.6.2,OPL-1,Tools,Ksolves India Ltd.,https://store.ksolves.com/,True,False,False,4,base;web;base_setup;bus,Revamp your Odoo Dashboard like never before! It is one of the best dashboard odoo apps in the market.,
ks_dn_advance,ks_dn_advance,__manifest__.py,Dashboard Ninja Advance,14.0.1.3.1,OPL-1,Tools,Ksolves India Ltd.,https://store.ksolves.com/,True,False,False,1,ks_dashboard_ninja,This app allow you to present your complex data in form of Charts or list view on Dashboards with awesome query feature of Dashboard Ninja.,
