Group_ID	Module_ID_Name	Source_Device_Local_Path	Destination_Repo_Path	Source_SHA256	Destination_SHA256	Bank_Question_Count	MVQ_Floor_Status	QA_Status	Freeze_Status	Blocker_Status	Source_Revision_Timestamp	Ingestion_Disposition
G02	AUTH_LDAP	01_ACTIVE/ROOM_A_GMVQ_25TEAM_ACCELERATION_20260927_REV001/01_QUESTION_BANKS/G02_IDENTITY_ACCESS/G02_AUTH_LDAP_GMVQ_MVQ_48_V1.00_DRAFT.md	99_SMEsPlus_Enterprise_Suite/01_Governance/COMMUNITY19/GMVQ_CANDIDATE_ROSTER_NOT_VERIFIED/G02_IDENTITY_ACCESS/G02_AUTH_LDAP_GMVQ_MVQ_48_V1.00_DRAFT.md	95777a7c1f906ff2ada8282b442e02dfbe10f4b1fcb80f61ded17dbb1b46e969	95777a7c1f906ff2ada8282b442e02dfbe10f4b1fcb80f61ded17dbb1b46e969	48	MVQ FLOOR MET (mechanical grep count = 48, pattern '^QID:')	NOT AUDITED — no defect-queue artifact on file this session	NOT FROZEN — CANDIDATE / ROSTER NOT VERIFIED (Boss Decision 2026-09-27)	G-09 (roster HOLD)	2026-09-27T05:53:06.033923	CANDIDATE — INGESTED, ROSTER NOT VERIFIED, NOT FOR DOWNSTREAM CONSUMPTION
G02	AUTH_OAUTH	01_ACTIVE/ROOM_A_GMVQ_25TEAM_ACCELERATION_20260927_REV001/01_QUESTION_BANKS/G02_IDENTITY_ACCESS/G02_AUTH_OAUTH_GMVQ_MVQ_48_V1.00_DRAFT.md	99_SMEsPlus_Enterprise_Suite/01_Governance/COMMUNITY19/GMVQ_CANDIDATE_ROSTER_NOT_VERIFIED/G02_IDENTITY_ACCESS/G02_AUTH_OAUTH_GMVQ_MVQ_48_V1.00_DRAFT.md	f5890be3d39b233adcbbb1a86da718c3fb42a6aeb36229ad62f87e14b65b4071	f5890be3d39b233adcbbb1a86da718c3fb42a6aeb36229ad62f87e14b65b4071	48	MVQ FLOOR MET (mechanical grep count = 48, pattern '^QID:')	NOT AUDITED — no defect-queue artifact on file this session	NOT FROZEN — CANDIDATE / ROSTER NOT VERIFIED (Boss Decision 2026-09-27)	G-09 (roster HOLD)	2026-09-27T06:40:40.499808	CANDIDATE — INGESTED, ROSTER NOT VERIFIED, NOT FOR DOWNSTREAM CONSUMPTION
G02	AUTH_PASSKEY	01_ACTIVE/ROOM_A_GMVQ_25TEAM_ACCELERATION_20260927_REV001/01_QUESTION_BANKS/G02_IDENTITY_ACCESS/G02_AUTH_PASSKEY_GMVQ_MVQ_48_V1.00_DRAFT.md	99_SMEsPlus_Enterprise_Suite/01_Governance/COMMUNITY19/GMVQ_CANDIDATE_ROSTER_NOT_VERIFIED/G02_IDENTITY_ACCESS/G02_AUTH_PASSKEY_GMVQ_MVQ_48_V1.00_DRAFT.md	48a0e8bd26a8819da16eacc0765f1c5103b1f85218b66ec24d3d2cbbb3624704	48a0e8bd26a8819da16eacc0765f1c5103b1f85218b66ec24d3d2cbbb3624704	48	MVQ FLOOR MET (mechanical grep count = 48, pattern '^QID:')	NOT AUDITED — no defect-queue artifact on file this session	NOT FROZEN — CANDIDATE / ROSTER NOT VERIFIED (Boss Decision 2026-09-27)	G-09 (roster HOLD)	2026-09-27T05:58:51.588717	CANDIDATE — INGESTED, ROSTER NOT VERIFIED, NOT FOR DOWNSTREAM CONSUMPTION
G02	AUTH_PASSKEY_PORTAL	01_ACTIVE/ROOM_A_GMVQ_25TEAM_ACCELERATION_20260927_REV001/01_QUESTION_BANKS/G02_IDENTITY_ACCESS/G02_AUTH_PASSKEY_PORTAL_GMVQ_MVQ_48_V1.00_DRAFT.md	99_SMEsPlus_Enterprise_Suite/01_Governance/COMMUNITY19/GMVQ_CANDIDATE_ROSTER_NOT_VERIFIED/G02_IDENTITY_ACCESS/G02_AUTH_PASSKEY_PORTAL_GMVQ_MVQ_48_V1.00_DRAFT.md	f18105c4399c8843663b27e7e965ef5513a83481eb0a7be81f0b8a3e25fdd93a	f18105c4399c8843663b27e7e965ef5513a83481eb0a7be81f0b8a3e25fdd93a	48	MVQ FLOOR MET (mechanical grep count = 48, pattern '^QID:')	NOT AUDITED — no defect-queue artifact on file this session	NOT FROZEN — CANDIDATE / ROSTER NOT VERIFIED (Boss Decision 2026-09-27)	G-09 (roster HOLD)	2026-09-27T05:58:52.067734	CANDIDATE — INGESTED, ROSTER NOT VERIFIED, NOT FOR DOWNSTREAM CONSUMPTION
G02	AUTH_PASSWORD_POLICY	01_ACTIVE/ROOM_A_GMVQ_25TEAM_ACCELERATION_20260927_REV001/01_QUESTION_BANKS/G02_IDENTITY_ACCESS/G02_AUTH_PASSWORD_POLICY_GMVQ_MVQ_48_V1.00_DRAFT.md	99_SMEsPlus_Enterprise_Suite/01_Governance/COMMUNITY19/GMVQ_CANDIDATE_ROSTER_NOT_VERIFIED/G02_IDENTITY_ACCESS/G02_AUTH_PASSWORD_POLICY_GMVQ_MVQ_48_V1.00_DRAFT.md	23f2e9b3625a2e921237044a6390a254e412847fd168c7396fc0a161a3a72e61	23f2e9b3625a2e921237044a6390a254e412847fd168c7396fc0a161a3a72e61	48	MVQ FLOOR MET (mechanical grep count = 48, pattern '^QID:')	NOT AUDITED — no defect-queue artifact on file this session	NOT FROZEN — CANDIDATE / ROSTER NOT VERIFIED (Boss Decision 2026-09-27)	G-09 (roster HOLD)	2026-09-27T06:37:26.662791	CANDIDATE — INGESTED, ROSTER NOT VERIFIED, NOT FOR DOWNSTREAM CONSUMPTION
G02	AUTH_PASSWORD_POLICY_PORTAL	01_ACTIVE/ROOM_A_GMVQ_25TEAM_ACCELERATION_20260927_REV001/01_QUESTION_BANKS/G02_IDENTITY_ACCESS/G02_AUTH_PASSWORD_POLICY_PORTAL_GMVQ_MVQ_48_V1.00_DRAFT.md	99_SMEsPlus_Enterprise_Suite/01_Governance/COMMUNITY19/GMVQ_CANDIDATE_ROSTER_NOT_VERIFIED/G02_IDENTITY_ACCESS/G02_AUTH_PASSWORD_POLICY_PORTAL_GMVQ_MVQ_48_V1.00_DRAFT.md	2b83e83fac9adb5134974798388a4bfbd41fd79b8e0d68b00b666fac099b191f	2b83e83fac9adb5134974798388a4bfbd41fd79b8e0d68b00b666fac099b191f	48	MVQ FLOOR MET (mechanical grep count = 48, pattern '^QID:')	NOT AUDITED — no defect-queue artifact on file this session	NOT FROZEN — CANDIDATE / ROSTER NOT VERIFIED (Boss Decision 2026-09-27)	G-09 (roster HOLD)	2026-09-27T06:37:26.668673	CANDIDATE — INGESTED, ROSTER NOT VERIFIED, NOT FOR DOWNSTREAM CONSUMPTION
G02	AUTH_PASSWORD_POLICY_SIGNUP	01_ACTIVE/ROOM_A_GMVQ_25TEAM_ACCELERATION_20260927_REV001/01_QUESTION_BANKS/G02_IDENTITY_ACCESS/G02_AUTH_PASSWORD_POLICY_SIGNUP_GMVQ_MVQ_48_V1.00_DRAFT.md	99_SMEsPlus_Enterprise_Suite/01_Governance/COMMUNITY19/GMVQ_CANDIDATE_ROSTER_NOT_VERIFIED/G02_IDENTITY_ACCESS/G02_AUTH_PASSWORD_POLICY_SIGNUP_GMVQ_MVQ_48_V1.00_DRAFT.md	5cfe819aa8f08446b6b8c02893c1fe55fb57e8a2195faf06c05aff1cc236403b	5cfe819aa8f08446b6b8c02893c1fe55fb57e8a2195faf06c05aff1cc236403b	48	MVQ FLOOR MET (mechanical grep count = 48, pattern '^QID:')	NOT AUDITED — no defect-queue artifact on file this session	NOT FROZEN — CANDIDATE / ROSTER NOT VERIFIED (Boss Decision 2026-09-27)	G-09 (roster HOLD)	2026-09-27T05:57:11.399120	CANDIDATE — INGESTED, ROSTER NOT VERIFIED, NOT FOR DOWNSTREAM CONSUMPTION
G02	AUTH_TIMEOUT	01_ACTIVE/ROOM_A_GMVQ_25TEAM_ACCELERATION_20260927_REV001/01_QUESTION_BANKS/G02_IDENTITY_ACCESS/G02_AUTH_TIMEOUT_GMVQ_MVQ_48_V1.00_DRAFT.md	99_SMEsPlus_Enterprise_Suite/01_Governance/COMMUNITY19/GMVQ_CANDIDATE_ROSTER_NOT_VERIFIED/G02_IDENTITY_ACCESS/G02_AUTH_TIMEOUT_GMVQ_MVQ_48_V1.00_DRAFT.md	e201259d64fe0afbc50eabb9f61acf26d386676c3e64912ee2b224e86ffe4b66	e201259d64fe0afbc50eabb9f61acf26d386676c3e64912ee2b224e86ffe4b66	48	MVQ FLOOR MET (mechanical grep count = 48, pattern '^QID:')	NOT AUDITED — no defect-queue artifact on file this session	NOT FROZEN — CANDIDATE / ROSTER NOT VERIFIED (Boss Decision 2026-09-27)	G-09 (roster HOLD)	2026-09-27T05:59:49.870210	CANDIDATE — INGESTED, ROSTER NOT VERIFIED, NOT FOR DOWNSTREAM CONSUMPTION
G02	AUTH_TOTP	01_ACTIVE/ROOM_A_GMVQ_25TEAM_ACCELERATION_20260927_REV001/01_QUESTION_BANKS/G02_IDENTITY_ACCESS/G02_AUTH_TOTP_GMVQ_MVQ_48_V1.00_DRAFT.md	99_SMEsPlus_Enterprise_Suite/01_Governance/COMMUNITY19/GMVQ_CANDIDATE_ROSTER_NOT_VERIFIED/G02_IDENTITY_ACCESS/G02_AUTH_TOTP_GMVQ_MVQ_48_V1.00_DRAFT.md	534f3d0a9648db10f97d3e39e6c4f5b2af29999599acb57dd8280fd88c4a3e32	534f3d0a9648db10f97d3e39e6c4f5b2af29999599acb57dd8280fd88c4a3e32	48	MVQ FLOOR MET (mechanical grep count = 48, pattern '^QID:')	NOT AUDITED — no defect-queue artifact on file this session	NOT FROZEN — CANDIDATE / ROSTER NOT VERIFIED (Boss Decision 2026-09-27)	G-09 (roster HOLD)	2026-09-27T06:00:17.902727	CANDIDATE — INGESTED, ROSTER NOT VERIFIED, NOT FOR DOWNSTREAM CONSUMPTION
G02	AUTH_TOTP_MAIL	01_ACTIVE/ROOM_A_GMVQ_25TEAM_ACCELERATION_20260927_REV001/01_QUESTION_BANKS/G02_IDENTITY_ACCESS/G02_AUTH_TOTP_MAIL_GMVQ_MVQ_48_V1.00_DRAFT.md	99_SMEsPlus_Enterprise_Suite/01_Governance/COMMUNITY19/GMVQ_CANDIDATE_ROSTER_NOT_VERIFIED/G02_IDENTITY_ACCESS/G02_AUTH_TOTP_MAIL_GMVQ_MVQ_48_V1.00_DRAFT.md	b72ec8b0bd8762ccfb409b8e8ecdf08cf1d81ca48c794c95ef4cd921a7ae3dc0	b72ec8b0bd8762ccfb409b8e8ecdf08cf1d81ca48c794c95ef4cd921a7ae3dc0	48	MVQ FLOOR MET (mechanical grep count = 48, pattern '^QID:')	NOT AUDITED — no defect-queue artifact on file this session	NOT FROZEN — CANDIDATE / ROSTER NOT VERIFIED (Boss Decision 2026-09-27)	G-09 (roster HOLD)	2026-09-27T06:00:17.906590	CANDIDATE — INGESTED, ROSTER NOT VERIFIED, NOT FOR DOWNSTREAM CONSUMPTION
G02	AUTH_TOTP_PORTAL	01_ACTIVE/ROOM_A_GMVQ_25TEAM_ACCELERATION_20260927_REV001/01_QUESTION_BANKS/G02_IDENTITY_ACCESS/G02_AUTH_TOTP_PORTAL_GMVQ_MVQ_48_V1.00_DRAFT.md	99_SMEsPlus_Enterprise_Suite/01_Governance/COMMUNITY19/GMVQ_CANDIDATE_ROSTER_NOT_VERIFIED/G02_IDENTITY_ACCESS/G02_AUTH_TOTP_PORTAL_GMVQ_MVQ_48_V1.00_DRAFT.md	ac0be0f6b8b05163b47c9f069c23de4af963839b7b6c22da6ba673d3d9395e81	ac0be0f6b8b05163b47c9f069c23de4af963839b7b6c22da6ba673d3d9395e81	48	MVQ FLOOR MET (mechanical grep count = 48, pattern '^QID:')	NOT AUDITED — no defect-queue artifact on file this session	NOT FROZEN — CANDIDATE / ROSTER NOT VERIFIED (Boss Decision 2026-09-27)	G-09 (roster HOLD)	2026-09-27T06:37:26.656073	CANDIDATE — INGESTED, ROSTER NOT VERIFIED, NOT FOR DOWNSTREAM CONSUMPTION
G03	ANALYTIC	01_ACTIVE/ROOM_A_GMVQ_25TEAM_ACCELERATION_20260927_REV001/01_QUESTION_BANKS/G03_MASTER_DATA/G03_ANALYTIC_GMVQ_MVQ_48_V1.00_DRAFT.md	99_SMEsPlus_Enterprise_Suite/01_Governance/COMMUNITY19/GMVQ_CANDIDATE_ROSTER_NOT_VERIFIED/G03_MASTER_DATA/G03_ANALYTIC_GMVQ_MVQ_48_V1.00_DRAFT.md	21ba423f82c881cdb35df5c46d9f3fc04f40b520e520edb907d16b74e51ccbff	21ba423f82c881cdb35df5c46d9f3fc04f40b520e520edb907d16b74e51ccbff	48	MVQ FLOOR MET (mechanical grep count = 48, pattern '^QID:')	NOT AUDITED — no defect-queue artifact on file this session	NOT FROZEN — CANDIDATE / ROSTER NOT VERIFIED (Boss Decision 2026-09-27)	G-09 (roster HOLD)	2026-09-27T05:58:27.292906	CANDIDATE — INGESTED, ROSTER NOT VERIFIED, NOT FOR DOWNSTREAM CONSUMPTION
G03	BASE_ADDRESS_EXTENDED	01_ACTIVE/ROOM_A_GMVQ_25TEAM_ACCELERATION_20260927_REV001/01_QUESTION_BANKS/G03_MASTER_DATA/G03_BASE_ADDRESS_EXTENDED_GMVQ_MVQ_48_V1.00_DRAFT.md	99_SMEsPlus_Enterprise_Suite/01_Governance/COMMUNITY19/GMVQ_CANDIDATE_ROSTER_NOT_VERIFIED/G03_MASTER_DATA/G03_BASE_ADDRESS_EXTENDED_GMVQ_MVQ_48_V1.00_DRAFT.md	e7fb4a167527ed0fd80f6bef3d80b2ee5efe52e02b36ed5f3ebb74cf640ef776	e7fb4a167527ed0fd80f6bef3d80b2ee5efe52e02b36ed5f3ebb74cf640ef776	48	MVQ FLOOR MET (mechanical grep count = 48, pattern '^QID:')	NOT AUDITED — no defect-queue artifact on file this session	NOT FROZEN — CANDIDATE / ROSTER NOT VERIFIED (Boss Decision 2026-09-27)	G-09 (roster HOLD)	2026-09-27T06:01:22.027313	CANDIDATE — INGESTED, ROSTER NOT VERIFIED, NOT FOR DOWNSTREAM CONSUMPTION
G03	BASE_GEOLOCALIZE	01_ACTIVE/ROOM_A_GMVQ_25TEAM_ACCELERATION_20260927_REV001/01_QUESTION_BANKS/G03_MASTER_DATA/G03_BASE_GEOLOCALIZE_GMVQ_MVQ_48_V1.00_DRAFT.md	99_SMEsPlus_Enterprise_Suite/01_Governance/COMMUNITY19/GMVQ_CANDIDATE_ROSTER_NOT_VERIFIED/G03_MASTER_DATA/G03_BASE_GEOLOCALIZE_GMVQ_MVQ_48_V1.00_DRAFT.md	61107d5b5c04c9901ab3f2b8ccca814f01210cdf049f7d3ce65abe06e0bc90c4	61107d5b5c04c9901ab3f2b8ccca814f01210cdf049f7d3ce65abe06e0bc90c4	48	MVQ FLOOR MET (mechanical grep count = 48, pattern '^QID:')	NOT AUDITED — no defect-queue artifact on file this session	NOT FROZEN — CANDIDATE / ROSTER NOT VERIFIED (Boss Decision 2026-09-27)	G-09 (roster HOLD)	2026-09-27T05:57:49.429115	CANDIDATE — INGESTED, ROSTER NOT VERIFIED, NOT FOR DOWNSTREAM CONSUMPTION
G03	CONTACTS	01_ACTIVE/ROOM_A_GMVQ_25TEAM_ACCELERATION_20260927_REV001/01_QUESTION_BANKS/G03_MASTER_DATA/G03_CONTACTS_GMVQ_MVQ_48_V1.00_DRAFT.md	99_SMEsPlus_Enterprise_Suite/01_Governance/COMMUNITY19/GMVQ_CANDIDATE_ROSTER_NOT_VERIFIED/G03_MASTER_DATA/G03_CONTACTS_GMVQ_MVQ_48_V1.00_DRAFT.md	2b1616fb1217ae8862df41b4845cdb9371adcb6bfb9635ecc311c363d0343fd1	2b1616fb1217ae8862df41b4845cdb9371adcb6bfb9635ecc311c363d0343fd1	48	MVQ FLOOR MET (mechanical grep count = 48, pattern '^QID:')	NOT AUDITED — no defect-queue artifact on file this session	NOT FROZEN — CANDIDATE / ROSTER NOT VERIFIED (Boss Decision 2026-09-27)	G-09 (roster HOLD)	2026-09-27T06:01:01.773573	CANDIDATE — INGESTED, ROSTER NOT VERIFIED, NOT FOR DOWNSTREAM CONSUMPTION
G03	PARTNERSHIP	01_ACTIVE/ROOM_A_GMVQ_25TEAM_ACCELERATION_20260927_REV001/01_QUESTION_BANKS/G03_MASTER_DATA/G03_PARTNERSHIP_GMVQ_MVQ_48_V1.00_DRAFT.md	99_SMEsPlus_Enterprise_Suite/01_Governance/COMMUNITY19/GMVQ_CANDIDATE_ROSTER_NOT_VERIFIED/G03_MASTER_DATA/G03_PARTNERSHIP_GMVQ_MVQ_48_V1.00_DRAFT.md	0bdef79ab8de8efe7d3c1f914908877949b2f3aecdf79b2c7a3248aef78281b1	0bdef79ab8de8efe7d3c1f914908877949b2f3aecdf79b2c7a3248aef78281b1	48	MVQ FLOOR MET (mechanical grep count = 48, pattern '^QID:')	NOT AUDITED — no defect-queue artifact on file this session	NOT FROZEN — CANDIDATE / ROSTER NOT VERIFIED (Boss Decision 2026-09-27)	G-09 (roster HOLD)	2026-09-27T06:41:00.189218	CANDIDATE — INGESTED, ROSTER NOT VERIFIED, NOT FOR DOWNSTREAM CONSUMPTION
G03	PARTNER_AUTOCOMPLETE	01_ACTIVE/ROOM_A_GMVQ_25TEAM_ACCELERATION_20260927_REV001/01_QUESTION_BANKS/G03_MASTER_DATA/G03_PARTNER_AUTOCOMPLETE_GMVQ_MVQ_48_V1.00_DRAFT.md	99_SMEsPlus_Enterprise_Suite/01_Governance/COMMUNITY19/GMVQ_CANDIDATE_ROSTER_NOT_VERIFIED/G03_MASTER_DATA/G03_PARTNER_AUTOCOMPLETE_GMVQ_MVQ_48_V1.00_DRAFT.md	3190acce6ba3170d1d43b1a4af9fc0c8a6cc58b7e6f758a10f0965f510630a5a	3190acce6ba3170d1d43b1a4af9fc0c8a6cc58b7e6f758a10f0965f510630a5a	48	MVQ FLOOR MET (mechanical grep count = 48, pattern '^QID:')	NOT AUDITED — no defect-queue artifact on file this session	NOT FROZEN — CANDIDATE / ROSTER NOT VERIFIED (Boss Decision 2026-09-27)	G-09 (roster HOLD)	2026-09-27T06:41:00.192745	CANDIDATE — INGESTED, ROSTER NOT VERIFIED, NOT FOR DOWNSTREAM CONSUMPTION
G03	PRODUCT_EMAIL_TEMPLATE	01_ACTIVE/ROOM_A_GMVQ_25TEAM_ACCELERATION_20260927_REV001/01_QUESTION_BANKS/G03_MASTER_DATA/G03_PRODUCT_EMAIL_TEMPLATE_GMVQ_MVQ_48_V1.00_DRAFT.md	99_SMEsPlus_Enterprise_Suite/01_Governance/COMMUNITY19/GMVQ_CANDIDATE_ROSTER_NOT_VERIFIED/G03_MASTER_DATA/G03_PRODUCT_EMAIL_TEMPLATE_GMVQ_MVQ_48_V1.00_DRAFT.md	879235e9bd0c6178d53ed2e4ed421e52f4af536b25b7eea2bf53c8a6ec7d228e	879235e9bd0c6178d53ed2e4ed421e52f4af536b25b7eea2bf53c8a6ec7d228e	48	MVQ FLOOR MET (mechanical grep count = 48, pattern '^QID:')	NOT AUDITED — no defect-queue artifact on file this session	NOT FROZEN — CANDIDATE / ROSTER NOT VERIFIED (Boss Decision 2026-09-27)	G-09 (roster HOLD)	2026-09-27T06:00:49.900066	CANDIDATE — INGESTED, ROSTER NOT VERIFIED, NOT FOR DOWNSTREAM CONSUMPTION
G03	PRODUCT	01_ACTIVE/ROOM_A_GMVQ_25TEAM_ACCELERATION_20260927_REV001/01_QUESTION_BANKS/G03_MASTER_DATA/G03_PRODUCT_GMVQ_MVQ_48_V1.00_DRAFT.md	99_SMEsPlus_Enterprise_Suite/01_Governance/COMMUNITY19/GMVQ_CANDIDATE_ROSTER_NOT_VERIFIED/G03_MASTER_DATA/G03_PRODUCT_GMVQ_MVQ_48_V1.00_DRAFT.md	3479409233c5e822fae2073f140ebb0efb187f7fd7b9f3bbcafedd95a81a4732	3479409233c5e822fae2073f140ebb0efb187f7fd7b9f3bbcafedd95a81a4732	48	MVQ FLOOR MET (mechanical grep count = 48, pattern '^QID:')	NOT AUDITED — no defect-queue artifact on file this session	NOT FROZEN — CANDIDATE / ROSTER NOT VERIFIED (Boss Decision 2026-09-27)	G-09 (roster HOLD)	2026-09-27T05:58:10.808653	CANDIDATE — INGESTED, ROSTER NOT VERIFIED, NOT FOR DOWNSTREAM CONSUMPTION
G03	PRODUCT_MARGIN	01_ACTIVE/ROOM_A_GMVQ_25TEAM_ACCELERATION_20260927_REV001/01_QUESTION_BANKS/G03_MASTER_DATA/G03_PRODUCT_MARGIN_GMVQ_MVQ_48_V1.00_DRAFT.md	99_SMEsPlus_Enterprise_Suite/01_Governance/COMMUNITY19/GMVQ_CANDIDATE_ROSTER_NOT_VERIFIED/G03_MASTER_DATA/G03_PRODUCT_MARGIN_GMVQ_MVQ_48_V1.00_DRAFT.md	e83eb7dee09a37661fa44f6dcc847dd7e9da429473a2ee4bfa00ad6cb36fe4b1	e83eb7dee09a37661fa44f6dcc847dd7e9da429473a2ee4bfa00ad6cb36fe4b1	48	MVQ FLOOR MET (mechanical grep count = 48, pattern '^QID:')	NOT AUDITED — no defect-queue artifact on file this session	NOT FROZEN — CANDIDATE / ROSTER NOT VERIFIED (Boss Decision 2026-09-27)	G-09 (roster HOLD)	2026-09-27T05:55:51.462693	CANDIDATE — INGESTED, ROSTER NOT VERIFIED, NOT FOR DOWNSTREAM CONSUMPTION
G03	PRODUCT_MATRIX	01_ACTIVE/ROOM_A_GMVQ_25TEAM_ACCELERATION_20260927_REV001/01_QUESTION_BANKS/G03_MASTER_DATA/G03_PRODUCT_MATRIX_GMVQ_MVQ_48_V1.00_DRAFT.md	99_SMEsPlus_Enterprise_Suite/01_Governance/COMMUNITY19/GMVQ_CANDIDATE_ROSTER_NOT_VERIFIED/G03_MASTER_DATA/G03_PRODUCT_MATRIX_GMVQ_MVQ_48_V1.00_DRAFT.md	e3257e339361275174cc063f490536cf1b3b6269495c557d2c4e197dbf0dc2f2	e3257e339361275174cc063f490536cf1b3b6269495c557d2c4e197dbf0dc2f2	48	MVQ FLOOR MET (mechanical grep count = 48, pattern '^QID:')	NOT AUDITED — no defect-queue artifact on file this session	NOT FROZEN — CANDIDATE / ROSTER NOT VERIFIED (Boss Decision 2026-09-27)	G-09 (roster HOLD)	2026-09-27T05:57:31.032236	CANDIDATE — INGESTED, ROSTER NOT VERIFIED, NOT FOR DOWNSTREAM CONSUMPTION
G03	UOM	01_ACTIVE/ROOM_A_GMVQ_25TEAM_ACCELERATION_20260927_REV001/01_QUESTION_BANKS/G03_MASTER_DATA/G03_UOM_GMVQ_MVQ_50_V1.00_DRAFT.md	99_SMEsPlus_Enterprise_Suite/01_Governance/COMMUNITY19/GMVQ_CANDIDATE_ROSTER_NOT_VERIFIED/G03_MASTER_DATA/G03_UOM_GMVQ_MVQ_50_V1.00_DRAFT.md	9b8f4fd0ab82194fcdb662a2b7b8dd748c277e715bea5591f6df3299216ac6b0	9b8f4fd0ab82194fcdb662a2b7b8dd748c277e715bea5591f6df3299216ac6b0	50	MVQ FLOOR MET (mechanical grep count = 50, pattern '^QID:')	NOT AUDITED — no defect-queue artifact on file this session	NOT FROZEN — CANDIDATE / ROSTER NOT VERIFIED (Boss Decision 2026-09-27)	G-09 (roster HOLD)	2026-09-27T05:55:53.190016	CANDIDATE — INGESTED, ROSTER NOT VERIFIED, NOT FOR DOWNSTREAM CONSUMPTION
G04	ACCOUNT_ADD_GLN	01_ACTIVE/ROOM_A_GMVQ_25TEAM_ACCELERATION_20260927_REV001/01_QUESTION_BANKS/G04_ACCOUNT_BASE/G04_ACCOUNT_ADD_GLN_GMVQ_MVQ_48_V1.00_DRAFT.md	99_SMEsPlus_Enterprise_Suite/01_Governance/COMMUNITY19/GMVQ_CANDIDATE_ROSTER_NOT_VERIFIED/G04_ACCOUNT_BASE/G04_ACCOUNT_ADD_GLN_GMVQ_MVQ_48_V1.00_DRAFT.md	0f8a0c77911a38f33db301d43679f279ce5cfe4970395452fb56db71becef915	0f8a0c77911a38f33db301d43679f279ce5cfe4970395452fb56db71becef915	48	MVQ FLOOR MET (mechanical grep count = 48, pattern '^QID:')	NOT AUDITED — no defect-queue artifact on file this session	NOT FROZEN — CANDIDATE / ROSTER NOT VERIFIED (Boss Decision 2026-09-27)	G-09 (roster HOLD), NP-01	2026-09-27T06:02:42.246095	CANDIDATE — INGESTED, ROSTER NOT VERIFIED, NOT FOR DOWNSTREAM CONSUMPTION
G04	ACCOUNT	01_ACTIVE/ROOM_A_GMVQ_25TEAM_ACCELERATION_20260927_REV001/01_QUESTION_BANKS/G04_ACCOUNT_BASE/G04_ACCOUNT_GMVQ_MVQ_62_V1.00_DRAFT.md	99_SMEsPlus_Enterprise_Suite/01_Governance/COMMUNITY19/GMVQ_CANDIDATE_ROSTER_NOT_VERIFIED/G04_ACCOUNT_BASE/G04_ACCOUNT_GMVQ_MVQ_62_V1.00_DRAFT.md	21bb2dcc472a8a10a95962408b3067837d71ffcc77e12ccb7f3119ebf533cc17	21bb2dcc472a8a10a95962408b3067837d71ffcc77e12ccb7f3119ebf533cc17	62	MVQ FLOOR MET (mechanical grep count = 62, pattern '^QID:')	NOT AUDITED — no defect-queue artifact on file this session	NOT FROZEN — CANDIDATE / ROSTER NOT VERIFIED (Boss Decision 2026-09-27)	G-09 (roster HOLD), NP-01	2026-09-27T05:59:50.052242	CANDIDATE — INGESTED, ROSTER NOT VERIFIED, NOT FOR DOWNSTREAM CONSUMPTION
G04	ACCOUNT_TAX_PYTHON	01_ACTIVE/ROOM_A_GMVQ_25TEAM_ACCELERATION_20260927_REV001/01_QUESTION_BANKS/G04_ACCOUNT_BASE/G04_ACCOUNT_TAX_PYTHON_GMVQ_MVQ_48_V1.00_DRAFT.md	99_SMEsPlus_Enterprise_Suite/01_Governance/COMMUNITY19/GMVQ_CANDIDATE_ROSTER_NOT_VERIFIED/G04_ACCOUNT_BASE/G04_ACCOUNT_TAX_PYTHON_GMVQ_MVQ_48_V1.00_DRAFT.md	794182e3c459fbb11e3a92427d2f202b4a2a9ea85fde1cdc1b38b31716c44f20	794182e3c459fbb11e3a92427d2f202b4a2a9ea85fde1cdc1b38b31716c44f20	48	MVQ FLOOR MET (mechanical grep count = 48, pattern '^QID:')	NOT AUDITED — no defect-queue artifact on file this session	NOT FROZEN — CANDIDATE / ROSTER NOT VERIFIED (Boss Decision 2026-09-27)	G-09 (roster HOLD), NP-01	2026-09-27T05:55:58.000468	CANDIDATE — INGESTED, ROSTER NOT VERIFIED, NOT FOR DOWNSTREAM CONSUMPTION
G04	ACCOUNT_TEST	01_ACTIVE/ROOM_A_GMVQ_25TEAM_ACCELERATION_20260927_REV001/01_QUESTION_BANKS/G04_ACCOUNT_BASE/G04_ACCOUNT_TEST_GMVQ_MVQ_48_V1.00_DRAFT.md	99_SMEsPlus_Enterprise_Suite/01_Governance/COMMUNITY19/GMVQ_CANDIDATE_ROSTER_NOT_VERIFIED/G04_ACCOUNT_BASE/G04_ACCOUNT_TEST_GMVQ_MVQ_48_V1.00_DRAFT.md	dc24303c486ad8dc630ee6d3a0f8c27427dcaaeaf02789dc5620a00143285f5e	dc24303c486ad8dc630ee6d3a0f8c27427dcaaeaf02789dc5620a00143285f5e	48	MVQ FLOOR MET (mechanical grep count = 48, pattern '^QID:')	NOT AUDITED — no defect-queue artifact on file this session	NOT FROZEN — CANDIDATE / ROSTER NOT VERIFIED (Boss Decision 2026-09-27)	G-09 (roster HOLD), NP-01	2026-09-27T06:41:00.195901	CANDIDATE — INGESTED, ROSTER NOT VERIFIED, NOT FOR DOWNSTREAM CONSUMPTION
G04	ACCOUNT_UPDATE_TAX_TAGS	01_ACTIVE/ROOM_A_GMVQ_25TEAM_ACCELERATION_20260927_REV001/01_QUESTION_BANKS/G04_ACCOUNT_BASE/G04_ACCOUNT_UPDATE_TAX_TAGS_GMVQ_MVQ_48_V1.00_DRAFT.md	99_SMEsPlus_Enterprise_Suite/01_Governance/COMMUNITY19/GMVQ_CANDIDATE_ROSTER_NOT_VERIFIED/G04_ACCOUNT_BASE/G04_ACCOUNT_UPDATE_TAX_TAGS_GMVQ_MVQ_48_V1.00_DRAFT.md	b43d509346f672ec4e5968544a463cad3272aa53cf8c9af43fa9054b89ff476e	b43d509346f672ec4e5968544a463cad3272aa53cf8c9af43fa9054b89ff476e	48	MVQ FLOOR MET (mechanical grep count = 48, pattern '^QID:')	NOT AUDITED — no defect-queue artifact on file this session	NOT FROZEN — CANDIDATE / ROSTER NOT VERIFIED (Boss Decision 2026-09-27)	G-09 (roster HOLD), NP-01	2026-09-27T05:58:04.183544	CANDIDATE — INGESTED, ROSTER NOT VERIFIED, NOT FOR DOWNSTREAM CONSUMPTION
G04	BASE_IBAN	01_ACTIVE/ROOM_A_GMVQ_25TEAM_ACCELERATION_20260927_REV001/01_QUESTION_BANKS/G04_ACCOUNT_BASE/G04_BASE_IBAN_GMVQ_MVQ_48_V1.00_DRAFT.md	99_SMEsPlus_Enterprise_Suite/01_Governance/COMMUNITY19/GMVQ_CANDIDATE_ROSTER_NOT_VERIFIED/G04_ACCOUNT_BASE/G04_BASE_IBAN_GMVQ_MVQ_48_V1.00_DRAFT.md	2656c0fc76f48bb030d45ed97729698c870dd47c571df9b176a64e839a67a0ab	2656c0fc76f48bb030d45ed97729698c870dd47c571df9b176a64e839a67a0ab	48	MVQ FLOOR MET (mechanical grep count = 48, pattern '^QID:')	NOT AUDITED — no defect-queue artifact on file this session	NOT FROZEN — CANDIDATE / ROSTER NOT VERIFIED (Boss Decision 2026-09-27)	G-09 (roster HOLD), NP-01	2026-09-27T06:00:22.748824	CANDIDATE — INGESTED, ROSTER NOT VERIFIED, NOT FOR DOWNSTREAM CONSUMPTION
G04	BASE_VAT	01_ACTIVE/ROOM_A_GMVQ_25TEAM_ACCELERATION_20260927_REV001/01_QUESTION_BANKS/G04_ACCOUNT_BASE/G04_BASE_VAT_GMVQ_MVQ_48_V1.00_DRAFT.md	99_SMEsPlus_Enterprise_Suite/01_Governance/COMMUNITY19/GMVQ_CANDIDATE_ROSTER_NOT_VERIFIED/G04_ACCOUNT_BASE/G04_BASE_VAT_GMVQ_MVQ_48_V1.00_DRAFT.md	c7c16b0767a0a77970935819cc87b112fa14c213f85b5f5038bafd6fd44b9802	c7c16b0767a0a77970935819cc87b112fa14c213f85b5f5038bafd6fd44b9802	48	MVQ FLOOR MET (mechanical grep count = 48, pattern '^QID:')	NOT AUDITED — no defect-queue artifact on file this session	NOT FROZEN — CANDIDATE / ROSTER NOT VERIFIED (Boss Decision 2026-09-27)	G-09 (roster HOLD), NP-01	2026-09-27T05:56:13.563295	CANDIDATE — INGESTED, ROSTER NOT VERIFIED, NOT FOR DOWNSTREAM CONSUMPTION
G04	L10N_ACCOUNT_WITHHOLDING_TAX	01_ACTIVE/ROOM_A_GMVQ_25TEAM_ACCELERATION_20260927_REV001/01_QUESTION_BANKS/G04_ACCOUNT_BASE/G04_L10N_ACCOUNT_WITHHOLDING_TAX_GMVQ_MVQ_48_V1.00_DRAFT.md	99_SMEsPlus_Enterprise_Suite/01_Governance/COMMUNITY19/GMVQ_CANDIDATE_ROSTER_NOT_VERIFIED/G04_ACCOUNT_BASE/G04_L10N_ACCOUNT_WITHHOLDING_TAX_GMVQ_MVQ_48_V1.00_DRAFT.md	0f24d4e65bc54237f5084e84584d3e6b2eb18a3040a47a1ef25405247d551cc6	0f24d4e65bc54237f5084e84584d3e6b2eb18a3040a47a1ef25405247d551cc6	48	MVQ FLOOR MET (mechanical grep count = 48, pattern '^QID:')	NOT AUDITED — no defect-queue artifact on file this session	NOT FROZEN — CANDIDATE / ROSTER NOT VERIFIED (Boss Decision 2026-09-27)	G-09 (roster HOLD), NP-01	2026-09-27T06:37:26.674151	CANDIDATE — INGESTED, ROSTER NOT VERIFIED, NOT FOR DOWNSTREAM CONSUMPTION
G04	L10N_TH	01_ACTIVE/ROOM_A_GMVQ_25TEAM_ACCELERATION_20260927_REV001/01_QUESTION_BANKS/G04_ACCOUNT_BASE/G04_L10N_TH_GMVQ_MVQ_50_V1.00_DRAFT.md	99_SMEsPlus_Enterprise_Suite/01_Governance/COMMUNITY19/GMVQ_CANDIDATE_ROSTER_NOT_VERIFIED/G04_ACCOUNT_BASE/G04_L10N_TH_GMVQ_MVQ_50_V1.00_DRAFT.md	fbf79b7faf77f9dcd60981a5bcea0b8510199ecff376cc7a77a63189db5d3fbe	fbf79b7faf77f9dcd60981a5bcea0b8510199ecff376cc7a77a63189db5d3fbe	50	MVQ FLOOR MET (mechanical grep count = 50, pattern '^QID:')	NOT AUDITED — no defect-queue artifact on file this session	NOT FROZEN — CANDIDATE / ROSTER NOT VERIFIED (Boss Decision 2026-09-27)	G-09 (roster HOLD), NP-01	2026-09-27T05:58:02.131593	CANDIDATE — INGESTED, ROSTER NOT VERIFIED, NOT FOR DOWNSTREAM CONSUMPTION
G05	BARCODES	01_ACTIVE/ROOM_A_GMVQ_25TEAM_ACCELERATION_20260927_REV001/01_QUESTION_BANKS/G05_INVENTORY/G05_BARCODES_GMVQ_MVQ_50_V1.00_DRAFT.md	99_SMEsPlus_Enterprise_Suite/01_Governance/COMMUNITY19/GMVQ_CANDIDATE_ROSTER_NOT_VERIFIED/G05_INVENTORY/G05_BARCODES_GMVQ_MVQ_50_V1.00_DRAFT.md	7e81fa85ab3ae66e9488d7b3e25f27cc7a74880b0a03a77be116a6bfce54bcd8	7e81fa85ab3ae66e9488d7b3e25f27cc7a74880b0a03a77be116a6bfce54bcd8	50	MVQ FLOOR MET (mechanical grep count = 50, pattern '^QID:')	AUDIT QUEUE FILE PRESENT (G05_G06_INDEP_AUDIT_DEFECT_QUEUE.tsv) — disposition NOT re-parsed/re-verified this session, see file directly	NOT FROZEN — CANDIDATE / ROSTER NOT VERIFIED (Boss Decision 2026-09-27)	G-09 (roster HOLD)	2026-09-27T07:03:03.687582	CANDIDATE — INGESTED, ROSTER NOT VERIFIED, NOT FOR DOWNSTREAM CONSUMPTION
G05	BARCODES_GS1_NOMENCLATURE	01_ACTIVE/ROOM_A_GMVQ_25TEAM_ACCELERATION_20260927_REV001/01_QUESTION_BANKS/G05_INVENTORY/G05_BARCODES_GS1_NOMENCLATURE_GMVQ_MVQ_50_V1.00_DRAFT.md	99_SMEsPlus_Enterprise_Suite/01_Governance/COMMUNITY19/GMVQ_CANDIDATE_ROSTER_NOT_VERIFIED/G05_INVENTORY/G05_BARCODES_GS1_NOMENCLATURE_GMVQ_MVQ_50_V1.00_DRAFT.md	4fa265b8eb02602f52c9e9dde6536efc2e5267aba8c322cd79e4e864cfc34c31	4fa265b8eb02602f52c9e9dde6536efc2e5267aba8c322cd79e4e864cfc34c31	50	MVQ FLOOR MET (mechanical grep count = 50, pattern '^QID:')	AUDIT QUEUE FILE PRESENT (G05_G06_INDEP_AUDIT_DEFECT_QUEUE.tsv) — disposition NOT re-parsed/re-verified this session, see file directly	NOT FROZEN — CANDIDATE / ROSTER NOT VERIFIED (Boss Decision 2026-09-27)	G-09 (roster HOLD)	2026-09-27T07:06:17.437773	CANDIDATE — INGESTED, ROSTER NOT VERIFIED, NOT FOR DOWNSTREAM CONSUMPTION
G05	DELIVERY_STOCK_PICKING_BATCH	01_ACTIVE/ROOM_A_GMVQ_25TEAM_ACCELERATION_20260927_REV001/01_QUESTION_BANKS/G05_INVENTORY/G05_DELIVERY_STOCK_PICKING_BATCH_GMVQ_MVQ_48_V1.00_DRAFT.md	99_SMEsPlus_Enterprise_Suite/01_Governance/COMMUNITY19/GMVQ_CANDIDATE_ROSTER_NOT_VERIFIED/G05_INVENTORY/G05_DELIVERY_STOCK_PICKING_BATCH_GMVQ_MVQ_48_V1.00_DRAFT.md	a2e4716c11b77f2867033e2da7638e971ba5e58e622b971ac9f7d9f3a202e882	a2e4716c11b77f2867033e2da7638e971ba5e58e622b971ac9f7d9f3a202e882	48	MVQ FLOOR MET (mechanical grep count = 48, pattern '^QID:')	AUDIT QUEUE FILE PRESENT (G05_G06_INDEP_AUDIT_DEFECT_QUEUE.tsv) — disposition NOT re-parsed/re-verified this session, see file directly	NOT FROZEN — CANDIDATE / ROSTER NOT VERIFIED (Boss Decision 2026-09-27)	G-09 (roster HOLD)	2026-09-27T07:10:01.130226	CANDIDATE — INGESTED, ROSTER NOT VERIFIED, NOT FOR DOWNSTREAM CONSUMPTION
G05	PRODUCT_EXPIRY	01_ACTIVE/ROOM_A_GMVQ_25TEAM_ACCELERATION_20260927_REV001/01_QUESTION_BANKS/G05_INVENTORY/G05_PRODUCT_EXPIRY_GMVQ_MVQ_48_V1.00_DRAFT.md	99_SMEsPlus_Enterprise_Suite/01_Governance/COMMUNITY19/GMVQ_CANDIDATE_ROSTER_NOT_VERIFIED/G05_INVENTORY/G05_PRODUCT_EXPIRY_GMVQ_MVQ_48_V1.00_DRAFT.md	13cd223bb9a7c23de8f7932f523a080c1da6dad1d94a0039709dabc921411054	13cd223bb9a7c23de8f7932f523a080c1da6dad1d94a0039709dabc921411054	48	MVQ FLOOR MET (mechanical grep count = 48, pattern '^QID:')	AUDIT QUEUE FILE PRESENT (G05_G06_INDEP_AUDIT_DEFECT_QUEUE.tsv) — disposition NOT re-parsed/re-verified this session, see file directly	NOT FROZEN — CANDIDATE / ROSTER NOT VERIFIED (Boss Decision 2026-09-27)	G-09 (roster HOLD)	2026-09-27T07:02:35.825920	CANDIDATE — INGESTED, ROSTER NOT VERIFIED, NOT FOR DOWNSTREAM CONSUMPTION
G05	REPAIR	01_ACTIVE/ROOM_A_GMVQ_25TEAM_ACCELERATION_20260927_REV001/01_QUESTION_BANKS/G05_INVENTORY/G05_REPAIR_GMVQ_MVQ_48_V1.00_DRAFT.md	99_SMEsPlus_Enterprise_Suite/01_Governance/COMMUNITY19/GMVQ_CANDIDATE_ROSTER_NOT_VERIFIED/G05_INVENTORY/G05_REPAIR_GMVQ_MVQ_48_V1.00_DRAFT.md	671686d286bdac25af6bb8c839286ff7b92745bacaa2f7ad7acc9868baf65be7	671686d286bdac25af6bb8c839286ff7b92745bacaa2f7ad7acc9868baf65be7	48	MVQ FLOOR MET (mechanical grep count = 48, pattern '^QID:')	AUDIT QUEUE FILE PRESENT (G05_G06_INDEP_AUDIT_DEFECT_QUEUE.tsv) — disposition NOT re-parsed/re-verified this session, see file directly	NOT FROZEN — CANDIDATE / ROSTER NOT VERIFIED (Boss Decision 2026-09-27)	G-09 (roster HOLD)	2026-09-27T07:05:05.733673	CANDIDATE — INGESTED, ROSTER NOT VERIFIED, NOT FOR DOWNSTREAM CONSUMPTION
G05	STOCK_ACCOUNT	01_ACTIVE/ROOM_A_GMVQ_25TEAM_ACCELERATION_20260927_REV001/01_QUESTION_BANKS/G05_INVENTORY/G05_STOCK_ACCOUNT_GMVQ_MVQ_50_V1.00_DRAFT.md	99_SMEsPlus_Enterprise_Suite/01_Governance/COMMUNITY19/GMVQ_CANDIDATE_ROSTER_NOT_VERIFIED/G05_INVENTORY/G05_STOCK_ACCOUNT_GMVQ_MVQ_50_V1.00_DRAFT.md	6fee1eed521194e80ae7efcc48091aed936732644091636a82c4ce72f2151d27	6fee1eed521194e80ae7efcc48091aed936732644091636a82c4ce72f2151d27	50	MVQ FLOOR MET (mechanical grep count = 50, pattern '^QID:')	AUDIT QUEUE FILE PRESENT (G05_G06_INDEP_AUDIT_DEFECT_QUEUE.tsv) — disposition NOT re-parsed/re-verified this session, see file directly	NOT FROZEN — CANDIDATE / ROSTER NOT VERIFIED (Boss Decision 2026-09-27)	G-09 (roster HOLD)	2026-09-27T07:05:07.074383	CANDIDATE — INGESTED, ROSTER NOT VERIFIED, NOT FOR DOWNSTREAM CONSUMPTION
G05	STOCK_DELIVERY	01_ACTIVE/ROOM_A_GMVQ_25TEAM_ACCELERATION_20260927_REV001/01_QUESTION_BANKS/G05_INVENTORY/G05_STOCK_DELIVERY_GMVQ_MVQ_48_V1.00_DRAFT.md	99_SMEsPlus_Enterprise_Suite/01_Governance/COMMUNITY19/GMVQ_CANDIDATE_ROSTER_NOT_VERIFIED/G05_INVENTORY/G05_STOCK_DELIVERY_GMVQ_MVQ_48_V1.00_DRAFT.md	7fc6ceaf0e707e19a3e76cac9ec9f19813924956af6a93696160ab687dad1341	7fc6ceaf0e707e19a3e76cac9ec9f19813924956af6a93696160ab687dad1341	48	MVQ FLOOR MET (mechanical grep count = 48, pattern '^QID:')	AUDIT QUEUE FILE PRESENT (G05_G06_INDEP_AUDIT_DEFECT_QUEUE.tsv) — disposition NOT re-parsed/re-verified this session, see file directly	NOT FROZEN — CANDIDATE / ROSTER NOT VERIFIED (Boss Decision 2026-09-27)	G-09 (roster HOLD)	2026-09-27T07:05:55.685419	CANDIDATE — INGESTED, ROSTER NOT VERIFIED, NOT FOR DOWNSTREAM CONSUMPTION
G05	STOCK_DROPSHIPPING	01_ACTIVE/ROOM_A_GMVQ_25TEAM_ACCELERATION_20260927_REV001/01_QUESTION_BANKS/G05_INVENTORY/G05_STOCK_DROPSHIPPING_GMVQ_MVQ_48_V1.00_DRAFT.md	99_SMEsPlus_Enterprise_Suite/01_Governance/COMMUNITY19/GMVQ_CANDIDATE_ROSTER_NOT_VERIFIED/G05_INVENTORY/G05_STOCK_DROPSHIPPING_GMVQ_MVQ_48_V1.00_DRAFT.md	a57849a424e042f539373ff836ef769c08df833bc8bbf19891b2c57bdaaf9df0	a57849a424e042f539373ff836ef769c08df833bc8bbf19891b2c57bdaaf9df0	48	MVQ FLOOR MET (mechanical grep count = 48, pattern '^QID:')	AUDIT QUEUE FILE PRESENT (G05_G06_INDEP_AUDIT_DEFECT_QUEUE.tsv) — disposition NOT re-parsed/re-verified this session, see file directly	NOT FROZEN — CANDIDATE / ROSTER NOT VERIFIED (Boss Decision 2026-09-27)	G-09 (roster HOLD)	2026-09-27T07:10:19.765354	CANDIDATE — INGESTED, ROSTER NOT VERIFIED, NOT FOR DOWNSTREAM CONSUMPTION
G05	STOCK_FLEET	01_ACTIVE/ROOM_A_GMVQ_25TEAM_ACCELERATION_20260927_REV001/01_QUESTION_BANKS/G05_INVENTORY/G05_STOCK_FLEET_GMVQ_MVQ_48_V1.00_DRAFT.md	99_SMEsPlus_Enterprise_Suite/01_Governance/COMMUNITY19/GMVQ_CANDIDATE_ROSTER_NOT_VERIFIED/G05_INVENTORY/G05_STOCK_FLEET_GMVQ_MVQ_48_V1.00_DRAFT.md	b0ee50d40d01a9977851b021d4fd5bc949e54e1d10544239e0443a5f79f0a68c	b0ee50d40d01a9977851b021d4fd5bc949e54e1d10544239e0443a5f79f0a68c	48	MVQ FLOOR MET (mechanical grep count = 48, pattern '^QID:')	AUDIT QUEUE FILE PRESENT (G05_G06_INDEP_AUDIT_DEFECT_QUEUE.tsv) — disposition NOT re-parsed/re-verified this session, see file directly	NOT FROZEN — CANDIDATE / ROSTER NOT VERIFIED (Boss Decision 2026-09-27)	G-09 (roster HOLD)	2026-09-27T13:38:40.980767	CANDIDATE — INGESTED, ROSTER NOT VERIFIED, NOT FOR DOWNSTREAM CONSUMPTION
G05	STOCK	01_ACTIVE/ROOM_A_GMVQ_25TEAM_ACCELERATION_20260927_REV001/01_QUESTION_BANKS/G05_INVENTORY/G05_STOCK_GMVQ_MVQ_64_V1.00_DRAFT.md	99_SMEsPlus_Enterprise_Suite/01_Governance/COMMUNITY19/GMVQ_CANDIDATE_ROSTER_NOT_VERIFIED/G05_INVENTORY/G05_STOCK_GMVQ_MVQ_64_V1.00_DRAFT.md	5bc4555aaec70f451857fb30a3f2394b3bda2365b3484525b8f9cecbef13a45f	5bc4555aaec70f451857fb30a3f2394b3bda2365b3484525b8f9cecbef13a45f	64	MVQ FLOOR MET (mechanical grep count = 64, pattern '^QID:')	AUDIT QUEUE FILE PRESENT (G05_G06_INDEP_AUDIT_DEFECT_QUEUE.tsv) — disposition NOT re-parsed/re-verified this session, see file directly	NOT FROZEN — CANDIDATE / ROSTER NOT VERIFIED (Boss Decision 2026-09-27)	G-09 (roster HOLD)	2026-09-27T07:04:52.776352	CANDIDATE — INGESTED, ROSTER NOT VERIFIED, NOT FOR DOWNSTREAM CONSUMPTION
G05	STOCK_LANDED_COSTS	01_ACTIVE/ROOM_A_GMVQ_25TEAM_ACCELERATION_20260927_REV001/01_QUESTION_BANKS/G05_INVENTORY/G05_STOCK_LANDED_COSTS_GMVQ_MVQ_50_V1.00_DRAFT.md	99_SMEsPlus_Enterprise_Suite/01_Governance/COMMUNITY19/GMVQ_CANDIDATE_ROSTER_NOT_VERIFIED/G05_INVENTORY/G05_STOCK_LANDED_COSTS_GMVQ_MVQ_50_V1.00_DRAFT.md	850b535a5e242a91c3a8df5f266df3ff89cb62e0dff5e8573bcb5cec324b6f9c	850b535a5e242a91c3a8df5f266df3ff89cb62e0dff5e8573bcb5cec324b6f9c	50	MVQ FLOOR MET (mechanical grep count = 50, pattern '^QID:')	AUDIT QUEUE FILE PRESENT (G05_G06_INDEP_AUDIT_DEFECT_QUEUE.tsv) — disposition NOT re-parsed/re-verified this session, see file directly	NOT FROZEN — CANDIDATE / ROSTER NOT VERIFIED (Boss Decision 2026-09-27)	G-09 (roster HOLD)	2026-09-27T07:05:07.581112	CANDIDATE — INGESTED, ROSTER NOT VERIFIED, NOT FOR DOWNSTREAM CONSUMPTION
G05	STOCK_MAINTENANCE	01_ACTIVE/ROOM_A_GMVQ_25TEAM_ACCELERATION_20260927_REV001/01_QUESTION_BANKS/G05_INVENTORY/G05_STOCK_MAINTENANCE_GMVQ_MVQ_48_V1.00_DRAFT.md	99_SMEsPlus_Enterprise_Suite/01_Governance/COMMUNITY19/GMVQ_CANDIDATE_ROSTER_NOT_VERIFIED/G05_INVENTORY/G05_STOCK_MAINTENANCE_GMVQ_MVQ_48_V1.00_DRAFT.md	caa829af6a4e212ce34998bc64dea1d5219664a64e6cda3da98efbb1f2a102ef	caa829af6a4e212ce34998bc64dea1d5219664a64e6cda3da98efbb1f2a102ef	48	MVQ FLOOR MET (mechanical grep count = 48, pattern '^QID:')	AUDIT QUEUE FILE PRESENT (G05_G06_INDEP_AUDIT_DEFECT_QUEUE.tsv) — disposition NOT re-parsed/re-verified this session, see file directly	NOT FROZEN — CANDIDATE / ROSTER NOT VERIFIED (Boss Decision 2026-09-27)	G-09 (roster HOLD)	2026-09-27T07:16:26.889473	CANDIDATE — INGESTED, ROSTER NOT VERIFIED, NOT FOR DOWNSTREAM CONSUMPTION
G05	STOCK_PICKING_BATCH	01_ACTIVE/ROOM_A_GMVQ_25TEAM_ACCELERATION_20260927_REV001/01_QUESTION_BANKS/G05_INVENTORY/G05_STOCK_PICKING_BATCH_GMVQ_MVQ_48_V1.00_DRAFT.md	99_SMEsPlus_Enterprise_Suite/01_Governance/COMMUNITY19/GMVQ_CANDIDATE_ROSTER_NOT_VERIFIED/G05_INVENTORY/G05_STOCK_PICKING_BATCH_GMVQ_MVQ_48_V1.00_DRAFT.md	ece8b402c54424425cccbe325219ef5ec54a4bd99190bd5da396f317eb9260da	ece8b402c54424425cccbe325219ef5ec54a4bd99190bd5da396f317eb9260da	48	MVQ FLOOR MET (mechanical grep count = 48, pattern '^QID:')	AUDIT QUEUE FILE PRESENT (G05_G06_INDEP_AUDIT_DEFECT_QUEUE.tsv) — disposition NOT re-parsed/re-verified this session, see file directly	NOT FROZEN — CANDIDATE / ROSTER NOT VERIFIED (Boss Decision 2026-09-27)	G-09 (roster HOLD)	2026-09-27T07:10:19.205899	CANDIDATE — INGESTED, ROSTER NOT VERIFIED, NOT FOR DOWNSTREAM CONSUMPTION
G05	STOCK_SMS	01_ACTIVE/ROOM_A_GMVQ_25TEAM_ACCELERATION_20260927_REV001/01_QUESTION_BANKS/G05_INVENTORY/G05_STOCK_SMS_GMVQ_MVQ_48_V1.00_DRAFT.md	99_SMEsPlus_Enterprise_Suite/01_Governance/COMMUNITY19/GMVQ_CANDIDATE_ROSTER_NOT_VERIFIED/G05_INVENTORY/G05_STOCK_SMS_GMVQ_MVQ_48_V1.00_DRAFT.md	d88e31f87da31f3508ee4cae234a36d932440b4d35709298a08f980b5f9bb415	d88e31f87da31f3508ee4cae234a36d932440b4d35709298a08f980b5f9bb415	48	MVQ FLOOR MET (mechanical grep count = 48, pattern '^QID:')	AUDIT QUEUE FILE PRESENT (G05_G06_INDEP_AUDIT_DEFECT_QUEUE.tsv) — disposition NOT re-parsed/re-verified this session, see file directly	NOT FROZEN — CANDIDATE / ROSTER NOT VERIFIED (Boss Decision 2026-09-27)	G-09 (roster HOLD)	2026-09-27T07:22:11.119051	CANDIDATE — INGESTED, ROSTER NOT VERIFIED, NOT FOR DOWNSTREAM CONSUMPTION
G06	MAINTENANCE	01_ACTIVE/ROOM_A_GMVQ_25TEAM_ACCELERATION_20260927_REV001/01_QUESTION_BANKS/G06_MANUFACTURING/G06_MAINTENANCE_GMVQ_MVQ_48_V1.00_DRAFT.md	99_SMEsPlus_Enterprise_Suite/01_Governance/COMMUNITY19/GMVQ_CANDIDATE_ROSTER_NOT_VERIFIED/G06_MANUFACTURING/G06_MAINTENANCE_GMVQ_MVQ_48_V1.00_DRAFT.md	5ee4e0c863a60e183e32ac92396964fddb885fe2a969eaa22aac206b4a0ad898	5ee4e0c863a60e183e32ac92396964fddb885fe2a969eaa22aac206b4a0ad898	48	MVQ FLOOR MET (mechanical grep count = 48, pattern '^QID:')	AUDIT QUEUE FILE PRESENT (G05_G06_INDEP_AUDIT_DEFECT_QUEUE.tsv) — disposition NOT re-parsed/re-verified this session, see file directly	NOT FROZEN — CANDIDATE / ROSTER NOT VERIFIED (Boss Decision 2026-09-27)	G-09 (roster HOLD)	2026-09-27T07:12:55.977341	CANDIDATE — INGESTED, ROSTER NOT VERIFIED, NOT FOR DOWNSTREAM CONSUMPTION
G06	MRP_ACCOUNT	01_ACTIVE/ROOM_A_GMVQ_25TEAM_ACCELERATION_20260927_REV001/01_QUESTION_BANKS/G06_MANUFACTURING/G06_MRP_ACCOUNT_GMVQ_MVQ_48_V1.00_DRAFT.md	99_SMEsPlus_Enterprise_Suite/01_Governance/COMMUNITY19/GMVQ_CANDIDATE_ROSTER_NOT_VERIFIED/G06_MANUFACTURING/G06_MRP_ACCOUNT_GMVQ_MVQ_48_V1.00_DRAFT.md	b691c4d3c9ec78d289e0cea7416ae334c46631ad0c42fa006aec3b2fe7aba602	b691c4d3c9ec78d289e0cea7416ae334c46631ad0c42fa006aec3b2fe7aba602	48	MVQ FLOOR MET (mechanical grep count = 48, pattern '^QID:')	AUDIT QUEUE FILE PRESENT (G05_G06_INDEP_AUDIT_DEFECT_QUEUE.tsv) — disposition NOT re-parsed/re-verified this session, see file directly	NOT FROZEN — CANDIDATE / ROSTER NOT VERIFIED (Boss Decision 2026-09-27)	G-09 (roster HOLD)	2026-09-27T07:14:10.531994	CANDIDATE — INGESTED, ROSTER NOT VERIFIED, NOT FOR DOWNSTREAM CONSUMPTION
G06	MRP	01_ACTIVE/ROOM_A_GMVQ_25TEAM_ACCELERATION_20260927_REV001/01_QUESTION_BANKS/G06_MANUFACTURING/G06_MRP_GMVQ_MVQ_67_V1.00_DRAFT.md	99_SMEsPlus_Enterprise_Suite/01_Governance/COMMUNITY19/GMVQ_CANDIDATE_ROSTER_NOT_VERIFIED/G06_MANUFACTURING/G06_MRP_GMVQ_MVQ_67_V1.00_DRAFT.md	0c370c5e091e603bf59b8c493f5e233ca72d946195657b3d35c36e2e9670ae07	0c370c5e091e603bf59b8c493f5e233ca72d946195657b3d35c36e2e9670ae07	67	MVQ FLOOR MET (mechanical grep count = 67, pattern '^QID:')	AUDIT QUEUE FILE PRESENT (G05_G06_INDEP_AUDIT_DEFECT_QUEUE.tsv) — disposition NOT re-parsed/re-verified this session, see file directly	NOT FROZEN — CANDIDATE / ROSTER NOT VERIFIED (Boss Decision 2026-09-27)	G-09 (roster HOLD)	2026-09-27T07:05:52.798764	CANDIDATE — INGESTED, ROSTER NOT VERIFIED, NOT FOR DOWNSTREAM CONSUMPTION
G06	MRP_LANDED_COSTS	01_ACTIVE/ROOM_A_GMVQ_25TEAM_ACCELERATION_20260927_REV001/01_QUESTION_BANKS/G06_MANUFACTURING/G06_MRP_LANDED_COSTS_GMVQ_MVQ_48_V1.00_DRAFT.md	99_SMEsPlus_Enterprise_Suite/01_Governance/COMMUNITY19/GMVQ_CANDIDATE_ROSTER_NOT_VERIFIED/G06_MANUFACTURING/G06_MRP_LANDED_COSTS_GMVQ_MVQ_48_V1.00_DRAFT.md	a2bcd2619361dc4cd9ed13411fe9559e1427ee3f1fadcf785101513b4b84ae27	a2bcd2619361dc4cd9ed13411fe9559e1427ee3f1fadcf785101513b4b84ae27	48	MVQ FLOOR MET (mechanical grep count = 48, pattern '^QID:')	AUDIT QUEUE FILE PRESENT (G05_G06_INDEP_AUDIT_DEFECT_QUEUE.tsv) — disposition NOT re-parsed/re-verified this session, see file directly	NOT FROZEN — CANDIDATE / ROSTER NOT VERIFIED (Boss Decision 2026-09-27)	G-09 (roster HOLD)	2026-09-27T07:10:14.185467	CANDIDATE — INGESTED, ROSTER NOT VERIFIED, NOT FOR DOWNSTREAM CONSUMPTION
G06	MRP_PRODUCT_EXPIRY	01_ACTIVE/ROOM_A_GMVQ_25TEAM_ACCELERATION_20260927_REV001/01_QUESTION_BANKS/G06_MANUFACTURING/G06_MRP_PRODUCT_EXPIRY_GMVQ_MVQ_48_V1.00_DRAFT.md	99_SMEsPlus_Enterprise_Suite/01_Governance/COMMUNITY19/GMVQ_CANDIDATE_ROSTER_NOT_VERIFIED/G06_MANUFACTURING/G06_MRP_PRODUCT_EXPIRY_GMVQ_MVQ_48_V1.00_DRAFT.md	78454bd42b9e37f8ecc0b4e57a31a1ac48f3a4c978a21a0153dcf07ba8639637	78454bd42b9e37f8ecc0b4e57a31a1ac48f3a4c978a21a0153dcf07ba8639637	48	MVQ FLOOR MET (mechanical grep count = 48, pattern '^QID:')	AUDIT QUEUE FILE PRESENT (G05_G06_INDEP_AUDIT_DEFECT_QUEUE.tsv) — disposition NOT re-parsed/re-verified this session, see file directly	NOT FROZEN — CANDIDATE / ROSTER NOT VERIFIED (Boss Decision 2026-09-27)	G-09 (roster HOLD)	2026-09-27T07:04:33.706340	CANDIDATE — INGESTED, ROSTER NOT VERIFIED, NOT FOR DOWNSTREAM CONSUMPTION
G06	MRP_REPAIR	01_ACTIVE/ROOM_A_GMVQ_25TEAM_ACCELERATION_20260927_REV001/01_QUESTION_BANKS/G06_MANUFACTURING/G06_MRP_REPAIR_GMVQ_MVQ_48_V1.00_DRAFT.md	99_SMEsPlus_Enterprise_Suite/01_Governance/COMMUNITY19/GMVQ_CANDIDATE_ROSTER_NOT_VERIFIED/G06_MANUFACTURING/G06_MRP_REPAIR_GMVQ_MVQ_48_V1.00_DRAFT.md	64df7baf80f4450a9b220a83d27c1bbc89d803ce535189ef3f4a9ce6b6ce4d7f	64df7baf80f4450a9b220a83d27c1bbc89d803ce535189ef3f4a9ce6b6ce4d7f	48	MVQ FLOOR MET (mechanical grep count = 48, pattern '^QID:')	AUDIT QUEUE FILE PRESENT (G05_G06_INDEP_AUDIT_DEFECT_QUEUE.tsv) — disposition NOT re-parsed/re-verified this session, see file directly	NOT FROZEN — CANDIDATE / ROSTER NOT VERIFIED (Boss Decision 2026-09-27)	G-09 (roster HOLD)	2026-09-27T07:08:10.536009	CANDIDATE — INGESTED, ROSTER NOT VERIFIED, NOT FOR DOWNSTREAM CONSUMPTION
G06	MRP_SUBCONTRACTING_ACCOUNT	01_ACTIVE/ROOM_A_GMVQ_25TEAM_ACCELERATION_20260927_REV001/01_QUESTION_BANKS/G06_MANUFACTURING/G06_MRP_SUBCONTRACTING_ACCOUNT_GMVQ_MVQ_48_V1.00_DRAFT.md	99_SMEsPlus_Enterprise_Suite/01_Governance/COMMUNITY19/GMVQ_CANDIDATE_ROSTER_NOT_VERIFIED/G06_MANUFACTURING/G06_MRP_SUBCONTRACTING_ACCOUNT_GMVQ_MVQ_48_V1.00_DRAFT.md	8d896dc62b4085411ff9f02ad4d8a14efd2eb485b9e88e195bed8fb9defa07e7	8d896dc62b4085411ff9f02ad4d8a14efd2eb485b9e88e195bed8fb9defa07e7	48	MVQ FLOOR MET (mechanical grep count = 48, pattern '^QID:')	AUDIT QUEUE FILE PRESENT (G05_G06_INDEP_AUDIT_DEFECT_QUEUE.tsv) — disposition NOT re-parsed/re-verified this session, see file directly	NOT FROZEN — CANDIDATE / ROSTER NOT VERIFIED (Boss Decision 2026-09-27)	G-09 (roster HOLD)	2026-09-27T07:08:27.704863	CANDIDATE — INGESTED, ROSTER NOT VERIFIED, NOT FOR DOWNSTREAM CONSUMPTION
G06	MRP_SUBCONTRACTING_DROPSHIPPING	01_ACTIVE/ROOM_A_GMVQ_25TEAM_ACCELERATION_20260927_REV001/01_QUESTION_BANKS/G06_MANUFACTURING/G06_MRP_SUBCONTRACTING_DROPSHIPPING_GMVQ_MVQ_48_V1.00_DRAFT.md	99_SMEsPlus_Enterprise_Suite/01_Governance/COMMUNITY19/GMVQ_CANDIDATE_ROSTER_NOT_VERIFIED/G06_MANUFACTURING/G06_MRP_SUBCONTRACTING_DROPSHIPPING_GMVQ_MVQ_48_V1.00_DRAFT.md	34e40ae95a3541121ed13c5dc7dc6aa1f856db1465727b43a413d5284739fa32	34e40ae95a3541121ed13c5dc7dc6aa1f856db1465727b43a413d5284739fa32	48	MVQ FLOOR MET (mechanical grep count = 48, pattern '^QID:')	AUDIT QUEUE FILE PRESENT (G05_G06_INDEP_AUDIT_DEFECT_QUEUE.tsv) — disposition NOT re-parsed/re-verified this session, see file directly	NOT FROZEN — CANDIDATE / ROSTER NOT VERIFIED (Boss Decision 2026-09-27)	G-09 (roster HOLD)	2026-09-27T07:20:30.867045	CANDIDATE — INGESTED, ROSTER NOT VERIFIED, NOT FOR DOWNSTREAM CONSUMPTION
G06	MRP_SUBCONTRACTING	01_ACTIVE/ROOM_A_GMVQ_25TEAM_ACCELERATION_20260927_REV001/01_QUESTION_BANKS/G06_MANUFACTURING/G06_MRP_SUBCONTRACTING_GMVQ_MVQ_61_V1.00_DRAFT.md	99_SMEsPlus_Enterprise_Suite/01_Governance/COMMUNITY19/GMVQ_CANDIDATE_ROSTER_NOT_VERIFIED/G06_MANUFACTURING/G06_MRP_SUBCONTRACTING_GMVQ_MVQ_61_V1.00_DRAFT.md	0787bab979220fe5b82e79671e761b41a1caa84e81b3f1613c672601f3752f16	0787bab979220fe5b82e79671e761b41a1caa84e81b3f1613c672601f3752f16	61	MVQ FLOOR MET (mechanical grep count = 61, pattern '^QID:')	AUDIT QUEUE FILE PRESENT (G05_G06_INDEP_AUDIT_DEFECT_QUEUE.tsv) — disposition NOT re-parsed/re-verified this session, see file directly	NOT FROZEN — CANDIDATE / ROSTER NOT VERIFIED (Boss Decision 2026-09-27)	G-09 (roster HOLD)	2026-09-27T07:09:02.082983	CANDIDATE — INGESTED, ROSTER NOT VERIFIED, NOT FOR DOWNSTREAM CONSUMPTION
G06	MRP_SUBCONTRACTING_LANDED_COSTS	01_ACTIVE/ROOM_A_GMVQ_25TEAM_ACCELERATION_20260927_REV001/01_QUESTION_BANKS/G06_MANUFACTURING/G06_MRP_SUBCONTRACTING_LANDED_COSTS_GMVQ_MVQ_48_V1.00_DRAFT.md	99_SMEsPlus_Enterprise_Suite/01_Governance/COMMUNITY19/GMVQ_CANDIDATE_ROSTER_NOT_VERIFIED/G06_MANUFACTURING/G06_MRP_SUBCONTRACTING_LANDED_COSTS_GMVQ_MVQ_48_V1.00_DRAFT.md	13dbc965371ccffc7827d73655f36c4022022eabdbd00b58256486953766b195	13dbc965371ccffc7827d73655f36c4022022eabdbd00b58256486953766b195	48	MVQ FLOOR MET (mechanical grep count = 48, pattern '^QID:')	AUDIT QUEUE FILE PRESENT (G05_G06_INDEP_AUDIT_DEFECT_QUEUE.tsv) — disposition NOT re-parsed/re-verified this session, see file directly	NOT FROZEN — CANDIDATE / ROSTER NOT VERIFIED (Boss Decision 2026-09-27)	G-09 (roster HOLD)	2026-09-27T07:22:52.269994	CANDIDATE — INGESTED, ROSTER NOT VERIFIED, NOT FOR DOWNSTREAM CONSUMPTION
G06	MRP_SUBCONTRACTING_PURCHASE	01_ACTIVE/ROOM_A_GMVQ_25TEAM_ACCELERATION_20260927_REV001/01_QUESTION_BANKS/G06_MANUFACTURING/G06_MRP_SUBCONTRACTING_PURCHASE_GMVQ_MVQ_48_V1.00_DRAFT.md	99_SMEsPlus_Enterprise_Suite/01_Governance/COMMUNITY19/GMVQ_CANDIDATE_ROSTER_NOT_VERIFIED/G06_MANUFACTURING/G06_MRP_SUBCONTRACTING_PURCHASE_GMVQ_MVQ_48_V1.00_DRAFT.md	e3e29ad62d01da054222fa927ea4467b74c8b86d97919cabe6980f0d8c110e44	e3e29ad62d01da054222fa927ea4467b74c8b86d97919cabe6980f0d8c110e44	48	MVQ FLOOR MET (mechanical grep count = 48, pattern '^QID:')	AUDIT QUEUE FILE PRESENT (G05_G06_INDEP_AUDIT_DEFECT_QUEUE.tsv) — disposition NOT re-parsed/re-verified this session, see file directly	NOT FROZEN — CANDIDATE / ROSTER NOT VERIFIED (Boss Decision 2026-09-27)	G-09 (roster HOLD)	2026-09-27T07:11:19.131126	CANDIDATE — INGESTED, ROSTER NOT VERIFIED, NOT FOR DOWNSTREAM CONSUMPTION
G06	MRP_SUBCONTRACTING_REPAIR	01_ACTIVE/ROOM_A_GMVQ_25TEAM_ACCELERATION_20260927_REV001/01_QUESTION_BANKS/G06_MANUFACTURING/G06_MRP_SUBCONTRACTING_REPAIR_GMVQ_MVQ_48_V1.00_DRAFT.md	99_SMEsPlus_Enterprise_Suite/01_Governance/COMMUNITY19/GMVQ_CANDIDATE_ROSTER_NOT_VERIFIED/G06_MANUFACTURING/G06_MRP_SUBCONTRACTING_REPAIR_GMVQ_MVQ_48_V1.00_DRAFT.md	baa28fd6c8be398167f018140f292a4a984b16e9b1fdd4ab58c83821a3312aba	baa28fd6c8be398167f018140f292a4a984b16e9b1fdd4ab58c83821a3312aba	48	MVQ FLOOR MET (mechanical grep count = 48, pattern '^QID:')	AUDIT QUEUE FILE PRESENT (G05_G06_INDEP_AUDIT_DEFECT_QUEUE.tsv) — disposition NOT re-parsed/re-verified this session, see file directly	NOT FROZEN — CANDIDATE / ROSTER NOT VERIFIED (Boss Decision 2026-09-27)	G-09 (roster HOLD)	2026-09-27T07:25:09.465070	CANDIDATE — INGESTED, ROSTER NOT VERIFIED, NOT FOR DOWNSTREAM CONSUMPTION
G07	PURCHASE_EDI_UBL_BIS3	01_ACTIVE/ROOM_A_GMVQ_25TEAM_ACCELERATION_20260927_REV001/01_QUESTION_BANKS/G07_PURCHASE/G07_PURCHASE_EDI_UBL_BIS3_GMVQ_MVQ_50_V1.00_DRAFT.md	99_SMEsPlus_Enterprise_Suite/01_Governance/COMMUNITY19/GMVQ_CANDIDATE_ROSTER_NOT_VERIFIED/G07_PURCHASE/G07_PURCHASE_EDI_UBL_BIS3_GMVQ_MVQ_50_V1.00_DRAFT.md	e3ebe5bf6b2b6350f83063f7e68afeb637ef37b81aa83c7f45c30ca95bdc63c8	e3ebe5bf6b2b6350f83063f7e68afeb637ef37b81aa83c7f45c30ca95bdc63c8	50	MVQ FLOOR MET (mechanical grep count = 50, pattern '^QID:')	AUDIT QUEUE FILE PRESENT (G07_G08_INDEP_AUDIT_DEFECT_QUEUE.tsv) — disposition NOT re-parsed/re-verified this session, see file directly	NOT FROZEN — CANDIDATE / ROSTER NOT VERIFIED (Boss Decision 2026-09-27)	G-09 (roster HOLD)	2026-09-27T07:09:42.476900	CANDIDATE — INGESTED, ROSTER NOT VERIFIED, NOT FOR DOWNSTREAM CONSUMPTION
G07	PURCHASE	01_ACTIVE/ROOM_A_GMVQ_25TEAM_ACCELERATION_20260927_REV001/01_QUESTION_BANKS/G07_PURCHASE/G07_PURCHASE_GMVQ_MVQ_62_V1.00_DRAFT.md	99_SMEsPlus_Enterprise_Suite/01_Governance/COMMUNITY19/GMVQ_CANDIDATE_ROSTER_NOT_VERIFIED/G07_PURCHASE/G07_PURCHASE_GMVQ_MVQ_62_V1.00_DRAFT.md	ff33abda2b8af43d67f1541ec4806eb5c4b9ebc9cb9f7df6b942f750c9d26df8	ff33abda2b8af43d67f1541ec4806eb5c4b9ebc9cb9f7df6b942f750c9d26df8	62	MVQ FLOOR MET (mechanical grep count = 62, pattern '^QID:')	AUDIT QUEUE FILE PRESENT (G07_G08_INDEP_AUDIT_DEFECT_QUEUE.tsv) — disposition NOT re-parsed/re-verified this session, see file directly	NOT FROZEN — CANDIDATE / ROSTER NOT VERIFIED (Boss Decision 2026-09-27)	G-09 (roster HOLD)	2026-09-27T07:08:08.125760	CANDIDATE — INGESTED, ROSTER NOT VERIFIED, NOT FOR DOWNSTREAM CONSUMPTION
G07	PURCHASE_MRP	01_ACTIVE/ROOM_A_GMVQ_25TEAM_ACCELERATION_20260927_REV001/01_QUESTION_BANKS/G07_PURCHASE/G07_PURCHASE_MRP_GMVQ_MVQ_48_V1.00_DRAFT.md	99_SMEsPlus_Enterprise_Suite/01_Governance/COMMUNITY19/GMVQ_CANDIDATE_ROSTER_NOT_VERIFIED/G07_PURCHASE/G07_PURCHASE_MRP_GMVQ_MVQ_48_V1.00_DRAFT.md	3f290d7731eecea1e5a95cfd79717d1f3e66ab8277e11f0353144c68651b0026	3f290d7731eecea1e5a95cfd79717d1f3e66ab8277e11f0353144c68651b0026	48	MVQ FLOOR MET (mechanical grep count = 48, pattern '^QID:')	AUDIT QUEUE FILE PRESENT (G07_G08_INDEP_AUDIT_DEFECT_QUEUE.tsv) — disposition NOT re-parsed/re-verified this session, see file directly	NOT FROZEN — CANDIDATE / ROSTER NOT VERIFIED (Boss Decision 2026-09-27)	G-09 (roster HOLD)	2026-09-27T07:12:34.163544	CANDIDATE — INGESTED, ROSTER NOT VERIFIED, NOT FOR DOWNSTREAM CONSUMPTION
G07	PURCHASE_PRODUCT_MATRIX	01_ACTIVE/ROOM_A_GMVQ_25TEAM_ACCELERATION_20260927_REV001/01_QUESTION_BANKS/G07_PURCHASE/G07_PURCHASE_PRODUCT_MATRIX_GMVQ_MVQ_48_V1.00_DRAFT.md	99_SMEsPlus_Enterprise_Suite/01_Governance/COMMUNITY19/GMVQ_CANDIDATE_ROSTER_NOT_VERIFIED/G07_PURCHASE/G07_PURCHASE_PRODUCT_MATRIX_GMVQ_MVQ_48_V1.00_DRAFT.md	861e55f46b392583ddf26098f7de447c05fcf7d045366b6f9c2074d1ea23ee43	861e55f46b392583ddf26098f7de447c05fcf7d045366b6f9c2074d1ea23ee43	48	MVQ FLOOR MET (mechanical grep count = 48, pattern '^QID:')	AUDIT QUEUE FILE PRESENT (G07_G08_INDEP_AUDIT_DEFECT_QUEUE.tsv) — disposition NOT re-parsed/re-verified this session, see file directly	NOT FROZEN — CANDIDATE / ROSTER NOT VERIFIED (Boss Decision 2026-09-27)	G-09 (roster HOLD)	2026-09-27T07:14:51.565106	CANDIDATE — INGESTED, ROSTER NOT VERIFIED, NOT FOR DOWNSTREAM CONSUMPTION
G07	PURCHASE_REPAIR	01_ACTIVE/ROOM_A_GMVQ_25TEAM_ACCELERATION_20260927_REV001/01_QUESTION_BANKS/G07_PURCHASE/G07_PURCHASE_REPAIR_GMVQ_MVQ_48_V1.00_DRAFT.md	99_SMEsPlus_Enterprise_Suite/01_Governance/COMMUNITY19/GMVQ_CANDIDATE_ROSTER_NOT_VERIFIED/G07_PURCHASE/G07_PURCHASE_REPAIR_GMVQ_MVQ_48_V1.00_DRAFT.md	02e9078a68113f3e73ac0023d9382f6067dbb79e7635e72aacd695c0705a86d2	02e9078a68113f3e73ac0023d9382f6067dbb79e7635e72aacd695c0705a86d2	48	MVQ FLOOR MET (mechanical grep count = 48, pattern '^QID:')	AUDIT QUEUE FILE PRESENT (G07_G08_INDEP_AUDIT_DEFECT_QUEUE.tsv) — disposition NOT re-parsed/re-verified this session, see file directly	NOT FROZEN — CANDIDATE / ROSTER NOT VERIFIED (Boss Decision 2026-09-27)	G-09 (roster HOLD)	2026-09-27T07:14:51.571725	CANDIDATE — INGESTED, ROSTER NOT VERIFIED, NOT FOR DOWNSTREAM CONSUMPTION
G07	PURCHASE_REQUISITION	01_ACTIVE/ROOM_A_GMVQ_25TEAM_ACCELERATION_20260927_REV001/01_QUESTION_BANKS/G07_PURCHASE/G07_PURCHASE_REQUISITION_GMVQ_MVQ_50_V1.00_DRAFT.md	99_SMEsPlus_Enterprise_Suite/01_Governance/COMMUNITY19/GMVQ_CANDIDATE_ROSTER_NOT_VERIFIED/G07_PURCHASE/G07_PURCHASE_REQUISITION_GMVQ_MVQ_50_V1.00_DRAFT.md	ffc982a3918f428ba9cf53e338e93f42c93a31f202dd70f112e42e2d6f1c9720	ffc982a3918f428ba9cf53e338e93f42c93a31f202dd70f112e42e2d6f1c9720	50	MVQ FLOOR MET (mechanical grep count = 50, pattern '^QID:')	AUDIT QUEUE FILE PRESENT (G07_G08_INDEP_AUDIT_DEFECT_QUEUE.tsv) — disposition NOT re-parsed/re-verified this session, see file directly	NOT FROZEN — CANDIDATE / ROSTER NOT VERIFIED (Boss Decision 2026-09-27)	G-09 (roster HOLD)	2026-09-27T07:12:50.184097	CANDIDATE — INGESTED, ROSTER NOT VERIFIED, NOT FOR DOWNSTREAM CONSUMPTION
G07	PURCHASE_REQUISITION_SALE	01_ACTIVE/ROOM_A_GMVQ_25TEAM_ACCELERATION_20260927_REV001/01_QUESTION_BANKS/G07_PURCHASE/G07_PURCHASE_REQUISITION_SALE_GMVQ_MVQ_48_V1.00_DRAFT.md	99_SMEsPlus_Enterprise_Suite/01_Governance/COMMUNITY19/GMVQ_CANDIDATE_ROSTER_NOT_VERIFIED/G07_PURCHASE/G07_PURCHASE_REQUISITION_SALE_GMVQ_MVQ_48_V1.00_DRAFT.md	72eff4f11d265735a6e08ffe962fc7ab3d60e7e0ecb12adc992a659478786619	72eff4f11d265735a6e08ffe962fc7ab3d60e7e0ecb12adc992a659478786619	48	MVQ FLOOR MET (mechanical grep count = 48, pattern '^QID:')	AUDIT QUEUE FILE PRESENT (G07_G08_INDEP_AUDIT_DEFECT_QUEUE.tsv) — disposition NOT re-parsed/re-verified this session, see file directly	NOT FROZEN — CANDIDATE / ROSTER NOT VERIFIED (Boss Decision 2026-09-27)	G-09 (roster HOLD)	2026-09-27T07:11:15.291930	CANDIDATE — INGESTED, ROSTER NOT VERIFIED, NOT FOR DOWNSTREAM CONSUMPTION
G07	PURCHASE_REQUISITION_STOCK	01_ACTIVE/ROOM_A_GMVQ_25TEAM_ACCELERATION_20260927_REV001/01_QUESTION_BANKS/G07_PURCHASE/G07_PURCHASE_REQUISITION_STOCK_GMVQ_MVQ_48_V1.00_DRAFT.md	99_SMEsPlus_Enterprise_Suite/01_Governance/COMMUNITY19/GMVQ_CANDIDATE_ROSTER_NOT_VERIFIED/G07_PURCHASE/G07_PURCHASE_REQUISITION_STOCK_GMVQ_MVQ_48_V1.00_DRAFT.md	81aad9b5a89ed7b306081689b27a517d799b978a9cb622e1a7b9f61676c75404	81aad9b5a89ed7b306081689b27a517d799b978a9cb622e1a7b9f61676c75404	48	MVQ FLOOR MET (mechanical grep count = 48, pattern '^QID:')	AUDIT QUEUE FILE PRESENT (G07_G08_INDEP_AUDIT_DEFECT_QUEUE.tsv) — disposition NOT re-parsed/re-verified this session, see file directly	NOT FROZEN — CANDIDATE / ROSTER NOT VERIFIED (Boss Decision 2026-09-27)	G-09 (roster HOLD)	2026-09-27T07:14:03.116423	CANDIDATE — INGESTED, ROSTER NOT VERIFIED, NOT FOR DOWNSTREAM CONSUMPTION
G07	PURCHASE_STOCK	01_ACTIVE/ROOM_A_GMVQ_25TEAM_ACCELERATION_20260927_REV001/01_QUESTION_BANKS/G07_PURCHASE/G07_PURCHASE_STOCK_GMVQ_MVQ_48_V1.00_DRAFT.md	99_SMEsPlus_Enterprise_Suite/01_Governance/COMMUNITY19/GMVQ_CANDIDATE_ROSTER_NOT_VERIFIED/G07_PURCHASE/G07_PURCHASE_STOCK_GMVQ_MVQ_48_V1.00_DRAFT.md	b0cee6b658962e790b0a3e0ef31883e728fad045fb7ec2947819662d888d1277	b0cee6b658962e790b0a3e0ef31883e728fad045fb7ec2947819662d888d1277	48	MVQ FLOOR MET (mechanical grep count = 48, pattern '^QID:')	AUDIT QUEUE FILE PRESENT (G07_G08_INDEP_AUDIT_DEFECT_QUEUE.tsv) — disposition NOT re-parsed/re-verified this session, see file directly	NOT FROZEN — CANDIDATE / ROSTER NOT VERIFIED (Boss Decision 2026-09-27)	G-09 (roster HOLD)	2026-09-27T07:14:55.362740	CANDIDATE — INGESTED, ROSTER NOT VERIFIED, NOT FOR DOWNSTREAM CONSUMPTION
G08	DELIVERY	01_ACTIVE/ROOM_A_GMVQ_25TEAM_ACCELERATION_20260927_REV001/01_QUESTION_BANKS/G08_SALES/G08_DELIVERY_GMVQ_MVQ_48_V1.00_DRAFT.md	99_SMEsPlus_Enterprise_Suite/01_Governance/COMMUNITY19/GMVQ_CANDIDATE_ROSTER_NOT_VERIFIED/G08_SALES/G08_DELIVERY_GMVQ_MVQ_48_V1.00_DRAFT.md	d67a34063ccaf015fc6938f7aa4044af09977ba2e29f181f393f590f6a1f6012	d67a34063ccaf015fc6938f7aa4044af09977ba2e29f181f393f590f6a1f6012	48	MVQ FLOOR MET (mechanical grep count = 48, pattern '^QID:')	AUDIT QUEUE FILE PRESENT (G07_G08_INDEP_AUDIT_DEFECT_QUEUE.tsv) — disposition NOT re-parsed/re-verified this session, see file directly	NOT FROZEN — CANDIDATE / ROSTER NOT VERIFIED (Boss Decision 2026-09-27)	G-09 (roster HOLD), B-03	2026-09-27T07:41:46.386171	CANDIDATE — INGESTED, ROSTER NOT VERIFIED, NOT FOR DOWNSTREAM CONSUMPTION
G08	LOYALTY	01_ACTIVE/ROOM_A_GMVQ_25TEAM_ACCELERATION_20260927_REV001/01_QUESTION_BANKS/G08_SALES/G08_LOYALTY_GMVQ_MVQ_48_V1.00_DRAFT.md	99_SMEsPlus_Enterprise_Suite/01_Governance/COMMUNITY19/GMVQ_CANDIDATE_ROSTER_NOT_VERIFIED/G08_SALES/G08_LOYALTY_GMVQ_MVQ_48_V1.00_DRAFT.md	b11244f6b9c21dddc97fb0dcdfcc7a3ad7fddd2654edc8840daeb722eb386197	b11244f6b9c21dddc97fb0dcdfcc7a3ad7fddd2654edc8840daeb722eb386197	48	MVQ FLOOR MET (mechanical grep count = 48, pattern '^QID:')	AUDIT QUEUE FILE PRESENT (G07_G08_INDEP_AUDIT_DEFECT_QUEUE.tsv) — disposition NOT re-parsed/re-verified this session, see file directly	NOT FROZEN — CANDIDATE / ROSTER NOT VERIFIED (Boss Decision 2026-09-27)	G-09 (roster HOLD), B-03	2026-09-27T07:55:26.782847	CANDIDATE — INGESTED, ROSTER NOT VERIFIED, NOT FOR DOWNSTREAM CONSUMPTION
G08	SALES_TEAM	01_ACTIVE/ROOM_A_GMVQ_25TEAM_ACCELERATION_20260927_REV001/01_QUESTION_BANKS/G08_SALES/G08_SALES_TEAM_GMVQ_MVQ_50_V1.00_DRAFT.md	99_SMEsPlus_Enterprise_Suite/01_Governance/COMMUNITY19/GMVQ_CANDIDATE_ROSTER_NOT_VERIFIED/G08_SALES/G08_SALES_TEAM_GMVQ_MVQ_50_V1.00_DRAFT.md	39c1798229c1b4715dccf7b31212e7f7543fbef2a88902c21f633b58c2287195	39c1798229c1b4715dccf7b31212e7f7543fbef2a88902c21f633b58c2287195	50	MVQ FLOOR MET (mechanical grep count = 50, pattern '^QID:')	AUDIT QUEUE FILE PRESENT (G07_G08_INDEP_AUDIT_DEFECT_QUEUE.tsv) — disposition NOT re-parsed/re-verified this session, see file directly	NOT FROZEN — CANDIDATE / ROSTER NOT VERIFIED (Boss Decision 2026-09-27)	G-09 (roster HOLD), B-03	2026-09-27T07:45:35.644448	CANDIDATE — INGESTED, ROSTER NOT VERIFIED, NOT FOR DOWNSTREAM CONSUMPTION
G08	SALE_CRM	01_ACTIVE/ROOM_A_GMVQ_25TEAM_ACCELERATION_20260927_REV001/01_QUESTION_BANKS/G08_SALES/G08_SALE_CRM_GMVQ_MVQ_48_V1.00_DRAFT.md	99_SMEsPlus_Enterprise_Suite/01_Governance/COMMUNITY19/GMVQ_CANDIDATE_ROSTER_NOT_VERIFIED/G08_SALES/G08_SALE_CRM_GMVQ_MVQ_48_V1.00_DRAFT.md	2df3d2e797a40958388382590db3fce8666dda291897b61c79fdc1a4c4ea6b28	2df3d2e797a40958388382590db3fce8666dda291897b61c79fdc1a4c4ea6b28	48	MVQ FLOOR MET (mechanical grep count = 48, pattern '^QID:')	AUDIT QUEUE FILE PRESENT (G07_G08_INDEP_AUDIT_DEFECT_QUEUE.tsv) — disposition NOT re-parsed/re-verified this session, see file directly	NOT FROZEN — CANDIDATE / ROSTER NOT VERIFIED (Boss Decision 2026-09-27)	G-09 (roster HOLD), B-03	2026-09-27T08:02:36.115672	CANDIDATE — INGESTED, ROSTER NOT VERIFIED, NOT FOR DOWNSTREAM CONSUMPTION
G08	SALE_EDI_UBL	01_ACTIVE/ROOM_A_GMVQ_25TEAM_ACCELERATION_20260927_REV001/01_QUESTION_BANKS/G08_SALES/G08_SALE_EDI_UBL_GMVQ_MVQ_50_V1.00_DRAFT.md	99_SMEsPlus_Enterprise_Suite/01_Governance/COMMUNITY19/GMVQ_CANDIDATE_ROSTER_NOT_VERIFIED/G08_SALES/G08_SALE_EDI_UBL_GMVQ_MVQ_50_V1.00_DRAFT.md	7721946aaecac016c7bf37626cb0e4728c9c3bbc5c1492d4ae2795a48799bab8	7721946aaecac016c7bf37626cb0e4728c9c3bbc5c1492d4ae2795a48799bab8	50	MVQ FLOOR MET (mechanical grep count = 50, pattern '^QID:')	AUDIT QUEUE FILE PRESENT (G07_G08_INDEP_AUDIT_DEFECT_QUEUE.tsv) — disposition NOT re-parsed/re-verified this session, see file directly	NOT FROZEN — CANDIDATE / ROSTER NOT VERIFIED (Boss Decision 2026-09-27)	G-09 (roster HOLD), B-03	2026-09-27T13:44:14.921393	CANDIDATE — INGESTED, ROSTER NOT VERIFIED, NOT FOR DOWNSTREAM CONSUMPTION
G08	SALE_EXPENSE	01_ACTIVE/ROOM_A_GMVQ_25TEAM_ACCELERATION_20260927_REV001/01_QUESTION_BANKS/G08_SALES/G08_SALE_EXPENSE_GMVQ_MVQ_48_V1.00_DRAFT.md	99_SMEsPlus_Enterprise_Suite/01_Governance/COMMUNITY19/GMVQ_CANDIDATE_ROSTER_NOT_VERIFIED/G08_SALES/G08_SALE_EXPENSE_GMVQ_MVQ_48_V1.00_DRAFT.md	2d8abb88bc748ae868f979b3d43bd4b128f9b754013b82f225043307622dc830	2d8abb88bc748ae868f979b3d43bd4b128f9b754013b82f225043307622dc830	48	MVQ FLOOR MET (mechanical grep count = 48, pattern '^QID:')	AUDIT QUEUE FILE PRESENT (G07_G08_INDEP_AUDIT_DEFECT_QUEUE.tsv) — disposition NOT re-parsed/re-verified this session, see file directly	NOT FROZEN — CANDIDATE / ROSTER NOT VERIFIED (Boss Decision 2026-09-27)	G-09 (roster HOLD), B-03	2026-09-27T13:44:14.924509	CANDIDATE — INGESTED, ROSTER NOT VERIFIED, NOT FOR DOWNSTREAM CONSUMPTION
G08	SALE_EXPENSE_MARGIN	01_ACTIVE/ROOM_A_GMVQ_25TEAM_ACCELERATION_20260927_REV001/01_QUESTION_BANKS/G08_SALES/G08_SALE_EXPENSE_MARGIN_GMVQ_MVQ_48_V1.00_DRAFT.md	99_SMEsPlus_Enterprise_Suite/01_Governance/COMMUNITY19/GMVQ_CANDIDATE_ROSTER_NOT_VERIFIED/G08_SALES/G08_SALE_EXPENSE_MARGIN_GMVQ_MVQ_48_V1.00_DRAFT.md	4b2063d8e09199938c3b0cd4bf5c1635f61127ba37a3f420cac1a452cc6cbc7a	4b2063d8e09199938c3b0cd4bf5c1635f61127ba37a3f420cac1a452cc6cbc7a	48	MVQ FLOOR MET (mechanical grep count = 48, pattern '^QID:')	AUDIT QUEUE FILE PRESENT (G07_G08_INDEP_AUDIT_DEFECT_QUEUE.tsv) — disposition NOT re-parsed/re-verified this session, see file directly	NOT FROZEN — CANDIDATE / ROSTER NOT VERIFIED (Boss Decision 2026-09-27)	G-09 (roster HOLD), B-03	2026-09-27T13:44:14.930724	CANDIDATE — INGESTED, ROSTER NOT VERIFIED, NOT FOR DOWNSTREAM CONSUMPTION
G08	SALE_GELATO	01_ACTIVE/ROOM_A_GMVQ_25TEAM_ACCELERATION_20260927_REV001/01_QUESTION_BANKS/G08_SALES/G08_SALE_GELATO_GMVQ_MVQ_48_V1.00_DRAFT.md	99_SMEsPlus_Enterprise_Suite/01_Governance/COMMUNITY19/GMVQ_CANDIDATE_ROSTER_NOT_VERIFIED/G08_SALES/G08_SALE_GELATO_GMVQ_MVQ_48_V1.00_DRAFT.md	a2a22574aa58103d47bb85ba9e72032392e960c94185535f2d3400eff7d9c202	a2a22574aa58103d47bb85ba9e72032392e960c94185535f2d3400eff7d9c202	48	MVQ FLOOR MET (mechanical grep count = 48, pattern '^QID:')	AUDIT QUEUE FILE PRESENT (G07_G08_INDEP_AUDIT_DEFECT_QUEUE.tsv) — disposition NOT re-parsed/re-verified this session, see file directly	NOT FROZEN — CANDIDATE / ROSTER NOT VERIFIED (Boss Decision 2026-09-27)	G-09 (roster HOLD), B-03	2026-09-27T07:55:08.086206	CANDIDATE — INGESTED, ROSTER NOT VERIFIED, NOT FOR DOWNSTREAM CONSUMPTION
G08	SALE_GELATO_STOCK	01_ACTIVE/ROOM_A_GMVQ_25TEAM_ACCELERATION_20260927_REV001/01_QUESTION_BANKS/G08_SALES/G08_SALE_GELATO_STOCK_GMVQ_MVQ_48_V1.00_DRAFT.md	99_SMEsPlus_Enterprise_Suite/01_Governance/COMMUNITY19/GMVQ_CANDIDATE_ROSTER_NOT_VERIFIED/G08_SALES/G08_SALE_GELATO_STOCK_GMVQ_MVQ_48_V1.00_DRAFT.md	92c1679ce0cf70e3d33abf0582816d5cf98f0e275845e9c4aabe90e90da1e2dd	92c1679ce0cf70e3d33abf0582816d5cf98f0e275845e9c4aabe90e90da1e2dd	48	MVQ FLOOR MET (mechanical grep count = 48, pattern '^QID:')	AUDIT QUEUE FILE PRESENT (G07_G08_INDEP_AUDIT_DEFECT_QUEUE.tsv) — disposition NOT re-parsed/re-verified this session, see file directly	NOT FROZEN — CANDIDATE / ROSTER NOT VERIFIED (Boss Decision 2026-09-27)	G-09 (roster HOLD), B-03	2026-09-27T13:44:14.937148	CANDIDATE — INGESTED, ROSTER NOT VERIFIED, NOT FOR DOWNSTREAM CONSUMPTION
G08	SALE	01_ACTIVE/ROOM_A_GMVQ_25TEAM_ACCELERATION_20260927_REV001/01_QUESTION_BANKS/G08_SALES/G08_SALE_GMVQ_MVQ_70_V1.00_DRAFT.md	99_SMEsPlus_Enterprise_Suite/01_Governance/COMMUNITY19/GMVQ_CANDIDATE_ROSTER_NOT_VERIFIED/G08_SALES/G08_SALE_GMVQ_MVQ_70_V1.00_DRAFT.md	9c4c15a89c2e17240147e8e32270d03df6d30b36cf4be4f920b3b3e1b162df9c	9c4c15a89c2e17240147e8e32270d03df6d30b36cf4be4f920b3b3e1b162df9c	70	MVQ FLOOR MET (mechanical grep count = 70, pattern '^QID:')	AUDIT QUEUE FILE PRESENT (G07_G08_INDEP_AUDIT_DEFECT_QUEUE.tsv) — disposition NOT re-parsed/re-verified this session, see file directly	NOT FROZEN — CANDIDATE / ROSTER NOT VERIFIED (Boss Decision 2026-09-27)	G-09 (roster HOLD), B-03	2026-09-27T07:45:35.641814	CANDIDATE — INGESTED, ROSTER NOT VERIFIED, NOT FOR DOWNSTREAM CONSUMPTION
G08	SALE_LOYALTY_DELIVERY	01_ACTIVE/ROOM_A_GMVQ_25TEAM_ACCELERATION_20260927_REV001/01_QUESTION_BANKS/G08_SALES/G08_SALE_LOYALTY_DELIVERY_GMVQ_MVQ_48_V1.00_DRAFT.md	99_SMEsPlus_Enterprise_Suite/01_Governance/COMMUNITY19/GMVQ_CANDIDATE_ROSTER_NOT_VERIFIED/G08_SALES/G08_SALE_LOYALTY_DELIVERY_GMVQ_MVQ_48_V1.00_DRAFT.md	bdcb5b9aaa66fdf53756367fb43294bef9d6bddac60400c24d3cdd23e48afc23	bdcb5b9aaa66fdf53756367fb43294bef9d6bddac60400c24d3cdd23e48afc23	48	MVQ FLOOR MET (mechanical grep count = 48, pattern '^QID:')	AUDIT QUEUE FILE PRESENT (G07_G08_INDEP_AUDIT_DEFECT_QUEUE.tsv) — disposition NOT re-parsed/re-verified this session, see file directly	NOT FROZEN — CANDIDATE / ROSTER NOT VERIFIED (Boss Decision 2026-09-27)	G-09 (roster HOLD), B-03	2026-09-27T07:53:53.390195	CANDIDATE — INGESTED, ROSTER NOT VERIFIED, NOT FOR DOWNSTREAM CONSUMPTION
G08	SALE_LOYALTY	01_ACTIVE/ROOM_A_GMVQ_25TEAM_ACCELERATION_20260927_REV001/01_QUESTION_BANKS/G08_SALES/G08_SALE_LOYALTY_GMVQ_MVQ_48_V1.00_DRAFT.md	99_SMEsPlus_Enterprise_Suite/01_Governance/COMMUNITY19/GMVQ_CANDIDATE_ROSTER_NOT_VERIFIED/G08_SALES/G08_SALE_LOYALTY_GMVQ_MVQ_48_V1.00_DRAFT.md	993fce0f3c911231533ea11b82cb53ddbf40a523b287734dedd43ec404703b27	993fce0f3c911231533ea11b82cb53ddbf40a523b287734dedd43ec404703b27	48	MVQ FLOOR MET (mechanical grep count = 48, pattern '^QID:')	AUDIT QUEUE FILE PRESENT (G07_G08_INDEP_AUDIT_DEFECT_QUEUE.tsv) — disposition NOT re-parsed/re-verified this session, see file directly	NOT FROZEN — CANDIDATE / ROSTER NOT VERIFIED (Boss Decision 2026-09-27)	G-09 (roster HOLD), B-03	2026-09-27T07:49:37.444650	CANDIDATE — INGESTED, ROSTER NOT VERIFIED, NOT FOR DOWNSTREAM CONSUMPTION
G08	SALE_MANAGEMENT	01_ACTIVE/ROOM_A_GMVQ_25TEAM_ACCELERATION_20260927_REV001/01_QUESTION_BANKS/G08_SALES/G08_SALE_MANAGEMENT_GMVQ_MVQ_48_V1.00_DRAFT.md	99_SMEsPlus_Enterprise_Suite/01_Governance/COMMUNITY19/GMVQ_CANDIDATE_ROSTER_NOT_VERIFIED/G08_SALES/G08_SALE_MANAGEMENT_GMVQ_MVQ_48_V1.00_DRAFT.md	0b9a9a25adf78512087c4a0db5688ee032e34ceb1e0cfc74e41e1564e05eeb6b	0b9a9a25adf78512087c4a0db5688ee032e34ceb1e0cfc74e41e1564e05eeb6b	48	MVQ FLOOR MET (mechanical grep count = 48, pattern '^QID:')	AUDIT QUEUE FILE PRESENT (G07_G08_INDEP_AUDIT_DEFECT_QUEUE.tsv) — disposition NOT re-parsed/re-verified this session, see file directly	NOT FROZEN — CANDIDATE / ROSTER NOT VERIFIED (Boss Decision 2026-09-27)	G-09 (roster HOLD), B-03	2026-09-27T08:02:36.129279	CANDIDATE — INGESTED, ROSTER NOT VERIFIED, NOT FOR DOWNSTREAM CONSUMPTION
G08	SALE_MARGIN	01_ACTIVE/ROOM_A_GMVQ_25TEAM_ACCELERATION_20260927_REV001/01_QUESTION_BANKS/G08_SALES/G08_SALE_MARGIN_GMVQ_MVQ_48_V1.00_DRAFT.md	99_SMEsPlus_Enterprise_Suite/01_Governance/COMMUNITY19/GMVQ_CANDIDATE_ROSTER_NOT_VERIFIED/G08_SALES/G08_SALE_MARGIN_GMVQ_MVQ_48_V1.00_DRAFT.md	f33ea1462267b413b8e09efe05ae6eef9402f04983facfaef6a6f4bce0693e1e	f33ea1462267b413b8e09efe05ae6eef9402f04983facfaef6a6f4bce0693e1e	48	MVQ FLOOR MET (mechanical grep count = 48, pattern '^QID:')	AUDIT QUEUE FILE PRESENT (G07_G08_INDEP_AUDIT_DEFECT_QUEUE.tsv) — disposition NOT re-parsed/re-verified this session, see file directly	NOT FROZEN — CANDIDATE / ROSTER NOT VERIFIED (Boss Decision 2026-09-27)	G-09 (roster HOLD), B-03	2026-09-27T07:51:06.356087	CANDIDATE — INGESTED, ROSTER NOT VERIFIED, NOT FOR DOWNSTREAM CONSUMPTION
G08	SALE_MRP	01_ACTIVE/ROOM_A_GMVQ_25TEAM_ACCELERATION_20260927_REV001/01_QUESTION_BANKS/G08_SALES/G08_SALE_MRP_GMVQ_MVQ_48_V1.00_DRAFT.md	99_SMEsPlus_Enterprise_Suite/01_Governance/COMMUNITY19/GMVQ_CANDIDATE_ROSTER_NOT_VERIFIED/G08_SALES/G08_SALE_MRP_GMVQ_MVQ_48_V1.00_DRAFT.md	fb4af658c190d527081e507faf9b309e472207a2f8d5b461cf54a065e2800a42	fb4af658c190d527081e507faf9b309e472207a2f8d5b461cf54a065e2800a42	48	MVQ FLOOR MET (mechanical grep count = 48, pattern '^QID:')	AUDIT QUEUE FILE PRESENT (G07_G08_INDEP_AUDIT_DEFECT_QUEUE.tsv) — disposition NOT re-parsed/re-verified this session, see file directly	NOT FROZEN — CANDIDATE / ROSTER NOT VERIFIED (Boss Decision 2026-09-27)	G-09 (roster HOLD), B-03	2026-09-27T13:44:14.939954	CANDIDATE — INGESTED, ROSTER NOT VERIFIED, NOT FOR DOWNSTREAM CONSUMPTION
G08	SALE_MRP_MARGIN	01_ACTIVE/ROOM_A_GMVQ_25TEAM_ACCELERATION_20260927_REV001/01_QUESTION_BANKS/G08_SALES/G08_SALE_MRP_MARGIN_GMVQ_MVQ_48_V1.00_DRAFT.md	99_SMEsPlus_Enterprise_Suite/01_Governance/COMMUNITY19/GMVQ_CANDIDATE_ROSTER_NOT_VERIFIED/G08_SALES/G08_SALE_MRP_MARGIN_GMVQ_MVQ_48_V1.00_DRAFT.md	1cd4e63283148f01ff01def08f00e93f2e69c4e8f86122db0ace611cffbd90a2	1cd4e63283148f01ff01def08f00e93f2e69c4e8f86122db0ace611cffbd90a2	48	MVQ FLOOR MET (mechanical grep count = 48, pattern '^QID:')	AUDIT QUEUE FILE PRESENT (G07_G08_INDEP_AUDIT_DEFECT_QUEUE.tsv) — disposition NOT re-parsed/re-verified this session, see file directly	NOT FROZEN — CANDIDATE / ROSTER NOT VERIFIED (Boss Decision 2026-09-27)	G-09 (roster HOLD), B-03	2026-09-27T07:58:28.321604	CANDIDATE — INGESTED, ROSTER NOT VERIFIED, NOT FOR DOWNSTREAM CONSUMPTION
G08	SALE_PDF_QUOTE_BUILDER	01_ACTIVE/ROOM_A_GMVQ_25TEAM_ACCELERATION_20260927_REV001/01_QUESTION_BANKS/G08_SALES/G08_SALE_PDF_QUOTE_BUILDER_GMVQ_MVQ_50_V1.00_DRAFT.md	99_SMEsPlus_Enterprise_Suite/01_Governance/COMMUNITY19/GMVQ_CANDIDATE_ROSTER_NOT_VERIFIED/G08_SALES/G08_SALE_PDF_QUOTE_BUILDER_GMVQ_MVQ_50_V1.00_DRAFT.md	bde498ecae8f7d8a3236848c8f6bfde23fde91774261d9f3a2909bf4f21c45e5	bde498ecae8f7d8a3236848c8f6bfde23fde91774261d9f3a2909bf4f21c45e5	50	MVQ FLOOR MET (mechanical grep count = 50, pattern '^QID:')	AUDIT QUEUE FILE PRESENT (G07_G08_INDEP_AUDIT_DEFECT_QUEUE.tsv) — disposition NOT re-parsed/re-verified this session, see file directly	NOT FROZEN — CANDIDATE / ROSTER NOT VERIFIED (Boss Decision 2026-09-27)	G-09 (roster HOLD), B-03	2026-09-27T08:01:49.227745	CANDIDATE — INGESTED, ROSTER NOT VERIFIED, NOT FOR DOWNSTREAM CONSUMPTION
G08	SALE_PRODUCT_MATRIX	01_ACTIVE/ROOM_A_GMVQ_25TEAM_ACCELERATION_20260927_REV001/01_QUESTION_BANKS/G08_SALES/G08_SALE_PRODUCT_MATRIX_GMVQ_MVQ_48_V1.00_DRAFT.md	99_SMEsPlus_Enterprise_Suite/01_Governance/COMMUNITY19/GMVQ_CANDIDATE_ROSTER_NOT_VERIFIED/G08_SALES/G08_SALE_PRODUCT_MATRIX_GMVQ_MVQ_48_V1.00_DRAFT.md	ee16d9f38edf6518447026f94b501be358c897795d9eb639f405a14b39c77525	ee16d9f38edf6518447026f94b501be358c897795d9eb639f405a14b39c77525	48	MVQ FLOOR MET (mechanical grep count = 48, pattern '^QID:')	AUDIT QUEUE FILE PRESENT (G07_G08_INDEP_AUDIT_DEFECT_QUEUE.tsv) — disposition NOT re-parsed/re-verified this session, see file directly	NOT FROZEN — CANDIDATE / ROSTER NOT VERIFIED (Boss Decision 2026-09-27)	G-09 (roster HOLD), B-03	2026-09-27T08:01:49.235698	CANDIDATE — INGESTED, ROSTER NOT VERIFIED, NOT FOR DOWNSTREAM CONSUMPTION
G08	SALE_PROJECT	01_ACTIVE/ROOM_A_GMVQ_25TEAM_ACCELERATION_20260927_REV001/01_QUESTION_BANKS/G08_SALES/G08_SALE_PROJECT_GMVQ_MVQ_48_V1.00_DRAFT.md	99_SMEsPlus_Enterprise_Suite/01_Governance/COMMUNITY19/GMVQ_CANDIDATE_ROSTER_NOT_VERIFIED/G08_SALES/G08_SALE_PROJECT_GMVQ_MVQ_48_V1.00_DRAFT.md	18710bab25f240d02507c4092e6d081923a78392a12ed47354670896b8eae2a1	18710bab25f240d02507c4092e6d081923a78392a12ed47354670896b8eae2a1	48	MVQ FLOOR MET (mechanical grep count = 48, pattern '^QID:')	AUDIT QUEUE FILE PRESENT (G07_G08_INDEP_AUDIT_DEFECT_QUEUE.tsv) — disposition NOT re-parsed/re-verified this session, see file directly	NOT FROZEN — CANDIDATE / ROSTER NOT VERIFIED (Boss Decision 2026-09-27)	G-09 (roster HOLD), B-03	2026-09-27T07:51:16.832457	CANDIDATE — INGESTED, ROSTER NOT VERIFIED, NOT FOR DOWNSTREAM CONSUMPTION
G08	SALE_PROJECT_STOCK_ACCOUNT	01_ACTIVE/ROOM_A_GMVQ_25TEAM_ACCELERATION_20260927_REV001/01_QUESTION_BANKS/G08_SALES/G08_SALE_PROJECT_STOCK_ACCOUNT_GMVQ_MVQ_28_V1.00_DRAFT.md	99_SMEsPlus_Enterprise_Suite/01_Governance/COMMUNITY19/GMVQ_CANDIDATE_ROSTER_NOT_VERIFIED/G08_SALES/G08_SALE_PROJECT_STOCK_ACCOUNT_GMVQ_MVQ_28_V1.00_DRAFT.md	c6607bcec183e08781915cd1b22d649b0d583077aaca4e3f0685d77a5cc85dd0	c6607bcec183e08781915cd1b22d649b0d583077aaca4e3f0685d77a5cc85dd0	28	BELOW FLOOR — mechanical count 28 < 48 (pattern '^QID:')	AUDIT QUEUE FILE PRESENT (G07_G08_INDEP_AUDIT_DEFECT_QUEUE.tsv) — disposition NOT re-parsed/re-verified this session, see file directly	NOT FROZEN — CANDIDATE / ROSTER NOT VERIFIED (Boss Decision 2026-09-27)	G-09 (roster HOLD), B-03	2026-09-27T07:55:07.150725	CANDIDATE — INGESTED, ROSTER NOT VERIFIED, NOT FOR DOWNSTREAM CONSUMPTION
G08	N/A	01_ACTIVE/ROOM_A_GMVQ_25TEAM_ACCELERATION_20260927_REV001/01_QUESTION_BANKS/G08_SALES/G08_SALE_PROJECT_STOCK_ACCOUNT_GMVQ_MVQ_SUPPLEMENT_R4_V1.00_DRAFT.md	99_SMEsPlus_Enterprise_Suite/01_Governance/COMMUNITY19/GMVQ_CANDIDATE_ROSTER_NOT_VERIFIED/G08_SALES/G08_SALE_PROJECT_STOCK_ACCOUNT_GMVQ_MVQ_SUPPLEMENT_R4_V1.00_DRAFT.md	54ad283c5c9a9243e9befdb6a48eb25b4b4e0ebe5bc66eaf5f558344b166acf2	54ad283c5c9a9243e9befdb6a48eb25b4b4e0ebe5bc66eaf5f558344b166acf2	10	BELOW FLOOR — mechanical count 10 < 48 (pattern '^QID:')	AUDIT QUEUE FILE PRESENT (G07_G08_INDEP_AUDIT_DEFECT_QUEUE.tsv) — disposition NOT re-parsed/re-verified this session, see file directly	NOT FROZEN — CANDIDATE / ROSTER NOT VERIFIED (Boss Decision 2026-09-27)	G-09 (roster HOLD), B-03	2026-09-27T08:17:42.425911	CANDIDATE — INGESTED, ROSTER NOT VERIFIED, NOT FOR DOWNSTREAM CONSUMPTION
G08	SALE_PROJECT_STOCK	01_ACTIVE/ROOM_A_GMVQ_25TEAM_ACCELERATION_20260927_REV001/01_QUESTION_BANKS/G08_SALES/G08_SALE_PROJECT_STOCK_GMVQ_MVQ_36_V1.00_DRAFT.md	99_SMEsPlus_Enterprise_Suite/01_Governance/COMMUNITY19/GMVQ_CANDIDATE_ROSTER_NOT_VERIFIED/G08_SALES/G08_SALE_PROJECT_STOCK_GMVQ_MVQ_36_V1.00_DRAFT.md	9de1fd353642b51c12601b2cac193ee25a11f050a09e924a40ee34ac766612d4	9de1fd353642b51c12601b2cac193ee25a11f050a09e924a40ee34ac766612d4	36	BELOW FLOOR — mechanical count 36 < 48 (pattern '^QID:')	AUDIT QUEUE FILE PRESENT (G07_G08_INDEP_AUDIT_DEFECT_QUEUE.tsv) — disposition NOT re-parsed/re-verified this session, see file directly	NOT FROZEN — CANDIDATE / ROSTER NOT VERIFIED (Boss Decision 2026-09-27)	G-09 (roster HOLD), B-03	2026-09-27T13:44:14.945349	CANDIDATE — INGESTED, ROSTER NOT VERIFIED, NOT FOR DOWNSTREAM CONSUMPTION
G08	N/A	01_ACTIVE/ROOM_A_GMVQ_25TEAM_ACCELERATION_20260927_REV001/01_QUESTION_BANKS/G08_SALES/G08_SALE_PROJECT_STOCK_GMVQ_MVQ_SUPPLEMENT_R4_V1.00_DRAFT.md	99_SMEsPlus_Enterprise_Suite/01_Governance/COMMUNITY19/GMVQ_CANDIDATE_ROSTER_NOT_VERIFIED/G08_SALES/G08_SALE_PROJECT_STOCK_GMVQ_MVQ_SUPPLEMENT_R4_V1.00_DRAFT.md	1b7d2f8415fd983733265d3c536d2236e258f79aba284435f7ebadca3851b30e	1b7d2f8415fd983733265d3c536d2236e258f79aba284435f7ebadca3851b30e	12	BELOW FLOOR — mechanical count 12 < 48 (pattern '^QID:')	AUDIT QUEUE FILE PRESENT (G07_G08_INDEP_AUDIT_DEFECT_QUEUE.tsv) — disposition NOT re-parsed/re-verified this session, see file directly	NOT FROZEN — CANDIDATE / ROSTER NOT VERIFIED (Boss Decision 2026-09-27)	G-09 (roster HOLD), B-03	2026-09-27T08:16:41.840031	CANDIDATE — INGESTED, ROSTER NOT VERIFIED, NOT FOR DOWNSTREAM CONSUMPTION
G08	SALE_PURCHASE	01_ACTIVE/ROOM_A_GMVQ_25TEAM_ACCELERATION_20260927_REV001/01_QUESTION_BANKS/G08_SALES/G08_SALE_PURCHASE_GMVQ_MVQ_48_V1.00_DRAFT.md	99_SMEsPlus_Enterprise_Suite/01_Governance/COMMUNITY19/GMVQ_CANDIDATE_ROSTER_NOT_VERIFIED/G08_SALES/G08_SALE_PURCHASE_GMVQ_MVQ_48_V1.00_DRAFT.md	8ed6858b46141a1562e782b0c8deeb7f88ea02815954215da0182ed335116660	8ed6858b46141a1562e782b0c8deeb7f88ea02815954215da0182ed335116660	48	MVQ FLOOR MET (mechanical grep count = 48, pattern '^QID:')	AUDIT QUEUE FILE PRESENT (G07_G08_INDEP_AUDIT_DEFECT_QUEUE.tsv) — disposition NOT re-parsed/re-verified this session, see file directly	NOT FROZEN — CANDIDATE / ROSTER NOT VERIFIED (Boss Decision 2026-09-27)	G-09 (roster HOLD), B-03	2026-09-27T08:05:13.648477	CANDIDATE — INGESTED, ROSTER NOT VERIFIED, NOT FOR DOWNSTREAM CONSUMPTION
G08	SALE_PURCHASE_PROJECT	01_ACTIVE/ROOM_A_GMVQ_25TEAM_ACCELERATION_20260927_REV001/01_QUESTION_BANKS/G08_SALES/G08_SALE_PURCHASE_PROJECT_GMVQ_MVQ_20_V1.00_DRAFT.md	99_SMEsPlus_Enterprise_Suite/01_Governance/COMMUNITY19/GMVQ_CANDIDATE_ROSTER_NOT_VERIFIED/G08_SALES/G08_SALE_PURCHASE_PROJECT_GMVQ_MVQ_20_V1.00_DRAFT.md	90ac208ca761fb2a67dc90cd75e0bd90739762a8105a7230f85840a601d7143b	90ac208ca761fb2a67dc90cd75e0bd90739762a8105a7230f85840a601d7143b	20	BELOW FLOOR — mechanical count 20 < 48 (pattern '^QID:')	AUDIT QUEUE FILE PRESENT (G07_G08_INDEP_AUDIT_DEFECT_QUEUE.tsv) — disposition NOT re-parsed/re-verified this session, see file directly	NOT FROZEN — CANDIDATE / ROSTER NOT VERIFIED (Boss Decision 2026-09-27)	G-09 (roster HOLD), B-03	2026-09-27T13:44:14.947242	CANDIDATE — INGESTED, ROSTER NOT VERIFIED, NOT FOR DOWNSTREAM CONSUMPTION
G08	N/A	01_ACTIVE/ROOM_A_GMVQ_25TEAM_ACCELERATION_20260927_REV001/01_QUESTION_BANKS/G08_SALES/G08_SALE_PURCHASE_PROJECT_GMVQ_MVQ_SUPPLEMENT_R4_V1.00_DRAFT.md	99_SMEsPlus_Enterprise_Suite/01_Governance/COMMUNITY19/GMVQ_CANDIDATE_ROSTER_NOT_VERIFIED/G08_SALES/G08_SALE_PURCHASE_PROJECT_GMVQ_MVQ_SUPPLEMENT_R4_V1.00_DRAFT.md	3a45a961089d4b5f02f6fee5720e0836202ef46a0b315c9116af6351f7965080	3a45a961089d4b5f02f6fee5720e0836202ef46a0b315c9116af6351f7965080	5	BELOW FLOOR — mechanical count 5 < 48 (pattern '^QID:')	AUDIT QUEUE FILE PRESENT (G07_G08_INDEP_AUDIT_DEFECT_QUEUE.tsv) — disposition NOT re-parsed/re-verified this session, see file directly	NOT FROZEN — CANDIDATE / ROSTER NOT VERIFIED (Boss Decision 2026-09-27)	G-09 (roster HOLD), B-03	2026-09-27T08:18:19.411878	CANDIDATE — INGESTED, ROSTER NOT VERIFIED, NOT FOR DOWNSTREAM CONSUMPTION
G08	SALE_PURCHASE_STOCK	01_ACTIVE/ROOM_A_GMVQ_25TEAM_ACCELERATION_20260927_REV001/01_QUESTION_BANKS/G08_SALES/G08_SALE_PURCHASE_STOCK_GMVQ_MVQ_48_V1.00_DRAFT.md	99_SMEsPlus_Enterprise_Suite/01_Governance/COMMUNITY19/GMVQ_CANDIDATE_ROSTER_NOT_VERIFIED/G08_SALES/G08_SALE_PURCHASE_STOCK_GMVQ_MVQ_48_V1.00_DRAFT.md	7ab2d19a2c8720284a7cdbb40b76b174579875031492e0276efc9abcc21b67e8	7ab2d19a2c8720284a7cdbb40b76b174579875031492e0276efc9abcc21b67e8	48	MVQ FLOOR MET (mechanical grep count = 48, pattern '^QID:')	AUDIT QUEUE FILE PRESENT (G07_G08_INDEP_AUDIT_DEFECT_QUEUE.tsv) — disposition NOT re-parsed/re-verified this session, see file directly	NOT FROZEN — CANDIDATE / ROSTER NOT VERIFIED (Boss Decision 2026-09-27)	G-09 (roster HOLD), B-03	2026-09-27T13:44:14.942919	CANDIDATE — INGESTED, ROSTER NOT VERIFIED, NOT FOR DOWNSTREAM CONSUMPTION
G08	SALE_SERVICE	01_ACTIVE/ROOM_A_GMVQ_25TEAM_ACCELERATION_20260927_REV001/01_QUESTION_BANKS/G08_SALES/G08_SALE_SERVICE_GMVQ_MVQ_48_V1.00_DRAFT.md	99_SMEsPlus_Enterprise_Suite/01_Governance/COMMUNITY19/GMVQ_CANDIDATE_ROSTER_NOT_VERIFIED/G08_SALES/G08_SALE_SERVICE_GMVQ_MVQ_48_V1.00_DRAFT.md	9d5b03a8f2b6667e23643b093a7ce1c9adb28ffafd5bf7e330830a8a21cb039b	9d5b03a8f2b6667e23643b093a7ce1c9adb28ffafd5bf7e330830a8a21cb039b	48	MVQ FLOOR MET (mechanical grep count = 48, pattern '^QID:')	AUDIT QUEUE FILE PRESENT (G07_G08_INDEP_AUDIT_DEFECT_QUEUE.tsv) — disposition NOT re-parsed/re-verified this session, see file directly	NOT FROZEN — CANDIDATE / ROSTER NOT VERIFIED (Boss Decision 2026-09-27)	G-09 (roster HOLD), B-03	2026-09-27T08:02:36.123703	CANDIDATE — INGESTED, ROSTER NOT VERIFIED, NOT FOR DOWNSTREAM CONSUMPTION
G08	SALE_SMS	01_ACTIVE/ROOM_A_GMVQ_25TEAM_ACCELERATION_20260927_REV001/01_QUESTION_BANKS/G08_SALES/G08_SALE_SMS_GMVQ_MVQ_48_V1.00_DRAFT.md	99_SMEsPlus_Enterprise_Suite/01_Governance/COMMUNITY19/GMVQ_CANDIDATE_ROSTER_NOT_VERIFIED/G08_SALES/G08_SALE_SMS_GMVQ_MVQ_48_V1.00_DRAFT.md	fe69a789a4b3246841a8509d223ce7549b9b543dfa75859606b693d87c9df170	fe69a789a4b3246841a8509d223ce7549b9b543dfa75859606b693d87c9df170	48	MVQ FLOOR MET (mechanical grep count = 48, pattern '^QID:')	AUDIT QUEUE FILE PRESENT (G07_G08_INDEP_AUDIT_DEFECT_QUEUE.tsv) — disposition NOT re-parsed/re-verified this session, see file directly	NOT FROZEN — CANDIDATE / ROSTER NOT VERIFIED (Boss Decision 2026-09-27)	G-09 (roster HOLD), B-03	2026-09-27T08:01:49.244325	CANDIDATE — INGESTED, ROSTER NOT VERIFIED, NOT FOR DOWNSTREAM CONSUMPTION
G08	SALE_STOCK	01_ACTIVE/ROOM_A_GMVQ_25TEAM_ACCELERATION_20260927_REV001/01_QUESTION_BANKS/G08_SALES/G08_SALE_STOCK_GMVQ_MVQ_48_V1.00_DRAFT.md	99_SMEsPlus_Enterprise_Suite/01_Governance/COMMUNITY19/GMVQ_CANDIDATE_ROSTER_NOT_VERIFIED/G08_SALES/G08_SALE_STOCK_GMVQ_MVQ_48_V1.00_DRAFT.md	7670e9e20ce29e9eaa817273b91faa9960de8d2e4ff226981e8ea62a27627307	7670e9e20ce29e9eaa817273b91faa9960de8d2e4ff226981e8ea62a27627307	48	MVQ FLOOR MET (mechanical grep count = 48, pattern '^QID:')	AUDIT QUEUE FILE PRESENT (G07_G08_INDEP_AUDIT_DEFECT_QUEUE.tsv) — disposition NOT re-parsed/re-verified this session, see file directly	NOT FROZEN — CANDIDATE / ROSTER NOT VERIFIED (Boss Decision 2026-09-27)	G-09 (roster HOLD), B-03	2026-09-27T07:47:37.408096	CANDIDATE — INGESTED, ROSTER NOT VERIFIED, NOT FOR DOWNSTREAM CONSUMPTION
G08	SALE_STOCK_MARGIN	01_ACTIVE/ROOM_A_GMVQ_25TEAM_ACCELERATION_20260927_REV001/01_QUESTION_BANKS/G08_SALES/G08_SALE_STOCK_MARGIN_GMVQ_MVQ_48_V1.00_DRAFT.md	99_SMEsPlus_Enterprise_Suite/01_Governance/COMMUNITY19/GMVQ_CANDIDATE_ROSTER_NOT_VERIFIED/G08_SALES/G08_SALE_STOCK_MARGIN_GMVQ_MVQ_48_V1.00_DRAFT.md	5796832edaa411f3f21337e10990db16fdb22a93cb6eee2a387778259a047c17	5796832edaa411f3f21337e10990db16fdb22a93cb6eee2a387778259a047c17	48	MVQ FLOOR MET (mechanical grep count = 48, pattern '^QID:')	AUDIT QUEUE FILE PRESENT (G07_G08_INDEP_AUDIT_DEFECT_QUEUE.tsv) — disposition NOT re-parsed/re-verified this session, see file directly	NOT FROZEN — CANDIDATE / ROSTER NOT VERIFIED (Boss Decision 2026-09-27)	G-09 (roster HOLD), B-03	2026-09-27T07:54:51.919055	CANDIDATE — INGESTED, ROSTER NOT VERIFIED, NOT FOR DOWNSTREAM CONSUMPTION
G08	SALE_STOCK_PRODUCT_EXPIRY	01_ACTIVE/ROOM_A_GMVQ_25TEAM_ACCELERATION_20260927_REV001/01_QUESTION_BANKS/G08_SALES/G08_SALE_STOCK_PRODUCT_EXPIRY_GMVQ_MVQ_48_V1.00_DRAFT.md	99_SMEsPlus_Enterprise_Suite/01_Governance/COMMUNITY19/GMVQ_CANDIDATE_ROSTER_NOT_VERIFIED/G08_SALES/G08_SALE_STOCK_PRODUCT_EXPIRY_GMVQ_MVQ_48_V1.00_DRAFT.md	88fbbb167b4c696e5a8f9cdeb97d51f307669d79aa5290d8df190263b75487e9	88fbbb167b4c696e5a8f9cdeb97d51f307669d79aa5290d8df190263b75487e9	48	MVQ FLOOR MET (mechanical grep count = 48, pattern '^QID:')	AUDIT QUEUE FILE PRESENT (G07_G08_INDEP_AUDIT_DEFECT_QUEUE.tsv) — disposition NOT re-parsed/re-verified this session, see file directly	NOT FROZEN — CANDIDATE / ROSTER NOT VERIFIED (Boss Decision 2026-09-27)	G-09 (roster HOLD), B-03	2026-09-27T07:51:02.648418	CANDIDATE — INGESTED, ROSTER NOT VERIFIED, NOT FOR DOWNSTREAM CONSUMPTION
G08	SALE_TIMESHEET	01_ACTIVE/ROOM_A_GMVQ_25TEAM_ACCELERATION_20260927_REV001/01_QUESTION_BANKS/G08_SALES/G08_SALE_TIMESHEET_GMVQ_MVQ_48_V1.00_DRAFT.md	99_SMEsPlus_Enterprise_Suite/01_Governance/COMMUNITY19/GMVQ_CANDIDATE_ROSTER_NOT_VERIFIED/G08_SALES/G08_SALE_TIMESHEET_GMVQ_MVQ_48_V1.00_DRAFT.md	97dd1fbf725b9d2d5167e18bba36de2b6cf54a1e55b7f08e2756c32b659e3a42	97dd1fbf725b9d2d5167e18bba36de2b6cf54a1e55b7f08e2756c32b659e3a42	48	MVQ FLOOR MET (mechanical grep count = 48, pattern '^QID:')	AUDIT QUEUE FILE PRESENT (G07_G08_INDEP_AUDIT_DEFECT_QUEUE.tsv) — disposition NOT re-parsed/re-verified this session, see file directly	NOT FROZEN — CANDIDATE / ROSTER NOT VERIFIED (Boss Decision 2026-09-27)	G-09 (roster HOLD), B-03	2026-09-27T13:44:14.927535	CANDIDATE — INGESTED, ROSTER NOT VERIFIED, NOT FOR DOWNSTREAM CONSUMPTION
G08	SALE_TIMESHEET_MARGIN	01_ACTIVE/ROOM_A_GMVQ_25TEAM_ACCELERATION_20260927_REV001/01_QUESTION_BANKS/G08_SALES/G08_SALE_TIMESHEET_MARGIN_GMVQ_MVQ_48_V1.00_DRAFT.md	99_SMEsPlus_Enterprise_Suite/01_Governance/COMMUNITY19/GMVQ_CANDIDATE_ROSTER_NOT_VERIFIED/G08_SALES/G08_SALE_TIMESHEET_MARGIN_GMVQ_MVQ_48_V1.00_DRAFT.md	e2fd427d2aa5081bb8848c92a41830e0a2ba2c8d185870b303b136a9fdaa95d7	e2fd427d2aa5081bb8848c92a41830e0a2ba2c8d185870b303b136a9fdaa95d7	48	MVQ FLOOR MET (mechanical grep count = 48, pattern '^QID:')	AUDIT QUEUE FILE PRESENT (G07_G08_INDEP_AUDIT_DEFECT_QUEUE.tsv) — disposition NOT re-parsed/re-verified this session, see file directly	NOT FROZEN — CANDIDATE / ROSTER NOT VERIFIED (Boss Decision 2026-09-27)	G-09 (roster HOLD), B-03	2026-09-27T13:44:14.934091	CANDIDATE — INGESTED, ROSTER NOT VERIFIED, NOT FOR DOWNSTREAM CONSUMPTION
G09	CRM	01_ACTIVE/ROOM_A_GMVQ_25TEAM_ACCELERATION_20260927_REV001/01_QUESTION_BANKS/G09_CRM/G09_CRM_GMVQ_MVQ_66_V1.00_DRAFT.md	99_SMEsPlus_Enterprise_Suite/01_Governance/COMMUNITY19/GMVQ_CANDIDATE_ROSTER_NOT_VERIFIED/G09_CRM/G09_CRM_GMVQ_MVQ_66_V1.00_DRAFT.md	2a17f9e49f507380af20d1295f6666b663e51a850be715bde70e4918b5b85f57	2a17f9e49f507380af20d1295f6666b663e51a850be715bde70e4918b5b85f57	66	MVQ FLOOR MET (mechanical grep count = 66, pattern '^QID:')	AUDIT QUEUE FILE PRESENT (G09_G11_INDEP_AUDIT_DEFECT_QUEUE.tsv) — disposition NOT re-parsed/re-verified this session, see file directly	NOT FROZEN — CANDIDATE / ROSTER NOT VERIFIED (Boss Decision 2026-09-27)	G-09 (roster HOLD), G-07	2026-09-27T07:41:37.188190	CANDIDATE — INGESTED, ROSTER NOT VERIFIED, NOT FOR DOWNSTREAM CONSUMPTION
G09	CRM_IAP_ENRICH	01_ACTIVE/ROOM_A_GMVQ_25TEAM_ACCELERATION_20260927_REV001/01_QUESTION_BANKS/G09_CRM/G09_CRM_IAP_ENRICH_GMVQ_MVQ_48_V1.00_DRAFT.md	99_SMEsPlus_Enterprise_Suite/01_Governance/COMMUNITY19/GMVQ_CANDIDATE_ROSTER_NOT_VERIFIED/G09_CRM/G09_CRM_IAP_ENRICH_GMVQ_MVQ_48_V1.00_DRAFT.md	e371bd8268434ebed5e70fe10be4ef7f69a3dffb46972c2aeb8ecff771d5fcb4	e371bd8268434ebed5e70fe10be4ef7f69a3dffb46972c2aeb8ecff771d5fcb4	48	MVQ FLOOR MET (mechanical grep count = 48, pattern '^QID:')	AUDIT QUEUE FILE PRESENT (G09_G11_INDEP_AUDIT_DEFECT_QUEUE.tsv) — disposition NOT re-parsed/re-verified this session, see file directly	NOT FROZEN — CANDIDATE / ROSTER NOT VERIFIED (Boss Decision 2026-09-27)	G-09 (roster HOLD), G-07	2026-09-27T07:40:22.482388	CANDIDATE — INGESTED, ROSTER NOT VERIFIED, NOT FOR DOWNSTREAM CONSUMPTION
G09	CRM_IAP_MINE	01_ACTIVE/ROOM_A_GMVQ_25TEAM_ACCELERATION_20260927_REV001/01_QUESTION_BANKS/G09_CRM/G09_CRM_IAP_MINE_GMVQ_MVQ_48_V1.00_DRAFT.md	99_SMEsPlus_Enterprise_Suite/01_Governance/COMMUNITY19/GMVQ_CANDIDATE_ROSTER_NOT_VERIFIED/G09_CRM/G09_CRM_IAP_MINE_GMVQ_MVQ_48_V1.00_DRAFT.md	7b5bb5847a529c2695fdbfd8072f7853ca70eccae83f2d9f1d235a14a05ac792	7b5bb5847a529c2695fdbfd8072f7853ca70eccae83f2d9f1d235a14a05ac792	48	MVQ FLOOR MET (mechanical grep count = 48, pattern '^QID:')	AUDIT QUEUE FILE PRESENT (G09_G11_INDEP_AUDIT_DEFECT_QUEUE.tsv) — disposition NOT re-parsed/re-verified this session, see file directly	NOT FROZEN — CANDIDATE / ROSTER NOT VERIFIED (Boss Decision 2026-09-27)	G-09 (roster HOLD), G-07	2026-09-27T07:44:00.328484	CANDIDATE — INGESTED, ROSTER NOT VERIFIED, NOT FOR DOWNSTREAM CONSUMPTION
G09	CRM_LIVECHAT	01_ACTIVE/ROOM_A_GMVQ_25TEAM_ACCELERATION_20260927_REV001/01_QUESTION_BANKS/G09_CRM/G09_CRM_LIVECHAT_GMVQ_MVQ_50_V1.00_DRAFT.md	99_SMEsPlus_Enterprise_Suite/01_Governance/COMMUNITY19/GMVQ_CANDIDATE_ROSTER_NOT_VERIFIED/G09_CRM/G09_CRM_LIVECHAT_GMVQ_MVQ_50_V1.00_DRAFT.md	07bf04e50a296963c2752527203fb5283d92875e4de689f4dc412077f259980e	07bf04e50a296963c2752527203fb5283d92875e4de689f4dc412077f259980e	50	MVQ FLOOR MET (mechanical grep count = 50, pattern '^QID:')	AUDIT QUEUE FILE PRESENT (G09_G11_INDEP_AUDIT_DEFECT_QUEUE.tsv) — disposition NOT re-parsed/re-verified this session, see file directly	NOT FROZEN — CANDIDATE / ROSTER NOT VERIFIED (Boss Decision 2026-09-27)	G-09 (roster HOLD), G-07	2026-09-27T07:43:57.125049	CANDIDATE — INGESTED, ROSTER NOT VERIFIED, NOT FOR DOWNSTREAM CONSUMPTION
G09	WEBSITE_CRM	01_ACTIVE/ROOM_A_GMVQ_25TEAM_ACCELERATION_20260927_REV001/01_QUESTION_BANKS/G09_CRM/G09_WEBSITE_CRM_GMVQ_MVQ_48_V1.00_DRAFT.md	99_SMEsPlus_Enterprise_Suite/01_Governance/COMMUNITY19/GMVQ_CANDIDATE_ROSTER_NOT_VERIFIED/G09_CRM/G09_WEBSITE_CRM_GMVQ_MVQ_48_V1.00_DRAFT.md	25986cd9fb897d0b949d03fdc3d6edcd8fcbacbdec3efe898a865e33f9826cd8	25986cd9fb897d0b949d03fdc3d6edcd8fcbacbdec3efe898a865e33f9826cd8	48	MVQ FLOOR MET (mechanical grep count = 48, pattern '^QID:')	AUDIT QUEUE FILE PRESENT (G09_G11_INDEP_AUDIT_DEFECT_QUEUE.tsv) — disposition NOT re-parsed/re-verified this session, see file directly	NOT FROZEN — CANDIDATE / ROSTER NOT VERIFIED (Boss Decision 2026-09-27)	G-09 (roster HOLD), G-07	2026-09-27T07:55:00.513834	CANDIDATE — INGESTED, ROSTER NOT VERIFIED, NOT FOR DOWNSTREAM CONSUMPTION
G09	WEBSITE_CRM_IAP_REVEAL	01_ACTIVE/ROOM_A_GMVQ_25TEAM_ACCELERATION_20260927_REV001/01_QUESTION_BANKS/G09_CRM/G09_WEBSITE_CRM_IAP_REVEAL_GMVQ_MVQ_48_V1.00_DRAFT.md	99_SMEsPlus_Enterprise_Suite/01_Governance/COMMUNITY19/GMVQ_CANDIDATE_ROSTER_NOT_VERIFIED/G09_CRM/G09_WEBSITE_CRM_IAP_REVEAL_GMVQ_MVQ_48_V1.00_DRAFT.md	723770188116b0bfacb22783fbce906a83f185f13d4401fcea2beda6fb0bc039	723770188116b0bfacb22783fbce906a83f185f13d4401fcea2beda6fb0bc039	48	MVQ FLOOR MET (mechanical grep count = 48, pattern '^QID:')	AUDIT QUEUE FILE PRESENT (G09_G11_INDEP_AUDIT_DEFECT_QUEUE.tsv) — disposition NOT re-parsed/re-verified this session, see file directly	NOT FROZEN — CANDIDATE / ROSTER NOT VERIFIED (Boss Decision 2026-09-27)	G-09 (roster HOLD), G-07	2026-09-27T07:59:14.252342	CANDIDATE — INGESTED, ROSTER NOT VERIFIED, NOT FOR DOWNSTREAM CONSUMPTION
G09	WEBSITE_CRM_LIVECHAT	01_ACTIVE/ROOM_A_GMVQ_25TEAM_ACCELERATION_20260927_REV001/01_QUESTION_BANKS/G09_CRM/G09_WEBSITE_CRM_LIVECHAT_GMVQ_MVQ_55_V1.00_DRAFT.md	99_SMEsPlus_Enterprise_Suite/01_Governance/COMMUNITY19/GMVQ_CANDIDATE_ROSTER_NOT_VERIFIED/G09_CRM/G09_WEBSITE_CRM_LIVECHAT_GMVQ_MVQ_55_V1.00_DRAFT.md	7a7b1cb53744ebcf7d177d83b534a82623f44cf3a4a72e5983b38467f7bc3d40	7a7b1cb53744ebcf7d177d83b534a82623f44cf3a4a72e5983b38467f7bc3d40	55	MVQ FLOOR MET (mechanical grep count = 55, pattern '^QID:')	AUDIT QUEUE FILE PRESENT (G09_G11_INDEP_AUDIT_DEFECT_QUEUE.tsv) — disposition NOT re-parsed/re-verified this session, see file directly	NOT FROZEN — CANDIDATE / ROSTER NOT VERIFIED (Boss Decision 2026-09-27)	G-09 (roster HOLD), G-07	2026-09-27T07:46:46.409437	CANDIDATE — INGESTED, ROSTER NOT VERIFIED, NOT FOR DOWNSTREAM CONSUMPTION
G09	WEBSITE_CRM_PARTNER_ASSIGN	01_ACTIVE/ROOM_A_GMVQ_25TEAM_ACCELERATION_20260927_REV001/01_QUESTION_BANKS/G09_CRM/G09_WEBSITE_CRM_PARTNER_ASSIGN_GMVQ_MVQ_52_V1.00_DRAFT.md	99_SMEsPlus_Enterprise_Suite/01_Governance/COMMUNITY19/GMVQ_CANDIDATE_ROSTER_NOT_VERIFIED/G09_CRM/G09_WEBSITE_CRM_PARTNER_ASSIGN_GMVQ_MVQ_52_V1.00_DRAFT.md	d9e9bcc6e3abe2198b1ab6b06678406d133ddb3876c236b9dabdb0b951af995b	d9e9bcc6e3abe2198b1ab6b06678406d133ddb3876c236b9dabdb0b951af995b	52	MVQ FLOOR MET (mechanical grep count = 52, pattern '^QID:')	AUDIT QUEUE FILE PRESENT (G09_G11_INDEP_AUDIT_DEFECT_QUEUE.tsv) — disposition NOT re-parsed/re-verified this session, see file directly	NOT FROZEN — CANDIDATE / ROSTER NOT VERIFIED (Boss Decision 2026-09-27)	G-09 (roster HOLD), G-07	2026-09-27T13:38:53.602349	CANDIDATE — INGESTED, ROSTER NOT VERIFIED, NOT FOR DOWNSTREAM CONSUMPTION
G11	EVENT_BOOTH	01_ACTIVE/ROOM_A_GMVQ_25TEAM_ACCELERATION_20260927_REV001/01_QUESTION_BANKS/G11_EVENTS/G11_EVENT_BOOTH_GMVQ_MVQ_50_V1.00_DRAFT.md	99_SMEsPlus_Enterprise_Suite/01_Governance/COMMUNITY19/GMVQ_CANDIDATE_ROSTER_NOT_VERIFIED/G11_EVENTS/G11_EVENT_BOOTH_GMVQ_MVQ_50_V1.00_DRAFT.md	8a4b247a2e97d35468ae51f32d93ca8b2c3d44ee6b74128724e0adf0958450ea	8a4b247a2e97d35468ae51f32d93ca8b2c3d44ee6b74128724e0adf0958450ea	50	MVQ FLOOR MET (mechanical grep count = 50, pattern '^QID:')	AUDIT QUEUE FILE PRESENT (G09_G11_INDEP_AUDIT_DEFECT_QUEUE.tsv) — disposition NOT re-parsed/re-verified this session, see file directly	NOT FROZEN — CANDIDATE / ROSTER NOT VERIFIED (Boss Decision 2026-09-27)	G-09 (roster HOLD)	2026-09-27T07:47:17.910304	CANDIDATE — INGESTED, ROSTER NOT VERIFIED, NOT FOR DOWNSTREAM CONSUMPTION
G11	EVENT_BOOTH_SALE	01_ACTIVE/ROOM_A_GMVQ_25TEAM_ACCELERATION_20260927_REV001/01_QUESTION_BANKS/G11_EVENTS/G11_EVENT_BOOTH_SALE_GMVQ_MVQ_50_V1.00_DRAFT.md	99_SMEsPlus_Enterprise_Suite/01_Governance/COMMUNITY19/GMVQ_CANDIDATE_ROSTER_NOT_VERIFIED/G11_EVENTS/G11_EVENT_BOOTH_SALE_GMVQ_MVQ_50_V1.00_DRAFT.md	bcc9b19db4886255aa05a603094101977a85c6395eb963bb93b09c7e26496955	bcc9b19db4886255aa05a603094101977a85c6395eb963bb93b09c7e26496955	50	MVQ FLOOR MET (mechanical grep count = 50, pattern '^QID:')	AUDIT QUEUE FILE PRESENT (G09_G11_INDEP_AUDIT_DEFECT_QUEUE.tsv) — disposition NOT re-parsed/re-verified this session, see file directly	NOT FROZEN — CANDIDATE / ROSTER NOT VERIFIED (Boss Decision 2026-09-27)	G-09 (roster HOLD)	2026-09-27T07:47:03.482509	CANDIDATE — INGESTED, ROSTER NOT VERIFIED, NOT FOR DOWNSTREAM CONSUMPTION
G11	EVENT_CRM	01_ACTIVE/ROOM_A_GMVQ_25TEAM_ACCELERATION_20260927_REV001/01_QUESTION_BANKS/G11_EVENTS/G11_EVENT_CRM_GMVQ_MVQ_48_V1.00_DRAFT.md	99_SMEsPlus_Enterprise_Suite/01_Governance/COMMUNITY19/GMVQ_CANDIDATE_ROSTER_NOT_VERIFIED/G11_EVENTS/G11_EVENT_CRM_GMVQ_MVQ_48_V1.00_DRAFT.md	ef18942290009f0a263b07277ebcd1af1c858553c276e40d98c375c44d872527	ef18942290009f0a263b07277ebcd1af1c858553c276e40d98c375c44d872527	48	MVQ FLOOR MET (mechanical grep count = 48, pattern '^QID:')	AUDIT QUEUE FILE PRESENT (G09_G11_INDEP_AUDIT_DEFECT_QUEUE.tsv) — disposition NOT re-parsed/re-verified this session, see file directly	NOT FROZEN — CANDIDATE / ROSTER NOT VERIFIED (Boss Decision 2026-09-27)	G-09 (roster HOLD)	2026-09-27T07:42:03.433023	CANDIDATE — INGESTED, ROSTER NOT VERIFIED, NOT FOR DOWNSTREAM CONSUMPTION
G11	EVENT_CRM_SALE	01_ACTIVE/ROOM_A_GMVQ_25TEAM_ACCELERATION_20260927_REV001/01_QUESTION_BANKS/G11_EVENTS/G11_EVENT_CRM_SALE_GMVQ_MVQ_48_V1.00_DRAFT.md	99_SMEsPlus_Enterprise_Suite/01_Governance/COMMUNITY19/GMVQ_CANDIDATE_ROSTER_NOT_VERIFIED/G11_EVENTS/G11_EVENT_CRM_SALE_GMVQ_MVQ_48_V1.00_DRAFT.md	66e24df13c030f984c89d3353c91b0cc18cdf30cd2ac49f176b3a1b552daf465	66e24df13c030f984c89d3353c91b0cc18cdf30cd2ac49f176b3a1b552daf465	48	MVQ FLOOR MET (mechanical grep count = 48, pattern '^QID:')	AUDIT QUEUE FILE PRESENT (G09_G11_INDEP_AUDIT_DEFECT_QUEUE.tsv) — disposition NOT re-parsed/re-verified this session, see file directly	NOT FROZEN — CANDIDATE / ROSTER NOT VERIFIED (Boss Decision 2026-09-27)	G-09 (roster HOLD)	2026-09-27T07:51:44.801999	CANDIDATE — INGESTED, ROSTER NOT VERIFIED, NOT FOR DOWNSTREAM CONSUMPTION
G11	EVENT	01_ACTIVE/ROOM_A_GMVQ_25TEAM_ACCELERATION_20260927_REV001/01_QUESTION_BANKS/G11_EVENTS/G11_EVENT_GMVQ_MVQ_62_V1.00_DRAFT.md	99_SMEsPlus_Enterprise_Suite/01_Governance/COMMUNITY19/GMVQ_CANDIDATE_ROSTER_NOT_VERIFIED/G11_EVENTS/G11_EVENT_GMVQ_MVQ_62_V1.00_DRAFT.md	8e6ff6cfa2b69786ea3d11feae8ed80053f3750f504444110a384b287e3c0d80	8e6ff6cfa2b69786ea3d11feae8ed80053f3750f504444110a384b287e3c0d80	62	MVQ FLOOR MET (mechanical grep count = 62, pattern '^QID:')	AUDIT QUEUE FILE PRESENT (G09_G11_INDEP_AUDIT_DEFECT_QUEUE.tsv) — disposition NOT re-parsed/re-verified this session, see file directly	NOT FROZEN — CANDIDATE / ROSTER NOT VERIFIED (Boss Decision 2026-09-27)	G-09 (roster HOLD)	2026-09-27T07:43:16.190402	CANDIDATE — INGESTED, ROSTER NOT VERIFIED, NOT FOR DOWNSTREAM CONSUMPTION
G11	EVENT_PRODUCT	01_ACTIVE/ROOM_A_GMVQ_25TEAM_ACCELERATION_20260927_REV001/01_QUESTION_BANKS/G11_EVENTS/G11_EVENT_PRODUCT_GMVQ_MVQ_50_V1.00_DRAFT.md	99_SMEsPlus_Enterprise_Suite/01_Governance/COMMUNITY19/GMVQ_CANDIDATE_ROSTER_NOT_VERIFIED/G11_EVENTS/G11_EVENT_PRODUCT_GMVQ_MVQ_50_V1.00_DRAFT.md	763c3d818d3223323ada6c3d0c1a80c25e6c5c3600d4ff73f821c53e155b68f7	763c3d818d3223323ada6c3d0c1a80c25e6c5c3600d4ff73f821c53e155b68f7	50	MVQ FLOOR MET (mechanical grep count = 50, pattern '^QID:')	AUDIT QUEUE FILE PRESENT (G09_G11_INDEP_AUDIT_DEFECT_QUEUE.tsv) — disposition NOT re-parsed/re-verified this session, see file directly	NOT FROZEN — CANDIDATE / ROSTER NOT VERIFIED (Boss Decision 2026-09-27)	G-09 (roster HOLD)	2026-09-27T07:47:43.313778	CANDIDATE — INGESTED, ROSTER NOT VERIFIED, NOT FOR DOWNSTREAM CONSUMPTION
G11	EVENT_SALE	01_ACTIVE/ROOM_A_GMVQ_25TEAM_ACCELERATION_20260927_REV001/01_QUESTION_BANKS/G11_EVENTS/G11_EVENT_SALE_GMVQ_MVQ_50_V1.00_DRAFT.md	99_SMEsPlus_Enterprise_Suite/01_Governance/COMMUNITY19/GMVQ_CANDIDATE_ROSTER_NOT_VERIFIED/G11_EVENTS/G11_EVENT_SALE_GMVQ_MVQ_50_V1.00_DRAFT.md	bc28b43c73841f1cdbcbc72ac292ef23c52d2c7b23434b2b5f3a2de59b35aa39	bc28b43c73841f1cdbcbc72ac292ef23c52d2c7b23434b2b5f3a2de59b35aa39	50	MVQ FLOOR MET (mechanical grep count = 50, pattern '^QID:')	AUDIT QUEUE FILE PRESENT (G09_G11_INDEP_AUDIT_DEFECT_QUEUE.tsv) — disposition NOT re-parsed/re-verified this session, see file directly	NOT FROZEN — CANDIDATE / ROSTER NOT VERIFIED (Boss Decision 2026-09-27)	G-09 (roster HOLD)	2026-09-27T07:51:44.799727	CANDIDATE — INGESTED, ROSTER NOT VERIFIED, NOT FOR DOWNSTREAM CONSUMPTION
G11	EVENT_SMS	01_ACTIVE/ROOM_A_GMVQ_25TEAM_ACCELERATION_20260927_REV001/01_QUESTION_BANKS/G11_EVENTS/G11_EVENT_SMS_GMVQ_MVQ_48_V1.00_DRAFT.md	99_SMEsPlus_Enterprise_Suite/01_Governance/COMMUNITY19/GMVQ_CANDIDATE_ROSTER_NOT_VERIFIED/G11_EVENTS/G11_EVENT_SMS_GMVQ_MVQ_48_V1.00_DRAFT.md	5bc62407818dc296f0e76e18173a6bc99790af3396f70698184ce3bb51f8b650	5bc62407818dc296f0e76e18173a6bc99790af3396f70698184ce3bb51f8b650	48	MVQ FLOOR MET (mechanical grep count = 48, pattern '^QID:')	AUDIT QUEUE FILE PRESENT (G09_G11_INDEP_AUDIT_DEFECT_QUEUE.tsv) — disposition NOT re-parsed/re-verified this session, see file directly	NOT FROZEN — CANDIDATE / ROSTER NOT VERIFIED (Boss Decision 2026-09-27)	G-09 (roster HOLD)	2026-09-27T07:44:31.238946	CANDIDATE — INGESTED, ROSTER NOT VERIFIED, NOT FOR DOWNSTREAM CONSUMPTION
G12	HR_TIMESHEET_ATTENDANCE	01_ACTIVE/ROOM_A_GMVQ_25TEAM_ACCELERATION_20260927_REV001/01_QUESTION_BANKS/G12_PROJECT/G12_HR_TIMESHEET_ATTENDANCE_GMVQ_MVQ_48_V1.00_DRAFT.md	99_SMEsPlus_Enterprise_Suite/01_Governance/COMMUNITY19/GMVQ_CANDIDATE_ROSTER_NOT_VERIFIED/G12_PROJECT/G12_HR_TIMESHEET_ATTENDANCE_GMVQ_MVQ_48_V1.00_DRAFT.md	c9f6558de684fe876224b3d3042bb59bfa48f34c23ac93b4925c00066d5e7b1e	c9f6558de684fe876224b3d3042bb59bfa48f34c23ac93b4925c00066d5e7b1e	48	MVQ FLOOR MET (mechanical grep count = 48, pattern '^QID:')	NOT AUDITED — no defect-queue artifact on file this session	NOT FROZEN — CANDIDATE / ROSTER NOT VERIFIED (Boss Decision 2026-09-27)	G-09 (roster HOLD), B-04	2026-09-27T13:11:15.824493	CANDIDATE — INGESTED, ROSTER NOT VERIFIED, NOT FOR DOWNSTREAM CONSUMPTION
G12	HR_TIMESHEET	01_ACTIVE/ROOM_A_GMVQ_25TEAM_ACCELERATION_20260927_REV001/01_QUESTION_BANKS/G12_PROJECT/G12_HR_TIMESHEET_GMVQ_MVQ_50_V1.00_DRAFT.md	99_SMEsPlus_Enterprise_Suite/01_Governance/COMMUNITY19/GMVQ_CANDIDATE_ROSTER_NOT_VERIFIED/G12_PROJECT/G12_HR_TIMESHEET_GMVQ_MVQ_50_V1.00_DRAFT.md	a47de34996a4e4d7fab451048c7e1a06b27854f96d3f7538c735cd08024bfed3	a47de34996a4e4d7fab451048c7e1a06b27854f96d3f7538c735cd08024bfed3	50	MVQ FLOOR MET (mechanical grep count = 50, pattern '^QID:')	NOT AUDITED — no defect-queue artifact on file this session	NOT FROZEN — CANDIDATE / ROSTER NOT VERIFIED (Boss Decision 2026-09-27)	G-09 (roster HOLD), B-04	2026-09-27T13:11:15.271249	CANDIDATE — INGESTED, ROSTER NOT VERIFIED, NOT FOR DOWNSTREAM CONSUMPTION
G12	PORTAL_RATING	01_ACTIVE/ROOM_A_GMVQ_25TEAM_ACCELERATION_20260927_REV001/01_QUESTION_BANKS/G12_PROJECT/G12_PORTAL_RATING_GMVQ_MVQ_48_V1.00_DRAFT.md	99_SMEsPlus_Enterprise_Suite/01_Governance/COMMUNITY19/GMVQ_CANDIDATE_ROSTER_NOT_VERIFIED/G12_PROJECT/G12_PORTAL_RATING_GMVQ_MVQ_48_V1.00_DRAFT.md	4828dbd3c32807b4e65d46167d2fbd7c3b1eac4c2e56792179cfe7af588e73a8	4828dbd3c32807b4e65d46167d2fbd7c3b1eac4c2e56792179cfe7af588e73a8	48	MVQ FLOOR MET (mechanical grep count = 48, pattern '^QID:')	NOT AUDITED — no defect-queue artifact on file this session	NOT FROZEN — CANDIDATE / ROSTER NOT VERIFIED (Boss Decision 2026-09-27)	G-09 (roster HOLD), B-04	2026-09-27T13:11:16.301663	CANDIDATE — INGESTED, ROSTER NOT VERIFIED, NOT FOR DOWNSTREAM CONSUMPTION
G12	PROJECT	01_ACTIVE/ROOM_A_GMVQ_25TEAM_ACCELERATION_20260927_REV001/01_QUESTION_BANKS/G12_PROJECT/G12_PROJECT_GMVQ_MVQ_50_V1.00_DRAFT.md	99_SMEsPlus_Enterprise_Suite/01_Governance/COMMUNITY19/GMVQ_CANDIDATE_ROSTER_NOT_VERIFIED/G12_PROJECT/G12_PROJECT_GMVQ_MVQ_50_V1.00_DRAFT.md	936dfbb613c6b1e20f0709668a6164b5f7c050728a71a3be41d7ea70f1f4bc52	936dfbb613c6b1e20f0709668a6164b5f7c050728a71a3be41d7ea70f1f4bc52	50	MVQ FLOOR MET (mechanical grep count = 50, pattern '^QID:')	NOT AUDITED — no defect-queue artifact on file this session	NOT FROZEN — CANDIDATE / ROSTER NOT VERIFIED (Boss Decision 2026-09-27)	G-09 (roster HOLD), B-04	2026-09-27T13:11:14.493323	CANDIDATE — INGESTED, ROSTER NOT VERIFIED, NOT FOR DOWNSTREAM CONSUMPTION
G12	PROJECT_HR_EXPENSE	01_ACTIVE/ROOM_A_GMVQ_25TEAM_ACCELERATION_20260927_REV001/01_QUESTION_BANKS/G12_PROJECT/G12_PROJECT_HR_EXPENSE_GMVQ_MVQ_50_V1.00_DRAFT.md	99_SMEsPlus_Enterprise_Suite/01_Governance/COMMUNITY19/GMVQ_CANDIDATE_ROSTER_NOT_VERIFIED/G12_PROJECT/G12_PROJECT_HR_EXPENSE_GMVQ_MVQ_50_V1.00_DRAFT.md	c491cba36d5a2675b2b89f154990fe6997e5164c5e9af4016a9997e2c4b17f5e	c491cba36d5a2675b2b89f154990fe6997e5164c5e9af4016a9997e2c4b17f5e	50	MVQ FLOOR MET (mechanical grep count = 50, pattern '^QID:')	NOT AUDITED — no defect-queue artifact on file this session	NOT FROZEN — CANDIDATE / ROSTER NOT VERIFIED (Boss Decision 2026-09-27)	G-09 (roster HOLD), B-04	2026-09-27T13:07:14.744449	CANDIDATE — INGESTED, ROSTER NOT VERIFIED, NOT FOR DOWNSTREAM CONSUMPTION
G12	PROJECT_HR_SKILLS	01_ACTIVE/ROOM_A_GMVQ_25TEAM_ACCELERATION_20260927_REV001/01_QUESTION_BANKS/G12_PROJECT/G12_PROJECT_HR_SKILLS_GMVQ_MVQ_50_V1.00_DRAFT.md	99_SMEsPlus_Enterprise_Suite/01_Governance/COMMUNITY19/GMVQ_CANDIDATE_ROSTER_NOT_VERIFIED/G12_PROJECT/G12_PROJECT_HR_SKILLS_GMVQ_MVQ_50_V1.00_DRAFT.md	bd2151aac50cd203dc16ad07e13c91278481a6543e9cb5926ace25b641e545e2	bd2151aac50cd203dc16ad07e13c91278481a6543e9cb5926ace25b641e545e2	50	MVQ FLOOR MET (mechanical grep count = 50, pattern '^QID:')	NOT AUDITED — no defect-queue artifact on file this session	NOT FROZEN — CANDIDATE / ROSTER NOT VERIFIED (Boss Decision 2026-09-27)	G-09 (roster HOLD), B-04	2026-09-27T13:13:36.017606	CANDIDATE — INGESTED, ROSTER NOT VERIFIED, NOT FOR DOWNSTREAM CONSUMPTION
G12	PROJECT_MAIL_PLUGIN	01_ACTIVE/ROOM_A_GMVQ_25TEAM_ACCELERATION_20260927_REV001/01_QUESTION_BANKS/G12_PROJECT/G12_PROJECT_MAIL_PLUGIN_GMVQ_MVQ_48_V1.00_DRAFT.md	99_SMEsPlus_Enterprise_Suite/01_Governance/COMMUNITY19/GMVQ_CANDIDATE_ROSTER_NOT_VERIFIED/G12_PROJECT/G12_PROJECT_MAIL_PLUGIN_GMVQ_MVQ_48_V1.00_DRAFT.md	1aba827fb9499fc1391420d6a3bf4b58b64d2fe52d7d9e3d628339daa3e7b951	1aba827fb9499fc1391420d6a3bf4b58b64d2fe52d7d9e3d628339daa3e7b951	48	MVQ FLOOR MET (mechanical grep count = 48, pattern '^QID:')	NOT AUDITED — no defect-queue artifact on file this session	NOT FROZEN — CANDIDATE / ROSTER NOT VERIFIED (Boss Decision 2026-09-27)	G-09 (roster HOLD), B-04	2026-09-27T13:15:49.558905	CANDIDATE — INGESTED, ROSTER NOT VERIFIED, NOT FOR DOWNSTREAM CONSUMPTION
G12	PROJECT_MRP_ACCOUNT	01_ACTIVE/ROOM_A_GMVQ_25TEAM_ACCELERATION_20260927_REV001/01_QUESTION_BANKS/G12_PROJECT/G12_PROJECT_MRP_ACCOUNT_GMVQ_MVQ_32_V1.00_DRAFT.md	99_SMEsPlus_Enterprise_Suite/01_Governance/COMMUNITY19/GMVQ_CANDIDATE_ROSTER_NOT_VERIFIED/G12_PROJECT/G12_PROJECT_MRP_ACCOUNT_GMVQ_MVQ_32_V1.00_DRAFT.md	81fc36099813ccc1ff22247cb19642e3a6427087473c448e302f51e37d5779bb	81fc36099813ccc1ff22247cb19642e3a6427087473c448e302f51e37d5779bb	32	BELOW FLOOR — mechanical count 32 < 48 (pattern '^QID:')	NOT AUDITED — no defect-queue artifact on file this session	NOT FROZEN — CANDIDATE / ROSTER NOT VERIFIED (Boss Decision 2026-09-27)	G-09 (roster HOLD), B-04	2026-09-27T13:05:40.873913	CANDIDATE — INGESTED, ROSTER NOT VERIFIED, NOT FOR DOWNSTREAM CONSUMPTION
G12	PROJECT_MRP	01_ACTIVE/ROOM_A_GMVQ_25TEAM_ACCELERATION_20260927_REV001/01_QUESTION_BANKS/G12_PROJECT/G12_PROJECT_MRP_GMVQ_MVQ_48_V1.00_DRAFT.md	99_SMEsPlus_Enterprise_Suite/01_Governance/COMMUNITY19/GMVQ_CANDIDATE_ROSTER_NOT_VERIFIED/G12_PROJECT/G12_PROJECT_MRP_GMVQ_MVQ_48_V1.00_DRAFT.md	0fde1e55760ebe93fa0970d76f786a1f5f0a6ba43686fc22cecc05d717d587d0	0fde1e55760ebe93fa0970d76f786a1f5f0a6ba43686fc22cecc05d717d587d0	48	MVQ FLOOR MET (mechanical grep count = 48, pattern '^QID:')	NOT AUDITED — no defect-queue artifact on file this session	NOT FROZEN — CANDIDATE / ROSTER NOT VERIFIED (Boss Decision 2026-09-27)	G-09 (roster HOLD), B-04	2026-09-27T13:08:22.920338	CANDIDATE — INGESTED, ROSTER NOT VERIFIED, NOT FOR DOWNSTREAM CONSUMPTION
G12	PROJECT_MRP_SALE	01_ACTIVE/ROOM_A_GMVQ_25TEAM_ACCELERATION_20260927_REV001/01_QUESTION_BANKS/G12_PROJECT/G12_PROJECT_MRP_SALE_GMVQ_MVQ_30_V1.00_DRAFT.md	99_SMEsPlus_Enterprise_Suite/01_Governance/COMMUNITY19/GMVQ_CANDIDATE_ROSTER_NOT_VERIFIED/G12_PROJECT/G12_PROJECT_MRP_SALE_GMVQ_MVQ_30_V1.00_DRAFT.md	7eb4b57fa406fb410d59a7838f793b3a45e315753fbd7c2510e27fb904520ad3	7eb4b57fa406fb410d59a7838f793b3a45e315753fbd7c2510e27fb904520ad3	30	BELOW FLOOR — mechanical count 30 < 48 (pattern '^QID:')	NOT AUDITED — no defect-queue artifact on file this session	NOT FROZEN — CANDIDATE / ROSTER NOT VERIFIED (Boss Decision 2026-09-27)	G-09 (roster HOLD), B-04	2026-09-27T13:08:44.352906	CANDIDATE — INGESTED, ROSTER NOT VERIFIED, NOT FOR DOWNSTREAM CONSUMPTION
G12	PROJECT_MRP_STOCK_LANDED_COSTS	01_ACTIVE/ROOM_A_GMVQ_25TEAM_ACCELERATION_20260927_REV001/01_QUESTION_BANKS/G12_PROJECT/G12_PROJECT_MRP_STOCK_LANDED_COSTS_GMVQ_MVQ_20_V1.00_DRAFT.md	99_SMEsPlus_Enterprise_Suite/01_Governance/COMMUNITY19/GMVQ_CANDIDATE_ROSTER_NOT_VERIFIED/G12_PROJECT/G12_PROJECT_MRP_STOCK_LANDED_COSTS_GMVQ_MVQ_20_V1.00_DRAFT.md	b23b002ac003499b152113b96db925dc39187384e8b0e706ef569b71c9b079d3	b23b002ac003499b152113b96db925dc39187384e8b0e706ef569b71c9b079d3	20	BELOW FLOOR — mechanical count 20 < 48 (pattern '^QID:')	NOT AUDITED — no defect-queue artifact on file this session	NOT FROZEN — CANDIDATE / ROSTER NOT VERIFIED (Boss Decision 2026-09-27)	G-09 (roster HOLD), B-04	2026-09-27T13:11:16.749540	CANDIDATE — INGESTED, ROSTER NOT VERIFIED, NOT FOR DOWNSTREAM CONSUMPTION
G12	PROJECT_PURCHASE	01_ACTIVE/ROOM_A_GMVQ_25TEAM_ACCELERATION_20260927_REV001/01_QUESTION_BANKS/G12_PROJECT/G12_PROJECT_PURCHASE_GMVQ_MVQ_50_V1.00_DRAFT.md	99_SMEsPlus_Enterprise_Suite/01_Governance/COMMUNITY19/GMVQ_CANDIDATE_ROSTER_NOT_VERIFIED/G12_PROJECT/G12_PROJECT_PURCHASE_GMVQ_MVQ_50_V1.00_DRAFT.md	876c461ec0c72b511b827e0bfc4f6cf4d8db80061d5e1816b0745d3ef404ad9e	876c461ec0c72b511b827e0bfc4f6cf4d8db80061d5e1816b0745d3ef404ad9e	50	MVQ FLOOR MET (mechanical grep count = 50, pattern '^QID:')	NOT AUDITED — no defect-queue artifact on file this session	NOT FROZEN — CANDIDATE / ROSTER NOT VERIFIED (Boss Decision 2026-09-27)	G-09 (roster HOLD), B-04	2026-09-27T13:16:25.182152	CANDIDATE — INGESTED, ROSTER NOT VERIFIED, NOT FOR DOWNSTREAM CONSUMPTION
G12	PROJECT_PURCHASE_STOCK	01_ACTIVE/ROOM_A_GMVQ_25TEAM_ACCELERATION_20260927_REV001/01_QUESTION_BANKS/G12_PROJECT/G12_PROJECT_PURCHASE_STOCK_GMVQ_MVQ_48_V1.00_DRAFT.md	99_SMEsPlus_Enterprise_Suite/01_Governance/COMMUNITY19/GMVQ_CANDIDATE_ROSTER_NOT_VERIFIED/G12_PROJECT/G12_PROJECT_PURCHASE_STOCK_GMVQ_MVQ_48_V1.00_DRAFT.md	7e8343f013c7d2173b2b0076c1f70ad35456e787d88cc61383562781811b1a13	7e8343f013c7d2173b2b0076c1f70ad35456e787d88cc61383562781811b1a13	48	MVQ FLOOR MET (mechanical grep count = 48, pattern '^QID:')	NOT AUDITED — no defect-queue artifact on file this session	NOT FROZEN — CANDIDATE / ROSTER NOT VERIFIED (Boss Decision 2026-09-27)	G-09 (roster HOLD), B-04	2026-09-27T13:16:25.944095	CANDIDATE — INGESTED, ROSTER NOT VERIFIED, NOT FOR DOWNSTREAM CONSUMPTION
G12	PROJECT_SALE_EXPENSE	01_ACTIVE/ROOM_A_GMVQ_25TEAM_ACCELERATION_20260927_REV001/01_QUESTION_BANKS/G12_PROJECT/G12_PROJECT_SALE_EXPENSE_GMVQ_MVQ_48_V1.00_DRAFT.md	99_SMEsPlus_Enterprise_Suite/01_Governance/COMMUNITY19/GMVQ_CANDIDATE_ROSTER_NOT_VERIFIED/G12_PROJECT/G12_PROJECT_SALE_EXPENSE_GMVQ_MVQ_48_V1.00_DRAFT.md	17d748c0365184e5152d55fe59d1564c18a7131122e9819c3ae6aafd8f5c3178	17d748c0365184e5152d55fe59d1564c18a7131122e9819c3ae6aafd8f5c3178	48	MVQ FLOOR MET (mechanical grep count = 48, pattern '^QID:')	NOT AUDITED — no defect-queue artifact on file this session	NOT FROZEN — CANDIDATE / ROSTER NOT VERIFIED (Boss Decision 2026-09-27)	G-09 (roster HOLD), B-04	2026-09-27T13:16:26.566002	CANDIDATE — INGESTED, ROSTER NOT VERIFIED, NOT FOR DOWNSTREAM CONSUMPTION
G12	PROJECT_SMS	01_ACTIVE/ROOM_A_GMVQ_25TEAM_ACCELERATION_20260927_REV001/01_QUESTION_BANKS/G12_PROJECT/G12_PROJECT_SMS_GMVQ_MVQ_48_V1.00_DRAFT.md	99_SMEsPlus_Enterprise_Suite/01_Governance/COMMUNITY19/GMVQ_CANDIDATE_ROSTER_NOT_VERIFIED/G12_PROJECT/G12_PROJECT_SMS_GMVQ_MVQ_48_V1.00_DRAFT.md	4f8299fdb7304406a6e5c375b146592dd2e029be986b57ce4644b51030f0b1ab	4f8299fdb7304406a6e5c375b146592dd2e029be986b57ce4644b51030f0b1ab	48	MVQ FLOOR MET (mechanical grep count = 48, pattern '^QID:')	NOT AUDITED — no defect-queue artifact on file this session	NOT FROZEN — CANDIDATE / ROSTER NOT VERIFIED (Boss Decision 2026-09-27)	G-09 (roster HOLD), B-04	2026-09-27T13:35:46.483672	CANDIDATE — INGESTED, ROSTER NOT VERIFIED, NOT FOR DOWNSTREAM CONSUMPTION
G12	PROJECT_STOCK_ACCOUNT	01_ACTIVE/ROOM_A_GMVQ_25TEAM_ACCELERATION_20260927_REV001/01_QUESTION_BANKS/G12_PROJECT/G12_PROJECT_STOCK_ACCOUNT_GMVQ_MVQ_29_V1.00_DRAFT.md	99_SMEsPlus_Enterprise_Suite/01_Governance/COMMUNITY19/GMVQ_CANDIDATE_ROSTER_NOT_VERIFIED/G12_PROJECT/G12_PROJECT_STOCK_ACCOUNT_GMVQ_MVQ_29_V1.00_DRAFT.md	300f8ab19cb8e8d6febb6a5d7ca4a75e52dbf99015be4e58e1e6368065488c6e	300f8ab19cb8e8d6febb6a5d7ca4a75e52dbf99015be4e58e1e6368065488c6e	29	BELOW FLOOR — mechanical count 29 < 48 (pattern '^QID:')	NOT AUDITED — no defect-queue artifact on file this session	NOT FROZEN — CANDIDATE / ROSTER NOT VERIFIED (Boss Decision 2026-09-27)	G-09 (roster HOLD), B-04	2026-09-27T13:12:33.257743	CANDIDATE — INGESTED, ROSTER NOT VERIFIED, NOT FOR DOWNSTREAM CONSUMPTION
G12	PROJECT_STOCK	01_ACTIVE/ROOM_A_GMVQ_25TEAM_ACCELERATION_20260927_REV001/01_QUESTION_BANKS/G12_PROJECT/G12_PROJECT_STOCK_GMVQ_MVQ_50_V1.00_DRAFT.md	99_SMEsPlus_Enterprise_Suite/01_Governance/COMMUNITY19/GMVQ_CANDIDATE_ROSTER_NOT_VERIFIED/G12_PROJECT/G12_PROJECT_STOCK_GMVQ_MVQ_50_V1.00_DRAFT.md	5cdd54e81b54a1278de74ee056e556c6b61ebe17a22f668655033d299fbba162	5cdd54e81b54a1278de74ee056e556c6b61ebe17a22f668655033d299fbba162	50	MVQ FLOOR MET (mechanical grep count = 50, pattern '^QID:')	NOT AUDITED — no defect-queue artifact on file this session	NOT FROZEN — CANDIDATE / ROSTER NOT VERIFIED (Boss Decision 2026-09-27)	G-09 (roster HOLD), B-04	2026-09-27T13:16:27.293350	CANDIDATE — INGESTED, ROSTER NOT VERIFIED, NOT FOR DOWNSTREAM CONSUMPTION
G12	PROJECT_STOCK_LANDED_COSTS	01_ACTIVE/ROOM_A_GMVQ_25TEAM_ACCELERATION_20260927_REV001/01_QUESTION_BANKS/G12_PROJECT/G12_PROJECT_STOCK_LANDED_COSTS_GMVQ_MVQ_22_V1.00_DRAFT.md	99_SMEsPlus_Enterprise_Suite/01_Governance/COMMUNITY19/GMVQ_CANDIDATE_ROSTER_NOT_VERIFIED/G12_PROJECT/G12_PROJECT_STOCK_LANDED_COSTS_GMVQ_MVQ_22_V1.00_DRAFT.md	bffbed45cb67eaff34047753e5cffbe1525c63056841712fd771ed85438ce3ab	bffbed45cb67eaff34047753e5cffbe1525c63056841712fd771ed85438ce3ab	22	BELOW FLOOR — mechanical count 22 < 48 (pattern '^QID:')	NOT AUDITED — no defect-queue artifact on file this session	NOT FROZEN — CANDIDATE / ROSTER NOT VERIFIED (Boss Decision 2026-09-27)	G-09 (roster HOLD), B-04	2026-09-27T13:12:33.847241	CANDIDATE — INGESTED, ROSTER NOT VERIFIED, NOT FOR DOWNSTREAM CONSUMPTION
G12	PROJECT_TIMESHEET_HOLIDAYS	01_ACTIVE/ROOM_A_GMVQ_25TEAM_ACCELERATION_20260927_REV001/01_QUESTION_BANKS/G12_PROJECT/G12_PROJECT_TIMESHEET_HOLIDAYS_GMVQ_MVQ_48_V1.00_DRAFT.md	99_SMEsPlus_Enterprise_Suite/01_Governance/COMMUNITY19/GMVQ_CANDIDATE_ROSTER_NOT_VERIFIED/G12_PROJECT/G12_PROJECT_TIMESHEET_HOLIDAYS_GMVQ_MVQ_48_V1.00_DRAFT.md	d766a355f88445811e33151b303312b01e73d09e3f842fd3718cccb2f6924062	d766a355f88445811e33151b303312b01e73d09e3f842fd3718cccb2f6924062	48	MVQ FLOOR MET (mechanical grep count = 48, pattern '^QID:')	NOT AUDITED — no defect-queue artifact on file this session	NOT FROZEN — CANDIDATE / ROSTER NOT VERIFIED (Boss Decision 2026-09-27)	G-09 (roster HOLD), B-04	2026-09-27T13:12:32.729920	CANDIDATE — INGESTED, ROSTER NOT VERIFIED, NOT FOR DOWNSTREAM CONSUMPTION
G12	PROJECT_TODO	01_ACTIVE/ROOM_A_GMVQ_25TEAM_ACCELERATION_20260927_REV001/01_QUESTION_BANKS/G12_PROJECT/G12_PROJECT_TODO_GMVQ_MVQ_48_V1.00_DRAFT.md	99_SMEsPlus_Enterprise_Suite/01_Governance/COMMUNITY19/GMVQ_CANDIDATE_ROSTER_NOT_VERIFIED/G12_PROJECT/G12_PROJECT_TODO_GMVQ_MVQ_48_V1.00_DRAFT.md	5990ca96bdce42f66c3d6948c3b69560302152252167e0467c5dab3e4a2720a5	5990ca96bdce42f66c3d6948c3b69560302152252167e0467c5dab3e4a2720a5	48	MVQ FLOOR MET (mechanical grep count = 48, pattern '^QID:')	NOT AUDITED — no defect-queue artifact on file this session	NOT FROZEN — CANDIDATE / ROSTER NOT VERIFIED (Boss Decision 2026-09-27)	G-09 (roster HOLD), B-04	2026-09-27T13:12:32.152253	CANDIDATE — INGESTED, ROSTER NOT VERIFIED, NOT FOR DOWNSTREAM CONSUMPTION
G15	BOARD	01_ACTIVE/ROOM_A_GMVQ_25TEAM_ACCELERATION_20260927_REV001/01_QUESTION_BANKS/G15_PRODUCTIVITY/G15_BOARD_GMVQ_MVQ_50_V1.00_DRAFT.md	99_SMEsPlus_Enterprise_Suite/01_Governance/COMMUNITY19/GMVQ_CANDIDATE_ROSTER_NOT_VERIFIED/G15_PRODUCTIVITY/G15_BOARD_GMVQ_MVQ_50_V1.00_DRAFT.md	1f4464187a4a9a62c766c083b468519cd282dd0e6c7e9dacf49428f06ac1dd44	1f4464187a4a9a62c766c083b468519cd282dd0e6c7e9dacf49428f06ac1dd44	50	MVQ FLOOR MET (mechanical grep count = 50, pattern '^QID:')	NOT AUDITED — no defect-queue artifact on file this session	NOT FROZEN — CANDIDATE / ROSTER NOT VERIFIED (Boss Decision 2026-09-27)	G-09 (roster HOLD), B-04	2026-09-27T13:18:55.355371	CANDIDATE — INGESTED, ROSTER NOT VERIFIED, NOT FOR DOWNSTREAM CONSUMPTION
G15	SPREADSHEET_DASHBOARD_ACCOUNT	01_ACTIVE/ROOM_A_GMVQ_25TEAM_ACCELERATION_20260927_REV001/01_QUESTION_BANKS/G15_PRODUCTIVITY/G15_SPREADSHEET_DASHBOARD_ACCOUNT_GMVQ_MVQ_48_V1.00_DRAFT.md	99_SMEsPlus_Enterprise_Suite/01_Governance/COMMUNITY19/GMVQ_CANDIDATE_ROSTER_NOT_VERIFIED/G15_PRODUCTIVITY/G15_SPREADSHEET_DASHBOARD_ACCOUNT_GMVQ_MVQ_48_V1.00_DRAFT.md	6c7ac67c19a542a593cf0d0b53725578ee06897f27804ac6fd4038b553be215e	6c7ac67c19a542a593cf0d0b53725578ee06897f27804ac6fd4038b553be215e	48	MVQ FLOOR MET (mechanical grep count = 48, pattern '^QID:')	NOT AUDITED — no defect-queue artifact on file this session	NOT FROZEN — CANDIDATE / ROSTER NOT VERIFIED (Boss Decision 2026-09-27)	G-09 (roster HOLD), B-04	2026-09-27T13:18:56.981779	CANDIDATE — INGESTED, ROSTER NOT VERIFIED, NOT FOR DOWNSTREAM CONSUMPTION
G15	SPREADSHEET_DASHBOARD_EVENT_SALE	01_ACTIVE/ROOM_A_GMVQ_25TEAM_ACCELERATION_20260927_REV001/01_QUESTION_BANKS/G15_PRODUCTIVITY/G15_SPREADSHEET_DASHBOARD_EVENT_SALE_GMVQ_MVQ_40_V1.00_DRAFT.md	99_SMEsPlus_Enterprise_Suite/01_Governance/COMMUNITY19/GMVQ_CANDIDATE_ROSTER_NOT_VERIFIED/G15_PRODUCTIVITY/G15_SPREADSHEET_DASHBOARD_EVENT_SALE_GMVQ_MVQ_40_V1.00_DRAFT.md	a35d5986e3dc2cfbbda5dea3f44787fb8a0d641a2bc05f4f89337a21f014eaa3	a35d5986e3dc2cfbbda5dea3f44787fb8a0d641a2bc05f4f89337a21f014eaa3	40	BELOW FLOOR — mechanical count 40 < 48 (pattern '^QID:')	NOT AUDITED — no defect-queue artifact on file this session	NOT FROZEN — CANDIDATE / ROSTER NOT VERIFIED (Boss Decision 2026-09-27)	G-09 (roster HOLD), B-04	2026-09-27T13:11:38.693167	CANDIDATE — INGESTED, ROSTER NOT VERIFIED, NOT FOR DOWNSTREAM CONSUMPTION
G15	SPREADSHEET_DASHBOARD	01_ACTIVE/ROOM_A_GMVQ_25TEAM_ACCELERATION_20260927_REV001/01_QUESTION_BANKS/G15_PRODUCTIVITY/G15_SPREADSHEET_DASHBOARD_GMVQ_MVQ_50_V1.00_DRAFT.md	99_SMEsPlus_Enterprise_Suite/01_Governance/COMMUNITY19/GMVQ_CANDIDATE_ROSTER_NOT_VERIFIED/G15_PRODUCTIVITY/G15_SPREADSHEET_DASHBOARD_GMVQ_MVQ_50_V1.00_DRAFT.md	05ac78e3bd0f58283784d8ee68843db91f1a1e926632e19bc32a5da872f73f08	05ac78e3bd0f58283784d8ee68843db91f1a1e926632e19bc32a5da872f73f08	50	MVQ FLOOR MET (mechanical grep count = 50, pattern '^QID:')	NOT AUDITED — no defect-queue artifact on file this session	NOT FROZEN — CANDIDATE / ROSTER NOT VERIFIED (Boss Decision 2026-09-27)	G-09 (roster HOLD), B-04	2026-09-27T13:18:56.415991	CANDIDATE — INGESTED, ROSTER NOT VERIFIED, NOT FOR DOWNSTREAM CONSUMPTION
G15	SPREADSHEET_DASHBOARD_HR_EXPENSE	01_ACTIVE/ROOM_A_GMVQ_25TEAM_ACCELERATION_20260927_REV001/01_QUESTION_BANKS/G15_PRODUCTIVITY/G15_SPREADSHEET_DASHBOARD_HR_EXPENSE_GMVQ_MVQ_50_V1.00_DRAFT.md	99_SMEsPlus_Enterprise_Suite/01_Governance/COMMUNITY19/GMVQ_CANDIDATE_ROSTER_NOT_VERIFIED/G15_PRODUCTIVITY/G15_SPREADSHEET_DASHBOARD_HR_EXPENSE_GMVQ_MVQ_50_V1.00_DRAFT.md	0e7d20afcaed9cd75563364f0d5a053096a6a678a4317d7365539dcee175cf99	0e7d20afcaed9cd75563364f0d5a053096a6a678a4317d7365539dcee175cf99	50	MVQ FLOOR MET (mechanical grep count = 50, pattern '^QID:')	NOT AUDITED — no defect-queue artifact on file this session	NOT FROZEN — CANDIDATE / ROSTER NOT VERIFIED (Boss Decision 2026-09-27)	G-09 (roster HOLD), B-04	2026-09-27T13:10:13.190627	CANDIDATE — INGESTED, ROSTER NOT VERIFIED, NOT FOR DOWNSTREAM CONSUMPTION
G15	SPREADSHEET_DASHBOARD_HR_TIMESHEET	01_ACTIVE/ROOM_A_GMVQ_25TEAM_ACCELERATION_20260927_REV001/01_QUESTION_BANKS/G15_PRODUCTIVITY/G15_SPREADSHEET_DASHBOARD_HR_TIMESHEET_GMVQ_MVQ_50_V1.00_DRAFT.md	99_SMEsPlus_Enterprise_Suite/01_Governance/COMMUNITY19/GMVQ_CANDIDATE_ROSTER_NOT_VERIFIED/G15_PRODUCTIVITY/G15_SPREADSHEET_DASHBOARD_HR_TIMESHEET_GMVQ_MVQ_50_V1.00_DRAFT.md	1d0bddcfb36354cb705af610fd0bb1170ece81d6f18b526180ca78568f2115a6	1d0bddcfb36354cb705af610fd0bb1170ece81d6f18b526180ca78568f2115a6	50	MVQ FLOOR MET (mechanical grep count = 50, pattern '^QID:')	NOT AUDITED — no defect-queue artifact on file this session	NOT FROZEN — CANDIDATE / ROSTER NOT VERIFIED (Boss Decision 2026-09-27)	G-09 (roster HOLD), B-04	2026-09-27T13:15:48.537126	CANDIDATE — INGESTED, ROSTER NOT VERIFIED, NOT FOR DOWNSTREAM CONSUMPTION
G15	SPREADSHEET_DASHBOARD_IM_LIVECHAT	01_ACTIVE/ROOM_A_GMVQ_25TEAM_ACCELERATION_20260927_REV001/01_QUESTION_BANKS/G15_PRODUCTIVITY/G15_SPREADSHEET_DASHBOARD_IM_LIVECHAT_GMVQ_MVQ_50_V1.00_DRAFT.md	99_SMEsPlus_Enterprise_Suite/01_Governance/COMMUNITY19/GMVQ_CANDIDATE_ROSTER_NOT_VERIFIED/G15_PRODUCTIVITY/G15_SPREADSHEET_DASHBOARD_IM_LIVECHAT_GMVQ_MVQ_50_V1.00_DRAFT.md	a58f2ab7038c9dfe046d5e86059b8dc85732fed70274eb3c11fa2e91f54abd35	a58f2ab7038c9dfe046d5e86059b8dc85732fed70274eb3c11fa2e91f54abd35	50	MVQ FLOOR MET (mechanical grep count = 50, pattern '^QID:')	NOT AUDITED — no defect-queue artifact on file this session	NOT FROZEN — CANDIDATE / ROSTER NOT VERIFIED (Boss Decision 2026-09-27)	G-09 (roster HOLD), B-04	2026-09-27T13:21:17.657184	CANDIDATE — INGESTED, ROSTER NOT VERIFIED, NOT FOR DOWNSTREAM CONSUMPTION
G15	SPREADSHEET_DASHBOARD_SALE	01_ACTIVE/ROOM_A_GMVQ_25TEAM_ACCELERATION_20260927_REV001/01_QUESTION_BANKS/G15_PRODUCTIVITY/G15_SPREADSHEET_DASHBOARD_SALE_GMVQ_MVQ_50_V1.00_DRAFT.md	99_SMEsPlus_Enterprise_Suite/01_Governance/COMMUNITY19/GMVQ_CANDIDATE_ROSTER_NOT_VERIFIED/G15_PRODUCTIVITY/G15_SPREADSHEET_DASHBOARD_SALE_GMVQ_MVQ_50_V1.00_DRAFT.md	9722c99b3792910622573eee8f6371875474928f1e88e517440f735bf8f327cd	9722c99b3792910622573eee8f6371875474928f1e88e517440f735bf8f327cd	50	MVQ FLOOR MET (mechanical grep count = 50, pattern '^QID:')	NOT AUDITED — no defect-queue artifact on file this session	NOT FROZEN — CANDIDATE / ROSTER NOT VERIFIED (Boss Decision 2026-09-27)	G-09 (roster HOLD), B-04	2026-09-27T13:26:43.837185	CANDIDATE — INGESTED, ROSTER NOT VERIFIED, NOT FOR DOWNSTREAM CONSUMPTION
G15	SPREADSHEET_DASHBOARD_SALE_TIMESHEET	01_ACTIVE/ROOM_A_GMVQ_25TEAM_ACCELERATION_20260927_REV001/01_QUESTION_BANKS/G15_PRODUCTIVITY/G15_SPREADSHEET_DASHBOARD_SALE_TIMESHEET_GMVQ_MVQ_40_V1.00_DRAFT.md	99_SMEsPlus_Enterprise_Suite/01_Governance/COMMUNITY19/GMVQ_CANDIDATE_ROSTER_NOT_VERIFIED/G15_PRODUCTIVITY/G15_SPREADSHEET_DASHBOARD_SALE_TIMESHEET_GMVQ_MVQ_40_V1.00_DRAFT.md	7323d0b83e3e5c44f3d0d00635f0d45552a1ece3032a2dedd4103b5bff0279d0	7323d0b83e3e5c44f3d0d00635f0d45552a1ece3032a2dedd4103b5bff0279d0	40	BELOW FLOOR — mechanical count 40 < 48 (pattern '^QID:')	NOT AUDITED — no defect-queue artifact on file this session	NOT FROZEN — CANDIDATE / ROSTER NOT VERIFIED (Boss Decision 2026-09-27)	G-09 (roster HOLD), B-04	2026-09-27T13:11:39.780518	CANDIDATE — INGESTED, ROSTER NOT VERIFIED, NOT FOR DOWNSTREAM CONSUMPTION
G15	SPREADSHEET_DASHBOARD_STOCK_ACCOUNT	01_ACTIVE/ROOM_A_GMVQ_25TEAM_ACCELERATION_20260927_REV001/01_QUESTION_BANKS/G15_PRODUCTIVITY/G15_SPREADSHEET_DASHBOARD_STOCK_ACCOUNT_GMVQ_MVQ_48_V1.00_DRAFT.md	99_SMEsPlus_Enterprise_Suite/01_Governance/COMMUNITY19/GMVQ_CANDIDATE_ROSTER_NOT_VERIFIED/G15_PRODUCTIVITY/G15_SPREADSHEET_DASHBOARD_STOCK_ACCOUNT_GMVQ_MVQ_48_V1.00_DRAFT.md	40b33519dbbc2ddfb2ae19ad88b5be09d57804ea4714a3881759ee1d789f2fa9	40b33519dbbc2ddfb2ae19ad88b5be09d57804ea4714a3881759ee1d789f2fa9	48	MVQ FLOOR MET (mechanical grep count = 48, pattern '^QID:')	NOT AUDITED — no defect-queue artifact on file this session	NOT FROZEN — CANDIDATE / ROSTER NOT VERIFIED (Boss Decision 2026-09-27)	G-09 (roster HOLD), B-04	2026-09-27T13:11:40.288614	CANDIDATE — INGESTED, ROSTER NOT VERIFIED, NOT FOR DOWNSTREAM CONSUMPTION
G15	SPREADSHEET	01_ACTIVE/ROOM_A_GMVQ_25TEAM_ACCELERATION_20260927_REV001/01_QUESTION_BANKS/G15_PRODUCTIVITY/G15_SPREADSHEET_GMVQ_MVQ_50_V1.00_DRAFT.md	99_SMEsPlus_Enterprise_Suite/01_Governance/COMMUNITY19/GMVQ_CANDIDATE_ROSTER_NOT_VERIFIED/G15_PRODUCTIVITY/G15_SPREADSHEET_GMVQ_MVQ_50_V1.00_DRAFT.md	9f2451a0583e0a810cc69cef7a7ac9174dc8672bd4a8e3d9b2f5cc90c1ae6874	9f2451a0583e0a810cc69cef7a7ac9174dc8672bd4a8e3d9b2f5cc90c1ae6874	50	MVQ FLOOR MET (mechanical grep count = 50, pattern '^QID:')	NOT AUDITED — no defect-queue artifact on file this session	NOT FROZEN — CANDIDATE / ROSTER NOT VERIFIED (Boss Decision 2026-09-27)	G-09 (roster HOLD), B-04	2026-09-27T13:18:55.885420	CANDIDATE — INGESTED, ROSTER NOT VERIFIED, NOT FOR DOWNSTREAM CONSUMPTION
SUPPORT	N/A (register/support artifact)	01_ACTIVE/ROOM_A_GMVQ_25TEAM_ACCELERATION_20260927_REV001/02_REGISTERS/31_ROSTER_RECONCILIATION_LANE_A_G02_G03_G04_G06_G07_G11_SMEPLUS-26-09-27.md	99_SMEsPlus_Enterprise_Suite/01_Governance/COMMUNITY19/GMVQ_CANDIDATE_ROSTER_NOT_VERIFIED/00_REGISTERS_AND_AUDIT/31_ROSTER_RECONCILIATION_LANE_A_G02_G03_G04_G06_G07_G11_SMEPLUS-26-09-27.md	c6fe18154b0bc06adbb658f2a2811d14e6e68ba4ebb996840108ecb1af0a688b	c6fe18154b0bc06adbb658f2a2811d14e6e68ba4ebb996840108ecb1af0a688b	N/A	N/A	N/A (support artifact)	NOT FROZEN — CANDIDATE / ROSTER NOT VERIFIED (Boss Decision 2026-09-27)	G-09 (roster HOLD)	2026-09-27T14:43:43.175004	CANDIDATE — INGESTED, ROSTER NOT VERIFIED, NOT FOR DOWNSTREAM CONSUMPTION
SUPPORT	N/A (register/support artifact)	01_ACTIVE/ROOM_A_GMVQ_25TEAM_ACCELERATION_20260927_REV001/02_REGISTERS/G05_G06_INDEP_AUDIT_DEFECT_QUEUE.tsv	99_SMEsPlus_Enterprise_Suite/01_Governance/COMMUNITY19/GMVQ_CANDIDATE_ROSTER_NOT_VERIFIED/00_REGISTERS_AND_AUDIT/G05_G06_INDEP_AUDIT_DEFECT_QUEUE.tsv	ddf6255b9182340b935fcb30c8757778e9b1850a9f45d52f69c5b2d1b3dac6c5	ddf6255b9182340b935fcb30c8757778e9b1850a9f45d52f69c5b2d1b3dac6c5	N/A	N/A	N/A (support artifact)	NOT FROZEN — CANDIDATE / ROSTER NOT VERIFIED (Boss Decision 2026-09-27)	G-09 (roster HOLD)	2026-09-27T13:09:13.232320	CANDIDATE — INGESTED, ROSTER NOT VERIFIED, NOT FOR DOWNSTREAM CONSUMPTION
SUPPORT	N/A (register/support artifact)	01_ACTIVE/ROOM_A_GMVQ_25TEAM_ACCELERATION_20260927_REV001/02_REGISTERS/G07_G08_INDEP_AUDIT_DEFECT_QUEUE.tsv	99_SMEsPlus_Enterprise_Suite/01_Governance/COMMUNITY19/GMVQ_CANDIDATE_ROSTER_NOT_VERIFIED/00_REGISTERS_AND_AUDIT/G07_G08_INDEP_AUDIT_DEFECT_QUEUE.tsv	67c976dcad524380b6bc5c21408e109f8a74f52a63b676de4682ce8a15819c7a	67c976dcad524380b6bc5c21408e109f8a74f52a63b676de4682ce8a15819c7a	N/A	N/A	N/A (support artifact)	NOT FROZEN — CANDIDATE / ROSTER NOT VERIFIED (Boss Decision 2026-09-27)	G-09 (roster HOLD)	2026-09-27T13:11:12.982836	CANDIDATE — INGESTED, ROSTER NOT VERIFIED, NOT FOR DOWNSTREAM CONSUMPTION
SUPPORT	N/A (register/support artifact)	01_ACTIVE/ROOM_A_GMVQ_25TEAM_ACCELERATION_20260927_REV001/02_REGISTERS/G09_G11_INDEP_AUDIT_DEFECT_QUEUE.tsv	99_SMEsPlus_Enterprise_Suite/01_Governance/COMMUNITY19/GMVQ_CANDIDATE_ROSTER_NOT_VERIFIED/00_REGISTERS_AND_AUDIT/G09_G11_INDEP_AUDIT_DEFECT_QUEUE.tsv	c402ca4f9312ce39ae39eeb0b263533a34dd084a0949323eacf464c85c6d3dcd	c402ca4f9312ce39ae39eeb0b263533a34dd084a0949323eacf464c85c6d3dcd	N/A	N/A	N/A (support artifact)	NOT FROZEN — CANDIDATE / ROSTER NOT VERIFIED (Boss Decision 2026-09-27)	G-09 (roster HOLD)	2026-09-27T13:05:19.023854	CANDIDATE — INGESTED, ROSTER NOT VERIFIED, NOT FOR DOWNSTREAM CONSUMPTION
SUPPORT	N/A (register/support artifact)	01_ACTIVE/ROOM_A_GMVQ_25TEAM_ACCELERATION_20260927_REV001/02_REGISTERS/G09_G11_INDEP_AUDIT_RECORD.md	99_SMEsPlus_Enterprise_Suite/01_Governance/COMMUNITY19/GMVQ_CANDIDATE_ROSTER_NOT_VERIFIED/00_REGISTERS_AND_AUDIT/G09_G11_INDEP_AUDIT_RECORD.md	2a70469f90ad7e981ced19daa3401fb9e86ef3db9e02e04478dfe93a1b3441d3	2a70469f90ad7e981ced19daa3401fb9e86ef3db9e02e04478dfe93a1b3441d3	N/A	N/A	N/A (support artifact)	NOT FROZEN — CANDIDATE / ROSTER NOT VERIFIED (Boss Decision 2026-09-27)	G-09 (roster HOLD)	2026-09-27T13:05:56.961541	CANDIDATE — INGESTED, ROSTER NOT VERIFIED, NOT FOR DOWNSTREAM CONSUMPTION
SUPPORT	N/A (register/support artifact)	01_ACTIVE/ROOM_A_GMVQ_25TEAM_ACCELERATION_20260927_REV001/00_CONTROL/GROUP_BRIEF_G12_PROJECT.md	99_SMEsPlus_Enterprise_Suite/01_Governance/COMMUNITY19/GMVQ_CANDIDATE_ROSTER_NOT_VERIFIED/00_REGISTERS_AND_AUDIT/GROUP_BRIEF_G12_PROJECT.md	c1d8600f3a0edf54db42f9c2969b4849e91ad161473e53d713083505701026a7	c1d8600f3a0edf54db42f9c2969b4849e91ad161473e53d713083505701026a7	N/A	N/A	N/A (support artifact)	NOT FROZEN — CANDIDATE / ROSTER NOT VERIFIED (Boss Decision 2026-09-27)	G-09 (roster HOLD)	2026-09-27T12:56:59.790338	CANDIDATE — INGESTED, ROSTER NOT VERIFIED, NOT FOR DOWNSTREAM CONSUMPTION
SUPPORT	N/A (register/support artifact)	01_ACTIVE/ROOM_A_GMVQ_25TEAM_ACCELERATION_20260927_REV001/00_CONTROL/GROUP_BRIEF_G15_PRODUCTIVITY.md	99_SMEsPlus_Enterprise_Suite/01_Governance/COMMUNITY19/GMVQ_CANDIDATE_ROSTER_NOT_VERIFIED/00_REGISTERS_AND_AUDIT/GROUP_BRIEF_G15_PRODUCTIVITY.md	8871cd588844d3f6397a86d2cd5b35d3bf38f76f38965f18514734de85189dcc	8871cd588844d3f6397a86d2cd5b35d3bf38f76f38965f18514734de85189dcc	N/A	N/A	N/A (support artifact)	NOT FROZEN — CANDIDATE / ROSTER NOT VERIFIED (Boss Decision 2026-09-27)	G-09 (roster HOLD)	2026-09-27T12:56:59.791746	CANDIDATE — INGESTED, ROSTER NOT VERIFIED, NOT FOR DOWNSTREAM CONSUMPTION
