module	primary_gxx	secondary_gxx	gxx_confidence	source_origin	existing_u_unit	handoff_packet	verification_status	scope_classification	required_next_unit
account	G04	G10	INFERRED — NOT CANONICAL	Module name pattern: account core/base	U11	U11_PACKET	MECHANICAL_ONLY	GENERIC	P1_DEPTH_STUDY
account_add_gln	G04	G10	INFERRED — NOT CANONICAL	Module name pattern: account core/base	U34	U34_PACKET	MECHANICAL_ONLY	GENERIC	P1_DEPTH_STUDY
account_check_printing	G10	G04	INFERRED — NOT CANONICAL	Module name pattern: account_* process extensions	U12	U12_PACKET	MECHANICAL_ONLY	GENERIC	—
account_debit_note	G04	G10	INFERRED — NOT CANONICAL	Module name pattern: account core/base	U30	U30_PACKET	MECHANICAL_ONLY	GENERIC	—
account_edi	G10	G04	INFERRED — NOT CANONICAL	Module name pattern: account_* process extensions	U34	U34_PACKET	MECHANICAL_ONLY	GENERIC	—
account_edi_proxy_client	G10	G04	INFERRED — NOT CANONICAL	Module name pattern: account_* process extensions	U22	U22_PACKET	MECHANICAL_ONLY	GENERIC	—
account_edi_ubl_cii	G10	G04	INFERRED — NOT CANONICAL	Module name pattern: account_* process extensions	U27	U27_PACKET	CLAUDE_VERIFIED	GENERIC	—
account_fleet	G10	G04	INFERRED — NOT CANONICAL	Module name pattern: account_* process extensions	U47	U47_PACKET	GATE_PASS_ONLY	GENERIC	P2_SEMANTIC_REVIEW
account_payment	G10	G04	INFERRED — NOT CANONICAL	Module name pattern: account_* process extensions	U12	U12_PACKET	MECHANICAL_ONLY	GENERIC	—
account_payment_interco	G10	G04	INFERRED — NOT CANONICAL	Module name pattern: account_* process extensions	U28	U28_PACKET	CLAUDE_VERIFIED	GENERIC	—
account_peppol	G10	G04	INFERRED — NOT CANONICAL	Module name pattern: account_* process extensions	U68	U68_PACKET	GATE_PASS_ONLY	GENERIC	P2_SEMANTIC_REVIEW
account_peppol_advanced_fields	G10	G04	INFERRED — NOT CANONICAL	Module name pattern: account_* process extensions	U22	U22_PACKET	MECHANICAL_ONLY	GENERIC	P1_DEPTH_STUDY
account_peppol_response	G10	G04	INFERRED — NOT CANONICAL	Module name pattern: account_* process extensions	U62	U62_PACKET	GATE_PASS_ONLY	GENERIC	P2_SEMANTIC_REVIEW
account_qr_code_emv	G10	G04	INFERRED — NOT CANONICAL	Module name pattern: account_* process extensions	U24	U24_PACKET	CLAUDE_VERIFIED	GENERIC	—
account_qr_code_sepa	G10	G04	INFERRED — NOT CANONICAL	Module name pattern: account_* process extensions	U24	U24_PACKET	CLAUDE_VERIFIED	GENERIC	—
account_tax_python	G04	G10	INFERRED — NOT CANONICAL	Module name pattern: account core/base	U30	U30_PACKET	MECHANICAL_ONLY	GENERIC	—
account_test	G04	G10	INFERRED — NOT CANONICAL	Module name pattern: account core/base	U30	U30_PACKET	MECHANICAL_ONLY	GENERIC	—
account_update_tax_tags	G04	G10	INFERRED — NOT CANONICAL	Module name pattern: account core/base	U31	U31_PACKET	MECHANICAL_ONLY	GENERIC	—
analytic	G03	—	CONFIRMED	GROUP_STRUCTURE_V2_CORE_CANDIDATE_20260928.tsv	U02	U02_PACKET	MECHANICAL_ONLY	GENERIC	—
api_doc	G16	—	INFERRED — NOT CANONICAL	Module name pattern: api_doc/cloud/iap/barcodes → technical integration	U22	U22_PACKET	MECHANICAL_ONLY	GENERIC	—
attachment_indexation	G16	—	INFERRED — NOT CANONICAL	Module name pattern: api_doc/cloud/iap/barcodes → technical integration	U47	U47_PACKET	GATE_PASS_ONLY	GENERIC	P2_SEMANTIC_REVIEW
auth_ldap	G02	—	INFERRED — NOT CANONICAL	Module name pattern: auth_* identity/access	U23	U23_PACKET	MECHANICAL_ONLY	GENERIC	—
auth_oauth	G02	—	INFERRED — NOT CANONICAL	Module name pattern: auth_* identity/access	U23	U23_PACKET	MECHANICAL_ONLY	GENERIC	—
auth_passkey	G02	—	INFERRED — NOT CANONICAL	Module name pattern: auth_* identity/access	U23	U23_PACKET	MECHANICAL_ONLY	GENERIC	P1_DEPTH_STUDY
auth_passkey_portal	G02	—	INFERRED — NOT CANONICAL	Module name pattern: auth_* identity/access	U23	U23_PACKET	MECHANICAL_ONLY	GENERIC	P1_DEPTH_STUDY
auth_password_policy	G02	—	INFERRED — NOT CANONICAL	Module name pattern: auth_* identity/access	U49	U49_PACKET	GATE_PASS_ONLY	GENERIC	P2_SEMANTIC_REVIEW
auth_password_policy_portal	G02	—	INFERRED — NOT CANONICAL	Module name pattern: auth_* identity/access	U49	U49_PACKET	GATE_PASS_ONLY	GENERIC	P2_SEMANTIC_REVIEW
auth_password_policy_signup	G02	—	INFERRED — NOT CANONICAL	Module name pattern: auth_* identity/access	U49	U49_PACKET	GATE_PASS_ONLY	GENERIC	P2_SEMANTIC_REVIEW
auth_signup	G01	—	CONFIRMED	GROUP_STRUCTURE_V2_CORE_CANDIDATE_20260928.tsv	U35	U35_PACKET	MECHANICAL_ONLY	GENERIC	—
auth_timeout	G02	—	INFERRED — NOT CANONICAL	Module name pattern: auth_* identity/access	U49	U49_PACKET	GATE_PASS_ONLY	GENERIC	P2_SEMANTIC_REVIEW
auth_totp	G02	—	INFERRED — NOT CANONICAL	Module name pattern: auth_* identity/access	U49	U49_PACKET	GATE_PASS_ONLY	GENERIC	P2_SEMANTIC_REVIEW
auth_totp_mail	G02	—	INFERRED — NOT CANONICAL	Module name pattern: auth_* identity/access	U49	U49_PACKET	GATE_PASS_ONLY	GENERIC	P2_SEMANTIC_REVIEW
auth_totp_portal	G02	—	INFERRED — NOT CANONICAL	Module name pattern: auth_* identity/access	U49	U49_PACKET	GATE_PASS_ONLY	GENERIC	P2_SEMANTIC_REVIEW
barcodes	G16	—	INFERRED — NOT CANONICAL	Module name pattern: api_doc/cloud/iap/barcodes → technical integration	U21	U21_PACKET	MECHANICAL_ONLY	GENERIC	—
barcodes_gs1_nomenclature	G16	—	INFERRED — NOT CANONICAL	Module name pattern: api_doc/cloud/iap/barcodes → technical integration	U35	U35_PACKET	MECHANICAL_ONLY	GENERIC	—
base	G01	—	CONFIRMED	GROUP_STRUCTURE_V2_CORE_CANDIDATE_20260928.tsv	U01	U01_PACKET	MECHANICAL_ONLY	GENERIC	P1_DEPTH_STUDY
base_address_extended	GXX MAPPING REQUIRED	—	UNKNOWN — NOT IN ANY LOOKUP	No pattern match	U50	U50_PACKET	GATE_PASS_ONLY	GENERIC	P2_SEMANTIC_REVIEW
base_automation	G01	—	CONFIRMED	GROUP_STRUCTURE_V2_CORE_CANDIDATE_20260928.tsv	U36	U36_PACKET	MECHANICAL_ONLY	GENERIC	—
base_geolocalize	G16	—	INFERRED — NOT CANONICAL	Module name pattern: api_doc/cloud/iap/barcodes → technical integration	U36	U36_PACKET	MECHANICAL_ONLY	GENERIC	—
base_iban	G04	G10	INFERRED — NOT CANONICAL	Module name pattern: account core/base	U25	U25_PACKET	CLAUDE_VERIFIED	GENERIC	—
base_import	G16	—	INFERRED — NOT CANONICAL	Module name pattern: api_doc/cloud/iap/barcodes → technical integration	U36	U36_PACKET	MECHANICAL_ONLY	GENERIC	—
base_import_module	G16	—	INFERRED — NOT CANONICAL	Module name pattern: api_doc/cloud/iap/barcodes → technical integration	U36	U36_PACKET	MECHANICAL_ONLY	GENERIC	—
base_install_request	G16	—	INFERRED — NOT CANONICAL	Module name pattern: api_doc/cloud/iap/barcodes → technical integration	U36	U36_PACKET	MECHANICAL_ONLY	GENERIC	—
base_setup	G01	—	CONFIRMED	GROUP_STRUCTURE_V2_CORE_CANDIDATE_20260928.tsv	U35	U35_PACKET	MECHANICAL_ONLY	GENERIC	—
base_sparse_field	G01	—	CONFIRMED	GROUP_STRUCTURE_V2_CORE_CANDIDATE_20260928.tsv	U01	U01_PACKET	MECHANICAL_ONLY	GENERIC	—
base_vat	G04	G10	INFERRED — NOT CANONICAL	Module name pattern: account core/base	U25	U25_PACKET	CLAUDE_VERIFIED	GENERIC	—
board	G15	—	INFERRED — NOT CANONICAL	Module name pattern: spreadsheet_*/board → dashboard/report	U50	U50_PACKET	GATE_PASS_ONLY	GENERIC	P2_SEMANTIC_REVIEW
bus	G01	—	CONFIRMED	GROUP_STRUCTURE_V2_CORE_CANDIDATE_20260928.tsv	U37	U37_PACKET	MECHANICAL_ONLY	GENERIC	—
calendar	G14	—	INFERRED — NOT CANONICAL	Module name pattern: calendar/mail_*/microsoft_*/sms → collaboration	U17	U17_PACKET	MECHANICAL_ONLY	GENERIC	—
calendar_sms	G14	—	INFERRED — NOT CANONICAL	Module name pattern: calendar/mail_*/microsoft_*/sms → collaboration	U17	U17_PACKET	MECHANICAL_ONLY	GENERIC	—
certificate	G16	—	INFERRED — NOT CANONICAL	Module name pattern: api_doc/cloud/iap/barcodes → technical integration	U59	U59_PACKET	GATE_PASS_ONLY	GENERIC	P2_SEMANTIC_REVIEW
cloud_storage	G16	—	INFERRED — NOT CANONICAL	Module name pattern: api_doc/cloud/iap/barcodes → technical integration	U37	U37_PACKET	MECHANICAL_ONLY	GENERIC	—
cloud_storage_azure	G16	—	INFERRED — NOT CANONICAL	Module name pattern: api_doc/cloud/iap/barcodes → technical integration	U37	U37_PACKET	MECHANICAL_ONLY	GENERIC	—
cloud_storage_google	G16	—	INFERRED — NOT CANONICAL	Module name pattern: api_doc/cloud/iap/barcodes → technical integration	U37	U37_PACKET	MECHANICAL_ONLY	GENERIC	—
cloud_storage_migration	G16	—	INFERRED — NOT CANONICAL	Module name pattern: api_doc/cloud/iap/barcodes → technical integration	U37	U37_PACKET	MECHANICAL_ONLY	GENERIC	—
contacts	G03	—	INFERRED — NOT CANONICAL	Module name pattern: product/partner/rating → master data	U50	U50_PACKET	GATE_PASS_ONLY	GENERIC	P2_SEMANTIC_REVIEW
crm	G09	—	CONFIRMED	GROUP_STRUCTURE_V2_CORE_CANDIDATE_20260928.tsv	U18	U18_PACKET	MECHANICAL_ONLY	GENERIC	—
crm_iap_enrich	G09	—	INFERRED — NOT CANONICAL	Module name pattern: crm_*/iap → CRM	U51	U51_PACKET	GATE_PASS_ONLY	GENERIC	P2_SEMANTIC_REVIEW
crm_iap_mine	G09	—	INFERRED — NOT CANONICAL	Module name pattern: crm_*/iap → CRM	U51	U51_PACKET	GATE_PASS_ONLY	GENERIC	P2_SEMANTIC_REVIEW
crm_livechat	G09	—	INFERRED — NOT CANONICAL	Module name pattern: crm_*/iap → CRM	U51	U51_PACKET	GATE_PASS_ONLY	GENERIC	P2_SEMANTIC_REVIEW
crm_mail_plugin	G09	—	INFERRED — NOT CANONICAL	Module name pattern: crm_*/iap → CRM	U51	U51_PACKET	GATE_PASS_ONLY	GENERIC	P2_SEMANTIC_REVIEW
crm_sms	G09	—	INFERRED — NOT CANONICAL	Module name pattern: crm_*/iap → CRM	U51	U51_PACKET	GATE_PASS_ONLY	GENERIC	P2_SEMANTIC_REVIEW
data_recycle	G05	—	INFERRED — NOT CANONICAL	Module name pattern: stock_*/delivery → inventory	U57	U57_PACKET	GATE_PASS_ONLY	GENERIC	P2_SEMANTIC_REVIEW
delivery	G05	—	INFERRED — NOT CANONICAL	Module name pattern: stock_*/delivery → inventory	U08	U08_PACKET	MECHANICAL_ONLY	GENERIC	—
delivery_mondialrelay	G05	—	INFERRED — NOT CANONICAL	Module name pattern: stock_*/delivery → inventory	U08	U08_PACKET	MECHANICAL_ONLY	GENERIC	—
delivery_stock_picking_batch	G05	—	INFERRED — NOT CANONICAL	Module name pattern: stock_*/delivery → inventory	U57	U57_PACKET	GATE_PASS_ONLY	GENERIC	P2_SEMANTIC_REVIEW
digest	G01	—	CONFIRMED	GROUP_STRUCTURE_V2_CORE_CANDIDATE_20260928.tsv	U01	U01_PACKET	MECHANICAL_ONLY	GENERIC	—
event	G11	—	DERIVED — CANDIDATE NOT CONFIRMED	G09_G12 checkpoint reconstruction; event*(8) family; OVQDT hold	U18	U18_PACKET	MECHANICAL_ONLY	GENERIC	—
event_booth	G11	—	DERIVED — CANDIDATE NOT CONFIRMED	G09_G12 checkpoint reconstruction; event*(8) family; OVQDT hold	U18	U18_PACKET	MECHANICAL_ONLY	GENERIC	P1_DEPTH_STUDY
event_booth_sale	G11	—	DERIVED — CANDIDATE NOT CONFIRMED	G09_G12 checkpoint reconstruction; event*(8) family; OVQDT hold	U18	U18_PACKET	MECHANICAL_ONLY	GENERIC	—
event_crm	G11	—	DERIVED — CANDIDATE NOT CONFIRMED	G09_G12 checkpoint reconstruction; event*(8) family; OVQDT hold	U18	U18_PACKET	MECHANICAL_ONLY	GENERIC	—
event_crm_sale	G11	—	DERIVED — CANDIDATE NOT CONFIRMED	G09_G12 checkpoint reconstruction; event*(8) family; OVQDT hold	U18	U18_PACKET	MECHANICAL_ONLY	GENERIC	P1_DEPTH_STUDY
event_product	G11	—	DERIVED — CANDIDATE NOT CONFIRMED	G09_G12 checkpoint reconstruction; event*(8) family; OVQDT hold	U18	U18_PACKET	MECHANICAL_ONLY	GENERIC	P1_DEPTH_STUDY
event_sale	G11	—	DERIVED — CANDIDATE NOT CONFIRMED	G09_G12 checkpoint reconstruction; event*(8) family; OVQDT hold	U18	U18_PACKET	MECHANICAL_ONLY	GENERIC	—
event_sms	G11	—	DERIVED — CANDIDATE NOT CONFIRMED	G09_G12 checkpoint reconstruction; event*(8) family; OVQDT hold	U18	U18_PACKET	MECHANICAL_ONLY	GENERIC	P1_DEPTH_STUDY
fleet	G13	—	INFERRED — NOT CANONICAL	Module name pattern: hr_*/fleet/lunch → people/HR	U38	U38_PACKET	MECHANICAL_ONLY	GENERIC	—
gamification	G09	—	INFERRED — NOT CANONICAL	Module name pattern: crm_*/iap → CRM	U38	U38_PACKET	MECHANICAL_ONLY	GENERIC	—
gamification_sale_crm	G08	—	INFERRED — NOT CANONICAL	Module name pattern: sale_* → sales	U38	U38_PACKET	MECHANICAL_ONLY	GENERIC	P1_DEPTH_STUDY
google_account	G16	—	INFERRED — NOT CANONICAL	Module name pattern: api_doc/cloud/iap/barcodes → technical integration	U37	U37_PACKET	MECHANICAL_ONLY	GENERIC	—
google_address_autocomplete	G16	—	INFERRED — NOT CANONICAL	Module name pattern: api_doc/cloud/iap/barcodes → technical integration	U37	U37_PACKET	MECHANICAL_ONLY	GENERIC	—
google_calendar	G14	—	INFERRED — NOT CANONICAL	Module name pattern: calendar/mail_*/microsoft_*/sms → collaboration	U38	U38_PACKET	MECHANICAL_ONLY	GENERIC	—
google_gmail	G14	—	INFERRED — NOT CANONICAL	Module name pattern: calendar/mail_*/microsoft_*/sms → collaboration	U38	U38_PACKET	MECHANICAL_ONLY	GENERIC	—
google_recaptcha	G01	—	CONFIRMED	GROUP_STRUCTURE_V2_CORE_CANDIDATE_20260928.tsv	U39	U39_PACKET	UNASSIGNED	GENERIC	—
hr	G13	—	INFERRED — NOT CANONICAL	Module name pattern: hr_*/fleet/lunch → people/HR	U17	U17_PACKET	MECHANICAL_ONLY	GENERIC	P1_DEPTH_STUDY
hr_attendance	G13	—	INFERRED — NOT CANONICAL	Module name pattern: hr_*/fleet/lunch → people/HR	U17	U17_PACKET	MECHANICAL_ONLY	GENERIC	—
hr_calendar	G13	—	INFERRED — NOT CANONICAL	Module name pattern: hr_*/fleet/lunch → people/HR	U17	U17_PACKET	MECHANICAL_ONLY	GENERIC	—
hr_expense	G13	—	INFERRED — NOT CANONICAL	Module name pattern: hr_*/fleet/lunch → people/HR	U16	U16_PACKET	MECHANICAL_ONLY	GENERIC	—
hr_fleet	G13	—	INFERRED — NOT CANONICAL	Module name pattern: hr_*/fleet/lunch → people/HR	U51	U51_PACKET	GATE_PASS_ONLY	GENERIC	P2_SEMANTIC_REVIEW
hr_gamification	G13	—	INFERRED — NOT CANONICAL	Module name pattern: hr_*/fleet/lunch → people/HR	U40	U40_PACKET	MECHANICAL_ONLY	GENERIC	—
hr_holidays	G13	—	INFERRED — NOT CANONICAL	Module name pattern: hr_*/fleet/lunch → people/HR	U39	U39_PACKET	MECHANICAL_ONLY	GENERIC	—
hr_holidays_attendance	G13	—	INFERRED — NOT CANONICAL	Module name pattern: hr_*/fleet/lunch → people/HR	U39	U39_PACKET	MECHANICAL_ONLY	GENERIC	—
hr_holidays_homeworking	G13	—	INFERRED — NOT CANONICAL	Module name pattern: hr_*/fleet/lunch → people/HR	U39	U39_PACKET	MECHANICAL_ONLY	GENERIC	P1_DEPTH_STUDY
hr_homeworking	G13	—	INFERRED — NOT CANONICAL	Module name pattern: hr_*/fleet/lunch → people/HR	U39	U39_PACKET	MECHANICAL_ONLY	GENERIC	P1_DEPTH_STUDY
hr_homeworking_calendar	G13	—	INFERRED — NOT CANONICAL	Module name pattern: hr_*/fleet/lunch → people/HR	U39	U39_PACKET	MECHANICAL_ONLY	GENERIC	P1_DEPTH_STUDY
hr_hourly_cost	G13	—	INFERRED — NOT CANONICAL	Module name pattern: hr_*/fleet/lunch → people/HR	U40	U40_PACKET	MECHANICAL_ONLY	GENERIC	P1_DEPTH_STUDY
hr_livechat	G13	—	INFERRED — NOT CANONICAL	Module name pattern: hr_*/fleet/lunch → people/HR	U40	U40_PACKET	MECHANICAL_ONLY	GENERIC	P1_DEPTH_STUDY
hr_maintenance	G13	—	INFERRED — NOT CANONICAL	Module name pattern: hr_*/fleet/lunch → people/HR	U40	U40_PACKET	MECHANICAL_ONLY	GENERIC	P1_DEPTH_STUDY
hr_org_chart	G13	—	INFERRED — NOT CANONICAL	Module name pattern: hr_*/fleet/lunch → people/HR	U40	U40_PACKET	MECHANICAL_ONLY	GENERIC	—
hr_presence	G13	—	INFERRED — NOT CANONICAL	Module name pattern: hr_*/fleet/lunch → people/HR	U40	U40_PACKET	MECHANICAL_ONLY	GENERIC	—
hr_recruitment	G13	—	INFERRED — NOT CANONICAL	Module name pattern: hr_*/fleet/lunch → people/HR	U51	U51_PACKET	GATE_PASS_ONLY	GENERIC	P2_SEMANTIC_REVIEW
hr_recruitment_skills	G13	—	INFERRED — NOT CANONICAL	Module name pattern: hr_*/fleet/lunch → people/HR	U51	U51_PACKET	GATE_PASS_ONLY	GENERIC	P2_SEMANTIC_REVIEW
hr_recruitment_sms	G13	—	INFERRED — NOT CANONICAL	Module name pattern: hr_*/fleet/lunch → people/HR	U51	U51_PACKET	GATE_PASS_ONLY	GENERIC	P2_SEMANTIC_REVIEW
hr_recruitment_survey	G13	—	INFERRED — NOT CANONICAL	Module name pattern: hr_*/fleet/lunch → people/HR	U51	U51_PACKET	GATE_PASS_ONLY	GENERIC	P2_SEMANTIC_REVIEW
hr_skills	G13	—	INFERRED — NOT CANONICAL	Module name pattern: hr_*/fleet/lunch → people/HR	U40	U40_PACKET	MECHANICAL_ONLY	GENERIC	—
hr_skills_event	G13	—	INFERRED — NOT CANONICAL	Module name pattern: hr_*/fleet/lunch → people/HR	U40	U40_PACKET	MECHANICAL_ONLY	GENERIC	P1_DEPTH_STUDY
hr_skills_slides	G13	—	INFERRED — NOT CANONICAL	Module name pattern: hr_*/fleet/lunch → people/HR	U40	U40_PACKET	MECHANICAL_ONLY	GENERIC	P1_DEPTH_STUDY
hr_skills_survey	G13	—	INFERRED — NOT CANONICAL	Module name pattern: hr_*/fleet/lunch → people/HR	U40	U40_PACKET	MECHANICAL_ONLY	GENERIC	P1_DEPTH_STUDY
hr_timesheet	G12	—	INFERRED — NOT CANONICAL	Module name pattern: project_*/hr_timesheet → project services	U16	U16_PACKET	MECHANICAL_ONLY	GENERIC	—
hr_timesheet_attendance	G13	—	INFERRED — NOT CANONICAL	Module name pattern: hr_*/fleet/lunch → people/HR	U40	U40_PACKET	UNASSIGNED	GENERIC	—
hr_work_entry	G13	—	INFERRED — NOT CANONICAL	Module name pattern: hr_*/fleet/lunch → people/HR	U40	U40_PACKET	MECHANICAL_ONLY	GENERIC	—
hr_work_entry_holidays	G13	—	INFERRED — NOT CANONICAL	Module name pattern: hr_*/fleet/lunch → people/HR	U40	U40_PACKET	MECHANICAL_ONLY	GENERIC	—
html_builder	G01	—	CONFIRMED	GROUP_STRUCTURE_V2_CORE_CANDIDATE_20260928.tsv	U40	U40_PACKET	MECHANICAL_ONLY	GENERIC	P1_DEPTH_STUDY
html_editor	G01	—	CONFIRMED	GROUP_STRUCTURE_V2_CORE_CANDIDATE_20260928.tsv	U40	U40_PACKET	MECHANICAL_ONLY	GENERIC	—
http_routing	G01	—	CONFIRMED	GROUP_STRUCTURE_V2_CORE_CANDIDATE_20260928.tsv	U41	U41_PACKET	MECHANICAL_ONLY	GENERIC	—
iap	G09	—	INFERRED — NOT CANONICAL	Module name pattern: crm_*/iap → CRM	U41	U41_PACKET	MECHANICAL_ONLY	GENERIC	—
iap_crm	G09	—	INFERRED — NOT CANONICAL	Module name pattern: crm_*/iap → CRM	U41	U41_PACKET	MECHANICAL_ONLY	GENERIC	P1_DEPTH_STUDY
iap_mail	G09	—	INFERRED — NOT CANONICAL	Module name pattern: crm_*/iap → CRM	U41	U41_PACKET	MECHANICAL_ONLY	GENERIC	P1_DEPTH_STUDY
im_livechat	G14	—	INFERRED — NOT CANONICAL	Module name pattern: calendar/mail_*/microsoft_*/sms → collaboration	U41	U41_PACKET	MECHANICAL_ONLY	GENERIC	—
iot_base	G16	—	INFERRED — NOT CANONICAL	IoT → G16 Technical Integration	U66	U66_PACKET	GATE_PASS_ONLY	GENERIC	P2_SEMANTIC_REVIEW
iot_box_image	G16	—	INFERRED — NOT CANONICAL	IoT → G16 Technical Integration	U62	U62_PACKET	GATE_PASS_ONLY	GENERIC	P2_SEMANTIC_REVIEW
iot_drivers	G16	—	INFERRED — NOT CANONICAL	IoT → G16 Technical Integration	U62	U62_PACKET	GATE_PASS_ONLY	GENERIC	P2_SEMANTIC_REVIEW
l10n_account_edi_ubl_cii_tests	GXX MAPPING REQUIRED	—	GXX MAPPING REQUIRED	Country localization modules; no canonical G-group for l10n domain in G01-G16	U48	U48_PACKET	GATE_PASS_ONLY	GENERIC (l10n-prefixed mechanism; not country-specific)	GOVERNANCE_DECISION_REQUIRED
l10n_account_withholding_tax	GXX MAPPING REQUIRED	—	GXX MAPPING REQUIRED	Country localization modules; no canonical G-group for l10n domain in G01-G16	U68	U68_PACKET	GATE_PASS_ONLY	GENERIC (l10n-prefixed mechanism; not country-specific)	GOVERNANCE_DECISION_REQUIRED
l10n_account_withholding_tax_pos	GXX MAPPING REQUIRED	—	GXX MAPPING REQUIRED	Country localization modules; no canonical G-group for l10n domain in G01-G16	U68	U68_PACKET	GATE_PASS_ONLY	GENERIC (l10n-prefixed mechanism; not country-specific)	GOVERNANCE_DECISION_REQUIRED
l10n_ae	GXX MAPPING REQUIRED	—	GXX MAPPING REQUIRED	Country localization modules; no canonical G-group for l10n domain in G01-G16		_PACKET	UNASSIGNED	FOREIGN-LOCALIZATION / OUT OF SMEsPlus BUSINESS SCOPE	GOVERNANCE_DECISION_REQUIRED
l10n_ae_pos	GXX MAPPING REQUIRED	—	GXX MAPPING REQUIRED	Country localization modules; no canonical G-group for l10n domain in G01-G16		_PACKET	UNASSIGNED	FOREIGN-LOCALIZATION / OUT OF SMEsPlus BUSINESS SCOPE	GOVERNANCE_DECISION_REQUIRED
l10n_anz_ubl_pint	GXX MAPPING REQUIRED	—	GXX MAPPING REQUIRED	Country localization modules; no canonical G-group for l10n domain in G01-G16		_PACKET	UNASSIGNED	FOREIGN-LOCALIZATION / OUT OF SMEsPlus BUSINESS SCOPE	GOVERNANCE_DECISION_REQUIRED
l10n_ar	GXX MAPPING REQUIRED	—	GXX MAPPING REQUIRED	Country localization modules; no canonical G-group for l10n domain in G01-G16	U27	U27_PACKET	UNASSIGNED	FOREIGN-LOCALIZATION / OUT OF SMEsPlus BUSINESS SCOPE	GOVERNANCE_DECISION_REQUIRED
l10n_ar_pos	GXX MAPPING REQUIRED	—	GXX MAPPING REQUIRED	Country localization modules; no canonical G-group for l10n domain in G01-G16		_PACKET	UNASSIGNED	FOREIGN-LOCALIZATION / OUT OF SMEsPlus BUSINESS SCOPE	GOVERNANCE_DECISION_REQUIRED
l10n_ar_stock	GXX MAPPING REQUIRED	—	GXX MAPPING REQUIRED	Country localization modules; no canonical G-group for l10n domain in G01-G16		_PACKET	UNASSIGNED	FOREIGN-LOCALIZATION / OUT OF SMEsPlus BUSINESS SCOPE	GOVERNANCE_DECISION_REQUIRED
l10n_ar_website_sale	GXX MAPPING REQUIRED	—	GXX MAPPING REQUIRED	Country localization modules; no canonical G-group for l10n domain in G01-G16		_PACKET	UNASSIGNED	FOREIGN-LOCALIZATION / OUT OF SMEsPlus BUSINESS SCOPE	GOVERNANCE_DECISION_REQUIRED
l10n_ar_withholding	GXX MAPPING REQUIRED	—	GXX MAPPING REQUIRED	Country localization modules; no canonical G-group for l10n domain in G01-G16		_PACKET	UNASSIGNED	FOREIGN-LOCALIZATION / OUT OF SMEsPlus BUSINESS SCOPE	GOVERNANCE_DECISION_REQUIRED
l10n_at	GXX MAPPING REQUIRED	—	GXX MAPPING REQUIRED	Country localization modules; no canonical G-group for l10n domain in G01-G16		_PACKET	UNASSIGNED	FOREIGN-LOCALIZATION / OUT OF SMEsPlus BUSINESS SCOPE	GOVERNANCE_DECISION_REQUIRED
l10n_au	GXX MAPPING REQUIRED	—	GXX MAPPING REQUIRED	Country localization modules; no canonical G-group for l10n domain in G01-G16		_PACKET	UNASSIGNED	FOREIGN-LOCALIZATION / OUT OF SMEsPlus BUSINESS SCOPE	GOVERNANCE_DECISION_REQUIRED
l10n_bd	GXX MAPPING REQUIRED	—	GXX MAPPING REQUIRED	Country localization modules; no canonical G-group for l10n domain in G01-G16		_PACKET	UNASSIGNED	FOREIGN-LOCALIZATION / OUT OF SMEsPlus BUSINESS SCOPE	GOVERNANCE_DECISION_REQUIRED
l10n_be	GXX MAPPING REQUIRED	—	GXX MAPPING REQUIRED	Country localization modules; no canonical G-group for l10n domain in G01-G16		_PACKET	UNASSIGNED	FOREIGN-LOCALIZATION / OUT OF SMEsPlus BUSINESS SCOPE	GOVERNANCE_DECISION_REQUIRED
l10n_be_pos_restaurant	GXX MAPPING REQUIRED	—	GXX MAPPING REQUIRED	Country localization modules; no canonical G-group for l10n domain in G01-G16		_PACKET	UNASSIGNED	FOREIGN-LOCALIZATION / OUT OF SMEsPlus BUSINESS SCOPE	GOVERNANCE_DECISION_REQUIRED
l10n_be_pos_sale	GXX MAPPING REQUIRED	—	GXX MAPPING REQUIRED	Country localization modules; no canonical G-group for l10n domain in G01-G16		_PACKET	UNASSIGNED	FOREIGN-LOCALIZATION / OUT OF SMEsPlus BUSINESS SCOPE	GOVERNANCE_DECISION_REQUIRED
l10n_bf	GXX MAPPING REQUIRED	—	GXX MAPPING REQUIRED	Country localization modules; no canonical G-group for l10n domain in G01-G16	U27	U27_PACKET	UNASSIGNED	FOREIGN-LOCALIZATION / OUT OF SMEsPlus BUSINESS SCOPE	GOVERNANCE_DECISION_REQUIRED
l10n_bg	GXX MAPPING REQUIRED	—	GXX MAPPING REQUIRED	Country localization modules; no canonical G-group for l10n domain in G01-G16		_PACKET	UNASSIGNED	FOREIGN-LOCALIZATION / OUT OF SMEsPlus BUSINESS SCOPE	GOVERNANCE_DECISION_REQUIRED
l10n_bg_ledger	GXX MAPPING REQUIRED	—	GXX MAPPING REQUIRED	Country localization modules; no canonical G-group for l10n domain in G01-G16		_PACKET	UNASSIGNED	FOREIGN-LOCALIZATION / OUT OF SMEsPlus BUSINESS SCOPE	GOVERNANCE_DECISION_REQUIRED
l10n_bh	GXX MAPPING REQUIRED	—	GXX MAPPING REQUIRED	Country localization modules; no canonical G-group for l10n domain in G01-G16		_PACKET	UNASSIGNED	FOREIGN-LOCALIZATION / OUT OF SMEsPlus BUSINESS SCOPE	GOVERNANCE_DECISION_REQUIRED
l10n_bj	GXX MAPPING REQUIRED	—	GXX MAPPING REQUIRED	Country localization modules; no canonical G-group for l10n domain in G01-G16		_PACKET	UNASSIGNED	FOREIGN-LOCALIZATION / OUT OF SMEsPlus BUSINESS SCOPE	GOVERNANCE_DECISION_REQUIRED
l10n_bo	GXX MAPPING REQUIRED	—	GXX MAPPING REQUIRED	Country localization modules; no canonical G-group for l10n domain in G01-G16		_PACKET	UNASSIGNED	FOREIGN-LOCALIZATION / OUT OF SMEsPlus BUSINESS SCOPE	GOVERNANCE_DECISION_REQUIRED
l10n_br	GXX MAPPING REQUIRED	—	GXX MAPPING REQUIRED	Country localization modules; no canonical G-group for l10n domain in G01-G16		_PACKET	UNASSIGNED	FOREIGN-LOCALIZATION / OUT OF SMEsPlus BUSINESS SCOPE	GOVERNANCE_DECISION_REQUIRED
l10n_br_sales	GXX MAPPING REQUIRED	—	GXX MAPPING REQUIRED	Country localization modules; no canonical G-group for l10n domain in G01-G16		_PACKET	UNASSIGNED	FOREIGN-LOCALIZATION / OUT OF SMEsPlus BUSINESS SCOPE	GOVERNANCE_DECISION_REQUIRED
l10n_br_website_sale	GXX MAPPING REQUIRED	—	GXX MAPPING REQUIRED	Country localization modules; no canonical G-group for l10n domain in G01-G16		_PACKET	UNASSIGNED	FOREIGN-LOCALIZATION / OUT OF SMEsPlus BUSINESS SCOPE	GOVERNANCE_DECISION_REQUIRED
l10n_ca	GXX MAPPING REQUIRED	—	GXX MAPPING REQUIRED	Country localization modules; no canonical G-group for l10n domain in G01-G16		_PACKET	UNASSIGNED	FOREIGN-LOCALIZATION / OUT OF SMEsPlus BUSINESS SCOPE	GOVERNANCE_DECISION_REQUIRED
l10n_cd	GXX MAPPING REQUIRED	—	GXX MAPPING REQUIRED	Country localization modules; no canonical G-group for l10n domain in G01-G16		_PACKET	UNASSIGNED	FOREIGN-LOCALIZATION / OUT OF SMEsPlus BUSINESS SCOPE	GOVERNANCE_DECISION_REQUIRED
l10n_cf	GXX MAPPING REQUIRED	—	GXX MAPPING REQUIRED	Country localization modules; no canonical G-group for l10n domain in G01-G16		_PACKET	UNASSIGNED	FOREIGN-LOCALIZATION / OUT OF SMEsPlus BUSINESS SCOPE	GOVERNANCE_DECISION_REQUIRED
l10n_cg	GXX MAPPING REQUIRED	—	GXX MAPPING REQUIRED	Country localization modules; no canonical G-group for l10n domain in G01-G16		_PACKET	UNASSIGNED	FOREIGN-LOCALIZATION / OUT OF SMEsPlus BUSINESS SCOPE	GOVERNANCE_DECISION_REQUIRED
l10n_ch	GXX MAPPING REQUIRED	—	GXX MAPPING REQUIRED	Country localization modules; no canonical G-group for l10n domain in G01-G16	U27	U27_PACKET	UNASSIGNED	FOREIGN-LOCALIZATION / OUT OF SMEsPlus BUSINESS SCOPE	GOVERNANCE_DECISION_REQUIRED
l10n_ch_pos	GXX MAPPING REQUIRED	—	GXX MAPPING REQUIRED	Country localization modules; no canonical G-group for l10n domain in G01-G16		_PACKET	UNASSIGNED	FOREIGN-LOCALIZATION / OUT OF SMEsPlus BUSINESS SCOPE	GOVERNANCE_DECISION_REQUIRED
l10n_ci	GXX MAPPING REQUIRED	—	GXX MAPPING REQUIRED	Country localization modules; no canonical G-group for l10n domain in G01-G16		_PACKET	UNASSIGNED	FOREIGN-LOCALIZATION / OUT OF SMEsPlus BUSINESS SCOPE	GOVERNANCE_DECISION_REQUIRED
l10n_cl	GXX MAPPING REQUIRED	—	GXX MAPPING REQUIRED	Country localization modules; no canonical G-group for l10n domain in G01-G16		_PACKET	UNASSIGNED	FOREIGN-LOCALIZATION / OUT OF SMEsPlus BUSINESS SCOPE	GOVERNANCE_DECISION_REQUIRED
l10n_cm	GXX MAPPING REQUIRED	—	GXX MAPPING REQUIRED	Country localization modules; no canonical G-group for l10n domain in G01-G16		_PACKET	UNASSIGNED	FOREIGN-LOCALIZATION / OUT OF SMEsPlus BUSINESS SCOPE	GOVERNANCE_DECISION_REQUIRED
l10n_cn	GXX MAPPING REQUIRED	—	GXX MAPPING REQUIRED	Country localization modules; no canonical G-group for l10n domain in G01-G16		_PACKET	UNASSIGNED	FOREIGN-LOCALIZATION / OUT OF SMEsPlus BUSINESS SCOPE	GOVERNANCE_DECISION_REQUIRED
l10n_cn_city	GXX MAPPING REQUIRED	—	GXX MAPPING REQUIRED	Country localization modules; no canonical G-group for l10n domain in G01-G16		_PACKET	UNASSIGNED	FOREIGN-LOCALIZATION / OUT OF SMEsPlus BUSINESS SCOPE	GOVERNANCE_DECISION_REQUIRED
l10n_co	GXX MAPPING REQUIRED	—	GXX MAPPING REQUIRED	Country localization modules; no canonical G-group for l10n domain in G01-G16		_PACKET	UNASSIGNED	FOREIGN-LOCALIZATION / OUT OF SMEsPlus BUSINESS SCOPE	GOVERNANCE_DECISION_REQUIRED
l10n_co_pos	GXX MAPPING REQUIRED	—	GXX MAPPING REQUIRED	Country localization modules; no canonical G-group for l10n domain in G01-G16		_PACKET	UNASSIGNED	FOREIGN-LOCALIZATION / OUT OF SMEsPlus BUSINESS SCOPE	GOVERNANCE_DECISION_REQUIRED
l10n_cr	GXX MAPPING REQUIRED	—	GXX MAPPING REQUIRED	Country localization modules; no canonical G-group for l10n domain in G01-G16		_PACKET	UNASSIGNED	FOREIGN-LOCALIZATION / OUT OF SMEsPlus BUSINESS SCOPE	GOVERNANCE_DECISION_REQUIRED
l10n_cy	GXX MAPPING REQUIRED	—	GXX MAPPING REQUIRED	Country localization modules; no canonical G-group for l10n domain in G01-G16		_PACKET	UNASSIGNED	FOREIGN-LOCALIZATION / OUT OF SMEsPlus BUSINESS SCOPE	GOVERNANCE_DECISION_REQUIRED
l10n_cz	GXX MAPPING REQUIRED	—	GXX MAPPING REQUIRED	Country localization modules; no canonical G-group for l10n domain in G01-G16		_PACKET	UNASSIGNED	FOREIGN-LOCALIZATION / OUT OF SMEsPlus BUSINESS SCOPE	GOVERNANCE_DECISION_REQUIRED
l10n_de	GXX MAPPING REQUIRED	—	GXX MAPPING REQUIRED	Country localization modules; no canonical G-group for l10n domain in G01-G16	U27	U27_PACKET	UNASSIGNED	FOREIGN-LOCALIZATION / OUT OF SMEsPlus BUSINESS SCOPE	GOVERNANCE_DECISION_REQUIRED
l10n_din5008	GXX MAPPING REQUIRED	—	GXX MAPPING REQUIRED	Country localization modules; no canonical G-group for l10n domain in G01-G16	U27	U27_PACKET	UNASSIGNED	FOREIGN-LOCALIZATION / OUT OF SMEsPlus BUSINESS SCOPE	GOVERNANCE_DECISION_REQUIRED
l10n_din5008_expense	GXX MAPPING REQUIRED	—	GXX MAPPING REQUIRED	Country localization modules; no canonical G-group for l10n domain in G01-G16		_PACKET	UNASSIGNED	FOREIGN-LOCALIZATION / OUT OF SMEsPlus BUSINESS SCOPE	GOVERNANCE_DECISION_REQUIRED
l10n_din5008_purchase	GXX MAPPING REQUIRED	—	GXX MAPPING REQUIRED	Country localization modules; no canonical G-group for l10n domain in G01-G16		_PACKET	UNASSIGNED	FOREIGN-LOCALIZATION / OUT OF SMEsPlus BUSINESS SCOPE	GOVERNANCE_DECISION_REQUIRED
l10n_din5008_repair	GXX MAPPING REQUIRED	—	GXX MAPPING REQUIRED	Country localization modules; no canonical G-group for l10n domain in G01-G16		_PACKET	UNASSIGNED	FOREIGN-LOCALIZATION / OUT OF SMEsPlus BUSINESS SCOPE	GOVERNANCE_DECISION_REQUIRED
l10n_din5008_sale	GXX MAPPING REQUIRED	—	GXX MAPPING REQUIRED	Country localization modules; no canonical G-group for l10n domain in G01-G16		_PACKET	UNASSIGNED	FOREIGN-LOCALIZATION / OUT OF SMEsPlus BUSINESS SCOPE	GOVERNANCE_DECISION_REQUIRED
l10n_din5008_stock	GXX MAPPING REQUIRED	—	GXX MAPPING REQUIRED	Country localization modules; no canonical G-group for l10n domain in G01-G16		_PACKET	UNASSIGNED	FOREIGN-LOCALIZATION / OUT OF SMEsPlus BUSINESS SCOPE	GOVERNANCE_DECISION_REQUIRED
l10n_dk	GXX MAPPING REQUIRED	—	GXX MAPPING REQUIRED	Country localization modules; no canonical G-group for l10n domain in G01-G16		_PACKET	UNASSIGNED	FOREIGN-LOCALIZATION / OUT OF SMEsPlus BUSINESS SCOPE	GOVERNANCE_DECISION_REQUIRED
l10n_dk_fik	GXX MAPPING REQUIRED	—	GXX MAPPING REQUIRED	Country localization modules; no canonical G-group for l10n domain in G01-G16		_PACKET	UNASSIGNED	FOREIGN-LOCALIZATION / OUT OF SMEsPlus BUSINESS SCOPE	GOVERNANCE_DECISION_REQUIRED
l10n_dk_nemhandel	GXX MAPPING REQUIRED	—	GXX MAPPING REQUIRED	Country localization modules; no canonical G-group for l10n domain in G01-G16	U27	U27_PACKET	UNASSIGNED	FOREIGN-LOCALIZATION / OUT OF SMEsPlus BUSINESS SCOPE	GOVERNANCE_DECISION_REQUIRED
l10n_dk_nemhandel_response	GXX MAPPING REQUIRED	—	GXX MAPPING REQUIRED	Country localization modules; no canonical G-group for l10n domain in G01-G16		_PACKET	UNASSIGNED	FOREIGN-LOCALIZATION / OUT OF SMEsPlus BUSINESS SCOPE	GOVERNANCE_DECISION_REQUIRED
l10n_dk_oioubl	GXX MAPPING REQUIRED	—	GXX MAPPING REQUIRED	Country localization modules; no canonical G-group for l10n domain in G01-G16		_PACKET	UNASSIGNED	FOREIGN-LOCALIZATION / OUT OF SMEsPlus BUSINESS SCOPE	GOVERNANCE_DECISION_REQUIRED
l10n_do	GXX MAPPING REQUIRED	—	GXX MAPPING REQUIRED	Country localization modules; no canonical G-group for l10n domain in G01-G16		_PACKET	UNASSIGNED	FOREIGN-LOCALIZATION / OUT OF SMEsPlus BUSINESS SCOPE	GOVERNANCE_DECISION_REQUIRED
l10n_dz	GXX MAPPING REQUIRED	—	GXX MAPPING REQUIRED	Country localization modules; no canonical G-group for l10n domain in G01-G16		_PACKET	UNASSIGNED	FOREIGN-LOCALIZATION / OUT OF SMEsPlus BUSINESS SCOPE	GOVERNANCE_DECISION_REQUIRED
l10n_ec	GXX MAPPING REQUIRED	—	GXX MAPPING REQUIRED	Country localization modules; no canonical G-group for l10n domain in G01-G16		_PACKET	UNASSIGNED	FOREIGN-LOCALIZATION / OUT OF SMEsPlus BUSINESS SCOPE	GOVERNANCE_DECISION_REQUIRED
l10n_ec_sale	GXX MAPPING REQUIRED	—	GXX MAPPING REQUIRED	Country localization modules; no canonical G-group for l10n domain in G01-G16		_PACKET	UNASSIGNED	FOREIGN-LOCALIZATION / OUT OF SMEsPlus BUSINESS SCOPE	GOVERNANCE_DECISION_REQUIRED
l10n_ec_stock	GXX MAPPING REQUIRED	—	GXX MAPPING REQUIRED	Country localization modules; no canonical G-group for l10n domain in G01-G16		_PACKET	UNASSIGNED	FOREIGN-LOCALIZATION / OUT OF SMEsPlus BUSINESS SCOPE	GOVERNANCE_DECISION_REQUIRED
l10n_ee	GXX MAPPING REQUIRED	—	GXX MAPPING REQUIRED	Country localization modules; no canonical G-group for l10n domain in G01-G16		_PACKET	UNASSIGNED	FOREIGN-LOCALIZATION / OUT OF SMEsPlus BUSINESS SCOPE	GOVERNANCE_DECISION_REQUIRED
l10n_eg	GXX MAPPING REQUIRED	—	GXX MAPPING REQUIRED	Country localization modules; no canonical G-group for l10n domain in G01-G16		_PACKET	UNASSIGNED	FOREIGN-LOCALIZATION / OUT OF SMEsPlus BUSINESS SCOPE	GOVERNANCE_DECISION_REQUIRED
l10n_eg_edi_eta	GXX MAPPING REQUIRED	—	GXX MAPPING REQUIRED	Country localization modules; no canonical G-group for l10n domain in G01-G16		_PACKET	UNASSIGNED	FOREIGN-LOCALIZATION / OUT OF SMEsPlus BUSINESS SCOPE	GOVERNANCE_DECISION_REQUIRED
l10n_es	GXX MAPPING REQUIRED	—	GXX MAPPING REQUIRED	Country localization modules; no canonical G-group for l10n domain in G01-G16		_PACKET	UNASSIGNED	FOREIGN-LOCALIZATION / OUT OF SMEsPlus BUSINESS SCOPE	GOVERNANCE_DECISION_REQUIRED
l10n_es_edi_facturae	GXX MAPPING REQUIRED	—	GXX MAPPING REQUIRED	Country localization modules; no canonical G-group for l10n domain in G01-G16		_PACKET	UNASSIGNED	FOREIGN-LOCALIZATION / OUT OF SMEsPlus BUSINESS SCOPE	GOVERNANCE_DECISION_REQUIRED
l10n_es_edi_sii	GXX MAPPING REQUIRED	—	GXX MAPPING REQUIRED	Country localization modules; no canonical G-group for l10n domain in G01-G16	U31	U31_PACKET	UNASSIGNED	FOREIGN-LOCALIZATION / OUT OF SMEsPlus BUSINESS SCOPE	GOVERNANCE_DECISION_REQUIRED
l10n_es_edi_tbai	GXX MAPPING REQUIRED	—	GXX MAPPING REQUIRED	Country localization modules; no canonical G-group for l10n domain in G01-G16		_PACKET	UNASSIGNED	FOREIGN-LOCALIZATION / OUT OF SMEsPlus BUSINESS SCOPE	GOVERNANCE_DECISION_REQUIRED
l10n_es_edi_tbai_pos	GXX MAPPING REQUIRED	—	GXX MAPPING REQUIRED	Country localization modules; no canonical G-group for l10n domain in G01-G16		_PACKET	UNASSIGNED	FOREIGN-LOCALIZATION / OUT OF SMEsPlus BUSINESS SCOPE	GOVERNANCE_DECISION_REQUIRED
l10n_es_edi_verifactu	GXX MAPPING REQUIRED	—	GXX MAPPING REQUIRED	Country localization modules; no canonical G-group for l10n domain in G01-G16		_PACKET	UNASSIGNED	FOREIGN-LOCALIZATION / OUT OF SMEsPlus BUSINESS SCOPE	GOVERNANCE_DECISION_REQUIRED
l10n_es_edi_verifactu_pos	GXX MAPPING REQUIRED	—	GXX MAPPING REQUIRED	Country localization modules; no canonical G-group for l10n domain in G01-G16		_PACKET	UNASSIGNED	FOREIGN-LOCALIZATION / OUT OF SMEsPlus BUSINESS SCOPE	GOVERNANCE_DECISION_REQUIRED
l10n_es_pos	GXX MAPPING REQUIRED	—	GXX MAPPING REQUIRED	Country localization modules; no canonical G-group for l10n domain in G01-G16		_PACKET	UNASSIGNED	FOREIGN-LOCALIZATION / OUT OF SMEsPlus BUSINESS SCOPE	GOVERNANCE_DECISION_REQUIRED
l10n_et	GXX MAPPING REQUIRED	—	GXX MAPPING REQUIRED	Country localization modules; no canonical G-group for l10n domain in G01-G16		_PACKET	UNASSIGNED	FOREIGN-LOCALIZATION / OUT OF SMEsPlus BUSINESS SCOPE	GOVERNANCE_DECISION_REQUIRED
l10n_eu_oss	GXX MAPPING REQUIRED	—	GXX MAPPING REQUIRED	Country localization modules; no canonical G-group for l10n domain in G01-G16	U27	U27_PACKET	CLAUDE_VERIFIED	FOREIGN-LOCALIZATION / OUT OF SMEsPlus BUSINESS SCOPE	GOVERNANCE_DECISION_REQUIRED
l10n_fi	GXX MAPPING REQUIRED	—	GXX MAPPING REQUIRED	Country localization modules; no canonical G-group for l10n domain in G01-G16		_PACKET	UNASSIGNED	FOREIGN-LOCALIZATION / OUT OF SMEsPlus BUSINESS SCOPE	GOVERNANCE_DECISION_REQUIRED
l10n_fi_sale	GXX MAPPING REQUIRED	—	GXX MAPPING REQUIRED	Country localization modules; no canonical G-group for l10n domain in G01-G16		_PACKET	UNASSIGNED	FOREIGN-LOCALIZATION / OUT OF SMEsPlus BUSINESS SCOPE	GOVERNANCE_DECISION_REQUIRED
l10n_fr	GXX MAPPING REQUIRED	—	GXX MAPPING REQUIRED	Country localization modules; no canonical G-group for l10n domain in G01-G16		_PACKET	UNASSIGNED	FOREIGN-LOCALIZATION / OUT OF SMEsPlus BUSINESS SCOPE	GOVERNANCE_DECISION_REQUIRED
l10n_fr_account	GXX MAPPING REQUIRED	—	GXX MAPPING REQUIRED	Country localization modules; no canonical G-group for l10n domain in G01-G16	U27	U27_PACKET	UNASSIGNED	FOREIGN-LOCALIZATION / OUT OF SMEsPlus BUSINESS SCOPE	GOVERNANCE_DECISION_REQUIRED
l10n_fr_facturx_chorus_pro	GXX MAPPING REQUIRED	—	GXX MAPPING REQUIRED	Country localization modules; no canonical G-group for l10n domain in G01-G16		_PACKET	UNASSIGNED	FOREIGN-LOCALIZATION / OUT OF SMEsPlus BUSINESS SCOPE	GOVERNANCE_DECISION_REQUIRED
l10n_fr_hr_holidays	GXX MAPPING REQUIRED	—	GXX MAPPING REQUIRED	Country localization modules; no canonical G-group for l10n domain in G01-G16	U27	U27_PACKET	UNASSIGNED	FOREIGN-LOCALIZATION / OUT OF SMEsPlus BUSINESS SCOPE	GOVERNANCE_DECISION_REQUIRED
l10n_fr_hr_work_entry_holidays	GXX MAPPING REQUIRED	—	GXX MAPPING REQUIRED	Country localization modules; no canonical G-group for l10n domain in G01-G16		_PACKET	UNASSIGNED	FOREIGN-LOCALIZATION / OUT OF SMEsPlus BUSINESS SCOPE	GOVERNANCE_DECISION_REQUIRED
l10n_fr_pdp	GXX MAPPING REQUIRED	—	GXX MAPPING REQUIRED	Country localization modules; no canonical G-group for l10n domain in G01-G16		_PACKET	UNASSIGNED	FOREIGN-LOCALIZATION / OUT OF SMEsPlus BUSINESS SCOPE	GOVERNANCE_DECISION_REQUIRED
l10n_fr_pdp_pos	GXX MAPPING REQUIRED	—	GXX MAPPING REQUIRED	Country localization modules; no canonical G-group for l10n domain in G01-G16		_PACKET	UNASSIGNED	FOREIGN-LOCALIZATION / OUT OF SMEsPlus BUSINESS SCOPE	GOVERNANCE_DECISION_REQUIRED
l10n_fr_pos_cert	GXX MAPPING REQUIRED	—	GXX MAPPING REQUIRED	Country localization modules; no canonical G-group for l10n domain in G01-G16		_PACKET	UNASSIGNED	FOREIGN-LOCALIZATION / OUT OF SMEsPlus BUSINESS SCOPE	GOVERNANCE_DECISION_REQUIRED
l10n_ga	GXX MAPPING REQUIRED	—	GXX MAPPING REQUIRED	Country localization modules; no canonical G-group for l10n domain in G01-G16		_PACKET	UNASSIGNED	FOREIGN-LOCALIZATION / OUT OF SMEsPlus BUSINESS SCOPE	GOVERNANCE_DECISION_REQUIRED
l10n_gcc_invoice	GXX MAPPING REQUIRED	—	GXX MAPPING REQUIRED	Country localization modules; no canonical G-group for l10n domain in G01-G16	U26	U26_PACKET	UNASSIGNED	FOREIGN-LOCALIZATION / OUT OF SMEsPlus BUSINESS SCOPE	GOVERNANCE_DECISION_REQUIRED
l10n_gcc_invoice_stock_account	GXX MAPPING REQUIRED	—	GXX MAPPING REQUIRED	Country localization modules; no canonical G-group for l10n domain in G01-G16		_PACKET	UNASSIGNED	FOREIGN-LOCALIZATION / OUT OF SMEsPlus BUSINESS SCOPE	GOVERNANCE_DECISION_REQUIRED
l10n_gcc_pos	GXX MAPPING REQUIRED	—	GXX MAPPING REQUIRED	Country localization modules; no canonical G-group for l10n domain in G01-G16		_PACKET	UNASSIGNED	FOREIGN-LOCALIZATION / OUT OF SMEsPlus BUSINESS SCOPE	GOVERNANCE_DECISION_REQUIRED
l10n_ge	GXX MAPPING REQUIRED	—	GXX MAPPING REQUIRED	Country localization modules; no canonical G-group for l10n domain in G01-G16		_PACKET	UNASSIGNED	FOREIGN-LOCALIZATION / OUT OF SMEsPlus BUSINESS SCOPE	GOVERNANCE_DECISION_REQUIRED
l10n_gf	GXX MAPPING REQUIRED	—	GXX MAPPING REQUIRED	Country localization modules; no canonical G-group for l10n domain in G01-G16	U27	U27_PACKET	UNASSIGNED	FOREIGN-LOCALIZATION / OUT OF SMEsPlus BUSINESS SCOPE	GOVERNANCE_DECISION_REQUIRED
l10n_gn	GXX MAPPING REQUIRED	—	GXX MAPPING REQUIRED	Country localization modules; no canonical G-group for l10n domain in G01-G16		_PACKET	UNASSIGNED	FOREIGN-LOCALIZATION / OUT OF SMEsPlus BUSINESS SCOPE	GOVERNANCE_DECISION_REQUIRED
l10n_gp	GXX MAPPING REQUIRED	—	GXX MAPPING REQUIRED	Country localization modules; no canonical G-group for l10n domain in G01-G16		_PACKET	UNASSIGNED	FOREIGN-LOCALIZATION / OUT OF SMEsPlus BUSINESS SCOPE	GOVERNANCE_DECISION_REQUIRED
l10n_gq	GXX MAPPING REQUIRED	—	GXX MAPPING REQUIRED	Country localization modules; no canonical G-group for l10n domain in G01-G16		_PACKET	UNASSIGNED	FOREIGN-LOCALIZATION / OUT OF SMEsPlus BUSINESS SCOPE	GOVERNANCE_DECISION_REQUIRED
l10n_gr	GXX MAPPING REQUIRED	—	GXX MAPPING REQUIRED	Country localization modules; no canonical G-group for l10n domain in G01-G16		_PACKET	UNASSIGNED	FOREIGN-LOCALIZATION / OUT OF SMEsPlus BUSINESS SCOPE	GOVERNANCE_DECISION_REQUIRED
l10n_gr_edi	GXX MAPPING REQUIRED	—	GXX MAPPING REQUIRED	Country localization modules; no canonical G-group for l10n domain in G01-G16		_PACKET	UNASSIGNED	FOREIGN-LOCALIZATION / OUT OF SMEsPlus BUSINESS SCOPE	GOVERNANCE_DECISION_REQUIRED
l10n_gr_edi_e_invoo	GXX MAPPING REQUIRED	—	GXX MAPPING REQUIRED	Country localization modules; no canonical G-group for l10n domain in G01-G16		_PACKET	UNASSIGNED	FOREIGN-LOCALIZATION / OUT OF SMEsPlus BUSINESS SCOPE	GOVERNANCE_DECISION_REQUIRED
l10n_gt	GXX MAPPING REQUIRED	—	GXX MAPPING REQUIRED	Country localization modules; no canonical G-group for l10n domain in G01-G16		_PACKET	UNASSIGNED	FOREIGN-LOCALIZATION / OUT OF SMEsPlus BUSINESS SCOPE	GOVERNANCE_DECISION_REQUIRED
l10n_gw	GXX MAPPING REQUIRED	—	GXX MAPPING REQUIRED	Country localization modules; no canonical G-group for l10n domain in G01-G16		_PACKET	UNASSIGNED	FOREIGN-LOCALIZATION / OUT OF SMEsPlus BUSINESS SCOPE	GOVERNANCE_DECISION_REQUIRED
l10n_hk	GXX MAPPING REQUIRED	—	GXX MAPPING REQUIRED	Country localization modules; no canonical G-group for l10n domain in G01-G16		_PACKET	UNASSIGNED	FOREIGN-LOCALIZATION / OUT OF SMEsPlus BUSINESS SCOPE	GOVERNANCE_DECISION_REQUIRED
l10n_hn	GXX MAPPING REQUIRED	—	GXX MAPPING REQUIRED	Country localization modules; no canonical G-group for l10n domain in G01-G16		_PACKET	UNASSIGNED	FOREIGN-LOCALIZATION / OUT OF SMEsPlus BUSINESS SCOPE	GOVERNANCE_DECISION_REQUIRED
l10n_hr	GXX MAPPING REQUIRED	—	GXX MAPPING REQUIRED	Country localization modules; no canonical G-group for l10n domain in G01-G16	U27	U27_PACKET	UNASSIGNED	FOREIGN-LOCALIZATION / OUT OF SMEsPlus BUSINESS SCOPE	GOVERNANCE_DECISION_REQUIRED
l10n_hr_edi	GXX MAPPING REQUIRED	—	GXX MAPPING REQUIRED	Country localization modules; no canonical G-group for l10n domain in G01-G16		_PACKET	UNASSIGNED	FOREIGN-LOCALIZATION / OUT OF SMEsPlus BUSINESS SCOPE	GOVERNANCE_DECISION_REQUIRED
l10n_hr_kuna	GXX MAPPING REQUIRED	—	GXX MAPPING REQUIRED	Country localization modules; no canonical G-group for l10n domain in G01-G16		_PACKET	UNASSIGNED	FOREIGN-LOCALIZATION / OUT OF SMEsPlus BUSINESS SCOPE	GOVERNANCE_DECISION_REQUIRED
l10n_hu	GXX MAPPING REQUIRED	—	GXX MAPPING REQUIRED	Country localization modules; no canonical G-group for l10n domain in G01-G16		_PACKET	UNASSIGNED	FOREIGN-LOCALIZATION / OUT OF SMEsPlus BUSINESS SCOPE	GOVERNANCE_DECISION_REQUIRED
l10n_hu_edi	GXX MAPPING REQUIRED	—	GXX MAPPING REQUIRED	Country localization modules; no canonical G-group for l10n domain in G01-G16		_PACKET	UNASSIGNED	FOREIGN-LOCALIZATION / OUT OF SMEsPlus BUSINESS SCOPE	GOVERNANCE_DECISION_REQUIRED
l10n_hu_edi_receive	GXX MAPPING REQUIRED	—	GXX MAPPING REQUIRED	Country localization modules; no canonical G-group for l10n domain in G01-G16		_PACKET	UNASSIGNED	FOREIGN-LOCALIZATION / OUT OF SMEsPlus BUSINESS SCOPE	GOVERNANCE_DECISION_REQUIRED
l10n_id	GXX MAPPING REQUIRED	—	GXX MAPPING REQUIRED	Country localization modules; no canonical G-group for l10n domain in G01-G16		_PACKET	UNASSIGNED	FOREIGN-LOCALIZATION / OUT OF SMEsPlus BUSINESS SCOPE	GOVERNANCE_DECISION_REQUIRED
l10n_id_efaktur_coretax	GXX MAPPING REQUIRED	—	GXX MAPPING REQUIRED	Country localization modules; no canonical G-group for l10n domain in G01-G16		_PACKET	UNASSIGNED	FOREIGN-LOCALIZATION / OUT OF SMEsPlus BUSINESS SCOPE	GOVERNANCE_DECISION_REQUIRED
l10n_id_pos	GXX MAPPING REQUIRED	—	GXX MAPPING REQUIRED	Country localization modules; no canonical G-group for l10n domain in G01-G16		_PACKET	UNASSIGNED	FOREIGN-LOCALIZATION / OUT OF SMEsPlus BUSINESS SCOPE	GOVERNANCE_DECISION_REQUIRED
l10n_ie	GXX MAPPING REQUIRED	—	GXX MAPPING REQUIRED	Country localization modules; no canonical G-group for l10n domain in G01-G16		_PACKET	UNASSIGNED	FOREIGN-LOCALIZATION / OUT OF SMEsPlus BUSINESS SCOPE	GOVERNANCE_DECISION_REQUIRED
l10n_il	GXX MAPPING REQUIRED	—	GXX MAPPING REQUIRED	Country localization modules; no canonical G-group for l10n domain in G01-G16		_PACKET	UNASSIGNED	FOREIGN-LOCALIZATION / OUT OF SMEsPlus BUSINESS SCOPE	GOVERNANCE_DECISION_REQUIRED
l10n_in	GXX MAPPING REQUIRED	—	GXX MAPPING REQUIRED	Country localization modules; no canonical G-group for l10n domain in G01-G16	U27	U27_PACKET	UNASSIGNED	FOREIGN-LOCALIZATION / OUT OF SMEsPlus BUSINESS SCOPE	GOVERNANCE_DECISION_REQUIRED
l10n_in_edi	GXX MAPPING REQUIRED	—	GXX MAPPING REQUIRED	Country localization modules; no canonical G-group for l10n domain in G01-G16		_PACKET	UNASSIGNED	FOREIGN-LOCALIZATION / OUT OF SMEsPlus BUSINESS SCOPE	GOVERNANCE_DECISION_REQUIRED
l10n_in_ewaybill	GXX MAPPING REQUIRED	—	GXX MAPPING REQUIRED	Country localization modules; no canonical G-group for l10n domain in G01-G16		_PACKET	UNASSIGNED	FOREIGN-LOCALIZATION / OUT OF SMEsPlus BUSINESS SCOPE	GOVERNANCE_DECISION_REQUIRED
l10n_in_ewaybill_irn	GXX MAPPING REQUIRED	—	GXX MAPPING REQUIRED	Country localization modules; no canonical G-group for l10n domain in G01-G16		_PACKET	UNASSIGNED	FOREIGN-LOCALIZATION / OUT OF SMEsPlus BUSINESS SCOPE	GOVERNANCE_DECISION_REQUIRED
l10n_in_ewaybill_stock	GXX MAPPING REQUIRED	—	GXX MAPPING REQUIRED	Country localization modules; no canonical G-group for l10n domain in G01-G16		_PACKET	UNASSIGNED	FOREIGN-LOCALIZATION / OUT OF SMEsPlus BUSINESS SCOPE	GOVERNANCE_DECISION_REQUIRED
l10n_in_hr_holidays	GXX MAPPING REQUIRED	—	GXX MAPPING REQUIRED	Country localization modules; no canonical G-group for l10n domain in G01-G16		_PACKET	UNASSIGNED	FOREIGN-LOCALIZATION / OUT OF SMEsPlus BUSINESS SCOPE	GOVERNANCE_DECISION_REQUIRED
l10n_in_pos	GXX MAPPING REQUIRED	—	GXX MAPPING REQUIRED	Country localization modules; no canonical G-group for l10n domain in G01-G16		_PACKET	UNASSIGNED	FOREIGN-LOCALIZATION / OUT OF SMEsPlus BUSINESS SCOPE	GOVERNANCE_DECISION_REQUIRED
l10n_in_purchase_stock	GXX MAPPING REQUIRED	—	GXX MAPPING REQUIRED	Country localization modules; no canonical G-group for l10n domain in G01-G16		_PACKET	UNASSIGNED	FOREIGN-LOCALIZATION / OUT OF SMEsPlus BUSINESS SCOPE	GOVERNANCE_DECISION_REQUIRED
l10n_in_sale	GXX MAPPING REQUIRED	—	GXX MAPPING REQUIRED	Country localization modules; no canonical G-group for l10n domain in G01-G16		_PACKET	UNASSIGNED	FOREIGN-LOCALIZATION / OUT OF SMEsPlus BUSINESS SCOPE	GOVERNANCE_DECISION_REQUIRED
l10n_in_sale_stock	GXX MAPPING REQUIRED	—	GXX MAPPING REQUIRED	Country localization modules; no canonical G-group for l10n domain in G01-G16		_PACKET	UNASSIGNED	FOREIGN-LOCALIZATION / OUT OF SMEsPlus BUSINESS SCOPE	GOVERNANCE_DECISION_REQUIRED
l10n_in_stock	GXX MAPPING REQUIRED	—	GXX MAPPING REQUIRED	Country localization modules; no canonical G-group for l10n domain in G01-G16		_PACKET	UNASSIGNED	FOREIGN-LOCALIZATION / OUT OF SMEsPlus BUSINESS SCOPE	GOVERNANCE_DECISION_REQUIRED
l10n_iq	GXX MAPPING REQUIRED	—	GXX MAPPING REQUIRED	Country localization modules; no canonical G-group for l10n domain in G01-G16		_PACKET	UNASSIGNED	FOREIGN-LOCALIZATION / OUT OF SMEsPlus BUSINESS SCOPE	GOVERNANCE_DECISION_REQUIRED
l10n_it	GXX MAPPING REQUIRED	—	GXX MAPPING REQUIRED	Country localization modules; no canonical G-group for l10n domain in G01-G16		_PACKET	UNASSIGNED	FOREIGN-LOCALIZATION / OUT OF SMEsPlus BUSINESS SCOPE	GOVERNANCE_DECISION_REQUIRED
l10n_it_edi	GXX MAPPING REQUIRED	—	GXX MAPPING REQUIRED	Country localization modules; no canonical G-group for l10n domain in G01-G16	U27	U27_PACKET	UNASSIGNED	FOREIGN-LOCALIZATION / OUT OF SMEsPlus BUSINESS SCOPE	GOVERNANCE_DECISION_REQUIRED
l10n_it_edi_doi	GXX MAPPING REQUIRED	—	GXX MAPPING REQUIRED	Country localization modules; no canonical G-group for l10n domain in G01-G16		_PACKET	UNASSIGNED	FOREIGN-LOCALIZATION / OUT OF SMEsPlus BUSINESS SCOPE	GOVERNANCE_DECISION_REQUIRED
l10n_it_edi_sale	GXX MAPPING REQUIRED	—	GXX MAPPING REQUIRED	Country localization modules; no canonical G-group for l10n domain in G01-G16		_PACKET	UNASSIGNED	FOREIGN-LOCALIZATION / OUT OF SMEsPlus BUSINESS SCOPE	GOVERNANCE_DECISION_REQUIRED
l10n_it_stock_ddt	GXX MAPPING REQUIRED	—	GXX MAPPING REQUIRED	Country localization modules; no canonical G-group for l10n domain in G01-G16		_PACKET	UNASSIGNED	FOREIGN-LOCALIZATION / OUT OF SMEsPlus BUSINESS SCOPE	GOVERNANCE_DECISION_REQUIRED
l10n_jo	GXX MAPPING REQUIRED	—	GXX MAPPING REQUIRED	Country localization modules; no canonical G-group for l10n domain in G01-G16		_PACKET	UNASSIGNED	FOREIGN-LOCALIZATION / OUT OF SMEsPlus BUSINESS SCOPE	GOVERNANCE_DECISION_REQUIRED
l10n_jo_edi	GXX MAPPING REQUIRED	—	GXX MAPPING REQUIRED	Country localization modules; no canonical G-group for l10n domain in G01-G16		_PACKET	UNASSIGNED	FOREIGN-LOCALIZATION / OUT OF SMEsPlus BUSINESS SCOPE	GOVERNANCE_DECISION_REQUIRED
l10n_jo_edi_pos	GXX MAPPING REQUIRED	—	GXX MAPPING REQUIRED	Country localization modules; no canonical G-group for l10n domain in G01-G16		_PACKET	UNASSIGNED	FOREIGN-LOCALIZATION / OUT OF SMEsPlus BUSINESS SCOPE	GOVERNANCE_DECISION_REQUIRED
l10n_jp	GXX MAPPING REQUIRED	—	GXX MAPPING REQUIRED	Country localization modules; no canonical G-group for l10n domain in G01-G16		_PACKET	UNASSIGNED	FOREIGN-LOCALIZATION / OUT OF SMEsPlus BUSINESS SCOPE	GOVERNANCE_DECISION_REQUIRED
l10n_jp_ubl_pint	GXX MAPPING REQUIRED	—	GXX MAPPING REQUIRED	Country localization modules; no canonical G-group for l10n domain in G01-G16		_PACKET	UNASSIGNED	FOREIGN-LOCALIZATION / OUT OF SMEsPlus BUSINESS SCOPE	GOVERNANCE_DECISION_REQUIRED
l10n_ke	GXX MAPPING REQUIRED	—	GXX MAPPING REQUIRED	Country localization modules; no canonical G-group for l10n domain in G01-G16		_PACKET	UNASSIGNED	FOREIGN-LOCALIZATION / OUT OF SMEsPlus BUSINESS SCOPE	GOVERNANCE_DECISION_REQUIRED
l10n_ke_edi_tremol	GXX MAPPING REQUIRED	—	GXX MAPPING REQUIRED	Country localization modules; no canonical G-group for l10n domain in G01-G16		_PACKET	UNASSIGNED	FOREIGN-LOCALIZATION / OUT OF SMEsPlus BUSINESS SCOPE	GOVERNANCE_DECISION_REQUIRED
l10n_kh	GXX MAPPING REQUIRED	—	GXX MAPPING REQUIRED	Country localization modules; no canonical G-group for l10n domain in G01-G16	U26	U26_PACKET	UNASSIGNED	FOREIGN-LOCALIZATION / OUT OF SMEsPlus BUSINESS SCOPE	GOVERNANCE_DECISION_REQUIRED
l10n_km	GXX MAPPING REQUIRED	—	GXX MAPPING REQUIRED	Country localization modules; no canonical G-group for l10n domain in G01-G16		_PACKET	UNASSIGNED	FOREIGN-LOCALIZATION / OUT OF SMEsPlus BUSINESS SCOPE	GOVERNANCE_DECISION_REQUIRED
l10n_kr	GXX MAPPING REQUIRED	—	GXX MAPPING REQUIRED	Country localization modules; no canonical G-group for l10n domain in G01-G16		_PACKET	UNASSIGNED	FOREIGN-LOCALIZATION / OUT OF SMEsPlus BUSINESS SCOPE	GOVERNANCE_DECISION_REQUIRED
l10n_kw	GXX MAPPING REQUIRED	—	GXX MAPPING REQUIRED	Country localization modules; no canonical G-group for l10n domain in G01-G16		_PACKET	UNASSIGNED	FOREIGN-LOCALIZATION / OUT OF SMEsPlus BUSINESS SCOPE	GOVERNANCE_DECISION_REQUIRED
l10n_kz	GXX MAPPING REQUIRED	—	GXX MAPPING REQUIRED	Country localization modules; no canonical G-group for l10n domain in G01-G16		_PACKET	UNASSIGNED	FOREIGN-LOCALIZATION / OUT OF SMEsPlus BUSINESS SCOPE	GOVERNANCE_DECISION_REQUIRED
l10n_latam_base	GXX MAPPING REQUIRED	—	GXX MAPPING REQUIRED	Country localization modules; no canonical G-group for l10n domain in G01-G16	U26	U26_PACKET	CLAUDE_VERIFIED	FOREIGN-LOCALIZATION / OUT OF SMEsPlus BUSINESS SCOPE	GOVERNANCE_DECISION_REQUIRED
l10n_latam_check	GXX MAPPING REQUIRED	—	GXX MAPPING REQUIRED	Country localization modules; no canonical G-group for l10n domain in G01-G16	U26	U26_PACKET	CLAUDE_VERIFIED	FOREIGN-LOCALIZATION / OUT OF SMEsPlus BUSINESS SCOPE	GOVERNANCE_DECISION_REQUIRED
l10n_latam_invoice_document	GXX MAPPING REQUIRED	—	GXX MAPPING REQUIRED	Country localization modules; no canonical G-group for l10n domain in G01-G16	U26	U26_PACKET	CLAUDE_VERIFIED	FOREIGN-LOCALIZATION / OUT OF SMEsPlus BUSINESS SCOPE	GOVERNANCE_DECISION_REQUIRED
l10n_lb_account	GXX MAPPING REQUIRED	—	GXX MAPPING REQUIRED	Country localization modules; no canonical G-group for l10n domain in G01-G16		_PACKET	UNASSIGNED	FOREIGN-LOCALIZATION / OUT OF SMEsPlus BUSINESS SCOPE	GOVERNANCE_DECISION_REQUIRED
l10n_lk	GXX MAPPING REQUIRED	—	GXX MAPPING REQUIRED	Country localization modules; no canonical G-group for l10n domain in G01-G16		_PACKET	UNASSIGNED	FOREIGN-LOCALIZATION / OUT OF SMEsPlus BUSINESS SCOPE	GOVERNANCE_DECISION_REQUIRED
l10n_lk_invoice	GXX MAPPING REQUIRED	—	GXX MAPPING REQUIRED	Country localization modules; no canonical G-group for l10n domain in G01-G16		_PACKET	UNASSIGNED	FOREIGN-LOCALIZATION / OUT OF SMEsPlus BUSINESS SCOPE	GOVERNANCE_DECISION_REQUIRED
l10n_lt	GXX MAPPING REQUIRED	—	GXX MAPPING REQUIRED	Country localization modules; no canonical G-group for l10n domain in G01-G16		_PACKET	UNASSIGNED	FOREIGN-LOCALIZATION / OUT OF SMEsPlus BUSINESS SCOPE	GOVERNANCE_DECISION_REQUIRED
l10n_lu	GXX MAPPING REQUIRED	—	GXX MAPPING REQUIRED	Country localization modules; no canonical G-group for l10n domain in G01-G16		_PACKET	UNASSIGNED	FOREIGN-LOCALIZATION / OUT OF SMEsPlus BUSINESS SCOPE	GOVERNANCE_DECISION_REQUIRED
l10n_lv	GXX MAPPING REQUIRED	—	GXX MAPPING REQUIRED	Country localization modules; no canonical G-group for l10n domain in G01-G16		_PACKET	UNASSIGNED	FOREIGN-LOCALIZATION / OUT OF SMEsPlus BUSINESS SCOPE	GOVERNANCE_DECISION_REQUIRED
l10n_ma	GXX MAPPING REQUIRED	—	GXX MAPPING REQUIRED	Country localization modules; no canonical G-group for l10n domain in G01-G16		_PACKET	UNASSIGNED	FOREIGN-LOCALIZATION / OUT OF SMEsPlus BUSINESS SCOPE	GOVERNANCE_DECISION_REQUIRED
l10n_mc	GXX MAPPING REQUIRED	—	GXX MAPPING REQUIRED	Country localization modules; no canonical G-group for l10n domain in G01-G16		_PACKET	UNASSIGNED	FOREIGN-LOCALIZATION / OUT OF SMEsPlus BUSINESS SCOPE	GOVERNANCE_DECISION_REQUIRED
l10n_ml	GXX MAPPING REQUIRED	—	GXX MAPPING REQUIRED	Country localization modules; no canonical G-group for l10n domain in G01-G16		_PACKET	UNASSIGNED	FOREIGN-LOCALIZATION / OUT OF SMEsPlus BUSINESS SCOPE	GOVERNANCE_DECISION_REQUIRED
l10n_mn	GXX MAPPING REQUIRED	—	GXX MAPPING REQUIRED	Country localization modules; no canonical G-group for l10n domain in G01-G16		_PACKET	UNASSIGNED	FOREIGN-LOCALIZATION / OUT OF SMEsPlus BUSINESS SCOPE	GOVERNANCE_DECISION_REQUIRED
l10n_mq	GXX MAPPING REQUIRED	—	GXX MAPPING REQUIRED	Country localization modules; no canonical G-group for l10n domain in G01-G16		_PACKET	UNASSIGNED	FOREIGN-LOCALIZATION / OUT OF SMEsPlus BUSINESS SCOPE	GOVERNANCE_DECISION_REQUIRED
l10n_mr	GXX MAPPING REQUIRED	—	GXX MAPPING REQUIRED	Country localization modules; no canonical G-group for l10n domain in G01-G16		_PACKET	UNASSIGNED	FOREIGN-LOCALIZATION / OUT OF SMEsPlus BUSINESS SCOPE	GOVERNANCE_DECISION_REQUIRED
l10n_mt	GXX MAPPING REQUIRED	—	GXX MAPPING REQUIRED	Country localization modules; no canonical G-group for l10n domain in G01-G16		_PACKET	UNASSIGNED	FOREIGN-LOCALIZATION / OUT OF SMEsPlus BUSINESS SCOPE	GOVERNANCE_DECISION_REQUIRED
l10n_mt_pos	GXX MAPPING REQUIRED	—	GXX MAPPING REQUIRED	Country localization modules; no canonical G-group for l10n domain in G01-G16		_PACKET	UNASSIGNED	FOREIGN-LOCALIZATION / OUT OF SMEsPlus BUSINESS SCOPE	GOVERNANCE_DECISION_REQUIRED
l10n_mu_account	GXX MAPPING REQUIRED	—	GXX MAPPING REQUIRED	Country localization modules; no canonical G-group for l10n domain in G01-G16		_PACKET	UNASSIGNED	FOREIGN-LOCALIZATION / OUT OF SMEsPlus BUSINESS SCOPE	GOVERNANCE_DECISION_REQUIRED
l10n_mx	GXX MAPPING REQUIRED	—	GXX MAPPING REQUIRED	Country localization modules; no canonical G-group for l10n domain in G01-G16		_PACKET	UNASSIGNED	FOREIGN-LOCALIZATION / OUT OF SMEsPlus BUSINESS SCOPE	GOVERNANCE_DECISION_REQUIRED
l10n_my	GXX MAPPING REQUIRED	—	GXX MAPPING REQUIRED	Country localization modules; no canonical G-group for l10n domain in G01-G16		_PACKET	UNASSIGNED	FOREIGN-LOCALIZATION / OUT OF SMEsPlus BUSINESS SCOPE	GOVERNANCE_DECISION_REQUIRED
l10n_my_edi	GXX MAPPING REQUIRED	—	GXX MAPPING REQUIRED	Country localization modules; no canonical G-group for l10n domain in G01-G16		_PACKET	UNASSIGNED	FOREIGN-LOCALIZATION / OUT OF SMEsPlus BUSINESS SCOPE	GOVERNANCE_DECISION_REQUIRED
l10n_my_edi_pos	GXX MAPPING REQUIRED	—	GXX MAPPING REQUIRED	Country localization modules; no canonical G-group for l10n domain in G01-G16		_PACKET	UNASSIGNED	FOREIGN-LOCALIZATION / OUT OF SMEsPlus BUSINESS SCOPE	GOVERNANCE_DECISION_REQUIRED
l10n_my_ubl_pint	GXX MAPPING REQUIRED	—	GXX MAPPING REQUIRED	Country localization modules; no canonical G-group for l10n domain in G01-G16		_PACKET	UNASSIGNED	FOREIGN-LOCALIZATION / OUT OF SMEsPlus BUSINESS SCOPE	GOVERNANCE_DECISION_REQUIRED
l10n_mz	GXX MAPPING REQUIRED	—	GXX MAPPING REQUIRED	Country localization modules; no canonical G-group for l10n domain in G01-G16		_PACKET	UNASSIGNED	FOREIGN-LOCALIZATION / OUT OF SMEsPlus BUSINESS SCOPE	GOVERNANCE_DECISION_REQUIRED
l10n_ne	GXX MAPPING REQUIRED	—	GXX MAPPING REQUIRED	Country localization modules; no canonical G-group for l10n domain in G01-G16		_PACKET	UNASSIGNED	FOREIGN-LOCALIZATION / OUT OF SMEsPlus BUSINESS SCOPE	GOVERNANCE_DECISION_REQUIRED
l10n_ng	GXX MAPPING REQUIRED	—	GXX MAPPING REQUIRED	Country localization modules; no canonical G-group for l10n domain in G01-G16		_PACKET	UNASSIGNED	FOREIGN-LOCALIZATION / OUT OF SMEsPlus BUSINESS SCOPE	GOVERNANCE_DECISION_REQUIRED
l10n_nl	GXX MAPPING REQUIRED	—	GXX MAPPING REQUIRED	Country localization modules; no canonical G-group for l10n domain in G01-G16	U10	U10_PACKET	UNASSIGNED	FOREIGN-LOCALIZATION / OUT OF SMEsPlus BUSINESS SCOPE	GOVERNANCE_DECISION_REQUIRED
l10n_no	GXX MAPPING REQUIRED	—	GXX MAPPING REQUIRED	Country localization modules; no canonical G-group for l10n domain in G01-G16		_PACKET	UNASSIGNED	FOREIGN-LOCALIZATION / OUT OF SMEsPlus BUSINESS SCOPE	GOVERNANCE_DECISION_REQUIRED
l10n_nz	GXX MAPPING REQUIRED	—	GXX MAPPING REQUIRED	Country localization modules; no canonical G-group for l10n domain in G01-G16		_PACKET	UNASSIGNED	FOREIGN-LOCALIZATION / OUT OF SMEsPlus BUSINESS SCOPE	GOVERNANCE_DECISION_REQUIRED
l10n_om	GXX MAPPING REQUIRED	—	GXX MAPPING REQUIRED	Country localization modules; no canonical G-group for l10n domain in G01-G16		_PACKET	UNASSIGNED	FOREIGN-LOCALIZATION / OUT OF SMEsPlus BUSINESS SCOPE	GOVERNANCE_DECISION_REQUIRED
l10n_pa	GXX MAPPING REQUIRED	—	GXX MAPPING REQUIRED	Country localization modules; no canonical G-group for l10n domain in G01-G16		_PACKET	UNASSIGNED	FOREIGN-LOCALIZATION / OUT OF SMEsPlus BUSINESS SCOPE	GOVERNANCE_DECISION_REQUIRED
l10n_pe	GXX MAPPING REQUIRED	—	GXX MAPPING REQUIRED	Country localization modules; no canonical G-group for l10n domain in G01-G16		_PACKET	UNASSIGNED	FOREIGN-LOCALIZATION / OUT OF SMEsPlus BUSINESS SCOPE	GOVERNANCE_DECISION_REQUIRED
l10n_pe_pos	GXX MAPPING REQUIRED	—	GXX MAPPING REQUIRED	Country localization modules; no canonical G-group for l10n domain in G01-G16	U27	U27_PACKET	UNASSIGNED	FOREIGN-LOCALIZATION / OUT OF SMEsPlus BUSINESS SCOPE	GOVERNANCE_DECISION_REQUIRED
l10n_ph	GXX MAPPING REQUIRED	—	GXX MAPPING REQUIRED	Country localization modules; no canonical G-group for l10n domain in G01-G16	U23	U23_PACKET	UNASSIGNED	FOREIGN-LOCALIZATION / OUT OF SMEsPlus BUSINESS SCOPE	GOVERNANCE_DECISION_REQUIRED
l10n_pk	GXX MAPPING REQUIRED	—	GXX MAPPING REQUIRED	Country localization modules; no canonical G-group for l10n domain in G01-G16		_PACKET	UNASSIGNED	FOREIGN-LOCALIZATION / OUT OF SMEsPlus BUSINESS SCOPE	GOVERNANCE_DECISION_REQUIRED
l10n_pl	GXX MAPPING REQUIRED	—	GXX MAPPING REQUIRED	Country localization modules; no canonical G-group for l10n domain in G01-G16		_PACKET	UNASSIGNED	FOREIGN-LOCALIZATION / OUT OF SMEsPlus BUSINESS SCOPE	GOVERNANCE_DECISION_REQUIRED
l10n_pl_bank_verification	GXX MAPPING REQUIRED	—	GXX MAPPING REQUIRED	Country localization modules; no canonical G-group for l10n domain in G01-G16		_PACKET	UNASSIGNED	FOREIGN-LOCALIZATION / OUT OF SMEsPlus BUSINESS SCOPE	GOVERNANCE_DECISION_REQUIRED
l10n_pl_edi	GXX MAPPING REQUIRED	—	GXX MAPPING REQUIRED	Country localization modules; no canonical G-group for l10n domain in G01-G16		_PACKET	UNASSIGNED	FOREIGN-LOCALIZATION / OUT OF SMEsPlus BUSINESS SCOPE	GOVERNANCE_DECISION_REQUIRED
l10n_pl_edi_jst	GXX MAPPING REQUIRED	—	GXX MAPPING REQUIRED	Country localization modules; no canonical G-group for l10n domain in G01-G16		_PACKET	UNASSIGNED	FOREIGN-LOCALIZATION / OUT OF SMEsPlus BUSINESS SCOPE	GOVERNANCE_DECISION_REQUIRED
l10n_pt	GXX MAPPING REQUIRED	—	GXX MAPPING REQUIRED	Country localization modules; no canonical G-group for l10n domain in G01-G16		_PACKET	UNASSIGNED	FOREIGN-LOCALIZATION / OUT OF SMEsPlus BUSINESS SCOPE	GOVERNANCE_DECISION_REQUIRED
l10n_qa	GXX MAPPING REQUIRED	—	GXX MAPPING REQUIRED	Country localization modules; no canonical G-group for l10n domain in G01-G16		_PACKET	UNASSIGNED	FOREIGN-LOCALIZATION / OUT OF SMEsPlus BUSINESS SCOPE	GOVERNANCE_DECISION_REQUIRED
l10n_re	GXX MAPPING REQUIRED	—	GXX MAPPING REQUIRED	Country localization modules; no canonical G-group for l10n domain in G01-G16		_PACKET	UNASSIGNED	FOREIGN-LOCALIZATION / OUT OF SMEsPlus BUSINESS SCOPE	GOVERNANCE_DECISION_REQUIRED
l10n_ro	GXX MAPPING REQUIRED	—	GXX MAPPING REQUIRED	Country localization modules; no canonical G-group for l10n domain in G01-G16		_PACKET	UNASSIGNED	FOREIGN-LOCALIZATION / OUT OF SMEsPlus BUSINESS SCOPE	GOVERNANCE_DECISION_REQUIRED
l10n_ro_cpv_code	GXX MAPPING REQUIRED	—	GXX MAPPING REQUIRED	Country localization modules; no canonical G-group for l10n domain in G01-G16		_PACKET	UNASSIGNED	FOREIGN-LOCALIZATION / OUT OF SMEsPlus BUSINESS SCOPE	GOVERNANCE_DECISION_REQUIRED
l10n_ro_edi	GXX MAPPING REQUIRED	—	GXX MAPPING REQUIRED	Country localization modules; no canonical G-group for l10n domain in G01-G16		_PACKET	UNASSIGNED	FOREIGN-LOCALIZATION / OUT OF SMEsPlus BUSINESS SCOPE	GOVERNANCE_DECISION_REQUIRED
l10n_ro_edi_stock	GXX MAPPING REQUIRED	—	GXX MAPPING REQUIRED	Country localization modules; no canonical G-group for l10n domain in G01-G16		_PACKET	UNASSIGNED	FOREIGN-LOCALIZATION / OUT OF SMEsPlus BUSINESS SCOPE	GOVERNANCE_DECISION_REQUIRED
l10n_ro_edi_stock_batch	GXX MAPPING REQUIRED	—	GXX MAPPING REQUIRED	Country localization modules; no canonical G-group for l10n domain in G01-G16		_PACKET	UNASSIGNED	FOREIGN-LOCALIZATION / OUT OF SMEsPlus BUSINESS SCOPE	GOVERNANCE_DECISION_REQUIRED
l10n_rs	GXX MAPPING REQUIRED	—	GXX MAPPING REQUIRED	Country localization modules; no canonical G-group for l10n domain in G01-G16		_PACKET	UNASSIGNED	FOREIGN-LOCALIZATION / OUT OF SMEsPlus BUSINESS SCOPE	GOVERNANCE_DECISION_REQUIRED
l10n_rs_edi	GXX MAPPING REQUIRED	—	GXX MAPPING REQUIRED	Country localization modules; no canonical G-group for l10n domain in G01-G16		_PACKET	UNASSIGNED	FOREIGN-LOCALIZATION / OUT OF SMEsPlus BUSINESS SCOPE	GOVERNANCE_DECISION_REQUIRED
l10n_rw	GXX MAPPING REQUIRED	—	GXX MAPPING REQUIRED	Country localization modules; no canonical G-group for l10n domain in G01-G16		_PACKET	UNASSIGNED	FOREIGN-LOCALIZATION / OUT OF SMEsPlus BUSINESS SCOPE	GOVERNANCE_DECISION_REQUIRED
l10n_sa	GXX MAPPING REQUIRED	—	GXX MAPPING REQUIRED	Country localization modules; no canonical G-group for l10n domain in G01-G16		_PACKET	UNASSIGNED	FOREIGN-LOCALIZATION / OUT OF SMEsPlus BUSINESS SCOPE	GOVERNANCE_DECISION_REQUIRED
l10n_sa_edi	GXX MAPPING REQUIRED	—	GXX MAPPING REQUIRED	Country localization modules; no canonical G-group for l10n domain in G01-G16	U27	U27_PACKET	UNASSIGNED	FOREIGN-LOCALIZATION / OUT OF SMEsPlus BUSINESS SCOPE	GOVERNANCE_DECISION_REQUIRED
l10n_sa_edi_pos	GXX MAPPING REQUIRED	—	GXX MAPPING REQUIRED	Country localization modules; no canonical G-group for l10n domain in G01-G16		_PACKET	UNASSIGNED	FOREIGN-LOCALIZATION / OUT OF SMEsPlus BUSINESS SCOPE	GOVERNANCE_DECISION_REQUIRED
l10n_sa_pos	GXX MAPPING REQUIRED	—	GXX MAPPING REQUIRED	Country localization modules; no canonical G-group for l10n domain in G01-G16		_PACKET	UNASSIGNED	FOREIGN-LOCALIZATION / OUT OF SMEsPlus BUSINESS SCOPE	GOVERNANCE_DECISION_REQUIRED
l10n_sa_withholding_tax	GXX MAPPING REQUIRED	—	GXX MAPPING REQUIRED	Country localization modules; no canonical G-group for l10n domain in G01-G16		_PACKET	UNASSIGNED	FOREIGN-LOCALIZATION / OUT OF SMEsPlus BUSINESS SCOPE	GOVERNANCE_DECISION_REQUIRED
l10n_se	GXX MAPPING REQUIRED	—	GXX MAPPING REQUIRED	Country localization modules; no canonical G-group for l10n domain in G01-G16		_PACKET	UNASSIGNED	FOREIGN-LOCALIZATION / OUT OF SMEsPlus BUSINESS SCOPE	GOVERNANCE_DECISION_REQUIRED
l10n_sg	GXX MAPPING REQUIRED	—	GXX MAPPING REQUIRED	Country localization modules; no canonical G-group for l10n domain in G01-G16		_PACKET	UNASSIGNED	FOREIGN-LOCALIZATION / OUT OF SMEsPlus BUSINESS SCOPE	GOVERNANCE_DECISION_REQUIRED
l10n_sg_ubl_pint	GXX MAPPING REQUIRED	—	GXX MAPPING REQUIRED	Country localization modules; no canonical G-group for l10n domain in G01-G16		_PACKET	UNASSIGNED	FOREIGN-LOCALIZATION / OUT OF SMEsPlus BUSINESS SCOPE	GOVERNANCE_DECISION_REQUIRED
l10n_si	GXX MAPPING REQUIRED	—	GXX MAPPING REQUIRED	Country localization modules; no canonical G-group for l10n domain in G01-G16		_PACKET	UNASSIGNED	FOREIGN-LOCALIZATION / OUT OF SMEsPlus BUSINESS SCOPE	GOVERNANCE_DECISION_REQUIRED
l10n_sk	GXX MAPPING REQUIRED	—	GXX MAPPING REQUIRED	Country localization modules; no canonical G-group for l10n domain in G01-G16		_PACKET	UNASSIGNED	FOREIGN-LOCALIZATION / OUT OF SMEsPlus BUSINESS SCOPE	GOVERNANCE_DECISION_REQUIRED
l10n_sn	GXX MAPPING REQUIRED	—	GXX MAPPING REQUIRED	Country localization modules; no canonical G-group for l10n domain in G01-G16		_PACKET	UNASSIGNED	FOREIGN-LOCALIZATION / OUT OF SMEsPlus BUSINESS SCOPE	GOVERNANCE_DECISION_REQUIRED
l10n_syscohada	GXX MAPPING REQUIRED	—	GXX MAPPING REQUIRED	Country localization modules; no canonical G-group for l10n domain in G01-G16	U27	U27_PACKET	UNASSIGNED	FOREIGN-LOCALIZATION / OUT OF SMEsPlus BUSINESS SCOPE	GOVERNANCE_DECISION_REQUIRED
l10n_td	GXX MAPPING REQUIRED	—	GXX MAPPING REQUIRED	Country localization modules; no canonical G-group for l10n domain in G01-G16		_PACKET	UNASSIGNED	FOREIGN-LOCALIZATION / OUT OF SMEsPlus BUSINESS SCOPE	GOVERNANCE_DECISION_REQUIRED
l10n_test_pos_qr_payment	GXX MAPPING REQUIRED	—	GXX MAPPING REQUIRED	Country localization modules; no canonical G-group for l10n domain in G01-G16	U68	U68_PACKET	GATE_PASS_ONLY	FOREIGN-LOCALIZATION / OUT OF SMEsPlus BUSINESS SCOPE	GOVERNANCE_DECISION_REQUIRED
l10n_tg	GXX MAPPING REQUIRED	—	GXX MAPPING REQUIRED	Country localization modules; no canonical G-group for l10n domain in G01-G16		_PACKET	UNASSIGNED	FOREIGN-LOCALIZATION / OUT OF SMEsPlus BUSINESS SCOPE	GOVERNANCE_DECISION_REQUIRED
l10n_th	GXX MAPPING REQUIRED	—	GXX MAPPING REQUIRED	Country localization modules; no canonical G-group for l10n domain in G01-G16	U24	U24_PACKET	CLAUDE_VERIFIED	THAI-LOCALIZATION	GOVERNANCE_DECISION_REQUIRED
l10n_tn	GXX MAPPING REQUIRED	—	GXX MAPPING REQUIRED	Country localization modules; no canonical G-group for l10n domain in G01-G16		_PACKET	UNASSIGNED	FOREIGN-LOCALIZATION / OUT OF SMEsPlus BUSINESS SCOPE	GOVERNANCE_DECISION_REQUIRED
l10n_tr	GXX MAPPING REQUIRED	—	GXX MAPPING REQUIRED	Country localization modules; no canonical G-group for l10n domain in G01-G16		_PACKET	UNASSIGNED	FOREIGN-LOCALIZATION / OUT OF SMEsPlus BUSINESS SCOPE	GOVERNANCE_DECISION_REQUIRED
l10n_tr_nilvera	GXX MAPPING REQUIRED	—	GXX MAPPING REQUIRED	Country localization modules; no canonical G-group for l10n domain in G01-G16		_PACKET	UNASSIGNED	FOREIGN-LOCALIZATION / OUT OF SMEsPlus BUSINESS SCOPE	GOVERNANCE_DECISION_REQUIRED
l10n_tr_nilvera_base_vat	GXX MAPPING REQUIRED	—	GXX MAPPING REQUIRED	Country localization modules; no canonical G-group for l10n domain in G01-G16		_PACKET	UNASSIGNED	FOREIGN-LOCALIZATION / OUT OF SMEsPlus BUSINESS SCOPE	GOVERNANCE_DECISION_REQUIRED
l10n_tr_nilvera_edispatch	GXX MAPPING REQUIRED	—	GXX MAPPING REQUIRED	Country localization modules; no canonical G-group for l10n domain in G01-G16		_PACKET	UNASSIGNED	FOREIGN-LOCALIZATION / OUT OF SMEsPlus BUSINESS SCOPE	GOVERNANCE_DECISION_REQUIRED
l10n_tr_nilvera_einvoice	GXX MAPPING REQUIRED	—	GXX MAPPING REQUIRED	Country localization modules; no canonical G-group for l10n domain in G01-G16		_PACKET	UNASSIGNED	FOREIGN-LOCALIZATION / OUT OF SMEsPlus BUSINESS SCOPE	GOVERNANCE_DECISION_REQUIRED
l10n_tr_nilvera_einvoice_extended	GXX MAPPING REQUIRED	—	GXX MAPPING REQUIRED	Country localization modules; no canonical G-group for l10n domain in G01-G16		_PACKET	UNASSIGNED	FOREIGN-LOCALIZATION / OUT OF SMEsPlus BUSINESS SCOPE	GOVERNANCE_DECISION_REQUIRED
l10n_tw	GXX MAPPING REQUIRED	—	GXX MAPPING REQUIRED	Country localization modules; no canonical G-group for l10n domain in G01-G16		_PACKET	UNASSIGNED	FOREIGN-LOCALIZATION / OUT OF SMEsPlus BUSINESS SCOPE	GOVERNANCE_DECISION_REQUIRED
l10n_tw_edi_ecpay	GXX MAPPING REQUIRED	—	GXX MAPPING REQUIRED	Country localization modules; no canonical G-group for l10n domain in G01-G16		_PACKET	UNASSIGNED	FOREIGN-LOCALIZATION / OUT OF SMEsPlus BUSINESS SCOPE	GOVERNANCE_DECISION_REQUIRED
l10n_tw_edi_ecpay_pos	GXX MAPPING REQUIRED	—	GXX MAPPING REQUIRED	Country localization modules; no canonical G-group for l10n domain in G01-G16		_PACKET	UNASSIGNED	FOREIGN-LOCALIZATION / OUT OF SMEsPlus BUSINESS SCOPE	GOVERNANCE_DECISION_REQUIRED
l10n_tw_edi_ecpay_website_sale	GXX MAPPING REQUIRED	—	GXX MAPPING REQUIRED	Country localization modules; no canonical G-group for l10n domain in G01-G16		_PACKET	UNASSIGNED	FOREIGN-LOCALIZATION / OUT OF SMEsPlus BUSINESS SCOPE	GOVERNANCE_DECISION_REQUIRED
l10n_tz_account	GXX MAPPING REQUIRED	—	GXX MAPPING REQUIRED	Country localization modules; no canonical G-group for l10n domain in G01-G16		_PACKET	UNASSIGNED	FOREIGN-LOCALIZATION / OUT OF SMEsPlus BUSINESS SCOPE	GOVERNANCE_DECISION_REQUIRED
l10n_ua	GXX MAPPING REQUIRED	—	GXX MAPPING REQUIRED	Country localization modules; no canonical G-group for l10n domain in G01-G16		_PACKET	UNASSIGNED	FOREIGN-LOCALIZATION / OUT OF SMEsPlus BUSINESS SCOPE	GOVERNANCE_DECISION_REQUIRED
l10n_ug	GXX MAPPING REQUIRED	—	GXX MAPPING REQUIRED	Country localization modules; no canonical G-group for l10n domain in G01-G16		_PACKET	UNASSIGNED	FOREIGN-LOCALIZATION / OUT OF SMEsPlus BUSINESS SCOPE	GOVERNANCE_DECISION_REQUIRED
l10n_uk	GXX MAPPING REQUIRED	—	GXX MAPPING REQUIRED	Country localization modules; no canonical G-group for l10n domain in G01-G16		_PACKET	UNASSIGNED	FOREIGN-LOCALIZATION / OUT OF SMEsPlus BUSINESS SCOPE	GOVERNANCE_DECISION_REQUIRED
l10n_us	GXX MAPPING REQUIRED	—	GXX MAPPING REQUIRED	Country localization modules; no canonical G-group for l10n domain in G01-G16		_PACKET	UNASSIGNED	FOREIGN-LOCALIZATION / OUT OF SMEsPlus BUSINESS SCOPE	GOVERNANCE_DECISION_REQUIRED
l10n_us_account	GXX MAPPING REQUIRED	—	GXX MAPPING REQUIRED	Country localization modules; no canonical G-group for l10n domain in G01-G16		_PACKET	UNASSIGNED	FOREIGN-LOCALIZATION / OUT OF SMEsPlus BUSINESS SCOPE	GOVERNANCE_DECISION_REQUIRED
l10n_uy	GXX MAPPING REQUIRED	—	GXX MAPPING REQUIRED	Country localization modules; no canonical G-group for l10n domain in G01-G16		_PACKET	UNASSIGNED	FOREIGN-LOCALIZATION / OUT OF SMEsPlus BUSINESS SCOPE	GOVERNANCE_DECISION_REQUIRED
l10n_uy_pos	GXX MAPPING REQUIRED	—	GXX MAPPING REQUIRED	Country localization modules; no canonical G-group for l10n domain in G01-G16		_PACKET	UNASSIGNED	FOREIGN-LOCALIZATION / OUT OF SMEsPlus BUSINESS SCOPE	GOVERNANCE_DECISION_REQUIRED
l10n_uz	GXX MAPPING REQUIRED	—	GXX MAPPING REQUIRED	Country localization modules; no canonical G-group for l10n domain in G01-G16		_PACKET	UNASSIGNED	FOREIGN-LOCALIZATION / OUT OF SMEsPlus BUSINESS SCOPE	GOVERNANCE_DECISION_REQUIRED
l10n_ve	GXX MAPPING REQUIRED	—	GXX MAPPING REQUIRED	Country localization modules; no canonical G-group for l10n domain in G01-G16		_PACKET	UNASSIGNED	FOREIGN-LOCALIZATION / OUT OF SMEsPlus BUSINESS SCOPE	GOVERNANCE_DECISION_REQUIRED
l10n_vn	GXX MAPPING REQUIRED	—	GXX MAPPING REQUIRED	Country localization modules; no canonical G-group for l10n domain in G01-G16		_PACKET	UNASSIGNED	FOREIGN-LOCALIZATION / OUT OF SMEsPlus BUSINESS SCOPE	GOVERNANCE_DECISION_REQUIRED
l10n_vn_edi_viettel	GXX MAPPING REQUIRED	—	GXX MAPPING REQUIRED	Country localization modules; no canonical G-group for l10n domain in G01-G16		_PACKET	UNASSIGNED	FOREIGN-LOCALIZATION / OUT OF SMEsPlus BUSINESS SCOPE	GOVERNANCE_DECISION_REQUIRED
l10n_vn_edi_viettel_pos	GXX MAPPING REQUIRED	—	GXX MAPPING REQUIRED	Country localization modules; no canonical G-group for l10n domain in G01-G16		_PACKET	UNASSIGNED	FOREIGN-LOCALIZATION / OUT OF SMEsPlus BUSINESS SCOPE	GOVERNANCE_DECISION_REQUIRED
l10n_yt	GXX MAPPING REQUIRED	—	GXX MAPPING REQUIRED	Country localization modules; no canonical G-group for l10n domain in G01-G16		_PACKET	UNASSIGNED	FOREIGN-LOCALIZATION / OUT OF SMEsPlus BUSINESS SCOPE	GOVERNANCE_DECISION_REQUIRED
l10n_za	GXX MAPPING REQUIRED	—	GXX MAPPING REQUIRED	Country localization modules; no canonical G-group for l10n domain in G01-G16		_PACKET	UNASSIGNED	FOREIGN-LOCALIZATION / OUT OF SMEsPlus BUSINESS SCOPE	GOVERNANCE_DECISION_REQUIRED
l10n_zm_account	GXX MAPPING REQUIRED	—	GXX MAPPING REQUIRED	Country localization modules; no canonical G-group for l10n domain in G01-G16		_PACKET	UNASSIGNED	FOREIGN-LOCALIZATION / OUT OF SMEsPlus BUSINESS SCOPE	GOVERNANCE_DECISION_REQUIRED
link_tracker	G16	—	INFERRED — NOT CANONICAL	Module name pattern: api_doc/cloud/iap/barcodes → technical integration	U41	U41_PACKET	MECHANICAL_ONLY	GENERIC	—
loyalty	G08	—	INFERRED — NOT CANONICAL	Module name pattern: sale_* → sales	U56	U56_PACKET	GATE_PASS_ONLY	GENERIC	P2_SEMANTIC_REVIEW
lunch	G13	—	INFERRED — NOT CANONICAL	Module name pattern: hr_*/fleet/lunch → people/HR	U62	U62_PACKET	GATE_PASS_ONLY	GENERIC	P2_SEMANTIC_REVIEW
mail	G01	—	CONFIRMED	GROUP_STRUCTURE_V2_CORE_CANDIDATE_20260928.tsv	U03	U03_PACKET	MECHANICAL_ONLY	GENERIC	P1_DEPTH_STUDY
mail_bot	G14	—	INFERRED — NOT CANONICAL	Module name pattern: calendar/mail_*/microsoft_*/sms → collaboration	U53	U53_PACKET	GATE_PASS_ONLY	GENERIC	P2_SEMANTIC_REVIEW
mail_bot_hr	G14	—	INFERRED — NOT CANONICAL	Module name pattern: calendar/mail_*/microsoft_*/sms → collaboration	U42	U42_PACKET	MECHANICAL_ONLY	GENERIC	P1_DEPTH_STUDY
mail_group	G14	—	INFERRED — NOT CANONICAL	Module name pattern: calendar/mail_*/microsoft_*/sms → collaboration	U42	U42_PACKET	MECHANICAL_ONLY	GENERIC	—
mail_plugin	G14	—	INFERRED — NOT CANONICAL	Module name pattern: calendar/mail_*/microsoft_*/sms → collaboration	U42	U42_PACKET	MECHANICAL_ONLY	GENERIC	P1_DEPTH_STUDY
maintenance	G16	—	INFERRED — NOT CANONICAL	Module name pattern: api_doc/cloud/iap/barcodes → technical integration	U43	U43_PACKET	MECHANICAL_ONLY	GENERIC	—
marketing_card	G14	—	INFERRED — NOT CANONICAL	Module name pattern: calendar/mail_*/microsoft_*/sms → collaboration	U42	U42_PACKET	MECHANICAL_ONLY	GENERIC	P1_DEPTH_STUDY
mass_mailing	G14	—	INFERRED — NOT CANONICAL	Mass mailing → G14 Collaboration	U66	U66_PACKET	GATE_PASS_ONLY	GENERIC	P2_SEMANTIC_REVIEW
mass_mailing_crm	G14	—	INFERRED — NOT CANONICAL	Mass mailing → G14 Collaboration	U18	U18_PACKET	MECHANICAL_ONLY	GENERIC	P1_DEPTH_STUDY
mass_mailing_crm_sms	G14	—	INFERRED — NOT CANONICAL	Mass mailing → G14 Collaboration	U52	U52_PACKET	GATE_PASS_ONLY	GENERIC	P2_SEMANTIC_REVIEW
mass_mailing_event	G14	—	INFERRED — NOT CANONICAL	Mass mailing → G14 Collaboration	U52	U52_PACKET	GATE_PASS_ONLY	GENERIC	P2_SEMANTIC_REVIEW
mass_mailing_event_sms	G14	—	INFERRED — NOT CANONICAL	Mass mailing → G14 Collaboration	U52	U52_PACKET	GATE_PASS_ONLY	GENERIC	P2_SEMANTIC_REVIEW
mass_mailing_event_track	G14	—	INFERRED — NOT CANONICAL	Mass mailing → G14 Collaboration	U52	U52_PACKET	GATE_PASS_ONLY	GENERIC	P2_SEMANTIC_REVIEW
mass_mailing_event_track_sms	G14	—	INFERRED — NOT CANONICAL	Mass mailing → G14 Collaboration	U52	U52_PACKET	GATE_PASS_ONLY	GENERIC	P2_SEMANTIC_REVIEW
mass_mailing_sale	G14	—	INFERRED — NOT CANONICAL	Mass mailing → G14 Collaboration	U52	U52_PACKET	GATE_PASS_ONLY	GENERIC	P2_SEMANTIC_REVIEW
mass_mailing_sale_sms	G14	—	INFERRED — NOT CANONICAL	Mass mailing → G14 Collaboration	U52	U52_PACKET	GATE_PASS_ONLY	GENERIC	P2_SEMANTIC_REVIEW
mass_mailing_slides	G14	—	INFERRED — NOT CANONICAL	Mass mailing → G14 Collaboration	U52	U52_PACKET	GATE_PASS_ONLY	GENERIC	P2_SEMANTIC_REVIEW
mass_mailing_sms	G14	—	INFERRED — NOT CANONICAL	Mass mailing → G14 Collaboration	U18	U18_PACKET	MECHANICAL_ONLY	GENERIC	P1_DEPTH_STUDY
mass_mailing_themes	G14	—	INFERRED — NOT CANONICAL	Mass mailing → G14 Collaboration	U52	U52_PACKET	GATE_PASS_ONLY	GENERIC	P2_SEMANTIC_REVIEW
microsoft_account	G14	—	INFERRED — NOT CANONICAL	Module name pattern: calendar/mail_*/microsoft_*/sms → collaboration	U43	U43_PACKET	MECHANICAL_ONLY	GENERIC	—
microsoft_calendar	G14	—	INFERRED — NOT CANONICAL	Module name pattern: calendar/mail_*/microsoft_*/sms → collaboration	U43	U43_PACKET	MECHANICAL_ONLY	GENERIC	—
microsoft_outlook	G14	—	INFERRED — NOT CANONICAL	Module name pattern: calendar/mail_*/microsoft_*/sms → collaboration	U43	U43_PACKET	MECHANICAL_ONLY	GENERIC	—
mrp	G06	—	CONFIRMED	GROUP_STRUCTURE_V2_CORE_CANDIDATE_20260928.tsv	U14	U14_PACKET	MECHANICAL_ONLY	GENERIC	P1_DEPTH_STUDY
mrp_account	G06	—	INFERRED — NOT CANONICAL	Module name pattern: mrp_* → manufacturing	U15	U15_PACKET	MECHANICAL_ONLY	GENERIC	—
mrp_landed_costs	G06	—	INFERRED — NOT CANONICAL	Module name pattern: mrp_* → manufacturing	U44	U44_PACKET	MECHANICAL_ONLY	GENERIC	—
mrp_product_expiry	G06	—	INFERRED — NOT CANONICAL	Module name pattern: mrp_* → manufacturing	U53	U53_PACKET	GATE_PASS_ONLY	GENERIC	P2_SEMANTIC_REVIEW
mrp_repair	G06	—	INFERRED — NOT CANONICAL	Module name pattern: mrp_* → manufacturing	U14	U14_PACKET	MECHANICAL_ONLY	GENERIC	—
mrp_subcontracting	G06	—	INFERRED — NOT CANONICAL	Module name pattern: mrp_* → manufacturing	U15	U15_PACKET	MECHANICAL_ONLY	GENERIC	—
mrp_subcontracting_account	G06	—	INFERRED — NOT CANONICAL	Module name pattern: mrp_* → manufacturing	U15	U15_PACKET	MECHANICAL_ONLY	GENERIC	—
mrp_subcontracting_dropshipping	G06	—	INFERRED — NOT CANONICAL	Module name pattern: mrp_* → manufacturing	U15	U15_PACKET	MECHANICAL_ONLY	GENERIC	—
mrp_subcontracting_landed_costs	G06	—	INFERRED — NOT CANONICAL	Module name pattern: mrp_* → manufacturing	U15	U15_PACKET	MECHANICAL_ONLY	GENERIC	P1_DEPTH_STUDY
mrp_subcontracting_purchase	G06	—	INFERRED — NOT CANONICAL	Module name pattern: mrp_* → manufacturing	U15	U15_PACKET	MECHANICAL_ONLY	GENERIC	—
mrp_subcontracting_repair	G06	—	INFERRED — NOT CANONICAL	Module name pattern: mrp_* → manufacturing	U15	U15_PACKET	MECHANICAL_ONLY	GENERIC	P1_DEPTH_STUDY
onboarding	G01	—	CONFIRMED	GROUP_STRUCTURE_V2_CORE_CANDIDATE_20260928.tsv	U44	U44_PACKET	MECHANICAL_ONLY	GENERIC	—
partner_autocomplete	G03	—	INFERRED — NOT CANONICAL	Module name pattern: product/partner/rating → master data	U44	U44_PACKET	MECHANICAL_ONLY	GENERIC	—
partnership	G03	—	INFERRED — NOT CANONICAL	Module name pattern: product/partner/rating → master data	U44	U44_PACKET	MECHANICAL_ONLY	GENERIC	—
payment	GXX MAPPING REQUIRED	G16	INFERRED — NOT CANONICAL	Payment infrastructure; no canonical G-group with payment domain	U20	U20_PACKET	CLAUDE_VERIFIED	GENERIC	—
payment_adyen	GXX MAPPING REQUIRED	G16	INFERRED — NOT CANONICAL	Payment infrastructure; no canonical G-group with payment domain	U54	U54_PACKET	GATE_PASS_ONLY	GENERIC	P2_SEMANTIC_REVIEW
payment_aps	GXX MAPPING REQUIRED	G16	INFERRED — NOT CANONICAL	Payment infrastructure; no canonical G-group with payment domain	U54	U54_PACKET	GATE_PASS_ONLY	GENERIC	P2_SEMANTIC_REVIEW
payment_asiapay	GXX MAPPING REQUIRED	G16	INFERRED — NOT CANONICAL	Payment infrastructure; no canonical G-group with payment domain	U54	U54_PACKET	GATE_PASS_ONLY	GENERIC	P2_SEMANTIC_REVIEW
payment_authorize	GXX MAPPING REQUIRED	G16	INFERRED — NOT CANONICAL	Payment infrastructure; no canonical G-group with payment domain	U54	U54_PACKET	GATE_PASS_ONLY	GENERIC	P2_SEMANTIC_REVIEW
payment_buckaroo	GXX MAPPING REQUIRED	G16	INFERRED — NOT CANONICAL	Payment infrastructure; no canonical G-group with payment domain	U54	U54_PACKET	GATE_PASS_ONLY	GENERIC	P2_SEMANTIC_REVIEW
payment_custom	GXX MAPPING REQUIRED	G16	INFERRED — NOT CANONICAL	Payment infrastructure; no canonical G-group with payment domain	U45	U45_PACKET	MECHANICAL_ONLY	GENERIC	—
payment_demo	GXX MAPPING REQUIRED	G16	INFERRED — NOT CANONICAL	Payment infrastructure; no canonical G-group with payment domain	U45	U45_PACKET	MECHANICAL_ONLY	GENERIC	P1_DEPTH_STUDY
payment_dpo	GXX MAPPING REQUIRED	G16	INFERRED — NOT CANONICAL	Payment infrastructure; no canonical G-group with payment domain	U54	U54_PACKET	GATE_PASS_ONLY	GENERIC	P2_SEMANTIC_REVIEW
payment_ecpay	GXX MAPPING REQUIRED	G16	INFERRED — NOT CANONICAL	Payment infrastructure; no canonical G-group with payment domain	U54	U54_PACKET	GATE_PASS_ONLY	GENERIC	P2_SEMANTIC_REVIEW
payment_flutterwave	GXX MAPPING REQUIRED	G16	INFERRED — NOT CANONICAL	Payment infrastructure; no canonical G-group with payment domain	U62	U62_PACKET	GATE_PASS_ONLY	GENERIC	P2_SEMANTIC_REVIEW
payment_iyzico	GXX MAPPING REQUIRED	G16	INFERRED — NOT CANONICAL	Payment infrastructure; no canonical G-group with payment domain	U63	U63_PACKET	GATE_PASS_ONLY	GENERIC	P2_SEMANTIC_REVIEW
payment_mercado_pago	GXX MAPPING REQUIRED	G16	INFERRED — NOT CANONICAL	Payment infrastructure; no canonical G-group with payment domain	U63	U63_PACKET	GATE_PASS_ONLY	GENERIC	P2_SEMANTIC_REVIEW
payment_mollie	GXX MAPPING REQUIRED	G16	INFERRED — NOT CANONICAL	Payment infrastructure; no canonical G-group with payment domain	U63	U63_PACKET	GATE_PASS_ONLY	GENERIC	P2_SEMANTIC_REVIEW
payment_nuvei	GXX MAPPING REQUIRED	G16	INFERRED — NOT CANONICAL	Payment infrastructure; no canonical G-group with payment domain	U63	U63_PACKET	GATE_PASS_ONLY	GENERIC	P2_SEMANTIC_REVIEW
payment_paymob	GXX MAPPING REQUIRED	G16	INFERRED — NOT CANONICAL	Payment infrastructure; no canonical G-group with payment domain	U63	U63_PACKET	GATE_PASS_ONLY	GENERIC	P2_SEMANTIC_REVIEW
payment_paypal	GXX MAPPING REQUIRED	G16	INFERRED — NOT CANONICAL	Payment infrastructure; no canonical G-group with payment domain	U63	U63_PACKET	GATE_PASS_ONLY	GENERIC	P2_SEMANTIC_REVIEW
payment_payu	GXX MAPPING REQUIRED	G16	INFERRED — NOT CANONICAL	Payment infrastructure; no canonical G-group with payment domain	U63	U63_PACKET	GATE_PASS_ONLY	GENERIC	P2_SEMANTIC_REVIEW
payment_razorpay	GXX MAPPING REQUIRED	G16	INFERRED — NOT CANONICAL	Payment infrastructure; no canonical G-group with payment domain	U63	U63_PACKET	GATE_PASS_ONLY	GENERIC	P2_SEMANTIC_REVIEW
payment_redsys	GXX MAPPING REQUIRED	G16	INFERRED — NOT CANONICAL	Payment infrastructure; no canonical G-group with payment domain	U63	U63_PACKET	GATE_PASS_ONLY	GENERIC	P2_SEMANTIC_REVIEW
payment_stripe	GXX MAPPING REQUIRED	G16	INFERRED — NOT CANONICAL	Payment infrastructure; no canonical G-group with payment domain	U63	U63_PACKET	GATE_PASS_ONLY	GENERIC	P2_SEMANTIC_REVIEW
payment_toss_payments	GXX MAPPING REQUIRED	G16	INFERRED — NOT CANONICAL	Payment infrastructure; no canonical G-group with payment domain	U63	U63_PACKET	GATE_PASS_ONLY	GENERIC	P2_SEMANTIC_REVIEW
payment_worldline	GXX MAPPING REQUIRED	G16	INFERRED — NOT CANONICAL	Payment infrastructure; no canonical G-group with payment domain	U63	U63_PACKET	GATE_PASS_ONLY	GENERIC	P2_SEMANTIC_REVIEW
payment_xendit	GXX MAPPING REQUIRED	G16	INFERRED — NOT CANONICAL	Payment infrastructure; no canonical G-group with payment domain	U63	U63_PACKET	GATE_PASS_ONLY	GENERIC	P2_SEMANTIC_REVIEW
phone_validation	G01	—	CONFIRMED	GROUP_STRUCTURE_V2_CORE_CANDIDATE_20260928.tsv	U45	U45_PACKET	MECHANICAL_ONLY	GENERIC	—
point_of_sale	GXX MAPPING REQUIRED	G08	INFERRED — NOT CANONICAL	POS domain; no canonical G-group; adjacent to G08 Sales	U64	U64_PACKET	GATE_PASS_ONLY	GENERIC	P2_SEMANTIC_REVIEW
portal	G01	—	CONFIRMED	GROUP_STRUCTURE_V2_CORE_CANDIDATE_20260928.tsv	U19	U19_PACKET	MECHANICAL_ONLY	GENERIC	—
portal_rating	G09	—	INFERRED — NOT CANONICAL	Module name pattern: crm_*/iap → CRM	U45	U45_PACKET	MECHANICAL_ONLY	GENERIC	—
pos_account_tax_python	GXX MAPPING REQUIRED	G08	INFERRED — NOT CANONICAL	POS domain; no canonical G-group; adjacent to G08 Sales	U64	U64_PACKET	GATE_PASS_ONLY	GENERIC	P2_SEMANTIC_REVIEW
pos_adyen	GXX MAPPING REQUIRED	G08	INFERRED — NOT CANONICAL	POS domain; no canonical G-group; adjacent to G08 Sales	U67	U67_PACKET	GATE_PASS_ONLY	GENERIC	P2_SEMANTIC_REVIEW
pos_cashdro	GXX MAPPING REQUIRED	G08	INFERRED — NOT CANONICAL	POS domain; no canonical G-group; adjacent to G08 Sales	U66	U66_PACKET	GATE_PASS_ONLY	GENERIC	P2_SEMANTIC_REVIEW
pos_cashmatic	GXX MAPPING REQUIRED	G08	INFERRED — NOT CANONICAL	POS domain; no canonical G-group; adjacent to G08 Sales	U66	U66_PACKET	GATE_PASS_ONLY	GENERIC	P2_SEMANTIC_REVIEW
pos_discount	GXX MAPPING REQUIRED	G08	INFERRED — NOT CANONICAL	POS domain; no canonical G-group; adjacent to G08 Sales	U64	U64_PACKET	GATE_PASS_ONLY	GENERIC	P2_SEMANTIC_REVIEW
pos_dpopay	GXX MAPPING REQUIRED	G08	INFERRED — NOT CANONICAL	POS domain; no canonical G-group; adjacent to G08 Sales	U67	U67_PACKET	GATE_PASS_ONLY	GENERIC	P2_SEMANTIC_REVIEW
pos_edi_ubl	GXX MAPPING REQUIRED	G08	INFERRED — NOT CANONICAL	POS domain; no canonical G-group; adjacent to G08 Sales	U64	U64_PACKET	GATE_PASS_ONLY	GENERIC	P2_SEMANTIC_REVIEW
pos_event	GXX MAPPING REQUIRED	G08	INFERRED — NOT CANONICAL	POS domain; no canonical G-group; adjacent to G08 Sales	U67	U67_PACKET	GATE_PASS_ONLY	GENERIC	P2_SEMANTIC_REVIEW
pos_event_sale	GXX MAPPING REQUIRED	G08	INFERRED — NOT CANONICAL	POS domain; no canonical G-group; adjacent to G08 Sales	U67	U67_PACKET	GATE_PASS_ONLY	GENERIC	P2_SEMANTIC_REVIEW
pos_glory_cash	GXX MAPPING REQUIRED	G08	INFERRED — NOT CANONICAL	POS domain; no canonical G-group; adjacent to G08 Sales	U66	U66_PACKET	GATE_PASS_ONLY	GENERIC	P2_SEMANTIC_REVIEW
pos_hr	GXX MAPPING REQUIRED	G08	INFERRED — NOT CANONICAL	POS domain; no canonical G-group; adjacent to G08 Sales	U64	U64_PACKET	GATE_PASS_ONLY	GENERIC	P2_SEMANTIC_REVIEW
pos_hr_restaurant	GXX MAPPING REQUIRED	G08	INFERRED — NOT CANONICAL	POS domain; no canonical G-group; adjacent to G08 Sales	U67	U67_PACKET	GATE_PASS_ONLY	GENERIC	P2_SEMANTIC_REVIEW
pos_imin	GXX MAPPING REQUIRED	G08	INFERRED — NOT CANONICAL	POS domain; no canonical G-group; adjacent to G08 Sales	U66	U66_PACKET	GATE_PASS_ONLY	GENERIC	P2_SEMANTIC_REVIEW
pos_loyalty	GXX MAPPING REQUIRED	G08	INFERRED — NOT CANONICAL	POS domain; no canonical G-group; adjacent to G08 Sales	U64	U64_PACKET	GATE_PASS_ONLY	GENERIC	P2_SEMANTIC_REVIEW
pos_mercado_pago	GXX MAPPING REQUIRED	G08	INFERRED — NOT CANONICAL	POS domain; no canonical G-group; adjacent to G08 Sales	U67	U67_PACKET	GATE_PASS_ONLY	GENERIC	P2_SEMANTIC_REVIEW
pos_mollie	GXX MAPPING REQUIRED	G08	INFERRED — NOT CANONICAL	POS domain; no canonical G-group; adjacent to G08 Sales	U67	U67_PACKET	GATE_PASS_ONLY	GENERIC	P2_SEMANTIC_REVIEW
pos_mrp	GXX MAPPING REQUIRED	G08	INFERRED — NOT CANONICAL	POS domain; no canonical G-group; adjacent to G08 Sales	U64	U64_PACKET	GATE_PASS_ONLY	GENERIC	P2_SEMANTIC_REVIEW
pos_online_payment	GXX MAPPING REQUIRED	G08	INFERRED — NOT CANONICAL	POS domain; no canonical G-group; adjacent to G08 Sales	U67	U67_PACKET	GATE_PASS_ONLY	GENERIC	P2_SEMANTIC_REVIEW
pos_online_payment_self_order	GXX MAPPING REQUIRED	G08	INFERRED — NOT CANONICAL	POS domain; no canonical G-group; adjacent to G08 Sales	U67	U67_PACKET	GATE_PASS_ONLY	GENERIC	P2_SEMANTIC_REVIEW
pos_pine_labs	GXX MAPPING REQUIRED	G08	INFERRED — NOT CANONICAL	POS domain; no canonical G-group; adjacent to G08 Sales	U66	U66_PACKET	GATE_PASS_ONLY	GENERIC	P2_SEMANTIC_REVIEW
pos_qfpay	GXX MAPPING REQUIRED	G08	INFERRED — NOT CANONICAL	POS domain; no canonical G-group; adjacent to G08 Sales	U66	U66_PACKET	GATE_PASS_ONLY	GENERIC	P2_SEMANTIC_REVIEW
pos_razorpay	GXX MAPPING REQUIRED	G08	INFERRED — NOT CANONICAL	POS domain; no canonical G-group; adjacent to G08 Sales	U67	U67_PACKET	GATE_PASS_ONLY	GENERIC	P2_SEMANTIC_REVIEW
pos_repair	GXX MAPPING REQUIRED	G08	INFERRED — NOT CANONICAL	POS domain; no canonical G-group; adjacent to G08 Sales	U67	U67_PACKET	GATE_PASS_ONLY	GENERIC	P2_SEMANTIC_REVIEW
pos_restaurant	GXX MAPPING REQUIRED	G08	INFERRED — NOT CANONICAL	POS domain; no canonical G-group; adjacent to G08 Sales	U66	U66_PACKET	GATE_PASS_ONLY	GENERIC	P2_SEMANTIC_REVIEW
pos_restaurant_adyen	GXX MAPPING REQUIRED	G08	INFERRED — NOT CANONICAL	POS domain; no canonical G-group; adjacent to G08 Sales	U66	U66_PACKET	GATE_PASS_ONLY	GENERIC	P2_SEMANTIC_REVIEW
pos_restaurant_loyalty	GXX MAPPING REQUIRED	G08	INFERRED — NOT CANONICAL	POS domain; no canonical G-group; adjacent to G08 Sales	U66	U66_PACKET	GATE_PASS_ONLY	GENERIC	P2_SEMANTIC_REVIEW
pos_restaurant_stripe	GXX MAPPING REQUIRED	G08	INFERRED — NOT CANONICAL	POS domain; no canonical G-group; adjacent to G08 Sales	U66	U66_PACKET	GATE_PASS_ONLY	GENERIC	P2_SEMANTIC_REVIEW
pos_safaricom	GXX MAPPING REQUIRED	G08	INFERRED — NOT CANONICAL	POS domain; no canonical G-group; adjacent to G08 Sales	U66	U66_PACKET	GATE_PASS_ONLY	GENERIC	P2_SEMANTIC_REVIEW
pos_sale	GXX MAPPING REQUIRED	G08	INFERRED — NOT CANONICAL	POS domain; no canonical G-group; adjacent to G08 Sales	U64	U64_PACKET	GATE_PASS_ONLY	GENERIC	P2_SEMANTIC_REVIEW
pos_sale_loyalty	GXX MAPPING REQUIRED	G08	INFERRED — NOT CANONICAL	POS domain; no canonical G-group; adjacent to G08 Sales	U64	U64_PACKET	GATE_PASS_ONLY	GENERIC	P2_SEMANTIC_REVIEW
pos_sale_margin	GXX MAPPING REQUIRED	G08	INFERRED — NOT CANONICAL	POS domain; no canonical G-group; adjacent to G08 Sales	U64	U64_PACKET	GATE_PASS_ONLY	GENERIC	P2_SEMANTIC_REVIEW
pos_self_order	GXX MAPPING REQUIRED	G08	INFERRED — NOT CANONICAL	POS domain; no canonical G-group; adjacent to G08 Sales	U66	U66_PACKET	GATE_PASS_ONLY	GENERIC	P2_SEMANTIC_REVIEW
pos_self_order_adyen	GXX MAPPING REQUIRED	G08	INFERRED — NOT CANONICAL	POS domain; no canonical G-group; adjacent to G08 Sales	U66	U66_PACKET	GATE_PASS_ONLY	GENERIC	P2_SEMANTIC_REVIEW
pos_self_order_pine_labs	GXX MAPPING REQUIRED	G08	INFERRED — NOT CANONICAL	POS domain; no canonical G-group; adjacent to G08 Sales	U66	U66_PACKET	GATE_PASS_ONLY	GENERIC	P2_SEMANTIC_REVIEW
pos_self_order_qfpay	GXX MAPPING REQUIRED	G08	INFERRED — NOT CANONICAL	POS domain; no canonical G-group; adjacent to G08 Sales	U66	U66_PACKET	GATE_PASS_ONLY	GENERIC	P2_SEMANTIC_REVIEW
pos_self_order_razorpay	GXX MAPPING REQUIRED	G08	INFERRED — NOT CANONICAL	POS domain; no canonical G-group; adjacent to G08 Sales	U66	U66_PACKET	GATE_PASS_ONLY	GENERIC	P2_SEMANTIC_REVIEW
pos_self_order_sale	GXX MAPPING REQUIRED	G08	INFERRED — NOT CANONICAL	POS domain; no canonical G-group; adjacent to G08 Sales	U66	U66_PACKET	GATE_PASS_ONLY	GENERIC	P2_SEMANTIC_REVIEW
pos_self_order_stripe	GXX MAPPING REQUIRED	G08	INFERRED — NOT CANONICAL	POS domain; no canonical G-group; adjacent to G08 Sales	U66	U66_PACKET	GATE_PASS_ONLY	GENERIC	P2_SEMANTIC_REVIEW
pos_self_order_viva_com	GXX MAPPING REQUIRED	G08	INFERRED — NOT CANONICAL	POS domain; no canonical G-group; adjacent to G08 Sales	U66	U66_PACKET	GATE_PASS_ONLY	GENERIC	P2_SEMANTIC_REVIEW
pos_sms	GXX MAPPING REQUIRED	G08	INFERRED — NOT CANONICAL	POS domain; no canonical G-group; adjacent to G08 Sales	U64	U64_PACKET	GATE_PASS_ONLY	GENERIC	P2_SEMANTIC_REVIEW
pos_stripe	GXX MAPPING REQUIRED	G08	INFERRED — NOT CANONICAL	POS domain; no canonical G-group; adjacent to G08 Sales	U67	U67_PACKET	GATE_PASS_ONLY	GENERIC	P2_SEMANTIC_REVIEW
pos_viva_com	GXX MAPPING REQUIRED	G08	INFERRED — NOT CANONICAL	POS domain; no canonical G-group; adjacent to G08 Sales	U67	U67_PACKET	GATE_PASS_ONLY	GENERIC	P2_SEMANTIC_REVIEW
privacy_lookup	G01	—	CONFIRMED	GROUP_STRUCTURE_V2_CORE_CANDIDATE_20260928.tsv	U45	U45_PACKET	MECHANICAL_ONLY	GENERIC	—
product	G03	—	CONFIRMED	GROUP_STRUCTURE_V2_CORE_CANDIDATE_20260928.tsv	U02	U02_PACKET	MECHANICAL_ONLY	GENERIC	P1_DEPTH_STUDY
product_email_template	G03	—	INFERRED — NOT CANONICAL	Module name pattern: product/partner/rating → master data	U45	U45_PACKET	MECHANICAL_ONLY	GENERIC	—
product_expiry	G03	—	INFERRED — NOT CANONICAL	Module name pattern: product/partner/rating → master data	U54	U54_PACKET	GATE_PASS_ONLY	GENERIC	P2_SEMANTIC_REVIEW
product_margin	G03	—	INFERRED — NOT CANONICAL	Module name pattern: product/partner/rating → master data	U45	U45_PACKET	MECHANICAL_ONLY	GENERIC	—
product_matrix	G03	—	INFERRED — NOT CANONICAL	Module name pattern: product/partner/rating → master data	U45	U45_PACKET	MECHANICAL_ONLY	GENERIC	—
project	G12	—	CONFIRMED	GROUP_STRUCTURE_V2_CORE_CANDIDATE_20260928.tsv	U16	U16_PACKET	MECHANICAL_ONLY	GENERIC	P1_DEPTH_STUDY
project_account	G12	—	INFERRED — NOT CANONICAL	Module name pattern: project_*/hr_timesheet → project services	U46	U46_PACKET	MECHANICAL_ONLY	GENERIC	P1_DEPTH_STUDY
project_hr_expense	G12	—	INFERRED — NOT CANONICAL	Module name pattern: project_*/hr_timesheet → project services	U46	U46_PACKET	MECHANICAL_ONLY	GENERIC	P1_DEPTH_STUDY
project_hr_skills	G12	—	INFERRED — NOT CANONICAL	Module name pattern: project_*/hr_timesheet → project services	U46	U46_PACKET	MECHANICAL_ONLY	GENERIC	P1_DEPTH_STUDY
project_mail_plugin	G12	—	INFERRED — NOT CANONICAL	Module name pattern: project_*/hr_timesheet → project services	U46	U46_PACKET	MECHANICAL_ONLY	GENERIC	P1_DEPTH_STUDY
project_mrp	G12	—	INFERRED — NOT CANONICAL	Module name pattern: project_*/hr_timesheet → project services	U46	U46_PACKET	MECHANICAL_ONLY	GENERIC	P1_DEPTH_STUDY
project_mrp_account	G12	—	INFERRED — NOT CANONICAL	Module name pattern: project_*/hr_timesheet → project services	U46	U46_PACKET	MECHANICAL_ONLY	GENERIC	P1_DEPTH_STUDY
project_mrp_sale	G12	—	INFERRED — NOT CANONICAL	Module name pattern: project_*/hr_timesheet → project services	U46	U46_PACKET	MECHANICAL_ONLY	GENERIC	P1_DEPTH_STUDY
project_mrp_stock_landed_costs	G12	—	INFERRED — NOT CANONICAL	Module name pattern: project_*/hr_timesheet → project services	U46	U46_PACKET	MECHANICAL_ONLY	GENERIC	P1_DEPTH_STUDY
project_purchase	G12	—	INFERRED — NOT CANONICAL	Module name pattern: project_*/hr_timesheet → project services	U46	U46_PACKET	MECHANICAL_ONLY	GENERIC	P1_DEPTH_STUDY
project_purchase_stock	G12	—	INFERRED — NOT CANONICAL	Module name pattern: project_*/hr_timesheet → project services	U46	U46_PACKET	MECHANICAL_ONLY	GENERIC	P1_DEPTH_STUDY
project_sale_expense	G12	—	INFERRED — NOT CANONICAL	Module name pattern: project_*/hr_timesheet → project services	U46	U46_PACKET	MECHANICAL_ONLY	GENERIC	P1_DEPTH_STUDY
project_sms	G12	—	INFERRED — NOT CANONICAL	Module name pattern: project_*/hr_timesheet → project services	U46	U46_PACKET	MECHANICAL_ONLY	GENERIC	P1_DEPTH_STUDY
project_stock	G12	—	INFERRED — NOT CANONICAL	Module name pattern: project_*/hr_timesheet → project services	U46	U46_PACKET	MECHANICAL_ONLY	GENERIC	P1_DEPTH_STUDY
project_stock_account	G12	—	INFERRED — NOT CANONICAL	Module name pattern: project_*/hr_timesheet → project services	U46	U46_PACKET	MECHANICAL_ONLY	GENERIC	—
project_stock_landed_costs	G12	—	INFERRED — NOT CANONICAL	Module name pattern: project_*/hr_timesheet → project services	U46	U46_PACKET	MECHANICAL_ONLY	GENERIC	P1_DEPTH_STUDY
project_timesheet_holidays	G12	—	INFERRED — NOT CANONICAL	Module name pattern: project_*/hr_timesheet → project services	U46	U46_PACKET	MECHANICAL_ONLY	GENERIC	—
project_todo	G12	—	INFERRED — NOT CANONICAL	Module name pattern: project_*/hr_timesheet → project services	U46	U46_PACKET	MECHANICAL_ONLY	GENERIC	P1_DEPTH_STUDY
purchase	G07	—	CONFIRMED	GROUP_STRUCTURE_V2_CORE_CANDIDATE_20260928.tsv	U06	U06_PACKET	MECHANICAL_ONLY	GENERIC	P1_DEPTH_STUDY
purchase_edi_ubl_bis3	G07	—	INFERRED — NOT CANONICAL	Module name pattern: purchase_* → purchase	U07	U07_PACKET	MECHANICAL_ONLY	GENERIC	P1_DEPTH_STUDY
purchase_mrp	G07	—	INFERRED — NOT CANONICAL	Module name pattern: purchase_* → purchase	U06	U06_PACKET	MECHANICAL_ONLY	GENERIC	—
purchase_product_matrix	G07	—	INFERRED — NOT CANONICAL	Module name pattern: purchase_* → purchase	U07	U07_PACKET	MECHANICAL_ONLY	GENERIC	P1_DEPTH_STUDY
purchase_repair	G07	—	INFERRED — NOT CANONICAL	Module name pattern: purchase_* → purchase	U07	U07_PACKET	MECHANICAL_ONLY	GENERIC	P1_DEPTH_STUDY
purchase_requisition	G07	—	INFERRED — NOT CANONICAL	Module name pattern: purchase_* → purchase	U06	U06_PACKET	MECHANICAL_ONLY	GENERIC	—
purchase_requisition_sale	G07	—	INFERRED — NOT CANONICAL	Module name pattern: purchase_* → purchase	U06	U06_PACKET	MECHANICAL_ONLY	GENERIC	P1_DEPTH_STUDY
purchase_requisition_stock	G07	—	INFERRED — NOT CANONICAL	Module name pattern: purchase_* → purchase	U06	U06_PACKET	MECHANICAL_ONLY	GENERIC	P1_DEPTH_STUDY
purchase_stock	G07	—	INFERRED — NOT CANONICAL	Module name pattern: purchase_* → purchase	U06	U06_PACKET	MECHANICAL_ONLY	GENERIC	—
rating	G03	—	INFERRED — NOT CANONICAL	Module name pattern: product/partner/rating → master data	U50	U50_PACKET	GATE_PASS_ONLY	GENERIC	P2_SEMANTIC_REVIEW
repair	G05	—	INFERRED — NOT CANONICAL	Module name pattern: stock_*/delivery → inventory	U57	U57_PACKET	GATE_PASS_ONLY	GENERIC	P2_SEMANTIC_REVIEW
resource	G01	—	CONFIRMED	GROUP_STRUCTURE_V2_CORE_CANDIDATE_20260928.tsv	U46	U46_PACKET	MECHANICAL_ONLY	GENERIC	—
resource_mail	G01	—	CONFIRMED	GROUP_STRUCTURE_V2_CORE_CANDIDATE_20260928.tsv	U03	U03_PACKET	MECHANICAL_ONLY	GENERIC	P1_DEPTH_STUDY
rpc	G16	—	INFERRED — NOT CANONICAL	Module name pattern: api_doc/cloud/iap/barcodes → technical integration	U59	U59_PACKET	GATE_PASS_ONLY	GENERIC	P2_SEMANTIC_REVIEW
sale	G08	—	CONFIRMED	GROUP_STRUCTURE_V2_CORE_CANDIDATE_20260928.tsv	U04	U04_PACKET	MECHANICAL_ONLY	GENERIC	P1_DEPTH_STUDY
sale_crm	G08	—	INFERRED — NOT CANONICAL	Module name pattern: sale_* → sales	U04	U04_PACKET	MECHANICAL_ONLY	GENERIC	—
sale_edi_ubl	G08	—	INFERRED — NOT CANONICAL	Module name pattern: sale_* → sales	U56	U56_PACKET	GATE_PASS_ONLY	GENERIC	P2_SEMANTIC_REVIEW
sale_expense	G08	—	INFERRED — NOT CANONICAL	Module name pattern: sale_* → sales	U56	U56_PACKET	GATE_PASS_ONLY	GENERIC	P2_SEMANTIC_REVIEW
sale_expense_margin	G08	—	INFERRED — NOT CANONICAL	Module name pattern: sale_* → sales	U56	U56_PACKET	GATE_PASS_ONLY	GENERIC	P2_SEMANTIC_REVIEW
sale_gelato	G08	—	INFERRED — NOT CANONICAL	Module name pattern: sale_* → sales	U56	U56_PACKET	GATE_PASS_ONLY	GENERIC	P2_SEMANTIC_REVIEW
sale_gelato_stock	GXX MAPPING REQUIRED	—	UNKNOWN — NOT IN ANY LOOKUP	No pattern match	U22	U22_PACKET	UNASSIGNED	GENERIC	—
sale_loyalty	G08	—	INFERRED — NOT CANONICAL	Module name pattern: sale_* → sales	U05	U05_PACKET	MECHANICAL_ONLY	GENERIC	—
sale_loyalty_delivery	G08	—	INFERRED — NOT CANONICAL	Module name pattern: sale_* → sales	U56	U56_PACKET	GATE_PASS_ONLY	GENERIC	P2_SEMANTIC_REVIEW
sale_management	G08	—	INFERRED — NOT CANONICAL	Module name pattern: sale_* → sales	U04	U04_PACKET	MECHANICAL_ONLY	GENERIC	—
sale_margin	G08	—	INFERRED — NOT CANONICAL	Module name pattern: sale_* → sales	U56	U56_PACKET	GATE_PASS_ONLY	GENERIC	P2_SEMANTIC_REVIEW
sale_mrp	G08	—	INFERRED — NOT CANONICAL	Module name pattern: sale_* → sales	U56	U56_PACKET	GATE_PASS_ONLY	GENERIC	P2_SEMANTIC_REVIEW
sale_mrp_margin	G08	—	INFERRED — NOT CANONICAL	Module name pattern: sale_* → sales	U56	U56_PACKET	GATE_PASS_ONLY	GENERIC	P2_SEMANTIC_REVIEW
sale_pdf_quote_builder	G08	—	INFERRED — NOT CANONICAL	Module name pattern: sale_* → sales	U56	U56_PACKET	GATE_PASS_ONLY	GENERIC	P2_SEMANTIC_REVIEW
sale_product_matrix	G08	—	INFERRED — NOT CANONICAL	Module name pattern: sale_* → sales	U56	U56_PACKET	GATE_PASS_ONLY	GENERIC	P2_SEMANTIC_REVIEW
sale_project	G08	—	INFERRED — NOT CANONICAL	Module name pattern: sale_* → sales	U16	U16_PACKET	UNASSIGNED	GENERIC	—
sale_project_stock	G08	—	INFERRED — NOT CANONICAL	Module name pattern: sale_* → sales	U56	U56_PACKET	GATE_PASS_ONLY	GENERIC	P2_SEMANTIC_REVIEW
sale_project_stock_account	G08	—	INFERRED — NOT CANONICAL	Module name pattern: sale_* → sales	U56	U56_PACKET	GATE_PASS_ONLY	GENERIC	P2_SEMANTIC_REVIEW
sale_purchase	G08	—	INFERRED — NOT CANONICAL	Module name pattern: sale_* → sales	U56	U56_PACKET	GATE_PASS_ONLY	GENERIC	P2_SEMANTIC_REVIEW
sale_purchase_project	G08	—	INFERRED — NOT CANONICAL	Module name pattern: sale_* → sales	U56	U56_PACKET	GATE_PASS_ONLY	GENERIC	P2_SEMANTIC_REVIEW
sale_purchase_stock	G08	—	INFERRED — NOT CANONICAL	Module name pattern: sale_* → sales	U56	U56_PACKET	GATE_PASS_ONLY	GENERIC	P2_SEMANTIC_REVIEW
sale_service	G08	—	INFERRED — NOT CANONICAL	Module name pattern: sale_* → sales	U05	U05_PACKET	MECHANICAL_ONLY	GENERIC	P1_DEPTH_STUDY
sale_sms	G08	—	INFERRED — NOT CANONICAL	Module name pattern: sale_* → sales	U56	U56_PACKET	GATE_PASS_ONLY	GENERIC	P2_SEMANTIC_REVIEW
sale_stock	G08	—	INFERRED — NOT CANONICAL	Module name pattern: sale_* → sales	U05	U05_PACKET	MECHANICAL_ONLY	GENERIC	—
sale_stock_margin	G08	—	INFERRED — NOT CANONICAL	Module name pattern: sale_* → sales	U56	U56_PACKET	GATE_PASS_ONLY	GENERIC	P2_SEMANTIC_REVIEW
sale_stock_product_expiry	G08	—	INFERRED — NOT CANONICAL	Module name pattern: sale_* → sales	U56	U56_PACKET	GATE_PASS_ONLY	GENERIC	P2_SEMANTIC_REVIEW
sale_timesheet	G12	—	INFERRED — NOT CANONICAL	Module name pattern: project_*/hr_timesheet → project services	U16	U16_PACKET	UNASSIGNED	GENERIC	—
sale_timesheet_margin	G08	—	INFERRED — NOT CANONICAL	Module name pattern: sale_* → sales	U56	U56_PACKET	GATE_PASS_ONLY	GENERIC	P2_SEMANTIC_REVIEW
sales_team	G08	—	INFERRED — NOT CANONICAL	Module name pattern: sale_* → sales	U04	U04_PACKET	MECHANICAL_ONLY	GENERIC	—
sms	G14	—	INFERRED — NOT CANONICAL	Module name pattern: calendar/mail_*/microsoft_*/sms → collaboration	U56	U56_PACKET	GATE_PASS_ONLY	GENERIC	P2_SEMANTIC_REVIEW
sms_twilio	G14	—	INFERRED — NOT CANONICAL	Module name pattern: calendar/mail_*/microsoft_*/sms → collaboration	U56	U56_PACKET	GATE_PASS_ONLY	GENERIC	P2_SEMANTIC_REVIEW
snailmail	G14	—	INFERRED — NOT CANONICAL	Module name pattern: calendar/mail_*/microsoft_*/sms → collaboration	U53	U53_PACKET	GATE_PASS_ONLY	GENERIC	P2_SEMANTIC_REVIEW
snailmail_account	G10	G04	INFERRED — NOT CANONICAL	Module name pattern: account_* process extensions	U53	U53_PACKET	GATE_PASS_ONLY	GENERIC	P2_SEMANTIC_REVIEW
social_media	G14	—	INFERRED — NOT CANONICAL	Module name pattern: calendar/mail_*/microsoft_*/sms → collaboration	U53	U53_PACKET	GATE_PASS_ONLY	GENERIC	P2_SEMANTIC_REVIEW
spreadsheet	G15	—	INFERRED — NOT CANONICAL	Module name pattern: spreadsheet_*/board → dashboard/report	U56	U56_PACKET	GATE_PASS_ONLY	GENERIC	P2_SEMANTIC_REVIEW
spreadsheet_account	G15	—	INFERRED — NOT CANONICAL	Module name pattern: spreadsheet_*/board → dashboard/report	U56	U56_PACKET	GATE_PASS_ONLY	GENERIC	P2_SEMANTIC_REVIEW
spreadsheet_dashboard	G15	—	INFERRED — NOT CANONICAL	Module name pattern: spreadsheet_*/board → dashboard/report	U56	U56_PACKET	GATE_PASS_ONLY	GENERIC	P2_SEMANTIC_REVIEW
spreadsheet_dashboard_account	G15	—	INFERRED — NOT CANONICAL	Module name pattern: spreadsheet_*/board → dashboard/report	U58	U58_PACKET	GATE_PASS_ONLY	GENERIC	P2_SEMANTIC_REVIEW
spreadsheet_dashboard_event_sale	G15	—	INFERRED — NOT CANONICAL	Module name pattern: spreadsheet_*/board → dashboard/report	U58	U58_PACKET	GATE_PASS_ONLY	GENERIC	P2_SEMANTIC_REVIEW
spreadsheet_dashboard_hr_expense	G15	—	INFERRED — NOT CANONICAL	Module name pattern: spreadsheet_*/board → dashboard/report	U58	U58_PACKET	GATE_PASS_ONLY	GENERIC	P2_SEMANTIC_REVIEW
spreadsheet_dashboard_hr_timesheet	G15	—	INFERRED — NOT CANONICAL	Module name pattern: spreadsheet_*/board → dashboard/report	U58	U58_PACKET	GATE_PASS_ONLY	GENERIC	P2_SEMANTIC_REVIEW
spreadsheet_dashboard_im_livechat	G15	—	INFERRED — NOT CANONICAL	Module name pattern: spreadsheet_*/board → dashboard/report	U62	U62_PACKET	GATE_PASS_ONLY	GENERIC	P2_SEMANTIC_REVIEW
spreadsheet_dashboard_pos_hr	G15	—	INFERRED — NOT CANONICAL	Module name pattern: spreadsheet_*/board → dashboard/report	U62	U62_PACKET	GATE_PASS_ONLY	GENERIC	P2_SEMANTIC_REVIEW
spreadsheet_dashboard_pos_restaurant	G15	—	INFERRED — NOT CANONICAL	Module name pattern: spreadsheet_*/board → dashboard/report	U62	U62_PACKET	GATE_PASS_ONLY	GENERIC	P2_SEMANTIC_REVIEW
spreadsheet_dashboard_sale	G15	—	INFERRED — NOT CANONICAL	Module name pattern: spreadsheet_*/board → dashboard/report	U62	U62_PACKET	GATE_PASS_ONLY	GENERIC	P2_SEMANTIC_REVIEW
spreadsheet_dashboard_sale_timesheet	G15	—	INFERRED — NOT CANONICAL	Module name pattern: spreadsheet_*/board → dashboard/report	U62	U62_PACKET	GATE_PASS_ONLY	GENERIC	P2_SEMANTIC_REVIEW
spreadsheet_dashboard_stock_account	G15	—	INFERRED — NOT CANONICAL	Module name pattern: spreadsheet_*/board → dashboard/report	U62	U62_PACKET	GATE_PASS_ONLY	GENERIC	P2_SEMANTIC_REVIEW
spreadsheet_dashboard_website_sale	G15	—	INFERRED — NOT CANONICAL	Module name pattern: spreadsheet_*/board → dashboard/report	U62	U62_PACKET	GATE_PASS_ONLY	GENERIC	P2_SEMANTIC_REVIEW
spreadsheet_dashboard_website_sale_slides	G15	—	INFERRED — NOT CANONICAL	Module name pattern: spreadsheet_*/board → dashboard/report	U62	U62_PACKET	GATE_PASS_ONLY	GENERIC	P2_SEMANTIC_REVIEW
stock	G05	—	CONFIRMED	GROUP_STRUCTURE_V2_CORE_CANDIDATE_20260928.tsv	U08	U08_PACKET	MECHANICAL_ONLY	GENERIC	P1_DEPTH_STUDY
stock_account	G05	—	INFERRED — NOT CANONICAL	Module name pattern: stock_*/delivery → inventory	U58	U58_PACKET	GATE_PASS_ONLY	GENERIC	P2_SEMANTIC_REVIEW
stock_delivery	G05	—	INFERRED — NOT CANONICAL	Module name pattern: stock_*/delivery → inventory	U08	U08_PACKET	MECHANICAL_ONLY	GENERIC	—
stock_dropshipping	G05	—	INFERRED — NOT CANONICAL	Module name pattern: stock_*/delivery → inventory	U10	U10_PACKET	MECHANICAL_ONLY	GENERIC	—
stock_fleet	G05	—	INFERRED — NOT CANONICAL	Module name pattern: stock_*/delivery → inventory	U57	U57_PACKET	GATE_PASS_ONLY	GENERIC	P2_SEMANTIC_REVIEW
stock_landed_costs	G05	—	INFERRED — NOT CANONICAL	Module name pattern: stock_*/delivery → inventory	U10	U10_PACKET	MECHANICAL_ONLY	GENERIC	—
stock_maintenance	G05	—	INFERRED — NOT CANONICAL	Module name pattern: stock_*/delivery → inventory	U57	U57_PACKET	GATE_PASS_ONLY	GENERIC	P2_SEMANTIC_REVIEW
stock_picking_batch	G05	—	INFERRED — NOT CANONICAL	Module name pattern: stock_*/delivery → inventory	U57	U57_PACKET	GATE_PASS_ONLY	GENERIC	P2_SEMANTIC_REVIEW
stock_sms	G05	—	INFERRED — NOT CANONICAL	Module name pattern: stock_*/delivery → inventory	U57	U57_PACKET	GATE_PASS_ONLY	GENERIC	P2_SEMANTIC_REVIEW
survey	G12	G09	INFERRED — NOT CANONICAL	Survey → G12 Project Services or G09 CRM depending on use	U46	U46_PACKET	MECHANICAL_ONLY	GENERIC	P1_DEPTH_STUDY
survey_crm	G12	G09	INFERRED — NOT CANONICAL	Survey → G12 Project Services or G09 CRM depending on use	U46	U46_PACKET	MECHANICAL_ONLY	GENERIC	P1_DEPTH_STUDY
test_access_rights	GXX MAPPING REQUIRED	—	GXX MAPPING REQUIRED	Test infrastructure modules; no business domain G-group	TXC	TXC_PACKET	UNASSIGNED	GENERIC	GOVERNANCE_DECISION_REQUIRED
test_action_bindings	GXX MAPPING REQUIRED	—	GXX MAPPING REQUIRED	Test infrastructure modules; no business domain G-group		_PACKET	UNASSIGNED	GENERIC	GOVERNANCE_DECISION_REQUIRED
test_assetsbundle	GXX MAPPING REQUIRED	—	GXX MAPPING REQUIRED	Test infrastructure modules; no business domain G-group		_PACKET	UNASSIGNED	GENERIC	GOVERNANCE_DECISION_REQUIRED
test_auth_custom	GXX MAPPING REQUIRED	—	GXX MAPPING REQUIRED	Test infrastructure modules; no business domain G-group		_PACKET	UNASSIGNED	GENERIC	GOVERNANCE_DECISION_REQUIRED
test_base_automation	GXX MAPPING REQUIRED	—	GXX MAPPING REQUIRED	Test infrastructure modules; no business domain G-group		_PACKET	UNASSIGNED	GENERIC	GOVERNANCE_DECISION_REQUIRED
test_convert	GXX MAPPING REQUIRED	—	GXX MAPPING REQUIRED	Test infrastructure modules; no business domain G-group		_PACKET	UNASSIGNED	GENERIC	GOVERNANCE_DECISION_REQUIRED
test_converter	GXX MAPPING REQUIRED	—	GXX MAPPING REQUIRED	Test infrastructure modules; no business domain G-group		_PACKET	UNASSIGNED	GENERIC	GOVERNANCE_DECISION_REQUIRED
test_crm_full	GXX MAPPING REQUIRED	—	GXX MAPPING REQUIRED	Test infrastructure modules; no business domain G-group		_PACKET	UNASSIGNED	GENERIC	GOVERNANCE_DECISION_REQUIRED
test_data_module	GXX MAPPING REQUIRED	—	GXX MAPPING REQUIRED	Test infrastructure modules; no business domain G-group		_PACKET	UNASSIGNED	GENERIC	GOVERNANCE_DECISION_REQUIRED
test_data_module_install	GXX MAPPING REQUIRED	—	GXX MAPPING REQUIRED	Test infrastructure modules; no business domain G-group		_PACKET	UNASSIGNED	GENERIC	GOVERNANCE_DECISION_REQUIRED
test_discuss_full	GXX MAPPING REQUIRED	—	GXX MAPPING REQUIRED	Test infrastructure modules; no business domain G-group		_PACKET	UNASSIGNED	GENERIC	GOVERNANCE_DECISION_REQUIRED
test_event_full	GXX MAPPING REQUIRED	—	GXX MAPPING REQUIRED	Test infrastructure modules; no business domain G-group		_PACKET	UNASSIGNED	GENERIC	GOVERNANCE_DECISION_REQUIRED
test_html_field_history	GXX MAPPING REQUIRED	—	GXX MAPPING REQUIRED	Test infrastructure modules; no business domain G-group		_PACKET	UNASSIGNED	GENERIC	GOVERNANCE_DECISION_REQUIRED
test_http	GXX MAPPING REQUIRED	—	GXX MAPPING REQUIRED	Test infrastructure modules; no business domain G-group		_PACKET	UNASSIGNED	GENERIC	GOVERNANCE_DECISION_REQUIRED
test_import_export	GXX MAPPING REQUIRED	—	GXX MAPPING REQUIRED	Test infrastructure modules; no business domain G-group		_PACKET	UNASSIGNED	GENERIC	GOVERNANCE_DECISION_REQUIRED
test_inherit	GXX MAPPING REQUIRED	—	GXX MAPPING REQUIRED	Test infrastructure modules; no business domain G-group		_PACKET	UNASSIGNED	GENERIC	GOVERNANCE_DECISION_REQUIRED
test_inherit_depends	GXX MAPPING REQUIRED	—	GXX MAPPING REQUIRED	Test infrastructure modules; no business domain G-group		_PACKET	UNASSIGNED	GENERIC	GOVERNANCE_DECISION_REQUIRED
test_inherits	GXX MAPPING REQUIRED	—	GXX MAPPING REQUIRED	Test infrastructure modules; no business domain G-group		_PACKET	UNASSIGNED	GENERIC	GOVERNANCE_DECISION_REQUIRED
test_inherits_depends	GXX MAPPING REQUIRED	—	GXX MAPPING REQUIRED	Test infrastructure modules; no business domain G-group		_PACKET	UNASSIGNED	GENERIC	GOVERNANCE_DECISION_REQUIRED
test_lint	GXX MAPPING REQUIRED	—	GXX MAPPING REQUIRED	Test infrastructure modules; no business domain G-group		_PACKET	UNASSIGNED	GENERIC	GOVERNANCE_DECISION_REQUIRED
test_mail	GXX MAPPING REQUIRED	—	GXX MAPPING REQUIRED	Test infrastructure modules; no business domain G-group		_PACKET	UNASSIGNED	GENERIC	GOVERNANCE_DECISION_REQUIRED
test_mail_full	GXX MAPPING REQUIRED	—	GXX MAPPING REQUIRED	Test infrastructure modules; no business domain G-group		_PACKET	UNASSIGNED	GENERIC	GOVERNANCE_DECISION_REQUIRED
test_mail_sms	GXX MAPPING REQUIRED	—	GXX MAPPING REQUIRED	Test infrastructure modules; no business domain G-group		_PACKET	UNASSIGNED	GENERIC	GOVERNANCE_DECISION_REQUIRED
test_main_flows	GXX MAPPING REQUIRED	—	GXX MAPPING REQUIRED	Test infrastructure modules; no business domain G-group		_PACKET	UNASSIGNED	GENERIC	GOVERNANCE_DECISION_REQUIRED
test_mass_mailing	GXX MAPPING REQUIRED	—	GXX MAPPING REQUIRED	Test infrastructure modules; no business domain G-group		_PACKET	UNASSIGNED	GENERIC	GOVERNANCE_DECISION_REQUIRED
test_mimetypes	GXX MAPPING REQUIRED	—	GXX MAPPING REQUIRED	Test infrastructure modules; no business domain G-group		_PACKET	UNASSIGNED	GENERIC	GOVERNANCE_DECISION_REQUIRED
test_orm	GXX MAPPING REQUIRED	—	GXX MAPPING REQUIRED	Test infrastructure modules; no business domain G-group		_PACKET	UNASSIGNED	GENERIC	GOVERNANCE_DECISION_REQUIRED
test_read_group	GXX MAPPING REQUIRED	—	GXX MAPPING REQUIRED	Test infrastructure modules; no business domain G-group		_PACKET	UNASSIGNED	GENERIC	GOVERNANCE_DECISION_REQUIRED
test_resource	GXX MAPPING REQUIRED	—	GXX MAPPING REQUIRED	Test infrastructure modules; no business domain G-group		_PACKET	UNASSIGNED	GENERIC	GOVERNANCE_DECISION_REQUIRED
test_rpc	GXX MAPPING REQUIRED	—	GXX MAPPING REQUIRED	Test infrastructure modules; no business domain G-group		_PACKET	UNASSIGNED	GENERIC	GOVERNANCE_DECISION_REQUIRED
test_sale_product_configurators	GXX MAPPING REQUIRED	—	GXX MAPPING REQUIRED	Test infrastructure modules; no business domain G-group		_PACKET	UNASSIGNED	GENERIC	GOVERNANCE_DECISION_REQUIRED
test_sale_purchase_edi_ubl	GXX MAPPING REQUIRED	—	GXX MAPPING REQUIRED	Test infrastructure modules; no business domain G-group		_PACKET	UNASSIGNED	GENERIC	GOVERNANCE_DECISION_REQUIRED
test_search_panel	GXX MAPPING REQUIRED	—	GXX MAPPING REQUIRED	Test infrastructure modules; no business domain G-group		_PACKET	UNASSIGNED	GENERIC	GOVERNANCE_DECISION_REQUIRED
test_spreadsheet	GXX MAPPING REQUIRED	—	GXX MAPPING REQUIRED	Test infrastructure modules; no business domain G-group		_PACKET	UNASSIGNED	GENERIC	GOVERNANCE_DECISION_REQUIRED
test_testing_utilities	GXX MAPPING REQUIRED	—	GXX MAPPING REQUIRED	Test infrastructure modules; no business domain G-group		_PACKET	UNASSIGNED	GENERIC	GOVERNANCE_DECISION_REQUIRED
test_themes	GXX MAPPING REQUIRED	—	GXX MAPPING REQUIRED	Test infrastructure modules; no business domain G-group		_PACKET	UNASSIGNED	GENERIC	GOVERNANCE_DECISION_REQUIRED
test_translation_import	GXX MAPPING REQUIRED	—	GXX MAPPING REQUIRED	Test infrastructure modules; no business domain G-group		_PACKET	UNASSIGNED	GENERIC	GOVERNANCE_DECISION_REQUIRED
test_uninstall	GXX MAPPING REQUIRED	—	GXX MAPPING REQUIRED	Test infrastructure modules; no business domain G-group	TXC	TXC_PACKET	UNASSIGNED	GENERIC	GOVERNANCE_DECISION_REQUIRED
test_website	GXX MAPPING REQUIRED	—	GXX MAPPING REQUIRED	Test infrastructure modules; no business domain G-group		_PACKET	UNASSIGNED	GENERIC	GOVERNANCE_DECISION_REQUIRED
test_website_modules	GXX MAPPING REQUIRED	—	GXX MAPPING REQUIRED	Test infrastructure modules; no business domain G-group		_PACKET	UNASSIGNED	GENERIC	GOVERNANCE_DECISION_REQUIRED
test_website_slides_full	GXX MAPPING REQUIRED	—	GXX MAPPING REQUIRED	Test infrastructure modules; no business domain G-group		_PACKET	UNASSIGNED	GENERIC	GOVERNANCE_DECISION_REQUIRED
theme_anelusia	GXX MAPPING REQUIRED	G13	GXX MAPPING REQUIRED	Website theme modules; canonical assignment pending governance decision		_PACKET	UNASSIGNED	GENERIC	GOVERNANCE_DECISION_REQUIRED
theme_artists	GXX MAPPING REQUIRED	G13	GXX MAPPING REQUIRED	Website theme modules; canonical assignment pending governance decision		_PACKET	UNASSIGNED	GENERIC	GOVERNANCE_DECISION_REQUIRED
theme_avantgarde	GXX MAPPING REQUIRED	G13	GXX MAPPING REQUIRED	Website theme modules; canonical assignment pending governance decision		_PACKET	UNASSIGNED	GENERIC	GOVERNANCE_DECISION_REQUIRED
theme_aviato	GXX MAPPING REQUIRED	G13	GXX MAPPING REQUIRED	Website theme modules; canonical assignment pending governance decision		_PACKET	UNASSIGNED	GENERIC	GOVERNANCE_DECISION_REQUIRED
theme_beauty	GXX MAPPING REQUIRED	G13	GXX MAPPING REQUIRED	Website theme modules; canonical assignment pending governance decision		_PACKET	UNASSIGNED	GENERIC	GOVERNANCE_DECISION_REQUIRED
theme_bewise	GXX MAPPING REQUIRED	G13	GXX MAPPING REQUIRED	Website theme modules; canonical assignment pending governance decision		_PACKET	UNASSIGNED	GENERIC	GOVERNANCE_DECISION_REQUIRED
theme_bistro	GXX MAPPING REQUIRED	G13	GXX MAPPING REQUIRED	Website theme modules; canonical assignment pending governance decision		_PACKET	UNASSIGNED	GENERIC	GOVERNANCE_DECISION_REQUIRED
theme_bookstore	GXX MAPPING REQUIRED	G13	GXX MAPPING REQUIRED	Website theme modules; canonical assignment pending governance decision		_PACKET	UNASSIGNED	GENERIC	GOVERNANCE_DECISION_REQUIRED
theme_buzzy	GXX MAPPING REQUIRED	G13	GXX MAPPING REQUIRED	Website theme modules; canonical assignment pending governance decision		_PACKET	UNASSIGNED	GENERIC	GOVERNANCE_DECISION_REQUIRED
theme_clean	GXX MAPPING REQUIRED	G13	GXX MAPPING REQUIRED	Website theme modules; canonical assignment pending governance decision		_PACKET	UNASSIGNED	GENERIC	GOVERNANCE_DECISION_REQUIRED
theme_cobalt	GXX MAPPING REQUIRED	G13	GXX MAPPING REQUIRED	Website theme modules; canonical assignment pending governance decision		_PACKET	UNASSIGNED	GENERIC	GOVERNANCE_DECISION_REQUIRED
theme_common	GXX MAPPING REQUIRED	G13	GXX MAPPING REQUIRED	Website theme modules; canonical assignment pending governance decision		_PACKET	UNASSIGNED	GENERIC	GOVERNANCE_DECISION_REQUIRED
theme_default	GXX MAPPING REQUIRED	G13	GXX MAPPING REQUIRED	Website theme modules; canonical assignment pending governance decision		_PACKET	UNASSIGNED	GENERIC	GOVERNANCE_DECISION_REQUIRED
theme_enark	GXX MAPPING REQUIRED	G13	GXX MAPPING REQUIRED	Website theme modules; canonical assignment pending governance decision		_PACKET	UNASSIGNED	GENERIC	GOVERNANCE_DECISION_REQUIRED
theme_graphene	GXX MAPPING REQUIRED	G13	GXX MAPPING REQUIRED	Website theme modules; canonical assignment pending governance decision		_PACKET	UNASSIGNED	GENERIC	GOVERNANCE_DECISION_REQUIRED
theme_kea	GXX MAPPING REQUIRED	G13	GXX MAPPING REQUIRED	Website theme modules; canonical assignment pending governance decision		_PACKET	UNASSIGNED	GENERIC	GOVERNANCE_DECISION_REQUIRED
theme_kiddo	GXX MAPPING REQUIRED	G13	GXX MAPPING REQUIRED	Website theme modules; canonical assignment pending governance decision		_PACKET	UNASSIGNED	GENERIC	GOVERNANCE_DECISION_REQUIRED
theme_loftspace	GXX MAPPING REQUIRED	G13	GXX MAPPING REQUIRED	Website theme modules; canonical assignment pending governance decision		_PACKET	UNASSIGNED	GENERIC	GOVERNANCE_DECISION_REQUIRED
theme_monglia	GXX MAPPING REQUIRED	G13	GXX MAPPING REQUIRED	Website theme modules; canonical assignment pending governance decision		_PACKET	UNASSIGNED	GENERIC	GOVERNANCE_DECISION_REQUIRED
theme_nano	GXX MAPPING REQUIRED	G13	GXX MAPPING REQUIRED	Website theme modules; canonical assignment pending governance decision		_PACKET	UNASSIGNED	GENERIC	GOVERNANCE_DECISION_REQUIRED
theme_notes	GXX MAPPING REQUIRED	G13	GXX MAPPING REQUIRED	Website theme modules; canonical assignment pending governance decision		_PACKET	UNASSIGNED	GENERIC	GOVERNANCE_DECISION_REQUIRED
theme_odoo_experts	GXX MAPPING REQUIRED	G13	GXX MAPPING REQUIRED	Website theme modules; canonical assignment pending governance decision		_PACKET	UNASSIGNED	GENERIC	GOVERNANCE_DECISION_REQUIRED
theme_orchid	GXX MAPPING REQUIRED	G13	GXX MAPPING REQUIRED	Website theme modules; canonical assignment pending governance decision		_PACKET	UNASSIGNED	GENERIC	GOVERNANCE_DECISION_REQUIRED
theme_paptic	GXX MAPPING REQUIRED	G13	GXX MAPPING REQUIRED	Website theme modules; canonical assignment pending governance decision		_PACKET	UNASSIGNED	GENERIC	GOVERNANCE_DECISION_REQUIRED
theme_real_estate	GXX MAPPING REQUIRED	G13	GXX MAPPING REQUIRED	Website theme modules; canonical assignment pending governance decision		_PACKET	UNASSIGNED	GENERIC	GOVERNANCE_DECISION_REQUIRED
theme_test_custo	GXX MAPPING REQUIRED	G13	GXX MAPPING REQUIRED	Website theme modules; canonical assignment pending governance decision		_PACKET	UNASSIGNED	GENERIC	GOVERNANCE_DECISION_REQUIRED
theme_treehouse	GXX MAPPING REQUIRED	G13	GXX MAPPING REQUIRED	Website theme modules; canonical assignment pending governance decision		_PACKET	UNASSIGNED	GENERIC	GOVERNANCE_DECISION_REQUIRED
theme_vehicle	GXX MAPPING REQUIRED	G13	GXX MAPPING REQUIRED	Website theme modules; canonical assignment pending governance decision		_PACKET	UNASSIGNED	GENERIC	GOVERNANCE_DECISION_REQUIRED
theme_yes	GXX MAPPING REQUIRED	G13	GXX MAPPING REQUIRED	Website theme modules; canonical assignment pending governance decision		_PACKET	UNASSIGNED	GENERIC	GOVERNANCE_DECISION_REQUIRED
theme_zap	GXX MAPPING REQUIRED	G13	GXX MAPPING REQUIRED	Website theme modules; canonical assignment pending governance decision		_PACKET	UNASSIGNED	GENERIC	GOVERNANCE_DECISION_REQUIRED
transifex	G16	—	INFERRED — NOT CANONICAL	Module name pattern: api_doc/cloud/iap/barcodes → technical integration	U59	U59_PACKET	GATE_PASS_ONLY	GENERIC	P2_SEMANTIC_REVIEW
uom	G03	—	CONFIRMED	GROUP_STRUCTURE_V2_CORE_CANDIDATE_20260928.tsv	U02	U02_PACKET	MECHANICAL_ONLY	GENERIC	—
utm	G01	—	CONFIRMED	GROUP_STRUCTURE_V2_CORE_CANDIDATE_20260928.tsv	U58	U58_PACKET	GATE_PASS_ONLY	GENERIC	P2_SEMANTIC_REVIEW
web	G01	—	CONFIRMED	GROUP_STRUCTURE_V2_CORE_CANDIDATE_20260928.tsv	U01	U01_PACKET	MECHANICAL_ONLY	GENERIC	P1_DEPTH_STUDY
web_hierarchy	G01	—	CONFIRMED	GROUP_STRUCTURE_V2_CORE_CANDIDATE_20260928.tsv	U59	U59_PACKET	GATE_PASS_ONLY	GENERIC	P2_SEMANTIC_REVIEW
web_tour	G01	—	CONFIRMED	GROUP_STRUCTURE_V2_CORE_CANDIDATE_20260928.tsv	U59	U59_PACKET	GATE_PASS_ONLY	GENERIC	P2_SEMANTIC_REVIEW
web_unsplash	G01	—	CONFIRMED	GROUP_STRUCTURE_V2_CORE_CANDIDATE_20260928.tsv	U59	U59_PACKET	GATE_PASS_ONLY	GENERIC	P2_SEMANTIC_REVIEW
website	GXX MAPPING REQUIRED	G13	INFERRED — NOT CANONICAL	Website/eCommerce extensions; canonical G13 People roster doesn't include these explicitly	U19	U19_PACKET	MECHANICAL_ONLY	GENERIC	P1_DEPTH_STUDY
website_blog	GXX MAPPING REQUIRED	G13	INFERRED — NOT CANONICAL	Website/eCommerce extensions; canonical G13 People roster doesn't include these explicitly	U60	U60_PACKET	GATE_PASS_ONLY	GENERIC	P2_SEMANTIC_REVIEW
website_cf_turnstile	GXX MAPPING REQUIRED	G13	INFERRED — NOT CANONICAL	Website/eCommerce extensions; canonical G13 People roster doesn't include these explicitly	U60	U60_PACKET	GATE_PASS_ONLY	GENERIC	P2_SEMANTIC_REVIEW
website_crm	GXX MAPPING REQUIRED	G13	INFERRED — NOT CANONICAL	Website/eCommerce extensions; canonical G13 People roster doesn't include these explicitly	U61	U61_PACKET	GATE_PASS_ONLY	GENERIC	P2_SEMANTIC_REVIEW
website_crm_iap_reveal	GXX MAPPING REQUIRED	G13	INFERRED — NOT CANONICAL	Website/eCommerce extensions; canonical G13 People roster doesn't include these explicitly	U61	U61_PACKET	GATE_PASS_ONLY	GENERIC	P2_SEMANTIC_REVIEW
website_crm_livechat	GXX MAPPING REQUIRED	G13	INFERRED — NOT CANONICAL	Website/eCommerce extensions; canonical G13 People roster doesn't include these explicitly	U61	U61_PACKET	GATE_PASS_ONLY	GENERIC	P2_SEMANTIC_REVIEW
website_crm_partner_assign	GXX MAPPING REQUIRED	G13	INFERRED — NOT CANONICAL	Website/eCommerce extensions; canonical G13 People roster doesn't include these explicitly	U61	U61_PACKET	GATE_PASS_ONLY	GENERIC	P2_SEMANTIC_REVIEW
website_crm_sms	GXX MAPPING REQUIRED	G13	INFERRED — NOT CANONICAL	Website/eCommerce extensions; canonical G13 People roster doesn't include these explicitly	U61	U61_PACKET	GATE_PASS_ONLY	GENERIC	P2_SEMANTIC_REVIEW
website_customer	GXX MAPPING REQUIRED	G13	INFERRED — NOT CANONICAL	Website/eCommerce extensions; canonical G13 People roster doesn't include these explicitly	U61	U61_PACKET	GATE_PASS_ONLY	GENERIC	P2_SEMANTIC_REVIEW
website_event	GXX MAPPING REQUIRED	G13	INFERRED — NOT CANONICAL	Website/eCommerce extensions; canonical G13 People roster doesn't include these explicitly	U65	U65_PACKET	GATE_PASS_ONLY	GENERIC	P2_SEMANTIC_REVIEW
website_event_booth	GXX MAPPING REQUIRED	G13	INFERRED — NOT CANONICAL	Website/eCommerce extensions; canonical G13 People roster doesn't include these explicitly	U65	U65_PACKET	GATE_PASS_ONLY	GENERIC	P2_SEMANTIC_REVIEW
website_event_booth_exhibitor	GXX MAPPING REQUIRED	G13	INFERRED — NOT CANONICAL	Website/eCommerce extensions; canonical G13 People roster doesn't include these explicitly	U65	U65_PACKET	GATE_PASS_ONLY	GENERIC	P2_SEMANTIC_REVIEW
website_event_booth_sale	GXX MAPPING REQUIRED	G13	INFERRED — NOT CANONICAL	Website/eCommerce extensions; canonical G13 People roster doesn't include these explicitly	U65	U65_PACKET	GATE_PASS_ONLY	GENERIC	P2_SEMANTIC_REVIEW
website_event_booth_sale_exhibitor	GXX MAPPING REQUIRED	G13	INFERRED — NOT CANONICAL	Website/eCommerce extensions; canonical G13 People roster doesn't include these explicitly	U65	U65_PACKET	GATE_PASS_ONLY	GENERIC	P2_SEMANTIC_REVIEW
website_event_crm	GXX MAPPING REQUIRED	G13	INFERRED — NOT CANONICAL	Website/eCommerce extensions; canonical G13 People roster doesn't include these explicitly	U65	U65_PACKET	GATE_PASS_ONLY	GENERIC	P2_SEMANTIC_REVIEW
website_event_exhibitor	GXX MAPPING REQUIRED	G13	INFERRED — NOT CANONICAL	Website/eCommerce extensions; canonical G13 People roster doesn't include these explicitly	U65	U65_PACKET	GATE_PASS_ONLY	GENERIC	P2_SEMANTIC_REVIEW
website_event_sale	GXX MAPPING REQUIRED	G13	INFERRED — NOT CANONICAL	Website/eCommerce extensions; canonical G13 People roster doesn't include these explicitly	U65	U65_PACKET	GATE_PASS_ONLY	GENERIC	P2_SEMANTIC_REVIEW
website_event_track	GXX MAPPING REQUIRED	G13	INFERRED — NOT CANONICAL	Website/eCommerce extensions; canonical G13 People roster doesn't include these explicitly	U65	U65_PACKET	GATE_PASS_ONLY	GENERIC	P2_SEMANTIC_REVIEW
website_event_track_live	GXX MAPPING REQUIRED	G13	INFERRED — NOT CANONICAL	Website/eCommerce extensions; canonical G13 People roster doesn't include these explicitly	U65	U65_PACKET	GATE_PASS_ONLY	GENERIC	P2_SEMANTIC_REVIEW
website_event_track_live_quiz	GXX MAPPING REQUIRED	G13	INFERRED — NOT CANONICAL	Website/eCommerce extensions; canonical G13 People roster doesn't include these explicitly	U65	U65_PACKET	GATE_PASS_ONLY	GENERIC	P2_SEMANTIC_REVIEW
website_event_track_quiz	GXX MAPPING REQUIRED	G13	INFERRED — NOT CANONICAL	Website/eCommerce extensions; canonical G13 People roster doesn't include these explicitly	U65	U65_PACKET	GATE_PASS_ONLY	GENERIC	P2_SEMANTIC_REVIEW
website_forum	GXX MAPPING REQUIRED	G13	INFERRED — NOT CANONICAL	Website/eCommerce extensions; canonical G13 People roster doesn't include these explicitly	U60	U60_PACKET	GATE_PASS_ONLY	GENERIC	P2_SEMANTIC_REVIEW
website_google_map	GXX MAPPING REQUIRED	G13	INFERRED — NOT CANONICAL	Website/eCommerce extensions; canonical G13 People roster doesn't include these explicitly	U60	U60_PACKET	GATE_PASS_ONLY	GENERIC	P2_SEMANTIC_REVIEW
website_hr_recruitment	GXX MAPPING REQUIRED	G13	INFERRED — NOT CANONICAL	Website/eCommerce extensions; canonical G13 People roster doesn't include these explicitly	U61	U61_PACKET	GATE_PASS_ONLY	GENERIC	P2_SEMANTIC_REVIEW
website_hr_recruitment_livechat	GXX MAPPING REQUIRED	G13	INFERRED — NOT CANONICAL	Website/eCommerce extensions; canonical G13 People roster doesn't include these explicitly	U61	U61_PACKET	GATE_PASS_ONLY	GENERIC	P2_SEMANTIC_REVIEW
website_links	GXX MAPPING REQUIRED	G13	INFERRED — NOT CANONICAL	Website/eCommerce extensions; canonical G13 People roster doesn't include these explicitly	U60	U60_PACKET	GATE_PASS_ONLY	GENERIC	P2_SEMANTIC_REVIEW
website_livechat	GXX MAPPING REQUIRED	G13	INFERRED — NOT CANONICAL	Website/eCommerce extensions; canonical G13 People roster doesn't include these explicitly	U60	U60_PACKET	GATE_PASS_ONLY	GENERIC	P2_SEMANTIC_REVIEW
website_mail	GXX MAPPING REQUIRED	G13	INFERRED — NOT CANONICAL	Website/eCommerce extensions; canonical G13 People roster doesn't include these explicitly	U60	U60_PACKET	GATE_PASS_ONLY	GENERIC	P2_SEMANTIC_REVIEW
website_mail_group	GXX MAPPING REQUIRED	G13	INFERRED — NOT CANONICAL	Website/eCommerce extensions; canonical G13 People roster doesn't include these explicitly	U60	U60_PACKET	GATE_PASS_ONLY	GENERIC	P2_SEMANTIC_REVIEW
website_mass_mailing	GXX MAPPING REQUIRED	G13	INFERRED — NOT CANONICAL	Website/eCommerce extensions; canonical G13 People roster doesn't include these explicitly	U61	U61_PACKET	GATE_PASS_ONLY	GENERIC	P2_SEMANTIC_REVIEW
website_mass_mailing_sms	GXX MAPPING REQUIRED	G13	INFERRED — NOT CANONICAL	Website/eCommerce extensions; canonical G13 People roster doesn't include these explicitly	U61	U61_PACKET	GATE_PASS_ONLY	GENERIC	P2_SEMANTIC_REVIEW
website_partner	GXX MAPPING REQUIRED	G13	INFERRED — NOT CANONICAL	Website/eCommerce extensions; canonical G13 People roster doesn't include these explicitly	U60	U60_PACKET	GATE_PASS_ONLY	GENERIC	P2_SEMANTIC_REVIEW
website_payment	GXX MAPPING REQUIRED	G13	INFERRED — NOT CANONICAL	Website/eCommerce extensions; canonical G13 People roster doesn't include these explicitly	U61	U61_PACKET	GATE_PASS_ONLY	GENERIC	P2_SEMANTIC_REVIEW
website_profile	GXX MAPPING REQUIRED	G13	INFERRED — NOT CANONICAL	Website/eCommerce extensions; canonical G13 People roster doesn't include these explicitly	U60	U60_PACKET	GATE_PASS_ONLY	GENERIC	P2_SEMANTIC_REVIEW
website_project	GXX MAPPING REQUIRED	G13	INFERRED — NOT CANONICAL	Website/eCommerce extensions; canonical G13 People roster doesn't include these explicitly	U61	U61_PACKET	GATE_PASS_ONLY	GENERIC	P2_SEMANTIC_REVIEW
website_sale	GXX MAPPING REQUIRED	G13	INFERRED — NOT CANONICAL	Website/eCommerce extensions; canonical G13 People roster doesn't include these explicitly	U65	U65_PACKET	GATE_PASS_ONLY	GENERIC	P2_SEMANTIC_REVIEW
website_sale_autocomplete	GXX MAPPING REQUIRED	G13	INFERRED — NOT CANONICAL	Website/eCommerce extensions; canonical G13 People roster doesn't include these explicitly	U65	U65_PACKET	GATE_PASS_ONLY	GENERIC	P2_SEMANTIC_REVIEW
website_sale_collect	GXX MAPPING REQUIRED	G13	INFERRED — NOT CANONICAL	Website/eCommerce extensions; canonical G13 People roster doesn't include these explicitly	U65	U65_PACKET	GATE_PASS_ONLY	GENERIC	P2_SEMANTIC_REVIEW
website_sale_collect_wishlist	GXX MAPPING REQUIRED	G13	INFERRED — NOT CANONICAL	Website/eCommerce extensions; canonical G13 People roster doesn't include these explicitly	U65	U65_PACKET	GATE_PASS_ONLY	GENERIC	P2_SEMANTIC_REVIEW
website_sale_comparison	GXX MAPPING REQUIRED	G13	INFERRED — NOT CANONICAL	Website/eCommerce extensions; canonical G13 People roster doesn't include these explicitly	U65	U65_PACKET	GATE_PASS_ONLY	GENERIC	P2_SEMANTIC_REVIEW
website_sale_comparison_wishlist	GXX MAPPING REQUIRED	G13	INFERRED — NOT CANONICAL	Website/eCommerce extensions; canonical G13 People roster doesn't include these explicitly	U65	U65_PACKET	GATE_PASS_ONLY	GENERIC	P2_SEMANTIC_REVIEW
website_sale_gelato	GXX MAPPING REQUIRED	G13	INFERRED — NOT CANONICAL	Website/eCommerce extensions; canonical G13 People roster doesn't include these explicitly	U65	U65_PACKET	GATE_PASS_ONLY	GENERIC	P2_SEMANTIC_REVIEW
website_sale_loyalty	GXX MAPPING REQUIRED	G13	INFERRED — NOT CANONICAL	Website/eCommerce extensions; canonical G13 People roster doesn't include these explicitly	U65	U65_PACKET	GATE_PASS_ONLY	GENERIC	P2_SEMANTIC_REVIEW
website_sale_mass_mailing	GXX MAPPING REQUIRED	G13	INFERRED — NOT CANONICAL	Website/eCommerce extensions; canonical G13 People roster doesn't include these explicitly	U65	U65_PACKET	GATE_PASS_ONLY	GENERIC	P2_SEMANTIC_REVIEW
website_sale_mondialrelay	GXX MAPPING REQUIRED	G13	INFERRED — NOT CANONICAL	Website/eCommerce extensions; canonical G13 People roster doesn't include these explicitly	U65	U65_PACKET	GATE_PASS_ONLY	GENERIC	P2_SEMANTIC_REVIEW
website_sale_mrp	GXX MAPPING REQUIRED	G13	INFERRED — NOT CANONICAL	Website/eCommerce extensions; canonical G13 People roster doesn't include these explicitly	U65	U65_PACKET	GATE_PASS_ONLY	GENERIC	P2_SEMANTIC_REVIEW
website_sale_slides	GXX MAPPING REQUIRED	G13	INFERRED — NOT CANONICAL	Website/eCommerce extensions; canonical G13 People roster doesn't include these explicitly	U65	U65_PACKET	GATE_PASS_ONLY	GENERIC	P2_SEMANTIC_REVIEW
website_sale_stock	GXX MAPPING REQUIRED	G13	INFERRED — NOT CANONICAL	Website/eCommerce extensions; canonical G13 People roster doesn't include these explicitly	U65	U65_PACKET	GATE_PASS_ONLY	GENERIC	P2_SEMANTIC_REVIEW
website_sale_stock_wishlist	GXX MAPPING REQUIRED	G13	INFERRED — NOT CANONICAL	Website/eCommerce extensions; canonical G13 People roster doesn't include these explicitly	U65	U65_PACKET	GATE_PASS_ONLY	GENERIC	P2_SEMANTIC_REVIEW
website_sale_wishlist	GXX MAPPING REQUIRED	G13	INFERRED — NOT CANONICAL	Website/eCommerce extensions; canonical G13 People roster doesn't include these explicitly	U65	U65_PACKET	GATE_PASS_ONLY	GENERIC	P2_SEMANTIC_REVIEW
website_slides	GXX MAPPING REQUIRED	G13	INFERRED — NOT CANONICAL	Website/eCommerce extensions; canonical G13 People roster doesn't include these explicitly	U65	U65_PACKET	GATE_PASS_ONLY	GENERIC	P2_SEMANTIC_REVIEW
website_slides_forum	GXX MAPPING REQUIRED	G13	INFERRED — NOT CANONICAL	Website/eCommerce extensions; canonical G13 People roster doesn't include these explicitly	U65	U65_PACKET	GATE_PASS_ONLY	GENERIC	P2_SEMANTIC_REVIEW
website_slides_survey	GXX MAPPING REQUIRED	G13	INFERRED — NOT CANONICAL	Website/eCommerce extensions; canonical G13 People roster doesn't include these explicitly	U65	U65_PACKET	GATE_PASS_ONLY	GENERIC	P2_SEMANTIC_REVIEW
website_sms	GXX MAPPING REQUIRED	G13	INFERRED — NOT CANONICAL	Website/eCommerce extensions; canonical G13 People roster doesn't include these explicitly	U61	U61_PACKET	GATE_PASS_ONLY	GENERIC	P2_SEMANTIC_REVIEW
website_timesheet	GXX MAPPING REQUIRED	G13	INFERRED — NOT CANONICAL	Website/eCommerce extensions; canonical G13 People roster doesn't include these explicitly	U61	U61_PACKET	GATE_PASS_ONLY	GENERIC	P2_SEMANTIC_REVIEW
