id,product_id,company_id,location_id,lot_id,package_id,owner_id,user_id,create_uid,write_uid,inventory_date,quantity,reserved_quantity,inventory_quantity,inventory_diff_quantity,inventory_quantity_set,in_date,create_date,write_date,accounting_date,expiration_date,removal_date
130364,250,1,5,\N,\N,\N,\N,2,42,2026-12-31,4.00,3.00,0.00,0.00,f,2026-06-26 06:37:09,2026-06-26 06:35:08.98363,2026-06-29 08:15:27.760212,\N,\N,\N
130277,2151,1,5,\N,\N,\N,\N,2,2,2026-12-31,104.00,37.00,0.00,0.00,f,2026-06-26 06:37:09,2026-06-26 06:35:08.98363,2026-07-31 10:36:08.811441,\N,\N,\N
130203,1160,1,5,\N,\N,\N,\N,2,2,2026-12-31,234.00,27.00,0.00,0.00,f,2026-06-26 06:37:08,2026-06-26 06:35:08.98363,2026-07-25 05:51:32.46487,\N,\N,\N
130396,835,1,5,\N,\N,\N,\N,2,2,2026-12-31,15.00,1.00,0.00,0.00,f,2026-06-26 06:37:09,2026-06-26 06:35:08.98363,2026-07-31 22:21:24.166364,\N,\N,\N
130158,809,1,5,\N,\N,\N,\N,2,2,2026-12-31,40.00,26.00,0.00,0.00,f,2026-06-26 06:37:08,2026-06-26 06:35:08.98363,2026-08-01 10:06:18.366366,\N,\N,\N
130204,1161,1,5,\N,\N,\N,\N,2,2,2026-12-31,106.00,46.00,0.00,0.00,f,2026-06-26 06:37:08,2026-06-26 06:35:08.98363,2026-08-01 23:36:30.170557,\N,\N,\N
130183,829,1,5,\N,\N,\N,\N,2,2,2026-12-31,96.00,64.00,0.00,0.00,f,2026-06-26 06:37:08,2026-06-26 06:35:08.98363,2026-08-02 06:36:41.207117,\N,\N,\N
130161,812,1,5,\N,\N,\N,\N,2,2,2026-12-31,102.00,43.00,0.00,0.00,f,2026-06-26 06:37:08,2026-06-26 06:35:08.98363,2026-08-02 16:36:13.645231,\N,\N,\N
130147,775,1,5,\N,\N,\N,\N,2,2,2026-12-31,161.00,52.00,0.00,0.00,f,2026-06-26 06:37:08,2026-06-26 06:35:08.98363,2026-08-03 05:06:14.109137,\N,\N,\N
130156,807,1,5,\N,\N,\N,\N,2,2,2026-12-31,33.00,17.00,0.00,0.00,f,2026-06-26 06:37:08,2026-06-26 06:35:08.98363,2026-07-26 06:36:41.598441,\N,\N,\N
132752,5867,1,5,\N,\N,\N,\N,2,2,2026-12-31,4050.00,0.00,0.00,0.00,f,2026-06-26 08:43:33,2026-06-26 08:43:32.293369,2026-06-26 08:43:33.615444,\N,\N,\N
132757,5869,1,11,\N,\N,\N,\N,2,2,\N,-600.00,0.00,\N,0.00,f,2026-06-26 08:45:59,2026-06-26 08:45:59.162,2026-06-26 08:45:59.162,\N,\N,\N
132756,5869,1,5,\N,\N,\N,\N,2,2,2026-12-31,600.00,0.00,0.00,0.00,f,2026-06-26 08:45:59,2026-06-26 08:45:59.065568,2026-06-26 08:45:59.162,\N,\N,\N
130700,1156,1,5,\N,\N,\N,\N,2,2,2026-12-31,2.00,1.00,0.00,0.00,f,2026-06-26 06:37:10,2026-06-26 06:35:08.98363,2026-07-05 17:36:42.172033,\N,\N,\N
132496,1938,1,5,\N,\N,\N,\N,2,46,2026-12-31,11.00,2.00,0.00,0.00,f,2026-06-26 07:33:14,2026-06-26 07:32:51.75853,2026-06-30 08:40:07.557949,\N,\N,\N
130276,2150,1,5,\N,\N,\N,\N,2,2,2026-12-31,210.00,31.00,0.00,0.00,f,2026-06-26 06:37:09,2026-06-26 06:35:08.98363,2026-07-26 14:36:13.927075,\N,\N,\N
130181,827,1,5,\N,\N,\N,\N,2,2,2026-12-31,74.00,74.00,0.00,0.00,f,2026-06-26 06:37:08,2026-06-26 06:35:08.98363,2026-07-27 02:51:58.838276,\N,\N,\N
130432,1484,1,5,\N,\N,\N,\N,2,2,2026-12-31,9.00,2.00,0.00,0.00,f,2026-06-26 06:37:09,2026-06-26 06:35:08.98363,2026-07-06 13:22:10.226954,\N,\N,\N
130065,634,1,5,\N,\N,\N,\N,2,61,2026-12-31,115.00,0.00,0.00,0.00,f,2026-06-26 06:37:08,2026-06-26 06:35:08.98363,2026-06-30 08:40:08.684148,\N,\N,\N
130041,1612,1,5,\N,\N,\N,\N,2,61,2026-12-31,1.00,1.00,0.00,0.00,f,2026-06-26 06:37:08,2026-06-26 06:35:08.98363,2026-06-30 08:40:08.684148,\N,\N,\N
132705,5847,1,5,\N,\N,\N,\N,2,2,2026-06-26,\N,0.00,3.00,3.00,t,2026-06-26 08:23:55,2026-06-26 08:23:52.780922,2026-06-26 08:23:52.780922,\N,\N,\N
132706,5848,1,5,\N,\N,\N,\N,2,2,2026-06-26,\N,0.00,1.00,1.00,t,2026-06-26 08:23:55,2026-06-26 08:23:52.780922,2026-06-26 08:23:52.780922,\N,\N,\N
132707,5825,1,5,\N,\N,\N,\N,2,2,2026-06-26,\N,0.00,482.00,482.00,t,2026-06-26 08:23:55,2026-06-26 08:23:52.780922,2026-06-26 08:23:52.780922,\N,\N,\N
132708,5851,1,5,\N,\N,\N,\N,2,2,2026-06-26,\N,0.00,451.00,451.00,t,2026-06-26 08:23:55,2026-06-26 08:23:52.780922,2026-06-26 08:23:52.780922,\N,\N,\N
132709,5849,1,5,\N,\N,\N,\N,2,2,2026-06-26,\N,0.00,482.00,482.00,t,2026-06-26 08:23:55,2026-06-26 08:23:52.780922,2026-06-26 08:23:52.780922,\N,\N,\N
132710,5797,1,5,\N,\N,\N,\N,2,2,2026-06-26,\N,0.00,216.00,216.00,t,2026-06-26 08:23:55,2026-06-26 08:23:52.780922,2026-06-26 08:23:52.780922,\N,\N,\N
132711,5796,1,5,\N,\N,\N,\N,2,2,2026-06-26,\N,0.00,239.00,239.00,t,2026-06-26 08:23:55,2026-06-26 08:23:52.780922,2026-06-26 08:23:52.780922,\N,\N,\N
132712,5795,1,5,\N,\N,\N,\N,2,2,2026-06-26,\N,0.00,111.00,111.00,t,2026-06-26 08:23:55,2026-06-26 08:23:52.780922,2026-06-26 08:23:52.780922,\N,\N,\N
132713,5800,1,5,\N,\N,\N,\N,2,2,2026-06-26,\N,0.00,208.00,208.00,t,2026-06-26 08:23:55,2026-06-26 08:23:52.780922,2026-06-26 08:23:52.780922,\N,\N,\N
132714,5799,1,5,\N,\N,\N,\N,2,2,2026-06-26,\N,0.00,239.00,239.00,t,2026-06-26 08:23:55,2026-06-26 08:23:52.780922,2026-06-26 08:23:52.780922,\N,\N,\N
132715,5798,1,5,\N,\N,\N,\N,2,2,2026-06-26,\N,0.00,107.00,107.00,t,2026-06-26 08:23:55,2026-06-26 08:23:52.780922,2026-06-26 08:23:52.780922,\N,\N,\N
132716,5791,1,5,\N,\N,\N,\N,2,2,2026-06-26,\N,0.00,127.00,127.00,t,2026-06-26 08:23:55,2026-06-26 08:23:52.780922,2026-06-26 08:23:52.780922,\N,\N,\N
132717,5790,1,5,\N,\N,\N,\N,2,2,2026-06-26,\N,0.00,162.00,162.00,t,2026-06-26 08:23:55,2026-06-26 08:23:52.780922,2026-06-26 08:23:52.780922,\N,\N,\N
132718,5779,1,5,\N,\N,\N,\N,2,2,2026-06-26,\N,0.00,127.00,127.00,t,2026-06-26 08:23:55,2026-06-26 08:23:52.780922,2026-06-26 08:23:52.780922,\N,\N,\N
132719,5778,1,5,\N,\N,\N,\N,2,2,2026-06-26,\N,0.00,174.00,174.00,t,2026-06-26 08:23:55,2026-06-26 08:23:52.780922,2026-06-26 08:23:52.780922,\N,\N,\N
132720,5794,1,5,\N,\N,\N,\N,2,2,2026-06-26,\N,0.00,141.00,141.00,t,2026-06-26 08:23:55,2026-06-26 08:23:52.780922,2026-06-26 08:23:52.780922,\N,\N,\N
132721,5793,1,5,\N,\N,\N,\N,2,2,2026-06-26,\N,0.00,167.00,167.00,t,2026-06-26 08:23:55,2026-06-26 08:23:52.780922,2026-06-26 08:23:52.780922,\N,\N,\N
132722,5855,1,5,\N,\N,\N,\N,2,2,2026-06-26,\N,0.00,326.00,326.00,t,2026-06-26 08:23:55,2026-06-26 08:23:52.780922,2026-06-26 08:23:52.780922,\N,\N,\N
132723,5821,1,5,\N,\N,\N,\N,2,2,2026-06-26,\N,0.00,432.00,432.00,t,2026-06-26 08:23:55,2026-06-26 08:23:52.780922,2026-06-26 08:23:52.780922,\N,\N,\N
132724,5817,1,5,\N,\N,\N,\N,2,2,2026-06-26,\N,0.00,296.00,296.00,t,2026-06-26 08:23:55,2026-06-26 08:23:52.780922,2026-06-26 08:23:52.780922,\N,\N,\N
132725,5818,1,5,\N,\N,\N,\N,2,2,2026-06-26,\N,0.00,300.00,300.00,t,2026-06-26 08:23:55,2026-06-26 08:23:52.780922,2026-06-26 08:23:52.780922,\N,\N,\N
132726,5819,1,5,\N,\N,\N,\N,2,2,2026-06-26,\N,0.00,297.00,297.00,t,2026-06-26 08:23:55,2026-06-26 08:23:52.780922,2026-06-26 08:23:52.780922,\N,\N,\N
132727,5820,1,5,\N,\N,\N,\N,2,2,2026-06-26,\N,0.00,296.00,296.00,t,2026-06-26 08:23:55,2026-06-26 08:23:52.780922,2026-06-26 08:23:52.780922,\N,\N,\N
132728,5823,1,5,\N,\N,\N,\N,2,2,2026-06-26,\N,0.00,432.00,432.00,t,2026-06-26 08:23:55,2026-06-26 08:23:52.780922,2026-06-26 08:23:52.780922,\N,\N,\N
132729,5824,1,5,\N,\N,\N,\N,2,2,2026-06-26,\N,0.00,432.00,432.00,t,2026-06-26 08:23:55,2026-06-26 08:23:52.780922,2026-06-26 08:23:52.780922,\N,\N,\N
132730,5822,1,5,\N,\N,\N,\N,2,2,2026-06-26,\N,0.00,432.00,432.00,t,2026-06-26 08:23:55,2026-06-26 08:23:52.780922,2026-06-26 08:23:52.780922,\N,\N,\N
132731,5852,1,5,\N,\N,\N,\N,2,2,2026-06-26,\N,0.00,681.00,681.00,t,2026-06-26 08:23:55,2026-06-26 08:23:52.780922,2026-06-26 08:23:52.780922,\N,\N,\N
132732,5854,1,5,\N,\N,\N,\N,2,2,2026-06-26,\N,0.00,491.00,491.00,t,2026-06-26 08:23:55,2026-06-26 08:23:52.780922,2026-06-26 08:23:52.780922,\N,\N,\N
132733,5850,1,5,\N,\N,\N,\N,2,2,2026-06-26,\N,0.00,490.00,490.00,t,2026-06-26 08:23:55,2026-06-26 08:23:52.780922,2026-06-26 08:23:52.780922,\N,\N,\N
132734,5853,1,5,\N,\N,\N,\N,2,2,2026-06-26,\N,0.00,8.00,8.00,t,2026-06-26 08:23:55,2026-06-26 08:23:52.780922,2026-06-26 08:23:52.780922,\N,\N,\N
132735,1900,1,5,\N,\N,\N,\N,2,2,2026-06-26,\N,0.00,24.00,24.00,t,2026-06-26 08:23:55,2026-06-26 08:23:52.780922,2026-06-26 08:23:52.780922,\N,\N,\N
132736,1899,1,5,\N,\N,\N,\N,2,2,2026-06-26,\N,0.00,6.00,6.00,t,2026-06-26 08:23:55,2026-06-26 08:23:52.780922,2026-06-26 08:23:52.780922,\N,\N,\N
132737,1898,1,5,\N,\N,\N,\N,2,2,2026-06-26,\N,0.00,40.00,40.00,t,2026-06-26 08:23:55,2026-06-26 08:23:52.780922,2026-06-26 08:23:52.780922,\N,\N,\N
132738,1901,1,5,\N,\N,\N,\N,2,2,2026-06-26,\N,0.00,11.00,11.00,t,2026-06-26 08:23:55,2026-06-26 08:23:52.780922,2026-06-26 08:23:52.780922,\N,\N,\N
132739,1902,1,5,\N,\N,\N,\N,2,2,2026-06-26,\N,0.00,41.00,41.00,t,2026-06-26 08:23:55,2026-06-26 08:23:52.780922,2026-06-26 08:23:52.780922,\N,\N,\N
132740,5860,1,5,\N,\N,\N,\N,2,2,2026-06-26,\N,0.00,9.00,9.00,t,2026-06-26 08:23:55,2026-06-26 08:23:52.780922,2026-06-26 08:23:52.780922,\N,\N,\N
132741,5858,1,5,\N,\N,\N,\N,2,2,2026-06-26,\N,0.00,1.00,1.00,t,2026-06-26 08:23:55,2026-06-26 08:23:52.780922,2026-06-26 08:23:52.780922,\N,\N,\N
132771,5882,1,11,\N,\N,\N,\N,2,2,\N,-79.00,0.00,\N,0.00,f,2026-06-26 08:59:43,2026-06-26 08:59:43.209615,2026-06-26 08:59:43.209615,\N,\N,\N
132467,1895,1,5,\N,\N,\N,\N,2,42,2026-12-31,2.00,0.00,0.00,0.00,f,2026-06-26 07:33:14,2026-06-26 07:32:51.75853,2026-06-30 08:40:06.67395,\N,\N,\N
132468,1894,1,5,\N,\N,\N,\N,2,42,2026-12-31,8.00,3.00,0.00,0.00,f,2026-06-26 07:33:14,2026-06-26 07:32:51.75853,2026-06-30 08:40:06.67395,\N,\N,\N
130257,1878,1,5,\N,\N,\N,\N,2,2,2026-12-31,7.00,7.00,0.00,0.00,f,2026-06-26 06:37:09,2026-06-26 06:35:08.98363,2026-07-04 17:51:07.994704,\N,\N,\N
130160,811,1,5,\N,\N,\N,\N,2,2,2026-12-31,171.00,46.00,0.00,0.00,f,2026-06-26 06:37:08,2026-06-26 06:35:08.98363,2026-07-31 23:21:08.389927,\N,\N,\N
132758,5870,1,5,\N,\N,\N,\N,2,2,2026-12-31,55.00,0.00,0.00,0.00,f,2026-06-26 08:48:57,2026-06-26 08:48:57.647536,2026-06-26 08:48:57.740836,\N,\N,\N
130238,1863,1,5,\N,\N,\N,\N,2,2,2026-12-31,24.00,24.00,0.00,0.00,f,2026-06-26 06:37:08,2026-06-26 06:35:08.98363,2026-07-27 16:36:27.988675,\N,\N,\N
130344,1964,1,5,\N,\N,\N,\N,2,2,2026-12-31,135.00,47.00,0.00,0.00,f,2026-06-26 06:37:09,2026-06-26 06:35:08.98363,2026-08-03 03:51:49.035531,\N,\N,\N
132742,5862,1,5,\N,\N,\N,\N,2,42,2026-12-31,1.00,0.00,0.00,0.00,f,2026-06-26 08:28:18,2026-06-26 08:28:18.081061,2026-06-29 08:15:27.760212,\N,\N,\N
130478,902,1,5,\N,\N,\N,\N,2,42,2026-12-31,3.00,0.00,0.00,0.00,f,2026-06-26 06:37:10,2026-06-26 06:35:08.98363,2026-06-29 08:15:27.760212,\N,\N,\N
130477,879,1,5,\N,\N,\N,\N,2,42,2026-12-31,6.00,1.00,0.00,0.00,f,2026-06-26 06:37:10,2026-06-26 06:35:08.98363,2026-06-29 08:15:27.760212,\N,\N,\N
130878,893,1,5,\N,\N,\N,\N,2,42,2026-12-31,1.00,0.00,0.00,0.00,f,2026-06-26 06:37:11,2026-06-26 06:35:08.98363,2026-06-29 08:15:27.760212,\N,\N,\N
130088,1314,1,5,\N,\N,\N,\N,2,42,2026-12-31,7.00,0.00,0.00,0.00,f,2026-06-26 06:37:08,2026-06-26 06:35:08.98363,2026-06-29 08:15:27.760212,\N,\N,\N
130099,1279,1,5,\N,\N,\N,\N,2,42,2026-12-31,3.00,0.00,0.00,0.00,f,2026-06-26 06:37:08,2026-06-26 06:35:08.98363,2026-06-29 08:15:27.760212,\N,\N,\N
132743,5862,1,11,\N,\N,\N,\N,2,2,\N,-5.00,0.00,\N,0.00,f,2026-06-26 08:28:18,2026-06-26 08:28:18.315063,2026-06-26 08:28:18.315063,\N,\N,\N
132763,5879,1,11,\N,\N,\N,\N,2,2,\N,-287.00,0.00,\N,0.00,f,2026-06-26 08:53:11,2026-06-26 08:53:11.520773,2026-06-26 08:53:11.520773,\N,\N,\N
132764,5880,1,5,\N,\N,\N,\N,2,2,2026-12-31,885.00,0.00,0.00,0.00,f,2026-06-26 08:54:51,2026-06-26 08:54:50.702397,2026-06-26 08:54:51.644184,\N,\N,\N
132769,2526,1,11,\N,\N,\N,\N,2,2,\N,-85.00,0.00,\N,0.00,f,2026-06-26 08:58:07,2026-06-26 08:58:07.471001,2026-06-26 08:58:07.471001,\N,\N,\N
132770,5882,1,5,\N,\N,\N,\N,2,2,2026-12-31,79.00,0.00,0.00,0.00,f,2026-06-26 08:59:43,2026-06-26 08:59:43.120865,2026-06-26 08:59:43.209615,\N,\N,\N
132772,5883,1,5,\N,\N,\N,\N,2,2,2026-12-31,55.00,0.00,0.00,0.00,f,2026-06-26 09:00:40,2026-06-26 09:00:39.961513,2026-06-26 09:00:40.038378,\N,\N,\N
130848,1109,1,5,\N,\N,\N,\N,2,2,2026-12-31,14.00,2.00,0.00,0.00,f,2026-06-26 06:37:11,2026-06-26 06:35:08.98363,2026-07-05 11:51:47.285065,\N,\N,\N
130218,1176,1,5,\N,\N,\N,\N,2,2,2026-12-31,61.00,37.00,0.00,0.00,f,2026-06-26 06:37:08,2026-06-26 06:35:08.98363,2026-07-29 16:21:08.962273,\N,\N,\N
130410,2355,1,5,\N,\N,\N,\N,2,2,2026-12-31,18.00,17.00,0.00,0.00,f,2026-06-26 06:37:09,2026-06-26 06:35:08.98363,2026-07-31 08:21:32.953592,\N,\N,\N
130258,1879,1,5,\N,\N,\N,\N,2,2,2026-12-31,9.00,9.00,0.00,0.00,f,2026-06-26 06:37:09,2026-06-26 06:35:08.98363,2026-07-07 12:36:41.032264,\N,\N,\N
130164,814,1,5,\N,\N,\N,\N,2,42,2026-12-31,8.00,0.00,0.00,0.00,f,2026-06-26 06:37:08,2026-06-26 06:35:08.98363,2026-06-29 08:41:47.502086,\N,\N,\N
130150,778,1,5,\N,\N,\N,\N,2,2,2026-12-31,350.00,222.00,0.00,0.00,f,2026-06-26 06:37:08,2026-06-26 06:35:08.98363,2026-08-01 13:51:06.054061,\N,\N,\N
132744,5863,1,5,\N,\N,\N,\N,2,2,2026-12-31,1.00,0.00,0.00,0.00,f,2026-06-26 08:31:39,2026-06-26 08:31:39.451503,2026-06-26 08:31:39.658668,\N,\N,\N
132749,5864,1,11,\N,\N,\N,\N,2,2,\N,-8.00,0.00,\N,0.00,f,2026-06-26 08:37:33,2026-06-26 08:37:33.661274,2026-06-26 08:37:33.661274,\N,\N,\N
132748,5864,1,5,\N,\N,\N,\N,2,2,2026-12-31,8.00,0.00,0.00,0.00,f,2026-06-26 08:37:33,2026-06-26 08:37:33.551499,2026-06-26 08:37:33.661274,\N,\N,\N
132751,1086,1,11,\N,\N,\N,\N,2,2,\N,-5378.00,0.00,\N,0.00,f,2026-06-26 08:41:18,2026-06-26 08:41:18.734707,2026-06-26 08:41:18.734707,\N,\N,\N
132767,5881,1,11,\N,\N,\N,\N,2,2,\N,-160.00,0.00,\N,0.00,f,2026-06-26 08:57:13,2026-06-26 08:57:13.802693,2026-06-26 08:57:13.802693,\N,\N,\N
130698,1149,1,5,\N,\N,\N,\N,2,2,2026-12-31,10.00,2.00,0.00,0.00,f,2026-06-26 06:37:10,2026-06-26 06:35:08.98363,2026-07-06 06:21:08.183432,\N,\N,\N
132773,5883,1,11,\N,\N,\N,\N,2,2,\N,-55.00,0.00,\N,0.00,f,2026-06-26 09:00:40,2026-06-26 09:00:40.038378,2026-06-26 09:00:40.038378,\N,\N,\N
130388,754,1,5,\N,\N,\N,\N,2,2,2026-12-31,31.00,14.00,0.00,0.00,f,2026-06-26 06:37:09,2026-06-26 06:35:08.98363,2026-07-28 05:51:22.565997,\N,\N,\N
130332,1536,1,5,\N,\N,\N,\N,2,2,2026-12-31,41.00,17.00,0.00,0.00,f,2026-06-26 06:37:09,2026-06-26 06:35:08.98363,2026-07-30 12:51:15.754629,\N,\N,\N
130311,1495,1,5,\N,\N,\N,\N,2,2,2026-12-31,23.00,8.00,0.00,0.00,f,2026-06-26 06:37:09,2026-06-26 06:35:08.98363,2026-08-01 15:21:11.757195,\N,\N,\N
131180,2465,1,5,\N,\N,\N,\N,2,42,2026-12-31,12.00,1.00,0.00,0.00,f,2026-06-26 06:37:13,2026-06-26 06:35:08.98363,2026-06-29 08:41:47.502086,\N,\N,\N
132745,5863,1,11,\N,\N,\N,\N,2,2,\N,-1.00,0.00,\N,0.00,f,2026-06-26 08:31:39,2026-06-26 08:31:39.658668,2026-06-26 08:31:39.658668,\N,\N,\N
132755,5868,1,11,\N,\N,\N,\N,2,2,\N,-61.00,0.00,\N,0.00,f,2026-06-26 08:44:41,2026-06-26 08:44:41.541902,2026-06-26 08:44:41.541902,\N,\N,\N
132754,5868,1,5,\N,\N,\N,\N,2,2,2026-12-31,61.00,0.00,0.00,0.00,f,2026-06-26 08:44:41,2026-06-26 08:44:41.42759,2026-06-26 08:44:41.541902,\N,\N,\N
130335,1539,1,5,\N,\N,\N,\N,2,2,2026-12-31,4.00,1.00,0.00,0.00,f,2026-06-26 06:37:09,2026-06-26 06:35:08.98363,2026-07-29 06:52:04.362529,\N,\N,\N
131126,981,1,5,\N,\N,\N,\N,2,42,2026-12-31,2.00,0.00,0.00,0.00,f,2026-06-26 06:37:12,2026-06-26 06:35:08.98363,2026-06-29 08:41:47.502086,\N,\N,\N
132470,1896,1,5,\N,\N,\N,\N,2,42,2026-12-31,7.00,2.00,0.00,0.00,f,2026-06-26 07:33:14,2026-06-26 07:32:51.75853,2026-06-29 08:41:47.502086,\N,\N,\N
130313,1497,1,5,\N,\N,\N,\N,2,2,2026-12-31,42.00,32.00,0.00,0.00,f,2026-06-26 06:37:09,2026-06-26 06:35:08.98363,2026-08-03 02:51:28.659203,\N,\N,\N
130458,1202,1,5,\N,\N,\N,\N,2,42,2026-12-31,24.00,2.00,0.00,0.00,f,2026-06-26 06:37:09,2026-06-26 06:35:08.98363,2026-06-29 08:41:47.502086,\N,\N,\N
130338,1542,1,5,\N,\N,\N,\N,2,42,2026-12-31,3.00,0.00,0.00,0.00,f,2026-06-26 06:37:09,2026-06-26 06:35:08.98363,2026-06-29 08:41:47.502086,\N,\N,\N
130695,1146,1,5,\N,\N,\N,\N,2,2,2026-12-31,10.00,2.00,0.00,0.00,f,2026-06-26 06:37:10,2026-06-26 06:35:08.98363,2026-07-29 06:52:03.081493,\N,\N,\N
133828,1086,3,35,\N,\N,\N,\N,42,42,2026-12-31,39.00,0.00,\N,0.00,f,2026-06-26 08:41:18,2026-06-29 08:42:30.201092,2026-06-29 08:42:30.201092,\N,\N,\N
133829,2153,3,35,\N,\N,\N,\N,42,42,2026-12-31,13.00,0.00,\N,0.00,f,2026-06-26 06:37:09,2026-06-29 08:42:30.201092,2026-06-29 08:42:30.201092,\N,\N,\N
132511,5762,1,5,\N,\N,\N,\N,2,61,2026-12-31,1.00,1.00,0.00,0.00,f,2026-06-26 07:33:14,2026-06-26 07:32:51.75853,2026-06-30 08:40:08.684148,\N,\N,\N
132503,5773,1,5,\N,\N,\N,\N,2,2,2026-12-31,10.00,0.00,0.00,0.00,f,2026-06-26 07:33:14,2026-06-26 07:32:51.75853,2026-06-26 07:33:13.800321,\N,\N,\N
132504,5774,1,5,\N,\N,\N,\N,2,2,2026-12-31,1.00,0.00,0.00,0.00,f,2026-06-26 07:33:14,2026-06-26 07:32:51.75853,2026-06-26 07:33:13.800321,\N,\N,\N
132505,5776,1,5,\N,\N,\N,\N,2,2,2026-12-31,2.00,0.00,0.00,0.00,f,2026-06-26 07:33:14,2026-06-26 07:32:51.75853,2026-06-26 07:33:13.800321,\N,\N,\N
132506,5767,1,5,\N,\N,\N,\N,2,2,2026-12-31,2.00,0.00,0.00,0.00,f,2026-06-26 07:33:14,2026-06-26 07:32:51.75853,2026-06-26 07:33:13.800321,\N,\N,\N
132507,5768,1,5,\N,\N,\N,\N,2,2,2026-12-31,22.00,0.00,0.00,0.00,f,2026-06-26 07:33:14,2026-06-26 07:32:51.75853,2026-06-26 07:33:13.800321,\N,\N,\N
132514,5765,1,5,\N,\N,\N,\N,2,61,2026-12-31,1.00,1.00,0.00,0.00,f,2026-06-26 07:33:14,2026-06-26 07:32:51.75853,2026-06-30 08:40:08.684148,\N,\N,\N
132509,5770,1,5,\N,\N,\N,\N,2,2,2026-12-31,6.00,0.00,0.00,0.00,f,2026-06-26 07:33:14,2026-06-26 07:32:51.75853,2026-06-26 07:33:13.800321,\N,\N,\N
132512,5763,1,5,\N,\N,\N,\N,2,2,2026-12-31,7.00,0.00,0.00,0.00,f,2026-06-26 07:33:14,2026-06-26 07:32:51.75853,2026-06-26 07:33:13.800321,\N,\N,\N
132513,5764,1,5,\N,\N,\N,\N,2,2,2026-12-31,7.00,0.00,0.00,0.00,f,2026-06-26 07:33:14,2026-06-26 07:32:51.75853,2026-06-26 07:33:13.800321,\N,\N,\N
132515,5766,1,5,\N,\N,\N,\N,2,2,2026-12-31,3.00,0.00,0.00,0.00,f,2026-06-26 07:33:14,2026-06-26 07:32:51.75853,2026-06-26 07:33:13.800321,\N,\N,\N
130816,283,1,5,\N,\N,\N,\N,2,42,2026-12-31,18.00,4.00,0.00,0.00,f,2026-06-26 06:37:11,2026-06-26 06:35:08.98363,2026-06-30 08:40:06.67395,\N,\N,\N
132765,5880,1,11,\N,\N,\N,\N,2,2,\N,-885.00,0.00,\N,0.00,f,2026-06-26 08:54:51,2026-06-26 08:54:51.644184,2026-06-26 08:54:51.644184,\N,\N,\N
132768,2526,1,5,\N,\N,\N,\N,2,2,2026-12-31,85.00,0.00,0.00,0.00,f,2026-06-26 08:58:07,2026-06-26 08:58:07.39753,2026-06-26 08:58:07.471001,\N,\N,\N
133830,2149,3,35,\N,\N,\N,\N,42,42,2026-12-31,10.00,0.00,\N,0.00,f,2026-06-26 06:37:09,2026-06-29 08:42:30.201092,2026-06-29 08:42:30.201092,\N,\N,\N
132508,5769,1,5,\N,\N,\N,\N,2,42,2026-12-31,18.00,1.00,0.00,0.00,f,2026-06-26 07:33:14,2026-06-26 07:32:51.75853,2026-06-26 10:44:05.302528,\N,\N,\N
132510,5771,1,5,\N,\N,\N,\N,2,42,2026-12-31,3.00,1.00,0.00,0.00,f,2026-06-26 07:33:14,2026-06-26 07:32:51.75853,2026-06-26 10:44:05.302528,\N,\N,\N
131035,341,1,5,\N,\N,\N,\N,2,42,2026-12-31,138.00,7.00,0.00,0.00,f,2026-06-26 06:37:12,2026-06-26 06:35:08.98363,2026-06-30 08:40:06.67395,\N,\N,\N
133831,807,3,35,\N,\N,\N,\N,42,42,2026-12-31,8.00,0.00,\N,0.00,f,2026-06-26 06:37:08,2026-06-29 08:42:30.201092,2026-06-29 08:42:30.201092,\N,\N,\N
130291,1001,1,5,\N,\N,\N,\N,2,2,2026-12-31,50.00,20.00,0.00,0.00,f,2026-06-26 06:37:09,2026-06-26 06:35:08.98363,2026-07-30 16:21:10.519048,\N,\N,\N
130185,830,1,5,\N,\N,\N,\N,2,2,2026-12-31,30.00,4.00,0.00,0.00,f,2026-06-26 06:37:08,2026-06-26 06:35:08.98363,2026-07-04 09:21:10.449527,\N,\N,\N
130159,810,1,5,\N,\N,\N,\N,2,2,2026-12-31,97.00,52.00,0.00,0.00,f,2026-06-26 06:37:08,2026-06-26 06:35:08.98363,2026-08-02 03:51:24.073432,\N,\N,\N
130157,808,1,5,\N,\N,\N,\N,2,2,2026-12-31,29.00,20.00,0.00,0.00,f,2026-06-26 06:37:08,2026-06-26 06:35:08.98363,2026-08-03 03:21:10.166275,\N,\N,\N
130162,813,1,5,\N,\N,\N,\N,2,2,2026-12-31,47.00,27.00,0.00,0.00,f,2026-06-26 06:37:08,2026-06-26 06:35:08.98363,2026-08-03 04:36:28.988072,\N,\N,\N
130804,329,1,5,\N,\N,\N,\N,2,2,2026-12-31,100.00,6.00,0.00,0.00,f,2026-06-26 06:37:11,2026-06-26 06:35:08.98363,2026-07-24 17:22:08.103208,\N,\N,\N
130182,828,1,5,\N,\N,\N,\N,2,2,2026-12-31,73.00,73.00,0.00,0.00,f,2026-06-26 06:37:08,2026-06-26 06:35:08.98363,2026-07-24 18:06:13.421757,\N,\N,\N
130286,1005,1,5,\N,\N,\N,\N,2,2,2026-12-31,17.00,7.00,0.00,0.00,f,2026-06-26 06:37:09,2026-06-26 06:35:08.98363,2026-07-06 17:51:57.922453,\N,\N,\N
130509,844,1,5,\N,\N,\N,\N,2,2,2026-12-31,14.00,4.00,0.00,0.00,f,2026-06-26 06:37:10,2026-06-26 06:35:08.98363,2026-07-28 23:51:24.199265,\N,\N,\N
130775,935,1,5,\N,\N,\N,\N,2,42,2026-12-31,60.00,5.00,0.00,0.00,f,2026-06-26 06:37:11,2026-06-26 06:35:08.98363,2026-06-30 08:40:06.67395,\N,\N,\N
130287,1000,1,5,\N,\N,\N,\N,2,42,2026-12-31,25.00,4.00,0.00,0.00,f,2026-06-26 06:37:09,2026-06-26 06:35:08.98363,2026-06-30 08:40:06.67395,\N,\N,\N
132753,5867,1,11,\N,\N,\N,\N,2,2,\N,-4050.00,0.00,\N,0.00,f,2026-06-26 08:43:33,2026-06-26 08:43:33.615444,2026-06-26 08:43:33.615444,\N,\N,\N
133274,2146,2,20,\N,\N,\N,\N,42,42,2026-12-31,15.00,0.00,\N,0.00,f,2026-06-26 06:37:09,2026-06-29 08:16:21.547384,2026-06-29 08:16:21.547384,\N,\N,\N
133275,1080,2,20,\N,\N,\N,\N,42,42,2026-12-31,15.00,0.00,\N,0.00,f,2026-06-26 06:37:11,2026-06-29 08:16:21.547384,2026-06-29 08:16:21.547384,\N,\N,\N
133276,2147,2,20,\N,\N,\N,\N,42,42,2026-12-31,14.00,0.00,\N,0.00,f,2026-06-26 06:37:09,2026-06-29 08:16:21.547384,2026-06-29 08:16:21.547384,\N,\N,\N
133277,2027,2,20,\N,\N,\N,\N,42,42,2026-12-31,14.00,0.00,\N,0.00,f,2026-06-26 06:37:11,2026-06-29 08:16:21.547384,2026-06-29 08:16:21.547384,\N,\N,\N
133278,2154,2,20,\N,\N,\N,\N,42,42,2026-12-31,12.00,0.00,\N,0.00,f,2026-06-26 06:37:09,2026-06-29 08:16:21.547384,2026-06-29 08:16:21.547384,\N,\N,\N
133279,2017,2,20,\N,\N,\N,\N,42,42,2026-12-31,12.00,0.00,\N,0.00,f,2026-06-26 06:37:11,2026-06-29 08:16:21.547384,2026-06-29 08:16:21.547384,\N,\N,\N
133280,2033,2,20,\N,\N,\N,\N,42,42,2026-12-31,11.00,0.00,\N,0.00,f,2026-06-26 06:37:11,2026-06-29 08:16:21.547384,2026-06-29 08:16:21.547384,\N,\N,\N
133281,2034,2,20,\N,\N,\N,\N,42,42,2026-12-31,11.00,0.00,\N,0.00,f,2026-06-26 06:37:11,2026-06-29 08:16:21.547384,2026-06-29 08:16:21.547384,\N,\N,\N
133282,2153,2,20,\N,\N,\N,\N,42,42,2026-12-31,10.00,0.00,\N,0.00,f,2026-06-26 06:37:09,2026-06-29 08:16:21.547384,2026-06-29 08:16:21.547384,\N,\N,\N
133283,2150,2,20,\N,\N,\N,\N,42,42,2026-12-31,10.00,0.00,\N,0.00,f,2026-06-26 06:37:09,2026-06-29 08:16:21.547384,2026-06-29 08:16:21.547384,\N,\N,\N
133284,5752,2,20,\N,\N,\N,\N,42,42,2026-12-31,10.00,0.00,\N,0.00,f,2026-06-26 07:33:14,2026-06-29 08:16:21.547384,2026-06-29 08:16:21.547384,\N,\N,\N
133285,1079,2,20,\N,\N,\N,\N,42,42,2026-12-31,10.00,0.00,\N,0.00,f,2026-06-26 06:37:11,2026-06-29 08:16:21.547384,2026-06-29 08:16:21.547384,\N,\N,\N
133286,2149,2,20,\N,\N,\N,\N,42,42,2026-12-31,9.00,0.00,\N,0.00,f,2026-06-26 06:37:09,2026-06-29 08:16:21.547384,2026-06-29 08:16:21.547384,\N,\N,\N
133287,2151,2,20,\N,\N,\N,\N,42,42,2026-12-31,9.00,0.00,\N,0.00,f,2026-06-26 06:37:09,2026-06-29 08:16:21.547384,2026-06-29 08:16:21.547384,\N,\N,\N
133288,1081,2,20,\N,\N,\N,\N,42,42,2026-12-31,9.00,0.00,\N,0.00,f,2026-06-26 06:37:11,2026-06-29 08:16:21.547384,2026-06-29 08:16:21.547384,\N,\N,\N
133289,1143,2,20,\N,\N,\N,\N,42,42,2026-12-31,9.00,0.00,\N,0.00,f,2026-06-26 06:37:10,2026-06-29 08:16:21.547384,2026-06-29 08:16:21.547384,\N,\N,\N
133290,2152,2,20,\N,\N,\N,\N,42,42,2026-12-31,8.00,0.00,\N,0.00,f,2026-06-26 06:37:09,2026-06-29 08:16:21.547384,2026-06-29 08:16:21.547384,\N,\N,\N
133291,2148,2,20,\N,\N,\N,\N,42,42,2026-12-31,8.00,0.00,\N,0.00,f,2026-06-26 06:37:09,2026-06-29 08:16:21.547384,2026-06-29 08:16:21.547384,\N,\N,\N
133292,998,2,20,\N,\N,\N,\N,42,42,2026-12-31,8.00,0.00,\N,0.00,f,2026-06-26 06:37:09,2026-06-29 08:16:21.547384,2026-06-29 08:16:21.547384,\N,\N,\N
133293,2026,2,20,\N,\N,\N,\N,42,42,2026-12-31,8.00,0.00,\N,0.00,f,2026-06-26 06:37:11,2026-06-29 08:16:21.547384,2026-06-29 08:16:21.547384,\N,\N,\N
133294,846,2,20,\N,\N,\N,\N,42,42,2026-12-31,7.00,0.00,\N,0.00,f,2026-06-26 06:37:08,2026-06-29 08:16:21.547384,2026-06-29 08:16:21.547384,\N,\N,\N
133295,821,2,20,\N,\N,\N,\N,42,42,2026-12-31,7.00,0.00,\N,0.00,f,2026-06-26 06:37:08,2026-06-29 08:16:21.547384,2026-06-29 08:16:21.547384,\N,\N,\N
133296,848,2,20,\N,\N,\N,\N,42,42,2026-12-31,7.00,0.00,\N,0.00,f,2026-06-26 06:37:08,2026-06-29 08:16:21.547384,2026-06-29 08:16:21.547384,\N,\N,\N
133297,1002,2,20,\N,\N,\N,\N,42,42,2026-12-31,7.00,0.00,\N,0.00,f,2026-06-26 06:37:09,2026-06-29 08:16:21.547384,2026-06-29 08:16:21.547384,\N,\N,\N
133298,997,2,20,\N,\N,\N,\N,42,42,2026-12-31,7.00,0.00,\N,0.00,f,2026-06-26 06:37:09,2026-06-29 08:16:21.547384,2026-06-29 08:16:21.547384,\N,\N,\N
133299,2028,2,20,\N,\N,\N,\N,42,42,2026-12-31,7.00,0.00,\N,0.00,f,2026-06-26 06:37:11,2026-06-29 08:16:21.547384,2026-06-29 08:16:21.547384,\N,\N,\N
133300,2029,2,20,\N,\N,\N,\N,42,42,2026-12-31,7.00,0.00,\N,0.00,f,2026-06-26 06:37:11,2026-06-29 08:16:21.547384,2026-06-29 08:16:21.547384,\N,\N,\N
133301,325,2,20,\N,\N,\N,\N,42,42,2026-12-31,6.00,0.00,\N,0.00,f,2026-06-26 06:37:11,2026-06-29 08:16:21.547384,2026-06-29 08:16:21.547384,\N,\N,\N
133302,332,2,20,\N,\N,\N,\N,42,42,2026-12-31,6.00,0.00,\N,0.00,f,2026-06-26 06:37:11,2026-06-29 08:16:21.547384,2026-06-29 08:16:21.547384,\N,\N,\N
133303,1003,2,20,\N,\N,\N,\N,42,42,2026-12-31,6.00,0.00,\N,0.00,f,2026-06-26 06:37:09,2026-06-29 08:16:21.547384,2026-06-29 08:16:21.547384,\N,\N,\N
133304,1007,2,20,\N,\N,\N,\N,42,42,2026-12-31,6.00,0.00,\N,0.00,f,2026-06-26 06:37:09,2026-06-29 08:16:21.547384,2026-06-29 08:16:21.547384,\N,\N,\N
133305,1006,2,20,\N,\N,\N,\N,42,42,2026-12-31,6.00,0.00,\N,0.00,f,2026-06-26 06:37:09,2026-06-29 08:16:21.547384,2026-06-29 08:16:21.547384,\N,\N,\N
133306,996,2,20,\N,\N,\N,\N,42,42,2026-12-31,6.00,0.00,\N,0.00,f,2026-06-26 06:37:09,2026-06-29 08:16:21.547384,2026-06-29 08:16:21.547384,\N,\N,\N
133307,1000,2,20,\N,\N,\N,\N,42,42,2026-12-31,6.00,0.00,\N,0.00,f,2026-06-26 06:37:09,2026-06-29 08:16:21.547384,2026-06-29 08:16:21.547384,\N,\N,\N
133308,1501,2,20,\N,\N,\N,\N,42,42,2026-12-31,6.00,0.00,\N,0.00,f,2026-06-26 06:37:09,2026-06-29 08:16:21.547384,2026-06-29 08:16:21.547384,\N,\N,\N
133309,1471,2,20,\N,\N,\N,\N,42,42,2026-12-31,6.00,0.00,\N,0.00,f,2026-06-26 06:37:09,2026-06-29 08:16:21.547384,2026-06-29 08:16:21.547384,\N,\N,\N
133310,1472,2,20,\N,\N,\N,\N,42,42,2026-12-31,6.00,0.00,\N,0.00,f,2026-06-26 06:37:09,2026-06-29 08:16:21.547384,2026-06-29 08:16:21.547384,\N,\N,\N
133311,260,2,20,\N,\N,\N,\N,42,42,2026-12-31,5.00,0.00,\N,0.00,f,2026-06-26 06:37:11,2026-06-29 08:16:21.547384,2026-06-29 08:16:21.547384,\N,\N,\N
133312,267,2,20,\N,\N,\N,\N,42,42,2026-12-31,5.00,0.00,\N,0.00,f,2026-06-26 06:37:11,2026-06-29 08:16:21.547384,2026-06-29 08:16:21.547384,\N,\N,\N
133313,640,2,20,\N,\N,\N,\N,42,42,2026-12-31,5.00,0.00,\N,0.00,f,2026-06-26 06:37:08,2026-06-29 08:16:21.547384,2026-06-29 08:16:21.547384,\N,\N,\N
133314,797,2,20,\N,\N,\N,\N,42,42,2026-12-31,5.00,0.00,\N,0.00,f,2026-06-26 06:37:10,2026-06-29 08:16:21.547384,2026-06-29 08:16:21.547384,\N,\N,\N
133315,777,2,20,\N,\N,\N,\N,42,42,2026-12-31,5.00,0.00,\N,0.00,f,2026-06-26 06:37:08,2026-06-29 08:16:21.547384,2026-06-29 08:16:21.547384,\N,\N,\N
133316,763,2,20,\N,\N,\N,\N,42,42,2026-12-31,5.00,0.00,\N,0.00,f,2026-06-26 06:37:10,2026-06-29 08:16:21.547384,2026-06-29 08:16:21.547384,\N,\N,\N
133317,765,2,20,\N,\N,\N,\N,42,42,2026-12-31,5.00,0.00,\N,0.00,f,2026-06-26 06:37:10,2026-06-29 08:16:21.547384,2026-06-29 08:16:21.547384,\N,\N,\N
133318,840,2,20,\N,\N,\N,\N,42,42,2026-12-31,5.00,0.00,\N,0.00,f,2026-06-26 06:37:10,2026-06-29 08:16:21.547384,2026-06-29 08:16:21.547384,\N,\N,\N
133319,829,2,20,\N,\N,\N,\N,42,42,2026-12-31,5.00,0.00,\N,0.00,f,2026-06-26 06:37:08,2026-06-29 08:16:21.547384,2026-06-29 08:16:21.547384,\N,\N,\N
133320,856,2,20,\N,\N,\N,\N,42,42,2026-12-31,5.00,0.00,\N,0.00,f,2026-06-26 06:37:09,2026-06-29 08:16:21.547384,2026-06-29 08:16:21.547384,\N,\N,\N
133321,1005,2,20,\N,\N,\N,\N,42,42,2026-12-31,5.00,0.00,\N,0.00,f,2026-06-26 06:37:09,2026-06-29 08:16:21.547384,2026-06-29 08:16:21.547384,\N,\N,\N
133322,1001,2,20,\N,\N,\N,\N,42,42,2026-12-31,5.00,0.00,\N,0.00,f,2026-06-26 06:37:09,2026-06-29 08:16:21.547384,2026-06-29 08:16:21.547384,\N,\N,\N
133323,999,2,20,\N,\N,\N,\N,42,42,2026-12-31,5.00,0.00,\N,0.00,f,2026-06-26 06:37:09,2026-06-29 08:16:21.547384,2026-06-29 08:16:21.547384,\N,\N,\N
133324,1141,2,20,\N,\N,\N,\N,42,42,2026-12-31,5.00,0.00,\N,0.00,f,2026-06-26 06:37:10,2026-06-29 08:16:21.547384,2026-06-29 08:16:21.547384,\N,\N,\N
133325,1467,2,20,\N,\N,\N,\N,42,42,2026-12-31,5.00,0.00,\N,0.00,f,2026-06-26 06:37:09,2026-06-29 08:16:21.547384,2026-06-29 08:16:21.547384,\N,\N,\N
133326,1584,2,20,\N,\N,\N,\N,42,42,2026-12-31,5.00,0.00,\N,0.00,f,2026-06-26 06:37:08,2026-06-29 08:16:21.547384,2026-06-29 08:16:21.547384,\N,\N,\N
133327,1615,2,20,\N,\N,\N,\N,42,42,2026-12-31,5.00,0.00,\N,0.00,f,2026-06-26 06:37:08,2026-06-29 08:16:21.547384,2026-06-29 08:16:21.547384,\N,\N,\N
133328,1813,2,20,\N,\N,\N,\N,42,42,2026-12-31,5.00,0.00,\N,0.00,f,2026-06-26 06:37:08,2026-06-29 08:16:21.547384,2026-06-29 08:16:21.547384,\N,\N,\N
133329,2018,2,20,\N,\N,\N,\N,42,42,2026-12-31,5.00,0.00,\N,0.00,f,2026-06-26 06:37:11,2026-06-29 08:16:21.547384,2026-06-29 08:16:21.547384,\N,\N,\N
133330,5748,2,20,\N,\N,\N,\N,42,42,2026-12-31,4.00,0.00,\N,0.00,f,2026-06-26 07:33:14,2026-06-29 08:16:21.547384,2026-06-29 08:16:21.547384,\N,\N,\N
133331,5862,2,20,\N,\N,\N,\N,42,42,2026-12-31,4.00,0.00,\N,0.00,f,2026-06-26 08:28:18,2026-06-29 08:16:21.547384,2026-06-29 08:16:21.547384,\N,\N,\N
133332,5754,2,20,\N,\N,\N,\N,42,42,2026-12-31,4.00,0.00,\N,0.00,f,2026-06-26 07:33:14,2026-06-29 08:16:21.547384,2026-06-29 08:16:21.547384,\N,\N,\N
133333,5751,2,20,\N,\N,\N,\N,42,42,2026-12-31,4.00,0.00,\N,0.00,f,2026-06-26 07:33:14,2026-06-29 08:16:21.547384,2026-06-29 08:16:21.547384,\N,\N,\N
133334,261,2,20,\N,\N,\N,\N,42,42,2026-12-31,4.00,0.00,\N,0.00,f,2026-06-26 06:37:11,2026-06-29 08:16:21.547384,2026-06-29 08:16:21.547384,\N,\N,\N
133335,803,2,20,\N,\N,\N,\N,42,42,2026-12-31,4.00,0.00,\N,0.00,f,2026-06-26 06:37:09,2026-06-29 08:16:21.547384,2026-06-29 08:16:21.547384,\N,\N,\N
133336,804,2,20,\N,\N,\N,\N,42,42,2026-12-31,4.00,0.00,\N,0.00,f,2026-06-26 06:37:09,2026-06-29 08:16:21.547384,2026-06-29 08:16:21.547384,\N,\N,\N
133337,805,2,20,\N,\N,\N,\N,42,42,2026-12-31,4.00,0.00,\N,0.00,f,2026-06-26 06:37:09,2026-06-29 08:16:21.547384,2026-06-29 08:16:21.547384,\N,\N,\N
133338,776,2,20,\N,\N,\N,\N,42,42,2026-12-31,4.00,0.00,\N,0.00,f,2026-06-26 06:37:08,2026-06-29 08:16:21.547384,2026-06-29 08:16:21.547384,\N,\N,\N
133339,764,2,20,\N,\N,\N,\N,42,42,2026-12-31,4.00,0.00,\N,0.00,f,2026-06-26 06:37:10,2026-06-29 08:16:21.547384,2026-06-29 08:16:21.547384,\N,\N,\N
133340,830,2,20,\N,\N,\N,\N,42,42,2026-12-31,4.00,0.00,\N,0.00,f,2026-06-26 06:37:08,2026-06-29 08:16:21.547384,2026-06-29 08:16:21.547384,\N,\N,\N
133341,871,2,20,\N,\N,\N,\N,42,42,2026-12-31,4.00,0.00,\N,0.00,f,2026-06-26 06:37:09,2026-06-29 08:16:21.547384,2026-06-29 08:16:21.547384,\N,\N,\N
133342,896,2,20,\N,\N,\N,\N,42,42,2026-12-31,4.00,0.00,\N,0.00,f,2026-06-26 06:37:10,2026-06-29 08:16:21.547384,2026-06-29 08:16:21.547384,\N,\N,\N
133343,897,2,20,\N,\N,\N,\N,42,42,2026-12-31,4.00,0.00,\N,0.00,f,2026-06-26 06:37:10,2026-06-29 08:16:21.547384,2026-06-29 08:16:21.547384,\N,\N,\N
133344,1031,2,20,\N,\N,\N,\N,42,42,2026-12-31,4.00,0.00,\N,0.00,f,2026-06-26 06:37:11,2026-06-29 08:16:21.547384,2026-06-29 08:16:21.547384,\N,\N,\N
133345,2404,2,20,\N,\N,\N,\N,42,42,2026-12-31,4.00,0.00,\N,0.00,f,2026-06-26 06:37:12,2026-06-29 08:16:21.547384,2026-06-29 08:16:21.547384,\N,\N,\N
133346,2406,2,20,\N,\N,\N,\N,42,42,2026-12-31,4.00,0.00,\N,0.00,f,2026-06-26 06:37:12,2026-06-29 08:16:21.547384,2026-06-29 08:16:21.547384,\N,\N,\N
133347,2375,2,20,\N,\N,\N,\N,42,42,2026-12-31,4.00,0.00,\N,0.00,f,2026-06-26 06:37:09,2026-06-29 08:16:21.547384,2026-06-29 08:16:21.547384,\N,\N,\N
133348,1162,2,20,\N,\N,\N,\N,42,42,2026-12-31,4.00,0.00,\N,0.00,f,2026-06-26 06:37:08,2026-06-29 08:16:21.547384,2026-06-29 08:16:21.547384,\N,\N,\N
133349,1142,2,20,\N,\N,\N,\N,42,42,2026-12-31,4.00,0.00,\N,0.00,f,2026-06-26 06:37:10,2026-06-29 08:16:21.547384,2026-06-29 08:16:21.547384,\N,\N,\N
133350,1466,2,20,\N,\N,\N,\N,42,42,2026-12-31,4.00,0.00,\N,0.00,f,2026-06-26 06:37:09,2026-06-29 08:16:21.547384,2026-06-29 08:16:21.547384,\N,\N,\N
133351,1469,2,20,\N,\N,\N,\N,42,42,2026-12-31,4.00,0.00,\N,0.00,f,2026-06-26 06:37:09,2026-06-29 08:16:21.547384,2026-06-29 08:16:21.547384,\N,\N,\N
133352,1626,2,20,\N,\N,\N,\N,42,42,2026-12-31,4.00,0.00,\N,0.00,f,2026-06-26 06:37:08,2026-06-29 08:16:21.547384,2026-06-29 08:16:21.547384,\N,\N,\N
133353,1632,2,20,\N,\N,\N,\N,42,42,2026-12-31,4.00,0.00,\N,0.00,f,2026-06-26 06:37:08,2026-06-29 08:16:21.547384,2026-06-29 08:16:21.547384,\N,\N,\N
132516,5746,1,11,\N,\N,\N,\N,2,2,\N,-4.00,0.00,\N,0.00,f,2026-06-26 07:33:14,2026-06-26 07:33:13.800321,2026-06-26 07:33:13.800321,\N,\N,\N
132517,5759,1,11,\N,\N,\N,\N,2,2,\N,-4.00,0.00,\N,0.00,f,2026-06-26 07:33:14,2026-06-26 07:33:13.800321,2026-06-26 07:33:13.800321,\N,\N,\N
132518,5761,1,11,\N,\N,\N,\N,2,2,\N,-2.00,0.00,\N,0.00,f,2026-06-26 07:33:14,2026-06-26 07:33:13.800321,2026-06-26 07:33:13.800321,\N,\N,\N
132519,5749,1,11,\N,\N,\N,\N,2,2,\N,-6.00,0.00,\N,0.00,f,2026-06-26 07:33:14,2026-06-26 07:33:13.800321,2026-06-26 07:33:13.800321,\N,\N,\N
132520,5748,1,11,\N,\N,\N,\N,2,2,\N,-5.00,0.00,\N,0.00,f,2026-06-26 07:33:14,2026-06-26 07:33:13.800321,2026-06-26 07:33:13.800321,\N,\N,\N
132521,5760,1,11,\N,\N,\N,\N,2,2,\N,-1.00,0.00,\N,0.00,f,2026-06-26 07:33:14,2026-06-26 07:33:13.800321,2026-06-26 07:33:13.800321,\N,\N,\N
132522,5747,1,11,\N,\N,\N,\N,2,2,\N,-4.00,0.00,\N,0.00,f,2026-06-26 07:33:14,2026-06-26 07:33:13.800321,2026-06-26 07:33:13.800321,\N,\N,\N
132523,5753,1,11,\N,\N,\N,\N,2,2,\N,-3.00,0.00,\N,0.00,f,2026-06-26 07:33:14,2026-06-26 07:33:13.800321,2026-06-26 07:33:13.800321,\N,\N,\N
132524,5756,1,11,\N,\N,\N,\N,2,2,\N,-3.00,0.00,\N,0.00,f,2026-06-26 07:33:14,2026-06-26 07:33:13.800321,2026-06-26 07:33:13.800321,\N,\N,\N
132525,5754,1,11,\N,\N,\N,\N,2,2,\N,-5.00,0.00,\N,0.00,f,2026-06-26 07:33:14,2026-06-26 07:33:13.800321,2026-06-26 07:33:13.800321,\N,\N,\N
132526,5752,1,11,\N,\N,\N,\N,2,2,\N,-13.00,0.00,\N,0.00,f,2026-06-26 07:33:14,2026-06-26 07:33:13.800321,2026-06-26 07:33:13.800321,\N,\N,\N
132527,5751,1,11,\N,\N,\N,\N,2,2,\N,-8.00,0.00,\N,0.00,f,2026-06-26 07:33:14,2026-06-26 07:33:13.800321,2026-06-26 07:33:13.800321,\N,\N,\N
132528,5750,1,11,\N,\N,\N,\N,2,2,\N,-4.00,0.00,\N,0.00,f,2026-06-26 07:33:14,2026-06-26 07:33:13.800321,2026-06-26 07:33:13.800321,\N,\N,\N
132529,5755,1,11,\N,\N,\N,\N,2,2,\N,-1.00,0.00,\N,0.00,f,2026-06-26 07:33:14,2026-06-26 07:33:13.800321,2026-06-26 07:33:13.800321,\N,\N,\N
132530,5758,1,11,\N,\N,\N,\N,2,2,\N,-4.00,0.00,\N,0.00,f,2026-06-26 07:33:14,2026-06-26 07:33:13.800321,2026-06-26 07:33:13.800321,\N,\N,\N
132531,3095,1,11,\N,\N,\N,\N,2,2,\N,-56.00,0.00,\N,0.00,f,2026-06-26 07:33:14,2026-06-26 07:33:13.800321,2026-06-26 07:33:13.800321,\N,\N,\N
132532,3096,1,11,\N,\N,\N,\N,2,2,\N,-43.00,0.00,\N,0.00,f,2026-06-26 07:33:14,2026-06-26 07:33:13.800321,2026-06-26 07:33:13.800321,\N,\N,\N
132533,3097,1,11,\N,\N,\N,\N,2,2,\N,-172.00,0.00,\N,0.00,f,2026-06-26 07:33:14,2026-06-26 07:33:13.800321,2026-06-26 07:33:13.800321,\N,\N,\N
132534,3098,1,11,\N,\N,\N,\N,2,2,\N,-124.00,0.00,\N,0.00,f,2026-06-26 07:33:14,2026-06-26 07:33:13.800321,2026-06-26 07:33:13.800321,\N,\N,\N
132535,3099,1,11,\N,\N,\N,\N,2,2,\N,-223.00,0.00,\N,0.00,f,2026-06-26 07:33:14,2026-06-26 07:33:13.800321,2026-06-26 07:33:13.800321,\N,\N,\N
132536,3100,1,11,\N,\N,\N,\N,2,2,\N,-287.00,0.00,\N,0.00,f,2026-06-26 07:33:14,2026-06-26 07:33:13.800321,2026-06-26 07:33:13.800321,\N,\N,\N
132537,3101,1,11,\N,\N,\N,\N,2,2,\N,-197.00,0.00,\N,0.00,f,2026-06-26 07:33:14,2026-06-26 07:33:13.800321,2026-06-26 07:33:13.800321,\N,\N,\N
132538,3102,1,11,\N,\N,\N,\N,2,2,\N,-148.00,0.00,\N,0.00,f,2026-06-26 07:33:14,2026-06-26 07:33:13.800321,2026-06-26 07:33:13.800321,\N,\N,\N
132539,3103,1,11,\N,\N,\N,\N,2,2,\N,-20.00,0.00,\N,0.00,f,2026-06-26 07:33:14,2026-06-26 07:33:13.800321,2026-06-26 07:33:13.800321,\N,\N,\N
132540,3069,1,11,\N,\N,\N,\N,2,2,\N,-20.00,0.00,\N,0.00,f,2026-06-26 07:33:14,2026-06-26 07:33:13.800321,2026-06-26 07:33:13.800321,\N,\N,\N
132541,3070,1,11,\N,\N,\N,\N,2,2,\N,-20.00,0.00,\N,0.00,f,2026-06-26 07:33:14,2026-06-26 07:33:13.800321,2026-06-26 07:33:13.800321,\N,\N,\N
132542,3071,1,11,\N,\N,\N,\N,2,2,\N,-18.00,0.00,\N,0.00,f,2026-06-26 07:33:14,2026-06-26 07:33:13.800321,2026-06-26 07:33:13.800321,\N,\N,\N
132543,3072,1,11,\N,\N,\N,\N,2,2,\N,-34.00,0.00,\N,0.00,f,2026-06-26 07:33:14,2026-06-26 07:33:13.800321,2026-06-26 07:33:13.800321,\N,\N,\N
132544,3073,1,11,\N,\N,\N,\N,2,2,\N,-16.00,0.00,\N,0.00,f,2026-06-26 07:33:14,2026-06-26 07:33:13.800321,2026-06-26 07:33:13.800321,\N,\N,\N
132545,3074,1,11,\N,\N,\N,\N,2,2,\N,-45.00,0.00,\N,0.00,f,2026-06-26 07:33:14,2026-06-26 07:33:13.800321,2026-06-26 07:33:13.800321,\N,\N,\N
132546,3075,1,11,\N,\N,\N,\N,2,2,\N,-12.00,0.00,\N,0.00,f,2026-06-26 07:33:14,2026-06-26 07:33:13.800321,2026-06-26 07:33:13.800321,\N,\N,\N
132547,4044,1,11,\N,\N,\N,\N,2,2,\N,-5.00,0.00,\N,0.00,f,2026-06-26 07:33:14,2026-06-26 07:33:13.800321,2026-06-26 07:33:13.800321,\N,\N,\N
132548,4045,1,11,\N,\N,\N,\N,2,2,\N,-7.00,0.00,\N,0.00,f,2026-06-26 07:33:14,2026-06-26 07:33:13.800321,2026-06-26 07:33:13.800321,\N,\N,\N
132549,4046,1,11,\N,\N,\N,\N,2,2,\N,-8.00,0.00,\N,0.00,f,2026-06-26 07:33:14,2026-06-26 07:33:13.800321,2026-06-26 07:33:13.800321,\N,\N,\N
132550,4048,1,11,\N,\N,\N,\N,2,2,\N,-2.00,0.00,\N,0.00,f,2026-06-26 07:33:14,2026-06-26 07:33:13.800321,2026-06-26 07:33:13.800321,\N,\N,\N
132551,4049,1,11,\N,\N,\N,\N,2,2,\N,-2.00,0.00,\N,0.00,f,2026-06-26 07:33:14,2026-06-26 07:33:13.800321,2026-06-26 07:33:13.800321,\N,\N,\N
132552,1084,1,11,\N,\N,\N,\N,2,2,\N,-3.00,0.00,\N,0.00,f,2026-06-26 07:33:14,2026-06-26 07:33:13.800321,2026-06-26 07:33:13.800321,\N,\N,\N
132553,1083,1,11,\N,\N,\N,\N,2,2,\N,-1.00,0.00,\N,0.00,f,2026-06-26 07:33:14,2026-06-26 07:33:13.800321,2026-06-26 07:33:13.800321,\N,\N,\N
132554,1085,1,11,\N,\N,\N,\N,2,2,\N,-3.00,0.00,\N,0.00,f,2026-06-26 07:33:14,2026-06-26 07:33:13.800321,2026-06-26 07:33:13.800321,\N,\N,\N
132555,1895,1,11,\N,\N,\N,\N,2,2,\N,-3.00,0.00,\N,0.00,f,2026-06-26 07:33:14,2026-06-26 07:33:13.800321,2026-06-26 07:33:13.800321,\N,\N,\N
132556,1894,1,11,\N,\N,\N,\N,2,2,\N,-11.00,0.00,\N,0.00,f,2026-06-26 07:33:14,2026-06-26 07:33:13.800321,2026-06-26 07:33:13.800321,\N,\N,\N
132557,1893,1,11,\N,\N,\N,\N,2,2,\N,-67.00,0.00,\N,0.00,f,2026-06-26 07:33:14,2026-06-26 07:33:13.800321,2026-06-26 07:33:13.800321,\N,\N,\N
132558,1896,1,11,\N,\N,\N,\N,2,2,\N,-8.00,0.00,\N,0.00,f,2026-06-26 07:33:14,2026-06-26 07:33:13.800321,2026-06-26 07:33:13.800321,\N,\N,\N
132559,1897,1,11,\N,\N,\N,\N,2,2,\N,-49.00,0.00,\N,0.00,f,2026-06-26 07:33:14,2026-06-26 07:33:13.800321,2026-06-26 07:33:13.800321,\N,\N,\N
132560,1920,1,11,\N,\N,\N,\N,2,2,\N,-2.00,0.00,\N,0.00,f,2026-06-26 07:33:14,2026-06-26 07:33:13.800321,2026-06-26 07:33:13.800321,\N,\N,\N
132561,1917,1,11,\N,\N,\N,\N,2,2,\N,-5.00,0.00,\N,0.00,f,2026-06-26 07:33:14,2026-06-26 07:33:13.800321,2026-06-26 07:33:13.800321,\N,\N,\N
132562,1914,1,11,\N,\N,\N,\N,2,2,\N,-4.00,0.00,\N,0.00,f,2026-06-26 07:33:14,2026-06-26 07:33:13.800321,2026-06-26 07:33:13.800321,\N,\N,\N
132563,1908,1,11,\N,\N,\N,\N,2,2,\N,-1.00,0.00,\N,0.00,f,2026-06-26 07:33:14,2026-06-26 07:33:13.800321,2026-06-26 07:33:13.800321,\N,\N,\N
132564,1907,1,11,\N,\N,\N,\N,2,2,\N,-5.00,0.00,\N,0.00,f,2026-06-26 07:33:14,2026-06-26 07:33:13.800321,2026-06-26 07:33:13.800321,\N,\N,\N
132565,1904,1,11,\N,\N,\N,\N,2,2,\N,-9.00,0.00,\N,0.00,f,2026-06-26 07:33:14,2026-06-26 07:33:13.800321,2026-06-26 07:33:13.800321,\N,\N,\N
132566,1910,1,11,\N,\N,\N,\N,2,2,\N,-2.00,0.00,\N,0.00,f,2026-06-26 07:33:14,2026-06-26 07:33:13.800321,2026-06-26 07:33:13.800321,\N,\N,\N
132567,1912,1,11,\N,\N,\N,\N,2,2,\N,-11.00,0.00,\N,0.00,f,2026-06-26 07:33:14,2026-06-26 07:33:13.800321,2026-06-26 07:33:13.800321,\N,\N,\N
132568,1919,1,11,\N,\N,\N,\N,2,2,\N,-1.00,0.00,\N,0.00,f,2026-06-26 07:33:14,2026-06-26 07:33:13.800321,2026-06-26 07:33:13.800321,\N,\N,\N
132569,1915,1,11,\N,\N,\N,\N,2,2,\N,-4.00,0.00,\N,0.00,f,2026-06-26 07:33:14,2026-06-26 07:33:13.800321,2026-06-26 07:33:13.800321,\N,\N,\N
132570,1913,1,11,\N,\N,\N,\N,2,2,\N,-3.00,0.00,\N,0.00,f,2026-06-26 07:33:14,2026-06-26 07:33:13.800321,2026-06-26 07:33:13.800321,\N,\N,\N
132571,1906,1,11,\N,\N,\N,\N,2,2,\N,-2.00,0.00,\N,0.00,f,2026-06-26 07:33:14,2026-06-26 07:33:13.800321,2026-06-26 07:33:13.800321,\N,\N,\N
132572,1905,1,11,\N,\N,\N,\N,2,2,\N,-2.00,0.00,\N,0.00,f,2026-06-26 07:33:14,2026-06-26 07:33:13.800321,2026-06-26 07:33:13.800321,\N,\N,\N
132573,1903,1,11,\N,\N,\N,\N,2,2,\N,-9.00,0.00,\N,0.00,f,2026-06-26 07:33:14,2026-06-26 07:33:13.800321,2026-06-26 07:33:13.800321,\N,\N,\N
132574,1909,1,11,\N,\N,\N,\N,2,2,\N,-1.00,0.00,\N,0.00,f,2026-06-26 07:33:14,2026-06-26 07:33:13.800321,2026-06-26 07:33:13.800321,\N,\N,\N
132575,1926,1,11,\N,\N,\N,\N,2,2,\N,-60.00,0.00,\N,0.00,f,2026-06-26 07:33:14,2026-06-26 07:33:13.800321,2026-06-26 07:33:13.800321,\N,\N,\N
132576,1925,1,11,\N,\N,\N,\N,2,2,\N,-49.00,0.00,\N,0.00,f,2026-06-26 07:33:14,2026-06-26 07:33:13.800321,2026-06-26 07:33:13.800321,\N,\N,\N
132577,1924,1,11,\N,\N,\N,\N,2,2,\N,-7.00,0.00,\N,0.00,f,2026-06-26 07:33:14,2026-06-26 07:33:13.800321,2026-06-26 07:33:13.800321,\N,\N,\N
132578,1933,1,11,\N,\N,\N,\N,2,2,\N,-16.00,0.00,\N,0.00,f,2026-06-26 07:33:14,2026-06-26 07:33:13.800321,2026-06-26 07:33:13.800321,\N,\N,\N
132579,1934,1,11,\N,\N,\N,\N,2,2,\N,-8.00,0.00,\N,0.00,f,2026-06-26 07:33:14,2026-06-26 07:33:13.800321,2026-06-26 07:33:13.800321,\N,\N,\N
132580,1932,1,11,\N,\N,\N,\N,2,2,\N,-61.00,0.00,\N,0.00,f,2026-06-26 07:33:14,2026-06-26 07:33:13.800321,2026-06-26 07:33:13.800321,\N,\N,\N
132581,1931,1,11,\N,\N,\N,\N,2,2,\N,-47.00,0.00,\N,0.00,f,2026-06-26 07:33:14,2026-06-26 07:33:13.800321,2026-06-26 07:33:13.800321,\N,\N,\N
132582,1930,1,11,\N,\N,\N,\N,2,2,\N,-23.00,0.00,\N,0.00,f,2026-06-26 07:33:14,2026-06-26 07:33:13.800321,2026-06-26 07:33:13.800321,\N,\N,\N
132583,1937,1,11,\N,\N,\N,\N,2,2,\N,-25.00,0.00,\N,0.00,f,2026-06-26 07:33:14,2026-06-26 07:33:13.800321,2026-06-26 07:33:13.800321,\N,\N,\N
132584,1938,1,11,\N,\N,\N,\N,2,2,\N,-12.00,0.00,\N,0.00,f,2026-06-26 07:33:14,2026-06-26 07:33:13.800321,2026-06-26 07:33:13.800321,\N,\N,\N
132585,1929,1,11,\N,\N,\N,\N,2,2,\N,-57.00,0.00,\N,0.00,f,2026-06-26 07:33:14,2026-06-26 07:33:13.800321,2026-06-26 07:33:13.800321,\N,\N,\N
132586,1928,1,11,\N,\N,\N,\N,2,2,\N,-48.00,0.00,\N,0.00,f,2026-06-26 07:33:14,2026-06-26 07:33:13.800321,2026-06-26 07:33:13.800321,\N,\N,\N
132587,1927,1,11,\N,\N,\N,\N,2,2,\N,-33.00,0.00,\N,0.00,f,2026-06-26 07:33:14,2026-06-26 07:33:13.800321,2026-06-26 07:33:13.800321,\N,\N,\N
132588,1935,1,11,\N,\N,\N,\N,2,2,\N,-22.00,0.00,\N,0.00,f,2026-06-26 07:33:14,2026-06-26 07:33:13.800321,2026-06-26 07:33:13.800321,\N,\N,\N
132589,1936,1,11,\N,\N,\N,\N,2,2,\N,-18.00,0.00,\N,0.00,f,2026-06-26 07:33:14,2026-06-26 07:33:13.800321,2026-06-26 07:33:13.800321,\N,\N,\N
132590,5772,1,11,\N,\N,\N,\N,2,2,\N,-8.00,0.00,\N,0.00,f,2026-06-26 07:33:14,2026-06-26 07:33:13.800321,2026-06-26 07:33:13.800321,\N,\N,\N
132591,5773,1,11,\N,\N,\N,\N,2,2,\N,-10.00,0.00,\N,0.00,f,2026-06-26 07:33:14,2026-06-26 07:33:13.800321,2026-06-26 07:33:13.800321,\N,\N,\N
132592,5774,1,11,\N,\N,\N,\N,2,2,\N,-1.00,0.00,\N,0.00,f,2026-06-26 07:33:14,2026-06-26 07:33:13.800321,2026-06-26 07:33:13.800321,\N,\N,\N
132593,5776,1,11,\N,\N,\N,\N,2,2,\N,-2.00,0.00,\N,0.00,f,2026-06-26 07:33:14,2026-06-26 07:33:13.800321,2026-06-26 07:33:13.800321,\N,\N,\N
132594,5767,1,11,\N,\N,\N,\N,2,2,\N,-2.00,0.00,\N,0.00,f,2026-06-26 07:33:14,2026-06-26 07:33:13.800321,2026-06-26 07:33:13.800321,\N,\N,\N
132595,5768,1,11,\N,\N,\N,\N,2,2,\N,-22.00,0.00,\N,0.00,f,2026-06-26 07:33:14,2026-06-26 07:33:13.800321,2026-06-26 07:33:13.800321,\N,\N,\N
132596,5769,1,11,\N,\N,\N,\N,2,2,\N,-18.00,0.00,\N,0.00,f,2026-06-26 07:33:14,2026-06-26 07:33:13.800321,2026-06-26 07:33:13.800321,\N,\N,\N
132597,5770,1,11,\N,\N,\N,\N,2,2,\N,-6.00,0.00,\N,0.00,f,2026-06-26 07:33:14,2026-06-26 07:33:13.800321,2026-06-26 07:33:13.800321,\N,\N,\N
132598,5771,1,11,\N,\N,\N,\N,2,2,\N,-3.00,0.00,\N,0.00,f,2026-06-26 07:33:14,2026-06-26 07:33:13.800321,2026-06-26 07:33:13.800321,\N,\N,\N
132599,5762,1,11,\N,\N,\N,\N,2,2,\N,-2.00,0.00,\N,0.00,f,2026-06-26 07:33:14,2026-06-26 07:33:13.800321,2026-06-26 07:33:13.800321,\N,\N,\N
132600,5763,1,11,\N,\N,\N,\N,2,2,\N,-7.00,0.00,\N,0.00,f,2026-06-26 07:33:14,2026-06-26 07:33:13.800321,2026-06-26 07:33:13.800321,\N,\N,\N
132601,5764,1,11,\N,\N,\N,\N,2,2,\N,-7.00,0.00,\N,0.00,f,2026-06-26 07:33:14,2026-06-26 07:33:13.800321,2026-06-26 07:33:13.800321,\N,\N,\N
132602,5765,1,11,\N,\N,\N,\N,2,2,\N,-2.00,0.00,\N,0.00,f,2026-06-26 07:33:14,2026-06-26 07:33:13.800321,2026-06-26 07:33:13.800321,\N,\N,\N
132603,5766,1,11,\N,\N,\N,\N,2,2,\N,-3.00,0.00,\N,0.00,f,2026-06-26 07:33:14,2026-06-26 07:33:13.800321,2026-06-26 07:33:13.800321,\N,\N,\N
133354,1614,2,20,\N,\N,\N,\N,42,42,2026-12-31,4.00,0.00,\N,0.00,f,2026-06-26 06:37:08,2026-06-29 08:16:21.547384,2026-06-29 08:16:21.547384,\N,\N,\N
131329,1105,1,11,\N,\N,\N,\N,2,2,\N,-369.00,0.00,\N,0.00,f,2026-06-26 07:33:14,2026-06-26 06:36:59.469977,2026-06-26 07:33:13.800321,\N,\N,\N
132427,5746,1,5,\N,\N,\N,\N,2,2,2026-12-31,4.00,0.00,0.00,0.00,f,2026-06-26 07:33:14,2026-06-26 07:32:51.75853,2026-06-26 07:33:13.800321,\N,\N,\N
133355,1881,2,20,\N,\N,\N,\N,42,42,2026-12-31,4.00,0.00,\N,0.00,f,2026-06-26 06:37:09,2026-06-29 08:16:21.547384,2026-06-29 08:16:21.547384,\N,\N,\N
132429,5761,1,5,\N,\N,\N,\N,2,2,2026-12-31,2.00,0.00,0.00,0.00,f,2026-06-26 07:33:14,2026-06-26 07:32:51.75853,2026-06-26 07:33:13.800321,\N,\N,\N
133356,2025,2,20,\N,\N,\N,\N,42,42,2026-12-31,4.00,0.00,\N,0.00,f,2026-06-26 06:37:11,2026-06-29 08:16:21.547384,2026-06-29 08:16:21.547384,\N,\N,\N
133357,1133,2,20,\N,\N,\N,\N,42,42,2026-12-31,3.00,0.00,\N,0.00,f,2026-06-26 06:37:10,2026-06-29 08:16:21.547384,2026-06-29 08:16:21.547384,\N,\N,\N
132432,5760,1,5,\N,\N,\N,\N,2,2,2026-12-31,1.00,0.00,0.00,0.00,f,2026-06-26 07:33:14,2026-06-26 07:32:51.75853,2026-06-26 07:33:13.800321,\N,\N,\N
133358,2180,2,20,\N,\N,\N,\N,42,42,2026-12-31,3.00,0.00,\N,0.00,f,2026-06-26 06:37:09,2026-06-29 08:16:21.547384,2026-06-29 08:16:21.547384,\N,\N,\N
133359,2186,2,20,\N,\N,\N,\N,42,42,2026-12-31,3.00,0.00,\N,0.00,f,2026-06-26 06:37:09,2026-06-29 08:16:21.547384,2026-06-29 08:16:21.547384,\N,\N,\N
133360,2183,2,20,\N,\N,\N,\N,42,42,2026-12-31,3.00,0.00,\N,0.00,f,2026-06-26 06:37:09,2026-06-29 08:16:21.547384,2026-06-29 08:16:21.547384,\N,\N,\N
133361,2182,2,20,\N,\N,\N,\N,42,42,2026-12-31,3.00,0.00,\N,0.00,f,2026-06-26 06:37:09,2026-06-29 08:16:21.547384,2026-06-29 08:16:21.547384,\N,\N,\N
133362,459,2,20,\N,\N,\N,\N,42,42,2026-12-31,3.00,0.00,\N,0.00,f,2026-06-26 06:37:11,2026-06-29 08:16:21.547384,2026-06-29 08:16:21.547384,\N,\N,\N
133363,440,2,20,\N,\N,\N,\N,42,42,2026-12-31,3.00,0.00,\N,0.00,f,2026-06-26 06:37:11,2026-06-29 08:16:21.547384,2026-06-29 08:16:21.547384,\N,\N,\N
133364,211,2,20,\N,\N,\N,\N,42,42,2026-12-31,3.00,0.00,\N,0.00,f,2026-06-26 06:37:09,2026-06-29 08:16:21.547384,2026-06-29 08:16:21.547384,\N,\N,\N
132440,5755,1,5,\N,\N,\N,\N,2,2,2026-12-31,1.00,0.00,0.00,0.00,f,2026-06-26 07:33:14,2026-06-26 07:32:51.75853,2026-06-26 07:33:13.800321,\N,\N,\N
133365,212,2,20,\N,\N,\N,\N,42,42,2026-12-31,3.00,0.00,\N,0.00,f,2026-06-26 06:37:09,2026-06-29 08:16:21.547384,2026-06-29 08:16:21.547384,\N,\N,\N
132442,3095,1,5,\N,\N,\N,\N,2,2,2026-12-31,56.00,0.00,0.00,0.00,f,2026-06-26 07:33:14,2026-06-26 07:32:51.75853,2026-06-26 07:33:13.800321,\N,\N,\N
132443,3096,1,5,\N,\N,\N,\N,2,2,2026-12-31,43.00,0.00,0.00,0.00,f,2026-06-26 07:33:14,2026-06-26 07:32:51.75853,2026-06-26 07:33:13.800321,\N,\N,\N
132444,3097,1,5,\N,\N,\N,\N,2,2,2026-12-31,172.00,0.00,0.00,0.00,f,2026-06-26 07:33:14,2026-06-26 07:32:51.75853,2026-06-26 07:33:13.800321,\N,\N,\N
132445,3098,1,5,\N,\N,\N,\N,2,2,2026-12-31,124.00,0.00,0.00,0.00,f,2026-06-26 07:33:14,2026-06-26 07:32:51.75853,2026-06-26 07:33:13.800321,\N,\N,\N
132446,3099,1,5,\N,\N,\N,\N,2,2,2026-12-31,223.00,0.00,0.00,0.00,f,2026-06-26 07:33:14,2026-06-26 07:32:51.75853,2026-06-26 07:33:13.800321,\N,\N,\N
132447,3100,1,5,\N,\N,\N,\N,2,2,2026-12-31,287.00,0.00,0.00,0.00,f,2026-06-26 07:33:14,2026-06-26 07:32:51.75853,2026-06-26 07:33:13.800321,\N,\N,\N
132448,3101,1,5,\N,\N,\N,\N,2,2,2026-12-31,197.00,0.00,0.00,0.00,f,2026-06-26 07:33:14,2026-06-26 07:32:51.75853,2026-06-26 07:33:13.800321,\N,\N,\N
132449,3102,1,5,\N,\N,\N,\N,2,2,2026-12-31,148.00,0.00,0.00,0.00,f,2026-06-26 07:33:14,2026-06-26 07:32:51.75853,2026-06-26 07:33:13.800321,\N,\N,\N
132450,3103,1,5,\N,\N,\N,\N,2,2,2026-12-31,20.00,0.00,0.00,0.00,f,2026-06-26 07:33:14,2026-06-26 07:32:51.75853,2026-06-26 07:33:13.800321,\N,\N,\N
132451,3069,1,5,\N,\N,\N,\N,2,2,2026-12-31,20.00,0.00,0.00,0.00,f,2026-06-26 07:33:14,2026-06-26 07:32:51.75853,2026-06-26 07:33:13.800321,\N,\N,\N
132452,3070,1,5,\N,\N,\N,\N,2,2,2026-12-31,20.00,0.00,0.00,0.00,f,2026-06-26 07:33:14,2026-06-26 07:32:51.75853,2026-06-26 07:33:13.800321,\N,\N,\N
132453,3071,1,5,\N,\N,\N,\N,2,2,2026-12-31,18.00,0.00,0.00,0.00,f,2026-06-26 07:33:14,2026-06-26 07:32:51.75853,2026-06-26 07:33:13.800321,\N,\N,\N
132454,3072,1,5,\N,\N,\N,\N,2,2,2026-12-31,34.00,0.00,0.00,0.00,f,2026-06-26 07:33:14,2026-06-26 07:32:51.75853,2026-06-26 07:33:13.800321,\N,\N,\N
132455,3073,1,5,\N,\N,\N,\N,2,2,2026-12-31,16.00,0.00,0.00,0.00,f,2026-06-26 07:33:14,2026-06-26 07:32:51.75853,2026-06-26 07:33:13.800321,\N,\N,\N
132456,3074,1,5,\N,\N,\N,\N,2,2,2026-12-31,45.00,0.00,0.00,0.00,f,2026-06-26 07:33:14,2026-06-26 07:32:51.75853,2026-06-26 07:33:13.800321,\N,\N,\N
132457,3075,1,5,\N,\N,\N,\N,2,2,2026-12-31,12.00,0.00,0.00,0.00,f,2026-06-26 07:33:14,2026-06-26 07:32:51.75853,2026-06-26 07:33:13.800321,\N,\N,\N
132459,4045,1,5,\N,\N,\N,\N,2,2,2026-12-31,7.00,0.00,0.00,0.00,f,2026-06-26 07:33:14,2026-06-26 07:32:51.75853,2026-06-26 07:33:13.800321,\N,\N,\N
132461,4048,1,5,\N,\N,\N,\N,2,2,2026-12-31,2.00,0.00,0.00,0.00,f,2026-06-26 07:33:14,2026-06-26 07:32:51.75853,2026-06-26 07:33:13.800321,\N,\N,\N
133366,5759,2,20,\N,\N,\N,\N,42,42,2026-12-31,3.00,0.00,\N,0.00,f,2026-06-26 07:33:14,2026-06-29 08:16:21.547384,2026-06-29 08:16:21.547384,\N,\N,\N
132464,1083,1,5,\N,\N,\N,\N,2,2,2026-12-31,1.00,0.00,0.00,0.00,f,2026-06-26 07:33:14,2026-06-26 07:32:51.75853,2026-06-26 07:33:13.800321,\N,\N,\N
130300,1464,1,5,\N,\N,\N,\N,2,2,2026-12-31,50.00,10.00,0.00,0.00,f,2026-06-26 06:37:09,2026-06-26 06:35:08.98363,2026-07-30 13:36:12.459096,\N,\N,\N
133367,5749,2,20,\N,\N,\N,\N,42,42,2026-12-31,3.00,0.00,\N,0.00,f,2026-06-26 07:33:14,2026-06-29 08:16:21.547384,2026-06-29 08:16:21.547384,\N,\N,\N
130213,1171,1,5,\N,\N,\N,\N,2,2,2026-12-31,50.00,20.00,0.00,0.00,f,2026-06-26 06:37:08,2026-06-26 06:35:08.98363,2026-07-31 05:21:21.078278,\N,\N,\N
133368,5758,2,20,\N,\N,\N,\N,42,42,2026-12-31,3.00,0.00,\N,0.00,f,2026-06-26 07:33:14,2026-06-29 08:16:21.547384,2026-06-29 08:16:21.547384,\N,\N,\N
130301,1465,1,5,\N,\N,\N,\N,2,2,2026-12-31,217.00,35.00,0.00,0.00,f,2026-06-26 06:37:09,2026-06-26 06:35:08.98363,2026-08-01 08:21:14.236871,\N,\N,\N
133369,259,2,20,\N,\N,\N,\N,42,42,2026-12-31,3.00,0.00,\N,0.00,f,2026-06-26 06:37:11,2026-06-29 08:16:21.547384,2026-06-29 08:16:21.547384,\N,\N,\N
132475,1908,1,5,\N,\N,\N,\N,2,2,2026-12-31,1.00,0.00,0.00,0.00,f,2026-06-26 07:33:14,2026-06-26 07:32:51.75853,2026-06-26 07:33:13.800321,\N,\N,\N
132476,1907,1,5,\N,\N,\N,\N,2,2,2026-12-31,5.00,0.00,0.00,0.00,f,2026-06-26 07:33:14,2026-06-26 07:32:51.75853,2026-06-26 07:33:13.800321,\N,\N,\N
133370,266,2,20,\N,\N,\N,\N,42,42,2026-12-31,3.00,0.00,\N,0.00,f,2026-06-26 06:37:11,2026-06-29 08:16:21.547384,2026-06-29 08:16:21.547384,\N,\N,\N
132478,1910,1,5,\N,\N,\N,\N,2,2,2026-12-31,2.00,0.00,0.00,0.00,f,2026-06-26 07:33:14,2026-06-26 07:32:51.75853,2026-06-26 07:33:13.800321,\N,\N,\N
133371,268,2,20,\N,\N,\N,\N,42,42,2026-12-31,3.00,0.00,\N,0.00,f,2026-06-26 06:37:11,2026-06-29 08:16:21.547384,2026-06-29 08:16:21.547384,\N,\N,\N
132480,1919,1,5,\N,\N,\N,\N,2,2,2026-12-31,1.00,0.00,0.00,0.00,f,2026-06-26 07:33:14,2026-06-26 07:32:51.75853,2026-06-26 07:33:13.800321,\N,\N,\N
130215,1173,1,5,\N,\N,\N,\N,2,2,2026-12-31,23.00,5.00,0.00,0.00,f,2026-06-26 06:37:08,2026-06-26 06:35:08.98363,2026-07-25 03:36:16.775221,\N,\N,\N
133372,274,2,20,\N,\N,\N,\N,42,42,2026-12-31,3.00,0.00,\N,0.00,f,2026-06-26 06:37:11,2026-06-29 08:16:21.547384,2026-06-29 08:16:21.547384,\N,\N,\N
132484,1905,1,5,\N,\N,\N,\N,2,2,2026-12-31,2.00,0.00,0.00,0.00,f,2026-06-26 07:33:14,2026-06-26 07:32:51.75853,2026-06-26 07:33:13.800321,\N,\N,\N
130202,1169,1,5,\N,\N,\N,\N,2,2,2026-12-31,189.00,8.00,0.00,0.00,f,2026-06-26 06:37:08,2026-06-26 06:35:08.98363,2026-07-31 18:51:15.456856,\N,\N,\N
132487,1926,1,5,\N,\N,\N,\N,2,2,2026-12-31,60.00,0.00,0.00,0.00,f,2026-06-26 07:33:14,2026-06-26 07:32:51.75853,2026-06-26 07:33:13.800321,\N,\N,\N
132488,1925,1,5,\N,\N,\N,\N,2,2,2026-12-31,49.00,0.00,0.00,0.00,f,2026-06-26 07:33:14,2026-06-26 07:32:51.75853,2026-06-26 07:33:13.800321,\N,\N,\N
133373,367,2,20,\N,\N,\N,\N,42,42,2026-12-31,3.00,0.00,\N,0.00,f,2026-06-26 06:37:12,2026-06-29 08:16:21.547384,2026-06-29 08:16:21.547384,\N,\N,\N
132490,1933,1,5,\N,\N,\N,\N,2,2,2026-12-31,16.00,0.00,0.00,0.00,f,2026-06-26 07:33:14,2026-06-26 07:32:51.75853,2026-06-26 07:33:13.800321,\N,\N,\N
133374,2472,2,20,\N,\N,\N,\N,42,42,2026-12-31,3.00,0.00,\N,0.00,f,2026-06-26 06:37:13,2026-06-29 08:16:21.547384,2026-06-29 08:16:21.547384,\N,\N,\N
133375,308,2,20,\N,\N,\N,\N,42,42,2026-12-31,3.00,0.00,\N,0.00,f,2026-06-26 06:37:11,2026-06-29 08:16:21.547384,2026-06-29 08:16:21.547384,\N,\N,\N
133376,313,2,20,\N,\N,\N,\N,42,42,2026-12-31,3.00,0.00,\N,0.00,f,2026-06-26 06:37:11,2026-06-29 08:16:21.547384,2026-06-29 08:16:21.547384,\N,\N,\N
133377,328,2,20,\N,\N,\N,\N,42,42,2026-12-31,3.00,0.00,\N,0.00,f,2026-06-26 06:37:11,2026-06-29 08:16:21.547384,2026-06-29 08:16:21.547384,\N,\N,\N
133378,329,2,20,\N,\N,\N,\N,42,42,2026-12-31,3.00,0.00,\N,0.00,f,2026-06-26 06:37:11,2026-06-29 08:16:21.547384,2026-06-29 08:16:21.547384,\N,\N,\N
132458,4044,1,5,\N,\N,\N,\N,2,61,2026-12-31,5.00,1.00,0.00,0.00,f,2026-06-26 07:33:14,2026-06-26 07:32:51.75853,2026-06-26 11:06:35.489617,\N,\N,\N
132460,4046,1,5,\N,\N,\N,\N,2,61,2026-12-31,8.00,4.00,0.00,0.00,f,2026-06-26 07:33:14,2026-06-26 07:32:51.75853,2026-06-26 11:06:35.489617,\N,\N,\N
132486,1909,1,5,\N,\N,\N,\N,2,38,2026-12-31,1.00,1.00,0.00,0.00,f,2026-06-26 07:33:14,2026-06-26 07:32:51.75853,2026-06-26 11:30:50.487622,\N,\N,\N
132495,1937,1,5,\N,\N,\N,\N,2,2,2026-12-31,25.00,0.00,0.00,0.00,f,2026-06-26 07:33:14,2026-06-26 07:32:51.75853,2026-06-26 07:33:13.800321,\N,\N,\N
132500,1935,1,5,\N,\N,\N,\N,2,2,2026-12-31,22.00,0.00,0.00,0.00,f,2026-06-26 07:33:14,2026-06-26 07:32:51.75853,2026-06-26 07:33:13.800321,\N,\N,\N
132759,5870,1,11,\N,\N,\N,\N,2,2,\N,-55.00,0.00,\N,0.00,f,2026-06-26 08:48:57,2026-06-26 08:48:57.740836,2026-06-26 08:48:57.740836,\N,\N,\N
132761,5871,1,11,\N,\N,\N,\N,2,2,\N,-1.00,0.00,\N,0.00,f,2026-06-26 08:51:55,2026-06-26 08:51:55.039007,2026-06-26 08:51:55.039007,\N,\N,\N
133379,330,2,20,\N,\N,\N,\N,42,42,2026-12-31,3.00,0.00,\N,0.00,f,2026-06-26 06:37:11,2026-06-29 08:16:21.547384,2026-06-29 08:16:21.547384,\N,\N,\N
133380,333,2,20,\N,\N,\N,\N,42,42,2026-12-31,3.00,0.00,\N,0.00,f,2026-06-26 06:37:11,2026-06-29 08:16:21.547384,2026-06-29 08:16:21.547384,\N,\N,\N
133381,795,2,20,\N,\N,\N,\N,42,42,2026-12-31,3.00,0.00,\N,0.00,f,2026-06-26 06:37:10,2026-06-29 08:16:21.547384,2026-06-29 08:16:21.547384,\N,\N,\N
132498,1928,1,5,\N,\N,\N,\N,2,38,2026-12-31,48.00,3.00,0.00,0.00,f,2026-06-26 07:33:14,2026-06-26 07:32:51.75853,2026-06-26 11:30:50.487622,\N,\N,\N
132497,1929,1,5,\N,\N,\N,\N,2,38,2026-12-31,57.00,3.00,0.00,0.00,f,2026-06-26 07:33:14,2026-06-26 07:32:51.75853,2026-06-26 11:30:50.487622,\N,\N,\N
133382,809,2,20,\N,\N,\N,\N,42,42,2026-12-31,3.00,0.00,\N,0.00,f,2026-06-26 06:37:08,2026-06-29 08:16:21.547384,2026-06-29 08:16:21.547384,\N,\N,\N
133383,812,2,20,\N,\N,\N,\N,42,42,2026-12-31,3.00,0.00,\N,0.00,f,2026-06-26 06:37:08,2026-06-29 08:16:21.547384,2026-06-29 08:16:21.547384,\N,\N,\N
133384,813,2,20,\N,\N,\N,\N,42,42,2026-12-31,3.00,0.00,\N,0.00,f,2026-06-26 06:37:08,2026-06-29 08:16:21.547384,2026-06-29 08:16:21.547384,\N,\N,\N
133385,753,2,20,\N,\N,\N,\N,42,42,2026-12-31,3.00,0.00,\N,0.00,f,2026-06-26 06:37:09,2026-06-29 08:16:21.547384,2026-06-29 08:16:21.547384,\N,\N,\N
133386,780,2,20,\N,\N,\N,\N,42,42,2026-12-31,3.00,0.00,\N,0.00,f,2026-06-26 06:37:08,2026-06-29 08:16:21.547384,2026-06-29 08:16:21.547384,\N,\N,\N
133387,835,2,20,\N,\N,\N,\N,42,42,2026-12-31,3.00,0.00,\N,0.00,f,2026-06-26 06:37:09,2026-06-29 08:16:21.547384,2026-06-29 08:16:21.547384,\N,\N,\N
133388,847,2,20,\N,\N,\N,\N,42,42,2026-12-31,3.00,0.00,\N,0.00,f,2026-06-26 06:37:08,2026-06-29 08:16:21.547384,2026-06-29 08:16:21.547384,\N,\N,\N
133389,827,2,20,\N,\N,\N,\N,42,42,2026-12-31,3.00,0.00,\N,0.00,f,2026-06-26 06:37:08,2026-06-29 08:16:21.547384,2026-06-29 08:16:21.547384,\N,\N,\N
133390,828,2,20,\N,\N,\N,\N,42,42,2026-12-31,3.00,0.00,\N,0.00,f,2026-06-26 06:37:08,2026-06-29 08:16:21.547384,2026-06-29 08:16:21.547384,\N,\N,\N
133391,861,2,20,\N,\N,\N,\N,42,42,2026-12-31,3.00,0.00,\N,0.00,f,2026-06-26 06:37:11,2026-06-29 08:16:21.547384,2026-06-29 08:16:21.547384,\N,\N,\N
133392,864,2,20,\N,\N,\N,\N,42,42,2026-12-31,3.00,0.00,\N,0.00,f,2026-06-26 06:37:11,2026-06-29 08:16:21.547384,2026-06-29 08:16:21.547384,\N,\N,\N
133393,859,2,20,\N,\N,\N,\N,42,42,2026-12-31,3.00,0.00,\N,0.00,f,2026-06-26 06:37:09,2026-06-29 08:16:21.547384,2026-06-29 08:16:21.547384,\N,\N,\N
133394,867,2,20,\N,\N,\N,\N,42,42,2026-12-31,3.00,0.00,\N,0.00,f,2026-06-26 06:37:10,2026-06-29 08:16:21.547384,2026-06-29 08:16:21.547384,\N,\N,\N
133395,1058,2,20,\N,\N,\N,\N,42,42,2026-12-31,3.00,0.00,\N,0.00,f,2026-06-26 06:37:10,2026-06-29 08:16:21.547384,2026-06-29 08:16:21.547384,\N,\N,\N
133396,1075,2,20,\N,\N,\N,\N,42,42,2026-12-31,3.00,0.00,\N,0.00,f,2026-06-26 06:37:11,2026-06-29 08:16:21.547384,2026-06-29 08:16:21.547384,\N,\N,\N
133397,1074,2,20,\N,\N,\N,\N,42,42,2026-12-31,3.00,0.00,\N,0.00,f,2026-06-26 06:37:11,2026-06-29 08:16:21.547384,2026-06-29 08:16:21.547384,\N,\N,\N
133398,1109,2,20,\N,\N,\N,\N,42,42,2026-12-31,3.00,0.00,\N,0.00,f,2026-06-26 06:37:11,2026-06-29 08:16:21.547384,2026-06-29 08:16:21.547384,\N,\N,\N
133399,1110,2,20,\N,\N,\N,\N,42,42,2026-12-31,3.00,0.00,\N,0.00,f,2026-06-26 06:37:11,2026-06-29 08:16:21.547384,2026-06-29 08:16:21.547384,\N,\N,\N
133400,1118,2,20,\N,\N,\N,\N,42,42,2026-12-31,3.00,0.00,\N,0.00,f,2026-06-26 06:37:11,2026-06-29 08:16:21.547384,2026-06-29 08:16:21.547384,\N,\N,\N
133401,2407,2,20,\N,\N,\N,\N,42,42,2026-12-31,3.00,0.00,\N,0.00,f,2026-06-26 06:37:12,2026-06-29 08:16:21.547384,2026-06-29 08:16:21.547384,\N,\N,\N
133402,2408,2,20,\N,\N,\N,\N,42,42,2026-12-31,3.00,0.00,\N,0.00,f,2026-06-26 06:37:12,2026-06-29 08:16:21.547384,2026-06-29 08:16:21.547384,\N,\N,\N
133403,2409,2,20,\N,\N,\N,\N,42,42,2026-12-31,3.00,0.00,\N,0.00,f,2026-06-26 06:37:12,2026-06-29 08:16:21.547384,2026-06-29 08:16:21.547384,\N,\N,\N
133404,1160,2,20,\N,\N,\N,\N,42,42,2026-12-31,3.00,0.00,\N,0.00,f,2026-06-26 06:37:08,2026-06-29 08:16:21.547384,2026-06-29 08:16:21.547384,\N,\N,\N
133405,1161,2,20,\N,\N,\N,\N,42,42,2026-12-31,3.00,0.00,\N,0.00,f,2026-06-26 06:37:08,2026-06-29 08:16:21.547384,2026-06-29 08:16:21.547384,\N,\N,\N
133406,1145,2,20,\N,\N,\N,\N,42,42,2026-12-31,3.00,0.00,\N,0.00,f,2026-06-26 06:37:10,2026-06-29 08:16:21.547384,2026-06-29 08:16:21.547384,\N,\N,\N
133407,1149,2,20,\N,\N,\N,\N,42,42,2026-12-31,3.00,0.00,\N,0.00,f,2026-06-26 06:37:10,2026-06-29 08:16:21.547384,2026-06-29 08:16:21.547384,\N,\N,\N
133408,1156,2,20,\N,\N,\N,\N,42,42,2026-12-31,3.00,0.00,\N,0.00,f,2026-06-26 06:37:10,2026-06-29 08:16:21.547384,2026-06-29 08:16:21.547384,\N,\N,\N
133409,1139,2,20,\N,\N,\N,\N,42,42,2026-12-31,3.00,0.00,\N,0.00,f,2026-06-26 06:37:10,2026-06-29 08:16:21.547384,2026-06-29 08:16:21.547384,\N,\N,\N
133410,1152,2,20,\N,\N,\N,\N,42,42,2026-12-31,3.00,0.00,\N,0.00,f,2026-06-26 06:37:10,2026-06-29 08:16:21.547384,2026-06-29 08:16:21.547384,\N,\N,\N
133411,1499,2,20,\N,\N,\N,\N,42,42,2026-12-31,3.00,0.00,\N,0.00,f,2026-06-26 06:37:09,2026-06-29 08:16:21.547384,2026-06-29 08:16:21.547384,\N,\N,\N
133412,1468,2,20,\N,\N,\N,\N,42,42,2026-12-31,3.00,0.00,\N,0.00,f,2026-06-26 06:37:09,2026-06-29 08:16:21.547384,2026-06-29 08:16:21.547384,\N,\N,\N
133413,1529,2,20,\N,\N,\N,\N,42,42,2026-12-31,3.00,0.00,\N,0.00,f,2026-06-26 06:37:09,2026-06-29 08:16:21.547384,2026-06-29 08:16:21.547384,\N,\N,\N
133414,1544,2,20,\N,\N,\N,\N,42,42,2026-12-31,3.00,0.00,\N,0.00,f,2026-06-26 06:37:08,2026-06-29 08:16:21.547384,2026-06-29 08:16:21.547384,\N,\N,\N
133415,1608,2,20,\N,\N,\N,\N,42,42,2026-12-31,3.00,0.00,\N,0.00,f,2026-06-26 06:37:08,2026-06-29 08:16:21.547384,2026-06-29 08:16:21.547384,\N,\N,\N
133416,1831,2,20,\N,\N,\N,\N,42,42,2026-12-31,3.00,0.00,\N,0.00,f,2026-06-26 06:37:08,2026-06-29 08:16:21.547384,2026-06-29 08:16:21.547384,\N,\N,\N
133417,1845,2,20,\N,\N,\N,\N,42,42,2026-12-31,3.00,0.00,\N,0.00,f,2026-06-26 06:37:09,2026-06-29 08:16:21.547384,2026-06-29 08:16:21.547384,\N,\N,\N
133418,1846,2,20,\N,\N,\N,\N,42,42,2026-12-31,3.00,0.00,\N,0.00,f,2026-06-26 06:37:09,2026-06-29 08:16:21.547384,2026-06-29 08:16:21.547384,\N,\N,\N
133419,1837,2,20,\N,\N,\N,\N,42,42,2026-12-31,3.00,0.00,\N,0.00,f,2026-06-26 06:37:09,2026-06-29 08:16:21.547384,2026-06-29 08:16:21.547384,\N,\N,\N
133420,2032,2,20,\N,\N,\N,\N,42,42,2026-12-31,3.00,0.00,\N,0.00,f,2026-06-26 06:37:11,2026-06-29 08:16:21.547384,2026-06-29 08:16:21.547384,\N,\N,\N
133421,1134,2,20,\N,\N,\N,\N,42,42,2026-12-31,2.00,0.00,\N,0.00,f,2026-06-26 06:37:10,2026-06-29 08:16:21.547384,2026-06-29 08:16:21.547384,\N,\N,\N
133422,2179,2,20,\N,\N,\N,\N,42,42,2026-12-31,2.00,0.00,\N,0.00,f,2026-06-26 06:37:09,2026-06-29 08:16:21.547384,2026-06-29 08:16:21.547384,\N,\N,\N
133423,439,2,20,\N,\N,\N,\N,42,42,2026-12-31,2.00,0.00,\N,0.00,f,2026-06-26 06:37:11,2026-06-29 08:16:21.547384,2026-06-29 08:16:21.547384,\N,\N,\N
133424,462,2,20,\N,\N,\N,\N,42,42,2026-12-31,2.00,0.00,\N,0.00,f,2026-06-26 06:37:11,2026-06-29 08:16:21.547384,2026-06-29 08:16:21.547384,\N,\N,\N
133425,2410,2,20,\N,\N,\N,\N,42,42,2026-12-31,2.00,0.00,\N,0.00,f,2026-06-26 06:37:12,2026-06-29 08:16:21.547384,2026-06-29 08:16:21.547384,\N,\N,\N
133426,2411,2,20,\N,\N,\N,\N,42,42,2026-12-31,2.00,0.00,\N,0.00,f,2026-06-26 06:37:12,2026-06-29 08:16:21.547384,2026-06-29 08:16:21.547384,\N,\N,\N
133427,2412,2,20,\N,\N,\N,\N,42,42,2026-12-31,2.00,0.00,\N,0.00,f,2026-06-26 06:37:12,2026-06-29 08:16:21.547384,2026-06-29 08:16:21.547384,\N,\N,\N
133428,2413,2,20,\N,\N,\N,\N,42,42,2026-12-31,2.00,0.00,\N,0.00,f,2026-06-26 06:37:12,2026-06-29 08:16:21.547384,2026-06-29 08:16:21.547384,\N,\N,\N
133429,2414,2,20,\N,\N,\N,\N,42,42,2026-12-31,2.00,0.00,\N,0.00,f,2026-06-26 06:37:12,2026-06-29 08:16:21.547384,2026-06-29 08:16:21.547384,\N,\N,\N
133430,2415,2,20,\N,\N,\N,\N,42,42,2026-12-31,2.00,0.00,\N,0.00,f,2026-06-26 06:37:12,2026-06-29 08:16:21.547384,2026-06-29 08:16:21.547384,\N,\N,\N
133431,213,2,20,\N,\N,\N,\N,42,42,2026-12-31,2.00,0.00,\N,0.00,f,2026-06-26 06:37:09,2026-06-29 08:16:21.547384,2026-06-29 08:16:21.547384,\N,\N,\N
133432,214,2,20,\N,\N,\N,\N,42,42,2026-12-31,2.00,0.00,\N,0.00,f,2026-06-26 06:37:09,2026-06-29 08:16:21.547384,2026-06-29 08:16:21.547384,\N,\N,\N
133433,215,2,20,\N,\N,\N,\N,42,42,2026-12-31,2.00,0.00,\N,0.00,f,2026-06-26 06:37:09,2026-06-29 08:16:21.547384,2026-06-29 08:16:21.547384,\N,\N,\N
133434,216,2,20,\N,\N,\N,\N,42,42,2026-12-31,2.00,0.00,\N,0.00,f,2026-06-26 06:37:09,2026-06-29 08:16:21.547384,2026-06-29 08:16:21.547384,\N,\N,\N
133435,229,2,20,\N,\N,\N,\N,42,42,2026-12-31,2.00,0.00,\N,0.00,f,2026-06-26 06:37:09,2026-06-29 08:16:21.547384,2026-06-29 08:16:21.547384,\N,\N,\N
133436,250,2,20,\N,\N,\N,\N,42,42,2026-12-31,2.00,0.00,\N,0.00,f,2026-06-26 06:37:09,2026-06-29 08:16:21.547384,2026-06-29 08:16:21.547384,\N,\N,\N
133437,5747,2,20,\N,\N,\N,\N,42,42,2026-12-31,2.00,0.00,\N,0.00,f,2026-06-26 07:33:14,2026-06-29 08:16:21.547384,2026-06-29 08:16:21.547384,\N,\N,\N
133438,5756,2,20,\N,\N,\N,\N,42,42,2026-12-31,2.00,0.00,\N,0.00,f,2026-06-26 07:33:14,2026-06-29 08:16:21.547384,2026-06-29 08:16:21.547384,\N,\N,\N
133439,5750,2,20,\N,\N,\N,\N,42,42,2026-12-31,2.00,0.00,\N,0.00,f,2026-06-26 07:33:14,2026-06-29 08:16:21.547384,2026-06-29 08:16:21.547384,\N,\N,\N
133440,2218,2,20,\N,\N,\N,\N,42,42,2026-12-31,2.00,0.00,\N,0.00,f,2026-06-26 06:37:12,2026-06-29 08:16:21.547384,2026-06-29 08:16:21.547384,\N,\N,\N
133441,279,2,20,\N,\N,\N,\N,42,42,2026-12-31,2.00,0.00,\N,0.00,f,2026-06-26 06:37:11,2026-06-29 08:16:21.547384,2026-06-29 08:16:21.547384,\N,\N,\N
133442,283,2,20,\N,\N,\N,\N,42,42,2026-12-31,2.00,0.00,\N,0.00,f,2026-06-26 06:37:11,2026-06-29 08:16:21.547384,2026-06-29 08:16:21.547384,\N,\N,\N
133443,262,2,20,\N,\N,\N,\N,42,42,2026-12-31,2.00,0.00,\N,0.00,f,2026-06-26 06:37:11,2026-06-29 08:16:21.547384,2026-06-29 08:16:21.547384,\N,\N,\N
133444,273,2,20,\N,\N,\N,\N,42,42,2026-12-31,2.00,0.00,\N,0.00,f,2026-06-26 06:37:11,2026-06-29 08:16:21.547384,2026-06-29 08:16:21.547384,\N,\N,\N
133445,275,2,20,\N,\N,\N,\N,42,42,2026-12-31,2.00,0.00,\N,0.00,f,2026-06-26 06:37:11,2026-06-29 08:16:21.547384,2026-06-29 08:16:21.547384,\N,\N,\N
133446,343,2,20,\N,\N,\N,\N,42,42,2026-12-31,2.00,0.00,\N,0.00,f,2026-06-26 06:37:12,2026-06-29 08:16:21.547384,2026-06-29 08:16:21.547384,\N,\N,\N
133447,344,2,20,\N,\N,\N,\N,42,42,2026-12-31,2.00,0.00,\N,0.00,f,2026-06-26 06:37:12,2026-06-29 08:16:21.547384,2026-06-29 08:16:21.547384,\N,\N,\N
133448,345,2,20,\N,\N,\N,\N,42,42,2026-12-31,2.00,0.00,\N,0.00,f,2026-06-26 06:37:12,2026-06-29 08:16:21.547384,2026-06-29 08:16:21.547384,\N,\N,\N
133449,346,2,20,\N,\N,\N,\N,42,42,2026-12-31,2.00,0.00,\N,0.00,f,2026-06-26 06:37:12,2026-06-29 08:16:21.547384,2026-06-29 08:16:21.547384,\N,\N,\N
133450,347,2,20,\N,\N,\N,\N,42,42,2026-12-31,2.00,0.00,\N,0.00,f,2026-06-26 06:37:12,2026-06-29 08:16:21.547384,2026-06-29 08:16:21.547384,\N,\N,\N
133451,348,2,20,\N,\N,\N,\N,42,42,2026-12-31,2.00,0.00,\N,0.00,f,2026-06-26 06:37:12,2026-06-29 08:16:21.547384,2026-06-29 08:16:21.547384,\N,\N,\N
133452,349,2,20,\N,\N,\N,\N,42,42,2026-12-31,2.00,0.00,\N,0.00,f,2026-06-26 06:37:12,2026-06-29 08:16:21.547384,2026-06-29 08:16:21.547384,\N,\N,\N
133453,350,2,20,\N,\N,\N,\N,42,42,2026-12-31,2.00,0.00,\N,0.00,f,2026-06-26 06:37:12,2026-06-29 08:16:21.547384,2026-06-29 08:16:21.547384,\N,\N,\N
133454,2459,2,20,\N,\N,\N,\N,42,42,2026-12-31,2.00,0.00,\N,0.00,f,2026-06-26 06:37:13,2026-06-29 08:16:21.547384,2026-06-29 08:16:21.547384,\N,\N,\N
130321,1525,1,5,\N,\N,\N,\N,2,2,2026-12-31,109.00,18.00,0.00,0.00,f,2026-06-26 06:37:09,2026-06-26 06:35:08.98363,2026-07-31 12:06:17.111608,\N,\N,\N
133455,2460,2,20,\N,\N,\N,\N,42,42,2026-12-31,2.00,0.00,\N,0.00,f,2026-06-26 06:37:13,2026-06-29 08:16:21.547384,2026-06-29 08:16:21.547384,\N,\N,\N
130328,1532,1,5,\N,\N,\N,\N,2,2,2026-12-31,69.00,38.00,0.00,0.00,f,2026-06-26 06:37:09,2026-06-26 06:35:08.98363,2026-07-30 11:51:19.274444,\N,\N,\N
133456,2461,2,20,\N,\N,\N,\N,42,42,2026-12-31,2.00,0.00,\N,0.00,f,2026-06-26 06:37:13,2026-06-29 08:16:21.547384,2026-06-29 08:16:21.547384,\N,\N,\N
133457,2463,2,20,\N,\N,\N,\N,42,42,2026-12-31,2.00,0.00,\N,0.00,f,2026-06-26 06:37:13,2026-06-29 08:16:21.547384,2026-06-29 08:16:21.547384,\N,\N,\N
133458,2465,2,20,\N,\N,\N,\N,42,42,2026-12-31,2.00,0.00,\N,0.00,f,2026-06-26 06:37:13,2026-06-29 08:16:21.547384,2026-06-29 08:16:21.547384,\N,\N,\N
133459,2467,2,20,\N,\N,\N,\N,42,42,2026-12-31,2.00,0.00,\N,0.00,f,2026-06-26 06:37:13,2026-06-29 08:16:21.547384,2026-06-29 08:16:21.547384,\N,\N,\N
133460,2388,2,20,\N,\N,\N,\N,42,42,2026-12-31,2.00,0.00,\N,0.00,f,2026-06-26 06:37:12,2026-06-29 08:16:21.547384,2026-06-29 08:16:21.547384,\N,\N,\N
133461,2392,2,20,\N,\N,\N,\N,42,42,2026-12-31,2.00,0.00,\N,0.00,f,2026-06-26 06:37:13,2026-06-29 08:16:21.547384,2026-06-29 08:16:21.547384,\N,\N,\N
133462,370,2,20,\N,\N,\N,\N,42,42,2026-12-31,2.00,0.00,\N,0.00,f,2026-06-26 06:37:12,2026-06-29 08:16:21.547384,2026-06-29 08:16:21.547384,\N,\N,\N
133463,371,2,20,\N,\N,\N,\N,42,42,2026-12-31,2.00,0.00,\N,0.00,f,2026-06-26 06:37:12,2026-06-29 08:16:21.547384,2026-06-29 08:16:21.547384,\N,\N,\N
130245,1835,1,5,\N,\N,\N,\N,2,2,2026-12-31,39.00,14.00,0.00,0.00,f,2026-06-26 06:37:08,2026-06-26 06:35:08.98363,2026-08-02 07:36:50.358804,\N,\N,\N
130230,1812,1,5,\N,\N,\N,\N,2,2,2026-12-31,48.00,7.00,0.00,0.00,f,2026-06-26 06:37:08,2026-06-26 06:35:08.98363,2026-07-22 04:06:24.075979,\N,\N,\N
130310,1494,1,5,\N,\N,\N,\N,2,2,2026-12-31,55.00,8.00,0.00,0.00,f,2026-06-26 06:37:09,2026-06-26 06:35:08.98363,2026-07-28 07:06:49.883019,\N,\N,\N
130231,1813,1,5,\N,\N,\N,\N,2,2,2026-12-31,69.00,21.00,0.00,0.00,f,2026-06-26 06:37:08,2026-06-26 06:35:08.98363,2026-07-24 22:21:15.59833,\N,\N,\N
130101,1602,1,5,\N,\N,\N,\N,2,42,2026-12-31,17.00,0,0.00,0.00,f,2026-06-26 06:37:08,2026-06-26 06:35:08.98363,2026-06-30 08:40:06.67395,\N,\N,\N
130532,1731,1,5,\N,\N,\N,\N,2,42,2026-12-31,12.00,2.00,0.00,0.00,f,2026-06-26 06:37:10,2026-06-26 06:35:08.98363,2026-06-30 08:40:06.67395,\N,\N,\N
130331,1535,1,5,\N,\N,\N,\N,2,2,2026-12-31,11.00,2.00,0.00,0.00,f,2026-06-26 06:37:09,2026-06-26 06:35:08.98363,2026-07-29 06:21:17.238639,\N,\N,\N
130320,1524,1,5,\N,\N,\N,\N,2,2,2026-12-31,50.00,11.00,0.00,0.00,f,2026-06-26 06:37:09,2026-06-26 06:35:08.98363,2026-07-26 08:06:47.22252,\N,\N,\N
130323,1527,1,5,\N,\N,\N,\N,2,2,2026-12-31,227.00,78.00,0.00,0.00,f,2026-06-26 06:37:09,2026-06-26 06:35:08.98363,2026-08-01 13:51:08.381503,\N,\N,\N
134640,829,9,71,\N,\N,\N,\N,46,46,2026-12-31,13.00,0.00,\N,0.00,f,2026-06-26 06:37:08,2026-06-30 08:43:48.163745,2026-06-30 08:43:48.163745,\N,\N,\N
134641,1838,9,71,\N,\N,\N,\N,46,46,2026-12-31,9.00,0.00,\N,0.00,f,2026-06-26 06:37:09,2026-06-30 08:43:48.163745,2026-06-30 08:43:48.163745,\N,\N,\N
134642,848,9,71,\N,\N,\N,\N,46,46,2026-12-31,7.00,0.00,\N,0.00,f,2026-06-26 06:37:08,2026-06-30 08:43:48.163745,2026-06-30 08:43:48.163745,\N,\N,\N
134643,282,9,71,\N,\N,\N,\N,46,46,2026-12-31,6.00,0.00,\N,0.00,f,2026-06-26 06:37:11,2026-06-30 08:43:48.163745,2026-06-30 08:43:48.163745,\N,\N,\N
134644,776,9,71,\N,\N,\N,\N,46,46,2026-12-31,6.00,0.00,\N,0.00,f,2026-06-26 06:37:08,2026-06-30 08:43:48.163745,2026-06-30 08:43:48.163745,\N,\N,\N
134645,830,9,71,\N,\N,\N,\N,46,46,2026-12-31,6.00,0.00,\N,0.00,f,2026-06-26 06:37:08,2026-06-30 08:43:48.163745,2026-06-30 08:43:48.163745,\N,\N,\N
134646,1160,9,71,\N,\N,\N,\N,46,46,2026-12-31,6.00,0.00,\N,0.00,f,2026-06-26 06:37:08,2026-06-30 08:43:48.163745,2026-06-30 08:43:48.163745,\N,\N,\N
134647,1466,9,71,\N,\N,\N,\N,46,46,2026-12-31,6.00,0.00,\N,0.00,f,2026-06-26 06:37:09,2026-06-30 08:43:48.163745,2026-06-30 08:43:48.163745,\N,\N,\N
134648,1608,9,71,\N,\N,\N,\N,46,46,2026-12-31,6.00,0.00,\N,0.00,f,2026-06-26 06:37:08,2026-06-30 08:43:48.163745,2026-06-30 08:43:48.163745,\N,\N,\N
134649,1815,9,71,\N,\N,\N,\N,46,46,2026-12-31,6.00,0.00,\N,0.00,f,2026-06-26 06:37:08,2026-06-30 08:43:48.163745,2026-06-30 08:43:48.163745,\N,\N,\N
134650,1839,9,71,\N,\N,\N,\N,46,46,2026-12-31,6.00,0.00,\N,0.00,f,2026-06-26 06:37:09,2026-06-30 08:43:48.163745,2026-06-30 08:43:48.163745,\N,\N,\N
134651,2026,9,71,\N,\N,\N,\N,46,46,2026-12-31,6.00,0.00,\N,0.00,f,2026-06-26 06:37:11,2026-06-30 08:43:48.163745,2026-06-30 08:43:48.163745,\N,\N,\N
134652,280,9,71,\N,\N,\N,\N,46,46,2026-12-31,5.00,0.00,\N,0.00,f,2026-06-26 06:37:11,2026-06-30 08:43:48.163745,2026-06-30 08:43:48.163745,\N,\N,\N
134653,344,9,71,\N,\N,\N,\N,46,46,2026-12-31,5.00,0.00,\N,0.00,f,2026-06-26 06:37:12,2026-06-30 08:43:48.163745,2026-06-30 08:43:48.163745,\N,\N,\N
134654,775,9,71,\N,\N,\N,\N,46,46,2026-12-31,5.00,0.00,\N,0.00,f,2026-06-26 06:37:08,2026-06-30 08:43:48.163745,2026-06-30 08:43:48.163745,\N,\N,\N
134655,777,9,71,\N,\N,\N,\N,46,46,2026-12-31,5.00,0.00,\N,0.00,f,2026-06-26 06:37:08,2026-06-30 08:43:48.163745,2026-06-30 08:43:48.163745,\N,\N,\N
134656,778,9,71,\N,\N,\N,\N,46,46,2026-12-31,5.00,0.00,\N,0.00,f,2026-06-26 06:37:08,2026-06-30 08:43:48.163745,2026-06-30 08:43:48.163745,\N,\N,\N
134657,780,9,71,\N,\N,\N,\N,46,46,2026-12-31,5.00,0.00,\N,0.00,f,2026-06-26 06:37:08,2026-06-30 08:43:48.163745,2026-06-30 08:43:48.163745,\N,\N,\N
134658,827,9,71,\N,\N,\N,\N,46,46,2026-12-31,5.00,0.00,\N,0.00,f,2026-06-26 06:37:08,2026-06-30 08:43:48.163745,2026-06-30 08:43:48.163745,\N,\N,\N
134659,1002,9,71,\N,\N,\N,\N,46,46,2026-12-31,5.00,0.00,\N,0.00,f,2026-06-26 06:37:09,2026-06-30 08:43:48.163745,2026-06-30 08:43:48.163745,\N,\N,\N
134660,996,9,71,\N,\N,\N,\N,46,46,2026-12-31,5.00,0.00,\N,0.00,f,2026-06-26 06:37:09,2026-06-30 08:43:48.163745,2026-06-30 08:43:48.163745,\N,\N,\N
134661,1175,9,71,\N,\N,\N,\N,46,46,2026-12-31,5.00,0.00,\N,0.00,f,2026-06-26 06:37:08,2026-06-30 08:43:48.163745,2026-06-30 08:43:48.163745,\N,\N,\N
134662,1464,9,71,\N,\N,\N,\N,46,46,2026-12-31,5.00,0.00,\N,0.00,f,2026-06-26 06:37:09,2026-06-30 08:43:48.163745,2026-06-30 08:43:48.163745,\N,\N,\N
134663,1465,9,71,\N,\N,\N,\N,46,46,2026-12-31,5.00,0.00,\N,0.00,f,2026-06-26 06:37:09,2026-06-30 08:43:48.163745,2026-06-30 08:43:48.163745,\N,\N,\N
134664,1526,9,71,\N,\N,\N,\N,46,46,2026-12-31,5.00,0.00,\N,0.00,f,2026-06-26 06:37:09,2026-06-30 08:43:48.163745,2026-06-30 08:43:48.163745,\N,\N,\N
134665,211,9,71,\N,\N,\N,\N,46,46,2026-12-31,4.00,0.00,\N,0.00,f,2026-06-26 06:37:09,2026-06-30 08:43:48.163745,2026-06-30 08:43:48.163745,\N,\N,\N
134666,810,9,71,\N,\N,\N,\N,46,46,2026-12-31,4.00,0.00,\N,0.00,f,2026-06-26 06:37:08,2026-06-30 08:43:48.163745,2026-06-30 08:43:48.163745,\N,\N,\N
134667,771,9,71,\N,\N,\N,\N,46,46,2026-12-31,4.00,0.00,\N,0.00,f,2026-06-26 06:37:10,2026-06-30 08:43:48.163745,2026-06-30 08:43:48.163745,\N,\N,\N
134668,828,9,71,\N,\N,\N,\N,46,46,2026-12-31,4.00,0.00,\N,0.00,f,2026-06-26 06:37:08,2026-06-30 08:43:48.163745,2026-06-30 08:43:48.163745,\N,\N,\N
134670,931,9,71,\N,\N,\N,\N,46,46,2026-12-31,4.00,0.00,\N,0.00,f,2026-06-26 06:37:11,2026-06-30 08:43:48.163745,2026-06-30 08:43:48.163745,\N,\N,\N
134672,999,9,71,\N,\N,\N,\N,46,46,2026-12-31,4.00,0.00,\N,0.00,f,2026-06-26 06:37:09,2026-06-30 08:43:48.163745,2026-06-30 08:43:48.163745,\N,\N,\N
134674,1238,9,71,\N,\N,\N,\N,46,46,2026-12-31,4.00,0.00,\N,0.00,f,2026-06-26 06:37:10,2026-06-30 08:43:48.163745,2026-06-30 08:43:48.163745,\N,\N,\N
134676,1172,9,71,\N,\N,\N,\N,46,46,2026-12-31,4.00,0.00,\N,0.00,f,2026-06-26 06:37:08,2026-06-30 08:43:48.163745,2026-06-30 08:43:48.163745,\N,\N,\N
134678,1525,9,71,\N,\N,\N,\N,46,46,2026-12-31,4.00,0.00,\N,0.00,f,2026-06-26 06:37:09,2026-06-30 08:43:48.163745,2026-06-30 08:43:48.163745,\N,\N,\N
134680,1528,9,71,\N,\N,\N,\N,46,46,2026-12-31,4.00,0.00,\N,0.00,f,2026-06-26 06:37:09,2026-06-30 08:43:48.163745,2026-06-30 08:43:48.163745,\N,\N,\N
134682,1609,9,71,\N,\N,\N,\N,46,46,2026-12-31,4.00,0.00,\N,0.00,f,2026-06-26 06:37:08,2026-06-30 08:43:48.163745,2026-06-30 08:43:48.163745,\N,\N,\N
134684,1584,9,71,\N,\N,\N,\N,46,46,2026-12-31,4.00,0.00,\N,0.00,f,2026-06-26 06:37:08,2026-06-30 08:43:48.163745,2026-06-30 08:43:48.163745,\N,\N,\N
134686,1835,9,71,\N,\N,\N,\N,46,46,2026-12-31,4.00,0.00,\N,0.00,f,2026-06-26 06:37:08,2026-06-30 08:43:48.163745,2026-06-30 08:43:48.163745,\N,\N,\N
134688,1837,9,71,\N,\N,\N,\N,46,46,2026-12-31,4.00,0.00,\N,0.00,f,2026-06-26 06:37:09,2026-06-30 08:43:48.163745,2026-06-30 08:43:48.163745,\N,\N,\N
134690,2027,9,71,\N,\N,\N,\N,46,46,2026-12-31,4.00,0.00,\N,0.00,f,2026-06-26 06:37:11,2026-06-30 08:43:48.163745,2026-06-30 08:43:48.163745,\N,\N,\N
134692,2189,9,71,\N,\N,\N,\N,46,46,2026-12-31,3.00,0.00,\N,0.00,f,2026-06-26 06:37:10,2026-06-30 08:43:48.163745,2026-06-30 08:43:48.163745,\N,\N,\N
134694,442,9,71,\N,\N,\N,\N,46,46,2026-12-31,3.00,0.00,\N,0.00,f,2026-06-26 06:37:11,2026-06-30 08:43:48.163745,2026-06-30 08:43:48.163745,\N,\N,\N
134696,283,9,71,\N,\N,\N,\N,46,46,2026-12-31,3.00,0.00,\N,0.00,f,2026-06-26 06:37:11,2026-06-30 08:43:48.163745,2026-06-30 08:43:48.163745,\N,\N,\N
134699,343,9,71,\N,\N,\N,\N,46,46,2026-12-31,3.00,0.00,\N,0.00,f,2026-06-26 06:37:12,2026-06-30 08:43:48.163745,2026-06-30 08:43:48.163745,\N,\N,\N
134701,348,9,71,\N,\N,\N,\N,46,46,2026-12-31,3.00,0.00,\N,0.00,f,2026-06-26 06:37:12,2026-06-30 08:43:48.163745,2026-06-30 08:43:48.163745,\N,\N,\N
132462,4049,1,5,\N,\N,\N,\N,2,42,2026-12-31,2.00,2.00,0.00,0.00,f,2026-06-26 07:33:14,2026-06-26 07:32:51.75853,2026-06-26 10:44:05.302528,\N,\N,\N
133965,2358,3,35,\N,\N,\N,\N,42,42,2026-12-31,2.00,0.00,\N,0.00,f,2026-06-26 06:37:09,2026-06-29 08:42:30.201092,2026-06-29 08:42:30.201092,\N,\N,\N
133464,372,2,20,\N,\N,\N,\N,42,42,2026-12-31,2.00,0.00,\N,0.00,f,2026-06-26 06:37:12,2026-06-29 08:16:21.547384,2026-06-29 08:16:21.547384,\N,\N,\N
133465,373,2,20,\N,\N,\N,\N,42,42,2026-12-31,2.00,0.00,\N,0.00,f,2026-06-26 06:37:12,2026-06-29 08:16:21.547384,2026-06-29 08:16:21.547384,\N,\N,\N
133466,375,2,20,\N,\N,\N,\N,42,42,2026-12-31,2.00,0.00,\N,0.00,f,2026-06-26 06:37:12,2026-06-29 08:16:21.547384,2026-06-29 08:16:21.547384,\N,\N,\N
133467,376,2,20,\N,\N,\N,\N,42,42,2026-12-31,2.00,0.00,\N,0.00,f,2026-06-26 06:37:12,2026-06-29 08:16:21.547384,2026-06-29 08:16:21.547384,\N,\N,\N
133468,377,2,20,\N,\N,\N,\N,42,42,2026-12-31,2.00,0.00,\N,0.00,f,2026-06-26 06:37:12,2026-06-29 08:16:21.547384,2026-06-29 08:16:21.547384,\N,\N,\N
133469,378,2,20,\N,\N,\N,\N,42,42,2026-12-31,2.00,0.00,\N,0.00,f,2026-06-26 06:37:12,2026-06-29 08:16:21.547384,2026-06-29 08:16:21.547384,\N,\N,\N
133470,2477,2,20,\N,\N,\N,\N,42,42,2026-12-31,2.00,0.00,\N,0.00,f,2026-06-26 06:37:13,2026-06-29 08:16:21.547384,2026-06-29 08:16:21.547384,\N,\N,\N
133471,2478,2,20,\N,\N,\N,\N,42,42,2026-12-31,2.00,0.00,\N,0.00,f,2026-06-26 06:37:13,2026-06-29 08:16:21.547384,2026-06-29 08:16:21.547384,\N,\N,\N
133472,2480,2,20,\N,\N,\N,\N,42,42,2026-12-31,2.00,0.00,\N,0.00,f,2026-06-26 06:37:13,2026-06-29 08:16:21.547384,2026-06-29 08:16:21.547384,\N,\N,\N
130180,826,1,5,\N,\N,\N,\N,2,1,2026-12-31,21.00,21.00,0.00,0.00,f,2026-06-26 06:37:08,2026-06-26 06:35:08.98363,2026-06-29 05:31:22.790169,\N,\N,\N
133473,2481,2,20,\N,\N,\N,\N,42,42,2026-12-31,2.00,0.00,\N,0.00,f,2026-06-26 06:37:13,2026-06-29 08:16:21.547384,2026-06-29 08:16:21.547384,\N,\N,\N
130251,1837,1,5,\N,\N,\N,\N,2,2,2026-12-31,38.00,16.00,0.00,0.00,f,2026-06-26 06:37:09,2026-06-26 06:35:08.98363,2026-07-29 07:21:14.483666,\N,\N,\N
133474,2482,2,20,\N,\N,\N,\N,42,42,2026-12-31,2.00,0.00,\N,0.00,f,2026-06-26 06:37:13,2026-06-29 08:16:21.547384,2026-06-29 08:16:21.547384,\N,\N,\N
130254,1840,1,5,\N,\N,\N,\N,2,2,2026-12-31,42.00,40.00,0.00,0.00,f,2026-06-26 06:37:09,2026-06-26 06:35:08.98363,2026-08-02 17:36:23.089779,\N,\N,\N
133475,2483,2,20,\N,\N,\N,\N,42,42,2026-12-31,2.00,0.00,\N,0.00,f,2026-06-26 06:37:13,2026-06-29 08:16:21.547384,2026-06-29 08:16:21.547384,\N,\N,\N
133476,2485,2,20,\N,\N,\N,\N,42,42,2026-12-31,2.00,0.00,\N,0.00,f,2026-06-26 06:37:13,2026-06-29 08:16:21.547384,2026-06-29 08:16:21.547384,\N,\N,\N
133477,2395,2,20,\N,\N,\N,\N,42,42,2026-12-31,2.00,0.00,\N,0.00,f,2026-06-26 06:37:12,2026-06-29 08:16:21.547384,2026-06-29 08:16:21.547384,\N,\N,\N
133478,2396,2,20,\N,\N,\N,\N,42,42,2026-12-31,2.00,0.00,\N,0.00,f,2026-06-26 06:37:12,2026-06-29 08:16:21.547384,2026-06-29 08:16:21.547384,\N,\N,\N
133479,2398,2,20,\N,\N,\N,\N,42,42,2026-12-31,2.00,0.00,\N,0.00,f,2026-06-26 06:37:12,2026-06-29 08:16:21.547384,2026-06-29 08:16:21.547384,\N,\N,\N
133480,2400,2,20,\N,\N,\N,\N,42,42,2026-12-31,2.00,0.00,\N,0.00,f,2026-06-26 06:37:12,2026-06-29 08:16:21.547384,2026-06-29 08:16:21.547384,\N,\N,\N
133481,362,2,20,\N,\N,\N,\N,42,42,2026-12-31,2.00,0.00,\N,0.00,f,2026-06-26 06:37:12,2026-06-29 08:16:21.547384,2026-06-29 08:16:21.547384,\N,\N,\N
133482,364,2,20,\N,\N,\N,\N,42,42,2026-12-31,2.00,0.00,\N,0.00,f,2026-06-26 06:37:12,2026-06-29 08:16:21.547384,2026-06-29 08:16:21.547384,\N,\N,\N
133483,365,2,20,\N,\N,\N,\N,42,42,2026-12-31,2.00,0.00,\N,0.00,f,2026-06-26 06:37:12,2026-06-29 08:16:21.547384,2026-06-29 08:16:21.547384,\N,\N,\N
133484,366,2,20,\N,\N,\N,\N,42,42,2026-12-31,2.00,0.00,\N,0.00,f,2026-06-26 06:37:12,2026-06-29 08:16:21.547384,2026-06-29 08:16:21.547384,\N,\N,\N
133485,316,2,20,\N,\N,\N,\N,42,42,2026-12-31,2.00,0.00,\N,0.00,f,2026-06-26 06:37:11,2026-06-29 08:16:21.547384,2026-06-29 08:16:21.547384,\N,\N,\N
133486,317,2,20,\N,\N,\N,\N,42,42,2026-12-31,2.00,0.00,\N,0.00,f,2026-06-26 06:37:11,2026-06-29 08:16:21.547384,2026-06-29 08:16:21.547384,\N,\N,\N
133487,321,2,20,\N,\N,\N,\N,42,42,2026-12-31,2.00,0.00,\N,0.00,f,2026-06-26 06:37:11,2026-06-29 08:16:21.547384,2026-06-29 08:16:21.547384,\N,\N,\N
130828,463,1,5,\N,\N,\N,\N,2,42,2026-12-31,5.00,1.00,0.00,0.00,f,2026-06-26 06:37:11,2026-06-26 06:35:08.98363,2026-06-26 10:44:05.302528,\N,\N,\N
130831,467,1,5,\N,\N,\N,\N,2,42,2026-12-31,3.00,1.00,0.00,0.00,f,2026-06-26 06:37:11,2026-06-26 06:35:08.98363,2026-06-26 10:44:05.302528,\N,\N,\N
130252,1838,1,5,\N,\N,\N,\N,2,2,2026-12-31,49.00,22.00,0.00,0.00,f,2026-06-26 06:37:09,2026-06-26 06:35:08.98363,2026-07-21 15:36:20.383949,\N,\N,\N
130833,446,1,5,\N,\N,\N,\N,2,42,2026-12-31,14.00,3.00,0.00,0.00,f,2026-06-26 06:37:11,2026-06-26 06:35:08.98363,2026-06-26 10:44:05.302528,\N,\N,\N
133488,323,2,20,\N,\N,\N,\N,42,42,2026-12-31,2.00,0.00,\N,0.00,f,2026-06-26 06:37:11,2026-06-29 08:16:21.547384,2026-06-29 08:16:21.547384,\N,\N,\N
133489,324,2,20,\N,\N,\N,\N,42,42,2026-12-31,2.00,0.00,\N,0.00,f,2026-06-26 06:37:11,2026-06-29 08:16:21.547384,2026-06-29 08:16:21.547384,\N,\N,\N
133966,1145,3,35,\N,\N,\N,\N,42,42,2026-12-31,2.00,0.00,\N,0.00,f,2026-06-26 06:37:10,2026-06-29 08:42:30.201092,2026-06-29 08:42:30.201092,\N,\N,\N
133967,1178,3,35,\N,\N,\N,\N,42,42,2026-12-31,2.00,0.00,\N,0.00,f,2026-06-26 06:37:08,2026-06-29 08:42:30.201092,2026-06-29 08:42:30.201092,\N,\N,\N
130177,823,1,5,\N,\N,\N,\N,2,2,2026-12-31,17.00,17.00,0.00,0.00,f,2026-06-26 06:37:08,2026-06-26 06:35:08.98363,2026-07-04 17:36:35.635869,\N,\N,\N
131028,334,1,5,\N,\N,\N,\N,2,42,2026-12-31,34.00,1.00,0.00,0.00,f,2026-06-26 06:37:12,2026-06-26 06:35:08.98363,2026-06-26 10:44:05.302528,\N,\N,\N
131029,335,1,5,\N,\N,\N,\N,2,42,2026-12-31,92.00,4.00,0.00,0.00,f,2026-06-26 06:37:12,2026-06-26 06:35:08.98363,2026-06-26 10:44:05.302528,\N,\N,\N
130810,277,1,5,\N,\N,\N,\N,2,2,2026-12-31,10.00,2.00,0.00,0.00,f,2026-06-26 06:37:11,2026-06-26 06:35:08.98363,2026-07-03 10:06:23.805738,\N,\N,\N
134849,2158,10,83,\N,\N,\N,\N,61,61,2026-12-31,7.00,0.00,\N,0.00,f,2026-06-26 06:37:10,2026-06-30 08:43:49.671831,2026-06-30 08:43:49.671831,\N,\N,\N
134852,1595,10,83,\N,\N,\N,\N,61,61,2026-12-31,1.00,0.00,\N,0.00,f,2026-06-26 06:37:08,2026-06-30 08:43:49.671831,2026-06-30 08:43:49.671831,\N,\N,\N
134855,1610,10,83,\N,\N,\N,\N,61,61,2026-12-31,1.00,0.00,\N,0.00,f,2026-06-26 06:37:08,2026-06-30 08:43:49.671831,2026-06-30 08:43:49.671831,\N,\N,\N
134858,1612,10,83,\N,\N,\N,\N,61,61,2026-12-31,1.00,0.00,\N,0.00,f,2026-06-26 06:37:08,2026-06-30 08:43:49.671831,2026-06-30 08:43:49.671831,\N,\N,\N
134861,1618,10,83,\N,\N,\N,\N,61,61,2026-12-31,1.00,0.00,\N,0.00,f,2026-06-26 06:37:08,2026-06-30 08:43:49.671831,2026-06-30 08:43:49.671831,\N,\N,\N
134864,1627,10,83,\N,\N,\N,\N,61,61,2026-12-31,2.00,0.00,\N,0.00,f,2026-06-26 06:37:08,2026-06-30 08:43:49.671831,2026-06-30 08:43:49.671831,\N,\N,\N
134867,1657,10,83,\N,\N,\N,\N,61,61,2026-12-31,1.00,0.00,\N,0.00,f,2026-06-26 06:37:08,2026-06-30 08:43:49.671831,2026-06-30 08:43:49.671831,\N,\N,\N
134870,1658,10,83,\N,\N,\N,\N,61,61,2026-12-31,1.00,0.00,\N,0.00,f,2026-06-26 06:37:08,2026-06-30 08:43:49.671831,2026-06-30 08:43:49.671831,\N,\N,\N
134873,1683,10,83,\N,\N,\N,\N,61,61,2026-12-31,2.00,0.00,\N,0.00,f,2026-06-26 06:37:08,2026-06-30 08:43:49.671831,2026-06-30 08:43:49.671831,\N,\N,\N
130179,825,1,5,\N,\N,\N,\N,2,2,2026-12-31,10.00,10.00,0.00,0.00,f,2026-06-26 06:37:08,2026-06-26 06:35:08.98363,2026-06-28 05:36:09.630711,\N,\N,\N
134876,1636,10,83,\N,\N,\N,\N,61,61,2026-12-31,2.00,0.00,\N,0.00,f,2026-06-26 06:37:08,2026-06-30 08:43:49.671831,2026-06-30 08:43:49.671831,\N,\N,\N
134879,1668,10,83,\N,\N,\N,\N,61,61,2026-12-31,1.00,0.00,\N,0.00,f,2026-06-26 06:37:08,2026-06-30 08:43:49.671831,2026-06-30 08:43:49.671831,\N,\N,\N
130255,1841,1,5,\N,\N,\N,\N,2,2,2026-12-31,14.00,14.00,0.00,0.00,f,2026-06-26 06:37:09,2026-06-26 06:35:08.98363,2026-07-09 12:06:38.597597,\N,\N,\N
134882,1669,10,83,\N,\N,\N,\N,61,61,2026-12-31,1.00,0.00,\N,0.00,f,2026-06-26 06:37:08,2026-06-30 08:43:49.671831,2026-06-30 08:43:49.671831,\N,\N,\N
134885,1670,10,83,\N,\N,\N,\N,61,61,2026-12-31,6.00,0.00,\N,0.00,f,2026-06-26 06:37:08,2026-06-30 08:43:49.671831,2026-06-30 08:43:49.671831,\N,\N,\N
134888,637,10,83,\N,\N,\N,\N,61,61,2026-12-31,10.00,0.00,\N,0.00,f,2026-06-26 06:37:08,2026-06-30 08:43:49.671831,2026-06-30 08:43:49.671831,\N,\N,\N
134891,634,10,83,\N,\N,\N,\N,61,61,2026-12-31,10.00,0.00,\N,0.00,f,2026-06-26 06:37:08,2026-06-30 08:43:49.671831,2026-06-30 08:43:49.671831,\N,\N,\N
134893,2330,10,83,\N,\N,\N,\N,61,61,2026-12-31,1.00,0.00,\N,0.00,f,2026-06-26 06:37:08,2026-06-30 08:43:49.671831,2026-06-30 08:43:49.671831,\N,\N,\N
130266,1846,1,5,\N,\N,\N,\N,2,42,2026-12-31,21.00,8.00,0.00,0.00,f,2026-06-26 06:37:09,2026-06-26 06:35:08.98363,2026-06-30 08:40:06.67395,\N,\N,\N
134896,2331,10,83,\N,\N,\N,\N,61,61,2026-12-31,1.00,0.00,\N,0.00,f,2026-06-26 06:37:08,2026-06-30 08:43:49.671831,2026-06-30 08:43:49.671831,\N,\N,\N
134899,2332,10,83,\N,\N,\N,\N,61,61,2026-12-31,2.00,0.00,\N,0.00,f,2026-06-26 06:37:08,2026-06-30 08:43:49.671831,2026-06-30 08:43:49.671831,\N,\N,\N
130264,1844,1,5,\N,\N,\N,\N,2,2,2026-12-31,45.00,27.00,0.00,0.00,f,2026-06-26 06:37:09,2026-06-26 06:35:08.98363,2026-07-29 12:51:06.903115,\N,\N,\N
132501,1936,1,5,\N,\N,\N,\N,2,42,2026-12-31,15.00,3.00,0.00,0.00,f,2026-06-26 07:33:14,2026-06-26 07:32:51.75853,2026-06-30 08:40:06.67395,\N,\N,\N
133968,1494,3,35,\N,\N,\N,\N,42,42,2026-12-31,2.00,0.00,\N,0.00,f,2026-06-26 06:37:09,2026-06-29 08:42:30.201092,2026-06-29 08:42:30.201092,\N,\N,\N
133969,1495,3,35,\N,\N,\N,\N,42,42,2026-12-31,2.00,0.00,\N,0.00,f,2026-06-26 06:37:09,2026-06-29 08:42:30.201092,2026-06-29 08:42:30.201092,\N,\N,\N
133970,1497,3,35,\N,\N,\N,\N,42,42,2026-12-31,2.00,0.00,\N,0.00,f,2026-06-26 06:37:09,2026-06-29 08:42:30.201092,2026-06-29 08:42:30.201092,\N,\N,\N
133490,2468,2,20,\N,\N,\N,\N,42,42,2026-12-31,2.00,0.00,\N,0.00,f,2026-06-26 06:37:13,2026-06-29 08:16:21.547384,2026-06-29 08:16:21.547384,\N,\N,\N
133988,2376,3,35,\N,\N,\N,\N,42,42,2026-12-31,1.00,0.00,\N,0.00,f,2026-06-26 06:37:12,2026-06-29 08:42:30.201092,2026-06-29 08:42:30.201092,\N,\N,\N
133491,2469,2,20,\N,\N,\N,\N,42,42,2026-12-31,2.00,0.00,\N,0.00,f,2026-06-26 06:37:13,2026-06-29 08:16:21.547384,2026-06-29 08:16:21.547384,\N,\N,\N
133492,2470,2,20,\N,\N,\N,\N,42,42,2026-12-31,2.00,0.00,\N,0.00,f,2026-06-26 06:37:13,2026-06-29 08:16:21.547384,2026-06-29 08:16:21.547384,\N,\N,\N
133493,2471,2,20,\N,\N,\N,\N,42,42,2026-12-31,2.00,0.00,\N,0.00,f,2026-06-26 06:37:13,2026-06-29 08:16:21.547384,2026-06-29 08:16:21.547384,\N,\N,\N
133494,2474,2,20,\N,\N,\N,\N,42,42,2026-12-31,2.00,0.00,\N,0.00,f,2026-06-26 06:37:13,2026-06-29 08:16:21.547384,2026-06-29 08:16:21.547384,\N,\N,\N
133495,2476,2,20,\N,\N,\N,\N,42,42,2026-12-31,2.00,0.00,\N,0.00,f,2026-06-26 06:37:13,2026-06-29 08:16:21.547384,2026-06-29 08:16:21.547384,\N,\N,\N
133496,311,2,20,\N,\N,\N,\N,42,42,2026-12-31,2.00,0.00,\N,0.00,f,2026-06-26 06:37:11,2026-06-29 08:16:21.547384,2026-06-29 08:16:21.547384,\N,\N,\N
133497,312,2,20,\N,\N,\N,\N,42,42,2026-12-31,2.00,0.00,\N,0.00,f,2026-06-26 06:37:11,2026-06-29 08:16:21.547384,2026-06-29 08:16:21.547384,\N,\N,\N
133498,327,2,20,\N,\N,\N,\N,42,42,2026-12-31,2.00,0.00,\N,0.00,f,2026-06-26 06:37:11,2026-06-29 08:16:21.547384,2026-06-29 08:16:21.547384,\N,\N,\N
133499,844,2,20,\N,\N,\N,\N,42,42,2026-12-31,2.00,0.00,\N,0.00,f,2026-06-26 06:37:10,2026-06-29 08:16:21.547384,2026-06-29 08:16:21.547384,\N,\N,\N
130944,2218,1,5,\N,\N,\N,\N,2,42,2026-12-31,27.00,3.00,0.00,0.00,f,2026-06-26 06:37:12,2026-06-26 06:35:08.98363,2026-06-30 08:40:06.67395,\N,\N,\N
132483,1906,1,5,\N,\N,\N,\N,2,42,2026-12-31,2.00,1.00,0.00,0.00,f,2026-06-26 07:33:14,2026-06-26 07:32:51.75853,2026-06-26 10:44:05.302528,\N,\N,\N
133500,807,2,20,\N,\N,\N,\N,42,42,2026-12-31,2.00,0.00,\N,0.00,f,2026-06-26 06:37:08,2026-06-29 08:16:21.547384,2026-06-29 08:16:21.547384,\N,\N,\N
132491,1934,1,5,\N,\N,\N,\N,2,42,2026-12-31,8.00,3.00,0.00,0.00,f,2026-06-26 07:33:14,2026-06-26 07:32:51.75853,2026-06-26 10:44:05.302528,\N,\N,\N
133501,810,2,20,\N,\N,\N,\N,42,42,2026-12-31,2.00,0.00,\N,0.00,f,2026-06-26 06:37:08,2026-06-29 08:16:21.547384,2026-06-29 08:16:21.547384,\N,\N,\N
130414,2359,1,5,\N,\N,\N,\N,2,2,2026-12-31,5.00,5.00,0.00,0.00,f,2026-06-26 06:37:09,2026-06-26 06:35:08.98363,2026-07-14 00:21:12.512702,\N,\N,\N
133502,811,2,20,\N,\N,\N,\N,42,42,2026-12-31,2.00,0.00,\N,0.00,f,2026-06-26 06:37:08,2026-06-29 08:16:21.547384,2026-06-29 08:16:21.547384,\N,\N,\N
133503,771,2,20,\N,\N,\N,\N,42,42,2026-12-31,2.00,0.00,\N,0.00,f,2026-06-26 06:37:10,2026-06-29 08:16:21.547384,2026-06-29 08:16:21.547384,\N,\N,\N
133504,772,2,20,\N,\N,\N,\N,42,42,2026-12-31,2.00,0.00,\N,0.00,f,2026-06-26 06:37:10,2026-06-29 08:16:21.547384,2026-06-29 08:16:21.547384,\N,\N,\N
133505,799,2,20,\N,\N,\N,\N,42,42,2026-12-31,2.00,0.00,\N,0.00,f,2026-06-26 06:37:09,2026-06-29 08:16:21.547384,2026-06-29 08:16:21.547384,\N,\N,\N
133506,752,2,20,\N,\N,\N,\N,42,42,2026-12-31,2.00,0.00,\N,0.00,f,2026-06-26 06:37:09,2026-06-29 08:16:21.547384,2026-06-29 08:16:21.547384,\N,\N,\N
133507,754,2,20,\N,\N,\N,\N,42,42,2026-12-31,2.00,0.00,\N,0.00,f,2026-06-26 06:37:09,2026-06-29 08:16:21.547384,2026-06-29 08:16:21.547384,\N,\N,\N
133508,755,2,20,\N,\N,\N,\N,42,42,2026-12-31,2.00,0.00,\N,0.00,f,2026-06-26 06:37:09,2026-06-29 08:16:21.547384,2026-06-29 08:16:21.547384,\N,\N,\N
133989,844,3,35,\N,\N,\N,\N,42,42,2026-12-31,1.00,0.00,\N,0.00,f,2026-06-26 06:37:10,2026-06-29 08:42:30.201092,2026-06-29 08:42:30.201092,\N,\N,\N
133990,757,3,35,\N,\N,\N,\N,42,42,2026-12-31,1.00,0.00,\N,0.00,f,2026-06-26 06:37:09,2026-06-29 08:42:30.201092,2026-06-29 08:42:30.201092,\N,\N,\N
133991,926,3,35,\N,\N,\N,\N,42,42,2026-12-31,1.00,0.00,\N,0.00,f,2026-06-26 06:37:12,2026-06-29 08:42:30.201092,2026-06-29 08:42:30.201092,\N,\N,\N
133992,928,3,35,\N,\N,\N,\N,42,42,2026-12-31,1.00,0.00,\N,0.00,f,2026-06-26 06:37:11,2026-06-29 08:42:30.201092,2026-06-29 08:42:30.201092,\N,\N,\N
130774,934,1,5,\N,\N,\N,\N,2,42,2026-12-31,12.00,4.00,0.00,0.00,f,2026-06-26 06:37:11,2026-06-26 06:35:08.98363,2026-06-29 08:41:47.502086,\N,\N,\N
131077,2232,1,5,\N,\N,\N,\N,2,42,2026-12-31,8.00,2.00,0.00,0.00,f,2026-06-26 06:37:12,2026-06-26 06:35:08.98363,2026-06-30 08:40:06.67395,\N,\N,\N
130555,1374,1,5,\N,\N,\N,\N,2,42,2026-12-31,2.00,1.00,0.00,0.00,f,2026-06-26 06:37:10,2026-06-26 06:35:08.98363,2026-06-26 10:44:05.302528,\N,\N,\N
130558,1389,1,5,\N,\N,\N,\N,2,42,2026-12-31,10.00,1.00,0.00,0.00,f,2026-06-26 06:37:10,2026-06-26 06:35:08.98363,2026-06-26 10:44:05.302528,\N,\N,\N
130559,1390,1,5,\N,\N,\N,\N,2,42,2026-12-31,1.00,1.00,0.00,0.00,f,2026-06-26 06:37:10,2026-06-26 06:35:08.98363,2026-06-26 10:44:05.302528,\N,\N,\N
131078,2233,1,5,\N,\N,\N,\N,2,42,2026-12-31,19.00,5.00,0.00,0.00,f,2026-06-26 06:37:12,2026-06-26 06:35:08.98363,2026-06-30 08:40:06.67395,\N,\N,\N
130568,1423,1,5,\N,\N,\N,\N,2,42,2026-12-31,9.00,1.00,0.00,0.00,f,2026-06-26 06:37:10,2026-06-26 06:35:08.98363,2026-06-26 10:44:05.302528,\N,\N,\N
130628,1437,1,5,\N,\N,\N,\N,2,42,2026-12-31,1.00,1.00,0.00,0.00,f,2026-06-26 06:37:10,2026-06-26 06:35:08.98363,2026-06-26 10:44:05.302528,\N,\N,\N
130662,1240,1,5,\N,\N,\N,\N,2,42,2026-12-31,2.00,1.00,0.00,0.00,f,2026-06-26 06:37:10,2026-06-26 06:35:08.98363,2026-06-26 10:44:05.302528,\N,\N,\N
131080,2235,1,5,\N,\N,\N,\N,2,42,2026-12-31,6.00,1.00,0.00,0.00,f,2026-06-26 06:37:12,2026-06-26 06:35:08.98363,2026-06-30 08:40:06.67395,\N,\N,\N
130764,918,1,5,\N,\N,\N,\N,2,42,2026-12-31,2.00,1.00,0.00,0.00,f,2026-06-26 06:37:11,2026-06-26 06:35:08.98363,2026-06-26 10:44:05.302528,\N,\N,\N
131082,2237,1,5,\N,\N,\N,\N,2,42,2026-12-31,15.00,2.00,0.00,0.00,f,2026-06-26 06:37:12,2026-06-26 06:35:08.98363,2026-06-30 08:40:06.67395,\N,\N,\N
130773,933,1,5,\N,\N,\N,\N,2,42,2026-12-31,8.00,1.00,0.00,0.00,f,2026-06-26 06:37:11,2026-06-26 06:35:08.98363,2026-06-26 10:44:05.302528,\N,\N,\N
131150,2387,1,5,\N,\N,\N,\N,2,42,2026-12-31,147.00,8.00,0.00,0.00,f,2026-06-26 06:37:12,2026-06-26 06:35:08.98363,2026-06-30 08:40:06.67395,\N,\N,\N
130845,1106,1,5,\N,\N,\N,\N,2,42,2026-12-31,14.00,1.00,0.00,0.00,f,2026-06-26 06:37:11,2026-06-26 06:35:08.98363,2026-06-26 10:44:05.302528,\N,\N,\N
130846,1107,1,5,\N,\N,\N,\N,2,42,2026-12-31,10.00,1.00,0.00,0.00,f,2026-06-26 06:37:11,2026-06-26 06:35:08.98363,2026-06-26 10:44:05.302528,\N,\N,\N
131151,2388,1,5,\N,\N,\N,\N,2,42,2026-12-31,54.00,8.00,0.00,0.00,f,2026-06-26 06:37:12,2026-06-26 06:35:08.98363,2026-06-30 08:40:06.67395,\N,\N,\N
130918,1251,1,5,\N,\N,\N,\N,2,42,2026-12-31,1.00,1.00,0.00,0.00,f,2026-06-26 06:37:11,2026-06-26 06:35:08.98363,2026-06-26 10:44:05.302528,\N,\N,\N
133993,929,3,35,\N,\N,\N,\N,42,42,2026-12-31,1.00,0.00,\N,0.00,f,2026-06-26 06:37:11,2026-06-29 08:42:30.201092,2026-06-29 08:42:30.201092,\N,\N,\N
131154,2391,1,5,\N,\N,\N,\N,2,42,2026-12-31,247.00,4.00,0.00,0.00,f,2026-06-26 06:37:13,2026-06-26 06:35:08.98363,2026-06-30 08:40:06.67395,\N,\N,\N
133994,936,3,35,\N,\N,\N,\N,42,42,2026-12-31,1.00,0.00,\N,0.00,f,2026-06-26 06:37:11,2026-06-29 08:42:30.201092,2026-06-29 08:42:30.201092,\N,\N,\N
130553,1372,1,5,\N,\N,\N,\N,2,38,2026-12-31,5.00,2.00,0.00,0.00,f,2026-06-26 06:37:10,2026-06-26 06:35:08.98363,2026-06-26 11:30:50.487622,\N,\N,\N
130557,1388,1,5,\N,\N,\N,\N,2,38,2026-12-31,13.00,3.00,0.00,0.00,f,2026-06-26 06:37:10,2026-06-26 06:35:08.98363,2026-06-26 11:30:50.487622,\N,\N,\N
130563,1394,1,5,\N,\N,\N,\N,2,38,2026-12-31,16.00,2.00,0.00,0.00,f,2026-06-26 06:37:10,2026-06-26 06:35:08.98363,2026-06-26 11:30:50.487622,\N,\N,\N
130564,1395,1,5,\N,\N,\N,\N,2,38,2026-12-31,6.00,3.00,0.00,0.00,f,2026-06-26 06:37:10,2026-06-26 06:35:08.98363,2026-06-26 11:30:50.487622,\N,\N,\N
130646,1206,1,5,\N,\N,\N,\N,2,38,2026-12-31,5.00,3.00,0.00,0.00,f,2026-06-26 06:37:10,2026-06-26 06:35:08.98363,2026-06-26 11:30:50.487622,\N,\N,\N
133995,932,3,35,\N,\N,\N,\N,42,42,2026-12-31,1.00,0.00,\N,0.00,f,2026-06-26 06:37:11,2026-06-29 08:42:30.201092,2026-06-29 08:42:30.201092,\N,\N,\N
133996,934,3,35,\N,\N,\N,\N,42,42,2026-12-31,1.00,0.00,\N,0.00,f,2026-06-26 06:37:11,2026-06-29 08:42:30.201092,2026-06-29 08:42:30.201092,\N,\N,\N
133997,946,3,35,\N,\N,\N,\N,42,42,2026-12-31,1.00,0.00,\N,0.00,f,2026-06-26 06:37:11,2026-06-29 08:42:30.201092,2026-06-29 08:42:30.201092,\N,\N,\N
130779,954,1,5,\N,\N,\N,\N,2,38,2026-12-31,7.00,4.00,0.00,0.00,f,2026-06-26 06:37:11,2026-06-26 06:35:08.98363,2026-06-26 11:30:50.487622,\N,\N,\N
133998,949,3,35,\N,\N,\N,\N,42,42,2026-12-31,1.00,0.00,\N,0.00,f,2026-06-26 06:37:11,2026-06-29 08:42:30.201092,2026-06-29 08:42:30.201092,\N,\N,\N
130919,1252,1,5,\N,\N,\N,\N,2,42,2026-12-31,1.00,1.00,0.00,0.00,f,2026-06-26 06:37:11,2026-06-26 06:35:08.98363,2026-06-26 10:44:05.302528,\N,\N,\N
130964,919,1,5,\N,\N,\N,\N,2,42,2026-12-31,4.00,1.00,0.00,0.00,f,2026-06-26 06:37:12,2026-06-26 06:35:08.98363,2026-06-26 10:44:05.302528,\N,\N,\N
130966,922,1,5,\N,\N,\N,\N,2,42,2026-12-31,2.00,1.00,0.00,0.00,f,2026-06-26 06:37:12,2026-06-26 06:35:08.98363,2026-06-26 10:44:05.302528,\N,\N,\N
130967,923,1,5,\N,\N,\N,\N,2,42,2026-12-31,1.00,1.00,0.00,0.00,f,2026-06-26 06:37:12,2026-06-26 06:35:08.98363,2026-06-26 10:44:05.302528,\N,\N,\N
130968,924,1,5,\N,\N,\N,\N,2,42,2026-12-31,1.00,1.00,0.00,0.00,f,2026-06-26 06:37:12,2026-06-26 06:35:08.98363,2026-06-26 10:44:05.302528,\N,\N,\N
130265,1845,1,5,\N,\N,\N,\N,2,2,2026-12-31,23.00,12.00,0.00,0.00,f,2026-06-26 06:37:09,2026-06-26 06:35:08.98363,2026-07-30 03:21:15.969073,\N,\N,\N
130259,2298,1,5,\N,\N,\N,\N,2,2,2026-12-31,12.00,12.00,0.00,0.00,f,2026-06-26 06:37:09,2026-06-26 06:35:08.98363,2026-07-14 09:51:53.507519,\N,\N,\N
133509,757,2,20,\N,\N,\N,\N,42,42,2026-12-31,2.00,0.00,\N,0.00,f,2026-06-26 06:37:09,2026-06-29 08:16:21.547384,2026-06-29 08:16:21.547384,\N,\N,\N
133510,839,2,20,\N,\N,\N,\N,42,42,2026-12-31,2.00,0.00,\N,0.00,f,2026-06-26 06:37:09,2026-06-29 08:16:21.547384,2026-06-29 08:16:21.547384,\N,\N,\N
130256,1877,1,5,\N,\N,\N,\N,2,2,2026-12-31,8.00,8.00,0.00,0.00,f,2026-06-26 06:37:09,2026-06-26 06:35:08.98363,2026-07-07 00:21:28.933382,\N,\N,\N
130246,1873,1,5,\N,\N,\N,\N,2,2,2026-12-31,33.00,14.00,0.00,0.00,f,2026-06-26 06:37:08,2026-06-26 06:35:08.98363,2026-08-02 12:36:10.031052,\N,\N,\N
133511,775,2,20,\N,\N,\N,\N,42,42,2026-12-31,2.00,0.00,\N,0.00,f,2026-06-26 06:37:08,2026-06-29 08:16:21.547384,2026-06-29 08:16:21.547384,\N,\N,\N
133512,779,2,20,\N,\N,\N,\N,42,42,2026-12-31,2.00,0.00,\N,0.00,f,2026-06-26 06:37:08,2026-06-29 08:16:21.547384,2026-06-29 08:16:21.547384,\N,\N,\N
133513,781,2,20,\N,\N,\N,\N,42,42,2026-12-31,2.00,0.00,\N,0.00,f,2026-06-26 06:37:08,2026-06-29 08:16:21.547384,2026-06-29 08:16:21.547384,\N,\N,\N
133514,842,2,20,\N,\N,\N,\N,42,42,2026-12-31,2.00,0.00,\N,0.00,f,2026-06-26 06:37:08,2026-06-29 08:16:21.547384,2026-06-29 08:16:21.547384,\N,\N,\N
130268,1881,1,5,\N,\N,\N,\N,2,42,2026-12-31,10.00,3.00,0.00,0.00,f,2026-06-26 06:37:09,2026-06-26 06:35:08.98363,2026-06-29 08:15:27.760212,\N,\N,\N
133515,834,2,20,\N,\N,\N,\N,42,42,2026-12-31,2.00,0.00,\N,0.00,f,2026-06-26 06:37:09,2026-06-29 08:16:21.547384,2026-06-29 08:16:21.547384,\N,\N,\N
134669,1086,7,59,\N,\N,\N,\N,42,42,2026-12-31,38.00,0.00,\N,0.00,f,2026-06-26 08:41:18,2026-06-30 08:43:48.477258,2026-06-30 08:43:48.477258,\N,\N,\N
134671,5881,7,59,\N,\N,\N,\N,42,42,2026-12-31,15.00,0.00,\N,0.00,f,2026-06-26 08:57:13,2026-06-30 08:43:48.477258,2026-06-30 08:43:48.477258,\N,\N,\N
134673,2154,7,59,\N,\N,\N,\N,42,42,2026-12-31,8.00,0.00,\N,0.00,f,2026-06-26 06:37:09,2026-06-30 08:43:48.477258,2026-06-30 08:43:48.477258,\N,\N,\N
130715,2028,1,5,\N,\N,\N,\N,2,42,2026-12-31,3.00,1.00,0.00,0.00,f,2026-06-26 06:37:11,2026-06-26 06:35:08.98363,2026-06-29 08:15:27.760212,\N,\N,\N
133516,837,2,20,\N,\N,\N,\N,42,42,2026-12-31,2.00,0.00,\N,0.00,f,2026-06-26 06:37:09,2026-06-29 08:16:21.547384,2026-06-29 08:16:21.547384,\N,\N,\N
133517,815,2,20,\N,\N,\N,\N,42,42,2026-12-31,2.00,0.00,\N,0.00,f,2026-06-26 06:37:08,2026-06-29 08:16:21.547384,2026-06-29 08:16:21.547384,\N,\N,\N
134675,344,7,59,\N,\N,\N,\N,42,42,2026-12-31,7.00,0.00,\N,0.00,f,2026-06-26 06:37:12,2026-06-30 08:43:48.477258,2026-06-30 08:43:48.477258,\N,\N,\N
133518,819,2,20,\N,\N,\N,\N,42,42,2026-12-31,2.00,0.00,\N,0.00,f,2026-06-26 06:37:08,2026-06-29 08:16:21.547384,2026-06-29 08:16:21.547384,\N,\N,\N
133519,822,2,20,\N,\N,\N,\N,42,42,2026-12-31,2.00,0.00,\N,0.00,f,2026-06-26 06:37:08,2026-06-29 08:16:21.547384,2026-06-29 08:16:21.547384,\N,\N,\N
133520,759,2,20,\N,\N,\N,\N,42,42,2026-12-31,2.00,0.00,\N,0.00,f,2026-06-26 06:37:10,2026-06-29 08:16:21.547384,2026-06-29 08:16:21.547384,\N,\N,\N
134677,2153,7,59,\N,\N,\N,\N,42,42,2026-12-31,6.00,0.00,\N,0.00,f,2026-06-26 06:37:09,2026-06-30 08:43:48.477258,2026-06-30 08:43:48.477258,\N,\N,\N
133521,762,2,20,\N,\N,\N,\N,42,42,2026-12-31,2.00,0.00,\N,0.00,f,2026-06-26 06:37:10,2026-06-29 08:16:21.547384,2026-06-29 08:16:21.547384,\N,\N,\N
133522,862,2,20,\N,\N,\N,\N,42,42,2026-12-31,2.00,0.00,\N,0.00,f,2026-06-26 06:37:11,2026-06-29 08:16:21.547384,2026-06-29 08:16:21.547384,\N,\N,\N
133523,892,2,20,\N,\N,\N,\N,42,42,2026-12-31,2.00,0.00,\N,0.00,f,2026-06-26 06:37:11,2026-06-29 08:16:21.547384,2026-06-29 08:16:21.547384,\N,\N,\N
133524,857,2,20,\N,\N,\N,\N,42,42,2026-12-31,2.00,0.00,\N,0.00,f,2026-06-26 06:37:09,2026-06-29 08:16:21.547384,2026-06-29 08:16:21.547384,\N,\N,\N
133525,858,2,20,\N,\N,\N,\N,42,42,2026-12-31,2.00,0.00,\N,0.00,f,2026-06-26 06:37:09,2026-06-29 08:16:21.547384,2026-06-29 08:16:21.547384,\N,\N,\N
134679,2150,7,59,\N,\N,\N,\N,42,42,2026-12-31,6.00,0.00,\N,0.00,f,2026-06-26 06:37:09,2026-06-30 08:43:48.477258,2026-06-30 08:43:48.477258,\N,\N,\N
133526,866,2,20,\N,\N,\N,\N,42,42,2026-12-31,2.00,0.00,\N,0.00,f,2026-06-26 06:37:10,2026-06-29 08:16:21.547384,2026-06-29 08:16:21.547384,\N,\N,\N
133527,876,2,20,\N,\N,\N,\N,42,42,2026-12-31,2.00,0.00,\N,0.00,f,2026-06-26 06:37:10,2026-06-29 08:16:21.547384,2026-06-29 08:16:21.547384,\N,\N,\N
130525,1700,1,5,\N,\N,\N,\N,2,42,2026-12-31,1.00,1.00,0.00,0.00,f,2026-06-26 06:37:10,2026-06-26 06:35:08.98363,2026-06-26 10:44:05.302528,\N,\N,\N
130528,1727,1,5,\N,\N,\N,\N,2,42,2026-12-31,17.00,1.00,0.00,0.00,f,2026-06-26 06:37:10,2026-06-26 06:35:08.98363,2026-06-26 10:44:05.302528,\N,\N,\N
130529,1728,1,5,\N,\N,\N,\N,2,42,2026-12-31,6.00,1.00,0.00,0.00,f,2026-06-26 06:37:10,2026-06-26 06:35:08.98363,2026-06-26 10:44:05.302528,\N,\N,\N
133528,975,2,20,\N,\N,\N,\N,42,42,2026-12-31,2.00,0.00,\N,0.00,f,2026-06-26 06:37:12,2026-06-29 08:16:21.547384,2026-06-29 08:16:21.547384,\N,\N,\N
133529,976,2,20,\N,\N,\N,\N,42,42,2026-12-31,2.00,0.00,\N,0.00,f,2026-06-26 06:37:12,2026-06-29 08:16:21.547384,2026-06-29 08:16:21.547384,\N,\N,\N
134681,1466,7,59,\N,\N,\N,\N,42,42,2026-12-31,6.00,0.00,\N,0.00,f,2026-06-26 06:37:09,2026-06-30 08:43:48.477258,2026-06-30 08:43:48.477258,\N,\N,\N
133530,977,2,20,\N,\N,\N,\N,42,42,2026-12-31,2.00,0.00,\N,0.00,f,2026-06-26 06:37:12,2026-06-29 08:16:21.547384,2026-06-29 08:16:21.547384,\N,\N,\N
134683,2149,7,59,\N,\N,\N,\N,42,42,2026-12-31,5.00,0.00,\N,0.00,f,2026-06-26 06:37:09,2026-06-30 08:43:48.477258,2026-06-30 08:43:48.477258,\N,\N,\N
130537,1761,1,5,\N,\N,\N,\N,2,42,2026-12-31,5.00,1.00,0.00,0.00,f,2026-06-26 06:37:10,2026-06-26 06:35:08.98363,2026-06-26 10:44:05.302528,\N,\N,\N
130538,1762,1,5,\N,\N,\N,\N,2,42,2026-12-31,4.00,1.00,0.00,0.00,f,2026-06-26 06:37:10,2026-06-26 06:35:08.98363,2026-06-26 10:44:05.302528,\N,\N,\N
134685,2151,7,59,\N,\N,\N,\N,42,42,2026-12-31,5.00,0.00,\N,0.00,f,2026-06-26 06:37:09,2026-06-30 08:43:48.477258,2026-06-30 08:43:48.477258,\N,\N,\N
134687,267,7,59,\N,\N,\N,\N,42,42,2026-12-31,5.00,0.00,\N,0.00,f,2026-06-26 06:37:11,2026-06-30 08:43:48.477258,2026-06-30 08:43:48.477258,\N,\N,\N
134689,804,7,59,\N,\N,\N,\N,42,42,2026-12-31,5.00,0.00,\N,0.00,f,2026-06-26 06:37:09,2026-06-30 08:43:48.477258,2026-06-30 08:43:48.477258,\N,\N,\N
134691,751,7,59,\N,\N,\N,\N,42,42,2026-12-31,4.00,0.00,\N,0.00,f,2026-06-26 06:37:09,2026-06-30 08:43:48.477258,2026-06-30 08:43:48.477258,\N,\N,\N
130988,2011,1,5,\N,\N,\N,\N,2,42,2026-12-31,1.00,1.00,0.00,0.00,f,2026-06-26 06:37:12,2026-06-26 06:35:08.98363,2026-06-26 10:44:05.302528,\N,\N,\N
134693,755,7,59,\N,\N,\N,\N,42,42,2026-12-31,4.00,0.00,\N,0.00,f,2026-06-26 06:37:09,2026-06-30 08:43:48.477258,2026-06-30 08:43:48.477258,\N,\N,\N
130992,2051,1,5,\N,\N,\N,\N,2,42,2026-12-31,1.00,1.00,0.00,0.00,f,2026-06-26 06:37:12,2026-06-26 06:35:08.98363,2026-06-26 10:44:05.302528,\N,\N,\N
134695,781,7,59,\N,\N,\N,\N,42,42,2026-12-31,4.00,0.00,\N,0.00,f,2026-06-26 06:37:08,2026-06-30 08:43:48.477258,2026-06-30 08:43:48.477258,\N,\N,\N
134697,840,7,59,\N,\N,\N,\N,42,42,2026-12-31,4.00,0.00,\N,0.00,f,2026-06-26 06:37:10,2026-06-30 08:43:48.477258,2026-06-30 08:43:48.477258,\N,\N,\N
134698,1001,7,59,\N,\N,\N,\N,42,42,2026-12-31,4.00,0.00,\N,0.00,f,2026-06-26 06:37:09,2026-06-30 08:43:48.477258,2026-06-30 08:43:48.477258,\N,\N,\N
134700,1079,7,59,\N,\N,\N,\N,42,42,2026-12-31,4.00,0.00,\N,0.00,f,2026-06-26 06:37:11,2026-06-30 08:43:48.477258,2026-06-30 08:43:48.477258,\N,\N,\N
134702,1180,7,59,\N,\N,\N,\N,42,42,2026-12-31,4.00,0.00,\N,0.00,f,2026-06-26 06:37:08,2026-06-30 08:43:48.477258,2026-06-30 08:43:48.477258,\N,\N,\N
134704,1464,7,59,\N,\N,\N,\N,42,42,2026-12-31,4.00,0.00,\N,0.00,f,2026-06-26 06:37:09,2026-06-30 08:43:48.477258,2026-06-30 08:43:48.477258,\N,\N,\N
134706,1835,7,59,\N,\N,\N,\N,42,42,2026-12-31,4.00,0.00,\N,0.00,f,2026-06-26 06:37:08,2026-06-30 08:43:48.477258,2026-06-30 08:43:48.477258,\N,\N,\N
134708,468,7,59,\N,\N,\N,\N,42,42,2026-12-31,3.00,0.00,\N,0.00,f,2026-06-26 06:37:11,2026-06-30 08:43:48.477258,2026-06-30 08:43:48.477258,\N,\N,\N
130720,2033,1,5,\N,\N,\N,\N,2,42,2026-12-31,16.00,4.00,0.00,0.00,f,2026-06-26 06:37:11,2026-06-26 06:35:08.98363,2026-06-29 08:15:27.760212,\N,\N,\N
134710,2224,7,59,\N,\N,\N,\N,42,42,2026-12-31,3.00,0.00,\N,0.00,f,2026-06-26 06:37:12,2026-06-30 08:43:48.477258,2026-06-30 08:43:48.477258,\N,\N,\N
134712,2387,7,59,\N,\N,\N,\N,42,42,2026-12-31,3.00,0.00,\N,0.00,f,2026-06-26 06:37:12,2026-06-30 08:43:48.477258,2026-06-30 08:43:48.477258,\N,\N,\N
131123,978,1,5,\N,\N,\N,\N,2,42,2026-12-31,20.00,1.00,0.00,0.00,f,2026-06-26 06:37:12,2026-06-26 06:35:08.98363,2026-06-29 08:15:27.760212,\N,\N,\N
131124,979,1,5,\N,\N,\N,\N,2,42,2026-12-31,1.00,1.00,0.00,0.00,f,2026-06-26 06:37:12,2026-06-26 06:35:08.98363,2026-06-29 08:15:27.760212,\N,\N,\N
130970,926,1,5,\N,\N,\N,\N,2,42,2026-12-31,4.00,2.00,0.00,0.00,f,2026-06-26 06:37:12,2026-06-26 06:35:08.98363,2026-06-29 08:41:47.502086,\N,\N,\N
130234,1816,1,5,\N,\N,\N,\N,2,42,2026-12-31,9.00,9.00,0.00,0.00,f,2026-06-26 06:37:08,2026-06-26 06:35:08.98363,2026-06-29 08:15:27.760212,\N,\N,\N
130717,2030,1,5,\N,\N,\N,\N,2,42,2026-12-31,4.00,1.00,0.00,0.00,f,2026-06-26 06:37:11,2026-06-26 06:35:08.98363,2026-06-29 08:15:27.760212,\N,\N,\N
133531,982,2,20,\N,\N,\N,\N,42,42,2026-12-31,2.00,0.00,\N,0.00,f,2026-06-26 06:37:12,2026-06-29 08:16:21.547384,2026-06-29 08:16:21.547384,\N,\N,\N
134902,612,10,83,\N,\N,\N,\N,61,61,2026-12-31,1.00,0.00,\N,0.00,f,2026-06-26 06:37:08,2026-06-30 08:43:49.671831,2026-06-30 08:43:49.671831,\N,\N,\N
134905,582,10,83,\N,\N,\N,\N,61,61,2026-12-31,2.00,0.00,\N,0.00,f,2026-06-26 06:37:08,2026-06-30 08:43:49.671831,2026-06-30 08:43:49.671831,\N,\N,\N
134908,627,10,83,\N,\N,\N,\N,61,61,2026-12-31,1.00,0.00,\N,0.00,f,2026-06-26 06:37:08,2026-06-30 08:43:49.671831,2026-06-30 08:43:49.671831,\N,\N,\N
134911,629,10,83,\N,\N,\N,\N,61,61,2026-12-31,1.00,0.00,\N,0.00,f,2026-06-26 06:37:08,2026-06-30 08:43:49.671831,2026-06-30 08:43:49.671831,\N,\N,\N
134914,630,10,83,\N,\N,\N,\N,61,61,2026-12-31,2.00,0.00,\N,0.00,f,2026-06-26 06:37:08,2026-06-30 08:43:49.671831,2026-06-30 08:43:49.671831,\N,\N,\N
134916,1284,10,83,\N,\N,\N,\N,61,61,2026-12-31,3.00,0.00,\N,0.00,f,2026-06-26 06:37:08,2026-06-30 08:43:49.671831,2026-06-30 08:43:49.671831,\N,\N,\N
134025,1468,3,35,\N,\N,\N,\N,42,42,2026-12-31,1.00,0.00,\N,0.00,f,2026-06-26 06:37:09,2026-06-29 08:42:30.201092,2026-06-29 08:42:30.201092,\N,\N,\N
134026,1469,3,35,\N,\N,\N,\N,42,42,2026-12-31,1.00,0.00,\N,0.00,f,2026-06-26 06:37:09,2026-06-29 08:42:30.201092,2026-06-29 08:42:30.201092,\N,\N,\N
134027,1524,3,35,\N,\N,\N,\N,42,42,2026-12-31,1.00,0.00,\N,0.00,f,2026-06-26 06:37:09,2026-06-29 08:42:30.201092,2026-06-29 08:42:30.201092,\N,\N,\N
134028,1530,3,35,\N,\N,\N,\N,42,42,2026-12-31,1.00,0.00,\N,0.00,f,2026-06-26 06:37:09,2026-06-29 08:42:30.201092,2026-06-29 08:42:30.201092,\N,\N,\N
134029,1841,3,35,\N,\N,\N,\N,42,42,2026-12-31,1.00,0.00,\N,0.00,f,2026-06-26 06:37:09,2026-06-29 08:42:30.201092,2026-06-29 08:42:30.201092,\N,\N,\N
133532,978,2,20,\N,\N,\N,\N,42,42,2026-12-31,2.00,0.00,\N,0.00,f,2026-06-26 06:37:12,2026-06-29 08:16:21.547384,2026-06-29 08:16:21.547384,\N,\N,\N
133533,979,2,20,\N,\N,\N,\N,42,42,2026-12-31,2.00,0.00,\N,0.00,f,2026-06-26 06:37:12,2026-06-29 08:16:21.547384,2026-06-29 08:16:21.547384,\N,\N,\N
133534,980,2,20,\N,\N,\N,\N,42,42,2026-12-31,2.00,0.00,\N,0.00,f,2026-06-26 06:37:12,2026-06-29 08:16:21.547384,2026-06-29 08:16:21.547384,\N,\N,\N
133535,984,2,20,\N,\N,\N,\N,42,42,2026-12-31,2.00,0.00,\N,0.00,f,2026-06-26 06:37:12,2026-06-29 08:16:21.547384,2026-06-29 08:16:21.547384,\N,\N,\N
133536,985,2,20,\N,\N,\N,\N,42,42,2026-12-31,2.00,0.00,\N,0.00,f,2026-06-26 06:37:12,2026-06-29 08:16:21.547384,2026-06-29 08:16:21.547384,\N,\N,\N
133537,986,2,20,\N,\N,\N,\N,42,42,2026-12-31,2.00,0.00,\N,0.00,f,2026-06-26 06:37:12,2026-06-29 08:16:21.547384,2026-06-29 08:16:21.547384,\N,\N,\N
133538,991,2,20,\N,\N,\N,\N,42,42,2026-12-31,2.00,0.00,\N,0.00,f,2026-06-26 06:37:12,2026-06-29 08:16:21.547384,2026-06-29 08:16:21.547384,\N,\N,\N
133539,988,2,20,\N,\N,\N,\N,42,42,2026-12-31,2.00,0.00,\N,0.00,f,2026-06-26 06:37:12,2026-06-29 08:16:21.547384,2026-06-29 08:16:21.547384,\N,\N,\N
133540,989,2,20,\N,\N,\N,\N,42,42,2026-12-31,2.00,0.00,\N,0.00,f,2026-06-26 06:37:12,2026-06-29 08:16:21.547384,2026-06-29 08:16:21.547384,\N,\N,\N
134030,2017,3,35,\N,\N,\N,\N,42,42,2026-12-31,1.00,0.00,\N,0.00,f,2026-06-26 06:37:11,2026-06-29 08:42:30.201092,2026-06-29 08:42:30.201092,\N,\N,\N
133541,990,2,20,\N,\N,\N,\N,42,42,2026-12-31,2.00,0.00,\N,0.00,f,2026-06-26 06:37:12,2026-06-29 08:16:21.547384,2026-06-29 08:16:21.547384,\N,\N,\N
133542,966,2,20,\N,\N,\N,\N,42,42,2026-12-31,2.00,0.00,\N,0.00,f,2026-06-26 06:37:12,2026-06-29 08:16:21.547384,2026-06-29 08:16:21.547384,\N,\N,\N
133543,967,2,20,\N,\N,\N,\N,42,42,2026-12-31,2.00,0.00,\N,0.00,f,2026-06-26 06:37:12,2026-06-29 08:16:21.547384,2026-06-29 08:16:21.547384,\N,\N,\N
133544,968,2,20,\N,\N,\N,\N,42,42,2026-12-31,2.00,0.00,\N,0.00,f,2026-06-26 06:37:12,2026-06-29 08:16:21.547384,2026-06-29 08:16:21.547384,\N,\N,\N
133545,969,2,20,\N,\N,\N,\N,42,42,2026-12-31,2.00,0.00,\N,0.00,f,2026-06-26 06:37:12,2026-06-29 08:16:21.547384,2026-06-29 08:16:21.547384,\N,\N,\N
133546,973,2,20,\N,\N,\N,\N,42,42,2026-12-31,2.00,0.00,\N,0.00,f,2026-06-26 06:37:12,2026-06-29 08:16:21.547384,2026-06-29 08:16:21.547384,\N,\N,\N
133547,1004,2,20,\N,\N,\N,\N,42,42,2026-12-31,2.00,0.00,\N,0.00,f,2026-06-26 06:37:09,2026-06-29 08:16:21.547384,2026-06-29 08:16:21.547384,\N,\N,\N
133548,1064,2,20,\N,\N,\N,\N,42,42,2026-12-31,2.00,0.00,\N,0.00,f,2026-06-26 06:37:11,2026-06-29 08:16:21.547384,2026-06-29 08:16:21.547384,\N,\N,\N
133549,1032,2,20,\N,\N,\N,\N,42,42,2026-12-31,2.00,0.00,\N,0.00,f,2026-06-26 06:37:11,2026-06-29 08:16:21.547384,2026-06-29 08:16:21.547384,\N,\N,\N
134919,1285,10,83,\N,\N,\N,\N,61,61,2026-12-31,1.00,0.00,\N,0.00,f,2026-06-26 06:37:08,2026-06-30 08:43:49.671831,2026-06-30 08:43:49.671831,\N,\N,\N
134031,1965,3,35,\N,\N,\N,\N,42,42,2026-12-31,1.00,0.00,\N,0.00,f,2026-06-26 06:37:11,2026-06-29 08:42:30.201092,2026-06-29 08:42:30.201092,\N,\N,\N
134922,1319,10,83,\N,\N,\N,\N,61,61,2026-12-31,2.00,0.00,\N,0.00,f,2026-06-26 06:37:08,2026-06-30 08:43:49.671831,2026-06-30 08:43:49.671831,\N,\N,\N
134925,1356,10,83,\N,\N,\N,\N,61,61,2026-12-31,2.00,0.00,\N,0.00,f,2026-06-26 06:37:08,2026-06-30 08:43:49.671831,2026-06-30 08:43:49.671831,\N,\N,\N
134928,616,10,83,\N,\N,\N,\N,61,61,2026-12-31,10.00,0.00,\N,0.00,f,2026-06-26 06:37:08,2026-06-30 08:43:49.671831,2026-06-30 08:43:49.671831,\N,\N,\N
134931,165,10,83,\N,\N,\N,\N,61,61,2026-12-31,1.00,0.00,\N,0.00,f,2026-06-26 06:37:08,2026-06-30 08:43:49.671831,2026-06-30 08:43:49.671831,\N,\N,\N
133845,840,3,35,\N,\N,\N,\N,42,42,2026-12-31,6.00,0.00,\N,0.00,f,2026-06-26 06:37:10,2026-06-29 08:42:30.201092,2026-06-29 10:39:28.385747,\N,\N,\N
134934,1586,10,83,\N,\N,\N,\N,61,61,2026-12-31,2.00,0.00,\N,0.00,f,2026-06-26 06:37:08,2026-06-30 08:43:49.671831,2026-06-30 08:43:49.671831,\N,\N,\N
134937,1605,10,83,\N,\N,\N,\N,61,61,2026-12-31,1.00,0.00,\N,0.00,f,2026-06-26 06:37:08,2026-06-30 08:43:49.671831,2026-06-30 08:43:49.671831,\N,\N,\N
134940,1606,10,83,\N,\N,\N,\N,61,61,2026-12-31,1.00,0.00,\N,0.00,f,2026-06-26 06:37:08,2026-06-30 08:43:49.671831,2026-06-30 08:43:49.671831,\N,\N,\N
134943,1653,10,83,\N,\N,\N,\N,61,61,2026-12-31,1.00,0.00,\N,0.00,f,2026-06-29 09:43:51,2026-06-30 08:43:49.671831,2026-06-30 08:43:49.671831,\N,\N,\N
134946,1655,10,83,\N,\N,\N,\N,61,61,2026-12-31,1.00,0.00,\N,0.00,f,2026-06-26 06:37:08,2026-06-30 08:43:49.671831,2026-06-30 08:43:49.671831,\N,\N,\N
134949,1294,10,83,\N,\N,\N,\N,61,61,2026-12-31,3.00,0.00,\N,0.00,f,2026-06-26 06:37:08,2026-06-30 08:43:49.671831,2026-06-30 08:43:49.671831,\N,\N,\N
134952,1339,10,83,\N,\N,\N,\N,61,61,2026-12-31,3.00,0.00,\N,0.00,f,2026-06-26 06:37:08,2026-06-30 08:43:49.671831,2026-06-30 08:43:49.671831,\N,\N,\N
133832,999,3,35,\N,\N,\N,\N,42,42,2026-12-31,8.00,0.00,\N,0.00,f,2026-06-26 06:37:09,2026-06-29 08:42:30.201092,2026-06-29 08:42:30.201092,\N,\N,\N
133833,1160,3,35,\N,\N,\N,\N,42,42,2026-12-31,8.00,0.00,\N,0.00,f,2026-06-26 06:37:08,2026-06-29 08:42:30.201092,2026-06-29 08:42:30.201092,\N,\N,\N
133834,1832,3,35,\N,\N,\N,\N,42,42,2026-12-31,8.00,0.00,\N,0.00,f,2026-06-26 06:37:08,2026-06-29 08:42:30.201092,2026-06-29 08:42:30.201092,\N,\N,\N
133835,777,3,35,\N,\N,\N,\N,42,42,2026-12-31,7.00,0.00,\N,0.00,f,2026-06-26 06:37:08,2026-06-29 08:42:30.201092,2026-06-29 08:42:30.201092,\N,\N,\N
133836,778,3,35,\N,\N,\N,\N,42,42,2026-12-31,7.00,0.00,\N,0.00,f,2026-06-26 06:37:08,2026-06-29 08:42:30.201092,2026-06-29 08:42:30.201092,\N,\N,\N
133837,781,3,35,\N,\N,\N,\N,42,42,2026-12-31,7.00,0.00,\N,0.00,f,2026-06-26 06:37:08,2026-06-29 08:42:30.201092,2026-06-29 08:42:30.201092,\N,\N,\N
133838,2404,3,35,\N,\N,\N,\N,42,42,2026-12-31,7.00,0.00,\N,0.00,f,2026-06-26 06:37:12,2026-06-29 08:42:30.201092,2026-06-29 08:42:30.201092,\N,\N,\N
133839,2356,3,35,\N,\N,\N,\N,42,42,2026-12-31,7.00,0.00,\N,0.00,f,2026-06-26 06:37:09,2026-06-29 08:42:30.201092,2026-06-29 08:42:30.201092,\N,\N,\N
133840,1815,3,35,\N,\N,\N,\N,42,42,2026-12-31,7.00,0.00,\N,0.00,f,2026-06-26 06:37:08,2026-06-29 08:42:30.201092,2026-06-29 08:42:30.201092,\N,\N,\N
133841,809,3,35,\N,\N,\N,\N,42,42,2026-12-31,6.00,0.00,\N,0.00,f,2026-06-26 06:37:08,2026-06-29 08:42:30.201092,2026-06-29 08:42:30.201092,\N,\N,\N
133842,775,3,35,\N,\N,\N,\N,42,42,2026-12-31,6.00,0.00,\N,0.00,f,2026-06-26 06:37:08,2026-06-29 08:42:30.201092,2026-06-29 08:42:30.201092,\N,\N,\N
133843,779,3,35,\N,\N,\N,\N,42,42,2026-12-31,6.00,0.00,\N,0.00,f,2026-06-26 06:37:08,2026-06-29 08:42:30.201092,2026-06-29 08:42:30.201092,\N,\N,\N
133844,780,3,35,\N,\N,\N,\N,42,42,2026-12-31,6.00,0.00,\N,0.00,f,2026-06-26 06:37:08,2026-06-29 08:42:30.201092,2026-06-29 08:42:30.201092,\N,\N,\N
133846,829,3,35,\N,\N,\N,\N,42,42,2026-12-31,6.00,0.00,\N,0.00,f,2026-06-26 06:37:08,2026-06-29 08:42:30.201092,2026-06-29 08:42:30.201092,\N,\N,\N
133847,848,3,35,\N,\N,\N,\N,42,42,2026-12-31,6.00,0.00,\N,0.00,f,2026-06-26 06:37:08,2026-06-29 08:42:30.201092,2026-06-29 08:42:30.201092,\N,\N,\N
133848,1161,3,35,\N,\N,\N,\N,42,42,2026-12-31,6.00,0.00,\N,0.00,f,2026-06-26 06:37:08,2026-06-29 08:42:30.201092,2026-06-29 08:42:30.201092,\N,\N,\N
133849,1465,3,35,\N,\N,\N,\N,42,42,2026-12-31,6.00,0.00,\N,0.00,f,2026-06-26 06:37:09,2026-06-29 08:42:30.201092,2026-06-29 08:42:30.201092,\N,\N,\N
133850,1526,3,35,\N,\N,\N,\N,42,42,2026-12-31,6.00,0.00,\N,0.00,f,2026-06-26 06:37:09,2026-06-29 08:42:30.201092,2026-06-29 08:42:30.201092,\N,\N,\N
133851,1833,3,35,\N,\N,\N,\N,42,42,2026-12-31,6.00,0.00,\N,0.00,f,2026-06-26 06:37:08,2026-06-29 08:42:30.201092,2026-06-29 08:42:30.201092,\N,\N,\N
133852,1835,3,35,\N,\N,\N,\N,42,42,2026-12-31,6.00,0.00,\N,0.00,f,2026-06-26 06:37:08,2026-06-29 08:42:30.201092,2026-06-29 08:42:30.201092,\N,\N,\N
133853,1873,3,35,\N,\N,\N,\N,42,42,2026-12-31,6.00,0.00,\N,0.00,f,2026-06-26 06:37:08,2026-06-29 08:42:30.201092,2026-06-29 08:42:30.201092,\N,\N,\N
133854,2151,3,35,\N,\N,\N,\N,42,42,2026-12-31,5.00,0.00,\N,0.00,f,2026-06-26 06:37:09,2026-06-29 08:42:30.201092,2026-06-29 08:42:30.201092,\N,\N,\N
133855,2150,3,35,\N,\N,\N,\N,42,42,2026-12-31,5.00,0.00,\N,0.00,f,2026-06-26 06:37:09,2026-06-29 08:42:30.201092,2026-06-29 08:42:30.201092,\N,\N,\N
133856,2390,3,35,\N,\N,\N,\N,42,42,2026-12-31,5.00,0.00,\N,0.00,f,2026-06-26 06:37:12,2026-06-29 08:42:30.201092,2026-06-29 08:42:30.201092,\N,\N,\N
133857,812,3,35,\N,\N,\N,\N,42,42,2026-12-31,5.00,0.00,\N,0.00,f,2026-06-26 06:37:08,2026-06-29 08:42:30.201092,2026-06-29 08:42:30.201092,\N,\N,\N
133858,751,3,35,\N,\N,\N,\N,42,42,2026-12-31,5.00,0.00,\N,0.00,f,2026-06-26 06:37:09,2026-06-29 08:42:30.201092,2026-06-29 08:42:30.201092,\N,\N,\N
133859,756,3,35,\N,\N,\N,\N,42,42,2026-12-31,5.00,0.00,\N,0.00,f,2026-06-26 06:37:09,2026-06-29 08:42:30.201092,2026-06-29 08:42:30.201092,\N,\N,\N
133860,776,3,35,\N,\N,\N,\N,42,42,2026-12-31,5.00,0.00,\N,0.00,f,2026-06-26 06:37:08,2026-06-29 08:42:30.201092,2026-06-29 08:42:30.201092,\N,\N,\N
133861,842,3,35,\N,\N,\N,\N,42,42,2026-12-31,5.00,0.00,\N,0.00,f,2026-06-26 06:37:08,2026-06-29 08:42:30.201092,2026-06-29 08:42:30.201092,\N,\N,\N
133862,827,3,35,\N,\N,\N,\N,42,42,2026-12-31,5.00,0.00,\N,0.00,f,2026-06-26 06:37:08,2026-06-29 08:42:30.201092,2026-06-29 08:42:30.201092,\N,\N,\N
133863,1002,3,35,\N,\N,\N,\N,42,42,2026-12-31,5.00,0.00,\N,0.00,f,2026-06-26 06:37:09,2026-06-29 08:42:30.201092,2026-06-29 08:42:30.201092,\N,\N,\N
133864,2405,3,35,\N,\N,\N,\N,42,42,2026-12-31,5.00,0.00,\N,0.00,f,2026-06-26 06:37:12,2026-06-29 08:42:30.201092,2026-06-29 08:42:30.201092,\N,\N,\N
133550,1033,2,20,\N,\N,\N,\N,42,42,2026-12-31,2.00,0.00,\N,0.00,f,2026-06-26 06:37:11,2026-06-29 08:16:21.547384,2026-06-29 08:16:21.547384,\N,\N,\N
133551,1048,2,20,\N,\N,\N,\N,42,42,2026-12-31,2.00,0.00,\N,0.00,f,2026-06-26 06:37:11,2026-06-29 08:16:21.547384,2026-06-29 08:16:21.547384,\N,\N,\N
134955,546,10,83,\N,\N,\N,\N,61,61,2026-12-31,1.00,0.00,\N,0.00,f,2026-06-26 06:37:08,2026-06-30 08:43:49.671831,2026-06-30 08:43:49.671831,\N,\N,\N
134958,602,10,83,\N,\N,\N,\N,61,61,2026-12-31,5.00,0.00,\N,0.00,f,2026-06-26 06:37:08,2026-06-30 08:43:49.671831,2026-06-30 08:43:49.671831,\N,\N,\N
134961,607,10,83,\N,\N,\N,\N,61,61,2026-12-31,1.00,0.00,\N,0.00,f,2026-06-26 06:37:08,2026-06-30 08:43:49.671831,2026-06-30 08:43:49.671831,\N,\N,\N
134964,1312,10,83,\N,\N,\N,\N,61,61,2026-12-31,1.00,0.00,\N,0.00,f,2026-06-26 06:37:08,2026-06-30 08:43:49.671831,2026-06-30 08:43:49.671831,\N,\N,\N
134967,1352,10,83,\N,\N,\N,\N,61,61,2026-12-31,1.00,0.00,\N,0.00,f,2026-06-26 06:37:08,2026-06-30 08:43:49.671831,2026-06-30 08:43:49.671831,\N,\N,\N
134970,1505,10,83,\N,\N,\N,\N,61,61,2026-12-31,3.00,0.00,\N,0.00,f,2026-06-26 06:37:08,2026-06-30 08:43:49.671831,2026-06-30 08:43:49.671831,\N,\N,\N
134972,1509,10,83,\N,\N,\N,\N,61,61,2026-12-31,3.00,0.00,\N,0.00,f,2026-06-26 06:37:08,2026-06-30 08:43:49.671831,2026-06-30 08:43:49.671831,\N,\N,\N
133552,2403,2,20,\N,\N,\N,\N,42,42,2026-12-31,2.00,0.00,\N,0.00,f,2026-06-26 06:37:12,2026-06-29 08:16:21.547384,2026-06-29 08:16:21.547384,\N,\N,\N
133553,2374,2,20,\N,\N,\N,\N,42,42,2026-12-31,2.00,0.00,\N,0.00,f,2026-06-26 06:37:09,2026-06-29 08:16:21.547384,2026-06-29 08:16:21.547384,\N,\N,\N
133554,1185,2,20,\N,\N,\N,\N,42,42,2026-12-31,2.00,0.00,\N,0.00,f,2026-06-26 06:37:08,2026-06-29 08:16:21.547384,2026-06-29 08:16:21.547384,\N,\N,\N
133555,1169,2,20,\N,\N,\N,\N,42,42,2026-12-31,2.00,0.00,\N,0.00,f,2026-06-26 06:37:08,2026-06-29 08:16:21.547384,2026-06-29 08:16:21.547384,\N,\N,\N
133556,1163,2,20,\N,\N,\N,\N,42,42,2026-12-31,2.00,0.00,\N,0.00,f,2026-06-26 06:37:08,2026-06-29 08:16:21.547384,2026-06-29 08:16:21.547384,\N,\N,\N
133557,1164,2,20,\N,\N,\N,\N,42,42,2026-12-31,2.00,0.00,\N,0.00,f,2026-06-26 06:37:08,2026-06-29 08:16:21.547384,2026-06-29 08:16:21.547384,\N,\N,\N
133558,1166,2,20,\N,\N,\N,\N,42,42,2026-12-31,2.00,0.00,\N,0.00,f,2026-06-26 06:37:08,2026-06-29 08:16:21.547384,2026-06-29 08:16:21.547384,\N,\N,\N
133559,1146,2,20,\N,\N,\N,\N,42,42,2026-12-31,2.00,0.00,\N,0.00,f,2026-06-26 06:37:10,2026-06-29 08:16:21.547384,2026-06-29 08:16:21.547384,\N,\N,\N
133560,1148,2,20,\N,\N,\N,\N,42,42,2026-12-31,2.00,0.00,\N,0.00,f,2026-06-26 06:37:10,2026-06-29 08:16:21.547384,2026-06-29 08:16:21.547384,\N,\N,\N
133561,1140,2,20,\N,\N,\N,\N,42,42,2026-12-31,2.00,0.00,\N,0.00,f,2026-06-26 06:37:10,2026-06-29 08:16:21.547384,2026-06-29 08:16:21.547384,\N,\N,\N
133562,1180,2,20,\N,\N,\N,\N,42,42,2026-12-31,2.00,0.00,\N,0.00,f,2026-06-26 06:37:08,2026-06-29 08:16:21.547384,2026-06-29 08:16:21.547384,\N,\N,\N
133563,1171,2,20,\N,\N,\N,\N,42,42,2026-12-31,2.00,0.00,\N,0.00,f,2026-06-26 06:37:08,2026-06-29 08:16:21.547384,2026-06-29 08:16:21.547384,\N,\N,\N
133564,1172,2,20,\N,\N,\N,\N,42,42,2026-12-31,2.00,0.00,\N,0.00,f,2026-06-26 06:37:08,2026-06-29 08:16:21.547384,2026-06-29 08:16:21.547384,\N,\N,\N
133565,1173,2,20,\N,\N,\N,\N,42,42,2026-12-31,2.00,0.00,\N,0.00,f,2026-06-26 06:37:08,2026-06-29 08:16:21.547384,2026-06-29 08:16:21.547384,\N,\N,\N
133566,1175,2,20,\N,\N,\N,\N,42,42,2026-12-31,2.00,0.00,\N,0.00,f,2026-06-26 06:37:08,2026-06-29 08:16:21.547384,2026-06-29 08:16:21.547384,\N,\N,\N
133567,1178,2,20,\N,\N,\N,\N,42,42,2026-12-31,2.00,0.00,\N,0.00,f,2026-06-26 06:37:08,2026-06-29 08:16:21.547384,2026-06-29 08:16:21.547384,\N,\N,\N
133568,1278,2,20,\N,\N,\N,\N,42,42,2026-12-31,2.00,0.00,\N,0.00,f,2026-06-26 06:37:08,2026-06-29 08:16:21.547384,2026-06-29 08:16:21.547384,\N,\N,\N
133569,1500,2,20,\N,\N,\N,\N,42,42,2026-12-31,2.00,0.00,\N,0.00,f,2026-06-26 06:37:09,2026-06-29 08:16:21.547384,2026-06-29 08:16:21.547384,\N,\N,\N
133570,1536,2,20,\N,\N,\N,\N,42,42,2026-12-31,2.00,0.00,\N,0.00,f,2026-06-26 06:37:09,2026-06-29 08:16:21.547384,2026-06-29 08:16:21.547384,\N,\N,\N
133571,1537,2,20,\N,\N,\N,\N,42,42,2026-12-31,2.00,0.00,\N,0.00,f,2026-06-26 06:37:09,2026-06-29 08:16:21.547384,2026-06-29 08:16:21.547384,\N,\N,\N
133572,1538,2,20,\N,\N,\N,\N,42,42,2026-12-31,2.00,0.00,\N,0.00,f,2026-06-26 06:37:09,2026-06-29 08:16:21.547384,2026-06-29 08:16:21.547384,\N,\N,\N
133573,1539,2,20,\N,\N,\N,\N,42,42,2026-12-31,2.00,0.00,\N,0.00,f,2026-06-26 06:37:09,2026-06-29 08:16:21.547384,2026-06-29 08:16:21.547384,\N,\N,\N
133574,1541,2,20,\N,\N,\N,\N,42,42,2026-12-31,2.00,0.00,\N,0.00,f,2026-06-26 06:37:09,2026-06-29 08:16:21.547384,2026-06-29 08:16:21.547384,\N,\N,\N
134975,1511,10,83,\N,\N,\N,\N,61,61,2026-12-31,1.00,0.00,\N,0.00,f,2026-06-26 06:37:08,2026-06-30 08:43:49.671831,2026-06-30 08:43:49.671831,\N,\N,\N
134978,1512,10,83,\N,\N,\N,\N,61,61,2026-12-31,2.00,0.00,\N,0.00,f,2026-06-26 06:37:08,2026-06-30 08:43:49.671831,2026-06-30 08:43:49.671831,\N,\N,\N
133865,2355,3,35,\N,\N,\N,\N,42,42,2026-12-31,5.00,0.00,\N,0.00,f,2026-06-26 06:37:09,2026-06-29 08:42:30.201092,2026-06-29 08:42:30.201092,\N,\N,\N
133866,1175,3,35,\N,\N,\N,\N,42,42,2026-12-31,5.00,0.00,\N,0.00,f,2026-06-26 06:37:08,2026-06-29 08:42:30.201092,2026-06-29 08:42:30.201092,\N,\N,\N
133867,1176,3,35,\N,\N,\N,\N,42,42,2026-12-31,5.00,0.00,\N,0.00,f,2026-06-26 06:37:08,2026-06-29 08:42:30.201092,2026-06-29 08:42:30.201092,\N,\N,\N
133868,1466,3,35,\N,\N,\N,\N,42,42,2026-12-31,5.00,0.00,\N,0.00,f,2026-06-26 06:37:09,2026-06-29 08:42:30.201092,2026-06-29 08:42:30.201092,\N,\N,\N
133869,1525,3,35,\N,\N,\N,\N,42,42,2026-12-31,5.00,0.00,\N,0.00,f,2026-06-26 06:37:09,2026-06-29 08:42:30.201092,2026-06-29 08:42:30.201092,\N,\N,\N
133870,1528,3,35,\N,\N,\N,\N,42,42,2026-12-31,5.00,0.00,\N,0.00,f,2026-06-26 06:37:09,2026-06-29 08:42:30.201092,2026-06-29 08:42:30.201092,\N,\N,\N
133871,1531,3,35,\N,\N,\N,\N,42,42,2026-12-31,5.00,0.00,\N,0.00,f,2026-06-26 06:37:09,2026-06-29 08:42:30.201092,2026-06-29 08:42:30.201092,\N,\N,\N
133872,1532,3,35,\N,\N,\N,\N,42,42,2026-12-31,5.00,0.00,\N,0.00,f,2026-06-26 06:37:09,2026-06-29 08:42:30.201092,2026-06-29 08:42:30.201092,\N,\N,\N
133873,1843,3,35,\N,\N,\N,\N,42,42,2026-12-31,5.00,0.00,\N,0.00,f,2026-06-26 06:37:09,2026-06-29 08:42:30.201092,2026-06-29 08:42:30.201092,\N,\N,\N
133874,1846,3,35,\N,\N,\N,\N,42,42,2026-12-31,5.00,0.00,\N,0.00,f,2026-06-26 06:37:09,2026-06-29 08:42:30.201092,2026-06-29 08:42:30.201092,\N,\N,\N
133875,1813,3,35,\N,\N,\N,\N,42,42,2026-12-31,5.00,0.00,\N,0.00,f,2026-06-26 06:37:08,2026-06-29 08:42:30.201092,2026-06-29 08:42:30.201092,\N,\N,\N
133876,1817,3,35,\N,\N,\N,\N,42,42,2026-12-31,5.00,0.00,\N,0.00,f,2026-06-26 06:37:08,2026-06-29 08:42:30.201092,2026-06-29 08:42:30.201092,\N,\N,\N
133877,2294,3,35,\N,\N,\N,\N,42,42,2026-12-31,5.00,0.00,\N,0.00,f,2026-06-26 06:37:08,2026-06-29 08:42:30.201092,2026-06-29 08:42:30.201092,\N,\N,\N
133878,1839,3,35,\N,\N,\N,\N,42,42,2026-12-31,5.00,0.00,\N,0.00,f,2026-06-26 06:37:09,2026-06-29 08:42:30.201092,2026-06-29 08:42:30.201092,\N,\N,\N
133879,1840,3,35,\N,\N,\N,\N,42,42,2026-12-31,5.00,0.00,\N,0.00,f,2026-06-26 06:37:09,2026-06-29 08:42:30.201092,2026-06-29 08:42:30.201092,\N,\N,\N
133880,442,3,35,\N,\N,\N,\N,42,42,2026-12-31,4.00,0.00,\N,0.00,f,2026-06-26 06:37:11,2026-06-29 08:42:30.201092,2026-06-29 08:42:30.201092,\N,\N,\N
133881,344,3,35,\N,\N,\N,\N,42,42,2026-12-31,4.00,0.00,\N,0.00,f,2026-06-26 06:37:12,2026-06-29 08:42:30.201092,2026-06-29 08:42:30.201092,\N,\N,\N
133882,348,3,35,\N,\N,\N,\N,42,42,2026-12-31,4.00,0.00,\N,0.00,f,2026-06-26 06:37:12,2026-06-29 08:42:30.201092,2026-06-29 08:42:30.201092,\N,\N,\N
133883,2387,3,35,\N,\N,\N,\N,42,42,2026-12-31,4.00,0.00,\N,0.00,f,2026-06-26 06:37:12,2026-06-29 08:42:30.201092,2026-06-29 08:42:30.201092,\N,\N,\N
133884,2388,3,35,\N,\N,\N,\N,42,42,2026-12-31,4.00,0.00,\N,0.00,f,2026-06-26 06:37:12,2026-06-29 08:42:30.201092,2026-06-29 08:42:30.201092,\N,\N,\N
133885,2389,3,35,\N,\N,\N,\N,42,42,2026-12-31,4.00,0.00,\N,0.00,f,2026-06-26 06:37:12,2026-06-29 08:42:30.201092,2026-06-29 08:42:30.201092,\N,\N,\N
133886,2391,3,35,\N,\N,\N,\N,42,42,2026-12-31,4.00,0.00,\N,0.00,f,2026-06-26 06:37:13,2026-06-29 08:42:30.201092,2026-06-29 08:42:30.201092,\N,\N,\N
133887,808,3,35,\N,\N,\N,\N,42,42,2026-12-31,4.00,0.00,\N,0.00,f,2026-06-26 06:37:08,2026-06-29 08:42:30.201092,2026-06-29 08:42:30.201092,\N,\N,\N
133888,810,3,35,\N,\N,\N,\N,42,42,2026-12-31,4.00,0.00,\N,0.00,f,2026-06-26 06:37:08,2026-06-29 08:42:30.201092,2026-06-29 08:42:30.201092,\N,\N,\N
133889,811,3,35,\N,\N,\N,\N,42,42,2026-12-31,4.00,0.00,\N,0.00,f,2026-06-26 06:37:08,2026-06-29 08:42:30.201092,2026-06-29 08:42:30.201092,\N,\N,\N
133890,846,3,35,\N,\N,\N,\N,42,42,2026-12-31,4.00,0.00,\N,0.00,f,2026-06-26 06:37:08,2026-06-29 08:42:30.201092,2026-06-29 08:42:30.201092,\N,\N,\N
133891,814,3,35,\N,\N,\N,\N,42,42,2026-12-31,4.00,0.00,\N,0.00,f,2026-06-26 06:37:08,2026-06-29 08:42:30.201092,2026-06-29 08:42:30.201092,\N,\N,\N
133892,752,3,35,\N,\N,\N,\N,42,42,2026-12-31,4.00,0.00,\N,0.00,f,2026-06-26 06:37:09,2026-06-29 08:42:30.201092,2026-06-29 08:42:30.201092,\N,\N,\N
133893,782,3,35,\N,\N,\N,\N,42,42,2026-12-31,4.00,0.00,\N,0.00,f,2026-06-26 06:37:08,2026-06-29 08:42:30.201092,2026-06-29 08:42:30.201092,\N,\N,\N
133894,765,3,35,\N,\N,\N,\N,42,42,2026-12-31,4.00,0.00,\N,0.00,f,2026-06-26 06:37:10,2026-06-29 08:42:30.201092,2026-06-29 08:42:30.201092,\N,\N,\N
133895,828,3,35,\N,\N,\N,\N,42,42,2026-12-31,4.00,0.00,\N,0.00,f,2026-06-26 06:37:08,2026-06-29 08:42:30.201092,2026-06-29 08:42:30.201092,\N,\N,\N
133896,996,3,35,\N,\N,\N,\N,42,42,2026-12-31,4.00,0.00,\N,0.00,f,2026-06-26 06:37:09,2026-06-29 08:42:30.201092,2026-06-29 08:42:30.201092,\N,\N,\N
133897,2407,3,35,\N,\N,\N,\N,42,42,2026-12-31,4.00,0.00,\N,0.00,f,2026-06-26 06:37:12,2026-06-29 08:42:30.201092,2026-06-29 08:42:30.201092,\N,\N,\N
133898,1163,3,35,\N,\N,\N,\N,42,42,2026-12-31,4.00,0.00,\N,0.00,f,2026-06-26 06:37:08,2026-06-29 08:42:30.201092,2026-06-29 08:42:30.201092,\N,\N,\N
133899,1164,3,35,\N,\N,\N,\N,42,42,2026-12-31,4.00,0.00,\N,0.00,f,2026-06-26 06:37:08,2026-06-29 08:42:30.201092,2026-06-29 08:42:30.201092,\N,\N,\N
133900,1171,3,35,\N,\N,\N,\N,42,42,2026-12-31,4.00,0.00,\N,0.00,f,2026-06-26 06:37:08,2026-06-29 08:42:30.201092,2026-06-29 08:42:30.201092,\N,\N,\N
133901,1173,3,35,\N,\N,\N,\N,42,42,2026-12-31,4.00,0.00,\N,0.00,f,2026-06-26 06:37:08,2026-06-29 08:42:30.201092,2026-06-29 08:42:30.201092,\N,\N,\N
133902,1502,3,35,\N,\N,\N,\N,42,42,2026-12-31,4.00,0.00,\N,0.00,f,2026-06-26 06:37:09,2026-06-29 08:42:30.201092,2026-06-29 08:42:30.201092,\N,\N,\N
133903,1536,3,35,\N,\N,\N,\N,42,42,2026-12-31,4.00,0.00,\N,0.00,f,2026-06-26 06:37:09,2026-06-29 08:42:30.201092,2026-06-29 08:42:30.201092,\N,\N,\N
133904,1529,3,35,\N,\N,\N,\N,42,42,2026-12-31,4.00,0.00,\N,0.00,f,2026-06-26 06:37:09,2026-06-29 08:42:30.201092,2026-06-29 08:42:30.201092,\N,\N,\N
133905,1834,3,35,\N,\N,\N,\N,42,42,2026-12-31,4.00,0.00,\N,0.00,f,2026-06-26 06:37:08,2026-06-29 08:42:30.201092,2026-06-29 08:42:30.201092,\N,\N,\N
133906,1874,3,35,\N,\N,\N,\N,42,42,2026-12-31,4.00,0.00,\N,0.00,f,2026-06-26 06:37:08,2026-06-29 08:42:30.201092,2026-06-29 08:42:30.201092,\N,\N,\N
133907,1844,3,35,\N,\N,\N,\N,42,42,2026-12-31,4.00,0.00,\N,0.00,f,2026-06-26 06:37:09,2026-06-29 08:42:30.201092,2026-06-29 08:42:30.201092,\N,\N,\N
133908,1861,3,35,\N,\N,\N,\N,42,42,2026-12-31,4.00,0.00,\N,0.00,f,2026-06-26 06:37:08,2026-06-29 08:42:30.201092,2026-06-29 08:42:30.201092,\N,\N,\N
133909,1863,3,35,\N,\N,\N,\N,42,42,2026-12-31,4.00,0.00,\N,0.00,f,2026-06-26 06:37:08,2026-06-29 08:42:30.201092,2026-06-29 08:42:30.201092,\N,\N,\N
133910,2154,3,35,\N,\N,\N,\N,42,42,2026-12-31,3.00,0.00,\N,0.00,f,2026-06-26 06:37:09,2026-06-29 08:42:30.201092,2026-06-29 08:42:30.201092,\N,\N,\N
133911,2193,3,35,\N,\N,\N,\N,42,42,2026-12-31,3.00,0.00,\N,0.00,f,2026-06-26 06:37:10,2026-06-29 08:42:30.201092,2026-06-29 08:42:30.201092,\N,\N,\N
133912,438,3,35,\N,\N,\N,\N,42,42,2026-12-31,3.00,0.00,\N,0.00,f,2026-06-26 06:37:11,2026-06-29 08:42:30.201092,2026-06-29 08:42:30.201092,\N,\N,\N
133913,345,3,35,\N,\N,\N,\N,42,42,2026-12-31,3.00,0.00,\N,0.00,f,2026-06-26 06:37:12,2026-06-29 08:42:30.201092,2026-06-29 08:42:30.201092,\N,\N,\N
133914,349,3,35,\N,\N,\N,\N,42,42,2026-12-31,3.00,0.00,\N,0.00,f,2026-06-26 06:37:12,2026-06-29 08:42:30.201092,2026-06-29 08:42:30.201092,\N,\N,\N
133575,1542,2,20,\N,\N,\N,\N,42,42,2026-12-31,2.00,0.00,\N,0.00,f,2026-06-26 06:37:09,2026-06-29 08:16:21.547384,2026-06-29 08:16:21.547384,\N,\N,\N
133576,2315,2,20,\N,\N,\N,\N,42,42,2026-12-31,2.00,0.00,\N,0.00,f,2026-06-26 06:37:09,2026-06-29 08:16:21.547384,2026-06-29 08:16:21.547384,\N,\N,\N
130278,2152,1,5,\N,\N,\N,\N,2,42,2026-12-31,58.00,6.00,0.00,0.00,f,2026-06-26 06:37:09,2026-06-26 06:35:08.98363,2026-06-29 08:15:27.760212,\N,\N,\N
134981,2319,10,83,\N,\N,\N,\N,61,61,2026-12-31,1.00,0.00,\N,0.00,f,2026-06-26 06:37:08,2026-06-30 08:43:49.671831,2026-06-30 08:43:49.671831,\N,\N,\N
134984,1546,10,83,\N,\N,\N,\N,61,61,2026-12-31,1.00,0.00,\N,0.00,f,2026-06-26 06:37:08,2026-06-30 08:43:49.671831,2026-06-30 08:43:49.671831,\N,\N,\N
134987,1547,10,83,\N,\N,\N,\N,61,61,2026-12-31,2.00,0.00,\N,0.00,f,2026-06-26 06:37:08,2026-06-30 08:43:49.671831,2026-06-30 08:43:49.671831,\N,\N,\N
130710,2195,1,5,\N,\N,\N,\N,2,61,2026-12-31,10.00,3.00,0.00,0.00,f,2026-06-26 06:37:11,2026-06-26 06:35:08.98363,2026-06-26 11:06:35.489617,\N,\N,\N
134990,1548,10,83,\N,\N,\N,\N,61,61,2026-12-31,1.00,0.00,\N,0.00,f,2026-06-26 06:37:08,2026-06-30 08:43:49.671831,2026-06-30 08:43:49.671831,\N,\N,\N
130962,2227,1,5,\N,\N,\N,\N,2,61,2026-12-31,17.00,3.00,0.00,0.00,f,2026-06-26 06:37:12,2026-06-26 06:35:08.98363,2026-06-26 11:06:35.489617,\N,\N,\N
134993,817,10,83,\N,\N,\N,\N,61,61,2026-12-31,1.00,0.00,\N,0.00,f,2026-06-26 06:37:08,2026-06-30 08:43:49.671831,2026-06-30 08:43:49.671831,\N,\N,\N
134996,515,10,83,\N,\N,\N,\N,61,61,2026-12-31,5.00,0.00,\N,0.00,f,2026-06-26 06:37:08,2026-06-30 08:43:49.671831,2026-06-30 08:43:49.671831,\N,\N,\N
134999,2314,10,83,\N,\N,\N,\N,61,61,2026-12-31,2.00,0.00,\N,0.00,f,2026-06-26 06:37:08,2026-06-30 08:43:49.671831,2026-06-30 08:43:49.671831,\N,\N,\N
135002,1186,10,83,\N,\N,\N,\N,61,61,2026-12-31,4.00,0.00,\N,0.00,f,2026-06-26 06:37:08,2026-06-30 08:43:49.671831,2026-06-30 08:43:49.671831,\N,\N,\N
135004,1188,10,83,\N,\N,\N,\N,61,61,2026-12-31,1.00,0.00,\N,0.00,f,2026-06-26 06:37:08,2026-06-30 08:43:49.671831,2026-06-30 08:43:49.671831,\N,\N,\N
135007,5747,10,83,\N,\N,\N,\N,61,61,2026-12-31,2.00,0.00,\N,0.00,f,2026-06-26 07:33:14,2026-06-30 08:43:49.671831,2026-06-30 08:43:49.671831,\N,\N,\N
135010,5750,10,83,\N,\N,\N,\N,61,61,2026-12-31,2.00,0.00,\N,0.00,f,2026-06-26 07:33:14,2026-06-30 08:43:49.671831,2026-06-30 08:43:49.671831,\N,\N,\N
135013,5753,10,83,\N,\N,\N,\N,61,61,2026-12-31,2.00,0.00,\N,0.00,f,2026-06-26 07:33:14,2026-06-30 08:43:49.671831,2026-06-30 08:43:49.671831,\N,\N,\N
135016,5756,10,83,\N,\N,\N,\N,61,61,2026-12-31,1.00,0.00,\N,0.00,f,2026-06-26 07:33:14,2026-06-30 08:43:49.671831,2026-06-30 08:43:49.671831,\N,\N,\N
135019,2179,10,83,\N,\N,\N,\N,61,61,2026-12-31,6.00,0.00,\N,0.00,f,2026-06-26 06:37:09,2026-06-30 08:43:49.671831,2026-06-30 08:43:49.671831,\N,\N,\N
135022,1452,10,83,\N,\N,\N,\N,61,61,2026-12-31,1.00,0.00,\N,0.00,f,2026-06-26 06:37:09,2026-06-30 08:43:49.671831,2026-06-30 08:43:49.671831,\N,\N,\N
133577,1524,2,20,\N,\N,\N,\N,42,42,2026-12-31,2.00,0.00,\N,0.00,f,2026-06-26 06:37:09,2026-06-29 08:16:21.547384,2026-06-29 08:16:21.547384,\N,\N,\N
133578,1525,2,20,\N,\N,\N,\N,42,42,2026-12-31,2.00,0.00,\N,0.00,f,2026-06-26 06:37:09,2026-06-29 08:16:21.547384,2026-06-29 08:16:21.547384,\N,\N,\N
133579,1527,2,20,\N,\N,\N,\N,42,42,2026-12-31,2.00,0.00,\N,0.00,f,2026-06-26 06:37:09,2026-06-29 08:16:21.547384,2026-06-29 08:16:21.547384,\N,\N,\N
130237,1862,1,5,\N,\N,\N,\N,2,2,2026-12-31,8.00,8.00,0.00,0.00,f,2026-06-26 06:37:08,2026-06-26 06:35:08.98363,2026-06-28 13:21:22.76969,\N,\N,\N
133580,1528,2,20,\N,\N,\N,\N,42,42,2026-12-31,2.00,0.00,\N,0.00,f,2026-06-26 06:37:09,2026-06-29 08:16:21.547384,2026-06-29 08:16:21.547384,\N,\N,\N
133581,1552,2,20,\N,\N,\N,\N,42,42,2026-12-31,2.00,0.00,\N,0.00,f,2026-06-26 06:37:08,2026-06-29 08:16:21.547384,2026-06-29 08:16:21.547384,\N,\N,\N
133582,1603,2,20,\N,\N,\N,\N,42,42,2026-12-31,2.00,0.00,\N,0.00,f,2026-06-26 06:37:08,2026-06-29 08:16:21.547384,2026-06-29 08:16:21.547384,\N,\N,\N
133583,1633,2,20,\N,\N,\N,\N,42,42,2026-12-31,2.00,0.00,\N,0.00,f,2026-06-26 06:37:08,2026-06-29 08:16:21.547384,2026-06-29 08:16:21.547384,\N,\N,\N
133584,1832,2,20,\N,\N,\N,\N,42,42,2026-12-31,2.00,0.00,\N,0.00,f,2026-06-26 06:37:08,2026-06-29 08:16:21.547384,2026-06-29 08:16:21.547384,\N,\N,\N
133585,1834,2,20,\N,\N,\N,\N,42,42,2026-12-31,2.00,0.00,\N,0.00,f,2026-06-26 06:37:08,2026-06-29 08:16:21.547384,2026-06-29 08:16:21.547384,\N,\N,\N
133586,1843,2,20,\N,\N,\N,\N,42,42,2026-12-31,2.00,0.00,\N,0.00,f,2026-06-26 06:37:09,2026-06-29 08:16:21.547384,2026-06-29 08:16:21.547384,\N,\N,\N
133587,1844,2,20,\N,\N,\N,\N,42,42,2026-12-31,2.00,0.00,\N,0.00,f,2026-06-26 06:37:09,2026-06-29 08:16:21.547384,2026-06-29 08:16:21.547384,\N,\N,\N
135025,1443,10,83,\N,\N,\N,\N,61,61,2026-12-31,4.00,0.00,\N,0.00,f,2026-06-26 06:37:09,2026-06-30 08:43:49.671831,2026-06-30 08:43:49.671831,\N,\N,\N
135028,1444,10,83,\N,\N,\N,\N,61,61,2026-12-31,1.00,0.00,\N,0.00,f,2026-06-26 06:37:09,2026-06-30 08:43:49.671831,2026-06-30 08:43:49.671831,\N,\N,\N
135031,1447,10,83,\N,\N,\N,\N,61,61,2026-12-31,3.00,0.00,\N,0.00,f,2026-06-26 06:37:09,2026-06-30 08:43:49.671831,2026-06-30 08:43:49.671831,\N,\N,\N
133588,2299,2,20,\N,\N,\N,\N,42,42,2026-12-31,2.00,0.00,\N,0.00,f,2026-06-26 06:37:09,2026-06-29 08:16:21.547384,2026-06-29 08:16:21.547384,\N,\N,\N
133589,1812,2,20,\N,\N,\N,\N,42,42,2026-12-31,2.00,0.00,\N,0.00,f,2026-06-26 06:37:08,2026-06-29 08:16:21.547384,2026-06-29 08:16:21.547384,\N,\N,\N
135034,234,10,83,\N,\N,\N,\N,61,61,2026-12-31,1.00,0.00,\N,0.00,f,2026-06-26 06:37:09,2026-06-30 08:43:49.671831,2026-06-30 08:43:49.671831,\N,\N,\N
135037,217,10,83,\N,\N,\N,\N,61,61,2026-12-31,1.00,0.00,\N,0.00,f,2026-06-26 06:37:09,2026-06-30 08:43:49.671831,2026-06-30 08:43:49.671831,\N,\N,\N
133590,1814,2,20,\N,\N,\N,\N,42,42,2026-12-31,2.00,0.00,\N,0.00,f,2026-06-26 06:37:08,2026-06-29 08:16:21.547384,2026-06-29 08:16:21.547384,\N,\N,\N
133591,1816,2,20,\N,\N,\N,\N,42,42,2026-12-31,1.00,0.00,\N,0.00,f,2026-06-26 06:37:08,2026-06-29 08:16:21.547384,2026-06-29 08:16:21.547384,\N,\N,\N
135039,219,10,83,\N,\N,\N,\N,61,61,2026-12-31,1.00,0.00,\N,0.00,f,2026-06-26 06:37:09,2026-06-30 08:43:49.671831,2026-06-30 08:43:49.671831,\N,\N,\N
133592,1817,2,20,\N,\N,\N,\N,42,42,2026-12-31,2.00,0.00,\N,0.00,f,2026-06-26 06:37:08,2026-06-29 08:16:21.547384,2026-06-29 08:16:21.547384,\N,\N,\N
135042,220,10,83,\N,\N,\N,\N,61,61,2026-12-31,2.00,0.00,\N,0.00,f,2026-06-26 06:37:09,2026-06-30 08:43:49.671831,2026-06-30 08:43:49.671831,\N,\N,\N
132489,1924,1,5,\N,\N,\N,\N,2,61,2026-12-31,7.00,2.00,0.00,0.00,f,2026-06-26 07:33:14,2026-06-26 07:32:51.75853,2026-06-26 11:06:35.489617,\N,\N,\N
132492,1932,1,5,\N,\N,\N,\N,2,61,2026-12-31,61.00,3.00,0.00,0.00,f,2026-06-26 07:33:14,2026-06-26 07:32:51.75853,2026-06-26 11:06:35.489617,\N,\N,\N
135045,225,10,83,\N,\N,\N,\N,61,61,2026-12-31,1.00,0.00,\N,0.00,f,2026-06-26 06:37:09,2026-06-30 08:43:49.671831,2026-06-30 08:43:49.671831,\N,\N,\N
135048,237,10,83,\N,\N,\N,\N,61,61,2026-12-31,1.00,0.00,\N,0.00,f,2026-06-26 06:37:09,2026-06-30 08:43:49.671831,2026-06-30 08:43:49.671831,\N,\N,\N
135051,5762,10,83,\N,\N,\N,\N,61,61,2026-12-31,1.00,0.00,\N,0.00,f,2026-06-26 07:33:14,2026-06-30 08:43:49.671831,2026-06-30 08:43:49.671831,\N,\N,\N
135054,5765,10,83,\N,\N,\N,\N,61,61,2026-12-31,1.00,0.00,\N,0.00,f,2026-06-26 07:33:14,2026-06-30 08:43:49.671831,2026-06-30 08:43:49.671831,\N,\N,\N
135056,785,10,83,\N,\N,\N,\N,61,61,2026-12-31,1.00,0.00,\N,0.00,f,2026-06-26 06:37:09,2026-06-30 08:43:49.671831,2026-06-30 08:43:49.671831,\N,\N,\N
135059,786,10,83,\N,\N,\N,\N,61,61,2026-12-31,2.00,0.00,\N,0.00,f,2026-06-26 06:37:09,2026-06-30 08:43:49.671831,2026-06-30 08:43:49.671831,\N,\N,\N
130548,1367,1,5,\N,\N,\N,\N,2,61,2026-12-31,8.00,3.00,0.00,0.00,f,2026-06-26 06:37:10,2026-06-26 06:35:08.98363,2026-06-26 11:06:35.489617,\N,\N,\N
135062,758,10,83,\N,\N,\N,\N,61,61,2026-12-31,1.00,0.00,\N,0.00,f,2026-06-26 06:37:09,2026-06-30 08:43:49.671831,2026-06-30 08:43:49.671831,\N,\N,\N
130659,1237,1,5,\N,\N,\N,\N,2,61,2026-12-31,6.00,2.00,0.00,0.00,f,2026-06-26 06:37:10,2026-06-26 06:35:08.98363,2026-06-26 11:06:35.489617,\N,\N,\N
135065,801,10,83,\N,\N,\N,\N,61,61,2026-12-31,2.00,0.00,\N,0.00,f,2026-06-26 06:37:09,2026-06-30 08:43:49.671831,2026-06-30 08:43:49.671831,\N,\N,\N
135068,2364,10,83,\N,\N,\N,\N,61,61,2026-12-31,1.00,0.00,\N,0.00,f,2026-06-26 06:37:09,2026-06-30 08:43:49.671831,2026-06-30 08:43:49.671831,\N,\N,\N
135071,2365,10,83,\N,\N,\N,\N,61,61,2026-12-31,2.00,0.00,\N,0.00,f,2026-06-26 06:37:09,2026-06-30 08:43:49.671831,2026-06-30 08:43:49.671831,\N,\N,\N
133915,341,3,35,\N,\N,\N,\N,42,42,2026-12-31,3.00,0.00,\N,0.00,f,2026-06-26 06:37:12,2026-06-29 08:42:30.201092,2026-06-29 08:42:30.201092,\N,\N,\N
133916,813,3,35,\N,\N,\N,\N,42,42,2026-12-31,3.00,0.00,\N,0.00,f,2026-06-26 06:37:08,2026-06-29 08:42:30.201092,2026-06-29 08:42:30.201092,\N,\N,\N
133917,753,3,35,\N,\N,\N,\N,42,42,2026-12-31,3.00,0.00,\N,0.00,f,2026-06-26 06:37:09,2026-06-29 08:42:30.201092,2026-06-29 08:42:30.201092,\N,\N,\N
133918,830,3,35,\N,\N,\N,\N,42,42,2026-12-31,3.00,0.00,\N,0.00,f,2026-06-26 06:37:08,2026-06-29 08:42:30.201092,2026-06-29 08:42:30.201092,\N,\N,\N
133919,856,3,35,\N,\N,\N,\N,42,42,2026-12-31,3.00,0.00,\N,0.00,f,2026-06-26 06:37:09,2026-06-29 08:42:30.201092,2026-06-29 08:42:30.201092,\N,\N,\N
133920,1000,3,35,\N,\N,\N,\N,42,42,2026-12-31,3.00,0.00,\N,0.00,f,2026-06-26 06:37:09,2026-06-29 08:42:30.201092,2026-06-29 08:42:30.201092,\N,\N,\N
133593,1861,2,20,\N,\N,\N,\N,42,42,2026-12-31,2.00,0.00,\N,0.00,f,2026-06-26 06:37:08,2026-06-29 08:16:21.547384,2026-06-29 08:16:21.547384,\N,\N,\N
133594,1863,2,20,\N,\N,\N,\N,42,42,2026-12-31,2.00,0.00,\N,0.00,f,2026-06-26 06:37:08,2026-06-29 08:16:21.547384,2026-06-29 08:16:21.547384,\N,\N,\N
133595,1836,2,20,\N,\N,\N,\N,42,42,2026-12-31,2.00,0.00,\N,0.00,f,2026-06-26 06:37:09,2026-06-29 08:16:21.547384,2026-06-29 08:16:21.547384,\N,\N,\N
133596,2030,2,20,\N,\N,\N,\N,42,42,2026-12-31,2.00,0.00,\N,0.00,f,2026-06-26 06:37:11,2026-06-29 08:16:21.547384,2026-06-29 08:16:21.547384,\N,\N,\N
133597,1960,2,20,\N,\N,\N,\N,42,42,2026-12-31,2.00,0.00,\N,0.00,f,2026-06-26 06:37:09,2026-06-29 08:16:21.547384,2026-06-29 08:16:21.547384,\N,\N,\N
133598,1961,2,20,\N,\N,\N,\N,42,42,2026-12-31,2.00,0.00,\N,0.00,f,2026-06-26 06:37:09,2026-06-29 08:16:21.547384,2026-06-29 08:16:21.547384,\N,\N,\N
133599,1962,2,20,\N,\N,\N,\N,42,42,2026-12-31,2.00,0.00,\N,0.00,f,2026-06-26 06:37:09,2026-06-29 08:16:21.547384,2026-06-29 08:16:21.547384,\N,\N,\N
133600,1963,2,20,\N,\N,\N,\N,42,42,2026-12-31,2.00,0.00,\N,0.00,f,2026-06-26 06:37:09,2026-06-29 08:16:21.547384,2026-06-29 08:16:21.547384,\N,\N,\N
133601,1964,2,20,\N,\N,\N,\N,42,42,2026-12-31,2.00,0.00,\N,0.00,f,2026-06-26 06:37:09,2026-06-29 08:16:21.547384,2026-06-29 08:16:21.547384,\N,\N,\N
133602,1990,2,20,\N,\N,\N,\N,42,42,2026-12-31,2.00,0.00,\N,0.00,f,2026-06-26 06:37:10,2026-06-29 08:16:21.547384,2026-06-29 08:16:21.547384,\N,\N,\N
133603,1966,2,20,\N,\N,\N,\N,42,42,2026-12-31,2.00,0.00,\N,0.00,f,2026-06-26 06:37:11,2026-06-29 08:16:21.547384,2026-06-29 08:16:21.547384,\N,\N,\N
133604,1967,2,20,\N,\N,\N,\N,42,42,2026-12-31,2.00,0.00,\N,0.00,f,2026-06-26 06:37:11,2026-06-29 08:16:21.547384,2026-06-29 08:16:21.547384,\N,\N,\N
133605,1968,2,20,\N,\N,\N,\N,42,42,2026-12-31,2.00,0.00,\N,0.00,f,2026-06-26 06:37:11,2026-06-29 08:16:21.547384,2026-06-29 08:16:21.547384,\N,\N,\N
133606,1131,2,20,\N,\N,\N,\N,42,42,2026-12-31,1.00,0.00,\N,0.00,f,2026-06-26 06:37:10,2026-06-29 08:16:21.547384,2026-06-29 08:16:21.547384,\N,\N,\N
133607,1130,2,20,\N,\N,\N,\N,42,42,2026-12-31,1.00,0.00,\N,0.00,f,2026-06-26 06:37:10,2026-06-29 08:16:21.547384,2026-06-29 08:16:21.547384,\N,\N,\N
133921,1109,3,35,\N,\N,\N,\N,42,42,2026-12-31,3.00,0.00,\N,0.00,f,2026-06-26 06:37:11,2026-06-29 08:42:30.201092,2026-06-29 08:42:30.201092,\N,\N,\N
133922,1118,3,35,\N,\N,\N,\N,42,42,2026-12-31,3.00,0.00,\N,0.00,f,2026-06-26 06:37:11,2026-06-29 08:42:30.201092,2026-06-29 08:42:30.201092,\N,\N,\N
135074,2366,10,83,\N,\N,\N,\N,61,61,2026-12-31,1.00,0.00,\N,0.00,f,2026-06-26 06:37:09,2026-06-30 08:43:49.671831,2026-06-30 08:43:49.671831,\N,\N,\N
130530,1729,1,5,\N,\N,\N,\N,2,61,2026-12-31,7.00,4.00,0.00,0.00,f,2026-06-26 06:37:10,2026-06-26 06:35:08.98363,2026-06-26 11:06:35.489617,\N,\N,\N
135076,1793,10,83,\N,\N,\N,\N,61,61,2026-12-31,1.00,0.00,\N,0.00,f,2026-06-26 06:37:09,2026-06-30 08:43:49.671831,2026-06-30 08:43:49.671831,\N,\N,\N
135079,1794,10,83,\N,\N,\N,\N,61,61,2026-12-31,4.00,0.00,\N,0.00,f,2026-06-26 06:37:09,2026-06-30 08:43:49.671831,2026-06-30 08:43:49.671831,\N,\N,\N
135082,1796,10,83,\N,\N,\N,\N,61,61,2026-12-31,4.00,0.00,\N,0.00,f,2026-06-26 06:37:09,2026-06-30 08:43:49.671831,2026-06-30 08:43:49.671831,\N,\N,\N
135085,1797,10,83,\N,\N,\N,\N,61,61,2026-12-31,4.00,0.00,\N,0.00,f,2026-06-26 06:37:09,2026-06-30 08:43:49.671831,2026-06-30 08:43:49.671831,\N,\N,\N
130990,2044,1,5,\N,\N,\N,\N,2,61,2026-12-31,11.00,2.00,0.00,0.00,f,2026-06-26 06:37:12,2026-06-26 06:35:08.98363,2026-06-26 11:06:35.489617,\N,\N,\N
135088,1799,10,83,\N,\N,\N,\N,61,61,2026-12-31,1.00,0.00,\N,0.00,f,2026-06-26 06:37:09,2026-06-30 08:43:49.671831,2026-06-30 08:43:49.671831,\N,\N,\N
135091,1554,10,83,\N,\N,\N,\N,61,61,2026-12-31,2.00,0.00,\N,0.00,f,2026-06-26 06:37:09,2026-06-30 08:43:49.671831,2026-06-30 08:43:49.671831,\N,\N,\N
135094,1555,10,83,\N,\N,\N,\N,61,61,2026-12-31,9.00,0.00,\N,0.00,f,2026-06-26 06:37:09,2026-06-30 08:43:49.671831,2026-06-30 08:43:49.671831,\N,\N,\N
135097,1562,10,83,\N,\N,\N,\N,61,61,2026-12-31,2.00,0.00,\N,0.00,f,2026-06-26 06:37:09,2026-06-30 08:43:49.671831,2026-06-30 08:43:49.671831,\N,\N,\N
130130,1508,1,5,\N,\N,\N,\N,2,61,2026-12-31,5.00,1.00,0.00,0.00,f,2026-06-26 06:37:08,2026-06-26 06:35:08.98363,2026-06-26 11:06:35.489617,\N,\N,\N
135100,1489,10,83,\N,\N,\N,\N,61,61,2026-12-31,2.00,0.00,\N,0.00,f,2026-06-26 06:37:09,2026-06-30 08:43:49.671831,2026-06-30 08:43:49.671831,\N,\N,\N
135103,1491,10,83,\N,\N,\N,\N,61,61,2026-12-31,2.00,0.00,\N,0.00,f,2026-06-26 06:37:09,2026-06-30 08:43:49.671831,2026-06-30 08:43:49.671831,\N,\N,\N
130267,1847,1,5,\N,\N,\N,\N,2,2,2026-12-31,19.00,4.00,0.00,0.00,f,2026-06-26 06:37:09,2026-06-26 06:35:08.98363,2026-07-31 16:36:57.565524,\N,\N,\N
133608,1129,2,20,\N,\N,\N,\N,42,42,2026-12-31,1.00,0.00,\N,0.00,f,2026-06-26 06:37:10,2026-06-29 08:16:21.547384,2026-06-29 08:16:21.547384,\N,\N,\N
133609,1126,2,20,\N,\N,\N,\N,42,42,2026-12-31,1.00,0.00,\N,0.00,f,2026-06-26 06:37:10,2026-06-29 08:16:21.547384,2026-06-29 08:16:21.547384,\N,\N,\N
133610,1135,2,20,\N,\N,\N,\N,42,42,2026-12-31,1.00,0.00,\N,0.00,f,2026-06-26 06:37:10,2026-06-29 08:16:21.547384,2026-06-29 08:16:21.547384,\N,\N,\N
133611,441,2,20,\N,\N,\N,\N,42,42,2026-12-31,1.00,0.00,\N,0.00,f,2026-06-26 06:37:11,2026-06-29 08:16:21.547384,2026-06-29 08:16:21.547384,\N,\N,\N
133612,442,2,20,\N,\N,\N,\N,42,42,2026-12-31,1.00,0.00,\N,0.00,f,2026-06-26 06:37:11,2026-06-29 08:16:21.547384,2026-06-29 08:16:21.547384,\N,\N,\N
133613,476,2,20,\N,\N,\N,\N,42,42,2026-12-31,1.00,0.00,\N,0.00,f,2026-06-26 06:37:11,2026-06-29 08:16:21.547384,2026-06-29 08:16:21.547384,\N,\N,\N
133614,464,2,20,\N,\N,\N,\N,42,42,2026-12-31,1.00,0.00,\N,0.00,f,2026-06-26 06:37:11,2026-06-29 08:16:21.547384,2026-06-29 08:16:21.547384,\N,\N,\N
133615,5753,2,20,\N,\N,\N,\N,42,42,2026-12-31,1.00,0.00,\N,0.00,f,2026-06-26 07:33:14,2026-06-29 08:16:21.547384,2026-06-29 08:16:21.547384,\N,\N,\N
133616,2206,2,20,\N,\N,\N,\N,42,42,2026-12-31,1.00,0.00,\N,0.00,f,2026-06-26 06:37:12,2026-06-29 08:16:21.547384,2026-06-29 08:16:21.547384,\N,\N,\N
133617,2217,2,20,\N,\N,\N,\N,42,42,2026-12-31,1.00,0.00,\N,0.00,f,2026-06-26 06:37:12,2026-06-29 08:16:21.547384,2026-06-29 08:16:21.547384,\N,\N,\N
133618,276,2,20,\N,\N,\N,\N,42,42,2026-12-31,1.00,0.00,\N,0.00,f,2026-06-26 06:37:11,2026-06-29 08:16:21.547384,2026-06-29 08:16:21.547384,\N,\N,\N
133619,278,2,20,\N,\N,\N,\N,42,42,2026-12-31,1.00,0.00,\N,0.00,f,2026-06-26 06:37:11,2026-06-29 08:16:21.547384,2026-06-29 08:16:21.547384,\N,\N,\N
133923,2403,3,35,\N,\N,\N,\N,42,42,2026-12-31,3.00,0.00,\N,0.00,f,2026-06-26 06:37:12,2026-06-29 08:42:30.201092,2026-06-29 08:42:30.201092,\N,\N,\N
133924,2408,3,35,\N,\N,\N,\N,42,42,2026-12-31,3.00,0.00,\N,0.00,f,2026-06-26 06:37:12,2026-06-29 08:42:30.201092,2026-06-29 08:42:30.201092,\N,\N,\N
133925,2357,3,35,\N,\N,\N,\N,42,42,2026-12-31,3.00,0.00,\N,0.00,f,2026-06-26 06:37:09,2026-06-29 08:42:30.201092,2026-06-29 08:42:30.201092,\N,\N,\N
133926,2359,3,35,\N,\N,\N,\N,42,42,2026-12-31,3.00,0.00,\N,0.00,f,2026-06-26 06:37:09,2026-06-29 08:42:30.201092,2026-06-29 08:42:30.201092,\N,\N,\N
133927,2360,3,35,\N,\N,\N,\N,42,42,2026-12-31,3.00,0.00,\N,0.00,f,2026-06-26 06:37:09,2026-06-29 08:42:30.201092,2026-06-29 08:42:30.201092,\N,\N,\N
133928,1146,3,35,\N,\N,\N,\N,42,42,2026-12-31,3.00,0.00,\N,0.00,f,2026-06-26 06:37:10,2026-06-29 08:42:30.201092,2026-06-29 08:42:30.201092,\N,\N,\N
133929,1174,3,35,\N,\N,\N,\N,42,42,2026-12-31,3.00,0.00,\N,0.00,f,2026-06-26 06:37:08,2026-06-29 08:42:30.201092,2026-06-29 08:42:30.201092,\N,\N,\N
133930,1177,3,35,\N,\N,\N,\N,42,42,2026-12-31,3.00,0.00,\N,0.00,f,2026-06-26 06:37:08,2026-06-29 08:42:30.201092,2026-06-29 08:42:30.201092,\N,\N,\N
133931,1499,3,35,\N,\N,\N,\N,42,42,2026-12-31,3.00,0.00,\N,0.00,f,2026-06-26 06:37:09,2026-06-29 08:42:30.201092,2026-06-29 08:42:30.201092,\N,\N,\N
133932,2318,3,35,\N,\N,\N,\N,42,42,2026-12-31,3.00,0.00,\N,0.00,f,2026-06-26 06:37:09,2026-06-29 08:42:30.201092,2026-06-29 08:42:30.201092,\N,\N,\N
133933,1535,3,35,\N,\N,\N,\N,42,42,2026-12-31,3.00,0.00,\N,0.00,f,2026-06-26 06:37:09,2026-06-29 08:42:30.201092,2026-06-29 08:42:30.201092,\N,\N,\N
133934,1537,3,35,\N,\N,\N,\N,42,42,2026-12-31,3.00,0.00,\N,0.00,f,2026-06-26 06:37:09,2026-06-29 08:42:30.201092,2026-06-29 08:42:30.201092,\N,\N,\N
133935,1538,3,35,\N,\N,\N,\N,42,42,2026-12-31,3.00,0.00,\N,0.00,f,2026-06-26 06:37:09,2026-06-29 08:42:30.201092,2026-06-29 08:42:30.201092,\N,\N,\N
133936,1464,3,35,\N,\N,\N,\N,42,42,2026-12-31,3.00,0.00,\N,0.00,f,2026-06-26 06:37:09,2026-06-29 08:42:30.201092,2026-06-29 08:42:30.201092,\N,\N,\N
133937,1471,3,35,\N,\N,\N,\N,42,42,2026-12-31,3.00,0.00,\N,0.00,f,2026-06-26 06:37:09,2026-06-29 08:42:30.201092,2026-06-29 08:42:30.201092,\N,\N,\N
133938,2315,3,35,\N,\N,\N,\N,42,42,2026-12-31,3.00,0.00,\N,0.00,f,2026-06-26 06:37:09,2026-06-29 08:42:30.201092,2026-06-29 08:42:30.201092,\N,\N,\N
133939,1527,3,35,\N,\N,\N,\N,42,42,2026-12-31,3.00,0.00,\N,0.00,f,2026-06-26 06:37:09,2026-06-29 08:42:30.201092,2026-06-29 08:42:30.201092,\N,\N,\N
133940,1875,3,35,\N,\N,\N,\N,42,42,2026-12-31,3.00,0.00,\N,0.00,f,2026-06-26 06:37:08,2026-06-29 08:42:30.201092,2026-06-29 08:42:30.201092,\N,\N,\N
133941,2297,3,35,\N,\N,\N,\N,42,42,2026-12-31,3.00,0.00,\N,0.00,f,2026-06-26 06:37:09,2026-06-29 08:42:30.201092,2026-06-29 08:42:30.201092,\N,\N,\N
133942,1845,3,35,\N,\N,\N,\N,42,42,2026-12-31,3.00,0.00,\N,0.00,f,2026-06-26 06:37:09,2026-06-29 08:42:30.201092,2026-06-29 08:42:30.201092,\N,\N,\N
133943,1847,3,35,\N,\N,\N,\N,42,42,2026-12-31,3.00,0.00,\N,0.00,f,2026-06-26 06:37:09,2026-06-29 08:42:30.201092,2026-06-29 08:42:30.201092,\N,\N,\N
133944,1883,3,35,\N,\N,\N,\N,42,42,2026-12-31,3.00,0.00,\N,0.00,f,2026-06-26 06:37:09,2026-06-29 08:42:30.201092,2026-06-29 08:42:30.201092,\N,\N,\N
133945,1812,3,35,\N,\N,\N,\N,42,42,2026-12-31,3.00,0.00,\N,0.00,f,2026-06-26 06:37:08,2026-06-29 08:42:30.201092,2026-06-29 08:42:30.201092,\N,\N,\N
133946,1836,3,35,\N,\N,\N,\N,42,42,2026-12-31,3.00,0.00,\N,0.00,f,2026-06-26 06:37:09,2026-06-29 08:42:30.201092,2026-06-29 08:42:30.201092,\N,\N,\N
133947,1879,3,35,\N,\N,\N,\N,42,42,2026-12-31,3.00,0.00,\N,0.00,f,2026-06-26 06:37:09,2026-06-29 08:42:30.201092,2026-06-29 08:42:30.201092,\N,\N,\N
133948,1951,3,35,\N,\N,\N,\N,42,42,2026-12-31,3.00,0.00,\N,0.00,f,2026-06-26 06:37:12,2026-06-29 08:42:30.201092,2026-06-29 08:42:30.201092,\N,\N,\N
133949,439,3,35,\N,\N,\N,\N,42,42,2026-12-31,2.00,0.00,\N,0.00,f,2026-06-26 06:37:11,2026-06-29 08:42:30.201092,2026-06-29 08:42:30.201092,\N,\N,\N
133950,440,3,35,\N,\N,\N,\N,42,42,2026-12-31,2.00,0.00,\N,0.00,f,2026-06-26 06:37:11,2026-06-29 08:42:30.201092,2026-06-29 08:42:30.201092,\N,\N,\N
133951,468,3,35,\N,\N,\N,\N,42,42,2026-12-31,2.00,0.00,\N,0.00,f,2026-06-26 06:37:11,2026-06-29 08:42:30.201092,2026-06-29 08:42:30.201092,\N,\N,\N
133952,343,3,35,\N,\N,\N,\N,42,42,2026-12-31,2.00,0.00,\N,0.00,f,2026-06-26 06:37:12,2026-06-29 08:42:30.201092,2026-06-29 08:42:30.201092,\N,\N,\N
133953,346,3,35,\N,\N,\N,\N,42,42,2026-12-31,2.00,0.00,\N,0.00,f,2026-06-26 06:37:12,2026-06-29 08:42:30.201092,2026-06-29 08:42:30.201092,\N,\N,\N
133954,347,3,35,\N,\N,\N,\N,42,42,2026-12-31,2.00,0.00,\N,0.00,f,2026-06-26 06:37:12,2026-06-29 08:42:30.201092,2026-06-29 08:42:30.201092,\N,\N,\N
133955,2385,3,35,\N,\N,\N,\N,42,42,2026-12-31,2.00,0.00,\N,0.00,f,2026-06-26 06:37:12,2026-06-29 08:42:30.201092,2026-06-29 08:42:30.201092,\N,\N,\N
133956,2392,3,35,\N,\N,\N,\N,42,42,2026-12-31,2.00,0.00,\N,0.00,f,2026-06-26 06:37:13,2026-06-29 08:42:30.201092,2026-06-29 08:42:30.201092,\N,\N,\N
133957,754,3,35,\N,\N,\N,\N,42,42,2026-12-31,2.00,0.00,\N,0.00,f,2026-06-26 06:37:09,2026-06-29 08:42:30.201092,2026-06-29 08:42:30.201092,\N,\N,\N
133958,755,3,35,\N,\N,\N,\N,42,42,2026-12-31,2.00,0.00,\N,0.00,f,2026-06-26 06:37:09,2026-06-29 08:42:30.201092,2026-06-29 08:42:30.201092,\N,\N,\N
133620,280,2,20,\N,\N,\N,\N,42,42,2026-12-31,1.00,0.00,\N,0.00,f,2026-06-26 06:37:11,2026-06-29 08:16:21.547384,2026-06-29 08:16:21.547384,\N,\N,\N
133621,281,2,20,\N,\N,\N,\N,42,42,2026-12-31,1.00,0.00,\N,0.00,f,2026-06-26 06:37:11,2026-06-29 08:16:21.547384,2026-06-29 08:16:21.547384,\N,\N,\N
133622,282,2,20,\N,\N,\N,\N,42,42,2026-12-31,1.00,0.00,\N,0.00,f,2026-06-26 06:37:11,2026-06-29 08:16:21.547384,2026-06-29 08:16:21.547384,\N,\N,\N
133623,258,2,20,\N,\N,\N,\N,42,42,2026-12-31,1.00,0.00,\N,0.00,f,2026-06-26 06:37:11,2026-06-29 08:16:21.547384,2026-06-29 08:16:21.547384,\N,\N,\N
133624,265,2,20,\N,\N,\N,\N,42,42,2026-12-31,1.00,0.00,\N,0.00,f,2026-06-26 06:37:11,2026-06-29 08:16:21.547384,2026-06-29 08:16:21.547384,\N,\N,\N
133625,272,2,20,\N,\N,\N,\N,42,42,2026-12-31,1.00,0.00,\N,0.00,f,2026-06-26 06:37:11,2026-06-29 08:16:21.547384,2026-06-29 08:16:21.547384,\N,\N,\N
133626,2464,2,20,\N,\N,\N,\N,42,42,2026-12-31,1.00,0.00,\N,0.00,f,2026-06-26 06:37:13,2026-06-29 08:16:21.547384,2026-06-29 08:16:21.547384,\N,\N,\N
133627,2386,2,20,\N,\N,\N,\N,42,42,2026-12-31,1.00,0.00,\N,0.00,f,2026-06-26 06:37:12,2026-06-29 08:16:21.547384,2026-06-29 08:16:21.547384,\N,\N,\N
133628,2389,2,20,\N,\N,\N,\N,42,42,2026-12-31,1.00,0.00,\N,0.00,f,2026-06-26 06:37:12,2026-06-29 08:16:21.547384,2026-06-29 08:16:21.547384,\N,\N,\N
131177,2462,1,5,\N,\N,\N,\N,2,38,2026-12-31,32.00,3.00,0.00,0.00,f,2026-06-26 06:37:13,2026-06-26 06:35:08.98363,2026-06-26 11:30:50.487622,\N,\N,\N
133629,358,2,20,\N,\N,\N,\N,42,42,2026-12-31,1.00,0.00,\N,0.00,f,2026-06-26 06:37:12,2026-06-29 08:16:21.547384,2026-06-29 08:16:21.547384,\N,\N,\N
133630,374,2,20,\N,\N,\N,\N,42,42,2026-12-31,1.00,0.00,\N,0.00,f,2026-06-26 06:37:12,2026-06-29 08:16:21.547384,2026-06-29 08:16:21.547384,\N,\N,\N
133631,2479,2,20,\N,\N,\N,\N,42,42,2026-12-31,1.00,0.00,\N,0.00,f,2026-06-26 06:37:13,2026-06-29 08:16:21.547384,2026-06-29 08:16:21.547384,\N,\N,\N
133632,2397,2,20,\N,\N,\N,\N,42,42,2026-12-31,1.00,0.00,\N,0.00,f,2026-06-26 06:37:12,2026-06-29 08:16:21.547384,2026-06-29 08:16:21.547384,\N,\N,\N
133633,363,2,20,\N,\N,\N,\N,42,42,2026-12-31,1.00,0.00,\N,0.00,f,2026-06-26 06:37:12,2026-06-29 08:16:21.547384,2026-06-29 08:16:21.547384,\N,\N,\N
133634,319,2,20,\N,\N,\N,\N,42,42,2026-12-31,1.00,0.00,\N,0.00,f,2026-06-26 06:37:11,2026-06-29 08:16:21.547384,2026-06-29 08:16:21.547384,\N,\N,\N
133635,320,2,20,\N,\N,\N,\N,42,42,2026-12-31,1.00,0.00,\N,0.00,f,2026-06-26 06:37:11,2026-06-29 08:16:21.547384,2026-06-29 08:16:21.547384,\N,\N,\N
133636,2473,2,20,\N,\N,\N,\N,42,42,2026-12-31,1.00,0.00,\N,0.00,f,2026-06-26 06:37:13,2026-06-29 08:16:21.547384,2026-06-29 08:16:21.547384,\N,\N,\N
133637,2475,2,20,\N,\N,\N,\N,42,42,2026-12-31,1.00,0.00,\N,0.00,f,2026-06-26 06:37:13,2026-06-29 08:16:21.547384,2026-06-29 08:16:21.547384,\N,\N,\N
133638,2377,2,20,\N,\N,\N,\N,42,42,2026-12-31,1.00,0.00,\N,0.00,f,2026-06-26 06:37:12,2026-06-29 08:16:21.547384,2026-06-29 08:16:21.547384,\N,\N,\N
133639,2378,2,20,\N,\N,\N,\N,42,42,2026-12-31,1.00,0.00,\N,0.00,f,2026-06-26 06:37:12,2026-06-29 08:16:21.547384,2026-06-29 08:16:21.547384,\N,\N,\N
133640,2380,2,20,\N,\N,\N,\N,42,42,2026-12-31,1.00,0.00,\N,0.00,f,2026-06-26 06:37:12,2026-06-29 08:16:21.547384,2026-06-29 08:16:21.547384,\N,\N,\N
133641,2382,2,20,\N,\N,\N,\N,42,42,2026-12-31,1.00,0.00,\N,0.00,f,2026-06-26 06:37:12,2026-06-29 08:16:21.547384,2026-06-29 08:16:21.547384,\N,\N,\N
133642,310,2,20,\N,\N,\N,\N,42,42,2026-12-31,1.00,0.00,\N,0.00,f,2026-06-26 06:37:11,2026-06-29 08:16:21.547384,2026-06-29 08:16:21.547384,\N,\N,\N
133643,326,2,20,\N,\N,\N,\N,42,42,2026-12-31,1.00,0.00,\N,0.00,f,2026-06-26 06:37:11,2026-06-29 08:16:21.547384,2026-06-29 08:16:21.547384,\N,\N,\N
132471,1897,1,5,\N,\N,\N,\N,2,38,2026-12-31,49.00,5.00,0.00,0.00,f,2026-06-26 07:33:14,2026-06-26 07:32:51.75853,2026-06-26 11:30:50.487622,\N,\N,\N
133644,331,2,20,\N,\N,\N,\N,42,42,2026-12-31,1.00,0.00,\N,0.00,f,2026-06-26 06:37:11,2026-06-29 08:16:21.547384,2026-06-29 08:16:21.547384,\N,\N,\N
133645,637,2,20,\N,\N,\N,\N,42,42,2026-12-31,1.00,0.00,\N,0.00,f,2026-06-26 06:37:08,2026-06-29 08:16:21.547384,2026-06-29 08:16:21.547384,\N,\N,\N
130549,1368,1,5,\N,\N,\N,\N,2,38,2026-12-31,12.00,6.00,0.00,0.00,f,2026-06-26 06:37:10,2026-06-26 06:35:08.98363,2026-06-26 11:30:50.487622,\N,\N,\N
130216,1174,1,5,\N,\N,\N,\N,2,2,2026-12-31,50.00,27.00,0.00,0.00,f,2026-06-26 06:37:08,2026-06-26 06:35:08.98363,2026-07-29 08:36:17.22345,\N,\N,\N
130411,2356,1,5,\N,\N,\N,\N,2,2,2026-12-31,13.00,13.00,0.00,0.00,f,2026-06-26 06:37:09,2026-06-26 06:35:08.98363,2026-07-29 11:36:12.03325,\N,\N,\N
133959,763,3,35,\N,\N,\N,\N,42,42,2026-12-31,2.00,0.00,\N,0.00,f,2026-06-26 06:37:10,2026-06-29 08:42:30.201092,2026-06-29 08:42:30.201092,\N,\N,\N
133960,931,3,35,\N,\N,\N,\N,42,42,2026-12-31,2.00,0.00,\N,0.00,f,2026-06-26 06:37:11,2026-06-29 08:42:30.201092,2026-06-29 08:42:30.201092,\N,\N,\N
133961,935,3,35,\N,\N,\N,\N,42,42,2026-12-31,2.00,0.00,\N,0.00,f,2026-06-26 06:37:11,2026-06-29 08:42:30.201092,2026-06-29 08:42:30.201092,\N,\N,\N
133962,1079,3,35,\N,\N,\N,\N,42,42,2026-12-31,2.00,0.00,\N,0.00,f,2026-06-26 06:37:11,2026-06-29 08:42:30.201092,2026-06-29 08:42:30.201092,\N,\N,\N
133963,1087,3,35,\N,\N,\N,\N,42,42,2026-12-31,2.00,0.00,\N,0.00,f,2026-06-26 06:37:12,2026-06-29 08:42:30.201092,2026-06-29 08:42:30.201092,\N,\N,\N
133964,2406,3,35,\N,\N,\N,\N,42,42,2026-12-31,2.00,0.00,\N,0.00,f,2026-06-26 06:37:12,2026-06-29 08:42:30.201092,2026-06-29 08:42:30.201092,\N,\N,\N
133971,1472,3,35,\N,\N,\N,\N,42,42,2026-12-31,2.00,0.00,\N,0.00,f,2026-06-26 06:37:09,2026-06-29 08:42:30.201092,2026-06-29 08:42:30.201092,\N,\N,\N
133972,1831,3,35,\N,\N,\N,\N,42,42,2026-12-31,2.00,0.00,\N,0.00,f,2026-06-26 06:37:08,2026-06-29 08:42:30.201092,2026-06-29 08:42:30.201092,\N,\N,\N
133973,1837,3,35,\N,\N,\N,\N,42,42,2026-12-31,2.00,0.00,\N,0.00,f,2026-06-26 06:37:09,2026-06-29 08:42:30.201092,2026-06-29 08:42:30.201092,\N,\N,\N
133974,1838,3,35,\N,\N,\N,\N,42,42,2026-12-31,2.00,0.00,\N,0.00,f,2026-06-26 06:37:09,2026-06-29 08:42:30.201092,2026-06-29 08:42:30.201092,\N,\N,\N
133975,2298,3,35,\N,\N,\N,\N,42,42,2026-12-31,2.00,0.00,\N,0.00,f,2026-06-26 06:37:09,2026-06-29 08:42:30.201092,2026-06-29 08:42:30.201092,\N,\N,\N
133976,2008,3,35,\N,\N,\N,\N,42,42,2026-12-31,2.00,0.00,\N,0.00,f,2026-06-26 06:37:12,2026-06-29 08:42:30.201092,2026-06-29 08:42:30.201092,\N,\N,\N
133977,2146,3,35,\N,\N,\N,\N,42,42,2026-12-31,1.00,0.00,\N,0.00,f,2026-06-26 06:37:09,2026-06-29 08:42:30.201092,2026-06-29 08:42:30.201092,\N,\N,\N
133978,2198,3,35,\N,\N,\N,\N,42,42,2026-12-31,1.00,0.00,\N,0.00,f,2026-06-26 06:37:11,2026-06-29 08:42:30.201092,2026-06-29 08:42:30.201092,\N,\N,\N
133979,2190,3,35,\N,\N,\N,\N,42,42,2026-12-31,1.00,0.00,\N,0.00,f,2026-06-26 06:37:10,2026-06-29 08:42:30.201092,2026-06-29 08:42:30.201092,\N,\N,\N
133980,443,3,35,\N,\N,\N,\N,42,42,2026-12-31,1.00,0.00,\N,0.00,f,2026-06-26 06:37:11,2026-06-29 08:42:30.201092,2026-06-29 08:42:30.201092,\N,\N,\N
133981,444,3,35,\N,\N,\N,\N,42,42,2026-12-31,1.00,0.00,\N,0.00,f,2026-06-26 06:37:11,2026-06-29 08:42:30.201092,2026-06-29 08:42:30.201092,\N,\N,\N
133982,273,3,35,\N,\N,\N,\N,42,42,2026-12-31,1.00,0.00,\N,0.00,f,2026-06-26 06:37:11,2026-06-29 08:42:30.201092,2026-06-29 08:42:30.201092,\N,\N,\N
133983,275,3,35,\N,\N,\N,\N,42,42,2026-12-31,1.00,0.00,\N,0.00,f,2026-06-26 06:37:11,2026-06-29 08:42:30.201092,2026-06-29 08:42:30.201092,\N,\N,\N
133984,350,3,35,\N,\N,\N,\N,42,42,2026-12-31,1.00,0.00,\N,0.00,f,2026-06-26 06:37:12,2026-06-29 08:42:30.201092,2026-06-29 08:42:30.201092,\N,\N,\N
133985,2459,3,35,\N,\N,\N,\N,42,42,2026-12-31,1.00,0.00,\N,0.00,f,2026-06-26 06:37:13,2026-06-29 08:42:30.201092,2026-06-29 08:42:30.201092,\N,\N,\N
133986,2460,3,35,\N,\N,\N,\N,42,42,2026-12-31,1.00,0.00,\N,0.00,f,2026-06-26 06:37:13,2026-06-29 08:42:30.201092,2026-06-29 08:42:30.201092,\N,\N,\N
133987,2465,3,35,\N,\N,\N,\N,42,42,2026-12-31,1.00,0.00,\N,0.00,f,2026-06-26 06:37:13,2026-06-29 08:42:30.201092,2026-06-29 08:42:30.201092,\N,\N,\N
133999,862,3,35,\N,\N,\N,\N,42,42,2026-12-31,1.00,0.00,\N,0.00,f,2026-06-26 06:37:11,2026-06-29 08:42:30.201092,2026-06-29 08:42:30.201092,\N,\N,\N
134000,871,3,35,\N,\N,\N,\N,42,42,2026-12-31,1.00,0.00,\N,0.00,f,2026-06-26 06:37:09,2026-06-29 08:42:30.201092,2026-06-29 08:42:30.201092,\N,\N,\N
134001,900,3,35,\N,\N,\N,\N,42,42,2026-12-31,1.00,0.00,\N,0.00,f,2026-06-26 06:37:09,2026-06-29 08:42:30.201092,2026-06-29 08:42:30.201092,\N,\N,\N
134002,866,3,35,\N,\N,\N,\N,42,42,2026-12-31,1.00,0.00,\N,0.00,f,2026-06-26 06:37:10,2026-06-29 08:42:30.201092,2026-06-29 08:42:30.201092,\N,\N,\N
134003,897,3,35,\N,\N,\N,\N,42,42,2026-12-31,1.00,0.00,\N,0.00,f,2026-06-26 06:37:10,2026-06-29 08:42:30.201092,2026-06-29 08:42:30.201092,\N,\N,\N
134004,907,3,35,\N,\N,\N,\N,42,42,2026-12-31,1.00,0.00,\N,0.00,f,2026-06-26 06:37:10,2026-06-29 08:42:30.201092,2026-06-29 08:42:30.201092,\N,\N,\N
134005,981,3,35,\N,\N,\N,\N,42,42,2026-12-31,1.00,0.00,\N,0.00,f,2026-06-26 06:37:12,2026-06-29 08:42:30.201092,2026-06-29 08:42:30.201092,\N,\N,\N
134006,1001,3,35,\N,\N,\N,\N,42,42,2026-12-31,1.00,0.00,\N,0.00,f,2026-06-26 06:37:09,2026-06-29 08:42:30.201092,2026-06-29 08:42:30.201092,\N,\N,\N
134007,1110,3,35,\N,\N,\N,\N,42,42,2026-12-31,1.00,0.00,\N,0.00,f,2026-06-26 06:37:11,2026-06-29 08:42:30.201092,2026-06-29 08:42:30.201092,\N,\N,\N
134008,1115,3,35,\N,\N,\N,\N,42,42,2026-12-31,1.00,0.00,\N,0.00,f,2026-06-26 06:37:12,2026-06-29 08:42:30.201092,2026-06-29 08:42:30.201092,\N,\N,\N
134009,2409,3,35,\N,\N,\N,\N,42,42,2026-12-31,1.00,0.00,\N,0.00,f,2026-06-26 06:37:12,2026-06-29 08:42:30.201092,2026-06-29 08:42:30.201092,\N,\N,\N
134010,1893,3,35,\N,\N,\N,\N,42,42,2026-12-31,1.00,0.00,\N,0.00,f,2026-06-26 07:33:14,2026-06-29 08:42:30.201092,2026-06-29 08:42:30.201092,\N,\N,\N
134011,1896,3,35,\N,\N,\N,\N,42,42,2026-12-31,1.00,0.00,\N,0.00,f,2026-06-26 07:33:14,2026-06-29 08:42:30.201092,2026-06-29 08:42:30.201092,\N,\N,\N
134012,1904,3,35,\N,\N,\N,\N,42,42,2026-12-31,1.00,0.00,\N,0.00,f,2026-06-26 07:33:14,2026-06-29 08:42:30.201092,2026-06-29 08:42:30.201092,\N,\N,\N
134013,1903,3,35,\N,\N,\N,\N,42,42,2026-12-31,1.00,0.00,\N,0.00,f,2026-06-26 07:33:14,2026-06-29 08:42:30.201092,2026-06-29 08:42:30.201092,\N,\N,\N
134014,1930,3,35,\N,\N,\N,\N,42,42,2026-12-31,1.00,0.00,\N,0.00,f,2026-06-26 07:33:14,2026-06-29 08:42:30.201092,2026-06-29 08:42:30.201092,\N,\N,\N
134015,1927,3,35,\N,\N,\N,\N,42,42,2026-12-31,1.00,0.00,\N,0.00,f,2026-06-26 07:33:14,2026-06-29 08:42:30.201092,2026-06-29 08:42:30.201092,\N,\N,\N
134016,1936,3,35,\N,\N,\N,\N,42,42,2026-12-31,1.00,0.00,\N,0.00,f,2026-06-26 07:33:14,2026-06-29 08:42:30.201092,2026-06-29 08:42:30.201092,\N,\N,\N
134017,1202,3,35,\N,\N,\N,\N,42,42,2026-12-31,1.00,0.00,\N,0.00,f,2026-06-26 06:37:09,2026-06-29 08:42:30.201092,2026-06-29 08:42:30.201092,\N,\N,\N
134018,1191,3,35,\N,\N,\N,\N,42,42,2026-12-31,1.00,0.00,\N,0.00,f,2026-06-26 06:37:08,2026-06-29 08:42:30.201092,2026-06-29 08:42:30.201092,\N,\N,\N
134019,1169,3,35,\N,\N,\N,\N,42,42,2026-12-31,1.00,0.00,\N,0.00,f,2026-06-26 06:37:08,2026-06-29 08:42:30.201092,2026-06-29 08:42:30.201092,\N,\N,\N
134020,1162,3,35,\N,\N,\N,\N,42,42,2026-12-31,1.00,0.00,\N,0.00,f,2026-06-26 06:37:08,2026-06-29 08:42:30.201092,2026-06-29 08:42:30.201092,\N,\N,\N
134021,1139,3,35,\N,\N,\N,\N,42,42,2026-12-31,1.00,0.00,\N,0.00,f,2026-06-26 06:37:10,2026-06-29 08:42:30.201092,2026-06-29 08:42:30.201092,\N,\N,\N
134022,1172,3,35,\N,\N,\N,\N,42,42,2026-12-31,1.00,0.00,\N,0.00,f,2026-06-26 06:37:08,2026-06-29 08:42:30.201092,2026-06-29 08:42:30.201092,\N,\N,\N
134023,1539,3,35,\N,\N,\N,\N,42,42,2026-12-31,1.00,0.00,\N,0.00,f,2026-06-26 06:37:09,2026-06-29 08:42:30.201092,2026-06-29 08:42:30.201092,\N,\N,\N
134024,1542,3,35,\N,\N,\N,\N,42,42,2026-12-31,1.00,0.00,\N,0.00,f,2026-06-26 06:37:09,2026-06-29 08:42:30.201092,2026-06-29 08:42:30.201092,\N,\N,\N
130284,996,1,5,\N,\N,\N,\N,2,2,2026-12-31,61.00,18.00,0.00,0.00,f,2026-06-26 06:37:09,2026-06-26 06:35:08.98363,2026-07-24 12:37:12.834295,\N,\N,\N
130800,325,1,5,\N,\N,\N,\N,2,2,2026-12-31,70.00,4.00,0.00,0.00,f,2026-06-26 06:37:11,2026-06-26 06:35:08.98363,2026-07-15 13:06:30.995526,\N,\N,\N
130292,998,1,5,\N,\N,\N,\N,2,42,2026-12-31,12.00,2.00,0.00,0.00,f,2026-06-26 06:37:09,2026-06-26 06:35:08.98363,2026-06-30 08:40:06.67395,\N,\N,\N
130275,2149,1,5,\N,\N,\N,\N,2,2,2026-12-31,87.00,33.00,0.00,0.00,f,2026-06-26 06:37:09,2026-06-26 06:35:08.98363,2026-07-30 04:51:29.795618,\N,\N,\N
130501,840,1,5,\N,\N,\N,\N,2,2,2026-12-31,58.00,9.00,0.00,0.00,f,2026-06-26 06:37:10,2026-06-26 06:35:08.98363,2026-08-01 05:06:22.337742,\N,\N,\N
130184,848,1,5,\N,\N,\N,\N,2,2,2026-12-31,220.00,34.00,0.00,0.00,f,2026-06-26 06:37:08,2026-06-26 06:35:08.98363,2026-08-01 12:51:25.252905,\N,\N,\N
130405,804,1,5,\N,\N,\N,\N,2,2,2026-12-31,35.00,5.00,0.00,0.00,f,2026-06-26 06:37:09,2026-06-26 06:35:08.98363,2026-07-08 12:06:41.185372,\N,\N,\N
130302,1466,1,5,\N,\N,\N,\N,2,2,2026-12-31,75.00,40.00,0.00,0.00,f,2026-06-26 06:37:09,2026-06-26 06:35:08.98363,2026-08-02 09:51:11.626385,\N,\N,\N
130279,2153,1,5,\N,\N,\N,\N,2,2,2026-12-31,135.00,47.00,0.00,0.00,f,2026-06-26 06:37:09,2026-06-26 06:35:08.98363,2026-08-02 19:06:09.457212,\N,\N,\N
130317,1501,1,5,\N,\N,\N,\N,2,2,2026-12-31,26.00,26.00,0.00,0.00,f,2026-06-26 06:37:09,2026-06-26 06:35:08.98363,2026-07-26 18:21:07.886085,\N,\N,\N
130290,1006,1,5,\N,\N,\N,\N,2,2,2026-12-31,7.00,7.00,0.00,0.00,f,2026-06-26 06:37:09,2026-06-26 06:35:08.98363,2026-07-27 00:06:59.528121,\N,\N,\N
130283,999,1,5,\N,\N,\N,\N,2,2,2026-12-31,111.00,13.00,0.00,0.00,f,2026-06-26 06:37:09,2026-06-26 06:35:08.98363,2026-07-21 18:06:47.431756,\N,\N,\N
130273,2147,1,5,\N,\N,\N,\N,2,2,2026-12-31,14.00,7.00,0.00,0.00,f,2026-06-26 06:37:09,2026-06-26 06:35:08.98363,2026-07-27 02:21:33.630456,\N,\N,\N
130289,1003,1,5,\N,\N,\N,\N,2,2,2026-12-31,11.00,11.00,0.00,0.00,f,2026-06-26 06:37:09,2026-06-26 06:35:08.98363,2026-07-28 08:21:25.836025,\N,\N,\N
130294,1007,1,5,\N,\N,\N,\N,2,2,2026-12-31,11.00,11.00,0.00,0.00,f,2026-06-26 06:37:09,2026-06-26 06:35:08.98363,2026-07-28 16:21:59.456654,\N,\N,\N
130737,267,1,5,\N,\N,\N,\N,2,2,2026-12-31,24.00,3.00,0.00,0.00,f,2026-06-26 06:37:11,2026-06-26 06:35:08.98363,2026-07-07 04:06:41.080403,\N,\N,\N
130406,805,1,5,\N,\N,\N,\N,2,2,2026-12-31,62.00,5.00,0.00,0.00,f,2026-06-26 06:37:09,2026-06-26 06:35:08.98363,2026-07-23 13:06:41.362955,\N,\N,\N
130052,1632,1,5,\N,\N,\N,\N,2,2,2026-12-31,48.00,2.00,0.00,0.00,f,2026-06-26 06:37:08,2026-06-26 06:35:08.98363,2026-07-15 04:36:20.058366,\N,\N,\N
132431,5748,1,5,\N,\N,\N,\N,2,42,2026-12-31,1.00,0.00,0.00,0.00,f,2026-06-26 07:33:14,2026-06-26 07:32:51.75853,2026-06-29 08:15:27.760212,\N,\N,\N
132436,5754,1,5,\N,\N,\N,\N,2,42,2026-12-31,1.00,0.00,0.00,0.00,f,2026-06-26 07:33:14,2026-06-26 07:32:51.75853,2026-06-29 08:15:27.760212,\N,\N,\N
132437,5752,1,5,\N,\N,\N,\N,2,42,2026-12-31,3.00,0.00,0.00,0.00,f,2026-06-26 07:33:14,2026-06-26 07:32:51.75853,2026-06-29 08:15:27.760212,\N,\N,\N
132438,5751,1,5,\N,\N,\N,\N,2,42,2026-12-31,4.00,0.00,0.00,0.00,f,2026-06-26 07:33:14,2026-06-26 07:32:51.75853,2026-06-29 08:15:27.760212,\N,\N,\N
132428,5759,1,5,\N,\N,\N,\N,2,42,2026-12-31,1.00,0.00,0.00,0.00,f,2026-06-26 07:33:14,2026-06-26 07:32:51.75853,2026-06-29 08:15:27.760212,\N,\N,\N
132430,5749,1,5,\N,\N,\N,\N,2,42,2026-12-31,3.00,0.00,0.00,0.00,f,2026-06-26 07:33:14,2026-06-26 07:32:51.75853,2026-06-29 08:15:27.760212,\N,\N,\N
132441,5758,1,5,\N,\N,\N,\N,2,42,2026-12-31,1.00,0.00,0.00,0.00,f,2026-06-26 07:33:14,2026-06-26 07:32:51.75853,2026-06-29 08:15:27.760212,\N,\N,\N
134714,2388,7,59,\N,\N,\N,\N,42,42,2026-12-31,3.00,0.00,\N,0.00,f,2026-06-26 06:37:12,2026-06-30 08:43:48.477258,2026-06-30 08:43:48.477258,\N,\N,\N
134716,329,7,59,\N,\N,\N,\N,42,42,2026-12-31,3.00,0.00,\N,0.00,f,2026-06-26 06:37:11,2026-06-30 08:43:48.477258,2026-06-30 08:43:48.477258,\N,\N,\N
134717,807,7,59,\N,\N,\N,\N,42,42,2026-12-31,3.00,0.00,\N,0.00,f,2026-06-26 06:37:08,2026-06-30 08:43:48.477258,2026-06-30 08:43:48.477258,\N,\N,\N
134719,810,7,59,\N,\N,\N,\N,42,42,2026-12-31,3.00,0.00,\N,0.00,f,2026-06-26 06:37:08,2026-06-30 08:43:48.477258,2026-06-30 08:43:48.477258,\N,\N,\N
134721,811,7,59,\N,\N,\N,\N,42,42,2026-12-31,3.00,0.00,\N,0.00,f,2026-06-26 06:37:08,2026-06-30 08:43:48.477258,2026-06-30 08:43:48.477258,\N,\N,\N
134723,812,7,59,\N,\N,\N,\N,42,42,2026-12-31,3.00,0.00,\N,0.00,f,2026-06-26 06:37:08,2026-06-30 08:43:48.477258,2026-06-30 08:43:48.477258,\N,\N,\N
134725,773,7,59,\N,\N,\N,\N,42,42,2026-12-31,3.00,0.00,\N,0.00,f,2026-06-26 06:37:10,2026-06-30 08:43:48.477258,2026-06-30 08:43:48.477258,\N,\N,\N
134727,775,7,59,\N,\N,\N,\N,42,42,2026-12-31,3.00,0.00,\N,0.00,f,2026-06-26 06:37:08,2026-06-30 08:43:48.477258,2026-06-30 08:43:48.477258,\N,\N,\N
134729,779,7,59,\N,\N,\N,\N,42,42,2026-12-31,3.00,0.00,\N,0.00,f,2026-06-26 06:37:08,2026-06-30 08:43:48.477258,2026-06-30 08:43:48.477258,\N,\N,\N
134731,780,7,59,\N,\N,\N,\N,42,42,2026-12-31,3.00,0.00,\N,0.00,f,2026-06-26 06:37:08,2026-06-30 08:43:48.477258,2026-06-30 08:43:48.477258,\N,\N,\N
134733,847,7,59,\N,\N,\N,\N,42,42,2026-12-31,3.00,0.00,\N,0.00,f,2026-06-26 06:37:08,2026-06-30 08:43:48.477258,2026-06-30 08:43:48.477258,\N,\N,\N
130807,332,1,5,\N,\N,\N,\N,2,42,2026-12-31,76.00,4.00,0.00,0.00,f,2026-06-26 06:37:11,2026-06-26 06:35:08.98363,2026-06-30 08:40:06.67395,\N,\N,\N
130404,803,1,5,\N,\N,\N,\N,2,42,2026-12-31,28.00,2.00,0.00,0.00,f,2026-06-26 06:37:09,2026-06-26 06:35:08.98363,2026-06-30 08:40:06.67395,\N,\N,\N
134735,828,7,59,\N,\N,\N,\N,42,42,2026-12-31,3.00,0.00,\N,0.00,f,2026-06-26 06:37:08,2026-06-30 08:43:48.477258,2026-06-30 08:43:48.477258,\N,\N,\N
134737,848,7,59,\N,\N,\N,\N,42,42,2026-12-31,3.00,0.00,\N,0.00,f,2026-06-26 06:37:08,2026-06-30 08:43:48.477258,2026-06-30 08:43:48.477258,\N,\N,\N
134738,935,7,59,\N,\N,\N,\N,42,42,2026-12-31,3.00,0.00,\N,0.00,f,2026-06-26 06:37:11,2026-06-30 08:43:48.477258,2026-06-30 08:43:48.477258,\N,\N,\N
134740,1000,7,59,\N,\N,\N,\N,42,42,2026-12-31,3.00,0.00,\N,0.00,f,2026-06-26 06:37:09,2026-06-30 08:43:48.477258,2026-06-30 08:43:48.477258,\N,\N,\N
134742,999,7,59,\N,\N,\N,\N,42,42,2026-12-31,3.00,0.00,\N,0.00,f,2026-06-26 06:37:09,2026-06-30 08:43:48.477258,2026-06-30 08:43:48.477258,\N,\N,\N
131099,375,1,5,\N,\N,\N,\N,2,42,2026-12-31,5.00,0.00,0.00,0.00,f,2026-06-26 06:37:12,2026-06-26 06:35:08.98363,2026-06-29 08:15:27.760212,\N,\N,\N
131100,376,1,5,\N,\N,\N,\N,2,42,2026-12-31,32.00,0.00,0.00,0.00,f,2026-06-26 06:37:12,2026-06-26 06:35:08.98363,2026-06-29 08:15:27.760212,\N,\N,\N
131101,377,1,5,\N,\N,\N,\N,2,42,2026-12-31,4.00,0.00,0.00,0.00,f,2026-06-26 06:37:12,2026-06-26 06:35:08.98363,2026-06-29 08:15:27.760212,\N,\N,\N
131102,378,1,5,\N,\N,\N,\N,2,42,2026-12-31,3.00,0.00,0.00,0.00,f,2026-06-26 06:37:12,2026-06-26 06:35:08.98363,2026-06-29 08:15:27.760212,\N,\N,\N
131165,2477,1,5,\N,\N,\N,\N,2,42,2026-12-31,7.00,0.00,0.00,0.00,f,2026-06-26 06:37:13,2026-06-26 06:35:08.98363,2026-06-29 08:15:27.760212,\N,\N,\N
131166,2478,1,5,\N,\N,\N,\N,2,42,2026-12-31,5.00,0.00,0.00,0.00,f,2026-06-26 06:37:13,2026-06-26 06:35:08.98363,2026-06-29 08:15:27.760212,\N,\N,\N
131168,2480,1,5,\N,\N,\N,\N,2,42,2026-12-31,35.00,0.00,0.00,0.00,f,2026-06-26 06:37:13,2026-06-26 06:35:08.98363,2026-06-29 08:15:27.760212,\N,\N,\N
131169,2481,1,5,\N,\N,\N,\N,2,42,2026-12-31,37.00,0.00,0.00,0.00,f,2026-06-26 06:37:13,2026-06-26 06:35:08.98363,2026-06-29 08:15:27.760212,\N,\N,\N
134744,1080,7,59,\N,\N,\N,\N,42,42,2026-12-31,3.00,0.00,\N,0.00,f,2026-06-26 06:37:11,2026-06-30 08:43:48.477258,2026-06-30 08:43:48.477258,\N,\N,\N
131178,2463,1,5,\N,\N,\N,\N,2,42,2026-12-31,10.00,1.00,0.00,0.00,f,2026-06-26 06:37:13,2026-06-26 06:35:08.98363,2026-06-29 08:15:27.760212,\N,\N,\N
134746,2407,7,59,\N,\N,\N,\N,42,42,2026-12-31,3.00,0.00,\N,0.00,f,2026-06-26 06:37:12,2026-06-30 08:43:48.477258,2026-06-30 08:43:48.477258,\N,\N,\N
134748,1191,7,59,\N,\N,\N,\N,42,42,2026-12-31,3.00,0.00,\N,0.00,f,2026-06-26 06:37:08,2026-06-30 08:43:48.477258,2026-06-30 08:43:48.477258,\N,\N,\N
134750,1169,7,59,\N,\N,\N,\N,42,42,2026-12-31,3.00,0.00,\N,0.00,f,2026-06-26 06:37:08,2026-06-30 08:43:48.477258,2026-06-30 08:43:48.477258,\N,\N,\N
134751,1146,7,59,\N,\N,\N,\N,42,42,2026-12-31,3.00,0.00,\N,0.00,f,2026-06-26 06:37:10,2026-06-30 08:43:48.477258,2026-06-30 08:43:48.477258,\N,\N,\N
134753,1494,7,59,\N,\N,\N,\N,42,42,2026-12-31,3.00,0.00,\N,0.00,f,2026-06-26 06:37:09,2026-06-30 08:43:48.477258,2026-06-30 08:43:48.477258,\N,\N,\N
130808,333,1,5,\N,\N,\N,\N,2,42,2026-12-31,78.00,4.00,0.00,0.00,f,2026-06-26 06:37:11,2026-06-26 06:35:08.98363,2026-06-29 08:15:27.760212,\N,\N,\N
134755,1465,7,59,\N,\N,\N,\N,42,42,2026-12-31,3.00,0.00,\N,0.00,f,2026-06-26 06:37:09,2026-06-30 08:43:48.477258,2026-06-30 08:43:48.477258,\N,\N,\N
134757,1524,7,59,\N,\N,\N,\N,42,42,2026-12-31,3.00,0.00,\N,0.00,f,2026-06-26 06:37:09,2026-06-30 08:43:48.477258,2026-06-30 08:43:48.477258,\N,\N,\N
134759,1525,7,59,\N,\N,\N,\N,42,42,2026-12-31,3.00,0.00,\N,0.00,f,2026-06-26 06:37:09,2026-06-30 08:43:48.477258,2026-06-30 08:43:48.477258,\N,\N,\N
130894,313,1,5,\N,\N,\N,\N,2,42,2026-12-31,53.00,2.00,0.00,0.00,f,2026-06-26 06:37:11,2026-06-26 06:35:08.98363,2026-06-29 08:15:27.760212,\N,\N,\N
130827,462,1,5,\N,\N,\N,\N,2,42,2026-12-31,6.00,2.00,0.00,0.00,f,2026-06-26 06:37:11,2026-06-26 06:35:08.98363,2026-06-29 08:15:27.760212,\N,\N,\N
134761,1834,7,59,\N,\N,\N,\N,42,42,2026-12-31,3.00,0.00,\N,0.00,f,2026-06-26 06:37:08,2026-06-30 08:43:48.477258,2026-06-30 08:43:48.477258,\N,\N,\N
134763,2294,7,59,\N,\N,\N,\N,42,42,2026-12-31,3.00,0.00,\N,0.00,f,2026-06-26 06:37:08,2026-06-30 08:43:48.477258,2026-06-30 08:43:48.477258,\N,\N,\N
134766,1840,7,59,\N,\N,\N,\N,42,42,2026-12-31,3.00,0.00,\N,0.00,f,2026-06-26 06:37:09,2026-06-30 08:43:48.477258,2026-06-30 08:43:48.477258,\N,\N,\N
134768,1841,7,59,\N,\N,\N,\N,42,42,2026-12-31,3.00,0.00,\N,0.00,f,2026-06-26 06:37:09,2026-06-30 08:43:48.477258,2026-06-30 08:43:48.477258,\N,\N,\N
134770,2009,7,59,\N,\N,\N,\N,42,42,2026-12-31,3.00,0.00,\N,0.00,f,2026-06-26 06:37:12,2026-06-30 08:43:48.477258,2026-06-30 08:43:48.477258,\N,\N,\N
134771,438,7,59,\N,\N,\N,\N,42,42,2026-12-31,2.00,0.00,\N,0.00,f,2026-06-26 06:37:11,2026-06-30 08:43:48.477258,2026-06-30 08:43:48.477258,\N,\N,\N
134773,440,7,59,\N,\N,\N,\N,42,42,2026-12-31,2.00,0.00,\N,0.00,f,2026-06-26 06:37:11,2026-06-30 08:43:48.477258,2026-06-30 08:43:48.477258,\N,\N,\N
134775,441,7,59,\N,\N,\N,\N,42,42,2026-12-31,2.00,0.00,\N,0.00,f,2026-06-26 06:37:11,2026-06-30 08:43:48.477258,2026-06-30 08:43:48.477258,\N,\N,\N
134777,2231,7,59,\N,\N,\N,\N,42,42,2026-12-31,1.00,0.00,\N,0.00,f,2026-06-26 06:37:12,2026-06-30 08:43:48.477258,2026-06-30 08:43:48.477258,\N,\N,\N
134779,2236,7,59,\N,\N,\N,\N,42,42,2026-12-31,2.00,0.00,\N,0.00,f,2026-06-26 06:37:12,2026-06-30 08:43:48.477258,2026-06-30 08:43:48.477258,\N,\N,\N
134780,2261,7,59,\N,\N,\N,\N,42,42,2026-12-31,2.00,0.00,\N,0.00,f,2026-06-26 06:37:12,2026-06-30 08:43:48.477258,2026-06-30 08:43:48.477258,\N,\N,\N
134782,278,7,59,\N,\N,\N,\N,42,42,2026-12-31,2.00,0.00,\N,0.00,f,2026-06-26 06:37:11,2026-06-30 08:43:48.477258,2026-06-30 08:43:48.477258,\N,\N,\N
134784,282,7,59,\N,\N,\N,\N,42,42,2026-12-31,2.00,0.00,\N,0.00,f,2026-06-26 06:37:11,2026-06-30 08:43:48.477258,2026-06-30 08:43:48.477258,\N,\N,\N
134786,259,7,59,\N,\N,\N,\N,42,42,2026-12-31,2.00,0.00,\N,0.00,f,2026-06-26 06:37:11,2026-06-30 08:43:48.477258,2026-06-30 08:43:48.477258,\N,\N,\N
134788,343,7,59,\N,\N,\N,\N,42,42,2026-12-31,2.00,0.00,\N,0.00,f,2026-06-26 06:37:12,2026-06-30 08:43:48.477258,2026-06-30 08:43:48.477258,\N,\N,\N
134790,345,7,59,\N,\N,\N,\N,42,42,2026-12-31,2.00,0.00,\N,0.00,f,2026-06-26 06:37:12,2026-06-30 08:43:48.477258,2026-06-30 08:43:48.477258,\N,\N,\N
134792,341,7,59,\N,\N,\N,\N,42,42,2026-12-31,2.00,0.00,\N,0.00,f,2026-06-26 06:37:12,2026-06-30 08:43:48.477258,2026-06-30 08:43:48.477258,\N,\N,\N
134793,325,7,59,\N,\N,\N,\N,42,42,2026-12-31,2.00,0.00,\N,0.00,f,2026-06-26 06:37:11,2026-06-30 08:43:48.477258,2026-06-30 08:43:48.477258,\N,\N,\N
134795,328,7,59,\N,\N,\N,\N,42,42,2026-12-31,2.00,0.00,\N,0.00,f,2026-06-26 06:37:11,2026-06-30 08:43:48.477258,2026-06-30 08:43:48.477258,\N,\N,\N
134797,843,7,59,\N,\N,\N,\N,42,42,2026-12-31,2.00,0.00,\N,0.00,f,2026-06-26 06:37:09,2026-06-30 08:43:48.477258,2026-06-30 08:43:48.477258,\N,\N,\N
134799,844,7,59,\N,\N,\N,\N,42,42,2026-12-31,2.00,0.00,\N,0.00,f,2026-06-26 06:37:10,2026-06-30 08:43:48.477258,2026-06-30 08:43:48.477258,\N,\N,\N
130395,834,1,5,\N,\N,\N,\N,2,42,2026-12-31,3.00,2.00,0.00,0.00,f,2026-06-26 06:37:09,2026-06-26 06:35:08.98363,2026-06-29 08:15:27.760212,\N,\N,\N
134802,808,7,59,\N,\N,\N,\N,42,42,2026-12-31,2.00,0.00,\N,0.00,f,2026-06-26 06:37:08,2026-06-30 08:43:48.477258,2026-06-30 08:43:48.477258,\N,\N,\N
134803,809,7,59,\N,\N,\N,\N,42,42,2026-12-31,2.00,0.00,\N,0.00,f,2026-06-26 06:37:08,2026-06-30 08:43:48.477258,2026-06-30 08:43:48.477258,\N,\N,\N
130884,321,1,5,\N,\N,\N,\N,2,42,2026-12-31,2.00,0.00,0.00,0.00,f,2026-06-26 06:37:11,2026-06-26 06:35:08.98363,2026-06-29 08:15:27.760212,\N,\N,\N
130886,323,1,5,\N,\N,\N,\N,2,42,2026-12-31,4.00,0.00,0.00,0.00,f,2026-06-26 06:37:11,2026-06-26 06:35:08.98363,2026-06-29 08:15:27.760212,\N,\N,\N
130887,324,1,5,\N,\N,\N,\N,2,42,2026-12-31,4.00,0.00,0.00,0.00,f,2026-06-26 06:37:11,2026-06-26 06:35:08.98363,2026-06-29 08:15:27.760212,\N,\N,\N
130892,311,1,5,\N,\N,\N,\N,2,42,2026-12-31,61.00,0.00,0.00,0.00,f,2026-06-26 06:37:11,2026-06-26 06:35:08.98363,2026-06-29 08:15:27.760212,\N,\N,\N
130893,312,1,5,\N,\N,\N,\N,2,42,2026-12-31,45.00,0.00,0.00,0.00,f,2026-06-26 06:37:11,2026-06-26 06:35:08.98363,2026-06-29 08:15:27.760212,\N,\N,\N
130927,1048,1,5,\N,\N,\N,\N,2,42,2026-12-31,13.00,0.00,0.00,0.00,f,2026-06-26 06:37:11,2026-06-26 06:35:08.98363,2026-06-29 08:15:27.760212,\N,\N,\N
131104,967,1,5,\N,\N,\N,\N,2,42,2026-12-31,7.00,0.00,0.00,0.00,f,2026-06-26 06:37:12,2026-06-26 06:35:08.98363,2026-06-29 08:15:27.760212,\N,\N,\N
134805,813,7,59,\N,\N,\N,\N,42,42,2026-12-31,2.00,0.00,\N,0.00,f,2026-06-26 06:37:08,2026-06-30 08:43:48.477258,2026-06-30 08:43:48.477258,\N,\N,\N
134807,846,7,59,\N,\N,\N,\N,42,42,2026-12-31,2.00,0.00,\N,0.00,f,2026-06-26 06:37:08,2026-06-30 08:43:48.477258,2026-06-30 08:43:48.477258,\N,\N,\N
131121,982,1,5,\N,\N,\N,\N,2,42,2026-12-31,26.00,0.00,0.00,0.00,f,2026-06-26 06:37:12,2026-06-26 06:35:08.98363,2026-06-29 08:15:27.760212,\N,\N,\N
131142,2395,1,5,\N,\N,\N,\N,2,42,2026-12-31,55.00,0.00,0.00,0.00,f,2026-06-26 06:37:12,2026-06-26 06:35:08.98363,2026-06-29 08:15:27.760212,\N,\N,\N
131143,2396,1,5,\N,\N,\N,\N,2,42,2026-12-31,4.00,0.00,0.00,0.00,f,2026-06-26 06:37:12,2026-06-26 06:35:08.98363,2026-06-29 08:15:27.760212,\N,\N,\N
131145,2398,1,5,\N,\N,\N,\N,2,42,2026-12-31,2.00,0.00,0.00,0.00,f,2026-06-26 06:37:12,2026-06-26 06:35:08.98363,2026-06-29 08:15:27.760212,\N,\N,\N
131147,2400,1,5,\N,\N,\N,\N,2,42,2026-12-31,4.00,0.00,0.00,0.00,f,2026-06-26 06:37:12,2026-06-26 06:35:08.98363,2026-06-29 08:15:27.760212,\N,\N,\N
131156,2468,1,5,\N,\N,\N,\N,2,42,2026-12-31,73.00,0.00,0.00,0.00,f,2026-06-26 06:37:13,2026-06-26 06:35:08.98363,2026-06-29 08:15:27.760212,\N,\N,\N
131157,2469,1,5,\N,\N,\N,\N,2,42,2026-12-31,147.00,0.00,0.00,0.00,f,2026-06-26 06:37:13,2026-06-26 06:35:08.98363,2026-06-29 08:15:27.760212,\N,\N,\N
131158,2470,1,5,\N,\N,\N,\N,2,42,2026-12-31,238.00,0.00,0.00,0.00,f,2026-06-26 06:37:13,2026-06-26 06:35:08.98363,2026-06-29 08:15:27.760212,\N,\N,\N
131159,2471,1,5,\N,\N,\N,\N,2,42,2026-12-31,172.00,0.00,0.00,0.00,f,2026-06-26 06:37:13,2026-06-26 06:35:08.98363,2026-06-29 08:15:27.760212,\N,\N,\N
131162,2474,1,5,\N,\N,\N,\N,2,42,2026-12-31,252.00,0.00,0.00,0.00,f,2026-06-26 06:37:13,2026-06-26 06:35:08.98363,2026-06-29 08:15:27.760212,\N,\N,\N
131164,2476,1,5,\N,\N,\N,\N,2,42,2026-12-31,1.00,0.00,0.00,0.00,f,2026-06-26 06:37:13,2026-06-26 06:35:08.98363,2026-06-29 08:15:27.760212,\N,\N,\N
131170,2482,1,5,\N,\N,\N,\N,2,42,2026-12-31,45.00,0.00,0.00,0.00,f,2026-06-26 06:37:13,2026-06-26 06:35:08.98363,2026-06-29 08:15:27.760212,\N,\N,\N
131171,2483,1,5,\N,\N,\N,\N,2,42,2026-12-31,29.00,0.00,0.00,0.00,f,2026-06-26 06:37:13,2026-06-26 06:35:08.98363,2026-06-29 08:15:27.760212,\N,\N,\N
131173,2485,1,5,\N,\N,\N,\N,2,42,2026-12-31,6.00,0.00,0.00,0.00,f,2026-06-26 06:37:13,2026-06-26 06:35:08.98363,2026-06-29 08:15:27.760212,\N,\N,\N
134809,805,7,59,\N,\N,\N,\N,42,42,2026-12-31,2.00,0.00,\N,0.00,f,2026-06-26 06:37:09,2026-06-30 08:43:48.477258,2026-06-30 08:43:48.477258,\N,\N,\N
134811,845,7,59,\N,\N,\N,\N,42,42,2026-12-31,2.00,0.00,\N,0.00,f,2026-06-26 06:37:09,2026-06-30 08:43:48.477258,2026-06-30 08:43:48.477258,\N,\N,\N
134813,806,7,59,\N,\N,\N,\N,42,42,2026-12-31,2.00,0.00,\N,0.00,f,2026-06-26 06:37:09,2026-06-30 08:43:48.477258,2026-06-30 08:43:48.477258,\N,\N,\N
130880,317,1,5,\N,\N,\N,\N,2,2,2026-12-31,217.00,1.00,0.00,0.00,f,2026-06-26 06:37:11,2026-06-26 06:35:08.98363,2026-07-11 04:06:07.959675,\N,\N,\N
131122,977,1,5,\N,\N,\N,\N,2,42,2026-12-31,9.00,1.00,0.00,0.00,f,2026-06-26 06:37:12,2026-06-26 06:35:08.98363,2026-06-29 08:15:27.760212,\N,\N,\N
131125,980,1,5,\N,\N,\N,\N,2,42,2026-12-31,5.00,1.00,0.00,0.00,f,2026-06-26 06:37:12,2026-06-26 06:35:08.98363,2026-06-29 08:15:27.760212,\N,\N,\N
134816,757,7,59,\N,\N,\N,\N,42,42,2026-12-31,2.00,0.00,\N,0.00,f,2026-06-26 06:37:09,2026-06-30 08:43:48.477258,2026-06-30 08:43:48.477258,\N,\N,\N
134818,776,7,59,\N,\N,\N,\N,42,42,2026-12-31,2.00,0.00,\N,0.00,f,2026-06-26 06:37:08,2026-06-30 08:43:48.477258,2026-06-30 08:43:48.477258,\N,\N,\N
134820,777,7,59,\N,\N,\N,\N,42,42,2026-12-31,2.00,0.00,\N,0.00,f,2026-06-26 06:37:08,2026-06-30 08:43:48.477258,2026-06-30 08:43:48.477258,\N,\N,\N
130685,1140,1,5,\N,\N,\N,\N,2,42,2026-12-31,5.00,1.00,0.00,0.00,f,2026-06-26 06:37:10,2026-06-26 06:35:08.98363,2026-06-29 08:15:27.760212,\N,\N,\N
134822,842,7,59,\N,\N,\N,\N,42,42,2026-12-31,2.00,0.00,\N,0.00,f,2026-06-26 06:37:08,2026-06-30 08:43:48.477258,2026-06-30 08:43:48.477258,\N,\N,\N
134824,820,7,59,\N,\N,\N,\N,42,42,2026-12-31,2.00,0.00,\N,0.00,f,2026-06-26 06:37:08,2026-06-30 08:43:48.477258,2026-06-30 08:43:48.477258,\N,\N,\N
134826,821,7,59,\N,\N,\N,\N,42,42,2026-12-31,2.00,0.00,\N,0.00,f,2026-06-26 06:37:08,2026-06-30 08:43:48.477258,2026-06-30 08:43:48.477258,\N,\N,\N
134828,763,7,59,\N,\N,\N,\N,42,42,2026-12-31,2.00,0.00,\N,0.00,f,2026-06-26 06:37:10,2026-06-30 08:43:48.477258,2026-06-30 08:43:48.477258,\N,\N,\N
130455,1854,1,5,\N,\N,\N,\N,2,2,2026-12-31,5.00,2.00,0.00,0.00,f,2026-06-26 06:37:09,2026-06-26 06:35:08.98363,2026-07-25 18:06:27.622014,\N,\N,\N
130306,1470,1,5,\N,\N,\N,\N,2,2,2026-12-31,19.00,19.00,0.00,0.00,f,2026-06-26 06:37:09,2026-06-26 06:35:08.98363,2026-06-30 05:07:06.949041,\N,\N,\N
134830,765,7,59,\N,\N,\N,\N,42,42,2026-12-31,2.00,0.00,\N,0.00,f,2026-06-26 06:37:10,2026-06-30 08:43:48.477258,2026-06-30 08:43:48.477258,\N,\N,\N
134832,827,7,59,\N,\N,\N,\N,42,42,2026-12-31,2.00,0.00,\N,0.00,f,2026-06-26 06:37:08,2026-06-30 08:43:48.477258,2026-06-30 08:43:48.477258,\N,\N,\N
134834,829,7,59,\N,\N,\N,\N,42,42,2026-12-31,2.00,0.00,\N,0.00,f,2026-06-26 06:37:08,2026-06-30 08:43:48.477258,2026-06-30 08:43:48.477258,\N,\N,\N
134836,928,7,59,\N,\N,\N,\N,42,42,2026-12-31,2.00,0.00,\N,0.00,f,2026-06-26 06:37:11,2026-06-30 08:43:48.477258,2026-06-30 08:43:48.477258,\N,\N,\N
134838,1007,7,59,\N,\N,\N,\N,42,42,2026-12-31,2.00,0.00,\N,0.00,f,2026-06-26 06:37:09,2026-06-30 08:43:48.477258,2026-06-30 08:43:48.477258,\N,\N,\N
134840,998,7,59,\N,\N,\N,\N,42,42,2026-12-31,2.00,0.00,\N,0.00,f,2026-06-26 06:37:09,2026-06-30 08:43:48.477258,2026-06-30 08:43:48.477258,\N,\N,\N
134842,996,7,59,\N,\N,\N,\N,42,42,2026-12-31,2.00,0.00,\N,0.00,f,2026-06-26 06:37:09,2026-06-30 08:43:48.477258,2026-06-30 08:43:48.477258,\N,\N,\N
134844,1084,7,59,\N,\N,\N,\N,42,42,2026-12-31,2.00,0.00,\N,0.00,f,2026-06-26 07:33:14,2026-06-30 08:43:48.477258,2026-06-30 08:43:48.477258,\N,\N,\N
134846,1085,7,59,\N,\N,\N,\N,42,42,2026-12-31,2.00,0.00,\N,0.00,f,2026-06-26 07:33:14,2026-06-30 08:43:48.477258,2026-06-30 08:43:48.477258,\N,\N,\N
130102,1603,1,5,\N,\N,\N,\N,2,42,2026-12-31,3.00,0.00,0.00,0.00,f,2026-06-26 06:37:08,2026-06-26 06:35:08.98363,2026-06-29 08:15:27.760212,\N,\N,\N
130123,639,1,5,\N,\N,\N,\N,2,42,2026-12-31,17.00,0.00,0.00,0.00,f,2026-06-26 06:37:08,2026-06-26 06:35:08.98363,2026-06-29 08:15:27.760212,\N,\N,\N
130145,1552,1,5,\N,\N,\N,\N,2,42,2026-12-31,1.00,0.00,0.00,0.00,f,2026-06-26 06:37:08,2026-06-26 06:35:08.98363,2026-06-29 08:15:27.760212,\N,\N,\N
134848,2403,7,59,\N,\N,\N,\N,42,42,2026-12-31,2.00,0.00,\N,0.00,f,2026-06-26 06:37:12,2026-06-30 08:43:48.477258,2026-06-30 08:43:48.477258,\N,\N,\N
134851,2404,7,59,\N,\N,\N,\N,42,42,2026-12-31,2.00,0.00,\N,0.00,f,2026-06-26 06:37:12,2026-06-30 08:43:48.477258,2026-06-30 08:43:48.477258,\N,\N,\N
134854,2405,7,59,\N,\N,\N,\N,42,42,2026-12-31,2.00,0.00,\N,0.00,f,2026-06-26 06:37:12,2026-06-30 08:43:48.477258,2026-06-30 08:43:48.477258,\N,\N,\N
134856,2358,7,59,\N,\N,\N,\N,42,42,2026-12-31,2.00,0.00,\N,0.00,f,2026-06-26 06:37:09,2026-06-30 08:43:48.477258,2026-06-30 08:43:48.477258,\N,\N,\N
130399,849,1,5,\N,\N,\N,\N,2,42,2026-12-31,5.00,0.00,0.00,0.00,f,2026-06-26 06:37:09,2026-06-26 06:35:08.98363,2026-06-29 08:15:27.760212,\N,\N,\N
134859,1894,7,59,\N,\N,\N,\N,42,42,2026-12-31,2.00,0.00,\N,0.00,f,2026-06-26 07:33:14,2026-06-30 08:43:48.477258,2026-06-30 08:43:48.477258,\N,\N,\N
134862,1160,7,59,\N,\N,\N,\N,42,42,2026-12-31,2.00,0.00,\N,0.00,f,2026-06-26 06:37:08,2026-06-30 08:43:48.477258,2026-06-30 08:43:48.477258,\N,\N,\N
134865,1161,7,59,\N,\N,\N,\N,42,42,2026-12-31,2.00,0.00,\N,0.00,f,2026-06-26 06:37:08,2026-06-30 08:43:48.477258,2026-06-30 08:43:48.477258,\N,\N,\N
130872,863,1,5,\N,\N,\N,\N,2,42,2026-12-31,2.00,0.00,0.00,0.00,f,2026-06-26 06:37:11,2026-06-26 06:35:08.98363,2026-06-29 08:15:27.760212,\N,\N,\N
130891,310,1,5,\N,\N,\N,\N,2,42,2026-12-31,40.00,0.00,0.00,0.00,f,2026-06-26 06:37:11,2026-06-26 06:35:08.98363,2026-06-29 08:15:27.760212,\N,\N,\N
130934,2206,1,5,\N,\N,\N,\N,2,42,2026-12-31,2.00,0.00,0.00,0.00,f,2026-06-26 06:37:12,2026-06-26 06:35:08.98363,2026-06-29 08:15:27.760212,\N,\N,\N
130943,2217,1,5,\N,\N,\N,\N,2,42,2026-12-31,6.00,1.00,0.00,0.00,f,2026-06-26 06:37:12,2026-06-26 06:35:08.98363,2026-06-29 08:15:27.760212,\N,\N,\N
131098,374,1,5,\N,\N,\N,\N,2,42,2026-12-31,101.00,0.00,0.00,0.00,f,2026-06-26 06:37:12,2026-06-26 06:35:08.98363,2026-06-29 08:15:27.760212,\N,\N,\N
131135,2377,1,5,\N,\N,\N,\N,2,42,2026-12-31,170.00,0.00,0.00,0.00,f,2026-06-26 06:37:12,2026-06-26 06:35:08.98363,2026-06-29 08:15:27.760212,\N,\N,\N
131136,2378,1,5,\N,\N,\N,\N,2,42,2026-12-31,40.00,0.00,0.00,0.00,f,2026-06-26 06:37:12,2026-06-26 06:35:08.98363,2026-06-29 08:15:27.760212,\N,\N,\N
131138,2380,1,5,\N,\N,\N,\N,2,42,2026-12-31,5.00,0.00,0.00,0.00,f,2026-06-26 06:37:12,2026-06-26 06:35:08.98363,2026-06-29 08:15:27.760212,\N,\N,\N
131140,2382,1,5,\N,\N,\N,\N,2,42,2026-12-31,1.00,0.00,0.00,0.00,f,2026-06-26 06:37:12,2026-06-26 06:35:08.98363,2026-06-29 08:15:27.760212,\N,\N,\N
131144,2397,1,5,\N,\N,\N,\N,2,42,2026-12-31,31.00,0.00,0.00,0.00,f,2026-06-26 06:37:12,2026-06-26 06:35:08.98363,2026-06-29 08:15:27.760212,\N,\N,\N
131161,2473,1,5,\N,\N,\N,\N,2,42,2026-12-31,99.00,0.00,0.00,0.00,f,2026-06-26 06:37:13,2026-06-26 06:35:08.98363,2026-06-29 08:15:27.760212,\N,\N,\N
131163,2475,1,5,\N,\N,\N,\N,2,42,2026-12-31,26.00,0.00,0.00,0.00,f,2026-06-26 06:37:13,2026-06-26 06:35:08.98363,2026-06-29 08:15:27.760212,\N,\N,\N
131167,2479,1,5,\N,\N,\N,\N,2,42,2026-12-31,7.00,0.00,0.00,0.00,f,2026-06-26 06:37:13,2026-06-26 06:35:08.98363,2026-06-29 08:15:27.760212,\N,\N,\N
134868,1145,7,59,\N,\N,\N,\N,42,42,2026-12-31,2.00,0.00,\N,0.00,f,2026-06-26 06:37:10,2026-06-30 08:43:48.477258,2026-06-30 08:43:48.477258,\N,\N,\N
134871,1173,7,59,\N,\N,\N,\N,42,42,2026-12-31,2.00,0.00,\N,0.00,f,2026-06-26 06:37:08,2026-06-30 08:43:48.477258,2026-06-30 08:43:48.477258,\N,\N,\N
134874,1177,7,59,\N,\N,\N,\N,42,42,2026-12-31,2.00,0.00,\N,0.00,f,2026-06-26 06:37:08,2026-06-30 08:43:48.477258,2026-06-30 08:43:48.477258,\N,\N,\N
131179,2464,1,5,\N,\N,\N,\N,2,42,2026-12-31,38.00,1.00,0.00,0.00,f,2026-06-26 06:37:13,2026-06-26 06:35:08.98363,2026-06-29 08:15:27.760212,\N,\N,\N
134877,1391,7,59,\N,\N,\N,\N,42,42,2026-12-31,2.00,0.00,\N,0.00,f,2026-06-26 06:37:10,2026-06-30 08:43:48.477258,2026-06-30 08:43:48.477258,\N,\N,\N
134880,1392,7,59,\N,\N,\N,\N,42,42,2026-12-31,2.00,0.00,\N,0.00,f,2026-06-26 06:37:10,2026-06-30 08:43:48.477258,2026-06-30 08:43:48.477258,\N,\N,\N
130337,1541,1,5,\N,\N,\N,\N,2,42,2026-12-31,8.00,1.00,0.00,0.00,f,2026-06-26 06:37:09,2026-06-26 06:35:08.98363,2026-06-29 08:15:27.760212,\N,\N,\N
134883,1498,7,59,\N,\N,\N,\N,42,42,2026-12-31,2.00,0.00,\N,0.00,f,2026-06-26 06:37:09,2026-06-30 08:43:48.477258,2026-06-30 08:43:48.477258,\N,\N,\N
134886,2318,7,59,\N,\N,\N,\N,42,42,2026-12-31,2.00,0.00,\N,0.00,f,2026-06-26 06:37:09,2026-06-30 08:43:48.477258,2026-06-30 08:43:48.477258,\N,\N,\N
130693,1144,1,5,\N,\N,\N,\N,2,42,2026-12-31,11.00,3.00,0.00,0.00,f,2026-06-26 06:37:10,2026-06-26 06:35:08.98363,2026-06-29 08:15:27.760212,\N,\N,\N
130109,1290,1,5,\N,\N,\N,\N,2,42,2026-12-31,5.00,0.00,0.00,0.00,f,2026-06-26 06:37:08,2026-06-26 06:35:08.98363,2026-06-29 08:15:27.760212,\N,\N,\N
130136,1514,1,5,\N,\N,\N,\N,2,42,2026-12-31,2.00,0.00,0.00,0.00,f,2026-06-26 06:37:08,2026-06-26 06:35:08.98363,2026-06-29 08:15:27.760212,\N,\N,\N
130146,2323,1,5,\N,\N,\N,\N,2,42,2026-12-31,3.00,0.00,0.00,0.00,f,2026-06-26 06:37:08,2026-06-26 06:35:08.98363,2026-06-29 08:15:27.760212,\N,\N,\N
130173,2342,1,5,\N,\N,\N,\N,2,42,2026-12-31,2.00,0.00,0.00,0.00,f,2026-06-26 06:37:08,2026-06-26 06:35:08.98363,2026-06-29 08:15:27.760212,\N,\N,\N
130174,2343,1,5,\N,\N,\N,\N,2,42,2026-12-31,3.00,0.00,0.00,0.00,f,2026-06-26 06:37:08,2026-06-26 06:35:08.98363,2026-06-29 08:15:27.760212,\N,\N,\N
130175,2344,1,5,\N,\N,\N,\N,2,42,2026-12-31,3.00,0.00,0.00,0.00,f,2026-06-26 06:37:08,2026-06-26 06:35:08.98363,2026-06-29 08:15:27.760212,\N,\N,\N
130339,2322,1,5,\N,\N,\N,\N,2,42,2026-12-31,3.00,0.00,0.00,0.00,f,2026-06-26 06:37:09,2026-06-26 06:35:08.98363,2026-06-29 08:15:27.760212,\N,\N,\N
130346,1989,1,5,\N,\N,\N,\N,2,42,2026-12-31,3.00,0.00,0.00,0.00,f,2026-06-26 06:37:09,2026-06-26 06:35:08.98363,2026-06-29 08:15:27.760212,\N,\N,\N
134889,1536,7,59,\N,\N,\N,\N,42,42,2026-12-31,2.00,0.00,\N,0.00,f,2026-06-26 06:37:09,2026-06-30 08:43:48.477258,2026-06-30 08:43:48.477258,\N,\N,\N
130336,1540,1,5,\N,\N,\N,\N,2,42,2026-12-31,6.00,1.00,0.00,0.00,f,2026-06-26 06:37:09,2026-06-26 06:35:08.98363,2026-06-29 08:15:27.760212,\N,\N,\N
130460,1194,1,5,\N,\N,\N,\N,2,42,2026-12-31,3.00,0.00,0.00,0.00,f,2026-06-26 06:37:09,2026-06-26 06:35:08.98363,2026-06-29 08:15:27.760212,\N,\N,\N
134892,2315,7,59,\N,\N,\N,\N,42,42,2026-12-31,2.00,0.00,\N,0.00,f,2026-06-26 06:37:09,2026-06-30 08:43:48.477258,2026-06-30 08:43:48.477258,\N,\N,\N
134895,1527,7,59,\N,\N,\N,\N,42,42,2026-12-31,2.00,0.00,\N,0.00,f,2026-06-26 06:37:09,2026-06-30 08:43:48.477258,2026-06-30 08:43:48.477258,\N,\N,\N
134898,1529,7,59,\N,\N,\N,\N,42,42,2026-12-31,2.00,0.00,\N,0.00,f,2026-06-26 06:37:09,2026-06-30 08:43:48.477258,2026-06-30 08:43:48.477258,\N,\N,\N
134901,1531,7,59,\N,\N,\N,\N,42,42,2026-12-31,2.00,0.00,\N,0.00,f,2026-06-26 06:37:09,2026-06-30 08:43:48.477258,2026-06-30 08:43:48.477258,\N,\N,\N
134904,1731,7,59,\N,\N,\N,\N,42,42,2026-12-31,2.00,0.00,\N,0.00,f,2026-06-26 06:37:10,2026-06-30 08:43:48.477258,2026-06-30 08:43:48.477258,\N,\N,\N
130882,319,1,5,\N,\N,\N,\N,2,2,2026-12-31,160.00,9.00,0.00,0.00,f,2026-06-26 06:37:11,2026-06-26 06:35:08.98363,2026-07-26 18:06:23.490631,\N,\N,\N
130382,789,1,5,\N,\N,\N,\N,2,2,2026-12-31,15.00,1.00,0.00,0.00,f,2026-06-26 06:37:09,2026-06-26 06:35:08.98363,2026-07-07 08:06:30.795574,\N,\N,\N
130697,1148,1,5,\N,\N,\N,\N,2,2,2026-12-31,15.00,5.00,0.00,0.00,f,2026-06-26 06:37:10,2026-06-26 06:35:08.98363,2026-07-11 03:36:47.372465,\N,\N,\N
130409,2361,1,5,\N,\N,\N,\N,2,2,2026-12-31,3.00,3.00,0.00,0.00,f,2026-06-26 06:37:09,2026-06-26 06:35:08.98363,2026-07-14 00:36:10.687908,\N,\N,\N
130316,1500,1,5,\N,\N,\N,\N,2,2,2026-12-31,11.00,11.00,0.00,0.00,f,2026-06-26 06:37:09,2026-06-26 06:35:08.98363,2026-07-24 10:06:29.837404,\N,\N,\N
134907,1734,7,59,\N,\N,\N,\N,42,42,2026-12-31,2.00,0.00,\N,0.00,f,2026-06-26 06:37:10,2026-06-30 08:43:48.477258,2026-06-30 08:43:48.477258,\N,\N,\N
134910,2297,7,59,\N,\N,\N,\N,42,42,2026-12-31,2.00,0.00,\N,0.00,f,2026-06-26 06:37:09,2026-06-30 08:43:48.477258,2026-06-30 08:43:48.477258,\N,\N,\N
130676,1026,1,5,\N,\N,\N,\N,2,42,2026-12-31,175.00,0.00,0.00,0.00,f,2026-06-26 06:37:10,2026-06-26 06:35:08.98363,2026-06-29 08:15:27.760212,\N,\N,\N
130678,1028,1,5,\N,\N,\N,\N,2,42,2026-12-31,80.00,0.00,0.00,0.00,f,2026-06-26 06:37:10,2026-06-26 06:35:08.98363,2026-06-29 08:15:27.760212,\N,\N,\N
134913,1843,7,59,\N,\N,\N,\N,42,42,2026-12-31,2.00,0.00,\N,0.00,f,2026-06-26 06:37:09,2026-06-30 08:43:48.477258,2026-06-30 08:43:48.477258,\N,\N,\N
134917,1846,7,59,\N,\N,\N,\N,42,42,2026-12-31,2.00,0.00,\N,0.00,f,2026-06-26 06:37:09,2026-06-30 08:43:48.477258,2026-06-30 08:43:48.477258,\N,\N,\N
134920,1813,7,59,\N,\N,\N,\N,42,42,2026-12-31,2.00,0.00,\N,0.00,f,2026-06-26 06:37:08,2026-06-30 08:43:48.477258,2026-06-30 08:43:48.477258,\N,\N,\N
130699,1155,1,5,\N,\N,\N,\N,2,42,2026-12-31,3.00,0.00,0.00,0.00,f,2026-06-26 06:37:10,2026-06-26 06:35:08.98363,2026-06-29 08:15:27.760212,\N,\N,\N
134923,1817,7,59,\N,\N,\N,\N,42,42,2026-12-31,2.00,0.00,\N,0.00,f,2026-06-26 06:37:08,2026-06-30 08:43:48.477258,2026-06-30 08:43:48.477258,\N,\N,\N
130798,1992,1,5,\N,\N,\N,\N,2,42,2026-12-31,1.00,0.00,0.00,0.00,f,2026-06-26 06:37:11,2026-06-26 06:35:08.98363,2026-06-29 08:15:27.760212,\N,\N,\N
130799,1993,1,5,\N,\N,\N,\N,2,42,2026-12-31,3.00,0.00,0.00,0.00,f,2026-06-26 06:37:11,2026-06-26 06:35:08.98363,2026-06-29 08:15:27.760212,\N,\N,\N
130817,1025,1,5,\N,\N,\N,\N,2,42,2026-12-31,2.00,0.00,0.00,0.00,f,2026-06-26 06:37:11,2026-06-26 06:35:08.98363,2026-06-29 08:15:27.760212,\N,\N,\N
130847,1108,1,5,\N,\N,\N,\N,2,42,2026-12-31,3.00,0.00,0.00,0.00,f,2026-06-26 06:37:11,2026-06-26 06:35:08.98363,2026-06-29 08:15:27.760212,\N,\N,\N
130854,1030,1,5,\N,\N,\N,\N,2,42,2026-12-31,5.00,0.00,0.00,0.00,f,2026-06-26 06:37:11,2026-06-26 06:35:08.98363,2026-06-29 08:15:27.760212,\N,\N,\N
130860,1061,1,5,\N,\N,\N,\N,2,42,2026-12-31,2.00,0.00,0.00,0.00,f,2026-06-26 06:37:11,2026-06-26 06:35:08.98363,2026-06-29 08:15:27.760212,\N,\N,\N
134927,1836,7,59,\N,\N,\N,\N,42,42,2026-12-31,2.00,0.00,\N,0.00,f,2026-06-26 06:37:09,2026-06-30 08:43:48.477258,2026-06-30 08:43:48.477258,\N,\N,\N
130865,1038,1,5,\N,\N,\N,\N,2,42,2026-12-31,1.00,0.00,0.00,0.00,f,2026-06-26 06:37:11,2026-06-26 06:35:08.98363,2026-06-29 08:15:27.760212,\N,\N,\N
130902,1945,1,5,\N,\N,\N,\N,2,42,2026-12-31,2.00,0.00,0.00,0.00,f,2026-06-26 06:37:11,2026-06-26 06:35:08.98363,2026-06-29 08:15:27.760212,\N,\N,\N
130903,1947,1,5,\N,\N,\N,\N,2,42,2026-12-31,3.00,0.00,0.00,0.00,f,2026-06-26 06:37:11,2026-06-26 06:35:08.98363,2026-06-29 08:15:27.760212,\N,\N,\N
134930,1837,7,59,\N,\N,\N,\N,42,42,2026-12-31,2.00,0.00,\N,0.00,f,2026-06-26 06:37:09,2026-06-30 08:43:48.477258,2026-06-30 08:43:48.477258,\N,\N,\N
130907,2080,1,5,\N,\N,\N,\N,2,42,2026-12-31,43.00,0.00,0.00,0.00,f,2026-06-26 06:37:11,2026-06-26 06:35:08.98363,2026-06-29 08:15:27.760212,\N,\N,\N
134933,2035,7,59,\N,\N,\N,\N,42,42,2026-12-31,2.00,0.00,\N,0.00,f,2026-06-26 06:37:12,2026-06-30 08:43:48.477258,2026-06-30 08:43:48.477258,\N,\N,\N
130924,1045,1,5,\N,\N,\N,\N,2,42,2026-12-31,17.00,0.00,0.00,0.00,f,2026-06-26 06:37:11,2026-06-26 06:35:08.98363,2026-06-29 08:15:27.760212,\N,\N,\N
134936,1955,7,59,\N,\N,\N,\N,42,42,2026-12-31,2.00,0.00,\N,0.00,f,2026-06-26 06:37:10,2026-06-30 08:43:48.477258,2026-06-30 08:43:48.477258,\N,\N,\N
134939,1965,7,59,\N,\N,\N,\N,42,42,2026-12-31,2.00,0.00,\N,0.00,f,2026-06-26 06:37:11,2026-06-30 08:43:48.477258,2026-06-30 08:43:48.477258,\N,\N,\N
130929,1070,1,5,\N,\N,\N,\N,2,42,2026-12-31,1.00,0.00,0.00,0.00,f,2026-06-26 06:37:11,2026-06-26 06:35:08.98363,2026-06-29 08:15:27.760212,\N,\N,\N
131108,971,1,5,\N,\N,\N,\N,2,42,2026-12-31,2.00,0.00,0.00,0.00,f,2026-06-26 06:37:12,2026-06-26 06:35:08.98363,2026-06-29 08:15:27.760212,\N,\N,\N
134942,2183,7,59,\N,\N,\N,\N,42,42,2026-12-31,1.00,0.00,\N,0.00,f,2026-06-26 06:37:09,2026-06-30 08:43:48.477258,2026-06-30 08:43:48.477258,\N,\N,\N
134945,439,7,59,\N,\N,\N,\N,42,42,2026-12-31,1.00,0.00,\N,0.00,f,2026-06-26 06:37:11,2026-06-30 08:43:48.477258,2026-06-30 08:43:48.477258,\N,\N,\N
134948,2221,7,59,\N,\N,\N,\N,42,42,2026-12-31,1.00,0.00,\N,0.00,f,2026-06-26 06:37:12,2026-06-30 08:43:48.477258,2026-06-30 08:43:48.477258,\N,\N,\N
132502,5772,1,5,\N,\N,\N,\N,2,42,2026-12-31,7.00,0.00,0.00,0.00,f,2026-06-26 07:33:14,2026-06-26 07:32:51.75853,2026-06-29 08:15:27.760212,\N,\N,\N
130176,1105,1,5,\N,\N,\N,\N,2,42,2026-12-31,368.00,0.00,0.00,0.00,f,2026-06-26 06:37:08,2026-06-26 06:35:08.98363,2026-06-29 08:15:27.760212,\N,\N,\N
134951,2223,7,59,\N,\N,\N,\N,42,42,2026-12-31,1.00,0.00,\N,0.00,f,2026-06-26 06:37:12,2026-06-30 08:43:48.477258,2026-06-30 08:43:48.477258,\N,\N,\N
134954,2225,7,59,\N,\N,\N,\N,42,42,2026-12-31,1.00,0.00,\N,0.00,f,2026-06-26 06:37:12,2026-06-30 08:43:48.477258,2026-06-30 08:43:48.477258,\N,\N,\N
134957,2228,7,59,\N,\N,\N,\N,42,42,2026-12-31,1.00,0.00,\N,0.00,f,2026-06-26 06:37:12,2026-06-30 08:43:48.477258,2026-06-30 08:43:48.477258,\N,\N,\N
134960,2203,7,59,\N,\N,\N,\N,42,42,2026-12-31,1.00,0.00,\N,0.00,f,2026-06-26 06:37:12,2026-06-30 08:43:48.477258,2026-06-30 08:43:48.477258,\N,\N,\N
134963,2212,7,59,\N,\N,\N,\N,42,42,2026-12-31,1.00,0.00,\N,0.00,f,2026-06-26 06:37:12,2026-06-30 08:43:48.477258,2026-06-30 08:43:48.477258,\N,\N,\N
134966,2218,7,59,\N,\N,\N,\N,42,42,2026-12-31,1.00,0.00,\N,0.00,f,2026-06-26 06:37:12,2026-06-30 08:43:48.477258,2026-06-30 08:43:48.477258,\N,\N,\N
133646,616,2,20,\N,\N,\N,\N,42,42,2026-12-31,1.00,0.00,\N,0.00,f,2026-06-26 06:37:08,2026-06-29 08:16:21.547384,2026-06-29 08:16:21.547384,\N,\N,\N
133647,628,2,20,\N,\N,\N,\N,42,42,2026-12-31,1.00,0.00,\N,0.00,f,2026-06-26 06:37:08,2026-06-29 08:16:21.547384,2026-06-29 08:16:21.547384,\N,\N,\N
133648,639,2,20,\N,\N,\N,\N,42,42,2026-12-31,1.00,0.00,\N,0.00,f,2026-06-26 06:37:08,2026-06-29 08:16:21.547384,2026-06-29 08:16:21.547384,\N,\N,\N
133649,789,2,20,\N,\N,\N,\N,42,42,2026-12-31,1.00,0.00,\N,0.00,f,2026-06-26 06:37:09,2026-06-29 08:16:21.547384,2026-06-29 08:16:21.547384,\N,\N,\N
133650,843,2,20,\N,\N,\N,\N,42,42,2026-12-31,1.00,0.00,\N,0.00,f,2026-06-26 06:37:09,2026-06-29 08:16:21.547384,2026-06-29 08:16:21.547384,\N,\N,\N
133651,796,2,20,\N,\N,\N,\N,42,42,2026-12-31,1.00,0.00,\N,0.00,f,2026-06-26 06:37:10,2026-06-29 08:16:21.547384,2026-06-29 08:16:21.547384,\N,\N,\N
133652,808,2,20,\N,\N,\N,\N,42,42,2026-12-31,1.00,0.00,\N,0.00,f,2026-06-26 06:37:08,2026-06-29 08:16:21.547384,2026-06-29 08:16:21.547384,\N,\N,\N
133653,814,2,20,\N,\N,\N,\N,42,42,2026-12-31,1.00,0.00,\N,0.00,f,2026-06-26 06:37:08,2026-06-29 08:16:21.547384,2026-06-29 08:16:21.547384,\N,\N,\N
133654,767,2,20,\N,\N,\N,\N,42,42,2026-12-31,1.00,0.00,\N,0.00,f,2026-06-26 06:37:10,2026-06-29 08:16:21.547384,2026-06-29 08:16:21.547384,\N,\N,\N
133655,769,2,20,\N,\N,\N,\N,42,42,2026-12-31,1.00,0.00,\N,0.00,f,2026-06-26 06:37:10,2026-06-29 08:16:21.547384,2026-06-29 08:16:21.547384,\N,\N,\N
133656,770,2,20,\N,\N,\N,\N,42,42,2026-12-31,1.00,0.00,\N,0.00,f,2026-06-26 06:37:10,2026-06-29 08:16:21.547384,2026-06-29 08:16:21.547384,\N,\N,\N
133657,773,2,20,\N,\N,\N,\N,42,42,2026-12-31,1.00,0.00,\N,0.00,f,2026-06-26 06:37:10,2026-06-29 08:16:21.547384,2026-06-29 08:16:21.547384,\N,\N,\N
133658,802,2,20,\N,\N,\N,\N,42,42,2026-12-31,1.00,0.00,\N,0.00,f,2026-06-26 06:37:09,2026-06-29 08:16:21.547384,2026-06-29 08:16:21.547384,\N,\N,\N
133659,845,2,20,\N,\N,\N,\N,42,42,2026-12-31,1.00,0.00,\N,0.00,f,2026-06-26 06:37:09,2026-06-29 08:16:21.547384,2026-06-29 08:16:21.547384,\N,\N,\N
133660,751,2,20,\N,\N,\N,\N,42,42,2026-12-31,1.00,0.00,\N,0.00,f,2026-06-26 06:37:09,2026-06-29 08:16:21.547384,2026-06-29 08:16:21.547384,\N,\N,\N
133661,756,2,20,\N,\N,\N,\N,42,42,2026-12-31,1.00,0.00,\N,0.00,f,2026-06-26 06:37:09,2026-06-29 08:16:21.547384,2026-06-29 08:16:21.547384,\N,\N,\N
133662,778,2,20,\N,\N,\N,\N,42,42,2026-12-31,1.00,0.00,\N,0.00,f,2026-06-26 06:37:08,2026-06-29 08:16:21.547384,2026-06-29 08:16:21.547384,\N,\N,\N
133663,836,2,20,\N,\N,\N,\N,42,42,2026-12-31,1.00,0.00,\N,0.00,f,2026-06-26 06:37:09,2026-06-29 08:16:21.547384,2026-06-29 08:16:21.547384,\N,\N,\N
133664,849,2,20,\N,\N,\N,\N,42,42,2026-12-31,1.00,0.00,\N,0.00,f,2026-06-26 06:37:09,2026-06-29 08:16:21.547384,2026-06-29 08:16:21.547384,\N,\N,\N
133665,820,2,20,\N,\N,\N,\N,42,42,2026-12-31,1.00,0.00,\N,0.00,f,2026-06-26 06:37:08,2026-06-29 08:16:21.547384,2026-06-29 08:16:21.547384,\N,\N,\N
133666,766,2,20,\N,\N,\N,\N,42,42,2026-12-31,1.00,0.00,\N,0.00,f,2026-06-26 06:37:10,2026-06-29 08:16:21.547384,2026-06-29 08:16:21.547384,\N,\N,\N
133667,863,2,20,\N,\N,\N,\N,42,42,2026-12-31,1.00,0.00,\N,0.00,f,2026-06-26 06:37:11,2026-06-29 08:16:21.547384,2026-06-29 08:16:21.547384,\N,\N,\N
133668,891,2,20,\N,\N,\N,\N,42,42,2026-12-31,1.00,0.00,\N,0.00,f,2026-06-26 06:37:11,2026-06-29 08:16:21.547384,2026-06-29 08:16:21.547384,\N,\N,\N
133669,893,2,20,\N,\N,\N,\N,42,42,2026-12-31,1.00,0.00,\N,0.00,f,2026-06-26 06:37:11,2026-06-29 08:16:21.547384,2026-06-29 08:16:21.547384,\N,\N,\N
133670,868,2,20,\N,\N,\N,\N,42,42,2026-12-31,1.00,0.00,\N,0.00,f,2026-06-26 06:37:10,2026-06-29 08:16:21.547384,2026-06-29 08:16:21.547384,\N,\N,\N
133671,869,2,20,\N,\N,\N,\N,42,42,2026-12-31,1.00,0.00,\N,0.00,f,2026-06-26 06:37:10,2026-06-29 08:16:21.547384,2026-06-29 08:16:21.547384,\N,\N,\N
133672,879,2,20,\N,\N,\N,\N,42,42,2026-12-31,1.00,0.00,\N,0.00,f,2026-06-26 06:37:10,2026-06-29 08:16:21.547384,2026-06-29 08:16:21.547384,\N,\N,\N
133673,902,2,20,\N,\N,\N,\N,42,42,2026-12-31,1.00,0.00,\N,0.00,f,2026-06-26 06:37:10,2026-06-29 08:16:21.547384,2026-06-29 08:16:21.547384,\N,\N,\N
133674,904,2,20,\N,\N,\N,\N,42,42,2026-12-31,1.00,0.00,\N,0.00,f,2026-06-26 06:37:10,2026-06-29 08:16:21.547384,2026-06-29 08:16:21.547384,\N,\N,\N
133675,905,2,20,\N,\N,\N,\N,42,42,2026-12-31,1.00,0.00,\N,0.00,f,2026-06-26 06:37:10,2026-06-29 08:16:21.547384,2026-06-29 08:16:21.547384,\N,\N,\N
133676,981,2,20,\N,\N,\N,\N,42,42,2026-12-31,1.00,0.00,\N,0.00,f,2026-06-26 06:37:12,2026-06-29 08:16:21.547384,2026-06-29 08:16:21.547384,\N,\N,\N
133677,987,2,20,\N,\N,\N,\N,42,42,2026-12-31,1.00,0.00,\N,0.00,f,2026-06-26 06:37:12,2026-06-29 08:16:21.547384,2026-06-29 08:16:21.547384,\N,\N,\N
133678,971,2,20,\N,\N,\N,\N,42,42,2026-12-31,1.00,0.00,\N,0.00,f,2026-06-26 06:37:12,2026-06-29 08:16:21.547384,2026-06-29 08:16:21.547384,\N,\N,\N
133679,1025,2,20,\N,\N,\N,\N,42,42,2026-12-31,1.00,0.00,\N,0.00,f,2026-06-26 06:37:11,2026-06-29 08:16:21.547384,2026-06-29 08:16:21.547384,\N,\N,\N
134969,2232,7,59,\N,\N,\N,\N,42,42,2026-12-31,1.00,0.00,\N,0.00,f,2026-06-26 06:37:12,2026-06-30 08:43:48.477258,2026-06-30 08:43:48.477258,\N,\N,\N
130463,1198,1,5,\N,\N,\N,\N,2,2,2026-12-31,4.00,1.00,0.00,0.00,f,2026-06-26 06:37:09,2026-06-26 06:35:08.98363,2026-07-06 15:36:45.365475,\N,\N,\N
131055,1116,1,5,\N,\N,\N,\N,2,2,2026-12-31,3.00,3.00,0.00,0.00,f,2026-06-26 06:37:12,2026-06-26 06:35:08.98363,2026-07-17 03:51:17.217187,\N,\N,\N
131056,1117,1,5,\N,\N,\N,\N,2,2,2026-12-31,1.00,1.00,0.00,0.00,f,2026-06-26 06:37:12,2026-06-26 06:35:08.98363,2026-07-13 17:36:44.733535,\N,\N,\N
130683,1138,1,5,\N,\N,\N,\N,2,2,2026-12-31,21.00,2.00,0.00,0.00,f,2026-06-26 06:37:10,2026-06-26 06:35:08.98363,2026-07-29 17:21:56.760961,\N,\N,\N
131051,1111,1,5,\N,\N,\N,\N,2,2,2026-12-31,2.00,2.00,0.00,0.00,f,2026-06-26 06:37:12,2026-06-26 06:35:08.98363,2026-07-15 02:21:29.092298,\N,\N,\N
133680,1026,2,20,\N,\N,\N,\N,42,42,2026-12-31,1.00,0.00,\N,0.00,f,2026-06-26 06:37:10,2026-06-29 08:16:21.547384,2026-06-29 08:16:21.547384,\N,\N,\N
133681,1028,2,20,\N,\N,\N,\N,42,42,2026-12-31,1.00,0.00,\N,0.00,f,2026-06-26 06:37:10,2026-06-29 08:16:21.547384,2026-06-29 08:16:21.547384,\N,\N,\N
133682,1067,2,20,\N,\N,\N,\N,42,42,2026-12-31,1.00,0.00,\N,0.00,f,2026-06-26 06:37:11,2026-06-29 08:16:21.547384,2026-06-29 08:16:21.547384,\N,\N,\N
133683,1037,2,20,\N,\N,\N,\N,42,42,2026-12-31,1.00,0.00,\N,0.00,f,2026-06-26 06:37:11,2026-06-29 08:16:21.547384,2026-06-29 08:16:21.547384,\N,\N,\N
133684,1038,2,20,\N,\N,\N,\N,42,42,2026-12-31,1.00,0.00,\N,0.00,f,2026-06-26 06:37:11,2026-06-29 08:16:21.547384,2026-06-29 08:16:21.547384,\N,\N,\N
133685,1030,2,20,\N,\N,\N,\N,42,42,2026-12-31,1.00,0.00,\N,0.00,f,2026-06-26 06:37:11,2026-06-29 08:16:21.547384,2026-06-29 08:16:21.547384,\N,\N,\N
133686,1061,2,20,\N,\N,\N,\N,42,42,2026-12-31,1.00,0.00,\N,0.00,f,2026-06-26 06:37:11,2026-06-29 08:16:21.547384,2026-06-29 08:16:21.547384,\N,\N,\N
133687,1045,2,20,\N,\N,\N,\N,42,42,2026-12-31,1.00,0.00,\N,0.00,f,2026-06-26 06:37:11,2026-06-29 08:16:21.547384,2026-06-29 08:16:21.547384,\N,\N,\N
133688,1047,2,20,\N,\N,\N,\N,42,42,2026-12-31,1.00,0.00,\N,0.00,f,2026-06-26 06:37:11,2026-06-29 08:16:21.547384,2026-06-29 08:16:21.547384,\N,\N,\N
133689,1069,2,20,\N,\N,\N,\N,42,42,2026-12-31,1.00,0.00,\N,0.00,f,2026-06-26 06:37:11,2026-06-29 08:16:21.547384,2026-06-29 08:16:21.547384,\N,\N,\N
133690,1070,2,20,\N,\N,\N,\N,42,42,2026-12-31,1.00,0.00,\N,0.00,f,2026-06-26 06:37:11,2026-06-29 08:16:21.547384,2026-06-29 08:16:21.547384,\N,\N,\N
133691,1105,2,20,\N,\N,\N,\N,42,42,2026-12-31,1.00,0.00,\N,0.00,f,2026-06-26 06:37:08,2026-06-29 08:16:21.547384,2026-06-29 08:16:21.547384,\N,\N,\N
133692,1108,2,20,\N,\N,\N,\N,42,42,2026-12-31,1.00,0.00,\N,0.00,f,2026-06-26 06:37:11,2026-06-29 08:16:21.547384,2026-06-29 08:16:21.547384,\N,\N,\N
133693,1111,2,20,\N,\N,\N,\N,42,42,2026-12-31,1.00,0.00,\N,0.00,f,2026-06-26 06:37:12,2026-06-29 08:16:21.547384,2026-06-29 08:16:21.547384,\N,\N,\N
133694,1116,2,20,\N,\N,\N,\N,42,42,2026-12-31,1.00,0.00,\N,0.00,f,2026-06-26 06:37:12,2026-06-29 08:16:21.547384,2026-06-29 08:16:21.547384,\N,\N,\N
133695,1117,2,20,\N,\N,\N,\N,42,42,2026-12-31,1.00,0.00,\N,0.00,f,2026-06-26 06:37:12,2026-06-29 08:16:21.547384,2026-06-29 08:16:21.547384,\N,\N,\N
133696,2342,2,20,\N,\N,\N,\N,42,42,2026-12-31,1.00,0.00,\N,0.00,f,2026-06-26 06:37:08,2026-06-29 08:16:21.547384,2026-06-29 08:16:21.547384,\N,\N,\N
133697,2343,2,20,\N,\N,\N,\N,42,42,2026-12-31,1.00,0.00,\N,0.00,f,2026-06-26 06:37:08,2026-06-29 08:16:21.547384,2026-06-29 08:16:21.547384,\N,\N,\N
133698,2344,2,20,\N,\N,\N,\N,42,42,2026-12-31,1.00,0.00,\N,0.00,f,2026-06-26 06:37:08,2026-06-29 08:16:21.547384,2026-06-29 08:16:21.547384,\N,\N,\N
133699,2355,2,20,\N,\N,\N,\N,42,42,2026-12-31,1.00,0.00,\N,0.00,f,2026-06-26 06:37:09,2026-06-29 08:16:21.547384,2026-06-29 08:16:21.547384,\N,\N,\N
133700,2358,2,20,\N,\N,\N,\N,42,42,2026-12-31,1.00,0.00,\N,0.00,f,2026-06-26 06:37:09,2026-06-29 08:16:21.547384,2026-06-29 08:16:21.547384,\N,\N,\N
133701,2361,2,20,\N,\N,\N,\N,42,42,2026-12-31,1.00,0.00,\N,0.00,f,2026-06-26 06:37:09,2026-06-29 08:16:21.547384,2026-06-29 08:16:21.547384,\N,\N,\N
133702,1202,2,20,\N,\N,\N,\N,42,42,2026-12-31,1.00,0.00,\N,0.00,f,2026-06-26 06:37:09,2026-06-29 08:16:21.547384,2026-06-29 08:16:21.547384,\N,\N,\N
133703,1194,2,20,\N,\N,\N,\N,42,42,2026-12-31,1.00,0.00,\N,0.00,f,2026-06-26 06:37:09,2026-06-29 08:16:21.547384,2026-06-29 08:16:21.547384,\N,\N,\N
133704,1198,2,20,\N,\N,\N,\N,42,42,2026-12-31,1.00,0.00,\N,0.00,f,2026-06-26 06:37:09,2026-06-29 08:16:21.547384,2026-06-29 08:16:21.547384,\N,\N,\N
133705,2311,2,20,\N,\N,\N,\N,42,42,2026-12-31,1.00,0.00,\N,0.00,f,2026-06-26 06:37:09,2026-06-29 08:16:21.547384,2026-06-29 08:16:21.547384,\N,\N,\N
133706,1191,2,20,\N,\N,\N,\N,42,42,2026-12-31,1.00,0.00,\N,0.00,f,2026-06-26 06:37:08,2026-06-29 08:16:21.547384,2026-06-29 08:16:21.547384,\N,\N,\N
133707,1182,2,20,\N,\N,\N,\N,42,42,2026-12-31,1.00,0.00,\N,0.00,f,2026-06-26 06:37:08,2026-06-29 08:16:21.547384,2026-06-29 08:16:21.547384,\N,\N,\N
133708,1188,2,20,\N,\N,\N,\N,42,42,2026-12-31,1.00,0.00,\N,0.00,f,2026-06-26 06:37:08,2026-06-29 08:16:21.547384,2026-06-29 08:16:21.547384,\N,\N,\N
133709,1165,2,20,\N,\N,\N,\N,42,42,2026-12-31,1.00,0.00,\N,0.00,f,2026-06-26 06:37:08,2026-06-29 08:16:21.547384,2026-06-29 08:16:21.547384,\N,\N,\N
133710,2309,2,20,\N,\N,\N,\N,42,42,2026-12-31,1.00,0.00,\N,0.00,f,2026-06-26 06:37:08,2026-06-29 08:16:21.547384,2026-06-29 08:16:21.547384,\N,\N,\N
133711,1144,2,20,\N,\N,\N,\N,42,42,2026-12-31,1.00,0.00,\N,0.00,f,2026-06-26 06:37:10,2026-06-29 08:16:21.547384,2026-06-29 08:16:21.547384,\N,\N,\N
133712,1155,2,20,\N,\N,\N,\N,42,42,2026-12-31,1.00,0.00,\N,0.00,f,2026-06-26 06:37:10,2026-06-29 08:16:21.547384,2026-06-29 08:16:21.547384,\N,\N,\N
133713,2313,2,20,\N,\N,\N,\N,42,42,2026-12-31,1.00,0.00,\N,0.00,f,2026-06-26 06:37:10,2026-06-29 08:16:21.547384,2026-06-29 08:16:21.547384,\N,\N,\N
133714,1138,2,20,\N,\N,\N,\N,42,42,2026-12-31,1.00,0.00,\N,0.00,f,2026-06-26 06:37:10,2026-06-29 08:16:21.547384,2026-06-29 08:16:21.547384,\N,\N,\N
133715,1151,2,20,\N,\N,\N,\N,42,42,2026-12-31,1.00,0.00,\N,0.00,f,2026-06-26 06:37:10,2026-06-29 08:16:21.547384,2026-06-29 08:16:21.547384,\N,\N,\N
133716,1153,2,20,\N,\N,\N,\N,42,42,2026-12-31,1.00,0.00,\N,0.00,f,2026-06-26 06:37:10,2026-06-29 08:16:21.547384,2026-06-29 08:16:21.547384,\N,\N,\N
133717,2310,2,20,\N,\N,\N,\N,42,42,2026-12-31,1.00,0.00,\N,0.00,f,2026-06-26 06:37:10,2026-06-29 08:16:21.547384,2026-06-29 08:16:21.547384,\N,\N,\N
133718,1176,2,20,\N,\N,\N,\N,42,42,2026-12-31,1.00,0.00,\N,0.00,f,2026-06-26 06:37:08,2026-06-29 08:16:21.547384,2026-06-29 08:16:21.547384,\N,\N,\N
133719,1177,2,20,\N,\N,\N,\N,42,42,2026-12-31,1.00,0.00,\N,0.00,f,2026-06-26 06:37:08,2026-06-29 08:16:21.547384,2026-06-29 08:16:21.547384,\N,\N,\N
133720,1290,2,20,\N,\N,\N,\N,42,42,2026-12-31,1.00,0.00,\N,0.00,f,2026-06-26 06:37:08,2026-06-29 08:16:21.547384,2026-06-29 08:16:21.547384,\N,\N,\N
133721,1314,2,20,\N,\N,\N,\N,42,42,2026-12-31,1.00,0.00,\N,0.00,f,2026-06-26 06:37:08,2026-06-29 08:16:21.547384,2026-06-29 08:16:21.547384,\N,\N,\N
133722,1279,2,20,\N,\N,\N,\N,42,42,2026-12-31,1.00,0.00,\N,0.00,f,2026-06-26 06:37:08,2026-06-29 08:16:21.547384,2026-06-29 08:16:21.547384,\N,\N,\N
133723,1484,2,20,\N,\N,\N,\N,42,42,2026-12-31,1.00,0.00,\N,0.00,f,2026-06-26 06:37:09,2026-06-29 08:16:21.547384,2026-06-29 08:16:21.547384,\N,\N,\N
133724,1495,2,20,\N,\N,\N,\N,42,42,2026-12-31,1.00,0.00,\N,0.00,f,2026-06-26 06:37:09,2026-06-29 08:16:21.547384,2026-06-29 08:16:21.547384,\N,\N,\N
133725,1496,2,20,\N,\N,\N,\N,42,42,2026-12-31,1.00,0.00,\N,0.00,f,2026-06-26 06:37:09,2026-06-29 08:16:21.547384,2026-06-29 08:16:21.547384,\N,\N,\N
133726,1498,2,20,\N,\N,\N,\N,42,42,2026-12-31,1.00,0.00,\N,0.00,f,2026-06-26 06:37:09,2026-06-29 08:16:21.547384,2026-06-29 08:16:21.547384,\N,\N,\N
133727,1502,2,20,\N,\N,\N,\N,42,42,2026-12-31,1.00,0.00,\N,0.00,f,2026-06-26 06:37:09,2026-06-29 08:16:21.547384,2026-06-29 08:16:21.547384,\N,\N,\N
133728,1534,2,20,\N,\N,\N,\N,42,42,2026-12-31,1.00,0.00,\N,0.00,f,2026-06-26 06:37:09,2026-06-29 08:16:21.547384,2026-06-29 08:16:21.547384,\N,\N,\N
133729,1535,2,20,\N,\N,\N,\N,42,42,2026-12-31,1.00,0.00,\N,0.00,f,2026-06-26 06:37:09,2026-06-29 08:16:21.547384,2026-06-29 08:16:21.547384,\N,\N,\N
133730,1540,2,20,\N,\N,\N,\N,42,42,2026-12-31,1.00,0.00,\N,0.00,f,2026-06-26 06:37:09,2026-06-29 08:16:21.547384,2026-06-29 08:16:21.547384,\N,\N,\N
133731,2322,2,20,\N,\N,\N,\N,42,42,2026-12-31,1.00,0.00,\N,0.00,f,2026-06-26 06:37:09,2026-06-29 08:16:21.547384,2026-06-29 08:16:21.547384,\N,\N,\N
133732,1464,2,20,\N,\N,\N,\N,42,42,2026-12-31,1.00,0.00,\N,0.00,f,2026-06-26 06:37:09,2026-06-29 08:16:21.547384,2026-06-29 08:16:21.547384,\N,\N,\N
133733,1465,2,20,\N,\N,\N,\N,42,42,2026-12-31,1.00,0.00,\N,0.00,f,2026-06-26 06:37:09,2026-06-29 08:16:21.547384,2026-06-29 08:16:21.547384,\N,\N,\N
133734,1470,2,20,\N,\N,\N,\N,42,42,2026-12-31,1.00,0.00,\N,0.00,f,2026-06-26 06:37:09,2026-06-29 08:16:21.547384,2026-06-29 08:16:21.547384,\N,\N,\N
133735,1526,2,20,\N,\N,\N,\N,42,42,2026-12-31,1.00,0.00,\N,0.00,f,2026-06-26 06:37:09,2026-06-29 08:16:21.547384,2026-06-29 08:16:21.547384,\N,\N,\N
133736,1530,2,20,\N,\N,\N,\N,42,42,2026-12-31,1.00,0.00,\N,0.00,f,2026-06-26 06:37:09,2026-06-29 08:16:21.547384,2026-06-29 08:16:21.547384,\N,\N,\N
133737,1531,2,20,\N,\N,\N,\N,42,42,2026-12-31,1.00,0.00,\N,0.00,f,2026-06-26 06:37:09,2026-06-29 08:16:21.547384,2026-06-29 08:16:21.547384,\N,\N,\N
133738,2323,2,20,\N,\N,\N,\N,42,42,2026-12-31,1.00,0.00,\N,0.00,f,2026-06-26 06:37:08,2026-06-29 08:16:21.547384,2026-06-29 08:16:21.547384,\N,\N,\N
133739,1514,2,20,\N,\N,\N,\N,42,42,2026-12-31,1.00,0.00,\N,0.00,f,2026-06-26 06:37:08,2026-06-29 08:16:21.547384,2026-06-29 08:16:21.547384,\N,\N,\N
133740,5772,2,20,\N,\N,\N,\N,42,42,2026-12-31,1.00,0.00,\N,0.00,f,2026-06-26 07:33:14,2026-06-29 08:16:21.547384,2026-06-29 08:16:21.547384,\N,\N,\N
133741,1602,2,20,\N,\N,\N,\N,42,42,2026-12-31,1.00,0.00,\N,0.00,f,2026-06-26 06:37:08,2026-06-29 08:16:21.547384,2026-06-29 08:16:21.547384,\N,\N,\N
133742,1830,2,20,\N,\N,\N,\N,42,42,2026-12-31,1.00,0.00,\N,0.00,f,2026-06-26 06:37:08,2026-06-29 08:16:21.547384,2026-06-29 08:16:21.547384,\N,\N,\N
133743,1835,2,20,\N,\N,\N,\N,42,42,2026-12-31,1.00,0.00,\N,0.00,f,2026-06-26 06:37:08,2026-06-29 08:16:21.547384,2026-06-29 08:16:21.547384,\N,\N,\N
133744,1873,2,20,\N,\N,\N,\N,42,42,2026-12-31,1.00,0.00,\N,0.00,f,2026-06-26 06:37:08,2026-06-29 08:16:21.547384,2026-06-29 08:16:21.547384,\N,\N,\N
133745,1874,2,20,\N,\N,\N,\N,42,42,2026-12-31,1.00,0.00,\N,0.00,f,2026-06-26 06:37:08,2026-06-29 08:16:21.547384,2026-06-29 08:16:21.547384,\N,\N,\N
133746,1875,2,20,\N,\N,\N,\N,42,42,2026-12-31,1.00,0.00,\N,0.00,f,2026-06-26 06:37:08,2026-06-29 08:16:21.547384,2026-06-29 08:16:21.547384,\N,\N,\N
133747,1847,2,20,\N,\N,\N,\N,42,42,2026-12-31,1.00,0.00,\N,0.00,f,2026-06-26 06:37:09,2026-06-29 08:16:21.547384,2026-06-29 08:16:21.547384,\N,\N,\N
133748,1882,2,20,\N,\N,\N,\N,42,42,2026-12-31,1.00,0.00,\N,0.00,f,2026-06-26 06:37:09,2026-06-29 08:16:21.547384,2026-06-29 08:16:21.547384,\N,\N,\N
133749,2294,2,20,\N,\N,\N,\N,42,42,2026-12-31,1.00,0.00,\N,0.00,f,2026-06-26 06:37:08,2026-06-29 08:16:21.547384,2026-06-29 08:16:21.547384,\N,\N,\N
133750,1838,2,20,\N,\N,\N,\N,42,42,2026-12-31,1.00,0.00,\N,0.00,f,2026-06-26 06:37:09,2026-06-29 08:16:21.547384,2026-06-29 08:16:21.547384,\N,\N,\N
133751,1839,2,20,\N,\N,\N,\N,42,42,2026-12-31,1.00,0.00,\N,0.00,f,2026-06-26 06:37:09,2026-06-29 08:16:21.547384,2026-06-29 08:16:21.547384,\N,\N,\N
133752,1840,2,20,\N,\N,\N,\N,42,42,2026-12-31,1.00,0.00,\N,0.00,f,2026-06-26 06:37:09,2026-06-29 08:16:21.547384,2026-06-29 08:16:21.547384,\N,\N,\N
133753,1841,2,20,\N,\N,\N,\N,42,42,2026-12-31,1.00,0.00,\N,0.00,f,2026-06-26 06:37:09,2026-06-29 08:16:21.547384,2026-06-29 08:16:21.547384,\N,\N,\N
133754,1877,2,20,\N,\N,\N,\N,42,42,2026-12-31,1.00,0.00,\N,0.00,f,2026-06-26 06:37:09,2026-06-29 08:16:21.547384,2026-06-29 08:16:21.547384,\N,\N,\N
133755,1878,2,20,\N,\N,\N,\N,42,42,2026-12-31,1.00,0.00,\N,0.00,f,2026-06-26 06:37:09,2026-06-29 08:16:21.547384,2026-06-29 08:16:21.547384,\N,\N,\N
133756,1879,2,20,\N,\N,\N,\N,42,42,2026-12-31,1.00,0.00,\N,0.00,f,2026-06-26 06:37:09,2026-06-29 08:16:21.547384,2026-06-29 08:16:21.547384,\N,\N,\N
133757,1854,2,20,\N,\N,\N,\N,42,42,2026-12-31,1.00,0.00,\N,0.00,f,2026-06-26 06:37:09,2026-06-29 08:16:21.547384,2026-06-29 08:16:21.547384,\N,\N,\N
133758,2031,2,20,\N,\N,\N,\N,42,42,2026-12-31,1.00,0.00,\N,0.00,f,2026-06-26 06:37:11,2026-06-29 08:16:21.547384,2026-06-29 08:16:21.547384,\N,\N,\N
133759,2080,2,20,\N,\N,\N,\N,42,42,2026-12-31,1.00,0.00,\N,0.00,f,2026-06-26 06:37:11,2026-06-29 08:16:21.547384,2026-06-29 08:16:21.547384,\N,\N,\N
133760,1950,2,20,\N,\N,\N,\N,42,42,2026-12-31,1.00,0.00,\N,0.00,f,2026-06-26 06:37:12,2026-06-29 08:16:21.547384,2026-06-29 08:16:21.547384,\N,\N,\N
133761,1953,2,20,\N,\N,\N,\N,42,42,2026-12-31,1.00,0.00,\N,0.00,f,2026-06-26 06:37:12,2026-06-29 08:16:21.547384,2026-06-29 08:16:21.547384,\N,\N,\N
133762,1955,2,20,\N,\N,\N,\N,42,42,2026-12-31,1.00,0.00,\N,0.00,f,2026-06-26 06:37:10,2026-06-29 08:16:21.547384,2026-06-29 08:16:21.547384,\N,\N,\N
133763,1988,2,20,\N,\N,\N,\N,42,42,2026-12-31,1.00,0.00,\N,0.00,f,2026-06-26 06:37:09,2026-06-29 08:16:21.547384,2026-06-29 08:16:21.547384,\N,\N,\N
133764,1989,2,20,\N,\N,\N,\N,42,42,2026-12-31,1.00,0.00,\N,0.00,f,2026-06-26 06:37:09,2026-06-29 08:16:21.547384,2026-06-29 08:16:21.547384,\N,\N,\N
133765,1991,2,20,\N,\N,\N,\N,42,42,2026-12-31,1.00,0.00,\N,0.00,f,2026-06-26 06:37:11,2026-06-29 08:16:21.547384,2026-06-29 08:16:21.547384,\N,\N,\N
133766,1992,2,20,\N,\N,\N,\N,42,42,2026-12-31,1.00,0.00,\N,0.00,f,2026-06-26 06:37:11,2026-06-29 08:16:21.547384,2026-06-29 08:16:21.547384,\N,\N,\N
133767,1993,2,20,\N,\N,\N,\N,42,42,2026-12-31,1.00,0.00,\N,0.00,f,2026-06-26 06:37:11,2026-06-29 08:16:21.547384,2026-06-29 08:16:21.547384,\N,\N,\N
133768,1970,2,20,\N,\N,\N,\N,42,42,2026-12-31,1.00,0.00,\N,0.00,f,2026-06-26 06:37:12,2026-06-29 08:16:21.547384,2026-06-29 08:16:21.547384,\N,\N,\N
133769,1971,2,20,\N,\N,\N,\N,42,42,2026-12-31,1.00,0.00,\N,0.00,f,2026-06-26 06:37:12,2026-06-29 08:16:21.547384,2026-06-29 08:16:21.547384,\N,\N,\N
133770,1997,2,20,\N,\N,\N,\N,42,42,2026-12-31,1.00,0.00,\N,0.00,f,2026-06-26 06:37:12,2026-06-29 08:16:21.547384,2026-06-29 08:16:21.547384,\N,\N,\N
133771,1945,2,20,\N,\N,\N,\N,42,42,2026-12-31,1.00,0.00,\N,0.00,f,2026-06-26 06:37:11,2026-06-29 08:16:21.547384,2026-06-29 08:16:21.547384,\N,\N,\N
133772,1947,2,20,\N,\N,\N,\N,42,42,2026-12-31,1.00,0.00,\N,0.00,f,2026-06-26 06:37:11,2026-06-29 08:16:21.547384,2026-06-29 08:16:21.547384,\N,\N,\N
133773,1978,2,20,\N,\N,\N,\N,42,42,2026-12-31,1.00,0.00,\N,0.00,f,2026-06-26 06:37:11,2026-06-29 08:16:21.547384,2026-06-29 08:16:21.547384,\N,\N,\N
130131,1509,1,5,\N,\N,\N,\N,2,61,2026-12-31,2.00,2.00,0.00,0.00,f,2026-06-26 06:37:08,2026-06-26 06:35:08.98363,2026-06-30 08:40:08.684148,\N,\N,\N
130062,637,1,5,\N,\N,\N,\N,2,61,2026-12-31,4.00,0.00,0.00,0.00,f,2026-06-26 06:37:08,2026-06-26 06:35:08.98363,2026-06-30 08:40:08.684148,\N,\N,\N
130093,616,1,5,\N,\N,\N,\N,2,61,2026-12-31,25.00,0.00,0.00,0.00,f,2026-06-26 06:37:08,2026-06-26 06:35:08.98363,2026-06-30 08:40:08.684148,\N,\N,\N
128873,192,1,5,\N,\N,\N,\N,2,2,2026-12-31,3.00,0,0.00,0.00,f,2026-06-26 06:22:24,2026-06-26 06:22:22.906122,2026-06-26 06:36:59.469977,\N,\N,\N
128874,192,1,11,\N,\N,\N,\N,2,2,\N,-3.00,0.00,\N,0.00,f,2026-06-26 06:37:08,2026-06-26 06:22:24.347217,2026-06-26 06:36:59.469977,\N,\N,\N
130407,845,1,5,\N,\N,\N,\N,2,2,2026-12-31,31.00,3.00,0.00,0.00,f,2026-06-26 06:37:09,2026-06-26 06:35:08.98363,2026-07-06 18:22:00.834452,\N,\N,\N
130385,751,1,5,\N,\N,\N,\N,2,2,2026-12-31,62.00,25.00,0.00,0.00,f,2026-06-26 06:37:09,2026-06-26 06:35:08.98363,2026-08-01 10:36:42.497247,\N,\N,\N
130280,2154,1,5,\N,\N,\N,\N,2,2,2026-12-31,71.00,25.00,0.00,0.00,f,2026-06-26 06:37:09,2026-06-26 06:35:08.98363,2026-07-06 19:21:51.451906,\N,\N,\N
130694,1145,1,5,\N,\N,\N,\N,2,42,2026-12-31,4.00,0.00,0.00,0.00,f,2026-06-26 06:37:10,2026-06-26 06:35:08.98363,2026-06-30 08:40:06.67395,\N,\N,\N
131175,2460,1,5,\N,\N,\N,\N,2,42,2026-12-31,11.00,2.00,0.00,0.00,f,2026-06-26 06:37:13,2026-06-26 06:35:08.98363,2026-06-30 08:40:06.67395,\N,\N,\N
132766,5881,1,5,\N,\N,\N,\N,2,42,2026-12-31,145.00,27.00,0.00,0.00,f,2026-06-26 08:57:13,2026-06-26 08:57:13.707273,2026-06-30 08:40:06.67395,\N,\N,\N
130743,273,1,5,\N,\N,\N,\N,2,42,2026-12-31,44.00,2.00,0.00,0.00,f,2026-06-26 06:37:11,2026-06-26 06:35:08.98363,2026-06-30 08:40:06.67395,\N,\N,\N
130222,1191,1,5,\N,\N,\N,\N,2,42,2026-12-31,51.00,5.00,0.00,0.00,f,2026-06-26 06:37:08,2026-06-26 06:35:08.98363,2026-06-30 08:40:06.67395,\N,\N,\N
130309,2315,1,5,\N,\N,\N,\N,2,2,2026-12-31,9.00,7.00,0.00,0.00,f,2026-06-26 06:37:09,2026-06-26 06:35:08.98363,2026-08-01 16:36:42.175949,\N,\N,\N
132750,1086,1,5,\N,\N,\N,\N,2,42,2026-12-31,5301.00,21.00,0.00,0.00,f,2026-06-26 08:41:18,2026-06-26 08:41:18.633051,2026-06-30 08:40:06.67395,\N,\N,\N
132762,5879,1,5,\N,\N,\N,\N,2,42,2026-12-31,286.00,0.00,0.00,0.00,f,2026-06-26 08:53:11,2026-06-26 08:53:10.569144,2026-06-30 08:40:06.67395,\N,\N,\N
132463,1084,1,5,\N,\N,\N,\N,2,42,2026-12-31,1.00,0.00,0.00,0.00,f,2026-06-26 07:33:14,2026-06-26 07:32:51.75853,2026-06-30 08:40:06.67395,\N,\N,\N
132465,1085,1,5,\N,\N,\N,\N,2,42,2026-12-31,1.00,0.00,0.00,0.00,f,2026-06-26 07:33:14,2026-06-26 07:32:51.75853,2026-06-30 08:40:06.67395,\N,\N,\N
131076,2231,1,5,\N,\N,\N,\N,2,42,2026-12-31,1.00,1.00,0.00,0.00,f,2026-06-26 06:37:12,2026-06-26 06:35:08.98363,2026-06-30 08:40:06.67395,\N,\N,\N
130832,468,1,5,\N,\N,\N,\N,2,42,2026-12-31,70.00,5.00,0.00,0.00,f,2026-06-26 06:37:11,2026-06-26 06:35:08.98363,2026-06-30 08:40:06.67395,\N,\N,\N
130939,2212,1,5,\N,\N,\N,\N,2,42,2026-12-31,21.00,3.00,0.00,0.00,f,2026-06-26 06:37:12,2026-06-26 06:35:08.98363,2026-06-30 08:40:06.67395,\N,\N,\N
130959,2224,1,5,\N,\N,\N,\N,2,42,2026-12-31,38.00,3.00,0.00,0.00,f,2026-06-26 06:37:12,2026-06-26 06:35:08.98363,2026-06-30 08:40:06.67395,\N,\N,\N
131081,2236,1,5,\N,\N,\N,\N,2,42,2026-12-31,59.00,3.00,0.00,0.00,f,2026-06-26 06:37:12,2026-06-26 06:35:08.98363,2026-06-30 08:40:06.67395,\N,\N,\N
130561,1392,1,5,\N,\N,\N,\N,2,42,2026-12-31,19.00,3.00,0.00,0.00,f,2026-06-26 06:37:10,2026-06-26 06:35:08.98363,2026-06-30 08:40:06.67395,\N,\N,\N
130560,1391,1,5,\N,\N,\N,\N,2,42,2026-12-31,21.00,4.00,0.00,0.00,f,2026-06-26 06:37:10,2026-06-26 06:35:08.98363,2026-06-30 08:40:06.67395,\N,\N,\N
130535,1734,1,5,\N,\N,\N,\N,2,42,2026-12-31,3.00,1.00,0.00,0.00,f,2026-06-26 06:37:10,2026-06-26 06:35:08.98363,2026-06-30 08:40:06.67395,\N,\N,\N
130263,1843,1,5,\N,\N,\N,\N,2,42,2026-12-31,13.00,3.00,0.00,0.00,f,2026-06-26 06:37:09,2026-06-26 06:35:08.98363,2026-06-30 08:40:06.67395,\N,\N,\N
131127,2403,1,5,\N,\N,\N,\N,2,42,2026-12-31,22.00,3.00,0.00,0.00,f,2026-06-26 06:37:12,2026-06-26 06:35:08.98363,2026-06-30 08:40:06.67395,\N,\N,\N
130971,2035,1,5,\N,\N,\N,\N,2,42,2026-12-31,40.00,5.00,0.00,0.00,f,2026-06-26 06:37:12,2026-06-26 06:35:08.98363,2026-06-30 08:40:06.67395,\N,\N,\N
131119,975,1,5,\N,\N,\N,\N,2,42,2026-12-31,7.00,1.00,0.00,0.00,f,2026-06-26 06:37:12,2026-06-26 06:35:08.98363,2026-06-30 08:40:06.67395,\N,\N,\N
131174,2459,1,5,\N,\N,\N,\N,2,42,2026-12-31,8.00,2.00,0.00,0.00,f,2026-06-26 06:37:13,2026-06-26 06:35:08.98363,2026-06-30 08:40:06.67395,\N,\N,\N
130768,928,1,5,\N,\N,\N,\N,2,42,2026-12-31,31.00,4.00,0.00,0.00,f,2026-06-26 06:37:11,2026-06-26 06:35:08.98363,2026-06-30 08:40:06.67395,\N,\N,\N
130963,2228,1,5,\N,\N,\N,\N,2,42,2026-12-31,21.00,3.00,0.00,0.00,f,2026-06-26 06:37:12,2026-06-26 06:35:08.98363,2026-06-30 08:40:06.67395,\N,\N,\N
130533,1732,1,5,\N,\N,\N,\N,2,42,2026-12-31,7.00,3.00,0.00,0.00,f,2026-06-26 06:37:10,2026-06-26 06:35:08.98363,2026-06-30 08:40:06.67395,\N,\N,\N
130531,1730,1,5,\N,\N,\N,\N,2,42,2026-12-31,10.00,6.00,0.00,0.00,f,2026-06-26 06:37:10,2026-06-26 06:35:08.98363,2026-06-30 08:40:06.67395,\N,\N,\N
130931,2203,1,5,\N,\N,\N,\N,2,42,2026-12-31,26.00,3.00,0.00,0.00,f,2026-06-26 06:37:12,2026-06-26 06:35:08.98363,2026-06-30 08:40:06.67395,\N,\N,\N
131120,976,1,5,\N,\N,\N,\N,2,42,2026-12-31,2.00,0.00,0.00,0.00,f,2026-06-26 06:37:12,2026-06-26 06:35:08.98363,2026-06-30 08:40:06.67395,\N,\N,\N
130383,843,1,5,\N,\N,\N,\N,2,42,2026-12-31,13.00,0.00,0.00,0.00,f,2026-06-26 06:37:09,2026-06-26 06:35:08.98363,2026-06-30 08:40:06.67395,\N,\N,\N
130809,276,1,5,\N,\N,\N,\N,2,42,2026-12-31,7.00,1.00,0.00,0.00,f,2026-06-26 06:37:11,2026-06-26 06:35:08.98363,2026-06-30 08:40:06.67395,\N,\N,\N
130753,258,1,5,\N,\N,\N,\N,2,42,2026-12-31,192.00,4.00,0.00,0.00,f,2026-06-26 06:37:11,2026-06-26 06:35:08.98363,2026-06-30 08:40:06.67395,\N,\N,\N
130672,1955,1,5,\N,\N,\N,\N,2,42,2026-12-31,3.00,0.00,0.00,0.00,f,2026-06-26 06:37:10,2026-06-26 06:35:08.98363,2026-06-30 08:40:06.67395,\N,\N,\N
130392,839,1,5,\N,\N,\N,\N,2,2,2026-12-31,6.00,1.00,0.00,0.00,f,2026-06-26 06:37:09,2026-06-26 06:35:08.98363,2026-07-18 06:21:21.794477,\N,\N,\N
130208,1165,1,5,\N,\N,\N,\N,2,2,2026-12-31,6.00,4.00,0.00,0.00,f,2026-06-26 06:37:08,2026-06-26 06:35:08.98363,2026-07-25 03:36:18.391215,\N,\N,\N
130318,1502,1,5,\N,\N,\N,\N,2,2,2026-12-31,15.00,15.00,0.00,0.00,f,2026-06-26 06:37:09,2026-06-26 06:35:08.98363,2026-08-02 00:51:15.205826,\N,\N,\N
130293,1004,1,5,\N,\N,\N,\N,2,2,2026-12-31,16.00,16.00,0.00,0.00,f,2026-06-26 06:37:09,2026-06-26 06:35:08.98363,2026-07-30 08:36:23.760975,\N,\N,\N
130315,1499,1,5,\N,\N,\N,\N,2,2,2026-12-31,32.00,32.00,0.00,0.00,f,2026-06-26 06:37:09,2026-06-26 06:35:08.98363,2026-08-02 01:51:38.419754,\N,\N,\N
130497,762,1,5,\N,\N,\N,\N,2,2,2026-12-31,16.00,8.00,0.00,0.00,f,2026-06-26 06:37:10,2026-06-26 06:35:08.98363,2026-07-28 20:21:52.537503,\N,\N,\N
130413,2358,1,5,\N,\N,\N,\N,2,2,2026-12-31,15.00,15.00,0.00,0.00,f,2026-06-26 06:37:09,2026-06-26 06:35:08.98363,2026-07-24 06:51:12.281004,\N,\N,\N
130239,2294,1,5,\N,\N,\N,\N,2,2,2026-12-31,25.00,4.00,0.00,0.00,f,2026-06-26 06:37:08,2026-06-26 06:35:08.98363,2026-07-31 09:06:19.703232,\N,\N,\N
130249,2297,1,5,\N,\N,\N,\N,2,2,2026-12-31,20.00,4.00,0.00,0.00,f,2026-06-26 06:37:09,2026-06-26 06:35:08.98363,2026-08-02 09:21:34.357204,\N,\N,\N
130219,1177,1,5,\N,\N,\N,\N,2,2,2026-12-31,37.00,16.00,0.00,0.00,f,2026-06-26 06:37:08,2026-06-26 06:35:08.98363,2026-07-25 17:06:36.901598,\N,\N,\N
130730,438,1,5,\N,\N,\N,\N,2,42,2026-12-31,62.00,3.00,0.00,0.00,f,2026-06-26 06:37:11,2026-06-26 06:35:08.98363,2026-06-30 08:40:06.67395,\N,\N,\N
130731,439,1,5,\N,\N,\N,\N,2,42,2026-12-31,19.00,1.00,0.00,0.00,f,2026-06-26 06:37:11,2026-06-26 06:35:08.98363,2026-06-30 08:40:06.67395,\N,\N,\N
130243,1833,1,5,\N,\N,\N,\N,2,2,2026-12-31,26.00,26.00,0.00,0.00,f,2026-06-26 06:37:08,2026-06-26 06:35:08.98363,2026-08-03 00:36:20.359613,\N,\N,\N
130244,1834,1,5,\N,\N,\N,\N,2,2,2026-12-31,56.00,34.00,0.00,0.00,f,2026-06-26 06:37:08,2026-06-26 06:35:08.98363,2026-08-03 04:36:30.330104,\N,\N,\N
134973,2233,7,59,\N,\N,\N,\N,42,42,2026-12-31,1.00,0.00,\N,0.00,f,2026-06-26 06:37:12,2026-06-30 08:43:48.477258,2026-06-30 08:43:48.477258,\N,\N,\N
134976,2235,7,59,\N,\N,\N,\N,42,42,2026-12-31,1.00,0.00,\N,0.00,f,2026-06-26 06:37:12,2026-06-30 08:43:48.477258,2026-06-30 08:43:48.477258,\N,\N,\N
134979,2237,7,59,\N,\N,\N,\N,42,42,2026-12-31,1.00,0.00,\N,0.00,f,2026-06-26 06:37:12,2026-06-30 08:43:48.477258,2026-06-30 08:43:48.477258,\N,\N,\N
134982,2258,7,59,\N,\N,\N,\N,42,42,2026-12-31,1.00,0.00,\N,0.00,f,2026-06-26 06:37:12,2026-06-30 08:43:48.477258,2026-06-30 08:43:48.477258,\N,\N,\N
134985,2263,7,59,\N,\N,\N,\N,42,42,2026-12-31,1.00,0.00,\N,0.00,f,2026-06-26 06:37:12,2026-06-30 08:43:48.477258,2026-06-30 08:43:48.477258,\N,\N,\N
134988,276,7,59,\N,\N,\N,\N,42,42,2026-12-31,1.00,0.00,\N,0.00,f,2026-06-26 06:37:11,2026-06-30 08:43:48.477258,2026-06-30 08:43:48.477258,\N,\N,\N
134991,283,7,59,\N,\N,\N,\N,42,42,2026-12-31,1.00,0.00,\N,0.00,f,2026-06-26 06:37:11,2026-06-30 08:43:48.477258,2026-06-30 08:43:48.477258,\N,\N,\N
134994,258,7,59,\N,\N,\N,\N,42,42,2026-12-31,1.00,0.00,\N,0.00,f,2026-06-26 06:37:11,2026-06-30 08:43:48.477258,2026-06-30 08:43:48.477258,\N,\N,\N
134998,274,7,59,\N,\N,\N,\N,42,42,2026-12-31,1.00,0.00,\N,0.00,f,2026-06-26 06:37:11,2026-06-30 08:43:48.477258,2026-06-30 08:43:48.477258,\N,\N,\N
135001,346,7,59,\N,\N,\N,\N,42,42,2026-12-31,1.00,0.00,\N,0.00,f,2026-06-26 06:37:12,2026-06-30 08:43:48.477258,2026-06-30 08:43:48.477258,\N,\N,\N
135005,347,7,59,\N,\N,\N,\N,42,42,2026-12-31,1.00,0.00,\N,0.00,f,2026-06-26 06:37:12,2026-06-30 08:43:48.477258,2026-06-30 08:43:48.477258,\N,\N,\N
135008,2459,7,59,\N,\N,\N,\N,42,42,2026-12-31,1.00,0.00,\N,0.00,f,2026-06-26 06:37:13,2026-06-30 08:43:48.477258,2026-06-30 08:43:48.477258,\N,\N,\N
135011,2460,7,59,\N,\N,\N,\N,42,42,2026-12-31,1.00,0.00,\N,0.00,f,2026-06-26 06:37:13,2026-06-30 08:43:48.477258,2026-06-30 08:43:48.477258,\N,\N,\N
135014,2385,7,59,\N,\N,\N,\N,42,42,2026-12-31,1.00,0.00,\N,0.00,f,2026-06-26 06:37:12,2026-06-30 08:43:48.477258,2026-06-30 08:43:48.477258,\N,\N,\N
135017,2391,7,59,\N,\N,\N,\N,42,42,2026-12-31,1.00,0.00,\N,0.00,f,2026-06-26 06:37:13,2026-06-30 08:43:48.477258,2026-06-30 08:43:48.477258,\N,\N,\N
135020,352,7,59,\N,\N,\N,\N,42,42,2026-12-31,1.00,0.00,\N,0.00,f,2026-06-26 06:37:12,2026-06-30 08:43:48.477258,2026-06-30 08:43:48.477258,\N,\N,\N
135023,360,7,59,\N,\N,\N,\N,42,42,2026-12-31,1.00,0.00,\N,0.00,f,2026-06-26 06:37:12,2026-06-30 08:43:48.477258,2026-06-30 08:43:48.477258,\N,\N,\N
135026,332,7,59,\N,\N,\N,\N,42,42,2026-12-31,1.00,0.00,\N,0.00,f,2026-06-26 06:37:11,2026-06-30 08:43:48.477258,2026-06-30 08:43:48.477258,\N,\N,\N
135029,803,7,59,\N,\N,\N,\N,42,42,2026-12-31,1.00,0.00,\N,0.00,f,2026-06-26 06:37:09,2026-06-30 08:43:48.477258,2026-06-30 08:43:48.477258,\N,\N,\N
135032,839,7,59,\N,\N,\N,\N,42,42,2026-12-31,1.00,0.00,\N,0.00,f,2026-06-26 06:37:09,2026-06-30 08:43:48.477258,2026-06-30 08:43:48.477258,\N,\N,\N
135035,819,7,59,\N,\N,\N,\N,42,42,2026-12-31,1.00,0.00,\N,0.00,f,2026-06-26 06:37:08,2026-06-30 08:43:48.477258,2026-06-30 08:43:48.477258,\N,\N,\N
135040,762,7,59,\N,\N,\N,\N,42,42,2026-12-31,1.00,0.00,\N,0.00,f,2026-06-26 06:37:10,2026-06-30 08:43:48.477258,2026-06-30 08:43:48.477258,\N,\N,\N
135043,764,7,59,\N,\N,\N,\N,42,42,2026-12-31,1.00,0.00,\N,0.00,f,2026-06-26 06:37:10,2026-06-30 08:43:48.477258,2026-06-30 08:43:48.477258,\N,\N,\N
135046,830,7,59,\N,\N,\N,\N,42,42,2026-12-31,1.00,0.00,\N,0.00,f,2026-06-26 06:37:08,2026-06-30 08:43:48.477258,2026-06-30 08:43:48.477258,\N,\N,\N
135049,937,7,59,\N,\N,\N,\N,42,42,2026-12-31,1.00,0.00,\N,0.00,f,2026-06-26 06:37:11,2026-06-30 08:43:48.477258,2026-06-30 08:43:48.477258,\N,\N,\N
135052,946,7,59,\N,\N,\N,\N,42,42,2026-12-31,1.00,0.00,\N,0.00,f,2026-06-26 06:37:11,2026-06-30 08:43:48.477258,2026-06-30 08:43:48.477258,\N,\N,\N
135055,856,7,59,\N,\N,\N,\N,42,42,2026-12-31,1.00,0.00,\N,0.00,f,2026-06-26 06:37:09,2026-06-30 08:43:48.477258,2026-06-30 08:43:48.477258,\N,\N,\N
135058,975,7,59,\N,\N,\N,\N,42,42,2026-12-31,1.00,0.00,\N,0.00,f,2026-06-26 06:37:12,2026-06-30 08:43:48.477258,2026-06-30 08:43:48.477258,\N,\N,\N
135061,976,7,59,\N,\N,\N,\N,42,42,2026-12-31,1.00,0.00,\N,0.00,f,2026-06-26 06:37:12,2026-06-30 08:43:48.477258,2026-06-30 08:43:48.477258,\N,\N,\N
135064,1004,7,59,\N,\N,\N,\N,42,42,2026-12-31,1.00,0.00,\N,0.00,f,2026-06-26 06:37:09,2026-06-30 08:43:48.477258,2026-06-30 08:43:48.477258,\N,\N,\N
135067,1006,7,59,\N,\N,\N,\N,42,42,2026-12-31,1.00,0.00,\N,0.00,f,2026-06-26 06:37:09,2026-06-30 08:43:48.477258,2026-06-30 08:43:48.477258,\N,\N,\N
135070,1005,7,59,\N,\N,\N,\N,42,42,2026-12-31,1.00,0.00,\N,0.00,f,2026-06-26 06:37:09,2026-06-30 08:43:48.477258,2026-06-30 08:43:48.477258,\N,\N,\N
135073,5871,7,59,\N,\N,\N,\N,42,42,2026-12-31,1.00,0.00,\N,0.00,f,2026-06-26 08:51:55,2026-06-30 08:43:48.477258,2026-06-30 08:43:48.477258,\N,\N,\N
135077,1087,7,59,\N,\N,\N,\N,42,42,2026-12-31,1.00,0.00,\N,0.00,f,2026-06-26 06:37:12,2026-06-30 08:43:48.477258,2026-06-30 08:43:48.477258,\N,\N,\N
135080,2406,7,59,\N,\N,\N,\N,42,42,2026-12-31,1.00,0.00,\N,0.00,f,2026-06-26 06:37:12,2026-06-30 08:43:48.477258,2026-06-30 08:43:48.477258,\N,\N,\N
135083,2408,7,59,\N,\N,\N,\N,42,42,2026-12-31,1.00,0.00,\N,0.00,f,2026-06-26 06:37:12,2026-06-30 08:43:48.477258,2026-06-30 08:43:48.477258,\N,\N,\N
135086,1895,7,59,\N,\N,\N,\N,42,42,2026-12-31,1.00,0.00,\N,0.00,f,2026-06-26 07:33:14,2026-06-30 08:43:48.477258,2026-06-30 08:43:48.477258,\N,\N,\N
135090,1936,7,59,\N,\N,\N,\N,42,42,2026-12-31,1.00,0.00,\N,0.00,f,2026-06-26 07:33:14,2026-06-30 08:43:48.477258,2026-06-30 08:43:48.477258,\N,\N,\N
135093,1165,7,59,\N,\N,\N,\N,42,42,2026-12-31,1.00,0.00,\N,0.00,f,2026-06-26 06:37:08,2026-06-30 08:43:48.477258,2026-06-30 08:43:48.477258,\N,\N,\N
135096,1171,7,59,\N,\N,\N,\N,42,42,2026-12-31,1.00,0.00,\N,0.00,f,2026-06-26 06:37:08,2026-06-30 08:43:48.477258,2026-06-30 08:43:48.477258,\N,\N,\N
135099,1172,7,59,\N,\N,\N,\N,42,42,2026-12-31,1.00,0.00,\N,0.00,f,2026-06-26 06:37:08,2026-06-30 08:43:48.477258,2026-06-30 08:43:48.477258,\N,\N,\N
135102,1499,7,59,\N,\N,\N,\N,42,42,2026-12-31,1.00,0.00,\N,0.00,f,2026-06-26 06:37:09,2026-06-30 08:43:48.477258,2026-06-30 08:43:48.477258,\N,\N,\N
135105,1502,7,59,\N,\N,\N,\N,42,42,2026-12-31,1.00,0.00,\N,0.00,f,2026-06-26 06:37:09,2026-06-30 08:43:48.477258,2026-06-30 08:43:48.477258,\N,\N,\N
135107,1534,7,59,\N,\N,\N,\N,42,42,2026-12-31,1.00,0.00,\N,0.00,f,2026-06-26 06:37:09,2026-06-30 08:43:48.477258,2026-06-30 08:43:48.477258,\N,\N,\N
135109,1535,7,59,\N,\N,\N,\N,42,42,2026-12-31,1.00,0.00,\N,0.00,f,2026-06-26 06:37:09,2026-06-30 08:43:48.477258,2026-06-30 08:43:48.477258,\N,\N,\N
135111,1467,7,59,\N,\N,\N,\N,42,42,2026-12-31,1.00,0.00,\N,0.00,f,2026-06-26 06:37:09,2026-06-30 08:43:48.477258,2026-06-30 08:43:48.477258,\N,\N,\N
135113,1468,7,59,\N,\N,\N,\N,42,42,2026-12-31,1.00,0.00,\N,0.00,f,2026-06-26 06:37:09,2026-06-30 08:43:48.477258,2026-06-30 08:43:48.477258,\N,\N,\N
135115,1469,7,59,\N,\N,\N,\N,42,42,2026-12-31,1.00,0.00,\N,0.00,f,2026-06-26 06:37:09,2026-06-30 08:43:48.477258,2026-06-30 08:43:48.477258,\N,\N,\N
135117,1532,7,59,\N,\N,\N,\N,42,42,2026-12-31,1.00,0.00,\N,0.00,f,2026-06-26 06:37:09,2026-06-30 08:43:48.477258,2026-06-30 08:43:48.477258,\N,\N,\N
135119,1709,7,59,\N,\N,\N,\N,42,42,2026-12-31,1.00,0.00,\N,0.00,f,2026-06-26 06:37:10,2026-06-30 08:43:48.477258,2026-06-30 08:43:48.477258,\N,\N,\N
135120,1730,7,59,\N,\N,\N,\N,42,42,2026-12-31,1.00,0.00,\N,0.00,f,2026-06-26 06:37:10,2026-06-30 08:43:48.477258,2026-06-30 08:43:48.477258,\N,\N,\N
135121,1732,7,59,\N,\N,\N,\N,42,42,2026-12-31,1.00,0.00,\N,0.00,f,2026-06-26 06:37:10,2026-06-30 08:43:48.477258,2026-06-30 08:43:48.477258,\N,\N,\N
135122,1602,7,59,\N,\N,\N,\N,42,42,2026-12-31,1.00,0.00,\N,0.00,f,2026-06-26 06:37:08,2026-06-30 08:43:48.477258,2026-06-30 08:43:48.477258,\N,\N,\N
130815,282,1,5,\N,\N,\N,\N,2,42,2026-12-31,28.00,6.00,0.00,0.00,f,2026-06-26 06:37:11,2026-06-26 06:35:08.98363,2026-06-30 08:40:06.67395,\N,\N,\N
130850,1118,1,5,\N,\N,\N,\N,2,2,2026-12-31,6.00,3.00,0.00,0.00,f,2026-06-26 06:37:11,2026-06-26 06:35:08.98363,2026-07-17 07:21:26.18647,\N,\N,\N
130206,1163,1,5,\N,\N,\N,\N,2,2,2026-12-31,31.00,13.00,0.00,0.00,f,2026-06-26 06:37:08,2026-06-26 06:35:08.98363,2026-07-27 11:21:53.011445,\N,\N,\N
130334,1538,1,5,\N,\N,\N,\N,2,2,2026-12-31,19.00,9.00,0.00,0.00,f,2026-06-26 06:37:09,2026-06-26 06:35:08.98363,2026-07-29 07:36:16.021669,\N,\N,\N
130490,869,1,5,\N,\N,\N,\N,2,46,2026-12-31,10.00,0.00,0.00,0.00,f,2026-06-26 06:37:10,2026-06-26 06:35:08.98363,2026-06-30 08:40:07.557949,\N,\N,\N
131152,2389,1,5,\N,\N,\N,\N,2,46,2026-12-31,213.00,6.00,0.00,0.00,f,2026-06-26 06:37:12,2026-06-26 06:35:08.98363,2026-06-30 08:40:07.557949,\N,\N,\N
131155,2392,1,5,\N,\N,\N,\N,2,46,2026-12-31,7.00,2.00,0.00,0.00,f,2026-06-26 06:37:13,2026-06-26 06:35:08.98363,2026-06-30 08:40:07.557949,\N,\N,\N
132485,1903,1,5,\N,\N,\N,\N,2,46,2026-12-31,7.00,2.00,0.00,0.00,f,2026-06-26 07:33:14,2026-06-26 07:32:51.75853,2026-06-30 08:40:07.557949,\N,\N,\N
132499,1927,1,5,\N,\N,\N,\N,2,46,2026-12-31,31.00,2.00,0.00,0.00,f,2026-06-26 07:33:14,2026-06-26 07:32:51.75853,2026-06-30 08:40:07.557949,\N,\N,\N
132472,1920,1,5,\N,\N,\N,\N,2,46,2026-12-31,1.00,0.00,0.00,0.00,f,2026-06-26 07:33:14,2026-06-26 07:32:51.75853,2026-06-30 08:40:07.557949,\N,\N,\N
132473,1917,1,5,\N,\N,\N,\N,2,46,2026-12-31,4.00,0.00,0.00,0.00,f,2026-06-26 07:33:14,2026-06-26 07:32:51.75853,2026-06-30 08:40:07.557949,\N,\N,\N
132481,1915,1,5,\N,\N,\N,\N,2,46,2026-12-31,3.00,0.00,0.00,0.00,f,2026-06-26 07:33:14,2026-06-26 07:32:51.75853,2026-06-30 08:40:07.557949,\N,\N,\N
132482,1913,1,5,\N,\N,\N,\N,2,46,2026-12-31,2.00,0.00,0.00,0.00,f,2026-06-26 07:33:14,2026-06-26 07:32:51.75853,2026-06-30 08:40:07.557949,\N,\N,\N
131032,338,1,5,\N,\N,\N,\N,2,46,2026-12-31,111.00,1.00,0.00,0.00,f,2026-06-26 06:37:12,2026-06-26 06:35:08.98363,2026-06-30 08:40:07.557949,\N,\N,\N
131079,2234,1,5,\N,\N,\N,\N,2,46,2026-12-31,11.00,1.00,0.00,0.00,f,2026-06-26 06:37:12,2026-06-26 06:35:08.98363,2026-06-30 08:40:07.557949,\N,\N,\N
130709,2194,1,5,\N,\N,\N,\N,2,46,2026-12-31,13.00,5.00,0.00,0.00,f,2026-06-26 06:37:11,2026-06-26 06:35:08.98363,2026-06-30 08:40:07.557949,\N,\N,\N
131075,2230,1,5,\N,\N,\N,\N,2,46,2026-12-31,25.00,3.00,0.00,0.00,f,2026-06-26 06:37:12,2026-06-26 06:35:08.98363,2026-06-30 08:40:07.557949,\N,\N,\N
130957,2222,1,5,\N,\N,\N,\N,2,46,2026-12-31,11.00,2.00,0.00,0.00,f,2026-06-26 06:37:12,2026-06-26 06:35:08.98363,2026-06-30 08:40:07.557949,\N,\N,\N
132474,1914,1,5,\N,\N,\N,\N,2,46,2026-12-31,3.00,1.00,0.00,0.00,f,2026-06-26 07:33:14,2026-06-26 07:32:51.75853,2026-06-30 08:40:07.557949,\N,\N,\N
132479,1912,1,5,\N,\N,\N,\N,2,46,2026-12-31,10.00,2.00,0.00,0.00,f,2026-06-26 07:33:14,2026-06-26 07:32:51.75853,2026-06-30 08:40:07.557949,\N,\N,\N
132493,1931,1,5,\N,\N,\N,\N,2,46,2026-12-31,46.00,1.00,0.00,0.00,f,2026-06-26 07:33:14,2026-06-26 07:32:51.75853,2026-06-30 08:40:07.557949,\N,\N,\N
130771,936,1,5,\N,\N,\N,\N,2,46,2026-12-31,13.00,4.00,0.00,0.00,f,2026-06-26 06:37:11,2026-06-26 06:35:08.98363,2026-06-30 08:40:07.557949,\N,\N,\N
132477,1904,1,5,\N,\N,\N,\N,2,46,2026-12-31,7.00,1.00,0.00,0.00,f,2026-06-26 07:33:14,2026-06-26 07:32:51.75853,2026-06-30 08:40:07.557949,\N,\N,\N
132494,1930,1,5,\N,\N,\N,\N,2,46,2026-12-31,21.00,4.00,0.00,0.00,f,2026-06-26 07:33:14,2026-06-26 07:32:51.75853,2026-06-30 08:40:07.557949,\N,\N,\N
130722,2017,1,5,\N,\N,\N,\N,2,46,2026-12-31,12.00,2.00,0.00,0.00,f,2026-06-26 06:37:11,2026-06-26 06:35:08.98363,2026-06-30 08:40:07.557949,\N,\N,\N
130324,1528,1,5,\N,\N,\N,\N,2,2,2026-12-31,255.00,81.00,0.00,0.00,f,2026-06-26 06:37:09,2026-06-26 06:35:08.98363,2026-08-02 04:07:00.589222,\N,\N,\N
130288,997,1,5,\N,\N,\N,\N,2,46,2026-12-31,16.00,3.00,0.00,0.00,f,2026-06-26 06:37:09,2026-06-26 06:35:08.98363,2026-06-30 08:40:07.557949,\N,\N,\N
131153,2390,1,5,\N,\N,\N,\N,2,46,2026-12-31,149.00,2.00,0.00,0.00,f,2026-06-26 06:37:12,2026-06-26 06:35:08.98363,2026-06-30 08:40:07.557949,\N,\N,\N
130772,932,1,5,\N,\N,\N,\N,2,46,2026-12-31,21.00,3.00,0.00,0.00,f,2026-06-26 06:37:11,2026-06-26 06:35:08.98363,2026-06-30 08:40:07.557949,\N,\N,\N
130713,2026,1,5,\N,\N,\N,\N,2,46,2026-12-31,17.00,6.00,0.00,0.00,f,2026-06-26 06:37:11,2026-06-26 06:35:08.98363,2026-06-30 08:40:07.557949,\N,\N,\N
130241,1831,1,5,\N,\N,\N,\N,2,2,2026-12-31,28.00,10.00,0.00,0.00,f,2026-06-26 06:37:08,2026-06-26 06:35:08.98363,2026-08-02 12:06:36.615723,\N,\N,\N
130986,2008,1,5,\N,\N,\N,\N,2,46,2026-12-31,18.00,3.00,0.00,0.00,f,2026-06-26 06:37:12,2026-06-26 06:35:08.98363,2026-06-30 08:40:07.557949,\N,\N,\N
130762,910,1,5,\N,\N,\N,\N,2,46,2026-12-31,19.00,8.00,0.00,0.00,f,2026-06-26 06:37:11,2026-06-26 06:35:08.98363,2026-06-30 08:40:07.557949,\N,\N,\N
132469,1893,1,5,\N,\N,\N,\N,2,46,2026-12-31,65.00,6.00,0.00,0.00,f,2026-06-26 07:33:14,2026-06-26 07:32:51.75853,2026-06-30 08:40:07.557949,\N,\N,\N
130398,837,1,5,\N,\N,\N,\N,2,46,2026-12-31,7.00,0.00,0.00,0.00,f,2026-06-26 06:37:09,2026-06-26 06:35:08.98363,2026-06-30 08:40:07.557949,\N,\N,\N
130397,836,1,5,\N,\N,\N,\N,2,46,2026-12-31,16.00,3.00,0.00,0.00,f,2026-06-26 06:37:09,2026-06-26 06:35:08.98363,2026-06-30 08:40:07.557949,\N,\N,\N
131149,2386,1,5,\N,\N,\N,\N,2,46,2026-12-31,23.00,7.00,0.00,0.00,f,2026-06-26 06:37:12,2026-06-26 06:35:08.98363,2026-06-30 08:40:07.557949,\N,\N,\N
130078,628,1,5,\N,\N,\N,\N,2,46,2026-12-31,74.00,0.00,0.00,0.00,f,2026-06-26 06:37:08,2026-06-26 06:35:08.98363,2026-06-30 08:40:07.557949,\N,\N,\N
130806,331,1,5,\N,\N,\N,\N,2,46,2026-12-31,172.00,2.00,0.00,0.00,f,2026-06-26 06:37:11,2026-06-26 06:35:08.98363,2026-06-30 08:40:07.557949,\N,\N,\N
130114,1620,1,5,\N,\N,\N,\N,2,46,2026-12-31,9.00,1.00,0.00,0.00,f,2026-06-26 06:37:08,2026-06-26 06:35:08.98363,2026-06-30 08:40:07.557949,\N,\N,\N
135123,1830,7,59,\N,\N,\N,\N,42,42,2026-12-31,1.00,0.00,\N,0.00,f,2026-06-26 06:37:08,2026-06-30 08:43:48.477258,2026-06-30 08:43:48.477258,\N,\N,\N
135124,1833,7,59,\N,\N,\N,\N,42,42,2026-12-31,1.00,0.00,\N,0.00,f,2026-06-26 06:37:08,2026-06-30 08:43:48.477258,2026-06-30 08:43:48.477258,\N,\N,\N
135125,1874,7,59,\N,\N,\N,\N,42,42,2026-12-31,1.00,0.00,\N,0.00,f,2026-06-26 06:37:08,2026-06-30 08:43:48.477258,2026-06-30 08:43:48.477258,\N,\N,\N
135126,1842,7,59,\N,\N,\N,\N,42,42,2026-12-31,1.00,0.00,\N,0.00,f,2026-06-26 06:37:09,2026-06-30 08:43:48.477258,2026-06-30 08:43:48.477258,\N,\N,\N
135127,1844,7,59,\N,\N,\N,\N,42,42,2026-12-31,1.00,0.00,\N,0.00,f,2026-06-26 06:37:09,2026-06-30 08:43:48.477258,2026-06-30 08:43:48.477258,\N,\N,\N
135128,1812,7,59,\N,\N,\N,\N,42,42,2026-12-31,1.00,0.00,\N,0.00,f,2026-06-26 06:37:08,2026-06-30 08:43:48.477258,2026-06-30 08:43:48.477258,\N,\N,\N
135129,1863,7,59,\N,\N,\N,\N,42,42,2026-12-31,1.00,0.00,\N,0.00,f,2026-06-26 06:37:08,2026-06-30 08:43:48.477258,2026-06-30 08:43:48.477258,\N,\N,\N
135130,1838,7,59,\N,\N,\N,\N,42,42,2026-12-31,1.00,0.00,\N,0.00,f,2026-06-26 06:37:09,2026-06-30 08:43:48.477258,2026-06-30 08:43:48.477258,\N,\N,\N
135131,5879,7,59,\N,\N,\N,\N,42,42,2026-12-31,1.00,0.00,\N,0.00,f,2026-06-26 08:53:11,2026-06-30 08:43:48.477258,2026-06-30 08:43:48.477258,\N,\N,\N
135132,2027,7,59,\N,\N,\N,\N,42,42,2026-12-31,1.00,0.00,\N,0.00,f,2026-06-26 06:37:11,2026-06-30 08:43:48.477258,2026-06-30 08:43:48.477258,\N,\N,\N
135133,2036,7,59,\N,\N,\N,\N,42,42,2026-12-31,1.00,0.00,\N,0.00,f,2026-06-26 06:37:12,2026-06-30 08:43:48.477258,2026-06-30 08:43:48.477258,\N,\N,\N
135134,1951,7,59,\N,\N,\N,\N,42,42,2026-12-31,1.00,0.00,\N,0.00,f,2026-06-26 06:37:12,2026-06-30 08:43:48.477258,2026-06-30 08:43:48.477258,\N,\N,\N
135135,2220,7,59,\N,\N,\N,\N,42,42,2026-12-31,1.00,0.00,\N,0.00,f,2026-06-26 06:37:12,2026-06-30 08:43:48.477258,2026-06-30 08:43:48.477258,\N,\N,\N
135136,273,7,59,\N,\N,\N,\N,42,42,2026-12-31,1.00,0.00,\N,0.00,f,2026-06-26 06:37:11,2026-06-30 08:43:48.477258,2026-06-30 08:43:48.477258,\N,\N,\N
130333,1537,1,5,\N,\N,\N,\N,2,2,2026-12-31,24.00,16.00,0.00,0.00,f,2026-06-26 06:37:09,2026-06-26 06:35:08.98363,2026-07-29 07:21:17.715374,\N,\N,\N
130253,1839,1,5,\N,\N,\N,\N,2,2,2026-12-31,34.00,34.00,0.00,0.00,f,2026-06-26 06:37:09,2026-06-26 06:35:08.98363,2026-07-17 06:21:15.354607,\N,\N,\N
130242,1832,1,5,\N,\N,\N,\N,2,2,2026-12-31,43.00,37.00,0.00,0.00,f,2026-06-26 06:37:08,2026-06-26 06:35:08.98363,2026-08-03 00:36:26.092479,\N,\N,\N
130217,1175,1,5,\N,\N,\N,\N,2,2,2026-12-31,64.00,47.00,0.00,0.00,f,2026-06-26 06:37:08,2026-06-26 06:35:08.98363,2026-07-29 16:36:36.761235,\N,\N,\N
130322,1526,1,5,\N,\N,\N,\N,2,2,2026-12-31,197.00,41.00,0.00,0.00,f,2026-06-26 06:37:09,2026-06-26 06:35:08.98363,2026-08-01 02:21:23.839135,\N,\N,\N
130390,756,1,5,\N,\N,\N,\N,2,2,2026-12-31,33.00,17.00,0.00,0.00,f,2026-06-26 06:37:09,2026-06-26 06:35:08.98363,2026-07-30 01:51:43.161301,\N,\N,\N
130285,1002,1,5,\N,\N,\N,\N,2,2,2026-12-31,36.00,13.00,0.00,0.00,f,2026-06-26 06:37:09,2026-06-26 06:35:08.98363,2026-07-14 18:36:44.059922,\N,\N,\N
130232,1814,1,5,\N,\N,\N,\N,2,2,2026-12-31,56.00,32.00,0.00,0.00,f,2026-06-26 06:37:08,2026-06-26 06:35:08.98363,2026-07-29 03:37:11.084823,\N,\N,\N
130312,1496,1,5,\N,\N,\N,\N,2,2,2026-12-31,28.00,23.00,0.00,0.00,f,2026-06-26 06:37:09,2026-06-26 06:35:08.98363,2026-08-01 18:06:22.310477,\N,\N,\N
134703,2390,9,71,\N,\N,\N,\N,46,46,2026-12-31,3.00,0.00,\N,0.00,f,2026-06-26 06:37:12,2026-06-30 08:43:48.163745,2026-06-30 08:43:48.163745,\N,\N,\N
134705,353,9,71,\N,\N,\N,\N,46,46,2026-12-31,3.00,0.00,\N,0.00,f,2026-06-26 06:37:12,2026-06-30 08:43:48.163745,2026-06-30 08:43:48.163745,\N,\N,\N
134707,797,9,71,\N,\N,\N,\N,46,46,2026-12-31,3.00,0.00,\N,0.00,f,2026-06-26 06:37:10,2026-06-30 08:43:48.163745,2026-06-30 08:43:48.163745,\N,\N,\N
134709,844,9,71,\N,\N,\N,\N,46,46,2026-12-31,3.00,0.00,\N,0.00,f,2026-06-26 06:37:10,2026-06-30 08:43:48.163745,2026-06-30 08:43:48.163745,\N,\N,\N
134711,808,9,71,\N,\N,\N,\N,46,46,2026-12-31,3.00,0.00,\N,0.00,f,2026-06-26 06:37:08,2026-06-30 08:43:48.163745,2026-06-30 08:43:48.163745,\N,\N,\N
134713,812,9,71,\N,\N,\N,\N,46,46,2026-12-31,3.00,0.00,\N,0.00,f,2026-06-26 06:37:08,2026-06-30 08:43:48.163745,2026-06-30 08:43:48.163745,\N,\N,\N
134715,803,9,71,\N,\N,\N,\N,46,46,2026-12-31,3.00,0.00,\N,0.00,f,2026-06-26 06:37:09,2026-06-30 08:43:48.163745,2026-06-30 08:43:48.163745,\N,\N,\N
134718,805,9,71,\N,\N,\N,\N,46,46,2026-12-31,3.00,0.00,\N,0.00,f,2026-06-26 06:37:09,2026-06-30 08:43:48.163745,2026-06-30 08:43:48.163745,\N,\N,\N
134720,779,9,71,\N,\N,\N,\N,46,46,2026-12-31,3.00,0.00,\N,0.00,f,2026-06-26 06:37:08,2026-06-30 08:43:48.163745,2026-06-30 08:43:48.163745,\N,\N,\N
134722,781,9,71,\N,\N,\N,\N,46,46,2026-12-31,3.00,0.00,\N,0.00,f,2026-06-26 06:37:08,2026-06-30 08:43:48.163745,2026-06-30 08:43:48.163745,\N,\N,\N
134724,842,9,71,\N,\N,\N,\N,46,46,2026-12-31,3.00,0.00,\N,0.00,f,2026-06-26 06:37:08,2026-06-30 08:43:48.163745,2026-06-30 08:43:48.163745,\N,\N,\N
134726,836,9,71,\N,\N,\N,\N,46,46,2026-12-31,3.00,0.00,\N,0.00,f,2026-06-26 06:37:09,2026-06-30 08:43:48.163745,2026-06-30 08:43:48.163745,\N,\N,\N
134728,869,9,71,\N,\N,\N,\N,46,46,2026-12-31,3.00,0.00,\N,0.00,f,2026-06-26 06:37:10,2026-06-30 08:43:48.163745,2026-06-30 08:43:48.163745,\N,\N,\N
134730,997,9,71,\N,\N,\N,\N,46,46,2026-12-31,3.00,0.00,\N,0.00,f,2026-06-26 06:37:09,2026-06-30 08:43:48.163745,2026-06-30 08:43:48.163745,\N,\N,\N
134732,1000,9,71,\N,\N,\N,\N,46,46,2026-12-31,3.00,0.00,\N,0.00,f,2026-06-26 06:37:09,2026-06-30 08:43:48.163745,2026-06-30 08:43:48.163745,\N,\N,\N
134734,1494,9,71,\N,\N,\N,\N,46,46,2026-12-31,3.00,0.00,\N,0.00,f,2026-06-26 06:37:09,2026-06-30 08:43:48.163745,2026-06-30 08:43:48.163745,\N,\N,\N
134736,1536,9,71,\N,\N,\N,\N,46,46,2026-12-31,3.00,0.00,\N,0.00,f,2026-06-26 06:37:09,2026-06-30 08:43:48.163745,2026-06-30 08:43:48.163745,\N,\N,\N
134739,1529,9,71,\N,\N,\N,\N,46,46,2026-12-31,3.00,0.00,\N,0.00,f,2026-06-26 06:37:09,2026-06-30 08:43:48.163745,2026-06-30 08:43:48.163745,\N,\N,\N
134741,1832,9,71,\N,\N,\N,\N,46,46,2026-12-31,3.00,0.00,\N,0.00,f,2026-06-26 06:37:08,2026-06-30 08:43:48.163745,2026-06-30 08:43:48.163745,\N,\N,\N
134743,1875,9,71,\N,\N,\N,\N,46,46,2026-12-31,3.00,0.00,\N,0.00,f,2026-06-26 06:37:08,2026-06-30 08:43:48.163745,2026-06-30 08:43:48.163745,\N,\N,\N
134745,1844,9,71,\N,\N,\N,\N,46,46,2026-12-31,3.00,0.00,\N,0.00,f,2026-06-26 06:37:09,2026-06-30 08:43:48.163745,2026-06-30 08:43:48.163745,\N,\N,\N
134747,1814,9,71,\N,\N,\N,\N,46,46,2026-12-31,3.00,0.00,\N,0.00,f,2026-06-26 06:37:08,2026-06-30 08:43:48.163745,2026-06-30 08:43:48.163745,\N,\N,\N
134749,1836,9,71,\N,\N,\N,\N,46,46,2026-12-31,3.00,0.00,\N,0.00,f,2026-06-26 06:37:09,2026-06-30 08:43:48.163745,2026-06-30 08:43:48.163745,\N,\N,\N
134752,1841,9,71,\N,\N,\N,\N,46,46,2026-12-31,3.00,0.00,\N,0.00,f,2026-06-26 06:37:09,2026-06-30 08:43:48.163745,2026-06-30 08:43:48.163745,\N,\N,\N
134754,2008,9,71,\N,\N,\N,\N,46,46,2026-12-31,3.00,0.00,\N,0.00,f,2026-06-26 06:37:12,2026-06-30 08:43:48.163745,2026-06-30 08:43:48.163745,\N,\N,\N
134756,2009,9,71,\N,\N,\N,\N,46,46,2026-12-31,3.00,0.00,\N,0.00,f,2026-06-26 06:37:12,2026-06-30 08:43:48.163745,2026-06-30 08:43:48.163745,\N,\N,\N
134758,2017,9,71,\N,\N,\N,\N,46,46,2026-12-31,3.00,0.00,\N,0.00,f,2026-06-26 06:37:11,2026-06-30 08:43:48.163745,2026-06-30 08:43:48.163745,\N,\N,\N
134760,2151,9,71,\N,\N,\N,\N,46,46,2026-12-31,2.00,0.00,\N,0.00,f,2026-06-26 06:37:09,2026-06-30 08:43:48.163745,2026-06-30 08:43:48.163745,\N,\N,\N
134762,2153,9,71,\N,\N,\N,\N,46,46,2026-12-31,2.00,0.00,\N,0.00,f,2026-06-26 06:37:09,2026-06-30 08:43:48.163745,2026-06-30 08:43:48.163745,\N,\N,\N
134764,2194,9,71,\N,\N,\N,\N,46,46,2026-12-31,2.00,0.00,\N,0.00,f,2026-06-26 06:37:11,2026-06-30 08:43:48.163745,2026-06-30 08:43:48.163745,\N,\N,\N
134765,440,9,71,\N,\N,\N,\N,46,46,2026-12-31,2.00,0.00,\N,0.00,f,2026-06-26 06:37:11,2026-06-30 08:43:48.163745,2026-06-30 08:43:48.163745,\N,\N,\N
134767,441,9,71,\N,\N,\N,\N,46,46,2026-12-31,2.00,0.00,\N,0.00,f,2026-06-26 06:37:11,2026-06-30 08:43:48.163745,2026-06-30 08:43:48.163745,\N,\N,\N
134769,2221,9,71,\N,\N,\N,\N,46,46,2026-12-31,2.00,0.00,\N,0.00,f,2026-06-26 06:37:12,2026-06-30 08:43:48.163745,2026-06-30 08:43:48.163745,\N,\N,\N
134772,2226,9,71,\N,\N,\N,\N,46,46,2026-12-31,2.00,0.00,\N,0.00,f,2026-06-26 06:37:12,2026-06-30 08:43:48.163745,2026-06-30 08:43:48.163745,\N,\N,\N
134774,2220,9,71,\N,\N,\N,\N,46,46,2026-12-31,2.00,0.00,\N,0.00,f,2026-06-26 06:37:12,2026-06-30 08:43:48.163745,2026-06-30 08:43:48.163745,\N,\N,\N
134776,2230,9,71,\N,\N,\N,\N,46,46,2026-12-31,2.00,0.00,\N,0.00,f,2026-06-26 06:37:12,2026-06-30 08:43:48.163745,2026-06-30 08:43:48.163745,\N,\N,\N
134778,2232,9,71,\N,\N,\N,\N,46,46,2026-12-31,2.00,0.00,\N,0.00,f,2026-06-26 06:37:12,2026-06-30 08:43:48.163745,2026-06-30 08:43:48.163745,\N,\N,\N
134781,2233,9,71,\N,\N,\N,\N,46,46,2026-12-31,2.00,0.00,\N,0.00,f,2026-06-26 06:37:12,2026-06-30 08:43:48.163745,2026-06-30 08:43:48.163745,\N,\N,\N
134783,279,9,71,\N,\N,\N,\N,46,46,2026-12-31,2.00,0.00,\N,0.00,f,2026-06-26 06:37:11,2026-06-30 08:43:48.163745,2026-06-30 08:43:48.163745,\N,\N,\N
134785,267,9,71,\N,\N,\N,\N,46,46,2026-12-31,2.00,0.00,\N,0.00,f,2026-06-26 06:37:11,2026-06-30 08:43:48.163745,2026-06-30 08:43:48.163745,\N,\N,\N
134787,345,9,71,\N,\N,\N,\N,46,46,2026-12-31,2.00,0.00,\N,0.00,f,2026-06-26 06:37:12,2026-06-30 08:43:48.163745,2026-06-30 08:43:48.163745,\N,\N,\N
134789,346,9,71,\N,\N,\N,\N,46,46,2026-12-31,2.00,0.00,\N,0.00,f,2026-06-26 06:37:12,2026-06-30 08:43:48.163745,2026-06-30 08:43:48.163745,\N,\N,\N
134791,347,9,71,\N,\N,\N,\N,46,46,2026-12-31,2.00,0.00,\N,0.00,f,2026-06-26 06:37:12,2026-06-30 08:43:48.163745,2026-06-30 08:43:48.163745,\N,\N,\N
134794,349,9,71,\N,\N,\N,\N,46,46,2026-12-31,2.00,0.00,\N,0.00,f,2026-06-26 06:37:12,2026-06-30 08:43:48.163745,2026-06-30 08:43:48.163745,\N,\N,\N
134796,2387,9,71,\N,\N,\N,\N,46,46,2026-12-31,2.00,0.00,\N,0.00,f,2026-06-26 06:37:12,2026-06-30 08:43:48.163745,2026-06-30 08:43:48.163745,\N,\N,\N
134798,2388,9,71,\N,\N,\N,\N,46,46,2026-12-31,2.00,0.00,\N,0.00,f,2026-06-26 06:37:12,2026-06-30 08:43:48.163745,2026-06-30 08:43:48.163745,\N,\N,\N
134800,2389,9,71,\N,\N,\N,\N,46,46,2026-12-31,2.00,0.00,\N,0.00,f,2026-06-26 06:37:12,2026-06-30 08:43:48.163745,2026-06-30 08:43:48.163745,\N,\N,\N
134801,2391,9,71,\N,\N,\N,\N,46,46,2026-12-31,2.00,0.00,\N,0.00,f,2026-06-26 06:37:13,2026-06-30 08:43:48.163745,2026-06-30 08:43:48.163745,\N,\N,\N
134804,339,9,71,\N,\N,\N,\N,46,46,2026-12-31,2.00,0.00,\N,0.00,f,2026-06-26 06:37:12,2026-06-30 08:43:48.163745,2026-06-30 08:43:48.163745,\N,\N,\N
134806,341,9,71,\N,\N,\N,\N,46,46,2026-12-31,2.00,0.00,\N,0.00,f,2026-06-26 06:37:12,2026-06-30 08:43:48.163745,2026-06-30 08:43:48.163745,\N,\N,\N
134808,329,9,71,\N,\N,\N,\N,46,46,2026-12-31,2.00,0.00,\N,0.00,f,2026-06-26 06:37:11,2026-06-30 08:43:48.163745,2026-06-30 08:43:48.163745,\N,\N,\N
134810,807,9,71,\N,\N,\N,\N,46,46,2026-12-31,2.00,0.00,\N,0.00,f,2026-06-26 06:37:08,2026-06-30 08:43:48.163745,2026-06-30 08:43:48.163745,\N,\N,\N
134812,811,9,71,\N,\N,\N,\N,46,46,2026-12-31,2.00,0.00,\N,0.00,f,2026-06-26 06:37:08,2026-06-30 08:43:48.163745,2026-06-30 08:43:48.163745,\N,\N,\N
134814,846,9,71,\N,\N,\N,\N,46,46,2026-12-31,2.00,0.00,\N,0.00,f,2026-06-26 06:37:08,2026-06-30 08:43:48.163745,2026-06-30 08:43:48.163745,\N,\N,\N
134815,772,9,71,\N,\N,\N,\N,46,46,2026-12-31,2.00,0.00,\N,0.00,f,2026-06-26 06:37:10,2026-06-30 08:43:48.163745,2026-06-30 08:43:48.163745,\N,\N,\N
134817,773,9,71,\N,\N,\N,\N,46,46,2026-12-31,2.00,0.00,\N,0.00,f,2026-06-26 06:37:10,2026-06-30 08:43:48.163745,2026-06-30 08:43:48.163745,\N,\N,\N
134819,802,9,71,\N,\N,\N,\N,46,46,2026-12-31,2.00,0.00,\N,0.00,f,2026-06-26 06:37:09,2026-06-30 08:43:48.163745,2026-06-30 08:43:48.163745,\N,\N,\N
134821,804,9,71,\N,\N,\N,\N,46,46,2026-12-31,2.00,0.00,\N,0.00,f,2026-06-26 06:37:09,2026-06-30 08:43:48.163745,2026-06-30 08:43:48.163745,\N,\N,\N
134823,757,9,71,\N,\N,\N,\N,46,46,2026-12-31,2.00,0.00,\N,0.00,f,2026-06-26 06:37:09,2026-06-30 08:43:48.163745,2026-06-30 08:43:48.163745,\N,\N,\N
134825,837,9,71,\N,\N,\N,\N,46,46,2026-12-31,2.00,0.00,\N,0.00,f,2026-06-26 06:37:09,2026-06-30 08:43:48.163745,2026-06-30 08:43:48.163745,\N,\N,\N
134827,910,9,71,\N,\N,\N,\N,46,46,2026-12-31,2.00,0.00,\N,0.00,f,2026-06-26 06:37:11,2026-06-30 08:43:48.163745,2026-06-30 08:43:48.163745,\N,\N,\N
134829,932,9,71,\N,\N,\N,\N,46,46,2026-12-31,2.00,0.00,\N,0.00,f,2026-06-26 06:37:11,2026-06-30 08:43:48.163745,2026-06-30 08:43:48.163745,\N,\N,\N
134831,897,9,71,\N,\N,\N,\N,46,46,2026-12-31,2.00,0.00,\N,0.00,f,2026-06-26 06:37:10,2026-06-30 08:43:48.163745,2026-06-30 08:43:48.163745,\N,\N,\N
134833,1260,9,71,\N,\N,\N,\N,46,46,2026-12-31,2.00,0.00,\N,0.00,f,2026-06-26 06:37:10,2026-06-30 08:43:48.163745,2026-06-30 08:43:48.163745,\N,\N,\N
134835,1169,9,71,\N,\N,\N,\N,46,46,2026-12-31,2.00,0.00,\N,0.00,f,2026-06-26 06:37:08,2026-06-30 08:43:48.163745,2026-06-30 08:43:48.163745,\N,\N,\N
134837,1162,9,71,\N,\N,\N,\N,46,46,2026-12-31,2.00,0.00,\N,0.00,f,2026-06-26 06:37:08,2026-06-30 08:43:48.163745,2026-06-30 08:43:48.163745,\N,\N,\N
134839,1171,9,71,\N,\N,\N,\N,46,46,2026-12-31,2.00,0.00,\N,0.00,f,2026-06-26 06:37:08,2026-06-30 08:43:48.163745,2026-06-30 08:43:48.163745,\N,\N,\N
134841,1501,9,71,\N,\N,\N,\N,46,46,2026-12-31,2.00,0.00,\N,0.00,f,2026-06-26 06:37:09,2026-06-30 08:43:48.163745,2026-06-30 08:43:48.163745,\N,\N,\N
134843,1538,9,71,\N,\N,\N,\N,46,46,2026-12-31,2.00,0.00,\N,0.00,f,2026-06-26 06:37:09,2026-06-30 08:43:48.163745,2026-06-30 08:43:48.163745,\N,\N,\N
134845,1524,9,71,\N,\N,\N,\N,46,46,2026-12-31,2.00,0.00,\N,0.00,f,2026-06-26 06:37:09,2026-06-30 08:43:48.163745,2026-06-30 08:43:48.163745,\N,\N,\N
134847,1527,9,71,\N,\N,\N,\N,46,46,2026-12-31,2.00,0.00,\N,0.00,f,2026-06-26 06:37:09,2026-06-30 08:43:48.163745,2026-06-30 08:43:48.163745,\N,\N,\N
134850,1530,9,71,\N,\N,\N,\N,46,46,2026-12-31,2.00,0.00,\N,0.00,f,2026-06-26 06:37:09,2026-06-30 08:43:48.163745,2026-06-30 08:43:48.163745,\N,\N,\N
134853,1532,9,71,\N,\N,\N,\N,46,46,2026-12-31,2.00,0.00,\N,0.00,f,2026-06-26 06:37:09,2026-06-30 08:43:48.163745,2026-06-30 08:43:48.163745,\N,\N,\N
134857,1731,9,71,\N,\N,\N,\N,46,46,2026-12-31,2.00,0.00,\N,0.00,f,2026-06-26 06:37:10,2026-06-30 08:43:48.163745,2026-06-30 08:43:48.163745,\N,\N,\N
134860,1611,9,71,\N,\N,\N,\N,46,46,2026-12-31,2.00,0.00,\N,0.00,f,2026-06-26 06:37:08,2026-06-30 08:43:48.163745,2026-06-30 08:43:48.163745,\N,\N,\N
134863,1681,9,71,\N,\N,\N,\N,46,46,2026-12-31,2.00,0.00,\N,0.00,f,2026-06-26 06:37:08,2026-06-30 08:43:48.163745,2026-06-30 08:43:48.163745,\N,\N,\N
134866,1831,9,71,\N,\N,\N,\N,46,46,2026-12-31,2.00,0.00,\N,0.00,f,2026-06-26 06:37:08,2026-06-30 08:43:48.163745,2026-06-30 08:43:48.163745,\N,\N,\N
134869,1846,9,71,\N,\N,\N,\N,46,46,2026-12-31,2.00,0.00,\N,0.00,f,2026-06-26 06:37:09,2026-06-30 08:43:48.163745,2026-06-30 08:43:48.163745,\N,\N,\N
134872,1812,9,71,\N,\N,\N,\N,46,46,2026-12-31,2.00,0.00,\N,0.00,f,2026-06-26 06:37:08,2026-06-30 08:43:48.163745,2026-06-30 08:43:48.163745,\N,\N,\N
134875,2146,9,71,\N,\N,\N,\N,46,46,2026-12-31,1.00,0.00,\N,0.00,f,2026-06-26 06:37:09,2026-06-30 08:43:48.163745,2026-06-30 08:43:48.163745,\N,\N,\N
134878,2149,9,71,\N,\N,\N,\N,46,46,2026-12-31,1.00,0.00,\N,0.00,f,2026-06-26 06:37:09,2026-06-30 08:43:48.163745,2026-06-30 08:43:48.163745,\N,\N,\N
134881,2198,9,71,\N,\N,\N,\N,46,46,2026-12-31,1.00,0.00,\N,0.00,f,2026-06-26 06:37:11,2026-06-30 08:43:48.163745,2026-06-30 08:43:48.163745,\N,\N,\N
134884,2190,9,71,\N,\N,\N,\N,46,46,2026-12-31,1.00,0.00,\N,0.00,f,2026-06-26 06:37:10,2026-06-30 08:43:48.163745,2026-06-30 08:43:48.163745,\N,\N,\N
134887,2193,9,71,\N,\N,\N,\N,46,46,2026-12-31,1.00,0.00,\N,0.00,f,2026-06-26 06:37:10,2026-06-30 08:43:48.163745,2026-06-30 08:43:48.163745,\N,\N,\N
134890,438,9,71,\N,\N,\N,\N,46,46,2026-12-31,1.00,0.00,\N,0.00,f,2026-06-26 06:37:11,2026-06-30 08:43:48.163745,2026-06-30 08:43:48.163745,\N,\N,\N
134894,439,9,71,\N,\N,\N,\N,46,46,2026-12-31,1.00,0.00,\N,0.00,f,2026-06-26 06:37:11,2026-06-30 08:43:48.163745,2026-06-30 08:43:48.163745,\N,\N,\N
134897,443,9,71,\N,\N,\N,\N,46,46,2026-12-31,1.00,0.00,\N,0.00,f,2026-06-26 06:37:11,2026-06-30 08:43:48.163745,2026-06-30 08:43:48.163745,\N,\N,\N
134900,452,9,71,\N,\N,\N,\N,46,46,2026-12-31,1.00,0.00,\N,0.00,f,2026-06-26 06:37:11,2026-06-30 08:43:48.163745,2026-06-30 08:43:48.163745,\N,\N,\N
134903,2222,9,71,\N,\N,\N,\N,46,46,2026-12-31,1.00,0.00,\N,0.00,f,2026-06-26 06:37:12,2026-06-30 08:43:48.163745,2026-06-30 08:43:48.163745,\N,\N,\N
134906,2218,9,71,\N,\N,\N,\N,46,46,2026-12-31,1.00,0.00,\N,0.00,f,2026-06-26 06:37:12,2026-06-30 08:43:48.163745,2026-06-30 08:43:48.163745,\N,\N,\N
134909,2219,9,71,\N,\N,\N,\N,46,46,2026-12-31,1.00,0.00,\N,0.00,f,2026-06-26 06:37:12,2026-06-30 08:43:48.163745,2026-06-30 08:43:48.163745,\N,\N,\N
134912,2234,9,71,\N,\N,\N,\N,46,46,2026-12-31,1.00,0.00,\N,0.00,f,2026-06-26 06:37:12,2026-06-30 08:43:48.163745,2026-06-30 08:43:48.163745,\N,\N,\N
134915,2235,9,71,\N,\N,\N,\N,46,46,2026-12-31,1.00,0.00,\N,0.00,f,2026-06-26 06:37:12,2026-06-30 08:43:48.163745,2026-06-30 08:43:48.163745,\N,\N,\N
134918,2237,9,71,\N,\N,\N,\N,46,46,2026-12-31,1.00,0.00,\N,0.00,f,2026-06-26 06:37:12,2026-06-30 08:43:48.163745,2026-06-30 08:43:48.163745,\N,\N,\N
134921,2238,9,71,\N,\N,\N,\N,46,46,2026-12-31,1.00,0.00,\N,0.00,f,2026-06-26 06:37:12,2026-06-30 08:43:48.163745,2026-06-30 08:43:48.163745,\N,\N,\N
134924,278,9,71,\N,\N,\N,\N,46,46,2026-12-31,1.00,0.00,\N,0.00,f,2026-06-26 06:37:11,2026-06-30 08:43:48.163745,2026-06-30 08:43:48.163745,\N,\N,\N
134926,262,9,71,\N,\N,\N,\N,46,46,2026-12-31,1.00,0.00,\N,0.00,f,2026-06-26 06:37:11,2026-06-30 08:43:48.163745,2026-06-30 08:43:48.163745,\N,\N,\N
134929,266,9,71,\N,\N,\N,\N,46,46,2026-12-31,1.00,0.00,\N,0.00,f,2026-06-26 06:37:11,2026-06-30 08:43:48.163745,2026-06-30 08:43:48.163745,\N,\N,\N
134932,268,9,71,\N,\N,\N,\N,46,46,2026-12-31,1.00,0.00,\N,0.00,f,2026-06-26 06:37:11,2026-06-30 08:43:48.163745,2026-06-30 08:43:48.163745,\N,\N,\N
134935,275,9,71,\N,\N,\N,\N,46,46,2026-12-31,1.00,0.00,\N,0.00,f,2026-06-26 06:37:11,2026-06-30 08:43:48.163745,2026-06-30 08:43:48.163745,\N,\N,\N
134938,351,9,71,\N,\N,\N,\N,46,46,2026-12-31,1.00,0.00,\N,0.00,f,2026-06-26 06:37:12,2026-06-30 08:43:48.163745,2026-06-30 08:43:48.163745,\N,\N,\N
134941,2386,9,71,\N,\N,\N,\N,46,46,2026-12-31,1.00,0.00,\N,0.00,f,2026-06-26 06:37:12,2026-06-30 08:43:48.163745,2026-06-30 08:43:48.163745,\N,\N,\N
134944,2392,9,71,\N,\N,\N,\N,46,46,2026-12-31,1.00,0.00,\N,0.00,f,2026-06-26 06:37:13,2026-06-30 08:43:48.163745,2026-06-30 08:43:48.163745,\N,\N,\N
134947,336,9,71,\N,\N,\N,\N,46,46,2026-12-31,1.00,0.00,\N,0.00,f,2026-06-26 06:37:12,2026-06-30 08:43:48.163745,2026-06-30 08:43:48.163745,\N,\N,\N
134950,338,9,71,\N,\N,\N,\N,46,46,2026-12-31,1.00,0.00,\N,0.00,f,2026-06-26 06:37:12,2026-06-30 08:43:48.163745,2026-06-30 08:43:48.163745,\N,\N,\N
134953,325,9,71,\N,\N,\N,\N,46,46,2026-12-31,1.00,0.00,\N,0.00,f,2026-06-26 06:37:11,2026-06-30 08:43:48.163745,2026-06-30 08:43:48.163745,\N,\N,\N
134956,327,9,71,\N,\N,\N,\N,46,46,2026-12-31,1.00,0.00,\N,0.00,f,2026-06-26 06:37:11,2026-06-30 08:43:48.163745,2026-06-30 08:43:48.163745,\N,\N,\N
134959,328,9,71,\N,\N,\N,\N,46,46,2026-12-31,1.00,0.00,\N,0.00,f,2026-06-26 06:37:11,2026-06-30 08:43:48.163745,2026-06-30 08:43:48.163745,\N,\N,\N
134962,331,9,71,\N,\N,\N,\N,46,46,2026-12-31,1.00,0.00,\N,0.00,f,2026-06-26 06:37:11,2026-06-30 08:43:48.163745,2026-06-30 08:43:48.163745,\N,\N,\N
134965,332,9,71,\N,\N,\N,\N,46,46,2026-12-31,1.00,0.00,\N,0.00,f,2026-06-26 06:37:11,2026-06-30 08:43:48.163745,2026-06-30 08:43:48.163745,\N,\N,\N
134968,628,9,71,\N,\N,\N,\N,46,46,2026-12-31,1.00,0.00,\N,0.00,f,2026-06-26 06:37:08,2026-06-30 08:43:48.163745,2026-06-30 08:43:48.163745,\N,\N,\N
134971,638,9,71,\N,\N,\N,\N,46,46,2026-12-31,1.00,0.00,\N,0.00,f,2026-06-26 06:37:08,2026-06-30 08:43:48.163745,2026-06-30 08:43:48.163745,\N,\N,\N
134974,640,9,71,\N,\N,\N,\N,46,46,2026-12-31,1.00,0.00,\N,0.00,f,2026-06-26 06:37:08,2026-06-30 08:43:48.163745,2026-06-30 08:43:48.163745,\N,\N,\N
134977,813,9,71,\N,\N,\N,\N,46,46,2026-12-31,1.00,0.00,\N,0.00,f,2026-06-26 06:37:08,2026-06-30 08:43:48.163745,2026-06-30 08:43:48.163745,\N,\N,\N
134980,841,9,71,\N,\N,\N,\N,46,46,2026-12-31,1.00,0.00,\N,0.00,f,2026-06-26 06:37:10,2026-06-30 08:43:48.163745,2026-06-30 08:43:48.163745,\N,\N,\N
134983,756,9,71,\N,\N,\N,\N,46,46,2026-12-31,1.00,0.00,\N,0.00,f,2026-06-26 06:37:09,2026-06-30 08:43:48.163745,2026-06-30 08:43:48.163745,\N,\N,\N
134986,819,9,71,\N,\N,\N,\N,46,46,2026-12-31,1.00,0.00,\N,0.00,f,2026-06-26 06:37:08,2026-06-30 08:43:48.163745,2026-06-30 08:43:48.163745,\N,\N,\N
134989,761,9,71,\N,\N,\N,\N,46,46,2026-12-31,1.00,0.00,\N,0.00,f,2026-06-26 06:37:10,2026-06-30 08:43:48.163745,2026-06-30 08:43:48.163745,\N,\N,\N
134992,763,9,71,\N,\N,\N,\N,46,46,2026-12-31,1.00,0.00,\N,0.00,f,2026-06-26 06:37:10,2026-06-30 08:43:48.163745,2026-06-30 08:43:48.163745,\N,\N,\N
134995,764,9,71,\N,\N,\N,\N,46,46,2026-12-31,1.00,0.00,\N,0.00,f,2026-06-26 06:37:10,2026-06-30 08:43:48.163745,2026-06-30 08:43:48.163745,\N,\N,\N
134997,936,9,71,\N,\N,\N,\N,46,46,2026-12-31,1.00,0.00,\N,0.00,f,2026-06-26 06:37:11,2026-06-30 08:43:48.163745,2026-06-30 08:43:48.163745,\N,\N,\N
135000,935,9,71,\N,\N,\N,\N,46,46,2026-12-31,1.00,0.00,\N,0.00,f,2026-06-26 06:37:11,2026-06-30 08:43:48.163745,2026-06-30 08:43:48.163745,\N,\N,\N
135003,1005,9,71,\N,\N,\N,\N,46,46,2026-12-31,1.00,0.00,\N,0.00,f,2026-06-26 06:37:09,2026-06-30 08:43:48.163745,2026-06-30 08:43:48.163745,\N,\N,\N
135006,1001,9,71,\N,\N,\N,\N,46,46,2026-12-31,1.00,0.00,\N,0.00,f,2026-06-26 06:37:09,2026-06-30 08:43:48.163745,2026-06-30 08:43:48.163745,\N,\N,\N
135009,1118,9,71,\N,\N,\N,\N,46,46,2026-12-31,1.00,0.00,\N,0.00,f,2026-06-26 06:37:11,2026-06-30 08:43:48.163745,2026-06-30 08:43:48.163745,\N,\N,\N
135012,2369,9,71,\N,\N,\N,\N,46,46,2026-12-31,1.00,0.00,\N,0.00,f,2026-06-26 06:37:09,2026-06-30 08:43:48.163745,2026-06-30 08:43:48.163745,\N,\N,\N
135015,1894,9,71,\N,\N,\N,\N,46,46,2026-12-31,1.00,0.00,\N,0.00,f,2026-06-26 07:33:14,2026-06-30 08:43:48.163745,2026-06-30 08:43:48.163745,\N,\N,\N
135018,1893,9,71,\N,\N,\N,\N,46,46,2026-12-31,1.00,0.00,\N,0.00,f,2026-06-26 07:33:14,2026-06-30 08:43:48.163745,2026-06-30 08:43:48.163745,\N,\N,\N
135021,1920,9,71,\N,\N,\N,\N,46,46,2026-12-31,1.00,0.00,\N,0.00,f,2026-06-26 07:33:14,2026-06-30 08:43:48.163745,2026-06-30 08:43:48.163745,\N,\N,\N
135024,1917,9,71,\N,\N,\N,\N,46,46,2026-12-31,1.00,0.00,\N,0.00,f,2026-06-26 07:33:14,2026-06-30 08:43:48.163745,2026-06-30 08:43:48.163745,\N,\N,\N
135027,1914,9,71,\N,\N,\N,\N,46,46,2026-12-31,1.00,0.00,\N,0.00,f,2026-06-26 07:33:14,2026-06-30 08:43:48.163745,2026-06-30 08:43:48.163745,\N,\N,\N
135030,1904,9,71,\N,\N,\N,\N,46,46,2026-12-31,1.00,0.00,\N,0.00,f,2026-06-26 07:33:14,2026-06-30 08:43:48.163745,2026-06-30 08:43:48.163745,\N,\N,\N
135033,1912,9,71,\N,\N,\N,\N,46,46,2026-12-31,1.00,0.00,\N,0.00,f,2026-06-26 07:33:14,2026-06-30 08:43:48.163745,2026-06-30 08:43:48.163745,\N,\N,\N
135036,1915,9,71,\N,\N,\N,\N,46,46,2026-12-31,1.00,0.00,\N,0.00,f,2026-06-26 07:33:14,2026-06-30 08:43:48.163745,2026-06-30 08:43:48.163745,\N,\N,\N
135038,1913,9,71,\N,\N,\N,\N,46,46,2026-12-31,1.00,0.00,\N,0.00,f,2026-06-26 07:33:14,2026-06-30 08:43:48.163745,2026-06-30 08:43:48.163745,\N,\N,\N
135041,1903,9,71,\N,\N,\N,\N,46,46,2026-12-31,1.00,0.00,\N,0.00,f,2026-06-26 07:33:14,2026-06-30 08:43:48.163745,2026-06-30 08:43:48.163745,\N,\N,\N
135044,1931,9,71,\N,\N,\N,\N,46,46,2026-12-31,1.00,0.00,\N,0.00,f,2026-06-26 07:33:14,2026-06-30 08:43:48.163745,2026-06-30 08:43:48.163745,\N,\N,\N
135047,1930,9,71,\N,\N,\N,\N,46,46,2026-12-31,1.00,0.00,\N,0.00,f,2026-06-26 07:33:14,2026-06-30 08:43:48.163745,2026-06-30 08:43:48.163745,\N,\N,\N
135050,1938,9,71,\N,\N,\N,\N,46,46,2026-12-31,1.00,0.00,\N,0.00,f,2026-06-26 07:33:14,2026-06-30 08:43:48.163745,2026-06-30 08:43:48.163745,\N,\N,\N
135053,1927,9,71,\N,\N,\N,\N,46,46,2026-12-31,1.00,0.00,\N,0.00,f,2026-06-26 07:33:14,2026-06-30 08:43:48.163745,2026-06-30 08:43:48.163745,\N,\N,\N
135057,1936,9,71,\N,\N,\N,\N,46,46,2026-12-31,1.00,0.00,\N,0.00,f,2026-06-26 07:33:14,2026-06-30 08:43:48.163745,2026-06-30 08:43:48.163745,\N,\N,\N
135060,1239,9,71,\N,\N,\N,\N,46,46,2026-12-31,1.00,0.00,\N,0.00,f,2026-06-26 06:37:10,2026-06-30 08:43:48.163745,2026-06-30 08:43:48.163745,\N,\N,\N
135063,1161,9,71,\N,\N,\N,\N,46,46,2026-12-31,1.00,0.00,\N,0.00,f,2026-06-26 06:37:08,2026-06-30 08:43:48.163745,2026-06-30 08:43:48.163745,\N,\N,\N
135066,1163,9,71,\N,\N,\N,\N,46,46,2026-12-31,1.00,0.00,\N,0.00,f,2026-06-26 06:37:08,2026-06-30 08:43:48.163745,2026-06-30 08:43:48.163745,\N,\N,\N
135069,1164,9,71,\N,\N,\N,\N,46,46,2026-12-31,1.00,0.00,\N,0.00,f,2026-06-26 06:37:08,2026-06-30 08:43:48.163745,2026-06-30 08:43:48.163745,\N,\N,\N
135072,1146,9,71,\N,\N,\N,\N,46,46,2026-12-31,1.00,0.00,\N,0.00,f,2026-06-26 06:37:10,2026-06-30 08:43:48.163745,2026-06-30 08:43:48.163745,\N,\N,\N
135075,1139,9,71,\N,\N,\N,\N,46,46,2026-12-31,1.00,0.00,\N,0.00,f,2026-06-26 06:37:10,2026-06-30 08:43:48.163745,2026-06-30 08:43:48.163745,\N,\N,\N
135078,1173,9,71,\N,\N,\N,\N,46,46,2026-12-31,1.00,0.00,\N,0.00,f,2026-06-26 06:37:08,2026-06-30 08:43:48.163745,2026-06-30 08:43:48.163745,\N,\N,\N
135081,1308,9,71,\N,\N,\N,\N,46,46,2026-12-31,1.00,0.00,\N,0.00,f,2026-06-26 06:37:08,2026-06-30 08:43:48.163745,2026-06-30 08:43:48.163745,\N,\N,\N
135084,1496,9,71,\N,\N,\N,\N,46,46,2026-12-31,1.00,0.00,\N,0.00,f,2026-06-26 06:37:09,2026-06-30 08:43:48.163745,2026-06-30 08:43:48.163745,\N,\N,\N
135087,1498,9,71,\N,\N,\N,\N,46,46,2026-12-31,1.00,0.00,\N,0.00,f,2026-06-26 06:37:09,2026-06-30 08:43:48.163745,2026-06-30 08:43:48.163745,\N,\N,\N
135089,1535,9,71,\N,\N,\N,\N,46,46,2026-12-31,1.00,0.00,\N,0.00,f,2026-06-26 06:37:09,2026-06-30 08:43:48.163745,2026-06-30 08:43:48.163745,\N,\N,\N
135092,1537,9,71,\N,\N,\N,\N,46,46,2026-12-31,1.00,0.00,\N,0.00,f,2026-06-26 06:37:09,2026-06-30 08:43:48.163745,2026-06-30 08:43:48.163745,\N,\N,\N
135095,1468,9,71,\N,\N,\N,\N,46,46,2026-12-31,1.00,0.00,\N,0.00,f,2026-06-26 06:37:09,2026-06-30 08:43:48.163745,2026-06-30 08:43:48.163745,\N,\N,\N
135098,1531,9,71,\N,\N,\N,\N,46,46,2026-12-31,1.00,0.00,\N,0.00,f,2026-06-26 06:37:09,2026-06-30 08:43:48.163745,2026-06-30 08:43:48.163745,\N,\N,\N
135101,1656,9,71,\N,\N,\N,\N,46,46,2026-12-31,1.00,0.00,\N,0.00,f,2026-06-26 06:37:08,2026-06-30 08:43:48.163745,2026-06-30 08:43:48.163745,\N,\N,\N
135104,1602,9,71,\N,\N,\N,\N,46,46,2026-12-31,1.00,0.00,\N,0.00,f,2026-06-26 06:37:08,2026-06-30 08:43:48.163745,2026-06-30 08:43:48.163745,\N,\N,\N
135106,1620,9,71,\N,\N,\N,\N,46,46,2026-12-31,1.00,0.00,\N,0.00,f,2026-06-26 06:37:08,2026-06-30 08:43:48.163745,2026-06-30 08:43:48.163745,\N,\N,\N
135108,1637,9,71,\N,\N,\N,\N,46,46,2026-12-31,1.00,0.00,\N,0.00,f,2026-06-26 06:37:08,2026-06-30 08:43:48.163745,2026-06-30 08:43:48.163745,\N,\N,\N
135110,1830,9,71,\N,\N,\N,\N,46,46,2026-12-31,1.00,0.00,\N,0.00,f,2026-06-26 06:37:08,2026-06-30 08:43:48.163745,2026-06-30 08:43:48.163745,\N,\N,\N
135112,1813,9,71,\N,\N,\N,\N,46,46,2026-12-31,1.00,0.00,\N,0.00,f,2026-06-26 06:37:08,2026-06-30 08:43:48.163745,2026-06-30 08:43:48.163745,\N,\N,\N
135114,1817,9,71,\N,\N,\N,\N,46,46,2026-12-31,1.00,0.00,\N,0.00,f,2026-06-26 06:37:08,2026-06-30 08:43:48.163745,2026-06-30 08:43:48.163745,\N,\N,\N
135116,1840,9,71,\N,\N,\N,\N,46,46,2026-12-31,1.00,0.00,\N,0.00,f,2026-06-26 06:37:09,2026-06-30 08:43:48.163745,2026-06-30 08:43:48.163745,\N,\N,\N
135118,2029,9,71,\N,\N,\N,\N,46,46,2026-12-31,1.00,0.00,\N,0.00,f,2026-06-26 06:37:11,2026-06-30 08:43:48.163745,2026-06-30 08:43:48.163745,\N,\N,\N
131185,201,1,11,\N,\N,\N,\N,2,2,\N,-1.00,0.00,\N,0.00,f,2026-06-26 06:37:08,2026-06-26 06:36:59.469977,2026-06-26 06:36:59.469977,\N,\N,\N
131186,2336,1,11,\N,\N,\N,\N,2,2,\N,-3.00,0.00,\N,0.00,f,2026-06-26 06:37:08,2026-06-26 06:36:59.469977,2026-06-26 06:36:59.469977,\N,\N,\N
131187,2337,1,11,\N,\N,\N,\N,2,2,\N,-3.00,0.00,\N,0.00,f,2026-06-26 06:37:08,2026-06-26 06:36:59.469977,2026-06-26 06:36:59.469977,\N,\N,\N
131188,1590,1,11,\N,\N,\N,\N,2,2,\N,-19.00,0.00,\N,0.00,f,2026-06-26 06:37:08,2026-06-26 06:36:59.469977,2026-06-26 06:36:59.469977,\N,\N,\N
131189,1591,1,11,\N,\N,\N,\N,2,2,\N,-23.00,0.00,\N,0.00,f,2026-06-26 06:37:08,2026-06-26 06:36:59.469977,2026-06-26 06:36:59.469977,\N,\N,\N
131190,1592,1,11,\N,\N,\N,\N,2,2,\N,-1.00,0.00,\N,0.00,f,2026-06-26 06:37:08,2026-06-26 06:36:59.469977,2026-06-26 06:36:59.469977,\N,\N,\N
131191,1595,1,11,\N,\N,\N,\N,2,2,\N,-1.00,0.00,\N,0.00,f,2026-06-26 06:37:08,2026-06-26 06:36:59.469977,2026-06-26 06:36:59.469977,\N,\N,\N
131192,1608,1,11,\N,\N,\N,\N,2,2,\N,-32.00,0.00,\N,0.00,f,2026-06-26 06:37:08,2026-06-26 06:36:59.469977,2026-06-26 06:36:59.469977,\N,\N,\N
131193,1609,1,11,\N,\N,\N,\N,2,2,\N,-20.00,0.00,\N,0.00,f,2026-06-26 06:37:08,2026-06-26 06:36:59.469977,2026-06-26 06:36:59.469977,\N,\N,\N
131194,1610,1,11,\N,\N,\N,\N,2,2,\N,-1.00,0.00,\N,0.00,f,2026-06-26 06:37:08,2026-06-26 06:36:59.469977,2026-06-26 06:36:59.469977,\N,\N,\N
131195,1611,1,11,\N,\N,\N,\N,2,2,\N,-5.00,0.00,\N,0.00,f,2026-06-26 06:37:08,2026-06-26 06:36:59.469977,2026-06-26 06:36:59.469977,\N,\N,\N
131196,1612,1,11,\N,\N,\N,\N,2,2,\N,-2.00,0.00,\N,0.00,f,2026-06-26 06:37:08,2026-06-26 06:36:59.469977,2026-06-26 06:36:59.469977,\N,\N,\N
131197,1613,1,11,\N,\N,\N,\N,2,2,\N,-4.00,0.00,\N,0.00,f,2026-06-26 06:37:08,2026-06-26 06:36:59.469977,2026-06-26 06:36:59.469977,\N,\N,\N
131198,1656,1,11,\N,\N,\N,\N,2,2,\N,-3.00,0.00,\N,0.00,f,2026-06-26 06:37:08,2026-06-26 06:36:59.469977,2026-06-26 06:36:59.469977,\N,\N,\N
131199,1614,1,11,\N,\N,\N,\N,2,2,\N,-42.00,0.00,\N,0.00,f,2026-06-26 06:37:08,2026-06-26 06:36:59.469977,2026-06-26 06:36:59.469977,\N,\N,\N
131200,1615,1,11,\N,\N,\N,\N,2,2,\N,-43.00,0.00,\N,0.00,f,2026-06-26 06:37:08,2026-06-26 06:36:59.469977,2026-06-26 06:36:59.469977,\N,\N,\N
131201,1618,1,11,\N,\N,\N,\N,2,2,\N,-1.00,0.00,\N,0.00,f,2026-06-26 06:37:08,2026-06-26 06:36:59.469977,2026-06-26 06:36:59.469977,\N,\N,\N
131202,1626,1,11,\N,\N,\N,\N,2,2,\N,-13.00,0.00,\N,0.00,f,2026-06-26 06:37:08,2026-06-26 06:36:59.469977,2026-06-26 06:36:59.469977,\N,\N,\N
131203,1627,1,11,\N,\N,\N,\N,2,2,\N,-2.00,0.00,\N,0.00,f,2026-06-26 06:37:08,2026-06-26 06:36:59.469977,2026-06-26 06:36:59.469977,\N,\N,\N
131204,1657,1,11,\N,\N,\N,\N,2,2,\N,-1.00,0.00,\N,0.00,f,2026-06-26 06:37:08,2026-06-26 06:36:59.469977,2026-06-26 06:36:59.469977,\N,\N,\N
131205,1658,1,11,\N,\N,\N,\N,2,2,\N,-1.00,0.00,\N,0.00,f,2026-06-26 06:37:08,2026-06-26 06:36:59.469977,2026-06-26 06:36:59.469977,\N,\N,\N
131206,1683,1,11,\N,\N,\N,\N,2,2,\N,-2.00,0.00,\N,0.00,f,2026-06-26 06:37:08,2026-06-26 06:36:59.469977,2026-06-26 06:36:59.469977,\N,\N,\N
131207,1632,1,11,\N,\N,\N,\N,2,2,\N,-52.00,0.00,\N,0.00,f,2026-06-26 06:37:08,2026-06-26 06:36:59.469977,2026-06-26 06:36:59.469977,\N,\N,\N
131208,1633,1,11,\N,\N,\N,\N,2,2,\N,-30.00,0.00,\N,0.00,f,2026-06-26 06:37:08,2026-06-26 06:36:59.469977,2026-06-26 06:36:59.469977,\N,\N,\N
131209,1634,1,11,\N,\N,\N,\N,2,2,\N,-4.00,0.00,\N,0.00,f,2026-06-26 06:37:08,2026-06-26 06:36:59.469977,2026-06-26 06:36:59.469977,\N,\N,\N
131210,1636,1,11,\N,\N,\N,\N,2,2,\N,-2.00,0.00,\N,0.00,f,2026-06-26 06:37:08,2026-06-26 06:36:59.469977,2026-06-26 06:36:59.469977,\N,\N,\N
131211,1637,1,11,\N,\N,\N,\N,2,2,\N,-22.00,0.00,\N,0.00,f,2026-06-26 06:37:08,2026-06-26 06:36:59.469977,2026-06-26 06:36:59.469977,\N,\N,\N
131212,1668,1,11,\N,\N,\N,\N,2,2,\N,-1.00,0.00,\N,0.00,f,2026-06-26 06:37:08,2026-06-26 06:36:59.469977,2026-06-26 06:36:59.469977,\N,\N,\N
131213,1669,1,11,\N,\N,\N,\N,2,2,\N,-1.00,0.00,\N,0.00,f,2026-06-26 06:37:08,2026-06-26 06:36:59.469977,2026-06-26 06:36:59.469977,\N,\N,\N
131214,1670,1,11,\N,\N,\N,\N,2,2,\N,-6.00,0.00,\N,0.00,f,2026-06-26 06:37:08,2026-06-26 06:36:59.469977,2026-06-26 06:36:59.469977,\N,\N,\N
131215,1691,1,11,\N,\N,\N,\N,2,2,\N,-7.00,0.00,\N,0.00,f,2026-06-26 06:37:08,2026-06-26 06:36:59.469977,2026-06-26 06:36:59.469977,\N,\N,\N
131216,636,1,11,\N,\N,\N,\N,2,2,\N,-1.00,0.00,\N,0.00,f,2026-06-26 06:37:08,2026-06-26 06:36:59.469977,2026-06-26 06:36:59.469977,\N,\N,\N
131217,637,1,11,\N,\N,\N,\N,2,2,\N,-15.00,0.00,\N,0.00,f,2026-06-26 06:37:08,2026-06-26 06:36:59.469977,2026-06-26 06:36:59.469977,\N,\N,\N
131218,596,1,11,\N,\N,\N,\N,2,2,\N,-1.00,0.00,\N,0.00,f,2026-06-26 06:37:08,2026-06-26 06:36:59.469977,2026-06-26 06:36:59.469977,\N,\N,\N
131219,594,1,11,\N,\N,\N,\N,2,2,\N,-1.00,0.00,\N,0.00,f,2026-06-26 06:37:08,2026-06-26 06:36:59.469977,2026-06-26 06:36:59.469977,\N,\N,\N
131220,634,1,11,\N,\N,\N,\N,2,2,\N,-125.00,0.00,\N,0.00,f,2026-06-26 06:37:08,2026-06-26 06:36:59.469977,2026-06-26 06:36:59.469977,\N,\N,\N
131221,2330,1,11,\N,\N,\N,\N,2,2,\N,-1.00,0.00,\N,0.00,f,2026-06-26 06:37:08,2026-06-26 06:36:59.469977,2026-06-26 06:36:59.469977,\N,\N,\N
131222,2331,1,11,\N,\N,\N,\N,2,2,\N,-1.00,0.00,\N,0.00,f,2026-06-26 06:37:08,2026-06-26 06:36:59.469977,2026-06-26 06:36:59.469977,\N,\N,\N
131223,2332,1,11,\N,\N,\N,\N,2,2,\N,-2.00,0.00,\N,0.00,f,2026-06-26 06:37:08,2026-06-26 06:36:59.469977,2026-06-26 06:36:59.469977,\N,\N,\N
131224,2333,1,11,\N,\N,\N,\N,2,2,\N,-4.00,0.00,\N,0.00,f,2026-06-26 06:37:08,2026-06-26 06:36:59.469977,2026-06-26 06:36:59.469977,\N,\N,\N
131225,621,1,11,\N,\N,\N,\N,2,2,\N,-1.00,0.00,\N,0.00,f,2026-06-26 06:37:08,2026-06-26 06:36:59.469977,2026-06-26 06:36:59.469977,\N,\N,\N
131226,622,1,11,\N,\N,\N,\N,2,2,\N,-2.00,0.00,\N,0.00,f,2026-06-26 06:37:08,2026-06-26 06:36:59.469977,2026-06-26 06:36:59.469977,\N,\N,\N
131227,612,1,11,\N,\N,\N,\N,2,2,\N,-1.00,0.00,\N,0.00,f,2026-06-26 06:37:08,2026-06-26 06:36:59.469977,2026-06-26 06:36:59.469977,\N,\N,\N
131228,613,1,11,\N,\N,\N,\N,2,2,\N,-27.00,0.00,\N,0.00,f,2026-06-26 06:37:08,2026-06-26 06:36:59.469977,2026-06-26 06:36:59.469977,\N,\N,\N
131229,582,1,11,\N,\N,\N,\N,2,2,\N,-2.00,0.00,\N,0.00,f,2026-06-26 06:37:08,2026-06-26 06:36:59.469977,2026-06-26 06:36:59.469977,\N,\N,\N
131230,583,1,11,\N,\N,\N,\N,2,2,\N,-1.00,0.00,\N,0.00,f,2026-06-26 06:37:08,2026-06-26 06:36:59.469977,2026-06-26 06:36:59.469977,\N,\N,\N
131231,626,1,11,\N,\N,\N,\N,2,2,\N,-4.00,0.00,\N,0.00,f,2026-06-26 06:37:08,2026-06-26 06:36:59.469977,2026-06-26 06:36:59.469977,\N,\N,\N
131232,627,1,11,\N,\N,\N,\N,2,2,\N,-1.00,0.00,\N,0.00,f,2026-06-26 06:37:08,2026-06-26 06:36:59.469977,2026-06-26 06:36:59.469977,\N,\N,\N
131233,628,1,11,\N,\N,\N,\N,2,2,\N,-76.00,0.00,\N,0.00,f,2026-06-26 06:37:08,2026-06-26 06:36:59.469977,2026-06-26 06:36:59.469977,\N,\N,\N
131234,578,1,11,\N,\N,\N,\N,2,2,\N,-1.00,0.00,\N,0.00,f,2026-06-26 06:37:08,2026-06-26 06:36:59.469977,2026-06-26 06:36:59.469977,\N,\N,\N
131235,629,1,11,\N,\N,\N,\N,2,2,\N,-1.00,0.00,\N,0.00,f,2026-06-26 06:37:08,2026-06-26 06:36:59.469977,2026-06-26 06:36:59.469977,\N,\N,\N
131236,630,1,11,\N,\N,\N,\N,2,2,\N,-2.00,0.00,\N,0.00,f,2026-06-26 06:37:08,2026-06-26 06:36:59.469977,2026-06-26 06:36:59.469977,\N,\N,\N
131237,631,1,11,\N,\N,\N,\N,2,2,\N,-138.00,0.00,\N,0.00,f,2026-06-26 06:37:08,2026-06-26 06:36:59.469977,2026-06-26 06:36:59.469977,\N,\N,\N
131238,584,1,11,\N,\N,\N,\N,2,2,\N,-6.00,0.00,\N,0.00,f,2026-06-26 06:37:08,2026-06-26 06:36:59.469977,2026-06-26 06:36:59.469977,\N,\N,\N
131239,1284,1,11,\N,\N,\N,\N,2,2,\N,-4.00,0.00,\N,0.00,f,2026-06-26 06:37:08,2026-06-26 06:36:59.469977,2026-06-26 06:36:59.469977,\N,\N,\N
131240,1285,1,11,\N,\N,\N,\N,2,2,\N,-2.00,0.00,\N,0.00,f,2026-06-26 06:37:08,2026-06-26 06:36:59.469977,2026-06-26 06:36:59.469977,\N,\N,\N
131241,1314,1,11,\N,\N,\N,\N,2,2,\N,-8.00,0.00,\N,0.00,f,2026-06-26 06:37:08,2026-06-26 06:36:59.469977,2026-06-26 06:36:59.469977,\N,\N,\N
131242,1319,1,11,\N,\N,\N,\N,2,2,\N,-2.00,0.00,\N,0.00,f,2026-06-26 06:37:08,2026-06-26 06:36:59.469977,2026-06-26 06:36:59.469977,\N,\N,\N
131243,1356,1,11,\N,\N,\N,\N,2,2,\N,-2.00,0.00,\N,0.00,f,2026-06-26 06:37:08,2026-06-26 06:36:59.469977,2026-06-26 06:36:59.469977,\N,\N,\N
131244,554,1,11,\N,\N,\N,\N,2,2,\N,-4.00,0.00,\N,0.00,f,2026-06-26 06:37:08,2026-06-26 06:36:59.469977,2026-06-26 06:36:59.469977,\N,\N,\N
131245,558,1,11,\N,\N,\N,\N,2,2,\N,-1.00,0.00,\N,0.00,f,2026-06-26 06:37:08,2026-06-26 06:36:59.469977,2026-06-26 06:36:59.469977,\N,\N,\N
131246,616,1,11,\N,\N,\N,\N,2,2,\N,-36.00,0.00,\N,0.00,f,2026-06-26 06:37:08,2026-06-26 06:36:59.469977,2026-06-26 06:36:59.469977,\N,\N,\N
131247,165,1,11,\N,\N,\N,\N,2,2,\N,-1.00,0.00,\N,0.00,f,2026-06-26 06:37:08,2026-06-26 06:36:59.469977,2026-06-26 06:36:59.469977,\N,\N,\N
131248,1584,1,11,\N,\N,\N,\N,2,2,\N,-26.00,0.00,\N,0.00,f,2026-06-26 06:37:08,2026-06-26 06:36:59.469977,2026-06-26 06:36:59.469977,\N,\N,\N
131249,1585,1,11,\N,\N,\N,\N,2,2,\N,-9.00,0.00,\N,0.00,f,2026-06-26 06:37:08,2026-06-26 06:36:59.469977,2026-06-26 06:36:59.469977,\N,\N,\N
131250,1586,1,11,\N,\N,\N,\N,2,2,\N,-2.00,0.00,\N,0.00,f,2026-06-26 06:37:08,2026-06-26 06:36:59.469977,2026-06-26 06:36:59.469977,\N,\N,\N
131251,1278,1,11,\N,\N,\N,\N,2,2,\N,-7.00,0.00,\N,0.00,f,2026-06-26 06:37:08,2026-06-26 06:36:59.469977,2026-06-26 06:36:59.469977,\N,\N,\N
131252,1279,1,11,\N,\N,\N,\N,2,2,\N,-4.00,0.00,\N,0.00,f,2026-06-26 06:37:08,2026-06-26 06:36:59.469977,2026-06-26 06:36:59.469977,\N,\N,\N
131253,1329,1,11,\N,\N,\N,\N,2,2,\N,-5.00,0.00,\N,0.00,f,2026-06-26 06:37:08,2026-06-26 06:36:59.469977,2026-06-26 06:36:59.469977,\N,\N,\N
131254,1602,1,11,\N,\N,\N,\N,2,2,\N,-20.00,0.00,\N,0.00,f,2026-06-26 06:37:08,2026-06-26 06:36:59.469977,2026-06-26 06:36:59.469977,\N,\N,\N
131255,1603,1,11,\N,\N,\N,\N,2,2,\N,-5.00,0.00,\N,0.00,f,2026-06-26 06:37:08,2026-06-26 06:36:59.469977,2026-06-26 06:36:59.469977,\N,\N,\N
131256,1605,1,11,\N,\N,\N,\N,2,2,\N,-1.00,0.00,\N,0.00,f,2026-06-26 06:37:08,2026-06-26 06:36:59.469977,2026-06-26 06:36:59.469977,\N,\N,\N
131257,1606,1,11,\N,\N,\N,\N,2,2,\N,-1.00,0.00,\N,0.00,f,2026-06-26 06:37:08,2026-06-26 06:36:59.469977,2026-06-26 06:36:59.469977,\N,\N,\N
131258,1607,1,11,\N,\N,\N,\N,2,2,\N,-3.00,0.00,\N,0.00,f,2026-06-26 06:37:08,2026-06-26 06:36:59.469977,2026-06-26 06:36:59.469977,\N,\N,\N
131259,1653,1,11,\N,\N,\N,\N,2,2,\N,-1.00,0.00,\N,0.00,f,2026-06-26 06:37:08,2026-06-26 06:36:59.469977,2026-06-26 06:36:59.469977,\N,\N,\N
131260,1655,1,11,\N,\N,\N,\N,2,2,\N,-1.00,0.00,\N,0.00,f,2026-06-26 06:37:08,2026-06-26 06:36:59.469977,2026-06-26 06:36:59.469977,\N,\N,\N
131261,1681,1,11,\N,\N,\N,\N,2,2,\N,-5.00,0.00,\N,0.00,f,2026-06-26 06:37:08,2026-06-26 06:36:59.469977,2026-06-26 06:36:59.469977,\N,\N,\N
131262,1290,1,11,\N,\N,\N,\N,2,2,\N,-6.00,0.00,\N,0.00,f,2026-06-26 06:37:08,2026-06-26 06:36:59.469977,2026-06-26 06:36:59.469977,\N,\N,\N
131263,1294,1,11,\N,\N,\N,\N,2,2,\N,-3.00,0.00,\N,0.00,f,2026-06-26 06:37:08,2026-06-26 06:36:59.469977,2026-06-26 06:36:59.469977,\N,\N,\N
131264,1295,1,11,\N,\N,\N,\N,2,2,\N,-1.00,0.00,\N,0.00,f,2026-06-26 06:37:08,2026-06-26 06:36:59.469977,2026-06-26 06:36:59.469977,\N,\N,\N
131265,1338,1,11,\N,\N,\N,\N,2,2,\N,-5.00,0.00,\N,0.00,f,2026-06-26 06:37:08,2026-06-26 06:36:59.469977,2026-06-26 06:36:59.469977,\N,\N,\N
131266,1339,1,11,\N,\N,\N,\N,2,2,\N,-3.00,0.00,\N,0.00,f,2026-06-26 06:37:08,2026-06-26 06:36:59.469977,2026-06-26 06:36:59.469977,\N,\N,\N
131267,1620,1,11,\N,\N,\N,\N,2,2,\N,-10.00,0.00,\N,0.00,f,2026-06-26 06:37:08,2026-06-26 06:36:59.469977,2026-06-26 06:36:59.469977,\N,\N,\N
131268,542,1,11,\N,\N,\N,\N,2,2,\N,-2.00,0.00,\N,0.00,f,2026-06-26 06:37:08,2026-06-26 06:36:59.469977,2026-06-26 06:36:59.469977,\N,\N,\N
131269,546,1,11,\N,\N,\N,\N,2,2,\N,-1.00,0.00,\N,0.00,f,2026-06-26 06:37:08,2026-06-26 06:36:59.469977,2026-06-26 06:36:59.469977,\N,\N,\N
131270,608,1,11,\N,\N,\N,\N,2,2,\N,-5.00,0.00,\N,0.00,f,2026-06-26 06:37:08,2026-06-26 06:36:59.469977,2026-06-26 06:36:59.469977,\N,\N,\N
131271,609,1,11,\N,\N,\N,\N,2,2,\N,-11.00,0.00,\N,0.00,f,2026-06-26 06:37:08,2026-06-26 06:36:59.469977,2026-06-26 06:36:59.469977,\N,\N,\N
131272,610,1,11,\N,\N,\N,\N,2,2,\N,-40.00,0.00,\N,0.00,f,2026-06-26 06:37:08,2026-06-26 06:36:59.469977,2026-06-26 06:36:59.469977,\N,\N,\N
131273,602,1,11,\N,\N,\N,\N,2,2,\N,-5.00,0.00,\N,0.00,f,2026-06-26 06:37:08,2026-06-26 06:36:59.469977,2026-06-26 06:36:59.469977,\N,\N,\N
131274,607,1,11,\N,\N,\N,\N,2,2,\N,-1.00,0.00,\N,0.00,f,2026-06-26 06:37:08,2026-06-26 06:36:59.469977,2026-06-26 06:36:59.469977,\N,\N,\N
131275,638,1,11,\N,\N,\N,\N,2,2,\N,-6.00,0.00,\N,0.00,f,2026-06-26 06:37:08,2026-06-26 06:36:59.469977,2026-06-26 06:36:59.469977,\N,\N,\N
131276,639,1,11,\N,\N,\N,\N,2,2,\N,-18.00,0.00,\N,0.00,f,2026-06-26 06:37:08,2026-06-26 06:36:59.469977,2026-06-26 06:36:59.469977,\N,\N,\N
131277,640,1,11,\N,\N,\N,\N,2,2,\N,-26.00,0.00,\N,0.00,f,2026-06-26 06:37:08,2026-06-26 06:36:59.469977,2026-06-26 06:36:59.469977,\N,\N,\N
131278,1308,1,11,\N,\N,\N,\N,2,2,\N,-13.00,0.00,\N,0.00,f,2026-06-26 06:37:08,2026-06-26 06:36:59.469977,2026-06-26 06:36:59.469977,\N,\N,\N
131279,1312,1,11,\N,\N,\N,\N,2,2,\N,-1.00,0.00,\N,0.00,f,2026-06-26 06:37:08,2026-06-26 06:36:59.469977,2026-06-26 06:36:59.469977,\N,\N,\N
131280,1352,1,11,\N,\N,\N,\N,2,2,\N,-1.00,0.00,\N,0.00,f,2026-06-26 06:37:08,2026-06-26 06:36:59.469977,2026-06-26 06:36:59.469977,\N,\N,\N
131281,1504,1,11,\N,\N,\N,\N,2,2,\N,-4.00,0.00,\N,0.00,f,2026-06-26 06:37:08,2026-06-26 06:36:59.469977,2026-06-26 06:36:59.469977,\N,\N,\N
131282,1505,1,11,\N,\N,\N,\N,2,2,\N,-3.00,0.00,\N,0.00,f,2026-06-26 06:37:08,2026-06-26 06:36:59.469977,2026-06-26 06:36:59.469977,\N,\N,\N
131283,1508,1,11,\N,\N,\N,\N,2,2,\N,-5.00,0.00,\N,0.00,f,2026-06-26 06:37:08,2026-06-26 06:36:59.469977,2026-06-26 06:36:59.469977,\N,\N,\N
131284,1509,1,11,\N,\N,\N,\N,2,2,\N,-5.00,0.00,\N,0.00,f,2026-06-26 06:37:08,2026-06-26 06:36:59.469977,2026-06-26 06:36:59.469977,\N,\N,\N
131285,1510,1,11,\N,\N,\N,\N,2,2,\N,-2.00,0.00,\N,0.00,f,2026-06-26 06:37:08,2026-06-26 06:36:59.469977,2026-06-26 06:36:59.469977,\N,\N,\N
131286,1511,1,11,\N,\N,\N,\N,2,2,\N,-1.00,0.00,\N,0.00,f,2026-06-26 06:37:08,2026-06-26 06:36:59.469977,2026-06-26 06:36:59.469977,\N,\N,\N
131287,1512,1,11,\N,\N,\N,\N,2,2,\N,-2.00,0.00,\N,0.00,f,2026-06-26 06:37:08,2026-06-26 06:36:59.469977,2026-06-26 06:36:59.469977,\N,\N,\N
131288,2319,1,11,\N,\N,\N,\N,2,2,\N,-1.00,0.00,\N,0.00,f,2026-06-26 06:37:08,2026-06-26 06:36:59.469977,2026-06-26 06:36:59.469977,\N,\N,\N
131289,1514,1,11,\N,\N,\N,\N,2,2,\N,-3.00,0.00,\N,0.00,f,2026-06-26 06:37:08,2026-06-26 06:36:59.469977,2026-06-26 06:36:59.469977,\N,\N,\N
131290,1544,1,11,\N,\N,\N,\N,2,2,\N,-14.00,0.00,\N,0.00,f,2026-06-26 06:37:08,2026-06-26 06:36:59.469977,2026-06-26 06:36:59.469977,\N,\N,\N
131291,1545,1,11,\N,\N,\N,\N,2,2,\N,-6.00,0.00,\N,0.00,f,2026-06-26 06:37:08,2026-06-26 06:36:59.469977,2026-06-26 06:36:59.469977,\N,\N,\N
131292,1546,1,11,\N,\N,\N,\N,2,2,\N,-1.00,0.00,\N,0.00,f,2026-06-26 06:37:08,2026-06-26 06:36:59.469977,2026-06-26 06:36:59.469977,\N,\N,\N
131293,1547,1,11,\N,\N,\N,\N,2,2,\N,-2.00,0.00,\N,0.00,f,2026-06-26 06:37:08,2026-06-26 06:36:59.469977,2026-06-26 06:36:59.469977,\N,\N,\N
131294,1548,1,11,\N,\N,\N,\N,2,2,\N,-1.00,0.00,\N,0.00,f,2026-06-26 06:37:08,2026-06-26 06:36:59.469977,2026-06-26 06:36:59.469977,\N,\N,\N
131295,1549,1,11,\N,\N,\N,\N,2,2,\N,-8.00,0.00,\N,0.00,f,2026-06-26 06:37:08,2026-06-26 06:36:59.469977,2026-06-26 06:36:59.469977,\N,\N,\N
131296,1550,1,11,\N,\N,\N,\N,2,2,\N,-4.00,0.00,\N,0.00,f,2026-06-26 06:37:08,2026-06-26 06:36:59.469977,2026-06-26 06:36:59.469977,\N,\N,\N
131297,1551,1,11,\N,\N,\N,\N,2,2,\N,-4.00,0.00,\N,0.00,f,2026-06-26 06:37:08,2026-06-26 06:36:59.469977,2026-06-26 06:36:59.469977,\N,\N,\N
131298,1552,1,11,\N,\N,\N,\N,2,2,\N,-3.00,0.00,\N,0.00,f,2026-06-26 06:37:08,2026-06-26 06:36:59.469977,2026-06-26 06:36:59.469977,\N,\N,\N
131299,2323,1,11,\N,\N,\N,\N,2,2,\N,-4.00,0.00,\N,0.00,f,2026-06-26 06:37:08,2026-06-26 06:36:59.469977,2026-06-26 06:36:59.469977,\N,\N,\N
131300,775,1,11,\N,\N,\N,\N,2,2,\N,-177.00,0.00,\N,0.00,f,2026-06-26 06:37:08,2026-06-26 06:36:59.469977,2026-06-26 06:36:59.469977,\N,\N,\N
131301,776,1,11,\N,\N,\N,\N,2,2,\N,-237.00,0.00,\N,0.00,f,2026-06-26 06:37:08,2026-06-26 06:36:59.469977,2026-06-26 06:36:59.469977,\N,\N,\N
131302,777,1,11,\N,\N,\N,\N,2,2,\N,-292.00,0.00,\N,0.00,f,2026-06-26 06:37:08,2026-06-26 06:36:59.469977,2026-06-26 06:36:59.469977,\N,\N,\N
131303,778,1,11,\N,\N,\N,\N,2,2,\N,-363.00,0.00,\N,0.00,f,2026-06-26 06:37:08,2026-06-26 06:36:59.469977,2026-06-26 06:36:59.469977,\N,\N,\N
131304,779,1,11,\N,\N,\N,\N,2,2,\N,-384.00,0.00,\N,0.00,f,2026-06-26 06:37:08,2026-06-26 06:36:59.469977,2026-06-26 06:36:59.469977,\N,\N,\N
131305,780,1,11,\N,\N,\N,\N,2,2,\N,-393.00,0.00,\N,0.00,f,2026-06-26 06:37:08,2026-06-26 06:36:59.469977,2026-06-26 06:36:59.469977,\N,\N,\N
131306,781,1,11,\N,\N,\N,\N,2,2,\N,-292.00,0.00,\N,0.00,f,2026-06-26 06:37:08,2026-06-26 06:36:59.469977,2026-06-26 06:36:59.469977,\N,\N,\N
131307,842,1,11,\N,\N,\N,\N,2,2,\N,-116.00,0.00,\N,0.00,f,2026-06-26 06:37:08,2026-06-26 06:36:59.469977,2026-06-26 06:36:59.469977,\N,\N,\N
131308,782,1,11,\N,\N,\N,\N,2,2,\N,-12.00,0.00,\N,0.00,f,2026-06-26 06:37:08,2026-06-26 06:36:59.469977,2026-06-26 06:36:59.469977,\N,\N,\N
131309,807,1,11,\N,\N,\N,\N,2,2,\N,-48.00,0.00,\N,0.00,f,2026-06-26 06:37:08,2026-06-26 06:36:59.469977,2026-06-26 06:36:59.469977,\N,\N,\N
131310,808,1,11,\N,\N,\N,\N,2,2,\N,-39.00,0.00,\N,0.00,f,2026-06-26 06:37:08,2026-06-26 06:36:59.469977,2026-06-26 06:36:59.469977,\N,\N,\N
131311,809,1,11,\N,\N,\N,\N,2,2,\N,-51.00,0.00,\N,0.00,f,2026-06-26 06:37:08,2026-06-26 06:36:59.469977,2026-06-26 06:36:59.469977,\N,\N,\N
131312,810,1,11,\N,\N,\N,\N,2,2,\N,-110.00,0.00,\N,0.00,f,2026-06-26 06:37:08,2026-06-26 06:36:59.469977,2026-06-26 06:36:59.469977,\N,\N,\N
131313,811,1,11,\N,\N,\N,\N,2,2,\N,-182.00,0.00,\N,0.00,f,2026-06-26 06:37:08,2026-06-26 06:36:59.469977,2026-06-26 06:36:59.469977,\N,\N,\N
131314,812,1,11,\N,\N,\N,\N,2,2,\N,-116.00,0.00,\N,0.00,f,2026-06-26 06:37:08,2026-06-26 06:36:59.469977,2026-06-26 06:36:59.469977,\N,\N,\N
131315,813,1,11,\N,\N,\N,\N,2,2,\N,-56.00,0.00,\N,0.00,f,2026-06-26 06:37:08,2026-06-26 06:36:59.469977,2026-06-26 06:36:59.469977,\N,\N,\N
131316,846,1,11,\N,\N,\N,\N,2,2,\N,-39.00,0.00,\N,0.00,f,2026-06-26 06:37:08,2026-06-26 06:36:59.469977,2026-06-26 06:36:59.469977,\N,\N,\N
131317,814,1,11,\N,\N,\N,\N,2,2,\N,-13.00,0.00,\N,0.00,f,2026-06-26 06:37:08,2026-06-26 06:36:59.469977,2026-06-26 06:36:59.469977,\N,\N,\N
131318,815,1,11,\N,\N,\N,\N,2,2,\N,-3.00,0.00,\N,0.00,f,2026-06-26 06:37:08,2026-06-26 06:36:59.469977,2026-06-26 06:36:59.469977,\N,\N,\N
131319,817,1,11,\N,\N,\N,\N,2,2,\N,-1.00,0.00,\N,0.00,f,2026-06-26 06:37:08,2026-06-26 06:36:59.469977,2026-06-26 06:36:59.469977,\N,\N,\N
131320,818,1,11,\N,\N,\N,\N,2,2,\N,-14.00,0.00,\N,0.00,f,2026-06-26 06:37:08,2026-06-26 06:36:59.469977,2026-06-26 06:36:59.469977,\N,\N,\N
131321,819,1,11,\N,\N,\N,\N,2,2,\N,-21.00,0.00,\N,0.00,f,2026-06-26 06:37:08,2026-06-26 06:36:59.469977,2026-06-26 06:36:59.469977,\N,\N,\N
131322,820,1,11,\N,\N,\N,\N,2,2,\N,-12.00,0.00,\N,0.00,f,2026-06-26 06:37:08,2026-06-26 06:36:59.469977,2026-06-26 06:36:59.469977,\N,\N,\N
131323,821,1,11,\N,\N,\N,\N,2,2,\N,-59.00,0.00,\N,0.00,f,2026-06-26 06:37:08,2026-06-26 06:36:59.469977,2026-06-26 06:36:59.469977,\N,\N,\N
131324,847,1,11,\N,\N,\N,\N,2,2,\N,-291.00,0.00,\N,0.00,f,2026-06-26 06:37:08,2026-06-26 06:36:59.469977,2026-06-26 06:36:59.469977,\N,\N,\N
131325,822,1,11,\N,\N,\N,\N,2,2,\N,-98.00,0.00,\N,0.00,f,2026-06-26 06:37:08,2026-06-26 06:36:59.469977,2026-06-26 06:36:59.469977,\N,\N,\N
131326,2342,1,11,\N,\N,\N,\N,2,2,\N,-3.00,0.00,\N,0.00,f,2026-06-26 06:37:08,2026-06-26 06:36:59.469977,2026-06-26 06:36:59.469977,\N,\N,\N
131327,2343,1,11,\N,\N,\N,\N,2,2,\N,-4.00,0.00,\N,0.00,f,2026-06-26 06:37:08,2026-06-26 06:36:59.469977,2026-06-26 06:36:59.469977,\N,\N,\N
131328,2344,1,11,\N,\N,\N,\N,2,2,\N,-4.00,0.00,\N,0.00,f,2026-06-26 06:37:08,2026-06-26 06:36:59.469977,2026-06-26 06:36:59.469977,\N,\N,\N
131330,823,1,11,\N,\N,\N,\N,2,2,\N,-17.00,0.00,\N,0.00,f,2026-06-26 06:37:08,2026-06-26 06:36:59.469977,2026-06-26 06:36:59.469977,\N,\N,\N
131331,824,1,11,\N,\N,\N,\N,2,2,\N,-6.00,0.00,\N,0.00,f,2026-06-26 06:37:08,2026-06-26 06:36:59.469977,2026-06-26 06:36:59.469977,\N,\N,\N
131332,825,1,11,\N,\N,\N,\N,2,2,\N,-10.00,0.00,\N,0.00,f,2026-06-26 06:37:08,2026-06-26 06:36:59.469977,2026-06-26 06:36:59.469977,\N,\N,\N
131333,826,1,11,\N,\N,\N,\N,2,2,\N,-21.00,0.00,\N,0.00,f,2026-06-26 06:37:08,2026-06-26 06:36:59.469977,2026-06-26 06:36:59.469977,\N,\N,\N
131334,827,1,11,\N,\N,\N,\N,2,2,\N,-89.00,0.00,\N,0.00,f,2026-06-26 06:37:08,2026-06-26 06:36:59.469977,2026-06-26 06:36:59.469977,\N,\N,\N
131335,828,1,11,\N,\N,\N,\N,2,2,\N,-87.00,0.00,\N,0.00,f,2026-06-26 06:37:08,2026-06-26 06:36:59.469977,2026-06-26 06:36:59.469977,\N,\N,\N
131336,829,1,11,\N,\N,\N,\N,2,2,\N,-122.00,0.00,\N,0.00,f,2026-06-26 06:37:08,2026-06-26 06:36:59.469977,2026-06-26 06:36:59.469977,\N,\N,\N
131337,848,1,11,\N,\N,\N,\N,2,2,\N,-243.00,0.00,\N,0.00,f,2026-06-26 06:37:08,2026-06-26 06:36:59.469977,2026-06-26 06:36:59.469977,\N,\N,\N
131338,830,1,11,\N,\N,\N,\N,2,2,\N,-44.00,0.00,\N,0.00,f,2026-06-26 06:37:08,2026-06-26 06:36:59.469977,2026-06-26 06:36:59.469977,\N,\N,\N
131339,523,1,11,\N,\N,\N,\N,2,2,\N,-5.00,0.00,\N,0.00,f,2026-06-26 06:37:08,2026-06-26 06:36:59.469977,2026-06-26 06:36:59.469977,\N,\N,\N
131340,524,1,11,\N,\N,\N,\N,2,2,\N,-14.00,0.00,\N,0.00,f,2026-06-26 06:37:08,2026-06-26 06:36:59.469977,2026-06-26 06:36:59.469977,\N,\N,\N
131341,525,1,11,\N,\N,\N,\N,2,2,\N,-6.00,0.00,\N,0.00,f,2026-06-26 06:37:08,2026-06-26 06:36:59.469977,2026-06-26 06:36:59.469977,\N,\N,\N
131342,526,1,11,\N,\N,\N,\N,2,2,\N,-17.00,0.00,\N,0.00,f,2026-06-26 06:37:08,2026-06-26 06:36:59.469977,2026-06-26 06:36:59.469977,\N,\N,\N
131343,527,1,11,\N,\N,\N,\N,2,2,\N,-5.00,0.00,\N,0.00,f,2026-06-26 06:37:08,2026-06-26 06:36:59.469977,2026-06-26 06:36:59.469977,\N,\N,\N
131344,528,1,11,\N,\N,\N,\N,2,2,\N,-3.00,0.00,\N,0.00,f,2026-06-26 06:37:08,2026-06-26 06:36:59.469977,2026-06-26 06:36:59.469977,\N,\N,\N
131345,529,1,11,\N,\N,\N,\N,2,2,\N,-4.00,0.00,\N,0.00,f,2026-06-26 06:37:08,2026-06-26 06:36:59.469977,2026-06-26 06:36:59.469977,\N,\N,\N
131346,530,1,11,\N,\N,\N,\N,2,2,\N,-2.00,0.00,\N,0.00,f,2026-06-26 06:37:08,2026-06-26 06:36:59.469977,2026-06-26 06:36:59.469977,\N,\N,\N
131347,515,1,11,\N,\N,\N,\N,2,2,\N,-6.00,0.00,\N,0.00,f,2026-06-26 06:37:08,2026-06-26 06:36:59.469977,2026-06-26 06:36:59.469977,\N,\N,\N
131348,516,1,11,\N,\N,\N,\N,2,2,\N,-5.00,0.00,\N,0.00,f,2026-06-26 06:37:08,2026-06-26 06:36:59.469977,2026-06-26 06:36:59.469977,\N,\N,\N
131349,517,1,11,\N,\N,\N,\N,2,2,\N,-5.00,0.00,\N,0.00,f,2026-06-26 06:37:08,2026-06-26 06:36:59.469977,2026-06-26 06:36:59.469977,\N,\N,\N
131350,518,1,11,\N,\N,\N,\N,2,2,\N,-15.00,0.00,\N,0.00,f,2026-06-26 06:37:08,2026-06-26 06:36:59.469977,2026-06-26 06:36:59.469977,\N,\N,\N
131351,519,1,11,\N,\N,\N,\N,2,2,\N,-11.00,0.00,\N,0.00,f,2026-06-26 06:37:08,2026-06-26 06:36:59.469977,2026-06-26 06:36:59.469977,\N,\N,\N
131352,520,1,11,\N,\N,\N,\N,2,2,\N,-5.00,0.00,\N,0.00,f,2026-06-26 06:37:08,2026-06-26 06:36:59.469977,2026-06-26 06:36:59.469977,\N,\N,\N
131353,521,1,11,\N,\N,\N,\N,2,2,\N,-7.00,0.00,\N,0.00,f,2026-06-26 06:37:08,2026-06-26 06:36:59.469977,2026-06-26 06:36:59.469977,\N,\N,\N
131354,522,1,11,\N,\N,\N,\N,2,2,\N,-8.00,0.00,\N,0.00,f,2026-06-26 06:37:08,2026-06-26 06:36:59.469977,2026-06-26 06:36:59.469977,\N,\N,\N
131355,1169,1,11,\N,\N,\N,\N,2,2,\N,-197.00,0.00,\N,0.00,f,2026-06-26 06:37:08,2026-06-26 06:36:59.469977,2026-06-26 06:36:59.469977,\N,\N,\N
131356,1160,1,11,\N,\N,\N,\N,2,2,\N,-253.00,0.00,\N,0.00,f,2026-06-26 06:37:08,2026-06-26 06:36:59.469977,2026-06-26 06:36:59.469977,\N,\N,\N
131357,1161,1,11,\N,\N,\N,\N,2,2,\N,-118.00,0.00,\N,0.00,f,2026-06-26 06:37:08,2026-06-26 06:36:59.469977,2026-06-26 06:36:59.469977,\N,\N,\N
131358,1162,1,11,\N,\N,\N,\N,2,2,\N,-37.00,0.00,\N,0.00,f,2026-06-26 06:37:08,2026-06-26 06:36:59.469977,2026-06-26 06:36:59.469977,\N,\N,\N
131359,1163,1,11,\N,\N,\N,\N,2,2,\N,-38.00,0.00,\N,0.00,f,2026-06-26 06:37:08,2026-06-26 06:36:59.469977,2026-06-26 06:36:59.469977,\N,\N,\N
131360,1164,1,11,\N,\N,\N,\N,2,2,\N,-26.00,0.00,\N,0.00,f,2026-06-26 06:37:08,2026-06-26 06:36:59.469977,2026-06-26 06:36:59.469977,\N,\N,\N
131361,1165,1,11,\N,\N,\N,\N,2,2,\N,-8.00,0.00,\N,0.00,f,2026-06-26 06:37:08,2026-06-26 06:36:59.469977,2026-06-26 06:36:59.469977,\N,\N,\N
131362,1166,1,11,\N,\N,\N,\N,2,2,\N,-15.00,0.00,\N,0.00,f,2026-06-26 06:37:08,2026-06-26 06:36:59.469977,2026-06-26 06:36:59.469977,\N,\N,\N
131363,1167,1,11,\N,\N,\N,\N,2,2,\N,-3.00,0.00,\N,0.00,f,2026-06-26 06:37:08,2026-06-26 06:36:59.469977,2026-06-26 06:36:59.469977,\N,\N,\N
131364,2309,1,11,\N,\N,\N,\N,2,2,\N,-3.00,0.00,\N,0.00,f,2026-06-26 06:37:08,2026-06-26 06:36:59.469977,2026-06-26 06:36:59.469977,\N,\N,\N
131365,1180,1,11,\N,\N,\N,\N,2,2,\N,-122.00,0.00,\N,0.00,f,2026-06-26 06:37:08,2026-06-26 06:36:59.469977,2026-06-26 06:36:59.469977,\N,\N,\N
131366,1171,1,11,\N,\N,\N,\N,2,2,\N,-59.00,0.00,\N,0.00,f,2026-06-26 06:37:08,2026-06-26 06:36:59.469977,2026-06-26 06:36:59.469977,\N,\N,\N
131367,1172,1,11,\N,\N,\N,\N,2,2,\N,-61.00,0.00,\N,0.00,f,2026-06-26 06:37:08,2026-06-26 06:36:59.469977,2026-06-26 06:36:59.469977,\N,\N,\N
131368,1173,1,11,\N,\N,\N,\N,2,2,\N,-32.00,0.00,\N,0.00,f,2026-06-26 06:37:08,2026-06-26 06:36:59.469977,2026-06-26 06:36:59.469977,\N,\N,\N
131369,1174,1,11,\N,\N,\N,\N,2,2,\N,-53.00,0.00,\N,0.00,f,2026-06-26 06:37:08,2026-06-26 06:36:59.469977,2026-06-26 06:36:59.469977,\N,\N,\N
131370,1175,1,11,\N,\N,\N,\N,2,2,\N,-76.00,0.00,\N,0.00,f,2026-06-26 06:37:08,2026-06-26 06:36:59.469977,2026-06-26 06:36:59.469977,\N,\N,\N
131371,1176,1,11,\N,\N,\N,\N,2,2,\N,-67.00,0.00,\N,0.00,f,2026-06-26 06:37:08,2026-06-26 06:36:59.469977,2026-06-26 06:36:59.469977,\N,\N,\N
131372,1177,1,11,\N,\N,\N,\N,2,2,\N,-43.00,0.00,\N,0.00,f,2026-06-26 06:37:08,2026-06-26 06:36:59.469977,2026-06-26 06:36:59.469977,\N,\N,\N
131373,1178,1,11,\N,\N,\N,\N,2,2,\N,-22.00,0.00,\N,0.00,f,2026-06-26 06:37:08,2026-06-26 06:36:59.469977,2026-06-26 06:36:59.469977,\N,\N,\N
131374,2314,1,11,\N,\N,\N,\N,2,2,\N,-2.00,0.00,\N,0.00,f,2026-06-26 06:37:08,2026-06-26 06:36:59.469977,2026-06-26 06:36:59.469977,\N,\N,\N
131375,1191,1,11,\N,\N,\N,\N,2,2,\N,-56.00,0.00,\N,0.00,f,2026-06-26 06:37:08,2026-06-26 06:36:59.469977,2026-06-26 06:36:59.469977,\N,\N,\N
131376,1182,1,11,\N,\N,\N,\N,2,2,\N,-7.00,0.00,\N,0.00,f,2026-06-26 06:37:08,2026-06-26 06:36:59.469977,2026-06-26 06:36:59.469977,\N,\N,\N
131377,1183,1,11,\N,\N,\N,\N,2,2,\N,-4.00,0.00,\N,0.00,f,2026-06-26 06:37:08,2026-06-26 06:36:59.469977,2026-06-26 06:36:59.469977,\N,\N,\N
131378,1184,1,11,\N,\N,\N,\N,2,2,\N,-2.00,0.00,\N,0.00,f,2026-06-26 06:37:08,2026-06-26 06:36:59.469977,2026-06-26 06:36:59.469977,\N,\N,\N
131379,1185,1,11,\N,\N,\N,\N,2,2,\N,-2.00,0.00,\N,0.00,f,2026-06-26 06:37:08,2026-06-26 06:36:59.469977,2026-06-26 06:36:59.469977,\N,\N,\N
131380,1186,1,11,\N,\N,\N,\N,2,2,\N,-4.00,0.00,\N,0.00,f,2026-06-26 06:37:08,2026-06-26 06:36:59.469977,2026-06-26 06:36:59.469977,\N,\N,\N
131381,1187,1,11,\N,\N,\N,\N,2,2,\N,-1.00,0.00,\N,0.00,f,2026-06-26 06:37:08,2026-06-26 06:36:59.469977,2026-06-26 06:36:59.469977,\N,\N,\N
131382,1188,1,11,\N,\N,\N,\N,2,2,\N,-2.00,0.00,\N,0.00,f,2026-06-26 06:37:08,2026-06-26 06:36:59.469977,2026-06-26 06:36:59.469977,\N,\N,\N
131383,1812,1,11,\N,\N,\N,\N,2,2,\N,-56.00,0.00,\N,0.00,f,2026-06-26 06:37:08,2026-06-26 06:36:59.469977,2026-06-26 06:36:59.469977,\N,\N,\N
131384,1813,1,11,\N,\N,\N,\N,2,2,\N,-82.00,0.00,\N,0.00,f,2026-06-26 06:37:08,2026-06-26 06:36:59.469977,2026-06-26 06:36:59.469977,\N,\N,\N
131385,1814,1,11,\N,\N,\N,\N,2,2,\N,-61.00,0.00,\N,0.00,f,2026-06-26 06:37:08,2026-06-26 06:36:59.469977,2026-06-26 06:36:59.469977,\N,\N,\N
131386,1815,1,11,\N,\N,\N,\N,2,2,\N,-36.00,0.00,\N,0.00,f,2026-06-26 06:37:08,2026-06-26 06:36:59.469977,2026-06-26 06:36:59.469977,\N,\N,\N
131387,1816,1,11,\N,\N,\N,\N,2,2,\N,-10.00,0.00,\N,0.00,f,2026-06-26 06:37:08,2026-06-26 06:36:59.469977,2026-06-26 06:36:59.469977,\N,\N,\N
131388,1817,1,11,\N,\N,\N,\N,2,2,\N,-50.00,0.00,\N,0.00,f,2026-06-26 06:37:08,2026-06-26 06:36:59.469977,2026-06-26 06:36:59.469977,\N,\N,\N
131389,1861,1,11,\N,\N,\N,\N,2,2,\N,-62.00,0.00,\N,0.00,f,2026-06-26 06:37:08,2026-06-26 06:36:59.469977,2026-06-26 06:36:59.469977,\N,\N,\N
131390,1862,1,11,\N,\N,\N,\N,2,2,\N,-8.00,0.00,\N,0.00,f,2026-06-26 06:37:08,2026-06-26 06:36:59.469977,2026-06-26 06:36:59.469977,\N,\N,\N
131391,1863,1,11,\N,\N,\N,\N,2,2,\N,-31.00,0.00,\N,0.00,f,2026-06-26 06:37:08,2026-06-26 06:36:59.469977,2026-06-26 06:36:59.469977,\N,\N,\N
131392,2294,1,11,\N,\N,\N,\N,2,2,\N,-34.00,0.00,\N,0.00,f,2026-06-26 06:37:08,2026-06-26 06:36:59.469977,2026-06-26 06:36:59.469977,\N,\N,\N
131393,1830,1,11,\N,\N,\N,\N,2,2,\N,-43.00,0.00,\N,0.00,f,2026-06-26 06:37:08,2026-06-26 06:36:59.469977,2026-06-26 06:36:59.469977,\N,\N,\N
131394,1831,1,11,\N,\N,\N,\N,2,2,\N,-35.00,0.00,\N,0.00,f,2026-06-26 06:37:08,2026-06-26 06:36:59.469977,2026-06-26 06:36:59.469977,\N,\N,\N
131395,1832,1,11,\N,\N,\N,\N,2,2,\N,-56.00,0.00,\N,0.00,f,2026-06-26 06:37:08,2026-06-26 06:36:59.469977,2026-06-26 06:36:59.469977,\N,\N,\N
131396,1833,1,11,\N,\N,\N,\N,2,2,\N,-33.00,0.00,\N,0.00,f,2026-06-26 06:37:08,2026-06-26 06:36:59.469977,2026-06-26 06:36:59.469977,\N,\N,\N
131397,1834,1,11,\N,\N,\N,\N,2,2,\N,-65.00,0.00,\N,0.00,f,2026-06-26 06:37:08,2026-06-26 06:36:59.469977,2026-06-26 06:36:59.469977,\N,\N,\N
131398,1835,1,11,\N,\N,\N,\N,2,2,\N,-54.00,0.00,\N,0.00,f,2026-06-26 06:37:08,2026-06-26 06:36:59.469977,2026-06-26 06:36:59.469977,\N,\N,\N
131399,1873,1,11,\N,\N,\N,\N,2,2,\N,-40.00,0.00,\N,0.00,f,2026-06-26 06:37:08,2026-06-26 06:36:59.469977,2026-06-26 06:36:59.469977,\N,\N,\N
131400,1874,1,11,\N,\N,\N,\N,2,2,\N,-27.00,0.00,\N,0.00,f,2026-06-26 06:37:08,2026-06-26 06:36:59.469977,2026-06-26 06:36:59.469977,\N,\N,\N
131401,1875,1,11,\N,\N,\N,\N,2,2,\N,-18.00,0.00,\N,0.00,f,2026-06-26 06:37:08,2026-06-26 06:36:59.469977,2026-06-26 06:36:59.469977,\N,\N,\N
131402,2297,1,11,\N,\N,\N,\N,2,2,\N,-25.00,0.00,\N,0.00,f,2026-06-26 06:37:09,2026-06-26 06:36:59.469977,2026-06-26 06:36:59.469977,\N,\N,\N
131403,1836,1,11,\N,\N,\N,\N,2,2,\N,-50.00,0.00,\N,0.00,f,2026-06-26 06:37:09,2026-06-26 06:36:59.469977,2026-06-26 06:36:59.469977,\N,\N,\N
131404,1837,1,11,\N,\N,\N,\N,2,2,\N,-49.00,0.00,\N,0.00,f,2026-06-26 06:37:09,2026-06-26 06:36:59.469977,2026-06-26 06:36:59.469977,\N,\N,\N
131405,1838,1,11,\N,\N,\N,\N,2,2,\N,-62.00,0.00,\N,0.00,f,2026-06-26 06:37:09,2026-06-26 06:36:59.469977,2026-06-26 06:36:59.469977,\N,\N,\N
131406,1839,1,11,\N,\N,\N,\N,2,2,\N,-46.00,0.00,\N,0.00,f,2026-06-26 06:37:09,2026-06-26 06:36:59.469977,2026-06-26 06:36:59.469977,\N,\N,\N
131407,1840,1,11,\N,\N,\N,\N,2,2,\N,-52.00,0.00,\N,0.00,f,2026-06-26 06:37:09,2026-06-26 06:36:59.469977,2026-06-26 06:36:59.469977,\N,\N,\N
131408,1841,1,11,\N,\N,\N,\N,2,2,\N,-22.00,0.00,\N,0.00,f,2026-06-26 06:37:09,2026-06-26 06:36:59.469977,2026-06-26 06:36:59.469977,\N,\N,\N
131409,1877,1,11,\N,\N,\N,\N,2,2,\N,-9.00,0.00,\N,0.00,f,2026-06-26 06:37:09,2026-06-26 06:36:59.469977,2026-06-26 06:36:59.469977,\N,\N,\N
131410,1878,1,11,\N,\N,\N,\N,2,2,\N,-8.00,0.00,\N,0.00,f,2026-06-26 06:37:09,2026-06-26 06:36:59.469977,2026-06-26 06:36:59.469977,\N,\N,\N
131411,1879,1,11,\N,\N,\N,\N,2,2,\N,-13.00,0.00,\N,0.00,f,2026-06-26 06:37:09,2026-06-26 06:36:59.469977,2026-06-26 06:36:59.469977,\N,\N,\N
131412,2298,1,11,\N,\N,\N,\N,2,2,\N,-14.00,0.00,\N,0.00,f,2026-06-26 06:37:09,2026-06-26 06:36:59.469977,2026-06-26 06:36:59.469977,\N,\N,\N
131413,1818,1,11,\N,\N,\N,\N,2,2,\N,-1.00,0.00,\N,0.00,f,2026-06-26 06:37:09,2026-06-26 06:36:59.469977,2026-06-26 06:36:59.469977,\N,\N,\N
131414,2295,1,11,\N,\N,\N,\N,2,2,\N,-2.00,0.00,\N,0.00,f,2026-06-26 06:37:09,2026-06-26 06:36:59.469977,2026-06-26 06:36:59.469977,\N,\N,\N
131415,1842,1,11,\N,\N,\N,\N,2,2,\N,-6.00,0.00,\N,0.00,f,2026-06-26 06:37:09,2026-06-26 06:36:59.469977,2026-06-26 06:36:59.469977,\N,\N,\N
131416,1843,1,11,\N,\N,\N,\N,2,2,\N,-22.00,0.00,\N,0.00,f,2026-06-26 06:37:09,2026-06-26 06:36:59.469977,2026-06-26 06:36:59.469977,\N,\N,\N
131417,1844,1,11,\N,\N,\N,\N,2,2,\N,-55.00,0.00,\N,0.00,f,2026-06-26 06:37:09,2026-06-26 06:36:59.469977,2026-06-26 06:36:59.469977,\N,\N,\N
131418,1845,1,11,\N,\N,\N,\N,2,2,\N,-29.00,0.00,\N,0.00,f,2026-06-26 06:37:09,2026-06-26 06:36:59.469977,2026-06-26 06:36:59.469977,\N,\N,\N
131419,1846,1,11,\N,\N,\N,\N,2,2,\N,-33.00,0.00,\N,0.00,f,2026-06-26 06:37:09,2026-06-26 06:36:59.469977,2026-06-26 06:36:59.469977,\N,\N,\N
131420,1847,1,11,\N,\N,\N,\N,2,2,\N,-23.00,0.00,\N,0.00,f,2026-06-26 06:37:09,2026-06-26 06:36:59.469977,2026-06-26 06:36:59.469977,\N,\N,\N
131421,1881,1,11,\N,\N,\N,\N,2,2,\N,-14.00,0.00,\N,0.00,f,2026-06-26 06:37:09,2026-06-26 06:36:59.469977,2026-06-26 06:36:59.469977,\N,\N,\N
131422,1882,1,11,\N,\N,\N,\N,2,2,\N,-5.00,0.00,\N,0.00,f,2026-06-26 06:37:09,2026-06-26 06:36:59.469977,2026-06-26 06:36:59.469977,\N,\N,\N
131423,1883,1,11,\N,\N,\N,\N,2,2,\N,-15.00,0.00,\N,0.00,f,2026-06-26 06:37:09,2026-06-26 06:36:59.469977,2026-06-26 06:36:59.469977,\N,\N,\N
131424,2299,1,11,\N,\N,\N,\N,2,2,\N,-11.00,0.00,\N,0.00,f,2026-06-26 06:37:09,2026-06-26 06:36:59.469977,2026-06-26 06:36:59.469977,\N,\N,\N
131425,2146,1,11,\N,\N,\N,\N,2,2,\N,-55.00,0.00,\N,0.00,f,2026-06-26 06:37:09,2026-06-26 06:36:59.469977,2026-06-26 06:36:59.469977,\N,\N,\N
131426,2147,1,11,\N,\N,\N,\N,2,2,\N,-28.00,0.00,\N,0.00,f,2026-06-26 06:37:09,2026-06-26 06:36:59.469977,2026-06-26 06:36:59.469977,\N,\N,\N
131427,2148,1,11,\N,\N,\N,\N,2,2,\N,-33.00,0.00,\N,0.00,f,2026-06-26 06:37:09,2026-06-26 06:36:59.469977,2026-06-26 06:36:59.469977,\N,\N,\N
131428,2149,1,11,\N,\N,\N,\N,2,2,\N,-112.00,0.00,\N,0.00,f,2026-06-26 06:37:09,2026-06-26 06:36:59.469977,2026-06-26 06:36:59.469977,\N,\N,\N
131429,2150,1,11,\N,\N,\N,\N,2,2,\N,-231.00,0.00,\N,0.00,f,2026-06-26 06:37:09,2026-06-26 06:36:59.469977,2026-06-26 06:36:59.469977,\N,\N,\N
131430,2151,1,11,\N,\N,\N,\N,2,2,\N,-125.00,0.00,\N,0.00,f,2026-06-26 06:37:09,2026-06-26 06:36:59.469977,2026-06-26 06:36:59.469977,\N,\N,\N
131431,2152,1,11,\N,\N,\N,\N,2,2,\N,-66.00,0.00,\N,0.00,f,2026-06-26 06:37:09,2026-06-26 06:36:59.469977,2026-06-26 06:36:59.469977,\N,\N,\N
131432,2153,1,11,\N,\N,\N,\N,2,2,\N,-166.00,0.00,\N,0.00,f,2026-06-26 06:37:09,2026-06-26 06:36:59.469977,2026-06-26 06:36:59.469977,\N,\N,\N
131433,2154,1,11,\N,\N,\N,\N,2,2,\N,-94.00,0.00,\N,0.00,f,2026-06-26 06:37:09,2026-06-26 06:36:59.469977,2026-06-26 06:36:59.469977,\N,\N,\N
131434,510,1,11,\N,\N,\N,\N,2,2,\N,-8.00,0.00,\N,0.00,f,2026-06-26 06:37:09,2026-06-26 06:36:59.469977,2026-06-26 06:36:59.469977,\N,\N,\N
131435,511,1,11,\N,\N,\N,\N,2,2,\N,-23.00,0.00,\N,0.00,f,2026-06-26 06:37:09,2026-06-26 06:36:59.469977,2026-06-26 06:36:59.469977,\N,\N,\N
131436,999,1,11,\N,\N,\N,\N,2,2,\N,-131.00,0.00,\N,0.00,f,2026-06-26 06:37:09,2026-06-26 06:36:59.469977,2026-06-26 06:36:59.469977,\N,\N,\N
131437,996,1,11,\N,\N,\N,\N,2,2,\N,-78.00,0.00,\N,0.00,f,2026-06-26 06:37:09,2026-06-26 06:36:59.469977,2026-06-26 06:36:59.469977,\N,\N,\N
131438,1002,1,11,\N,\N,\N,\N,2,2,\N,-53.00,0.00,\N,0.00,f,2026-06-26 06:37:09,2026-06-26 06:36:59.469977,2026-06-26 06:36:59.469977,\N,\N,\N
131439,1005,1,11,\N,\N,\N,\N,2,2,\N,-24.00,0.00,\N,0.00,f,2026-06-26 06:37:09,2026-06-26 06:36:59.469977,2026-06-26 06:36:59.469977,\N,\N,\N
131440,1000,1,11,\N,\N,\N,\N,2,2,\N,-40.00,0.00,\N,0.00,f,2026-06-26 06:37:09,2026-06-26 06:36:59.469977,2026-06-26 06:36:59.469977,\N,\N,\N
131441,997,1,11,\N,\N,\N,\N,2,2,\N,-26.00,0.00,\N,0.00,f,2026-06-26 06:37:09,2026-06-26 06:36:59.469977,2026-06-26 06:36:59.469977,\N,\N,\N
131442,1003,1,11,\N,\N,\N,\N,2,2,\N,-17.00,0.00,\N,0.00,f,2026-06-26 06:37:09,2026-06-26 06:36:59.469977,2026-06-26 06:36:59.469977,\N,\N,\N
131443,1006,1,11,\N,\N,\N,\N,2,2,\N,-14.00,0.00,\N,0.00,f,2026-06-26 06:37:09,2026-06-26 06:36:59.469977,2026-06-26 06:36:59.469977,\N,\N,\N
131444,1001,1,11,\N,\N,\N,\N,2,2,\N,-61.00,0.00,\N,0.00,f,2026-06-26 06:37:09,2026-06-26 06:36:59.469977,2026-06-26 06:36:59.469977,\N,\N,\N
131445,998,1,11,\N,\N,\N,\N,2,2,\N,-22.00,0.00,\N,0.00,f,2026-06-26 06:37:09,2026-06-26 06:36:59.469977,2026-06-26 06:36:59.469977,\N,\N,\N
131446,1004,1,11,\N,\N,\N,\N,2,2,\N,-19.00,0.00,\N,0.00,f,2026-06-26 06:37:09,2026-06-26 06:36:59.469977,2026-06-26 06:36:59.469977,\N,\N,\N
131447,1007,1,11,\N,\N,\N,\N,2,2,\N,-19.00,0.00,\N,0.00,f,2026-06-26 06:37:09,2026-06-26 06:36:59.469977,2026-06-26 06:36:59.469977,\N,\N,\N
131448,2179,1,11,\N,\N,\N,\N,2,2,\N,-8.00,0.00,\N,0.00,f,2026-06-26 06:37:09,2026-06-26 06:36:59.469977,2026-06-26 06:36:59.469977,\N,\N,\N
131449,2180,1,11,\N,\N,\N,\N,2,2,\N,-9.00,0.00,\N,0.00,f,2026-06-26 06:37:09,2026-06-26 06:36:59.469977,2026-06-26 06:36:59.469977,\N,\N,\N
131450,2186,1,11,\N,\N,\N,\N,2,2,\N,-9.00,0.00,\N,0.00,f,2026-06-26 06:37:09,2026-06-26 06:36:59.469977,2026-06-26 06:36:59.469977,\N,\N,\N
131451,2182,1,11,\N,\N,\N,\N,2,2,\N,-9.00,0.00,\N,0.00,f,2026-06-26 06:37:09,2026-06-26 06:36:59.469977,2026-06-26 06:36:59.469977,\N,\N,\N
131452,2183,1,11,\N,\N,\N,\N,2,2,\N,-7.00,0.00,\N,0.00,f,2026-06-26 06:37:09,2026-06-26 06:36:59.469977,2026-06-26 06:36:59.469977,\N,\N,\N
131453,1464,1,11,\N,\N,\N,\N,2,2,\N,-63.00,0.00,\N,0.00,f,2026-06-26 06:37:09,2026-06-26 06:36:59.469977,2026-06-26 06:36:59.469977,\N,\N,\N
131454,1465,1,11,\N,\N,\N,\N,2,2,\N,-232.00,0.00,\N,0.00,f,2026-06-26 06:37:09,2026-06-26 06:36:59.469977,2026-06-26 06:36:59.469977,\N,\N,\N
131455,1466,1,11,\N,\N,\N,\N,2,2,\N,-96.00,0.00,\N,0.00,f,2026-06-26 06:37:09,2026-06-26 06:36:59.469977,2026-06-26 06:36:59.469977,\N,\N,\N
131456,1467,1,11,\N,\N,\N,\N,2,2,\N,-54.00,0.00,\N,0.00,f,2026-06-26 06:37:09,2026-06-26 06:36:59.469977,2026-06-26 06:36:59.469977,\N,\N,\N
131457,1468,1,11,\N,\N,\N,\N,2,2,\N,-40.00,0.00,\N,0.00,f,2026-06-26 06:37:09,2026-06-26 06:36:59.469977,2026-06-26 06:36:59.469977,\N,\N,\N
131458,1469,1,11,\N,\N,\N,\N,2,2,\N,-35.00,0.00,\N,0.00,f,2026-06-26 06:37:09,2026-06-26 06:36:59.469977,2026-06-26 06:36:59.469977,\N,\N,\N
131459,1470,1,11,\N,\N,\N,\N,2,2,\N,-20.00,0.00,\N,0.00,f,2026-06-26 06:37:09,2026-06-26 06:36:59.469977,2026-06-26 06:36:59.469977,\N,\N,\N
131460,1471,1,11,\N,\N,\N,\N,2,2,\N,-39.00,0.00,\N,0.00,f,2026-06-26 06:37:09,2026-06-26 06:36:59.469977,2026-06-26 06:36:59.469977,\N,\N,\N
131461,1472,1,11,\N,\N,\N,\N,2,2,\N,-14.00,0.00,\N,0.00,f,2026-06-26 06:37:09,2026-06-26 06:36:59.469977,2026-06-26 06:36:59.469977,\N,\N,\N
131462,2315,1,11,\N,\N,\N,\N,2,2,\N,-16.00,0.00,\N,0.00,f,2026-06-26 06:37:09,2026-06-26 06:36:59.469977,2026-06-26 06:36:59.469977,\N,\N,\N
131463,1494,1,11,\N,\N,\N,\N,2,2,\N,-63.00,0.00,\N,0.00,f,2026-06-26 06:37:09,2026-06-26 06:36:59.469977,2026-06-26 06:36:59.469977,\N,\N,\N
131464,1495,1,11,\N,\N,\N,\N,2,2,\N,-26.00,0.00,\N,0.00,f,2026-06-26 06:37:09,2026-06-26 06:36:59.469977,2026-06-26 06:36:59.469977,\N,\N,\N
131465,1496,1,11,\N,\N,\N,\N,2,2,\N,-30.00,0.00,\N,0.00,f,2026-06-26 06:37:09,2026-06-26 06:36:59.469977,2026-06-26 06:36:59.469977,\N,\N,\N
131466,1497,1,11,\N,\N,\N,\N,2,2,\N,-44.00,0.00,\N,0.00,f,2026-06-26 06:37:09,2026-06-26 06:36:59.469977,2026-06-26 06:36:59.469977,\N,\N,\N
131467,1498,1,11,\N,\N,\N,\N,2,2,\N,-75.00,0.00,\N,0.00,f,2026-06-26 06:37:09,2026-06-26 06:36:59.469977,2026-06-26 06:36:59.469977,\N,\N,\N
131468,1499,1,11,\N,\N,\N,\N,2,2,\N,-39.00,0.00,\N,0.00,f,2026-06-26 06:37:09,2026-06-26 06:36:59.469977,2026-06-26 06:36:59.469977,\N,\N,\N
131469,1500,1,11,\N,\N,\N,\N,2,2,\N,-13.00,0.00,\N,0.00,f,2026-06-26 06:37:09,2026-06-26 06:36:59.469977,2026-06-26 06:36:59.469977,\N,\N,\N
131470,1501,1,11,\N,\N,\N,\N,2,2,\N,-34.00,0.00,\N,0.00,f,2026-06-26 06:37:09,2026-06-26 06:36:59.469977,2026-06-26 06:36:59.469977,\N,\N,\N
131471,1502,1,11,\N,\N,\N,\N,2,2,\N,-21.00,0.00,\N,0.00,f,2026-06-26 06:37:09,2026-06-26 06:36:59.469977,2026-06-26 06:36:59.469977,\N,\N,\N
131472,2318,1,11,\N,\N,\N,\N,2,2,\N,-18.00,0.00,\N,0.00,f,2026-06-26 06:37:09,2026-06-26 06:36:59.469977,2026-06-26 06:36:59.469977,\N,\N,\N
131473,1524,1,11,\N,\N,\N,\N,2,2,\N,-58.00,0.00,\N,0.00,f,2026-06-26 06:37:09,2026-06-26 06:36:59.469977,2026-06-26 06:36:59.469977,\N,\N,\N
131474,1525,1,11,\N,\N,\N,\N,2,2,\N,-123.00,0.00,\N,0.00,f,2026-06-26 06:37:09,2026-06-26 06:36:59.469977,2026-06-26 06:36:59.469977,\N,\N,\N
131475,1526,1,11,\N,\N,\N,\N,2,2,\N,-209.00,0.00,\N,0.00,f,2026-06-26 06:37:09,2026-06-26 06:36:59.469977,2026-06-26 06:36:59.469977,\N,\N,\N
131476,1527,1,11,\N,\N,\N,\N,2,2,\N,-236.00,0.00,\N,0.00,f,2026-06-26 06:37:09,2026-06-26 06:36:59.469977,2026-06-26 06:36:59.469977,\N,\N,\N
131477,1528,1,11,\N,\N,\N,\N,2,2,\N,-266.00,0.00,\N,0.00,f,2026-06-26 06:37:09,2026-06-26 06:36:59.469977,2026-06-26 06:36:59.469977,\N,\N,\N
131478,1529,1,11,\N,\N,\N,\N,2,2,\N,-192.00,0.00,\N,0.00,f,2026-06-26 06:37:09,2026-06-26 06:36:59.469977,2026-06-26 06:36:59.469977,\N,\N,\N
131479,1530,1,11,\N,\N,\N,\N,2,2,\N,-209.00,0.00,\N,0.00,f,2026-06-26 06:37:09,2026-06-26 06:36:59.469977,2026-06-26 06:36:59.469977,\N,\N,\N
131480,1531,1,11,\N,\N,\N,\N,2,2,\N,-171.00,0.00,\N,0.00,f,2026-06-26 06:37:09,2026-06-26 06:36:59.469977,2026-06-26 06:36:59.469977,\N,\N,\N
131481,1532,1,11,\N,\N,\N,\N,2,2,\N,-77.00,0.00,\N,0.00,f,2026-06-26 06:37:09,2026-06-26 06:36:59.469977,2026-06-26 06:36:59.469977,\N,\N,\N
131482,2321,1,11,\N,\N,\N,\N,2,2,\N,-8.00,0.00,\N,0.00,f,2026-06-26 06:37:09,2026-06-26 06:36:59.469977,2026-06-26 06:36:59.469977,\N,\N,\N
131483,1534,1,11,\N,\N,\N,\N,2,2,\N,-27.00,0.00,\N,0.00,f,2026-06-26 06:37:09,2026-06-26 06:36:59.469977,2026-06-26 06:36:59.469977,\N,\N,\N
131484,1535,1,11,\N,\N,\N,\N,2,2,\N,-17.00,0.00,\N,0.00,f,2026-06-26 06:37:09,2026-06-26 06:36:59.469977,2026-06-26 06:36:59.469977,\N,\N,\N
131485,1536,1,11,\N,\N,\N,\N,2,2,\N,-52.00,0.00,\N,0.00,f,2026-06-26 06:37:09,2026-06-26 06:36:59.469977,2026-06-26 06:36:59.469977,\N,\N,\N
131486,1537,1,11,\N,\N,\N,\N,2,2,\N,-30.00,0.00,\N,0.00,f,2026-06-26 06:37:09,2026-06-26 06:36:59.469977,2026-06-26 06:36:59.469977,\N,\N,\N
131487,1538,1,11,\N,\N,\N,\N,2,2,\N,-26.00,0.00,\N,0.00,f,2026-06-26 06:37:09,2026-06-26 06:36:59.469977,2026-06-26 06:36:59.469977,\N,\N,\N
131488,1539,1,11,\N,\N,\N,\N,2,2,\N,-7.00,0.00,\N,0.00,f,2026-06-26 06:37:09,2026-06-26 06:36:59.469977,2026-06-26 06:36:59.469977,\N,\N,\N
131489,1540,1,11,\N,\N,\N,\N,2,2,\N,-7.00,0.00,\N,0.00,f,2026-06-26 06:37:09,2026-06-26 06:36:59.469977,2026-06-26 06:36:59.469977,\N,\N,\N
131490,1541,1,11,\N,\N,\N,\N,2,2,\N,-10.00,0.00,\N,0.00,f,2026-06-26 06:37:09,2026-06-26 06:36:59.469977,2026-06-26 06:36:59.469977,\N,\N,\N
131491,1542,1,11,\N,\N,\N,\N,2,2,\N,-6.00,0.00,\N,0.00,f,2026-06-26 06:37:09,2026-06-26 06:36:59.469977,2026-06-26 06:36:59.469977,\N,\N,\N
131492,2322,1,11,\N,\N,\N,\N,2,2,\N,-4.00,0.00,\N,0.00,f,2026-06-26 06:37:09,2026-06-26 06:36:59.469977,2026-06-26 06:36:59.469977,\N,\N,\N
131493,1960,1,11,\N,\N,\N,\N,2,2,\N,-119.00,0.00,\N,0.00,f,2026-06-26 06:37:09,2026-06-26 06:36:59.469977,2026-06-26 06:36:59.469977,\N,\N,\N
131494,1961,1,11,\N,\N,\N,\N,2,2,\N,-342.00,0.00,\N,0.00,f,2026-06-26 06:37:09,2026-06-26 06:36:59.469977,2026-06-26 06:36:59.469977,\N,\N,\N
131495,1962,1,11,\N,\N,\N,\N,2,2,\N,-267.00,0.00,\N,0.00,f,2026-06-26 06:37:09,2026-06-26 06:36:59.469977,2026-06-26 06:36:59.469977,\N,\N,\N
131496,1963,1,11,\N,\N,\N,\N,2,2,\N,-46.00,0.00,\N,0.00,f,2026-06-26 06:37:09,2026-06-26 06:36:59.469977,2026-06-26 06:36:59.469977,\N,\N,\N
131497,1964,1,11,\N,\N,\N,\N,2,2,\N,-137.00,0.00,\N,0.00,f,2026-06-26 06:37:09,2026-06-26 06:36:59.469977,2026-06-26 06:36:59.469977,\N,\N,\N
131498,1988,1,11,\N,\N,\N,\N,2,2,\N,-4.00,0.00,\N,0.00,f,2026-06-26 06:37:09,2026-06-26 06:36:59.469977,2026-06-26 06:36:59.469977,\N,\N,\N
131499,1989,1,11,\N,\N,\N,\N,2,2,\N,-4.00,0.00,\N,0.00,f,2026-06-26 06:37:09,2026-06-26 06:36:59.469977,2026-06-26 06:36:59.469977,\N,\N,\N
131500,1452,1,11,\N,\N,\N,\N,2,2,\N,-1.00,0.00,\N,0.00,f,2026-06-26 06:37:09,2026-06-26 06:36:59.469977,2026-06-26 06:36:59.469977,\N,\N,\N
131501,1443,1,11,\N,\N,\N,\N,2,2,\N,-4.00,0.00,\N,0.00,f,2026-06-26 06:37:09,2026-06-26 06:36:59.469977,2026-06-26 06:36:59.469977,\N,\N,\N
131502,1444,1,11,\N,\N,\N,\N,2,2,\N,-1.00,0.00,\N,0.00,f,2026-06-26 06:37:09,2026-06-26 06:36:59.469977,2026-06-26 06:36:59.469977,\N,\N,\N
131503,1445,1,11,\N,\N,\N,\N,2,2,\N,-1.00,0.00,\N,0.00,f,2026-06-26 06:37:09,2026-06-26 06:36:59.469977,2026-06-26 06:36:59.469977,\N,\N,\N
131504,1446,1,11,\N,\N,\N,\N,2,2,\N,-1.00,0.00,\N,0.00,f,2026-06-26 06:37:09,2026-06-26 06:36:59.469977,2026-06-26 06:36:59.469977,\N,\N,\N
131505,1447,1,11,\N,\N,\N,\N,2,2,\N,-3.00,0.00,\N,0.00,f,2026-06-26 06:37:09,2026-06-26 06:36:59.469977,2026-06-26 06:36:59.469977,\N,\N,\N
131506,1448,1,11,\N,\N,\N,\N,2,2,\N,-1.00,0.00,\N,0.00,f,2026-06-26 06:37:09,2026-06-26 06:36:59.469977,2026-06-26 06:36:59.469977,\N,\N,\N
131507,211,1,11,\N,\N,\N,\N,2,2,\N,-78.00,0.00,\N,0.00,f,2026-06-26 06:37:09,2026-06-26 06:36:59.469977,2026-06-26 06:36:59.469977,\N,\N,\N
131508,212,1,11,\N,\N,\N,\N,2,2,\N,-157.00,0.00,\N,0.00,f,2026-06-26 06:37:09,2026-06-26 06:36:59.469977,2026-06-26 06:36:59.469977,\N,\N,\N
131509,213,1,11,\N,\N,\N,\N,2,2,\N,-213.00,0.00,\N,0.00,f,2026-06-26 06:37:09,2026-06-26 06:36:59.469977,2026-06-26 06:36:59.469977,\N,\N,\N
131510,214,1,11,\N,\N,\N,\N,2,2,\N,-143.00,0.00,\N,0.00,f,2026-06-26 06:37:09,2026-06-26 06:36:59.469977,2026-06-26 06:36:59.469977,\N,\N,\N
131511,215,1,11,\N,\N,\N,\N,2,2,\N,-173.00,0.00,\N,0.00,f,2026-06-26 06:37:09,2026-06-26 06:36:59.469977,2026-06-26 06:36:59.469977,\N,\N,\N
131512,216,1,11,\N,\N,\N,\N,2,2,\N,-213.00,0.00,\N,0.00,f,2026-06-26 06:37:09,2026-06-26 06:36:59.469977,2026-06-26 06:36:59.469977,\N,\N,\N
131513,247,1,11,\N,\N,\N,\N,2,2,\N,-43.00,0.00,\N,0.00,f,2026-06-26 06:37:09,2026-06-26 06:36:59.469977,2026-06-26 06:36:59.469977,\N,\N,\N
131514,229,1,11,\N,\N,\N,\N,2,2,\N,-2.00,0.00,\N,0.00,f,2026-06-26 06:37:09,2026-06-26 06:36:59.469977,2026-06-26 06:36:59.469977,\N,\N,\N
131515,231,1,11,\N,\N,\N,\N,2,2,\N,-3.00,0.00,\N,0.00,f,2026-06-26 06:37:09,2026-06-26 06:36:59.469977,2026-06-26 06:36:59.469977,\N,\N,\N
131516,234,1,11,\N,\N,\N,\N,2,2,\N,-1.00,0.00,\N,0.00,f,2026-06-26 06:37:09,2026-06-26 06:36:59.469977,2026-06-26 06:36:59.469977,\N,\N,\N
131517,250,1,11,\N,\N,\N,\N,2,2,\N,-6.00,0.00,\N,0.00,f,2026-06-26 06:37:09,2026-06-26 06:36:59.469977,2026-06-26 06:36:59.469977,\N,\N,\N
131518,217,1,11,\N,\N,\N,\N,2,2,\N,-1.00,0.00,\N,0.00,f,2026-06-26 06:37:09,2026-06-26 06:36:59.469977,2026-06-26 06:36:59.469977,\N,\N,\N
131519,219,1,11,\N,\N,\N,\N,2,2,\N,-1.00,0.00,\N,0.00,f,2026-06-26 06:37:09,2026-06-26 06:36:59.469977,2026-06-26 06:36:59.469977,\N,\N,\N
131520,220,1,11,\N,\N,\N,\N,2,2,\N,-2.00,0.00,\N,0.00,f,2026-06-26 06:37:09,2026-06-26 06:36:59.469977,2026-06-26 06:36:59.469977,\N,\N,\N
131521,225,1,11,\N,\N,\N,\N,2,2,\N,-1.00,0.00,\N,0.00,f,2026-06-26 06:37:09,2026-06-26 06:36:59.469977,2026-06-26 06:36:59.469977,\N,\N,\N
131522,237,1,11,\N,\N,\N,\N,2,2,\N,-1.00,0.00,\N,0.00,f,2026-06-26 06:37:09,2026-06-26 06:36:59.469977,2026-06-26 06:36:59.469977,\N,\N,\N
131523,2370,1,11,\N,\N,\N,\N,2,2,\N,-3.00,0.00,\N,0.00,f,2026-06-26 06:37:09,2026-06-26 06:36:59.469977,2026-06-26 06:36:59.469977,\N,\N,\N
131524,2369,1,11,\N,\N,\N,\N,2,2,\N,-4.00,0.00,\N,0.00,f,2026-06-26 06:37:09,2026-06-26 06:36:59.469977,2026-06-26 06:36:59.469977,\N,\N,\N
131525,2371,1,11,\N,\N,\N,\N,2,2,\N,-5.00,0.00,\N,0.00,f,2026-06-26 06:37:09,2026-06-26 06:36:59.469977,2026-06-26 06:36:59.469977,\N,\N,\N
131526,2372,1,11,\N,\N,\N,\N,2,2,\N,-6.00,0.00,\N,0.00,f,2026-06-26 06:37:09,2026-06-26 06:36:59.469977,2026-06-26 06:36:59.469977,\N,\N,\N
131527,2373,1,11,\N,\N,\N,\N,2,2,\N,-5.00,0.00,\N,0.00,f,2026-06-26 06:37:09,2026-06-26 06:36:59.469977,2026-06-26 06:36:59.469977,\N,\N,\N
131528,2374,1,11,\N,\N,\N,\N,2,2,\N,-11.00,0.00,\N,0.00,f,2026-06-26 06:37:09,2026-06-26 06:36:59.469977,2026-06-26 06:36:59.469977,\N,\N,\N
131529,2375,1,11,\N,\N,\N,\N,2,2,\N,-16.00,0.00,\N,0.00,f,2026-06-26 06:37:09,2026-06-26 06:36:59.469977,2026-06-26 06:36:59.469977,\N,\N,\N
131530,784,1,11,\N,\N,\N,\N,2,2,\N,-1.00,0.00,\N,0.00,f,2026-06-26 06:37:09,2026-06-26 06:36:59.469977,2026-06-26 06:36:59.469977,\N,\N,\N
131531,785,1,11,\N,\N,\N,\N,2,2,\N,-1.00,0.00,\N,0.00,f,2026-06-26 06:37:09,2026-06-26 06:36:59.469977,2026-06-26 06:36:59.469977,\N,\N,\N
131532,786,1,11,\N,\N,\N,\N,2,2,\N,-2.00,0.00,\N,0.00,f,2026-06-26 06:37:09,2026-06-26 06:36:59.469977,2026-06-26 06:36:59.469977,\N,\N,\N
131533,787,1,11,\N,\N,\N,\N,2,2,\N,-30.00,0.00,\N,0.00,f,2026-06-26 06:37:09,2026-06-26 06:36:59.469977,2026-06-26 06:36:59.469977,\N,\N,\N
131534,788,1,11,\N,\N,\N,\N,2,2,\N,-30.00,0.00,\N,0.00,f,2026-06-26 06:37:09,2026-06-26 06:36:59.469977,2026-06-26 06:36:59.469977,\N,\N,\N
131535,789,1,11,\N,\N,\N,\N,2,2,\N,-16.00,0.00,\N,0.00,f,2026-06-26 06:37:09,2026-06-26 06:36:59.469977,2026-06-26 06:36:59.469977,\N,\N,\N
131536,843,1,11,\N,\N,\N,\N,2,2,\N,-16.00,0.00,\N,0.00,f,2026-06-26 06:37:09,2026-06-26 06:36:59.469977,2026-06-26 06:36:59.469977,\N,\N,\N
131537,790,1,11,\N,\N,\N,\N,2,2,\N,-22.00,0.00,\N,0.00,f,2026-06-26 06:37:09,2026-06-26 06:36:59.469977,2026-06-26 06:36:59.469977,\N,\N,\N
131538,751,1,11,\N,\N,\N,\N,2,2,\N,-72.00,0.00,\N,0.00,f,2026-06-26 06:37:09,2026-06-26 06:36:59.469977,2026-06-26 06:36:59.469977,\N,\N,\N
131539,752,1,11,\N,\N,\N,\N,2,2,\N,-48.00,0.00,\N,0.00,f,2026-06-26 06:37:09,2026-06-26 06:36:59.469977,2026-06-26 06:36:59.469977,\N,\N,\N
131540,753,1,11,\N,\N,\N,\N,2,2,\N,-34.00,0.00,\N,0.00,f,2026-06-26 06:37:09,2026-06-26 06:36:59.469977,2026-06-26 06:36:59.469977,\N,\N,\N
131541,754,1,11,\N,\N,\N,\N,2,2,\N,-35.00,0.00,\N,0.00,f,2026-06-26 06:37:09,2026-06-26 06:36:59.469977,2026-06-26 06:36:59.469977,\N,\N,\N
131542,755,1,11,\N,\N,\N,\N,2,2,\N,-65.00,0.00,\N,0.00,f,2026-06-26 06:37:09,2026-06-26 06:36:59.469977,2026-06-26 06:36:59.469977,\N,\N,\N
131543,756,1,11,\N,\N,\N,\N,2,2,\N,-40.00,0.00,\N,0.00,f,2026-06-26 06:37:09,2026-06-26 06:36:59.469977,2026-06-26 06:36:59.469977,\N,\N,\N
131544,757,1,11,\N,\N,\N,\N,2,2,\N,-45.00,0.00,\N,0.00,f,2026-06-26 06:37:09,2026-06-26 06:36:59.469977,2026-06-26 06:36:59.469977,\N,\N,\N
131545,839,1,11,\N,\N,\N,\N,2,2,\N,-9.00,0.00,\N,0.00,f,2026-06-26 06:37:09,2026-06-26 06:36:59.469977,2026-06-26 06:36:59.469977,\N,\N,\N
131546,758,1,11,\N,\N,\N,\N,2,2,\N,-1.00,0.00,\N,0.00,f,2026-06-26 06:37:09,2026-06-26 06:36:59.469977,2026-06-26 06:36:59.469977,\N,\N,\N
131547,833,1,11,\N,\N,\N,\N,2,2,\N,-1.00,0.00,\N,0.00,f,2026-06-26 06:37:09,2026-06-26 06:36:59.469977,2026-06-26 06:36:59.469977,\N,\N,\N
131548,834,1,11,\N,\N,\N,\N,2,2,\N,-5.00,0.00,\N,0.00,f,2026-06-26 06:37:09,2026-06-26 06:36:59.469977,2026-06-26 06:36:59.469977,\N,\N,\N
131549,835,1,11,\N,\N,\N,\N,2,2,\N,-18.00,0.00,\N,0.00,f,2026-06-26 06:37:09,2026-06-26 06:36:59.469977,2026-06-26 06:36:59.469977,\N,\N,\N
131550,836,1,11,\N,\N,\N,\N,2,2,\N,-20.00,0.00,\N,0.00,f,2026-06-26 06:37:09,2026-06-26 06:36:59.469977,2026-06-26 06:36:59.469977,\N,\N,\N
131551,837,1,11,\N,\N,\N,\N,2,2,\N,-11.00,0.00,\N,0.00,f,2026-06-26 06:37:09,2026-06-26 06:36:59.469977,2026-06-26 06:36:59.469977,\N,\N,\N
131552,849,1,11,\N,\N,\N,\N,2,2,\N,-6.00,0.00,\N,0.00,f,2026-06-26 06:37:09,2026-06-26 06:36:59.469977,2026-06-26 06:36:59.469977,\N,\N,\N
131553,838,1,11,\N,\N,\N,\N,2,2,\N,-8.00,0.00,\N,0.00,f,2026-06-26 06:37:09,2026-06-26 06:36:59.469977,2026-06-26 06:36:59.469977,\N,\N,\N
131554,799,1,11,\N,\N,\N,\N,2,2,\N,-2.00,0.00,\N,0.00,f,2026-06-26 06:37:09,2026-06-26 06:36:59.469977,2026-06-26 06:36:59.469977,\N,\N,\N
131555,801,1,11,\N,\N,\N,\N,2,2,\N,-2.00,0.00,\N,0.00,f,2026-06-26 06:37:09,2026-06-26 06:36:59.469977,2026-06-26 06:36:59.469977,\N,\N,\N
131556,802,1,11,\N,\N,\N,\N,2,2,\N,-9.00,0.00,\N,0.00,f,2026-06-26 06:37:09,2026-06-26 06:36:59.469977,2026-06-26 06:36:59.469977,\N,\N,\N
131557,803,1,11,\N,\N,\N,\N,2,2,\N,-36.00,0.00,\N,0.00,f,2026-06-26 06:37:09,2026-06-26 06:36:59.469977,2026-06-26 06:36:59.469977,\N,\N,\N
131558,804,1,11,\N,\N,\N,\N,2,2,\N,-46.00,0.00,\N,0.00,f,2026-06-26 06:37:09,2026-06-26 06:36:59.469977,2026-06-26 06:36:59.469977,\N,\N,\N
131559,805,1,11,\N,\N,\N,\N,2,2,\N,-71.00,0.00,\N,0.00,f,2026-06-26 06:37:09,2026-06-26 06:36:59.469977,2026-06-26 06:36:59.469977,\N,\N,\N
131560,845,1,11,\N,\N,\N,\N,2,2,\N,-34.00,0.00,\N,0.00,f,2026-06-26 06:37:09,2026-06-26 06:36:59.469977,2026-06-26 06:36:59.469977,\N,\N,\N
131561,806,1,11,\N,\N,\N,\N,2,2,\N,-15.00,0.00,\N,0.00,f,2026-06-26 06:37:09,2026-06-26 06:36:59.469977,2026-06-26 06:36:59.469977,\N,\N,\N
131562,2361,1,11,\N,\N,\N,\N,2,2,\N,-4.00,0.00,\N,0.00,f,2026-06-26 06:37:09,2026-06-26 06:36:59.469977,2026-06-26 06:36:59.469977,\N,\N,\N
131563,2355,1,11,\N,\N,\N,\N,2,2,\N,-24.00,0.00,\N,0.00,f,2026-06-26 06:37:09,2026-06-26 06:36:59.469977,2026-06-26 06:36:59.469977,\N,\N,\N
131564,2356,1,11,\N,\N,\N,\N,2,2,\N,-20.00,0.00,\N,0.00,f,2026-06-26 06:37:09,2026-06-26 06:36:59.469977,2026-06-26 06:36:59.469977,\N,\N,\N
131565,2357,1,11,\N,\N,\N,\N,2,2,\N,-14.00,0.00,\N,0.00,f,2026-06-26 06:37:09,2026-06-26 06:36:59.469977,2026-06-26 06:36:59.469977,\N,\N,\N
131566,2358,1,11,\N,\N,\N,\N,2,2,\N,-20.00,0.00,\N,0.00,f,2026-06-26 06:37:09,2026-06-26 06:36:59.469977,2026-06-26 06:36:59.469977,\N,\N,\N
131567,2359,1,11,\N,\N,\N,\N,2,2,\N,-8.00,0.00,\N,0.00,f,2026-06-26 06:37:09,2026-06-26 06:36:59.469977,2026-06-26 06:36:59.469977,\N,\N,\N
131568,2360,1,11,\N,\N,\N,\N,2,2,\N,-8.00,0.00,\N,0.00,f,2026-06-26 06:37:09,2026-06-26 06:36:59.469977,2026-06-26 06:36:59.469977,\N,\N,\N
131569,2364,1,11,\N,\N,\N,\N,2,2,\N,-1.00,0.00,\N,0.00,f,2026-06-26 06:37:09,2026-06-26 06:36:59.469977,2026-06-26 06:36:59.469977,\N,\N,\N
131570,2365,1,11,\N,\N,\N,\N,2,2,\N,-2.00,0.00,\N,0.00,f,2026-06-26 06:37:09,2026-06-26 06:36:59.469977,2026-06-26 06:36:59.469977,\N,\N,\N
131571,2366,1,11,\N,\N,\N,\N,2,2,\N,-1.00,0.00,\N,0.00,f,2026-06-26 06:37:09,2026-06-26 06:36:59.469977,2026-06-26 06:36:59.469977,\N,\N,\N
131572,2367,1,11,\N,\N,\N,\N,2,2,\N,-1.00,0.00,\N,0.00,f,2026-06-26 06:37:09,2026-06-26 06:36:59.469977,2026-06-26 06:36:59.469977,\N,\N,\N
131573,2368,1,11,\N,\N,\N,\N,2,2,\N,-4.00,0.00,\N,0.00,f,2026-06-26 06:37:09,2026-06-26 06:36:59.469977,2026-06-26 06:36:59.469977,\N,\N,\N
131574,1793,1,11,\N,\N,\N,\N,2,2,\N,-1.00,0.00,\N,0.00,f,2026-06-26 06:37:09,2026-06-26 06:36:59.469977,2026-06-26 06:36:59.469977,\N,\N,\N
131575,1794,1,11,\N,\N,\N,\N,2,2,\N,-4.00,0.00,\N,0.00,f,2026-06-26 06:37:09,2026-06-26 06:36:59.469977,2026-06-26 06:36:59.469977,\N,\N,\N
131576,1796,1,11,\N,\N,\N,\N,2,2,\N,-4.00,0.00,\N,0.00,f,2026-06-26 06:37:09,2026-06-26 06:36:59.469977,2026-06-26 06:36:59.469977,\N,\N,\N
131577,1797,1,11,\N,\N,\N,\N,2,2,\N,-4.00,0.00,\N,0.00,f,2026-06-26 06:37:09,2026-06-26 06:36:59.469977,2026-06-26 06:36:59.469977,\N,\N,\N
131578,1798,1,11,\N,\N,\N,\N,2,2,\N,-1.00,0.00,\N,0.00,f,2026-06-26 06:37:09,2026-06-26 06:36:59.469977,2026-06-26 06:36:59.469977,\N,\N,\N
131579,1799,1,11,\N,\N,\N,\N,2,2,\N,-1.00,0.00,\N,0.00,f,2026-06-26 06:37:09,2026-06-26 06:36:59.469977,2026-06-26 06:36:59.469977,\N,\N,\N
131580,1800,1,11,\N,\N,\N,\N,2,2,\N,-1.00,0.00,\N,0.00,f,2026-06-26 06:37:09,2026-06-26 06:36:59.469977,2026-06-26 06:36:59.469977,\N,\N,\N
131581,1554,1,11,\N,\N,\N,\N,2,2,\N,-2.00,0.00,\N,0.00,f,2026-06-26 06:37:09,2026-06-26 06:36:59.469977,2026-06-26 06:36:59.469977,\N,\N,\N
131582,1555,1,11,\N,\N,\N,\N,2,2,\N,-9.00,0.00,\N,0.00,f,2026-06-26 06:37:09,2026-06-26 06:36:59.469977,2026-06-26 06:36:59.469977,\N,\N,\N
131583,1557,1,11,\N,\N,\N,\N,2,2,\N,-1.00,0.00,\N,0.00,f,2026-06-26 06:37:09,2026-06-26 06:36:59.469977,2026-06-26 06:36:59.469977,\N,\N,\N
131584,1562,1,11,\N,\N,\N,\N,2,2,\N,-2.00,0.00,\N,0.00,f,2026-06-26 06:37:09,2026-06-26 06:36:59.469977,2026-06-26 06:36:59.469977,\N,\N,\N
131585,1484,1,11,\N,\N,\N,\N,2,2,\N,-10.00,0.00,\N,0.00,f,2026-06-26 06:37:09,2026-06-26 06:36:59.469977,2026-06-26 06:36:59.469977,\N,\N,\N
131586,1485,1,11,\N,\N,\N,\N,2,2,\N,-10.00,0.00,\N,0.00,f,2026-06-26 06:37:09,2026-06-26 06:36:59.469977,2026-06-26 06:36:59.469977,\N,\N,\N
131587,1486,1,11,\N,\N,\N,\N,2,2,\N,-2.00,0.00,\N,0.00,f,2026-06-26 06:37:09,2026-06-26 06:36:59.469977,2026-06-26 06:36:59.469977,\N,\N,\N
131588,1487,1,11,\N,\N,\N,\N,2,2,\N,-2.00,0.00,\N,0.00,f,2026-06-26 06:37:09,2026-06-26 06:36:59.469977,2026-06-26 06:36:59.469977,\N,\N,\N
131589,1488,1,11,\N,\N,\N,\N,2,2,\N,-7.00,0.00,\N,0.00,f,2026-06-26 06:37:09,2026-06-26 06:36:59.469977,2026-06-26 06:36:59.469977,\N,\N,\N
131590,1489,1,11,\N,\N,\N,\N,2,2,\N,-2.00,0.00,\N,0.00,f,2026-06-26 06:37:09,2026-06-26 06:36:59.469977,2026-06-26 06:36:59.469977,\N,\N,\N
131591,1491,1,11,\N,\N,\N,\N,2,2,\N,-2.00,0.00,\N,0.00,f,2026-06-26 06:37:09,2026-06-26 06:36:59.469977,2026-06-26 06:36:59.469977,\N,\N,\N
131592,1492,1,11,\N,\N,\N,\N,2,2,\N,-5.00,0.00,\N,0.00,f,2026-06-26 06:37:09,2026-06-26 06:36:59.469977,2026-06-26 06:36:59.469977,\N,\N,\N
131593,2317,1,11,\N,\N,\N,\N,2,2,\N,-4.00,0.00,\N,0.00,f,2026-06-26 06:37:09,2026-06-26 06:36:59.469977,2026-06-26 06:36:59.469977,\N,\N,\N
131594,1848,1,11,\N,\N,\N,\N,2,2,\N,-14.00,0.00,\N,0.00,f,2026-06-26 06:37:09,2026-06-26 06:36:59.469977,2026-06-26 06:36:59.469977,\N,\N,\N
131595,1849,1,11,\N,\N,\N,\N,2,2,\N,-10.00,0.00,\N,0.00,f,2026-06-26 06:37:09,2026-06-26 06:36:59.469977,2026-06-26 06:36:59.469977,\N,\N,\N
131596,1850,1,11,\N,\N,\N,\N,2,2,\N,-1.00,0.00,\N,0.00,f,2026-06-26 06:37:09,2026-06-26 06:36:59.469977,2026-06-26 06:36:59.469977,\N,\N,\N
131597,1887,1,11,\N,\N,\N,\N,2,2,\N,-1.00,0.00,\N,0.00,f,2026-06-26 06:37:09,2026-06-26 06:36:59.469977,2026-06-26 06:36:59.469977,\N,\N,\N
131598,2300,1,11,\N,\N,\N,\N,2,2,\N,-1.00,0.00,\N,0.00,f,2026-06-26 06:37:09,2026-06-26 06:36:59.469977,2026-06-26 06:36:59.469977,\N,\N,\N
131599,1824,1,11,\N,\N,\N,\N,2,2,\N,-19.00,0.00,\N,0.00,f,2026-06-26 06:37:09,2026-06-26 06:36:59.469977,2026-06-26 06:36:59.469977,\N,\N,\N
131600,1825,1,11,\N,\N,\N,\N,2,2,\N,-6.00,0.00,\N,0.00,f,2026-06-26 06:37:09,2026-06-26 06:36:59.469977,2026-06-26 06:36:59.469977,\N,\N,\N
131601,1826,1,11,\N,\N,\N,\N,2,2,\N,-10.00,0.00,\N,0.00,f,2026-06-26 06:37:09,2026-06-26 06:36:59.469977,2026-06-26 06:36:59.469977,\N,\N,\N
131602,1827,1,11,\N,\N,\N,\N,2,2,\N,-8.00,0.00,\N,0.00,f,2026-06-26 06:37:09,2026-06-26 06:36:59.469977,2026-06-26 06:36:59.469977,\N,\N,\N
131603,1828,1,11,\N,\N,\N,\N,2,2,\N,-9.00,0.00,\N,0.00,f,2026-06-26 06:37:09,2026-06-26 06:36:59.469977,2026-06-26 06:36:59.469977,\N,\N,\N
131604,1829,1,11,\N,\N,\N,\N,2,2,\N,-6.00,0.00,\N,0.00,f,2026-06-26 06:37:09,2026-06-26 06:36:59.469977,2026-06-26 06:36:59.469977,\N,\N,\N
131605,1870,1,11,\N,\N,\N,\N,2,2,\N,-2.00,0.00,\N,0.00,f,2026-06-26 06:37:09,2026-06-26 06:36:59.469977,2026-06-26 06:36:59.469977,\N,\N,\N
131606,1871,1,11,\N,\N,\N,\N,2,2,\N,-2.00,0.00,\N,0.00,f,2026-06-26 06:37:09,2026-06-26 06:36:59.469977,2026-06-26 06:36:59.469977,\N,\N,\N
131607,2296,1,11,\N,\N,\N,\N,2,2,\N,-2.00,0.00,\N,0.00,f,2026-06-26 06:37:09,2026-06-26 06:36:59.469977,2026-06-26 06:36:59.469977,\N,\N,\N
131608,1854,1,11,\N,\N,\N,\N,2,2,\N,-6.00,0.00,\N,0.00,f,2026-06-26 06:37:09,2026-06-26 06:36:59.469977,2026-06-26 06:36:59.469977,\N,\N,\N
131609,1855,1,11,\N,\N,\N,\N,2,2,\N,-1.00,0.00,\N,0.00,f,2026-06-26 06:37:09,2026-06-26 06:36:59.469977,2026-06-26 06:36:59.469977,\N,\N,\N
131610,2301,1,11,\N,\N,\N,\N,2,2,\N,-1.00,0.00,\N,0.00,f,2026-06-26 06:37:09,2026-06-26 06:36:59.469977,2026-06-26 06:36:59.469977,\N,\N,\N
131611,1202,1,11,\N,\N,\N,\N,2,2,\N,-26.00,0.00,\N,0.00,f,2026-06-26 06:37:09,2026-06-26 06:36:59.469977,2026-06-26 06:36:59.469977,\N,\N,\N
131612,1193,1,11,\N,\N,\N,\N,2,2,\N,-5.00,0.00,\N,0.00,f,2026-06-26 06:37:09,2026-06-26 06:36:59.469977,2026-06-26 06:36:59.469977,\N,\N,\N
131613,1194,1,11,\N,\N,\N,\N,2,2,\N,-4.00,0.00,\N,0.00,f,2026-06-26 06:37:09,2026-06-26 06:36:59.469977,2026-06-26 06:36:59.469977,\N,\N,\N
131614,1196,1,11,\N,\N,\N,\N,2,2,\N,-2.00,0.00,\N,0.00,f,2026-06-26 06:37:09,2026-06-26 06:36:59.469977,2026-06-26 06:36:59.469977,\N,\N,\N
131615,1197,1,11,\N,\N,\N,\N,2,2,\N,-2.00,0.00,\N,0.00,f,2026-06-26 06:37:09,2026-06-26 06:36:59.469977,2026-06-26 06:36:59.469977,\N,\N,\N
131616,1198,1,11,\N,\N,\N,\N,2,2,\N,-5.00,0.00,\N,0.00,f,2026-06-26 06:37:09,2026-06-26 06:36:59.469977,2026-06-26 06:36:59.469977,\N,\N,\N
131617,1199,1,11,\N,\N,\N,\N,2,2,\N,-3.00,0.00,\N,0.00,f,2026-06-26 06:37:09,2026-06-26 06:36:59.469977,2026-06-26 06:36:59.469977,\N,\N,\N
131618,2311,1,11,\N,\N,\N,\N,2,2,\N,-1.00,0.00,\N,0.00,f,2026-06-26 06:37:09,2026-06-26 06:36:59.469977,2026-06-26 06:36:59.469977,\N,\N,\N
131619,856,1,11,\N,\N,\N,\N,2,2,\N,-20.00,0.00,\N,0.00,f,2026-06-26 06:37:09,2026-06-26 06:36:59.469977,2026-06-26 06:36:59.469977,\N,\N,\N
131620,857,1,11,\N,\N,\N,\N,2,2,\N,-25.00,0.00,\N,0.00,f,2026-06-26 06:37:09,2026-06-26 06:36:59.469977,2026-06-26 06:36:59.469977,\N,\N,\N
131621,858,1,11,\N,\N,\N,\N,2,2,\N,-2.00,0.00,\N,0.00,f,2026-06-26 06:37:09,2026-06-26 06:36:59.469977,2026-06-26 06:36:59.469977,\N,\N,\N
131622,859,1,11,\N,\N,\N,\N,2,2,\N,-3.00,0.00,\N,0.00,f,2026-06-26 06:37:09,2026-06-26 06:36:59.469977,2026-06-26 06:36:59.469977,\N,\N,\N
131623,871,1,11,\N,\N,\N,\N,2,2,\N,-12.00,0.00,\N,0.00,f,2026-06-26 06:37:09,2026-06-26 06:36:59.469977,2026-06-26 06:36:59.469977,\N,\N,\N
131624,872,1,11,\N,\N,\N,\N,2,2,\N,-5.00,0.00,\N,0.00,f,2026-06-26 06:37:09,2026-06-26 06:36:59.469977,2026-06-26 06:36:59.469977,\N,\N,\N
131625,898,1,11,\N,\N,\N,\N,2,2,\N,-1.00,0.00,\N,0.00,f,2026-06-26 06:37:09,2026-06-26 06:36:59.469977,2026-06-26 06:36:59.469977,\N,\N,\N
131626,899,1,11,\N,\N,\N,\N,2,2,\N,-4.00,0.00,\N,0.00,f,2026-06-26 06:37:09,2026-06-26 06:36:59.469977,2026-06-26 06:36:59.469977,\N,\N,\N
131627,900,1,11,\N,\N,\N,\N,2,2,\N,-3.00,0.00,\N,0.00,f,2026-06-26 06:37:09,2026-06-26 06:36:59.469977,2026-06-26 06:36:59.469977,\N,\N,\N
131628,901,1,11,\N,\N,\N,\N,2,2,\N,-2.00,0.00,\N,0.00,f,2026-06-26 06:37:09,2026-06-26 06:36:59.469977,2026-06-26 06:36:59.469977,\N,\N,\N
131629,876,1,11,\N,\N,\N,\N,2,2,\N,-3.00,0.00,\N,0.00,f,2026-06-26 06:37:10,2026-06-26 06:36:59.469977,2026-06-26 06:36:59.469977,\N,\N,\N
131630,879,1,11,\N,\N,\N,\N,2,2,\N,-7.00,0.00,\N,0.00,f,2026-06-26 06:37:10,2026-06-26 06:36:59.469977,2026-06-26 06:36:59.469977,\N,\N,\N
131631,902,1,11,\N,\N,\N,\N,2,2,\N,-4.00,0.00,\N,0.00,f,2026-06-26 06:37:10,2026-06-26 06:36:59.469977,2026-06-26 06:36:59.469977,\N,\N,\N
131632,903,1,11,\N,\N,\N,\N,2,2,\N,-2.00,0.00,\N,0.00,f,2026-06-26 06:37:10,2026-06-26 06:36:59.469977,2026-06-26 06:36:59.469977,\N,\N,\N
131633,904,1,11,\N,\N,\N,\N,2,2,\N,-6.00,0.00,\N,0.00,f,2026-06-26 06:37:10,2026-06-26 06:36:59.469977,2026-06-26 06:36:59.469977,\N,\N,\N
131634,905,1,11,\N,\N,\N,\N,2,2,\N,-2.00,0.00,\N,0.00,f,2026-06-26 06:37:10,2026-06-26 06:36:59.469977,2026-06-26 06:36:59.469977,\N,\N,\N
131635,882,1,11,\N,\N,\N,\N,2,2,\N,-4.00,0.00,\N,0.00,f,2026-06-26 06:37:10,2026-06-26 06:36:59.469977,2026-06-26 06:36:59.469977,\N,\N,\N
131636,906,1,11,\N,\N,\N,\N,2,2,\N,-1.00,0.00,\N,0.00,f,2026-06-26 06:37:10,2026-06-26 06:36:59.469977,2026-06-26 06:36:59.469977,\N,\N,\N
131637,907,1,11,\N,\N,\N,\N,2,2,\N,-1.00,0.00,\N,0.00,f,2026-06-26 06:37:10,2026-06-26 06:36:59.469977,2026-06-26 06:36:59.469977,\N,\N,\N
131638,908,1,11,\N,\N,\N,\N,2,2,\N,-2.00,0.00,\N,0.00,f,2026-06-26 06:37:10,2026-06-26 06:36:59.469977,2026-06-26 06:36:59.469977,\N,\N,\N
131639,909,1,11,\N,\N,\N,\N,2,2,\N,-3.00,0.00,\N,0.00,f,2026-06-26 06:37:10,2026-06-26 06:36:59.469977,2026-06-26 06:36:59.469977,\N,\N,\N
131640,866,1,11,\N,\N,\N,\N,2,2,\N,-16.00,0.00,\N,0.00,f,2026-06-26 06:37:10,2026-06-26 06:36:59.469977,2026-06-26 06:36:59.469977,\N,\N,\N
131641,867,1,11,\N,\N,\N,\N,2,2,\N,-12.00,0.00,\N,0.00,f,2026-06-26 06:37:10,2026-06-26 06:36:59.469977,2026-06-26 06:36:59.469977,\N,\N,\N
131642,868,1,11,\N,\N,\N,\N,2,2,\N,-2.00,0.00,\N,0.00,f,2026-06-26 06:37:10,2026-06-26 06:36:59.469977,2026-06-26 06:36:59.469977,\N,\N,\N
131643,869,1,11,\N,\N,\N,\N,2,2,\N,-14.00,0.00,\N,0.00,f,2026-06-26 06:37:10,2026-06-26 06:36:59.469977,2026-06-26 06:36:59.469977,\N,\N,\N
131644,894,1,11,\N,\N,\N,\N,2,2,\N,-7.00,0.00,\N,0.00,f,2026-06-26 06:37:10,2026-06-26 06:36:59.469977,2026-06-26 06:36:59.469977,\N,\N,\N
131645,895,1,11,\N,\N,\N,\N,2,2,\N,-4.00,0.00,\N,0.00,f,2026-06-26 06:37:10,2026-06-26 06:36:59.469977,2026-06-26 06:36:59.469977,\N,\N,\N
131646,896,1,11,\N,\N,\N,\N,2,2,\N,-11.00,0.00,\N,0.00,f,2026-06-26 06:37:10,2026-06-26 06:36:59.469977,2026-06-26 06:36:59.469977,\N,\N,\N
131647,897,1,11,\N,\N,\N,\N,2,2,\N,-23.00,0.00,\N,0.00,f,2026-06-26 06:37:10,2026-06-26 06:36:59.469977,2026-06-26 06:36:59.469977,\N,\N,\N
131648,759,1,11,\N,\N,\N,\N,2,2,\N,-3.00,0.00,\N,0.00,f,2026-06-26 06:37:10,2026-06-26 06:36:59.469977,2026-06-26 06:36:59.469977,\N,\N,\N
131649,761,1,11,\N,\N,\N,\N,2,2,\N,-1.00,0.00,\N,0.00,f,2026-06-26 06:37:10,2026-06-26 06:36:59.469977,2026-06-26 06:36:59.469977,\N,\N,\N
131650,762,1,11,\N,\N,\N,\N,2,2,\N,-19.00,0.00,\N,0.00,f,2026-06-26 06:37:10,2026-06-26 06:36:59.469977,2026-06-26 06:36:59.469977,\N,\N,\N
131651,763,1,11,\N,\N,\N,\N,2,2,\N,-104.00,0.00,\N,0.00,f,2026-06-26 06:37:10,2026-06-26 06:36:59.469977,2026-06-26 06:36:59.469977,\N,\N,\N
131652,764,1,11,\N,\N,\N,\N,2,2,\N,-55.00,0.00,\N,0.00,f,2026-06-26 06:37:10,2026-06-26 06:36:59.469977,2026-06-26 06:36:59.469977,\N,\N,\N
131653,765,1,11,\N,\N,\N,\N,2,2,\N,-56.00,0.00,\N,0.00,f,2026-06-26 06:37:10,2026-06-26 06:36:59.469977,2026-06-26 06:36:59.469977,\N,\N,\N
131654,840,1,11,\N,\N,\N,\N,2,2,\N,-73.00,0.00,\N,0.00,f,2026-06-26 06:37:10,2026-06-26 06:36:59.469977,2026-06-26 06:36:59.469977,\N,\N,\N
131655,766,1,11,\N,\N,\N,\N,2,2,\N,-9.00,0.00,\N,0.00,f,2026-06-26 06:37:10,2026-06-26 06:36:59.469977,2026-06-26 06:36:59.469977,\N,\N,\N
131656,792,1,11,\N,\N,\N,\N,2,2,\N,-2.00,0.00,\N,0.00,f,2026-06-26 06:37:10,2026-06-26 06:36:59.469977,2026-06-26 06:36:59.469977,\N,\N,\N
131657,793,1,11,\N,\N,\N,\N,2,2,\N,-1.00,0.00,\N,0.00,f,2026-06-26 06:37:10,2026-06-26 06:36:59.469977,2026-06-26 06:36:59.469977,\N,\N,\N
131658,794,1,11,\N,\N,\N,\N,2,2,\N,-2.00,0.00,\N,0.00,f,2026-06-26 06:37:10,2026-06-26 06:36:59.469977,2026-06-26 06:36:59.469977,\N,\N,\N
131659,795,1,11,\N,\N,\N,\N,2,2,\N,-4.00,0.00,\N,0.00,f,2026-06-26 06:37:10,2026-06-26 06:36:59.469977,2026-06-26 06:36:59.469977,\N,\N,\N
131660,796,1,11,\N,\N,\N,\N,2,2,\N,-4.00,0.00,\N,0.00,f,2026-06-26 06:37:10,2026-06-26 06:36:59.469977,2026-06-26 06:36:59.469977,\N,\N,\N
131661,797,1,11,\N,\N,\N,\N,2,2,\N,-13.00,0.00,\N,0.00,f,2026-06-26 06:37:10,2026-06-26 06:36:59.469977,2026-06-26 06:36:59.469977,\N,\N,\N
131662,844,1,11,\N,\N,\N,\N,2,2,\N,-22.00,0.00,\N,0.00,f,2026-06-26 06:37:10,2026-06-26 06:36:59.469977,2026-06-26 06:36:59.469977,\N,\N,\N
131663,798,1,11,\N,\N,\N,\N,2,2,\N,-3.00,0.00,\N,0.00,f,2026-06-26 06:37:10,2026-06-26 06:36:59.469977,2026-06-26 06:36:59.469977,\N,\N,\N
131664,767,1,11,\N,\N,\N,\N,2,2,\N,-2.00,0.00,\N,0.00,f,2026-06-26 06:37:10,2026-06-26 06:36:59.469977,2026-06-26 06:36:59.469977,\N,\N,\N
131665,768,1,11,\N,\N,\N,\N,2,2,\N,-1.00,0.00,\N,0.00,f,2026-06-26 06:37:10,2026-06-26 06:36:59.469977,2026-06-26 06:36:59.469977,\N,\N,\N
131666,769,1,11,\N,\N,\N,\N,2,2,\N,-1.00,0.00,\N,0.00,f,2026-06-26 06:37:10,2026-06-26 06:36:59.469977,2026-06-26 06:36:59.469977,\N,\N,\N
131667,770,1,11,\N,\N,\N,\N,2,2,\N,-3.00,0.00,\N,0.00,f,2026-06-26 06:37:10,2026-06-26 06:36:59.469977,2026-06-26 06:36:59.469977,\N,\N,\N
131668,771,1,11,\N,\N,\N,\N,2,2,\N,-11.00,0.00,\N,0.00,f,2026-06-26 06:37:10,2026-06-26 06:36:59.469977,2026-06-26 06:36:59.469977,\N,\N,\N
131669,772,1,11,\N,\N,\N,\N,2,2,\N,-8.00,0.00,\N,0.00,f,2026-06-26 06:37:10,2026-06-26 06:36:59.469977,2026-06-26 06:36:59.469977,\N,\N,\N
131670,773,1,11,\N,\N,\N,\N,2,2,\N,-10.00,0.00,\N,0.00,f,2026-06-26 06:37:10,2026-06-26 06:36:59.469977,2026-06-26 06:36:59.469977,\N,\N,\N
131671,841,1,11,\N,\N,\N,\N,2,2,\N,-5.00,0.00,\N,0.00,f,2026-06-26 06:37:10,2026-06-26 06:36:59.469977,2026-06-26 06:36:59.469977,\N,\N,\N
131672,1694,1,11,\N,\N,\N,\N,2,2,\N,-1.00,0.00,\N,0.00,f,2026-06-26 06:37:10,2026-06-26 06:36:59.469977,2026-06-26 06:36:59.469977,\N,\N,\N
131673,1695,1,11,\N,\N,\N,\N,2,2,\N,-1.00,0.00,\N,0.00,f,2026-06-26 06:37:10,2026-06-26 06:36:59.469977,2026-06-26 06:36:59.469977,\N,\N,\N
131674,1696,1,11,\N,\N,\N,\N,2,2,\N,-1.00,0.00,\N,0.00,f,2026-06-26 06:37:10,2026-06-26 06:36:59.469977,2026-06-26 06:36:59.469977,\N,\N,\N
131675,1697,1,11,\N,\N,\N,\N,2,2,\N,-4.00,0.00,\N,0.00,f,2026-06-26 06:37:10,2026-06-26 06:36:59.469977,2026-06-26 06:36:59.469977,\N,\N,\N
131676,1698,1,11,\N,\N,\N,\N,2,2,\N,-2.00,0.00,\N,0.00,f,2026-06-26 06:37:10,2026-06-26 06:36:59.469977,2026-06-26 06:36:59.469977,\N,\N,\N
131677,1699,1,11,\N,\N,\N,\N,2,2,\N,-1.00,0.00,\N,0.00,f,2026-06-26 06:37:10,2026-06-26 06:36:59.469977,2026-06-26 06:36:59.469977,\N,\N,\N
131678,1700,1,11,\N,\N,\N,\N,2,2,\N,-1.00,0.00,\N,0.00,f,2026-06-26 06:37:10,2026-06-26 06:36:59.469977,2026-06-26 06:36:59.469977,\N,\N,\N
131679,1701,1,11,\N,\N,\N,\N,2,2,\N,-2.00,0.00,\N,0.00,f,2026-06-26 06:37:10,2026-06-26 06:36:59.469977,2026-06-26 06:36:59.469977,\N,\N,\N
131680,1736,1,11,\N,\N,\N,\N,2,2,\N,-1.00,0.00,\N,0.00,f,2026-06-26 06:37:10,2026-06-26 06:36:59.469977,2026-06-26 06:36:59.469977,\N,\N,\N
131681,1727,1,11,\N,\N,\N,\N,2,2,\N,-17.00,0.00,\N,0.00,f,2026-06-26 06:37:10,2026-06-26 06:36:59.469977,2026-06-26 06:36:59.469977,\N,\N,\N
131682,1728,1,11,\N,\N,\N,\N,2,2,\N,-6.00,0.00,\N,0.00,f,2026-06-26 06:37:10,2026-06-26 06:36:59.469977,2026-06-26 06:36:59.469977,\N,\N,\N
131683,1729,1,11,\N,\N,\N,\N,2,2,\N,-7.00,0.00,\N,0.00,f,2026-06-26 06:37:10,2026-06-26 06:36:59.469977,2026-06-26 06:36:59.469977,\N,\N,\N
131684,1730,1,11,\N,\N,\N,\N,2,2,\N,-11.00,0.00,\N,0.00,f,2026-06-26 06:37:10,2026-06-26 06:36:59.469977,2026-06-26 06:36:59.469977,\N,\N,\N
131685,1731,1,11,\N,\N,\N,\N,2,2,\N,-16.00,0.00,\N,0.00,f,2026-06-26 06:37:10,2026-06-26 06:36:59.469977,2026-06-26 06:36:59.469977,\N,\N,\N
131686,1732,1,11,\N,\N,\N,\N,2,2,\N,-8.00,0.00,\N,0.00,f,2026-06-26 06:37:10,2026-06-26 06:36:59.469977,2026-06-26 06:36:59.469977,\N,\N,\N
131687,1733,1,11,\N,\N,\N,\N,2,2,\N,-3.00,0.00,\N,0.00,f,2026-06-26 06:37:10,2026-06-26 06:36:59.469977,2026-06-26 06:36:59.469977,\N,\N,\N
131688,1734,1,11,\N,\N,\N,\N,2,2,\N,-5.00,0.00,\N,0.00,f,2026-06-26 06:37:10,2026-06-26 06:36:59.469977,2026-06-26 06:36:59.469977,\N,\N,\N
131689,1760,1,11,\N,\N,\N,\N,2,2,\N,-1.00,0.00,\N,0.00,f,2026-06-26 06:37:10,2026-06-26 06:36:59.469977,2026-06-26 06:36:59.469977,\N,\N,\N
131690,1761,1,11,\N,\N,\N,\N,2,2,\N,-5.00,0.00,\N,0.00,f,2026-06-26 06:37:10,2026-06-26 06:36:59.469977,2026-06-26 06:36:59.469977,\N,\N,\N
131691,1762,1,11,\N,\N,\N,\N,2,2,\N,-4.00,0.00,\N,0.00,f,2026-06-26 06:37:10,2026-06-26 06:36:59.469977,2026-06-26 06:36:59.469977,\N,\N,\N
131692,1763,1,11,\N,\N,\N,\N,2,2,\N,-4.00,0.00,\N,0.00,f,2026-06-26 06:37:10,2026-06-26 06:36:59.469977,2026-06-26 06:36:59.469977,\N,\N,\N
131693,1747,1,11,\N,\N,\N,\N,2,2,\N,-1.00,0.00,\N,0.00,f,2026-06-26 06:37:10,2026-06-26 06:36:59.469977,2026-06-26 06:36:59.469977,\N,\N,\N
131694,1739,1,11,\N,\N,\N,\N,2,2,\N,-4.00,0.00,\N,0.00,f,2026-06-26 06:37:10,2026-06-26 06:36:59.469977,2026-06-26 06:36:59.469977,\N,\N,\N
131695,1741,1,11,\N,\N,\N,\N,2,2,\N,-1.00,0.00,\N,0.00,f,2026-06-26 06:37:10,2026-06-26 06:36:59.469977,2026-06-26 06:36:59.469977,\N,\N,\N
131696,1742,1,11,\N,\N,\N,\N,2,2,\N,-6.00,0.00,\N,0.00,f,2026-06-26 06:37:10,2026-06-26 06:36:59.469977,2026-06-26 06:36:59.469977,\N,\N,\N
131697,1743,1,11,\N,\N,\N,\N,2,2,\N,-8.00,0.00,\N,0.00,f,2026-06-26 06:37:10,2026-06-26 06:36:59.469977,2026-06-26 06:36:59.469977,\N,\N,\N
131698,1744,1,11,\N,\N,\N,\N,2,2,\N,-3.00,0.00,\N,0.00,f,2026-06-26 06:37:10,2026-06-26 06:36:59.469977,2026-06-26 06:36:59.469977,\N,\N,\N
131699,1375,1,11,\N,\N,\N,\N,2,2,\N,-1.00,0.00,\N,0.00,f,2026-06-26 06:37:10,2026-06-26 06:36:59.469977,2026-06-26 06:36:59.469977,\N,\N,\N
131700,1366,1,11,\N,\N,\N,\N,2,2,\N,-10.00,0.00,\N,0.00,f,2026-06-26 06:37:10,2026-06-26 06:36:59.469977,2026-06-26 06:36:59.469977,\N,\N,\N
131701,1367,1,11,\N,\N,\N,\N,2,2,\N,-8.00,0.00,\N,0.00,f,2026-06-26 06:37:10,2026-06-26 06:36:59.469977,2026-06-26 06:36:59.469977,\N,\N,\N
131702,1368,1,11,\N,\N,\N,\N,2,2,\N,-12.00,0.00,\N,0.00,f,2026-06-26 06:37:10,2026-06-26 06:36:59.469977,2026-06-26 06:36:59.469977,\N,\N,\N
131703,1369,1,11,\N,\N,\N,\N,2,2,\N,-8.00,0.00,\N,0.00,f,2026-06-26 06:37:10,2026-06-26 06:36:59.469977,2026-06-26 06:36:59.469977,\N,\N,\N
131704,1370,1,11,\N,\N,\N,\N,2,2,\N,-2.00,0.00,\N,0.00,f,2026-06-26 06:37:10,2026-06-26 06:36:59.469977,2026-06-26 06:36:59.469977,\N,\N,\N
131705,1371,1,11,\N,\N,\N,\N,2,2,\N,-2.00,0.00,\N,0.00,f,2026-06-26 06:37:10,2026-06-26 06:36:59.469977,2026-06-26 06:36:59.469977,\N,\N,\N
131706,1372,1,11,\N,\N,\N,\N,2,2,\N,-5.00,0.00,\N,0.00,f,2026-06-26 06:37:10,2026-06-26 06:36:59.469977,2026-06-26 06:36:59.469977,\N,\N,\N
131707,1373,1,11,\N,\N,\N,\N,2,2,\N,-4.00,0.00,\N,0.00,f,2026-06-26 06:37:10,2026-06-26 06:36:59.469977,2026-06-26 06:36:59.469977,\N,\N,\N
131708,1374,1,11,\N,\N,\N,\N,2,2,\N,-2.00,0.00,\N,0.00,f,2026-06-26 06:37:10,2026-06-26 06:36:59.469977,2026-06-26 06:36:59.469977,\N,\N,\N
131709,1397,1,11,\N,\N,\N,\N,2,2,\N,-1.00,0.00,\N,0.00,f,2026-06-26 06:37:10,2026-06-26 06:36:59.469977,2026-06-26 06:36:59.469977,\N,\N,\N
131710,1388,1,11,\N,\N,\N,\N,2,2,\N,-13.00,0.00,\N,0.00,f,2026-06-26 06:37:10,2026-06-26 06:36:59.469977,2026-06-26 06:36:59.469977,\N,\N,\N
131711,1389,1,11,\N,\N,\N,\N,2,2,\N,-10.00,0.00,\N,0.00,f,2026-06-26 06:37:10,2026-06-26 06:36:59.469977,2026-06-26 06:36:59.469977,\N,\N,\N
131712,1390,1,11,\N,\N,\N,\N,2,2,\N,-1.00,0.00,\N,0.00,f,2026-06-26 06:37:10,2026-06-26 06:36:59.469977,2026-06-26 06:36:59.469977,\N,\N,\N
131713,1391,1,11,\N,\N,\N,\N,2,2,\N,-23.00,0.00,\N,0.00,f,2026-06-26 06:37:10,2026-06-26 06:36:59.469977,2026-06-26 06:36:59.469977,\N,\N,\N
131714,1392,1,11,\N,\N,\N,\N,2,2,\N,-21.00,0.00,\N,0.00,f,2026-06-26 06:37:10,2026-06-26 06:36:59.469977,2026-06-26 06:36:59.469977,\N,\N,\N
131715,1393,1,11,\N,\N,\N,\N,2,2,\N,-7.00,0.00,\N,0.00,f,2026-06-26 06:37:10,2026-06-26 06:36:59.469977,2026-06-26 06:36:59.469977,\N,\N,\N
131716,1394,1,11,\N,\N,\N,\N,2,2,\N,-16.00,0.00,\N,0.00,f,2026-06-26 06:37:10,2026-06-26 06:36:59.469977,2026-06-26 06:36:59.469977,\N,\N,\N
131717,1395,1,11,\N,\N,\N,\N,2,2,\N,-6.00,0.00,\N,0.00,f,2026-06-26 06:37:10,2026-06-26 06:36:59.469977,2026-06-26 06:36:59.469977,\N,\N,\N
131718,1396,1,11,\N,\N,\N,\N,2,2,\N,-1.00,0.00,\N,0.00,f,2026-06-26 06:37:10,2026-06-26 06:36:59.469977,2026-06-26 06:36:59.469977,\N,\N,\N
131719,1421,1,11,\N,\N,\N,\N,2,2,\N,-3.00,0.00,\N,0.00,f,2026-06-26 06:37:10,2026-06-26 06:36:59.469977,2026-06-26 06:36:59.469977,\N,\N,\N
131720,1422,1,11,\N,\N,\N,\N,2,2,\N,-6.00,0.00,\N,0.00,f,2026-06-26 06:37:10,2026-06-26 06:36:59.469977,2026-06-26 06:36:59.469977,\N,\N,\N
131721,1423,1,11,\N,\N,\N,\N,2,2,\N,-9.00,0.00,\N,0.00,f,2026-06-26 06:37:10,2026-06-26 06:36:59.469977,2026-06-26 06:36:59.469977,\N,\N,\N
131722,1424,1,11,\N,\N,\N,\N,2,2,\N,-6.00,0.00,\N,0.00,f,2026-06-26 06:37:10,2026-06-26 06:36:59.469977,2026-06-26 06:36:59.469977,\N,\N,\N
131723,1425,1,11,\N,\N,\N,\N,2,2,\N,-6.00,0.00,\N,0.00,f,2026-06-26 06:37:10,2026-06-26 06:36:59.469977,2026-06-26 06:36:59.469977,\N,\N,\N
131724,1426,1,11,\N,\N,\N,\N,2,2,\N,-2.00,0.00,\N,0.00,f,2026-06-26 06:37:10,2026-06-26 06:36:59.469977,2026-06-26 06:36:59.469977,\N,\N,\N
131725,1427,1,11,\N,\N,\N,\N,2,2,\N,-4.00,0.00,\N,0.00,f,2026-06-26 06:37:10,2026-06-26 06:36:59.469977,2026-06-26 06:36:59.469977,\N,\N,\N
131726,1428,1,11,\N,\N,\N,\N,2,2,\N,-2.00,0.00,\N,0.00,f,2026-06-26 06:37:10,2026-06-26 06:36:59.469977,2026-06-26 06:36:59.469977,\N,\N,\N
131727,1386,1,11,\N,\N,\N,\N,2,2,\N,-2.00,0.00,\N,0.00,f,2026-06-26 06:37:10,2026-06-26 06:36:59.469977,2026-06-26 06:36:59.469977,\N,\N,\N
131728,404,1,11,\N,\N,\N,\N,2,2,\N,-1.00,0.00,\N,0.00,f,2026-06-26 06:37:10,2026-06-26 06:36:59.469977,2026-06-26 06:36:59.469977,\N,\N,\N
131729,406,1,11,\N,\N,\N,\N,2,2,\N,-1.00,0.00,\N,0.00,f,2026-06-26 06:37:10,2026-06-26 06:36:59.469977,2026-06-26 06:36:59.469977,\N,\N,\N
131730,408,1,11,\N,\N,\N,\N,2,2,\N,-1.00,0.00,\N,0.00,f,2026-06-26 06:37:10,2026-06-26 06:36:59.469977,2026-06-26 06:36:59.469977,\N,\N,\N
131731,1124,1,11,\N,\N,\N,\N,2,2,\N,-3.00,0.00,\N,0.00,f,2026-06-26 06:37:10,2026-06-26 06:36:59.469977,2026-06-26 06:36:59.469977,\N,\N,\N
131732,1125,1,11,\N,\N,\N,\N,2,2,\N,-12.00,0.00,\N,0.00,f,2026-06-26 06:37:10,2026-06-26 06:36:59.469977,2026-06-26 06:36:59.469977,\N,\N,\N
131733,1126,1,11,\N,\N,\N,\N,2,2,\N,-12.00,0.00,\N,0.00,f,2026-06-26 06:37:10,2026-06-26 06:36:59.469977,2026-06-26 06:36:59.469977,\N,\N,\N
131734,1130,1,11,\N,\N,\N,\N,2,2,\N,-2.00,0.00,\N,0.00,f,2026-06-26 06:37:10,2026-06-26 06:36:59.469977,2026-06-26 06:36:59.469977,\N,\N,\N
131735,1131,1,11,\N,\N,\N,\N,2,2,\N,-12.00,0.00,\N,0.00,f,2026-06-26 06:37:10,2026-06-26 06:36:59.469977,2026-06-26 06:36:59.469977,\N,\N,\N
131736,1132,1,11,\N,\N,\N,\N,2,2,\N,-7.00,0.00,\N,0.00,f,2026-06-26 06:37:10,2026-06-26 06:36:59.469977,2026-06-26 06:36:59.469977,\N,\N,\N
131737,1128,1,11,\N,\N,\N,\N,2,2,\N,-12.00,0.00,\N,0.00,f,2026-06-26 06:37:10,2026-06-26 06:36:59.469977,2026-06-26 06:36:59.469977,\N,\N,\N
131738,1129,1,11,\N,\N,\N,\N,2,2,\N,-19.00,0.00,\N,0.00,f,2026-06-26 06:37:10,2026-06-26 06:36:59.469977,2026-06-26 06:36:59.469977,\N,\N,\N
131739,1133,1,11,\N,\N,\N,\N,2,2,\N,-4.00,0.00,\N,0.00,f,2026-06-26 06:37:10,2026-06-26 06:36:59.469977,2026-06-26 06:36:59.469977,\N,\N,\N
131740,1134,1,11,\N,\N,\N,\N,2,2,\N,-16.00,0.00,\N,0.00,f,2026-06-26 06:37:10,2026-06-26 06:36:59.469977,2026-06-26 06:36:59.469977,\N,\N,\N
131741,1135,1,11,\N,\N,\N,\N,2,2,\N,-18.00,0.00,\N,0.00,f,2026-06-26 06:37:10,2026-06-26 06:36:59.469977,2026-06-26 06:36:59.469977,\N,\N,\N
131742,1091,1,11,\N,\N,\N,\N,2,2,\N,-4.00,0.00,\N,0.00,f,2026-06-26 06:37:10,2026-06-26 06:36:59.469977,2026-06-26 06:36:59.469977,\N,\N,\N
131743,1092,1,11,\N,\N,\N,\N,2,2,\N,-3.00,0.00,\N,0.00,f,2026-06-26 06:37:10,2026-06-26 06:36:59.469977,2026-06-26 06:36:59.469977,\N,\N,\N
131744,1093,1,11,\N,\N,\N,\N,2,2,\N,-3.00,0.00,\N,0.00,f,2026-06-26 06:37:10,2026-06-26 06:36:59.469977,2026-06-26 06:36:59.469977,\N,\N,\N
131745,1095,1,11,\N,\N,\N,\N,2,2,\N,-7.00,0.00,\N,0.00,f,2026-06-26 06:37:10,2026-06-26 06:36:59.469977,2026-06-26 06:36:59.469977,\N,\N,\N
131746,1096,1,11,\N,\N,\N,\N,2,2,\N,-8.00,0.00,\N,0.00,f,2026-06-26 06:37:10,2026-06-26 06:36:59.469977,2026-06-26 06:36:59.469977,\N,\N,\N
131747,1097,1,11,\N,\N,\N,\N,2,2,\N,-7.00,0.00,\N,0.00,f,2026-06-26 06:37:10,2026-06-26 06:36:59.469977,2026-06-26 06:36:59.469977,\N,\N,\N
131748,1098,1,11,\N,\N,\N,\N,2,2,\N,-6.00,0.00,\N,0.00,f,2026-06-26 06:37:10,2026-06-26 06:36:59.469977,2026-06-26 06:36:59.469977,\N,\N,\N
131749,1099,1,11,\N,\N,\N,\N,2,2,\N,-1.00,0.00,\N,0.00,f,2026-06-26 06:37:10,2026-06-26 06:36:59.469977,2026-06-26 06:36:59.469977,\N,\N,\N
131750,1100,1,11,\N,\N,\N,\N,2,2,\N,-1.00,0.00,\N,0.00,f,2026-06-26 06:37:10,2026-06-26 06:36:59.469977,2026-06-26 06:36:59.469977,\N,\N,\N
131751,489,1,11,\N,\N,\N,\N,2,2,\N,-13.00,0.00,\N,0.00,f,2026-06-26 06:37:10,2026-06-26 06:36:59.469977,2026-06-26 06:36:59.469977,\N,\N,\N
131752,490,1,11,\N,\N,\N,\N,2,2,\N,-1.00,0.00,\N,0.00,f,2026-06-26 06:37:10,2026-06-26 06:36:59.469977,2026-06-26 06:36:59.469977,\N,\N,\N
131753,491,1,11,\N,\N,\N,\N,2,2,\N,-3.00,0.00,\N,0.00,f,2026-06-26 06:37:10,2026-06-26 06:36:59.469977,2026-06-26 06:36:59.469977,\N,\N,\N
131754,493,1,11,\N,\N,\N,\N,2,2,\N,-3.00,0.00,\N,0.00,f,2026-06-26 06:37:10,2026-06-26 06:36:59.469977,2026-06-26 06:36:59.469977,\N,\N,\N
131755,494,1,11,\N,\N,\N,\N,2,2,\N,-22.00,0.00,\N,0.00,f,2026-06-26 06:37:10,2026-06-26 06:36:59.469977,2026-06-26 06:36:59.469977,\N,\N,\N
131756,495,1,11,\N,\N,\N,\N,2,2,\N,-2.00,0.00,\N,0.00,f,2026-06-26 06:37:10,2026-06-26 06:36:59.469977,2026-06-26 06:36:59.469977,\N,\N,\N
131757,496,1,11,\N,\N,\N,\N,2,2,\N,-3.00,0.00,\N,0.00,f,2026-06-26 06:37:10,2026-06-26 06:36:59.469977,2026-06-26 06:36:59.469977,\N,\N,\N
131758,498,1,11,\N,\N,\N,\N,2,2,\N,-1.00,0.00,\N,0.00,f,2026-06-26 06:37:10,2026-06-26 06:36:59.469977,2026-06-26 06:36:59.469977,\N,\N,\N
131759,2158,1,11,\N,\N,\N,\N,2,2,\N,-7.00,0.00,\N,0.00,f,2026-06-26 06:37:10,2026-06-26 06:36:59.469977,2026-06-26 06:36:59.469977,\N,\N,\N
131760,2159,1,11,\N,\N,\N,\N,2,2,\N,-21.00,0.00,\N,0.00,f,2026-06-26 06:37:10,2026-06-26 06:36:59.469977,2026-06-26 06:36:59.469977,\N,\N,\N
131761,2160,1,11,\N,\N,\N,\N,2,2,\N,-19.00,0.00,\N,0.00,f,2026-06-26 06:37:10,2026-06-26 06:36:59.469977,2026-06-26 06:36:59.469977,\N,\N,\N
131762,2161,1,11,\N,\N,\N,\N,2,2,\N,-18.00,0.00,\N,0.00,f,2026-06-26 06:37:10,2026-06-26 06:36:59.469977,2026-06-26 06:36:59.469977,\N,\N,\N
131763,2162,1,11,\N,\N,\N,\N,2,2,\N,-15.00,0.00,\N,0.00,f,2026-06-26 06:37:10,2026-06-26 06:36:59.469977,2026-06-26 06:36:59.469977,\N,\N,\N
131764,2163,1,11,\N,\N,\N,\N,2,2,\N,-20.00,0.00,\N,0.00,f,2026-06-26 06:37:10,2026-06-26 06:36:59.469977,2026-06-26 06:36:59.469977,\N,\N,\N
131765,2165,1,11,\N,\N,\N,\N,2,2,\N,-2.00,0.00,\N,0.00,f,2026-06-26 06:37:10,2026-06-26 06:36:59.469977,2026-06-26 06:36:59.469977,\N,\N,\N
131766,2166,1,11,\N,\N,\N,\N,2,2,\N,-2.00,0.00,\N,0.00,f,2026-06-26 06:37:10,2026-06-26 06:36:59.469977,2026-06-26 06:36:59.469977,\N,\N,\N
131767,2167,1,11,\N,\N,\N,\N,2,2,\N,-2.00,0.00,\N,0.00,f,2026-06-26 06:37:10,2026-06-26 06:36:59.469977,2026-06-26 06:36:59.469977,\N,\N,\N
131768,2168,1,11,\N,\N,\N,\N,2,2,\N,-8.00,0.00,\N,0.00,f,2026-06-26 06:37:10,2026-06-26 06:36:59.469977,2026-06-26 06:36:59.469977,\N,\N,\N
131769,2169,1,11,\N,\N,\N,\N,2,2,\N,-1.00,0.00,\N,0.00,f,2026-06-26 06:37:10,2026-06-26 06:36:59.469977,2026-06-26 06:36:59.469977,\N,\N,\N
131770,2170,1,11,\N,\N,\N,\N,2,2,\N,-2.00,0.00,\N,0.00,f,2026-06-26 06:37:10,2026-06-26 06:36:59.469977,2026-06-26 06:36:59.469977,\N,\N,\N
131771,2173,1,11,\N,\N,\N,\N,2,2,\N,-1.00,0.00,\N,0.00,f,2026-06-26 06:37:10,2026-06-26 06:36:59.469977,2026-06-26 06:36:59.469977,\N,\N,\N
131772,2175,1,11,\N,\N,\N,\N,2,2,\N,-1.00,0.00,\N,0.00,f,2026-06-26 06:37:10,2026-06-26 06:36:59.469977,2026-06-26 06:36:59.469977,\N,\N,\N
131773,2177,1,11,\N,\N,\N,\N,2,2,\N,-1.00,0.00,\N,0.00,f,2026-06-26 06:37:10,2026-06-26 06:36:59.469977,2026-06-26 06:36:59.469977,\N,\N,\N
131774,411,1,11,\N,\N,\N,\N,2,2,\N,-1.00,0.00,\N,0.00,f,2026-06-26 06:37:10,2026-06-26 06:36:59.469977,2026-06-26 06:36:59.469977,\N,\N,\N
131775,418,1,11,\N,\N,\N,\N,2,2,\N,-1.00,0.00,\N,0.00,f,2026-06-26 06:37:10,2026-06-26 06:36:59.469977,2026-06-26 06:36:59.469977,\N,\N,\N
131776,1441,1,11,\N,\N,\N,\N,2,2,\N,-3.00,0.00,\N,0.00,f,2026-06-26 06:37:10,2026-06-26 06:36:59.469977,2026-06-26 06:36:59.469977,\N,\N,\N
131777,1432,1,11,\N,\N,\N,\N,2,2,\N,-1.00,0.00,\N,0.00,f,2026-06-26 06:37:10,2026-06-26 06:36:59.469977,2026-06-26 06:36:59.469977,\N,\N,\N
131778,1433,1,11,\N,\N,\N,\N,2,2,\N,-3.00,0.00,\N,0.00,f,2026-06-26 06:37:10,2026-06-26 06:36:59.469977,2026-06-26 06:36:59.469977,\N,\N,\N
131779,1434,1,11,\N,\N,\N,\N,2,2,\N,-3.00,0.00,\N,0.00,f,2026-06-26 06:37:10,2026-06-26 06:36:59.469977,2026-06-26 06:36:59.469977,\N,\N,\N
131780,1435,1,11,\N,\N,\N,\N,2,2,\N,-1.00,0.00,\N,0.00,f,2026-06-26 06:37:10,2026-06-26 06:36:59.469977,2026-06-26 06:36:59.469977,\N,\N,\N
131781,1437,1,11,\N,\N,\N,\N,2,2,\N,-1.00,0.00,\N,0.00,f,2026-06-26 06:37:10,2026-06-26 06:36:59.469977,2026-06-26 06:36:59.469977,\N,\N,\N
131782,1438,1,11,\N,\N,\N,\N,2,2,\N,-1.00,0.00,\N,0.00,f,2026-06-26 06:37:10,2026-06-26 06:36:59.469977,2026-06-26 06:36:59.469977,\N,\N,\N
131783,1402,1,11,\N,\N,\N,\N,2,2,\N,-1.00,0.00,\N,0.00,f,2026-06-26 06:37:10,2026-06-26 06:36:59.469977,2026-06-26 06:36:59.469977,\N,\N,\N
131784,1404,1,11,\N,\N,\N,\N,2,2,\N,-1.00,0.00,\N,0.00,f,2026-06-26 06:37:10,2026-06-26 06:36:59.469977,2026-06-26 06:36:59.469977,\N,\N,\N
131785,1405,1,11,\N,\N,\N,\N,2,2,\N,-3.00,0.00,\N,0.00,f,2026-06-26 06:37:10,2026-06-26 06:36:59.469977,2026-06-26 06:36:59.469977,\N,\N,\N
131786,1406,1,11,\N,\N,\N,\N,2,2,\N,-1.00,0.00,\N,0.00,f,2026-06-26 06:37:10,2026-06-26 06:36:59.469977,2026-06-26 06:36:59.469977,\N,\N,\N
131787,1412,1,11,\N,\N,\N,\N,2,2,\N,-1.00,0.00,\N,0.00,f,2026-06-26 06:37:10,2026-06-26 06:36:59.469977,2026-06-26 06:36:59.469977,\N,\N,\N
131788,1413,1,11,\N,\N,\N,\N,2,2,\N,-1.00,0.00,\N,0.00,f,2026-06-26 06:37:10,2026-06-26 06:36:59.469977,2026-06-26 06:36:59.469977,\N,\N,\N
131789,1706,1,11,\N,\N,\N,\N,2,2,\N,-3.00,0.00,\N,0.00,f,2026-06-26 06:37:10,2026-06-26 06:36:59.469977,2026-06-26 06:36:59.469977,\N,\N,\N
131790,1707,1,11,\N,\N,\N,\N,2,2,\N,-1.00,0.00,\N,0.00,f,2026-06-26 06:37:10,2026-06-26 06:36:59.469977,2026-06-26 06:36:59.469977,\N,\N,\N
131791,1708,1,11,\N,\N,\N,\N,2,2,\N,-1.00,0.00,\N,0.00,f,2026-06-26 06:37:10,2026-06-26 06:36:59.469977,2026-06-26 06:36:59.469977,\N,\N,\N
131792,1709,1,11,\N,\N,\N,\N,2,2,\N,-15.00,0.00,\N,0.00,f,2026-06-26 06:37:10,2026-06-26 06:36:59.469977,2026-06-26 06:36:59.469977,\N,\N,\N
131793,1710,1,11,\N,\N,\N,\N,2,2,\N,-2.00,0.00,\N,0.00,f,2026-06-26 06:37:10,2026-06-26 06:36:59.469977,2026-06-26 06:36:59.469977,\N,\N,\N
131794,1711,1,11,\N,\N,\N,\N,2,2,\N,-1.00,0.00,\N,0.00,f,2026-06-26 06:37:10,2026-06-26 06:36:59.469977,2026-06-26 06:36:59.469977,\N,\N,\N
131795,1772,1,11,\N,\N,\N,\N,2,2,\N,-2.00,0.00,\N,0.00,f,2026-06-26 06:37:10,2026-06-26 06:36:59.469977,2026-06-26 06:36:59.469977,\N,\N,\N
131796,1773,1,11,\N,\N,\N,\N,2,2,\N,-1.00,0.00,\N,0.00,f,2026-06-26 06:37:10,2026-06-26 06:36:59.469977,2026-06-26 06:36:59.469977,\N,\N,\N
131797,1204,1,11,\N,\N,\N,\N,2,2,\N,-1.00,0.00,\N,0.00,f,2026-06-26 06:37:10,2026-06-26 06:36:59.469977,2026-06-26 06:36:59.469977,\N,\N,\N
131798,1205,1,11,\N,\N,\N,\N,2,2,\N,-2.00,0.00,\N,0.00,f,2026-06-26 06:37:10,2026-06-26 06:36:59.469977,2026-06-26 06:36:59.469977,\N,\N,\N
131799,1206,1,11,\N,\N,\N,\N,2,2,\N,-5.00,0.00,\N,0.00,f,2026-06-26 06:37:10,2026-06-26 06:36:59.469977,2026-06-26 06:36:59.469977,\N,\N,\N
131800,1207,1,11,\N,\N,\N,\N,2,2,\N,-2.00,0.00,\N,0.00,f,2026-06-26 06:37:10,2026-06-26 06:36:59.469977,2026-06-26 06:36:59.469977,\N,\N,\N
131801,1208,1,11,\N,\N,\N,\N,2,2,\N,-2.00,0.00,\N,0.00,f,2026-06-26 06:37:10,2026-06-26 06:36:59.469977,2026-06-26 06:36:59.469977,\N,\N,\N
131802,1209,1,11,\N,\N,\N,\N,2,2,\N,-1.00,0.00,\N,0.00,f,2026-06-26 06:37:10,2026-06-26 06:36:59.469977,2026-06-26 06:36:59.469977,\N,\N,\N
131803,1210,1,11,\N,\N,\N,\N,2,2,\N,-1.00,0.00,\N,0.00,f,2026-06-26 06:37:10,2026-06-26 06:36:59.469977,2026-06-26 06:36:59.469977,\N,\N,\N
131804,1259,1,11,\N,\N,\N,\N,2,2,\N,-2.00,0.00,\N,0.00,f,2026-06-26 06:37:10,2026-06-26 06:36:59.469977,2026-06-26 06:36:59.469977,\N,\N,\N
131805,1260,1,11,\N,\N,\N,\N,2,2,\N,-3.00,0.00,\N,0.00,f,2026-06-26 06:37:10,2026-06-26 06:36:59.469977,2026-06-26 06:36:59.469977,\N,\N,\N
131806,1261,1,11,\N,\N,\N,\N,2,2,\N,-3.00,0.00,\N,0.00,f,2026-06-26 06:37:10,2026-06-26 06:36:59.469977,2026-06-26 06:36:59.469977,\N,\N,\N
131807,1262,1,11,\N,\N,\N,\N,2,2,\N,-3.00,0.00,\N,0.00,f,2026-06-26 06:37:10,2026-06-26 06:36:59.469977,2026-06-26 06:36:59.469977,\N,\N,\N
131808,1263,1,11,\N,\N,\N,\N,2,2,\N,-2.00,0.00,\N,0.00,f,2026-06-26 06:37:10,2026-06-26 06:36:59.469977,2026-06-26 06:36:59.469977,\N,\N,\N
131809,1264,1,11,\N,\N,\N,\N,2,2,\N,-5.00,0.00,\N,0.00,f,2026-06-26 06:37:10,2026-06-26 06:36:59.469977,2026-06-26 06:36:59.469977,\N,\N,\N
131810,1265,1,11,\N,\N,\N,\N,2,2,\N,-3.00,0.00,\N,0.00,f,2026-06-26 06:37:10,2026-06-26 06:36:59.469977,2026-06-26 06:36:59.469977,\N,\N,\N
131811,1266,1,11,\N,\N,\N,\N,2,2,\N,-1.00,0.00,\N,0.00,f,2026-06-26 06:37:10,2026-06-26 06:36:59.469977,2026-06-26 06:36:59.469977,\N,\N,\N
131812,1237,1,11,\N,\N,\N,\N,2,2,\N,-6.00,0.00,\N,0.00,f,2026-06-26 06:37:10,2026-06-26 06:36:59.469977,2026-06-26 06:36:59.469977,\N,\N,\N
131813,1238,1,11,\N,\N,\N,\N,2,2,\N,-5.00,0.00,\N,0.00,f,2026-06-26 06:37:10,2026-06-26 06:36:59.469977,2026-06-26 06:36:59.469977,\N,\N,\N
131814,1239,1,11,\N,\N,\N,\N,2,2,\N,-2.00,0.00,\N,0.00,f,2026-06-26 06:37:10,2026-06-26 06:36:59.469977,2026-06-26 06:36:59.469977,\N,\N,\N
131815,1240,1,11,\N,\N,\N,\N,2,2,\N,-2.00,0.00,\N,0.00,f,2026-06-26 06:37:10,2026-06-26 06:36:59.469977,2026-06-26 06:36:59.469977,\N,\N,\N
131816,1241,1,11,\N,\N,\N,\N,2,2,\N,-1.00,0.00,\N,0.00,f,2026-06-26 06:37:10,2026-06-26 06:36:59.469977,2026-06-26 06:36:59.469977,\N,\N,\N
131817,1242,1,11,\N,\N,\N,\N,2,2,\N,-1.00,0.00,\N,0.00,f,2026-06-26 06:37:10,2026-06-26 06:36:59.469977,2026-06-26 06:36:59.469977,\N,\N,\N
131818,1243,1,11,\N,\N,\N,\N,2,2,\N,-1.00,0.00,\N,0.00,f,2026-06-26 06:37:10,2026-06-26 06:36:59.469977,2026-06-26 06:36:59.469977,\N,\N,\N
131819,1758,1,11,\N,\N,\N,\N,2,2,\N,-2.00,0.00,\N,0.00,f,2026-06-26 06:37:10,2026-06-26 06:36:59.469977,2026-06-26 06:36:59.469977,\N,\N,\N
131820,1749,1,11,\N,\N,\N,\N,2,2,\N,-2.00,0.00,\N,0.00,f,2026-06-26 06:37:10,2026-06-26 06:36:59.469977,2026-06-26 06:36:59.469977,\N,\N,\N
131821,1751,1,11,\N,\N,\N,\N,2,2,\N,-2.00,0.00,\N,0.00,f,2026-06-26 06:37:10,2026-06-26 06:36:59.469977,2026-06-26 06:36:59.469977,\N,\N,\N
131822,1752,1,11,\N,\N,\N,\N,2,2,\N,-1.00,0.00,\N,0.00,f,2026-06-26 06:37:10,2026-06-26 06:36:59.469977,2026-06-26 06:36:59.469977,\N,\N,\N
131823,870,1,11,\N,\N,\N,\N,2,2,\N,-2.00,0.00,\N,0.00,f,2026-06-26 06:37:10,2026-06-26 06:36:59.469977,2026-06-26 06:36:59.469977,\N,\N,\N
131824,1990,1,11,\N,\N,\N,\N,2,2,\N,-2.00,0.00,\N,0.00,f,2026-06-26 06:37:10,2026-06-26 06:36:59.469977,2026-06-26 06:36:59.469977,\N,\N,\N
131825,1955,1,11,\N,\N,\N,\N,2,2,\N,-6.00,0.00,\N,0.00,f,2026-06-26 06:37:10,2026-06-26 06:36:59.469977,2026-06-26 06:36:59.469977,\N,\N,\N
131826,1983,1,11,\N,\N,\N,\N,2,2,\N,-1.00,0.00,\N,0.00,f,2026-06-26 06:37:10,2026-06-26 06:36:59.469977,2026-06-26 06:36:59.469977,\N,\N,\N
131827,1986,1,11,\N,\N,\N,\N,2,2,\N,-1.00,0.00,\N,0.00,f,2026-06-26 06:37:10,2026-06-26 06:36:59.469977,2026-06-26 06:36:59.469977,\N,\N,\N
131828,238,1,11,\N,\N,\N,\N,2,2,\N,-1.00,0.00,\N,0.00,f,2026-06-26 06:37:10,2026-06-26 06:36:59.469977,2026-06-26 06:36:59.469977,\N,\N,\N
131829,1026,1,11,\N,\N,\N,\N,2,2,\N,-176.00,0.00,\N,0.00,f,2026-06-26 06:37:10,2026-06-26 06:36:59.469977,2026-06-26 06:36:59.469977,\N,\N,\N
131830,1027,1,11,\N,\N,\N,\N,2,2,\N,-32.00,0.00,\N,0.00,f,2026-06-26 06:37:10,2026-06-26 06:36:59.469977,2026-06-26 06:36:59.469977,\N,\N,\N
131831,1028,1,11,\N,\N,\N,\N,2,2,\N,-81.00,0.00,\N,0.00,f,2026-06-26 06:37:10,2026-06-26 06:36:59.469977,2026-06-26 06:36:59.469977,\N,\N,\N
131832,1029,1,11,\N,\N,\N,\N,2,2,\N,-40.00,0.00,\N,0.00,f,2026-06-26 06:37:10,2026-06-26 06:36:59.469977,2026-06-26 06:36:59.469977,\N,\N,\N
131833,1056,1,11,\N,\N,\N,\N,2,2,\N,-39.00,0.00,\N,0.00,f,2026-06-26 06:37:10,2026-06-26 06:36:59.469977,2026-06-26 06:36:59.469977,\N,\N,\N
131834,1057,1,11,\N,\N,\N,\N,2,2,\N,-83.00,0.00,\N,0.00,f,2026-06-26 06:37:10,2026-06-26 06:36:59.469977,2026-06-26 06:36:59.469977,\N,\N,\N
131835,1058,1,11,\N,\N,\N,\N,2,2,\N,-9.00,0.00,\N,0.00,f,2026-06-26 06:37:10,2026-06-26 06:36:59.469977,2026-06-26 06:36:59.469977,\N,\N,\N
131836,1138,1,11,\N,\N,\N,\N,2,2,\N,-22.00,0.00,\N,0.00,f,2026-06-26 06:37:10,2026-06-26 06:36:59.469977,2026-06-26 06:36:59.469977,\N,\N,\N
131837,1139,1,11,\N,\N,\N,\N,2,2,\N,-8.00,0.00,\N,0.00,f,2026-06-26 06:37:10,2026-06-26 06:36:59.469977,2026-06-26 06:36:59.469977,\N,\N,\N
131838,1140,1,11,\N,\N,\N,\N,2,2,\N,-7.00,0.00,\N,0.00,f,2026-06-26 06:37:10,2026-06-26 06:36:59.469977,2026-06-26 06:36:59.469977,\N,\N,\N
131839,1141,1,11,\N,\N,\N,\N,2,2,\N,-5.00,0.00,\N,0.00,f,2026-06-26 06:37:10,2026-06-26 06:36:59.469977,2026-06-26 06:36:59.469977,\N,\N,\N
131840,1142,1,11,\N,\N,\N,\N,2,2,\N,-6.00,0.00,\N,0.00,f,2026-06-26 06:37:10,2026-06-26 06:36:59.469977,2026-06-26 06:36:59.469977,\N,\N,\N
131841,1143,1,11,\N,\N,\N,\N,2,2,\N,-11.00,0.00,\N,0.00,f,2026-06-26 06:37:10,2026-06-26 06:36:59.469977,2026-06-26 06:36:59.469977,\N,\N,\N
131842,1151,1,11,\N,\N,\N,\N,2,2,\N,-1.00,0.00,\N,0.00,f,2026-06-26 06:37:10,2026-06-26 06:36:59.469977,2026-06-26 06:36:59.469977,\N,\N,\N
131843,1152,1,11,\N,\N,\N,\N,2,2,\N,-4.00,0.00,\N,0.00,f,2026-06-26 06:37:10,2026-06-26 06:36:59.469977,2026-06-26 06:36:59.469977,\N,\N,\N
131844,1153,1,11,\N,\N,\N,\N,2,2,\N,-1.00,0.00,\N,0.00,f,2026-06-26 06:37:10,2026-06-26 06:36:59.469977,2026-06-26 06:36:59.469977,\N,\N,\N
131845,2310,1,11,\N,\N,\N,\N,2,2,\N,-1.00,0.00,\N,0.00,f,2026-06-26 06:37:10,2026-06-26 06:36:59.469977,2026-06-26 06:36:59.469977,\N,\N,\N
131846,1144,1,11,\N,\N,\N,\N,2,2,\N,-12.00,0.00,\N,0.00,f,2026-06-26 06:37:10,2026-06-26 06:36:59.469977,2026-06-26 06:36:59.469977,\N,\N,\N
131847,1145,1,11,\N,\N,\N,\N,2,2,\N,-11.00,0.00,\N,0.00,f,2026-06-26 06:37:10,2026-06-26 06:36:59.469977,2026-06-26 06:36:59.469977,\N,\N,\N
131848,1146,1,11,\N,\N,\N,\N,2,2,\N,-19.00,0.00,\N,0.00,f,2026-06-26 06:37:10,2026-06-26 06:36:59.469977,2026-06-26 06:36:59.469977,\N,\N,\N
131849,1147,1,11,\N,\N,\N,\N,2,2,\N,-2.00,0.00,\N,0.00,f,2026-06-26 06:37:10,2026-06-26 06:36:59.469977,2026-06-26 06:36:59.469977,\N,\N,\N
131850,1148,1,11,\N,\N,\N,\N,2,2,\N,-17.00,0.00,\N,0.00,f,2026-06-26 06:37:10,2026-06-26 06:36:59.469977,2026-06-26 06:36:59.469977,\N,\N,\N
131851,1149,1,11,\N,\N,\N,\N,2,2,\N,-13.00,0.00,\N,0.00,f,2026-06-26 06:37:10,2026-06-26 06:36:59.469977,2026-06-26 06:36:59.469977,\N,\N,\N
131852,1155,1,11,\N,\N,\N,\N,2,2,\N,-4.00,0.00,\N,0.00,f,2026-06-26 06:37:10,2026-06-26 06:36:59.469977,2026-06-26 06:36:59.469977,\N,\N,\N
131853,1156,1,11,\N,\N,\N,\N,2,2,\N,-5.00,0.00,\N,0.00,f,2026-06-26 06:37:10,2026-06-26 06:36:59.469977,2026-06-26 06:36:59.469977,\N,\N,\N
131854,1157,1,11,\N,\N,\N,\N,2,2,\N,-1.00,0.00,\N,0.00,f,2026-06-26 06:37:10,2026-06-26 06:36:59.469977,2026-06-26 06:36:59.469977,\N,\N,\N
131855,2313,1,11,\N,\N,\N,\N,2,2,\N,-1.00,0.00,\N,0.00,f,2026-06-26 06:37:10,2026-06-26 06:36:59.469977,2026-06-26 06:36:59.469977,\N,\N,\N
131856,2193,1,11,\N,\N,\N,\N,2,2,\N,-11.00,0.00,\N,0.00,f,2026-06-26 06:37:10,2026-06-26 06:36:59.469977,2026-06-26 06:36:59.469977,\N,\N,\N
131857,2189,1,11,\N,\N,\N,\N,2,2,\N,-14.00,0.00,\N,0.00,f,2026-06-26 06:37:10,2026-06-26 06:36:59.469977,2026-06-26 06:36:59.469977,\N,\N,\N
131858,2190,1,11,\N,\N,\N,\N,2,2,\N,-12.00,0.00,\N,0.00,f,2026-06-26 06:37:10,2026-06-26 06:36:59.469977,2026-06-26 06:36:59.469977,\N,\N,\N
131859,2191,1,11,\N,\N,\N,\N,2,2,\N,-7.00,0.00,\N,0.00,f,2026-06-26 06:37:10,2026-06-26 06:36:59.469977,2026-06-26 06:36:59.469977,\N,\N,\N
131860,2192,1,11,\N,\N,\N,\N,2,2,\N,-1.00,0.00,\N,0.00,f,2026-06-26 06:37:10,2026-06-26 06:36:59.469977,2026-06-26 06:36:59.469977,\N,\N,\N
131861,2198,1,11,\N,\N,\N,\N,2,2,\N,-23.00,0.00,\N,0.00,f,2026-06-26 06:37:11,2026-06-26 06:36:59.469977,2026-06-26 06:36:59.469977,\N,\N,\N
131862,2194,1,11,\N,\N,\N,\N,2,2,\N,-15.00,0.00,\N,0.00,f,2026-06-26 06:37:11,2026-06-26 06:36:59.469977,2026-06-26 06:36:59.469977,\N,\N,\N
131863,2195,1,11,\N,\N,\N,\N,2,2,\N,-10.00,0.00,\N,0.00,f,2026-06-26 06:37:11,2026-06-26 06:36:59.469977,2026-06-26 06:36:59.469977,\N,\N,\N
131864,2196,1,11,\N,\N,\N,\N,2,2,\N,-7.00,0.00,\N,0.00,f,2026-06-26 06:37:11,2026-06-26 06:36:59.469977,2026-06-26 06:36:59.469977,\N,\N,\N
131865,2197,1,11,\N,\N,\N,\N,2,2,\N,-1.00,0.00,\N,0.00,f,2026-06-26 06:37:11,2026-06-26 06:36:59.469977,2026-06-26 06:36:59.469977,\N,\N,\N
131866,2026,1,11,\N,\N,\N,\N,2,2,\N,-31.00,0.00,\N,0.00,f,2026-06-26 06:37:11,2026-06-26 06:36:59.469977,2026-06-26 06:36:59.469977,\N,\N,\N
131867,2027,1,11,\N,\N,\N,\N,2,2,\N,-39.00,0.00,\N,0.00,f,2026-06-26 06:37:11,2026-06-26 06:36:59.469977,2026-06-26 06:36:59.469977,\N,\N,\N
131868,2028,1,11,\N,\N,\N,\N,2,2,\N,-10.00,0.00,\N,0.00,f,2026-06-26 06:37:11,2026-06-26 06:36:59.469977,2026-06-26 06:36:59.469977,\N,\N,\N
131869,2029,1,11,\N,\N,\N,\N,2,2,\N,-10.00,0.00,\N,0.00,f,2026-06-26 06:37:11,2026-06-26 06:36:59.469977,2026-06-26 06:36:59.469977,\N,\N,\N
131870,2030,1,11,\N,\N,\N,\N,2,2,\N,-6.00,0.00,\N,0.00,f,2026-06-26 06:37:11,2026-06-26 06:36:59.469977,2026-06-26 06:36:59.469977,\N,\N,\N
131871,2031,1,11,\N,\N,\N,\N,2,2,\N,-2.00,0.00,\N,0.00,f,2026-06-26 06:37:11,2026-06-26 06:36:59.469977,2026-06-26 06:36:59.469977,\N,\N,\N
131872,2032,1,11,\N,\N,\N,\N,2,2,\N,-5.00,0.00,\N,0.00,f,2026-06-26 06:37:11,2026-06-26 06:36:59.469977,2026-06-26 06:36:59.469977,\N,\N,\N
131873,2033,1,11,\N,\N,\N,\N,2,2,\N,-27.00,0.00,\N,0.00,f,2026-06-26 06:37:11,2026-06-26 06:36:59.469977,2026-06-26 06:36:59.469977,\N,\N,\N
131874,2034,1,11,\N,\N,\N,\N,2,2,\N,-15.00,0.00,\N,0.00,f,2026-06-26 06:37:11,2026-06-26 06:36:59.469977,2026-06-26 06:36:59.469977,\N,\N,\N
131875,2017,1,11,\N,\N,\N,\N,2,2,\N,-28.00,0.00,\N,0.00,f,2026-06-26 06:37:11,2026-06-26 06:36:59.469977,2026-06-26 06:36:59.469977,\N,\N,\N
131876,2018,1,11,\N,\N,\N,\N,2,2,\N,-8.00,0.00,\N,0.00,f,2026-06-26 06:37:11,2026-06-26 06:36:59.469977,2026-06-26 06:36:59.469977,\N,\N,\N
131877,2019,1,11,\N,\N,\N,\N,2,2,\N,-2.00,0.00,\N,0.00,f,2026-06-26 06:37:11,2026-06-26 06:36:59.469977,2026-06-26 06:36:59.469977,\N,\N,\N
131878,2021,1,11,\N,\N,\N,\N,2,2,\N,-1.00,0.00,\N,0.00,f,2026-06-26 06:37:11,2026-06-26 06:36:59.469977,2026-06-26 06:36:59.469977,\N,\N,\N
131879,2022,1,11,\N,\N,\N,\N,2,2,\N,-3.00,0.00,\N,0.00,f,2026-06-26 06:37:11,2026-06-26 06:36:59.469977,2026-06-26 06:36:59.469977,\N,\N,\N
131880,2023,1,11,\N,\N,\N,\N,2,2,\N,-1.00,0.00,\N,0.00,f,2026-06-26 06:37:11,2026-06-26 06:36:59.469977,2026-06-26 06:36:59.469977,\N,\N,\N
131881,2024,1,11,\N,\N,\N,\N,2,2,\N,-1.00,0.00,\N,0.00,f,2026-06-26 06:37:11,2026-06-26 06:36:59.469977,2026-06-26 06:36:59.469977,\N,\N,\N
131882,2025,1,11,\N,\N,\N,\N,2,2,\N,-4.00,0.00,\N,0.00,f,2026-06-26 06:37:11,2026-06-26 06:36:59.469977,2026-06-26 06:36:59.469977,\N,\N,\N
131883,438,1,11,\N,\N,\N,\N,2,2,\N,-68.00,0.00,\N,0.00,f,2026-06-26 06:37:11,2026-06-26 06:36:59.469977,2026-06-26 06:36:59.469977,\N,\N,\N
131884,439,1,11,\N,\N,\N,\N,2,2,\N,-25.00,0.00,\N,0.00,f,2026-06-26 06:37:11,2026-06-26 06:36:59.469977,2026-06-26 06:36:59.469977,\N,\N,\N
131885,440,1,11,\N,\N,\N,\N,2,2,\N,-36.00,0.00,\N,0.00,f,2026-06-26 06:37:11,2026-06-26 06:36:59.469977,2026-06-26 06:36:59.469977,\N,\N,\N
131886,441,1,11,\N,\N,\N,\N,2,2,\N,-25.00,0.00,\N,0.00,f,2026-06-26 06:37:11,2026-06-26 06:36:59.469977,2026-06-26 06:36:59.469977,\N,\N,\N
131887,442,1,11,\N,\N,\N,\N,2,2,\N,-58.00,0.00,\N,0.00,f,2026-06-26 06:37:11,2026-06-26 06:36:59.469977,2026-06-26 06:36:59.469977,\N,\N,\N
131888,443,1,11,\N,\N,\N,\N,2,2,\N,-18.00,0.00,\N,0.00,f,2026-06-26 06:37:11,2026-06-26 06:36:59.469977,2026-06-26 06:36:59.469977,\N,\N,\N
131889,444,1,11,\N,\N,\N,\N,2,2,\N,-20.00,0.00,\N,0.00,f,2026-06-26 06:37:11,2026-06-26 06:36:59.469977,2026-06-26 06:36:59.469977,\N,\N,\N
131890,267,1,11,\N,\N,\N,\N,2,2,\N,-36.00,0.00,\N,0.00,f,2026-06-26 06:37:11,2026-06-26 06:36:59.469977,2026-06-26 06:36:59.469977,\N,\N,\N
131891,268,1,11,\N,\N,\N,\N,2,2,\N,-14.00,0.00,\N,0.00,f,2026-06-26 06:37:11,2026-06-26 06:36:59.469977,2026-06-26 06:36:59.469977,\N,\N,\N
131892,269,1,11,\N,\N,\N,\N,2,2,\N,-2.00,0.00,\N,0.00,f,2026-06-26 06:37:11,2026-06-26 06:36:59.469977,2026-06-26 06:36:59.469977,\N,\N,\N
131893,270,1,11,\N,\N,\N,\N,2,2,\N,-24.00,0.00,\N,0.00,f,2026-06-26 06:37:11,2026-06-26 06:36:59.469977,2026-06-26 06:36:59.469977,\N,\N,\N
131894,271,1,11,\N,\N,\N,\N,2,2,\N,-56.00,0.00,\N,0.00,f,2026-06-26 06:37:11,2026-06-26 06:36:59.469977,2026-06-26 06:36:59.469977,\N,\N,\N
131895,272,1,11,\N,\N,\N,\N,2,2,\N,-30.00,0.00,\N,0.00,f,2026-06-26 06:37:11,2026-06-26 06:36:59.469977,2026-06-26 06:36:59.469977,\N,\N,\N
131896,273,1,11,\N,\N,\N,\N,2,2,\N,-48.00,0.00,\N,0.00,f,2026-06-26 06:37:11,2026-06-26 06:36:59.469977,2026-06-26 06:36:59.469977,\N,\N,\N
131897,274,1,11,\N,\N,\N,\N,2,2,\N,-19.00,0.00,\N,0.00,f,2026-06-26 06:37:11,2026-06-26 06:36:59.469977,2026-06-26 06:36:59.469977,\N,\N,\N
131898,275,1,11,\N,\N,\N,\N,2,2,\N,-172.00,0.00,\N,0.00,f,2026-06-26 06:37:11,2026-06-26 06:36:59.469977,2026-06-26 06:36:59.469977,\N,\N,\N
131899,241,1,11,\N,\N,\N,\N,2,2,\N,-12.00,0.00,\N,0.00,f,2026-06-26 06:37:11,2026-06-26 06:36:59.469977,2026-06-26 06:36:59.469977,\N,\N,\N
131900,242,1,11,\N,\N,\N,\N,2,2,\N,-39.00,0.00,\N,0.00,f,2026-06-26 06:37:11,2026-06-26 06:36:59.469977,2026-06-26 06:36:59.469977,\N,\N,\N
131901,243,1,11,\N,\N,\N,\N,2,2,\N,-80.00,0.00,\N,0.00,f,2026-06-26 06:37:11,2026-06-26 06:36:59.469977,2026-06-26 06:36:59.469977,\N,\N,\N
131902,244,1,11,\N,\N,\N,\N,2,2,\N,-28.00,0.00,\N,0.00,f,2026-06-26 06:37:11,2026-06-26 06:36:59.469977,2026-06-26 06:36:59.469977,\N,\N,\N
131903,245,1,11,\N,\N,\N,\N,2,2,\N,-47.00,0.00,\N,0.00,f,2026-06-26 06:37:11,2026-06-26 06:36:59.469977,2026-06-26 06:36:59.469977,\N,\N,\N
131904,246,1,11,\N,\N,\N,\N,2,2,\N,-71.00,0.00,\N,0.00,f,2026-06-26 06:37:11,2026-06-26 06:36:59.469977,2026-06-26 06:36:59.469977,\N,\N,\N
131905,252,1,11,\N,\N,\N,\N,2,2,\N,-19.00,0.00,\N,0.00,f,2026-06-26 06:37:11,2026-06-26 06:36:59.469977,2026-06-26 06:36:59.469977,\N,\N,\N
131906,258,1,11,\N,\N,\N,\N,2,2,\N,-194.00,0.00,\N,0.00,f,2026-06-26 06:37:11,2026-06-26 06:36:59.469977,2026-06-26 06:36:59.469977,\N,\N,\N
131907,259,1,11,\N,\N,\N,\N,2,2,\N,-100.00,0.00,\N,0.00,f,2026-06-26 06:37:11,2026-06-26 06:36:59.469977,2026-06-26 06:36:59.469977,\N,\N,\N
131908,260,1,11,\N,\N,\N,\N,2,2,\N,-13.00,0.00,\N,0.00,f,2026-06-26 06:37:11,2026-06-26 06:36:59.469977,2026-06-26 06:36:59.469977,\N,\N,\N
131909,261,1,11,\N,\N,\N,\N,2,2,\N,-11.00,0.00,\N,0.00,f,2026-06-26 06:37:11,2026-06-26 06:36:59.469977,2026-06-26 06:36:59.469977,\N,\N,\N
131910,262,1,11,\N,\N,\N,\N,2,2,\N,-17.00,0.00,\N,0.00,f,2026-06-26 06:37:11,2026-06-26 06:36:59.469977,2026-06-26 06:36:59.469977,\N,\N,\N
131911,263,1,11,\N,\N,\N,\N,2,2,\N,-5.00,0.00,\N,0.00,f,2026-06-26 06:37:11,2026-06-26 06:36:59.469977,2026-06-26 06:36:59.469977,\N,\N,\N
131912,264,1,11,\N,\N,\N,\N,2,2,\N,-9.00,0.00,\N,0.00,f,2026-06-26 06:37:11,2026-06-26 06:36:59.469977,2026-06-26 06:36:59.469977,\N,\N,\N
131913,265,1,11,\N,\N,\N,\N,2,2,\N,-13.00,0.00,\N,0.00,f,2026-06-26 06:37:11,2026-06-26 06:36:59.469977,2026-06-26 06:36:59.469977,\N,\N,\N
131914,266,1,11,\N,\N,\N,\N,2,2,\N,-17.00,0.00,\N,0.00,f,2026-06-26 06:37:11,2026-06-26 06:36:59.469977,2026-06-26 06:36:59.469977,\N,\N,\N
131915,910,1,11,\N,\N,\N,\N,2,2,\N,-21.00,0.00,\N,0.00,f,2026-06-26 06:37:11,2026-06-26 06:36:59.469977,2026-06-26 06:36:59.469977,\N,\N,\N
131916,911,1,11,\N,\N,\N,\N,2,2,\N,-2.00,0.00,\N,0.00,f,2026-06-26 06:37:11,2026-06-26 06:36:59.469977,2026-06-26 06:36:59.469977,\N,\N,\N
131917,918,1,11,\N,\N,\N,\N,2,2,\N,-2.00,0.00,\N,0.00,f,2026-06-26 06:37:11,2026-06-26 06:36:59.469977,2026-06-26 06:36:59.469977,\N,\N,\N
131918,914,1,11,\N,\N,\N,\N,2,2,\N,-1.00,0.00,\N,0.00,f,2026-06-26 06:37:11,2026-06-26 06:36:59.469977,2026-06-26 06:36:59.469977,\N,\N,\N
131919,915,1,11,\N,\N,\N,\N,2,2,\N,-1.00,0.00,\N,0.00,f,2026-06-26 06:37:11,2026-06-26 06:36:59.469977,2026-06-26 06:36:59.469977,\N,\N,\N
131920,916,1,11,\N,\N,\N,\N,2,2,\N,-1.00,0.00,\N,0.00,f,2026-06-26 06:37:11,2026-06-26 06:36:59.469977,2026-06-26 06:36:59.469977,\N,\N,\N
131921,928,1,11,\N,\N,\N,\N,2,2,\N,-34.00,0.00,\N,0.00,f,2026-06-26 06:37:11,2026-06-26 06:36:59.469977,2026-06-26 06:36:59.469977,\N,\N,\N
131922,929,1,11,\N,\N,\N,\N,2,2,\N,-33.00,0.00,\N,0.00,f,2026-06-26 06:37:11,2026-06-26 06:36:59.469977,2026-06-26 06:36:59.469977,\N,\N,\N
131923,931,1,11,\N,\N,\N,\N,2,2,\N,-17.00,0.00,\N,0.00,f,2026-06-26 06:37:11,2026-06-26 06:36:59.469977,2026-06-26 06:36:59.469977,\N,\N,\N
131924,936,1,11,\N,\N,\N,\N,2,2,\N,-15.00,0.00,\N,0.00,f,2026-06-26 06:37:11,2026-06-26 06:36:59.469977,2026-06-26 06:36:59.469977,\N,\N,\N
131925,932,1,11,\N,\N,\N,\N,2,2,\N,-24.00,0.00,\N,0.00,f,2026-06-26 06:37:11,2026-06-26 06:36:59.469977,2026-06-26 06:36:59.469977,\N,\N,\N
131926,933,1,11,\N,\N,\N,\N,2,2,\N,-8.00,0.00,\N,0.00,f,2026-06-26 06:37:11,2026-06-26 06:36:59.469977,2026-06-26 06:36:59.469977,\N,\N,\N
131927,934,1,11,\N,\N,\N,\N,2,2,\N,-13.00,0.00,\N,0.00,f,2026-06-26 06:37:11,2026-06-26 06:36:59.469977,2026-06-26 06:36:59.469977,\N,\N,\N
131928,935,1,11,\N,\N,\N,\N,2,2,\N,-66.00,0.00,\N,0.00,f,2026-06-26 06:37:11,2026-06-26 06:36:59.469977,2026-06-26 06:36:59.469977,\N,\N,\N
131929,946,1,11,\N,\N,\N,\N,2,2,\N,-4.00,0.00,\N,0.00,f,2026-06-26 06:37:11,2026-06-26 06:36:59.469977,2026-06-26 06:36:59.469977,\N,\N,\N
131930,948,1,11,\N,\N,\N,\N,2,2,\N,-1.00,0.00,\N,0.00,f,2026-06-26 06:37:11,2026-06-26 06:36:59.469977,2026-06-26 06:36:59.469977,\N,\N,\N
131931,949,1,11,\N,\N,\N,\N,2,2,\N,-5.00,0.00,\N,0.00,f,2026-06-26 06:37:11,2026-06-26 06:36:59.469977,2026-06-26 06:36:59.469977,\N,\N,\N
131932,954,1,11,\N,\N,\N,\N,2,2,\N,-7.00,0.00,\N,0.00,f,2026-06-26 06:37:11,2026-06-26 06:36:59.469977,2026-06-26 06:36:59.469977,\N,\N,\N
131933,950,1,11,\N,\N,\N,\N,2,2,\N,-7.00,0.00,\N,0.00,f,2026-06-26 06:37:11,2026-06-26 06:36:59.469977,2026-06-26 06:36:59.469977,\N,\N,\N
131934,951,1,11,\N,\N,\N,\N,2,2,\N,-3.00,0.00,\N,0.00,f,2026-06-26 06:37:11,2026-06-26 06:36:59.469977,2026-06-26 06:36:59.469977,\N,\N,\N
131935,952,1,11,\N,\N,\N,\N,2,2,\N,-3.00,0.00,\N,0.00,f,2026-06-26 06:37:11,2026-06-26 06:36:59.469977,2026-06-26 06:36:59.469977,\N,\N,\N
131936,953,1,11,\N,\N,\N,\N,2,2,\N,-6.00,0.00,\N,0.00,f,2026-06-26 06:37:11,2026-06-26 06:36:59.469977,2026-06-26 06:36:59.469977,\N,\N,\N
131937,295,1,11,\N,\N,\N,\N,2,2,\N,-8.00,0.00,\N,0.00,f,2026-06-26 06:37:11,2026-06-26 06:36:59.469977,2026-06-26 06:36:59.469977,\N,\N,\N
131938,296,1,11,\N,\N,\N,\N,2,2,\N,-24.00,0.00,\N,0.00,f,2026-06-26 06:37:11,2026-06-26 06:36:59.469977,2026-06-26 06:36:59.469977,\N,\N,\N
131939,297,1,11,\N,\N,\N,\N,2,2,\N,-65.00,0.00,\N,0.00,f,2026-06-26 06:37:11,2026-06-26 06:36:59.469977,2026-06-26 06:36:59.469977,\N,\N,\N
131940,298,1,11,\N,\N,\N,\N,2,2,\N,-51.00,0.00,\N,0.00,f,2026-06-26 06:37:11,2026-06-26 06:36:59.469977,2026-06-26 06:36:59.469977,\N,\N,\N
131941,299,1,11,\N,\N,\N,\N,2,2,\N,-30.00,0.00,\N,0.00,f,2026-06-26 06:37:11,2026-06-26 06:36:59.469977,2026-06-26 06:36:59.469977,\N,\N,\N
131942,300,1,11,\N,\N,\N,\N,2,2,\N,-31.00,0.00,\N,0.00,f,2026-06-26 06:37:11,2026-06-26 06:36:59.469977,2026-06-26 06:36:59.469977,\N,\N,\N
131943,301,1,11,\N,\N,\N,\N,2,2,\N,-48.00,0.00,\N,0.00,f,2026-06-26 06:37:11,2026-06-26 06:36:59.469977,2026-06-26 06:36:59.469977,\N,\N,\N
131944,302,1,11,\N,\N,\N,\N,2,2,\N,-10.00,0.00,\N,0.00,f,2026-06-26 06:37:11,2026-06-26 06:36:59.469977,2026-06-26 06:36:59.469977,\N,\N,\N
131945,1965,1,11,\N,\N,\N,\N,2,2,\N,-25.00,0.00,\N,0.00,f,2026-06-26 06:37:11,2026-06-26 06:36:59.469977,2026-06-26 06:36:59.469977,\N,\N,\N
131946,1966,1,11,\N,\N,\N,\N,2,2,\N,-6.00,0.00,\N,0.00,f,2026-06-26 06:37:11,2026-06-26 06:36:59.469977,2026-06-26 06:36:59.469977,\N,\N,\N
131947,1967,1,11,\N,\N,\N,\N,2,2,\N,-18.00,0.00,\N,0.00,f,2026-06-26 06:37:11,2026-06-26 06:36:59.469977,2026-06-26 06:36:59.469977,\N,\N,\N
131948,1968,1,11,\N,\N,\N,\N,2,2,\N,-8.00,0.00,\N,0.00,f,2026-06-26 06:37:11,2026-06-26 06:36:59.469977,2026-06-26 06:36:59.469977,\N,\N,\N
131949,1969,1,11,\N,\N,\N,\N,2,2,\N,-3.00,0.00,\N,0.00,f,2026-06-26 06:37:11,2026-06-26 06:36:59.469977,2026-06-26 06:36:59.469977,\N,\N,\N
131950,1991,1,11,\N,\N,\N,\N,2,2,\N,-9.00,0.00,\N,0.00,f,2026-06-26 06:37:11,2026-06-26 06:36:59.469977,2026-06-26 06:36:59.469977,\N,\N,\N
131951,1992,1,11,\N,\N,\N,\N,2,2,\N,-2.00,0.00,\N,0.00,f,2026-06-26 06:37:11,2026-06-26 06:36:59.469977,2026-06-26 06:36:59.469977,\N,\N,\N
131952,1993,1,11,\N,\N,\N,\N,2,2,\N,-4.00,0.00,\N,0.00,f,2026-06-26 06:37:11,2026-06-26 06:36:59.469977,2026-06-26 06:36:59.469977,\N,\N,\N
131953,325,1,11,\N,\N,\N,\N,2,2,\N,-79.00,0.00,\N,0.00,f,2026-06-26 06:37:11,2026-06-26 06:36:59.469977,2026-06-26 06:36:59.469977,\N,\N,\N
131954,326,1,11,\N,\N,\N,\N,2,2,\N,-65.00,0.00,\N,0.00,f,2026-06-26 06:37:11,2026-06-26 06:36:59.469977,2026-06-26 06:36:59.469977,\N,\N,\N
131955,327,1,11,\N,\N,\N,\N,2,2,\N,-8.00,0.00,\N,0.00,f,2026-06-26 06:37:11,2026-06-26 06:36:59.469977,2026-06-26 06:36:59.469977,\N,\N,\N
131956,328,1,11,\N,\N,\N,\N,2,2,\N,-86.00,0.00,\N,0.00,f,2026-06-26 06:37:11,2026-06-26 06:36:59.469977,2026-06-26 06:36:59.469977,\N,\N,\N
131957,329,1,11,\N,\N,\N,\N,2,2,\N,-108.00,0.00,\N,0.00,f,2026-06-26 06:37:11,2026-06-26 06:36:59.469977,2026-06-26 06:36:59.469977,\N,\N,\N
131958,330,1,11,\N,\N,\N,\N,2,2,\N,-91.00,0.00,\N,0.00,f,2026-06-26 06:37:11,2026-06-26 06:36:59.469977,2026-06-26 06:36:59.469977,\N,\N,\N
131959,331,1,11,\N,\N,\N,\N,2,2,\N,-174.00,0.00,\N,0.00,f,2026-06-26 06:37:11,2026-06-26 06:36:59.469977,2026-06-26 06:36:59.469977,\N,\N,\N
131960,332,1,11,\N,\N,\N,\N,2,2,\N,-84.00,0.00,\N,0.00,f,2026-06-26 06:37:11,2026-06-26 06:36:59.469977,2026-06-26 06:36:59.469977,\N,\N,\N
131961,333,1,11,\N,\N,\N,\N,2,2,\N,-81.00,0.00,\N,0.00,f,2026-06-26 06:37:11,2026-06-26 06:36:59.469977,2026-06-26 06:36:59.469977,\N,\N,\N
131962,276,1,11,\N,\N,\N,\N,2,2,\N,-9.00,0.00,\N,0.00,f,2026-06-26 06:37:11,2026-06-26 06:36:59.469977,2026-06-26 06:36:59.469977,\N,\N,\N
131963,277,1,11,\N,\N,\N,\N,2,2,\N,-10.00,0.00,\N,0.00,f,2026-06-26 06:37:11,2026-06-26 06:36:59.469977,2026-06-26 06:36:59.469977,\N,\N,\N
131964,278,1,11,\N,\N,\N,\N,2,2,\N,-12.00,0.00,\N,0.00,f,2026-06-26 06:37:11,2026-06-26 06:36:59.469977,2026-06-26 06:36:59.469977,\N,\N,\N
131965,279,1,11,\N,\N,\N,\N,2,2,\N,-80.00,0.00,\N,0.00,f,2026-06-26 06:37:11,2026-06-26 06:36:59.469977,2026-06-26 06:36:59.469977,\N,\N,\N
131966,280,1,11,\N,\N,\N,\N,2,2,\N,-31.00,0.00,\N,0.00,f,2026-06-26 06:37:11,2026-06-26 06:36:59.469977,2026-06-26 06:36:59.469977,\N,\N,\N
131967,281,1,11,\N,\N,\N,\N,2,2,\N,-10.00,0.00,\N,0.00,f,2026-06-26 06:37:11,2026-06-26 06:36:59.469977,2026-06-26 06:36:59.469977,\N,\N,\N
131968,282,1,11,\N,\N,\N,\N,2,2,\N,-37.00,0.00,\N,0.00,f,2026-06-26 06:37:11,2026-06-26 06:36:59.469977,2026-06-26 06:36:59.469977,\N,\N,\N
131969,283,1,11,\N,\N,\N,\N,2,2,\N,-24.00,0.00,\N,0.00,f,2026-06-26 06:37:11,2026-06-26 06:36:59.469977,2026-06-26 06:36:59.469977,\N,\N,\N
131970,1025,1,11,\N,\N,\N,\N,2,2,\N,-3.00,0.00,\N,0.00,f,2026-06-26 06:37:11,2026-06-26 06:36:59.469977,2026-06-26 06:36:59.469977,\N,\N,\N
131971,1073,1,11,\N,\N,\N,\N,2,2,\N,-6.00,0.00,\N,0.00,f,2026-06-26 06:37:11,2026-06-26 06:36:59.469977,2026-06-26 06:36:59.469977,\N,\N,\N
131972,955,1,11,\N,\N,\N,\N,2,2,\N,-3.00,0.00,\N,0.00,f,2026-06-26 06:37:11,2026-06-26 06:36:59.469977,2026-06-26 06:36:59.469977,\N,\N,\N
131973,959,1,11,\N,\N,\N,\N,2,2,\N,-2.00,0.00,\N,0.00,f,2026-06-26 06:37:11,2026-06-26 06:36:59.469977,2026-06-26 06:36:59.469977,\N,\N,\N
131974,960,1,11,\N,\N,\N,\N,2,2,\N,-2.00,0.00,\N,0.00,f,2026-06-26 06:37:11,2026-06-26 06:36:59.469977,2026-06-26 06:36:59.469977,\N,\N,\N
131975,961,1,11,\N,\N,\N,\N,2,2,\N,-3.00,0.00,\N,0.00,f,2026-06-26 06:37:11,2026-06-26 06:36:59.469977,2026-06-26 06:36:59.469977,\N,\N,\N
131976,962,1,11,\N,\N,\N,\N,2,2,\N,-3.00,0.00,\N,0.00,f,2026-06-26 06:37:11,2026-06-26 06:36:59.469977,2026-06-26 06:36:59.469977,\N,\N,\N
131977,937,1,11,\N,\N,\N,\N,2,2,\N,-1.00,0.00,\N,0.00,f,2026-06-26 06:37:11,2026-06-26 06:36:59.469977,2026-06-26 06:36:59.469977,\N,\N,\N
131978,942,1,11,\N,\N,\N,\N,2,2,\N,-2.00,0.00,\N,0.00,f,2026-06-26 06:37:11,2026-06-26 06:36:59.469977,2026-06-26 06:36:59.469977,\N,\N,\N
131979,944,1,11,\N,\N,\N,\N,2,2,\N,-5.00,0.00,\N,0.00,f,2026-06-26 06:37:11,2026-06-26 06:36:59.469977,2026-06-26 06:36:59.469977,\N,\N,\N
131980,462,1,11,\N,\N,\N,\N,2,2,\N,-8.00,0.00,\N,0.00,f,2026-06-26 06:37:11,2026-06-26 06:36:59.469977,2026-06-26 06:36:59.469977,\N,\N,\N
131981,463,1,11,\N,\N,\N,\N,2,2,\N,-5.00,0.00,\N,0.00,f,2026-06-26 06:37:11,2026-06-26 06:36:59.469977,2026-06-26 06:36:59.469977,\N,\N,\N
131982,464,1,11,\N,\N,\N,\N,2,2,\N,-2.00,0.00,\N,0.00,f,2026-06-26 06:37:11,2026-06-26 06:36:59.469977,2026-06-26 06:36:59.469977,\N,\N,\N
131983,466,1,11,\N,\N,\N,\N,2,2,\N,-1.00,0.00,\N,0.00,f,2026-06-26 06:37:11,2026-06-26 06:36:59.469977,2026-06-26 06:36:59.469977,\N,\N,\N
131984,467,1,11,\N,\N,\N,\N,2,2,\N,-3.00,0.00,\N,0.00,f,2026-06-26 06:37:11,2026-06-26 06:36:59.469977,2026-06-26 06:36:59.469977,\N,\N,\N
131985,468,1,11,\N,\N,\N,\N,2,2,\N,-75.00,0.00,\N,0.00,f,2026-06-26 06:37:11,2026-06-26 06:36:59.469977,2026-06-26 06:36:59.469977,\N,\N,\N
131986,446,1,11,\N,\N,\N,\N,2,2,\N,-14.00,0.00,\N,0.00,f,2026-06-26 06:37:11,2026-06-26 06:36:59.469977,2026-06-26 06:36:59.469977,\N,\N,\N
131987,447,1,11,\N,\N,\N,\N,2,2,\N,-1.00,0.00,\N,0.00,f,2026-06-26 06:37:11,2026-06-26 06:36:59.469977,2026-06-26 06:36:59.469977,\N,\N,\N
131988,448,1,11,\N,\N,\N,\N,2,2,\N,-3.00,0.00,\N,0.00,f,2026-06-26 06:37:11,2026-06-26 06:36:59.469977,2026-06-26 06:36:59.469977,\N,\N,\N
131989,450,1,11,\N,\N,\N,\N,2,2,\N,-2.00,0.00,\N,0.00,f,2026-06-26 06:37:11,2026-06-26 06:36:59.469977,2026-06-26 06:36:59.469977,\N,\N,\N
131990,451,1,11,\N,\N,\N,\N,2,2,\N,-1.00,0.00,\N,0.00,f,2026-06-26 06:37:11,2026-06-26 06:36:59.469977,2026-06-26 06:36:59.469977,\N,\N,\N
131991,452,1,11,\N,\N,\N,\N,2,2,\N,-6.00,0.00,\N,0.00,f,2026-06-26 06:37:11,2026-06-26 06:36:59.469977,2026-06-26 06:36:59.469977,\N,\N,\N
131992,455,1,11,\N,\N,\N,\N,2,2,\N,-1.00,0.00,\N,0.00,f,2026-06-26 06:37:11,2026-06-26 06:36:59.469977,2026-06-26 06:36:59.469977,\N,\N,\N
131993,456,1,11,\N,\N,\N,\N,2,2,\N,-1.00,0.00,\N,0.00,f,2026-06-26 06:37:11,2026-06-26 06:36:59.469977,2026-06-26 06:36:59.469977,\N,\N,\N
131994,458,1,11,\N,\N,\N,\N,2,2,\N,-2.00,0.00,\N,0.00,f,2026-06-26 06:37:11,2026-06-26 06:36:59.469977,2026-06-26 06:36:59.469977,\N,\N,\N
131995,459,1,11,\N,\N,\N,\N,2,2,\N,-6.00,0.00,\N,0.00,f,2026-06-26 06:37:11,2026-06-26 06:36:59.469977,2026-06-26 06:36:59.469977,\N,\N,\N
131996,475,1,11,\N,\N,\N,\N,2,2,\N,-3.00,0.00,\N,0.00,f,2026-06-26 06:37:11,2026-06-26 06:36:59.469977,2026-06-26 06:36:59.469977,\N,\N,\N
131997,476,1,11,\N,\N,\N,\N,2,2,\N,-6.00,0.00,\N,0.00,f,2026-06-26 06:37:11,2026-06-26 06:36:59.469977,2026-06-26 06:36:59.469977,\N,\N,\N
131998,1106,1,11,\N,\N,\N,\N,2,2,\N,-14.00,0.00,\N,0.00,f,2026-06-26 06:37:11,2026-06-26 06:36:59.469977,2026-06-26 06:36:59.469977,\N,\N,\N
131999,1107,1,11,\N,\N,\N,\N,2,2,\N,-10.00,0.00,\N,0.00,f,2026-06-26 06:37:11,2026-06-26 06:36:59.469977,2026-06-26 06:36:59.469977,\N,\N,\N
132000,1108,1,11,\N,\N,\N,\N,2,2,\N,-4.00,0.00,\N,0.00,f,2026-06-26 06:37:11,2026-06-26 06:36:59.469977,2026-06-26 06:36:59.469977,\N,\N,\N
132001,1109,1,11,\N,\N,\N,\N,2,2,\N,-20.00,0.00,\N,0.00,f,2026-06-26 06:37:11,2026-06-26 06:36:59.469977,2026-06-26 06:36:59.469977,\N,\N,\N
132002,1110,1,11,\N,\N,\N,\N,2,2,\N,-21.00,0.00,\N,0.00,f,2026-06-26 06:37:11,2026-06-26 06:36:59.469977,2026-06-26 06:36:59.469977,\N,\N,\N
132003,1118,1,11,\N,\N,\N,\N,2,2,\N,-13.00,0.00,\N,0.00,f,2026-06-26 06:37:11,2026-06-26 06:36:59.469977,2026-06-26 06:36:59.469977,\N,\N,\N
132004,1079,1,11,\N,\N,\N,\N,2,2,\N,-261.00,0.00,\N,0.00,f,2026-06-26 06:37:11,2026-06-26 06:36:59.469977,2026-06-26 06:36:59.469977,\N,\N,\N
132005,1080,1,11,\N,\N,\N,\N,2,2,\N,-149.00,0.00,\N,0.00,f,2026-06-26 06:37:11,2026-06-26 06:36:59.469977,2026-06-26 06:36:59.469977,\N,\N,\N
132006,1081,1,11,\N,\N,\N,\N,2,2,\N,-276.00,0.00,\N,0.00,f,2026-06-26 06:37:11,2026-06-26 06:36:59.469977,2026-06-26 06:36:59.469977,\N,\N,\N
132007,1030,1,11,\N,\N,\N,\N,2,2,\N,-6.00,0.00,\N,0.00,f,2026-06-26 06:37:11,2026-06-26 06:36:59.469977,2026-06-26 06:36:59.469977,\N,\N,\N
132008,1031,1,11,\N,\N,\N,\N,2,2,\N,-42.00,0.00,\N,0.00,f,2026-06-26 06:37:11,2026-06-26 06:36:59.469977,2026-06-26 06:36:59.469977,\N,\N,\N
132009,1032,1,11,\N,\N,\N,\N,2,2,\N,-3.00,0.00,\N,0.00,f,2026-06-26 06:37:11,2026-06-26 06:36:59.469977,2026-06-26 06:36:59.469977,\N,\N,\N
132010,1033,1,11,\N,\N,\N,\N,2,2,\N,-76.00,0.00,\N,0.00,f,2026-06-26 06:37:11,2026-06-26 06:36:59.469977,2026-06-26 06:36:59.469977,\N,\N,\N
132011,1059,1,11,\N,\N,\N,\N,2,2,\N,-1.00,0.00,\N,0.00,f,2026-06-26 06:37:11,2026-06-26 06:36:59.469977,2026-06-26 06:36:59.469977,\N,\N,\N
132012,1060,1,11,\N,\N,\N,\N,2,2,\N,-2.00,0.00,\N,0.00,f,2026-06-26 06:37:11,2026-06-26 06:36:59.469977,2026-06-26 06:36:59.469977,\N,\N,\N
132013,1061,1,11,\N,\N,\N,\N,2,2,\N,-3.00,0.00,\N,0.00,f,2026-06-26 06:37:11,2026-06-26 06:36:59.469977,2026-06-26 06:36:59.469977,\N,\N,\N
132014,1074,1,11,\N,\N,\N,\N,2,2,\N,-7.00,0.00,\N,0.00,f,2026-06-26 06:37:11,2026-06-26 06:36:59.469977,2026-06-26 06:36:59.469977,\N,\N,\N
132015,1035,1,11,\N,\N,\N,\N,2,2,\N,-13.00,0.00,\N,0.00,f,2026-06-26 06:37:11,2026-06-26 06:36:59.469977,2026-06-26 06:36:59.469977,\N,\N,\N
132016,1036,1,11,\N,\N,\N,\N,2,2,\N,-3.00,0.00,\N,0.00,f,2026-06-26 06:37:11,2026-06-26 06:36:59.469977,2026-06-26 06:36:59.469977,\N,\N,\N
132017,1037,1,11,\N,\N,\N,\N,2,2,\N,-1.00,0.00,\N,0.00,f,2026-06-26 06:37:11,2026-06-26 06:36:59.469977,2026-06-26 06:36:59.469977,\N,\N,\N
132018,1038,1,11,\N,\N,\N,\N,2,2,\N,-2.00,0.00,\N,0.00,f,2026-06-26 06:37:11,2026-06-26 06:36:59.469977,2026-06-26 06:36:59.469977,\N,\N,\N
132019,1064,1,11,\N,\N,\N,\N,2,2,\N,-4.00,0.00,\N,0.00,f,2026-06-26 06:37:11,2026-06-26 06:36:59.469977,2026-06-26 06:36:59.469977,\N,\N,\N
132020,1075,1,11,\N,\N,\N,\N,2,2,\N,-22.00,0.00,\N,0.00,f,2026-06-26 06:37:11,2026-06-26 06:36:59.469977,2026-06-26 06:36:59.469977,\N,\N,\N
132021,1020,1,11,\N,\N,\N,\N,2,2,\N,-10.00,0.00,\N,0.00,f,2026-06-26 06:37:11,2026-06-26 06:36:59.469977,2026-06-26 06:36:59.469977,\N,\N,\N
132022,1103,1,11,\N,\N,\N,\N,2,2,\N,-11.00,0.00,\N,0.00,f,2026-06-26 06:37:11,2026-06-26 06:36:59.469977,2026-06-26 06:36:59.469977,\N,\N,\N
132023,861,1,11,\N,\N,\N,\N,2,2,\N,-6.00,0.00,\N,0.00,f,2026-06-26 06:37:11,2026-06-26 06:36:59.469977,2026-06-26 06:36:59.469977,\N,\N,\N
132024,862,1,11,\N,\N,\N,\N,2,2,\N,-6.00,0.00,\N,0.00,f,2026-06-26 06:37:11,2026-06-26 06:36:59.469977,2026-06-26 06:36:59.469977,\N,\N,\N
132025,863,1,11,\N,\N,\N,\N,2,2,\N,-3.00,0.00,\N,0.00,f,2026-06-26 06:37:11,2026-06-26 06:36:59.469977,2026-06-26 06:36:59.469977,\N,\N,\N
132026,865,1,11,\N,\N,\N,\N,2,2,\N,-3.00,0.00,\N,0.00,f,2026-06-26 06:37:11,2026-06-26 06:36:59.469977,2026-06-26 06:36:59.469977,\N,\N,\N
132027,864,1,11,\N,\N,\N,\N,2,2,\N,-6.00,0.00,\N,0.00,f,2026-06-26 06:37:11,2026-06-26 06:36:59.469977,2026-06-26 06:36:59.469977,\N,\N,\N
132028,890,1,11,\N,\N,\N,\N,2,2,\N,-1.00,0.00,\N,0.00,f,2026-06-26 06:37:11,2026-06-26 06:36:59.469977,2026-06-26 06:36:59.469977,\N,\N,\N
132029,891,1,11,\N,\N,\N,\N,2,2,\N,-1.00,0.00,\N,0.00,f,2026-06-26 06:37:11,2026-06-26 06:36:59.469977,2026-06-26 06:36:59.469977,\N,\N,\N
132030,892,1,11,\N,\N,\N,\N,2,2,\N,-2.00,0.00,\N,0.00,f,2026-06-26 06:37:11,2026-06-26 06:36:59.469977,2026-06-26 06:36:59.469977,\N,\N,\N
132031,893,1,11,\N,\N,\N,\N,2,2,\N,-2.00,0.00,\N,0.00,f,2026-06-26 06:37:11,2026-06-26 06:36:59.469977,2026-06-26 06:36:59.469977,\N,\N,\N
132032,316,1,11,\N,\N,\N,\N,2,2,\N,-47.00,0.00,\N,0.00,f,2026-06-26 06:37:11,2026-06-26 06:36:59.469977,2026-06-26 06:36:59.469977,\N,\N,\N
132033,317,1,11,\N,\N,\N,\N,2,2,\N,-219.00,0.00,\N,0.00,f,2026-06-26 06:37:11,2026-06-26 06:36:59.469977,2026-06-26 06:36:59.469977,\N,\N,\N
132034,318,1,11,\N,\N,\N,\N,2,2,\N,-164.00,0.00,\N,0.00,f,2026-06-26 06:37:11,2026-06-26 06:36:59.469977,2026-06-26 06:36:59.469977,\N,\N,\N
132035,319,1,11,\N,\N,\N,\N,2,2,\N,-161.00,0.00,\N,0.00,f,2026-06-26 06:37:11,2026-06-26 06:36:59.469977,2026-06-26 06:36:59.469977,\N,\N,\N
132036,320,1,11,\N,\N,\N,\N,2,2,\N,-72.00,0.00,\N,0.00,f,2026-06-26 06:37:11,2026-06-26 06:36:59.469977,2026-06-26 06:36:59.469977,\N,\N,\N
132037,321,1,11,\N,\N,\N,\N,2,2,\N,-4.00,0.00,\N,0.00,f,2026-06-26 06:37:11,2026-06-26 06:36:59.469977,2026-06-26 06:36:59.469977,\N,\N,\N
132038,322,1,11,\N,\N,\N,\N,2,2,\N,-17.00,0.00,\N,0.00,f,2026-06-26 06:37:11,2026-06-26 06:36:59.469977,2026-06-26 06:36:59.469977,\N,\N,\N
132039,323,1,11,\N,\N,\N,\N,2,2,\N,-6.00,0.00,\N,0.00,f,2026-06-26 06:37:11,2026-06-26 06:36:59.469977,2026-06-26 06:36:59.469977,\N,\N,\N
132040,324,1,11,\N,\N,\N,\N,2,2,\N,-6.00,0.00,\N,0.00,f,2026-06-26 06:37:11,2026-06-26 06:36:59.469977,2026-06-26 06:36:59.469977,\N,\N,\N
132041,307,1,11,\N,\N,\N,\N,2,2,\N,-80.00,0.00,\N,0.00,f,2026-06-26 06:37:11,2026-06-26 06:36:59.469977,2026-06-26 06:36:59.469977,\N,\N,\N
132042,308,1,11,\N,\N,\N,\N,2,2,\N,-92.00,0.00,\N,0.00,f,2026-06-26 06:37:11,2026-06-26 06:36:59.469977,2026-06-26 06:36:59.469977,\N,\N,\N
132043,309,1,11,\N,\N,\N,\N,2,2,\N,-49.00,0.00,\N,0.00,f,2026-06-26 06:37:11,2026-06-26 06:36:59.469977,2026-06-26 06:36:59.469977,\N,\N,\N
132044,310,1,11,\N,\N,\N,\N,2,2,\N,-41.00,0.00,\N,0.00,f,2026-06-26 06:37:11,2026-06-26 06:36:59.469977,2026-06-26 06:36:59.469977,\N,\N,\N
132045,311,1,11,\N,\N,\N,\N,2,2,\N,-63.00,0.00,\N,0.00,f,2026-06-26 06:37:11,2026-06-26 06:36:59.469977,2026-06-26 06:36:59.469977,\N,\N,\N
132046,312,1,11,\N,\N,\N,\N,2,2,\N,-47.00,0.00,\N,0.00,f,2026-06-26 06:37:11,2026-06-26 06:36:59.469977,2026-06-26 06:36:59.469977,\N,\N,\N
132047,313,1,11,\N,\N,\N,\N,2,2,\N,-56.00,0.00,\N,0.00,f,2026-06-26 06:37:11,2026-06-26 06:36:59.469977,2026-06-26 06:36:59.469977,\N,\N,\N
132048,314,1,11,\N,\N,\N,\N,2,2,\N,-10.00,0.00,\N,0.00,f,2026-06-26 06:37:11,2026-06-26 06:36:59.469977,2026-06-26 06:36:59.469977,\N,\N,\N
132049,315,1,11,\N,\N,\N,\N,2,2,\N,-48.00,0.00,\N,0.00,f,2026-06-26 06:37:11,2026-06-26 06:36:59.469977,2026-06-26 06:36:59.469977,\N,\N,\N
132050,1999,1,11,\N,\N,\N,\N,2,2,\N,-7.00,0.00,\N,0.00,f,2026-06-26 06:37:11,2026-06-26 06:36:59.469977,2026-06-26 06:36:59.469977,\N,\N,\N
132051,2000,1,11,\N,\N,\N,\N,2,2,\N,-3.00,0.00,\N,0.00,f,2026-06-26 06:37:11,2026-06-26 06:36:59.469977,2026-06-26 06:36:59.469977,\N,\N,\N
132052,2002,1,11,\N,\N,\N,\N,2,2,\N,-2.00,0.00,\N,0.00,f,2026-06-26 06:37:11,2026-06-26 06:36:59.469977,2026-06-26 06:36:59.469977,\N,\N,\N
132053,2005,1,11,\N,\N,\N,\N,2,2,\N,-1.00,0.00,\N,0.00,f,2026-06-26 06:37:11,2026-06-26 06:36:59.469977,2026-06-26 06:36:59.469977,\N,\N,\N
132054,2007,1,11,\N,\N,\N,\N,2,2,\N,-1.00,0.00,\N,0.00,f,2026-06-26 06:37:11,2026-06-26 06:36:59.469977,2026-06-26 06:36:59.469977,\N,\N,\N
132055,1945,1,11,\N,\N,\N,\N,2,2,\N,-3.00,0.00,\N,0.00,f,2026-06-26 06:37:11,2026-06-26 06:36:59.469977,2026-06-26 06:36:59.469977,\N,\N,\N
132056,1947,1,11,\N,\N,\N,\N,2,2,\N,-4.00,0.00,\N,0.00,f,2026-06-26 06:37:11,2026-06-26 06:36:59.469977,2026-06-26 06:36:59.469977,\N,\N,\N
132057,1948,1,11,\N,\N,\N,\N,2,2,\N,-1.00,0.00,\N,0.00,f,2026-06-26 06:37:11,2026-06-26 06:36:59.469977,2026-06-26 06:36:59.469977,\N,\N,\N
132058,1978,1,11,\N,\N,\N,\N,2,2,\N,-1.00,0.00,\N,0.00,f,2026-06-26 06:37:11,2026-06-26 06:36:59.469977,2026-06-26 06:36:59.469977,\N,\N,\N
132059,2071,1,11,\N,\N,\N,\N,2,2,\N,-2.00,0.00,\N,0.00,f,2026-06-26 06:37:11,2026-06-26 06:36:59.469977,2026-06-26 06:36:59.469977,\N,\N,\N
132060,2080,1,11,\N,\N,\N,\N,2,2,\N,-44.00,0.00,\N,0.00,f,2026-06-26 06:37:11,2026-06-26 06:36:59.469977,2026-06-26 06:36:59.469977,\N,\N,\N
132061,2081,1,11,\N,\N,\N,\N,2,2,\N,-107.00,0.00,\N,0.00,f,2026-06-26 06:37:11,2026-06-26 06:36:59.469977,2026-06-26 06:36:59.469977,\N,\N,\N
132062,2082,1,11,\N,\N,\N,\N,2,2,\N,-105.00,0.00,\N,0.00,f,2026-06-26 06:37:11,2026-06-26 06:36:59.469977,2026-06-26 06:36:59.469977,\N,\N,\N
132063,2083,1,11,\N,\N,\N,\N,2,2,\N,-93.00,0.00,\N,0.00,f,2026-06-26 06:37:11,2026-06-26 06:36:59.469977,2026-06-26 06:36:59.469977,\N,\N,\N
132064,2084,1,11,\N,\N,\N,\N,2,2,\N,-90.00,0.00,\N,0.00,f,2026-06-26 06:37:11,2026-06-26 06:36:59.469977,2026-06-26 06:36:59.469977,\N,\N,\N
132065,2085,1,11,\N,\N,\N,\N,2,2,\N,-2.00,0.00,\N,0.00,f,2026-06-26 06:37:11,2026-06-26 06:36:59.469977,2026-06-26 06:36:59.469977,\N,\N,\N
132066,2086,1,11,\N,\N,\N,\N,2,2,\N,-1.00,0.00,\N,0.00,f,2026-06-26 06:37:11,2026-06-26 06:36:59.469977,2026-06-26 06:36:59.469977,\N,\N,\N
132067,2087,1,11,\N,\N,\N,\N,2,2,\N,-20.00,0.00,\N,0.00,f,2026-06-26 06:37:11,2026-06-26 06:36:59.469977,2026-06-26 06:36:59.469977,\N,\N,\N
132068,2088,1,11,\N,\N,\N,\N,2,2,\N,-2.00,0.00,\N,0.00,f,2026-06-26 06:37:11,2026-06-26 06:36:59.469977,2026-06-26 06:36:59.469977,\N,\N,\N
132069,1248,1,11,\N,\N,\N,\N,2,2,\N,-3.00,0.00,\N,0.00,f,2026-06-26 06:37:11,2026-06-26 06:36:59.469977,2026-06-26 06:36:59.469977,\N,\N,\N
132070,1249,1,11,\N,\N,\N,\N,2,2,\N,-2.00,0.00,\N,0.00,f,2026-06-26 06:37:11,2026-06-26 06:36:59.469977,2026-06-26 06:36:59.469977,\N,\N,\N
132071,1251,1,11,\N,\N,\N,\N,2,2,\N,-1.00,0.00,\N,0.00,f,2026-06-26 06:37:11,2026-06-26 06:36:59.469977,2026-06-26 06:36:59.469977,\N,\N,\N
132072,1252,1,11,\N,\N,\N,\N,2,2,\N,-1.00,0.00,\N,0.00,f,2026-06-26 06:37:11,2026-06-26 06:36:59.469977,2026-06-26 06:36:59.469977,\N,\N,\N
132073,1040,1,11,\N,\N,\N,\N,2,2,\N,-7.00,0.00,\N,0.00,f,2026-06-26 06:37:11,2026-06-26 06:36:59.469977,2026-06-26 06:36:59.469977,\N,\N,\N
132074,1043,1,11,\N,\N,\N,\N,2,2,\N,-1.00,0.00,\N,0.00,f,2026-06-26 06:37:11,2026-06-26 06:36:59.469977,2026-06-26 06:36:59.469977,\N,\N,\N
132075,1067,1,11,\N,\N,\N,\N,2,2,\N,-1.00,0.00,\N,0.00,f,2026-06-26 06:37:11,2026-06-26 06:36:59.469977,2026-06-26 06:36:59.469977,\N,\N,\N
132076,1076,1,11,\N,\N,\N,\N,2,2,\N,-6.00,0.00,\N,0.00,f,2026-06-26 06:37:11,2026-06-26 06:36:59.469977,2026-06-26 06:36:59.469977,\N,\N,\N
132077,1045,1,11,\N,\N,\N,\N,2,2,\N,-18.00,0.00,\N,0.00,f,2026-06-26 06:37:11,2026-06-26 06:36:59.469977,2026-06-26 06:36:59.469977,\N,\N,\N
132078,1046,1,11,\N,\N,\N,\N,2,2,\N,-9.00,0.00,\N,0.00,f,2026-06-26 06:37:11,2026-06-26 06:36:59.469977,2026-06-26 06:36:59.469977,\N,\N,\N
132079,1047,1,11,\N,\N,\N,\N,2,2,\N,-1.00,0.00,\N,0.00,f,2026-06-26 06:37:11,2026-06-26 06:36:59.469977,2026-06-26 06:36:59.469977,\N,\N,\N
132080,1048,1,11,\N,\N,\N,\N,2,2,\N,-15.00,0.00,\N,0.00,f,2026-06-26 06:37:11,2026-06-26 06:36:59.469977,2026-06-26 06:36:59.469977,\N,\N,\N
132081,1069,1,11,\N,\N,\N,\N,2,2,\N,-1.00,0.00,\N,0.00,f,2026-06-26 06:37:11,2026-06-26 06:36:59.469977,2026-06-26 06:36:59.469977,\N,\N,\N
132082,1070,1,11,\N,\N,\N,\N,2,2,\N,-2.00,0.00,\N,0.00,f,2026-06-26 06:37:11,2026-06-26 06:36:59.469977,2026-06-26 06:36:59.469977,\N,\N,\N
132083,1077,1,11,\N,\N,\N,\N,2,2,\N,-5.00,0.00,\N,0.00,f,2026-06-26 06:37:11,2026-06-26 06:36:59.469977,2026-06-26 06:36:59.469977,\N,\N,\N
132084,2203,1,11,\N,\N,\N,\N,2,2,\N,-27.00,0.00,\N,0.00,f,2026-06-26 06:37:12,2026-06-26 06:36:59.469977,2026-06-26 06:36:59.469977,\N,\N,\N
132085,2204,1,11,\N,\N,\N,\N,2,2,\N,-11.00,0.00,\N,0.00,f,2026-06-26 06:37:12,2026-06-26 06:36:59.469977,2026-06-26 06:36:59.469977,\N,\N,\N
132086,2205,1,11,\N,\N,\N,\N,2,2,\N,-1.00,0.00,\N,0.00,f,2026-06-26 06:37:12,2026-06-26 06:36:59.469977,2026-06-26 06:36:59.469977,\N,\N,\N
132087,2206,1,11,\N,\N,\N,\N,2,2,\N,-3.00,0.00,\N,0.00,f,2026-06-26 06:37:12,2026-06-26 06:36:59.469977,2026-06-26 06:36:59.469977,\N,\N,\N
132088,2207,1,11,\N,\N,\N,\N,2,2,\N,-2.00,0.00,\N,0.00,f,2026-06-26 06:37:12,2026-06-26 06:36:59.469977,2026-06-26 06:36:59.469977,\N,\N,\N
132089,2209,1,11,\N,\N,\N,\N,2,2,\N,-1.00,0.00,\N,0.00,f,2026-06-26 06:37:12,2026-06-26 06:36:59.469977,2026-06-26 06:36:59.469977,\N,\N,\N
132090,2210,1,11,\N,\N,\N,\N,2,2,\N,-3.00,0.00,\N,0.00,f,2026-06-26 06:37:12,2026-06-26 06:36:59.469977,2026-06-26 06:36:59.469977,\N,\N,\N
132091,2211,1,11,\N,\N,\N,\N,2,2,\N,-6.00,0.00,\N,0.00,f,2026-06-26 06:37:12,2026-06-26 06:36:59.469977,2026-06-26 06:36:59.469977,\N,\N,\N
132092,2212,1,11,\N,\N,\N,\N,2,2,\N,-22.00,0.00,\N,0.00,f,2026-06-26 06:37:12,2026-06-26 06:36:59.469977,2026-06-26 06:36:59.469977,\N,\N,\N
132093,2213,1,11,\N,\N,\N,\N,2,2,\N,-7.00,0.00,\N,0.00,f,2026-06-26 06:37:12,2026-06-26 06:36:59.469977,2026-06-26 06:36:59.469977,\N,\N,\N
132094,2215,1,11,\N,\N,\N,\N,2,2,\N,-3.00,0.00,\N,0.00,f,2026-06-26 06:37:12,2026-06-26 06:36:59.469977,2026-06-26 06:36:59.469977,\N,\N,\N
132095,2216,1,11,\N,\N,\N,\N,2,2,\N,-6.00,0.00,\N,0.00,f,2026-06-26 06:37:12,2026-06-26 06:36:59.469977,2026-06-26 06:36:59.469977,\N,\N,\N
132096,2217,1,11,\N,\N,\N,\N,2,2,\N,-7.00,0.00,\N,0.00,f,2026-06-26 06:37:12,2026-06-26 06:36:59.469977,2026-06-26 06:36:59.469977,\N,\N,\N
132097,2218,1,11,\N,\N,\N,\N,2,2,\N,-31.00,0.00,\N,0.00,f,2026-06-26 06:37:12,2026-06-26 06:36:59.469977,2026-06-26 06:36:59.469977,\N,\N,\N
132098,2219,1,11,\N,\N,\N,\N,2,2,\N,-10.00,0.00,\N,0.00,f,2026-06-26 06:37:12,2026-06-26 06:36:59.469977,2026-06-26 06:36:59.469977,\N,\N,\N
132099,2220,1,11,\N,\N,\N,\N,2,2,\N,-67.00,0.00,\N,0.00,f,2026-06-26 06:37:12,2026-06-26 06:36:59.469977,2026-06-26 06:36:59.469977,\N,\N,\N
132100,352,1,11,\N,\N,\N,\N,2,2,\N,-11.00,0.00,\N,0.00,f,2026-06-26 06:37:12,2026-06-26 06:36:59.469977,2026-06-26 06:36:59.469977,\N,\N,\N
132101,353,1,11,\N,\N,\N,\N,2,2,\N,-16.00,0.00,\N,0.00,f,2026-06-26 06:37:12,2026-06-26 06:36:59.469977,2026-06-26 06:36:59.469977,\N,\N,\N
132102,354,1,11,\N,\N,\N,\N,2,2,\N,-7.00,0.00,\N,0.00,f,2026-06-26 06:37:12,2026-06-26 06:36:59.469977,2026-06-26 06:36:59.469977,\N,\N,\N
132103,355,1,11,\N,\N,\N,\N,2,2,\N,-8.00,0.00,\N,0.00,f,2026-06-26 06:37:12,2026-06-26 06:36:59.469977,2026-06-26 06:36:59.469977,\N,\N,\N
132104,356,1,11,\N,\N,\N,\N,2,2,\N,-4.00,0.00,\N,0.00,f,2026-06-26 06:37:12,2026-06-26 06:36:59.469977,2026-06-26 06:36:59.469977,\N,\N,\N
132105,357,1,11,\N,\N,\N,\N,2,2,\N,-12.00,0.00,\N,0.00,f,2026-06-26 06:37:12,2026-06-26 06:36:59.469977,2026-06-26 06:36:59.469977,\N,\N,\N
132106,358,1,11,\N,\N,\N,\N,2,2,\N,-15.00,0.00,\N,0.00,f,2026-06-26 06:37:12,2026-06-26 06:36:59.469977,2026-06-26 06:36:59.469977,\N,\N,\N
132107,359,1,11,\N,\N,\N,\N,2,2,\N,-13.00,0.00,\N,0.00,f,2026-06-26 06:37:12,2026-06-26 06:36:59.469977,2026-06-26 06:36:59.469977,\N,\N,\N
132108,360,1,11,\N,\N,\N,\N,2,2,\N,-4.00,0.00,\N,0.00,f,2026-06-26 06:37:12,2026-06-26 06:36:59.469977,2026-06-26 06:36:59.469977,\N,\N,\N
132109,2221,1,11,\N,\N,\N,\N,2,2,\N,-9.00,0.00,\N,0.00,f,2026-06-26 06:37:12,2026-06-26 06:36:59.469977,2026-06-26 06:36:59.469977,\N,\N,\N
132110,2222,1,11,\N,\N,\N,\N,2,2,\N,-12.00,0.00,\N,0.00,f,2026-06-26 06:37:12,2026-06-26 06:36:59.469977,2026-06-26 06:36:59.469977,\N,\N,\N
132111,2223,1,11,\N,\N,\N,\N,2,2,\N,-5.00,0.00,\N,0.00,f,2026-06-26 06:37:12,2026-06-26 06:36:59.469977,2026-06-26 06:36:59.469977,\N,\N,\N
132112,2224,1,11,\N,\N,\N,\N,2,2,\N,-41.00,0.00,\N,0.00,f,2026-06-26 06:37:12,2026-06-26 06:36:59.469977,2026-06-26 06:36:59.469977,\N,\N,\N
132113,2225,1,11,\N,\N,\N,\N,2,2,\N,-22.00,0.00,\N,0.00,f,2026-06-26 06:37:12,2026-06-26 06:36:59.469977,2026-06-26 06:36:59.469977,\N,\N,\N
132114,2226,1,11,\N,\N,\N,\N,2,2,\N,-13.00,0.00,\N,0.00,f,2026-06-26 06:37:12,2026-06-26 06:36:59.469977,2026-06-26 06:36:59.469977,\N,\N,\N
132115,2227,1,11,\N,\N,\N,\N,2,2,\N,-17.00,0.00,\N,0.00,f,2026-06-26 06:37:12,2026-06-26 06:36:59.469977,2026-06-26 06:36:59.469977,\N,\N,\N
132116,2228,1,11,\N,\N,\N,\N,2,2,\N,-22.00,0.00,\N,0.00,f,2026-06-26 06:37:12,2026-06-26 06:36:59.469977,2026-06-26 06:36:59.469977,\N,\N,\N
132117,919,1,11,\N,\N,\N,\N,2,2,\N,-4.00,0.00,\N,0.00,f,2026-06-26 06:37:12,2026-06-26 06:36:59.469977,2026-06-26 06:36:59.469977,\N,\N,\N
132118,920,1,11,\N,\N,\N,\N,2,2,\N,-2.00,0.00,\N,0.00,f,2026-06-26 06:37:12,2026-06-26 06:36:59.469977,2026-06-26 06:36:59.469977,\N,\N,\N
132119,922,1,11,\N,\N,\N,\N,2,2,\N,-2.00,0.00,\N,0.00,f,2026-06-26 06:37:12,2026-06-26 06:36:59.469977,2026-06-26 06:36:59.469977,\N,\N,\N
132120,923,1,11,\N,\N,\N,\N,2,2,\N,-1.00,0.00,\N,0.00,f,2026-06-26 06:37:12,2026-06-26 06:36:59.469977,2026-06-26 06:36:59.469977,\N,\N,\N
132121,924,1,11,\N,\N,\N,\N,2,2,\N,-1.00,0.00,\N,0.00,f,2026-06-26 06:37:12,2026-06-26 06:36:59.469977,2026-06-26 06:36:59.469977,\N,\N,\N
132122,925,1,11,\N,\N,\N,\N,2,2,\N,-2.00,0.00,\N,0.00,f,2026-06-26 06:37:12,2026-06-26 06:36:59.469977,2026-06-26 06:36:59.469977,\N,\N,\N
132123,926,1,11,\N,\N,\N,\N,2,2,\N,-5.00,0.00,\N,0.00,f,2026-06-26 06:37:12,2026-06-26 06:36:59.469977,2026-06-26 06:36:59.469977,\N,\N,\N
132124,2035,1,11,\N,\N,\N,\N,2,2,\N,-42.00,0.00,\N,0.00,f,2026-06-26 06:37:12,2026-06-26 06:36:59.469977,2026-06-26 06:36:59.469977,\N,\N,\N
132125,2036,1,11,\N,\N,\N,\N,2,2,\N,-9.00,0.00,\N,0.00,f,2026-06-26 06:37:12,2026-06-26 06:36:59.469977,2026-06-26 06:36:59.469977,\N,\N,\N
132126,478,1,11,\N,\N,\N,\N,2,2,\N,-43.00,0.00,\N,0.00,f,2026-06-26 06:37:12,2026-06-26 06:36:59.469977,2026-06-26 06:36:59.469977,\N,\N,\N
132127,479,1,11,\N,\N,\N,\N,2,2,\N,-74.00,0.00,\N,0.00,f,2026-06-26 06:37:12,2026-06-26 06:36:59.469977,2026-06-26 06:36:59.469977,\N,\N,\N
132128,480,1,11,\N,\N,\N,\N,2,2,\N,-62.00,0.00,\N,0.00,f,2026-06-26 06:37:12,2026-06-26 06:36:59.469977,2026-06-26 06:36:59.469977,\N,\N,\N
132129,481,1,11,\N,\N,\N,\N,2,2,\N,-80.00,0.00,\N,0.00,f,2026-06-26 06:37:12,2026-06-26 06:36:59.469977,2026-06-26 06:36:59.469977,\N,\N,\N
132130,482,1,11,\N,\N,\N,\N,2,2,\N,-109.00,0.00,\N,0.00,f,2026-06-26 06:37:12,2026-06-26 06:36:59.469977,2026-06-26 06:36:59.469977,\N,\N,\N
132131,483,1,11,\N,\N,\N,\N,2,2,\N,-120.00,0.00,\N,0.00,f,2026-06-26 06:37:12,2026-06-26 06:36:59.469977,2026-06-26 06:36:59.469977,\N,\N,\N
132132,484,1,11,\N,\N,\N,\N,2,2,\N,-97.00,0.00,\N,0.00,f,2026-06-26 06:37:12,2026-06-26 06:36:59.469977,2026-06-26 06:36:59.469977,\N,\N,\N
132133,1970,1,11,\N,\N,\N,\N,2,2,\N,-3.00,0.00,\N,0.00,f,2026-06-26 06:37:12,2026-06-26 06:36:59.469977,2026-06-26 06:36:59.469977,\N,\N,\N
132134,1971,1,11,\N,\N,\N,\N,2,2,\N,-2.00,0.00,\N,0.00,f,2026-06-26 06:37:12,2026-06-26 06:36:59.469977,2026-06-26 06:36:59.469977,\N,\N,\N
132135,1997,1,11,\N,\N,\N,\N,2,2,\N,-2.00,0.00,\N,0.00,f,2026-06-26 06:37:12,2026-06-26 06:36:59.469977,2026-06-26 06:36:59.469977,\N,\N,\N
132136,1950,1,11,\N,\N,\N,\N,2,2,\N,-2.00,0.00,\N,0.00,f,2026-06-26 06:37:12,2026-06-26 06:36:59.469977,2026-06-26 06:36:59.469977,\N,\N,\N
132137,1951,1,11,\N,\N,\N,\N,2,2,\N,-8.00,0.00,\N,0.00,f,2026-06-26 06:37:12,2026-06-26 06:36:59.469977,2026-06-26 06:36:59.469977,\N,\N,\N
132138,1953,1,11,\N,\N,\N,\N,2,2,\N,-2.00,0.00,\N,0.00,f,2026-06-26 06:37:12,2026-06-26 06:36:59.469977,2026-06-26 06:36:59.469977,\N,\N,\N
132139,2008,1,11,\N,\N,\N,\N,2,2,\N,-23.00,0.00,\N,0.00,f,2026-06-26 06:37:12,2026-06-26 06:36:59.469977,2026-06-26 06:36:59.469977,\N,\N,\N
132140,2009,1,11,\N,\N,\N,\N,2,2,\N,-16.00,0.00,\N,0.00,f,2026-06-26 06:37:12,2026-06-26 06:36:59.469977,2026-06-26 06:36:59.469977,\N,\N,\N
132141,2011,1,11,\N,\N,\N,\N,2,2,\N,-1.00,0.00,\N,0.00,f,2026-06-26 06:37:12,2026-06-26 06:36:59.469977,2026-06-26 06:36:59.469977,\N,\N,\N
132142,2015,1,11,\N,\N,\N,\N,2,2,\N,-1.00,0.00,\N,0.00,f,2026-06-26 06:37:12,2026-06-26 06:36:59.469977,2026-06-26 06:36:59.469977,\N,\N,\N
132143,2044,1,11,\N,\N,\N,\N,2,2,\N,-11.00,0.00,\N,0.00,f,2026-06-26 06:37:12,2026-06-26 06:36:59.469977,2026-06-26 06:36:59.469977,\N,\N,\N
132144,2045,1,11,\N,\N,\N,\N,2,2,\N,-2.00,0.00,\N,0.00,f,2026-06-26 06:37:12,2026-06-26 06:36:59.469977,2026-06-26 06:36:59.469977,\N,\N,\N
132145,2051,1,11,\N,\N,\N,\N,2,2,\N,-1.00,0.00,\N,0.00,f,2026-06-26 06:37:12,2026-06-26 06:36:59.469977,2026-06-26 06:36:59.469977,\N,\N,\N
132146,2098,1,11,\N,\N,\N,\N,2,2,\N,-1.00,0.00,\N,0.00,f,2026-06-26 06:37:12,2026-06-26 06:36:59.469977,2026-06-26 06:36:59.469977,\N,\N,\N
132147,2065,1,11,\N,\N,\N,\N,2,2,\N,-3.00,0.00,\N,0.00,f,2026-06-26 06:37:12,2026-06-26 06:36:59.469977,2026-06-26 06:36:59.469977,\N,\N,\N
132148,721,1,11,\N,\N,\N,\N,2,2,\N,-1.00,0.00,\N,0.00,f,2026-06-26 06:37:12,2026-06-26 06:36:59.469977,2026-06-26 06:36:59.469977,\N,\N,\N
132149,2054,1,11,\N,\N,\N,\N,2,2,\N,-1.00,0.00,\N,0.00,f,2026-06-26 06:37:12,2026-06-26 06:36:59.469977,2026-06-26 06:36:59.469977,\N,\N,\N
132150,2055,1,11,\N,\N,\N,\N,2,2,\N,-5.00,0.00,\N,0.00,f,2026-06-26 06:37:12,2026-06-26 06:36:59.469977,2026-06-26 06:36:59.469977,\N,\N,\N
132151,2056,1,11,\N,\N,\N,\N,2,2,\N,-3.00,0.00,\N,0.00,f,2026-06-26 06:37:12,2026-06-26 06:36:59.469977,2026-06-26 06:36:59.469977,\N,\N,\N
132152,2057,1,11,\N,\N,\N,\N,2,2,\N,-3.00,0.00,\N,0.00,f,2026-06-26 06:37:12,2026-06-26 06:36:59.469977,2026-06-26 06:36:59.469977,\N,\N,\N
132153,2058,1,11,\N,\N,\N,\N,2,2,\N,-1.00,0.00,\N,0.00,f,2026-06-26 06:37:12,2026-06-26 06:36:59.469977,2026-06-26 06:36:59.469977,\N,\N,\N
132154,2248,1,11,\N,\N,\N,\N,2,2,\N,-16.00,0.00,\N,0.00,f,2026-06-26 06:37:12,2026-06-26 06:36:59.469977,2026-06-26 06:36:59.469977,\N,\N,\N
132155,2249,1,11,\N,\N,\N,\N,2,2,\N,-43.00,0.00,\N,0.00,f,2026-06-26 06:37:12,2026-06-26 06:36:59.469977,2026-06-26 06:36:59.469977,\N,\N,\N
132156,2250,1,11,\N,\N,\N,\N,2,2,\N,-1.00,0.00,\N,0.00,f,2026-06-26 06:37:12,2026-06-26 06:36:59.469977,2026-06-26 06:36:59.469977,\N,\N,\N
132157,2256,1,11,\N,\N,\N,\N,2,2,\N,-1.00,0.00,\N,0.00,f,2026-06-26 06:37:12,2026-06-26 06:36:59.469977,2026-06-26 06:36:59.469977,\N,\N,\N
132158,2257,1,11,\N,\N,\N,\N,2,2,\N,-14.00,0.00,\N,0.00,f,2026-06-26 06:37:12,2026-06-26 06:36:59.469977,2026-06-26 06:36:59.469977,\N,\N,\N
132159,2258,1,11,\N,\N,\N,\N,2,2,\N,-2.00,0.00,\N,0.00,f,2026-06-26 06:37:12,2026-06-26 06:36:59.469977,2026-06-26 06:36:59.469977,\N,\N,\N
132160,2260,1,11,\N,\N,\N,\N,2,2,\N,-8.00,0.00,\N,0.00,f,2026-06-26 06:37:12,2026-06-26 06:36:59.469977,2026-06-26 06:36:59.469977,\N,\N,\N
132161,2261,1,11,\N,\N,\N,\N,2,2,\N,-6.00,0.00,\N,0.00,f,2026-06-26 06:37:12,2026-06-26 06:36:59.469977,2026-06-26 06:36:59.469977,\N,\N,\N
132162,2263,1,11,\N,\N,\N,\N,2,2,\N,-21.00,0.00,\N,0.00,f,2026-06-26 06:37:12,2026-06-26 06:36:59.469977,2026-06-26 06:36:59.469977,\N,\N,\N
132163,2264,1,11,\N,\N,\N,\N,2,2,\N,-2.00,0.00,\N,0.00,f,2026-06-26 06:37:12,2026-06-26 06:36:59.469977,2026-06-26 06:36:59.469977,\N,\N,\N
132164,2265,1,11,\N,\N,\N,\N,2,2,\N,-24.00,0.00,\N,0.00,f,2026-06-26 06:37:12,2026-06-26 06:36:59.469977,2026-06-26 06:36:59.469977,\N,\N,\N
132165,2410,1,11,\N,\N,\N,\N,2,2,\N,-2.00,0.00,\N,0.00,f,2026-06-26 06:37:12,2026-06-26 06:36:59.469977,2026-06-26 06:36:59.469977,\N,\N,\N
132166,2411,1,11,\N,\N,\N,\N,2,2,\N,-26.00,0.00,\N,0.00,f,2026-06-26 06:37:12,2026-06-26 06:36:59.469977,2026-06-26 06:36:59.469977,\N,\N,\N
132167,2412,1,11,\N,\N,\N,\N,2,2,\N,-12.00,0.00,\N,0.00,f,2026-06-26 06:37:12,2026-06-26 06:36:59.469977,2026-06-26 06:36:59.469977,\N,\N,\N
132168,2413,1,11,\N,\N,\N,\N,2,2,\N,-10.00,0.00,\N,0.00,f,2026-06-26 06:37:12,2026-06-26 06:36:59.469977,2026-06-26 06:36:59.469977,\N,\N,\N
132169,2414,1,11,\N,\N,\N,\N,2,2,\N,-58.00,0.00,\N,0.00,f,2026-06-26 06:37:12,2026-06-26 06:36:59.469977,2026-06-26 06:36:59.469977,\N,\N,\N
132170,2415,1,11,\N,\N,\N,\N,2,2,\N,-48.00,0.00,\N,0.00,f,2026-06-26 06:37:12,2026-06-26 06:36:59.469977,2026-06-26 06:36:59.469977,\N,\N,\N
132171,2416,1,11,\N,\N,\N,\N,2,2,\N,-7.00,0.00,\N,0.00,f,2026-06-26 06:37:12,2026-06-26 06:36:59.469977,2026-06-26 06:36:59.469977,\N,\N,\N
132172,361,1,11,\N,\N,\N,\N,2,2,\N,-12.00,0.00,\N,0.00,f,2026-06-26 06:37:12,2026-06-26 06:36:59.469977,2026-06-26 06:36:59.469977,\N,\N,\N
132173,362,1,11,\N,\N,\N,\N,2,2,\N,-45.00,0.00,\N,0.00,f,2026-06-26 06:37:12,2026-06-26 06:36:59.469977,2026-06-26 06:36:59.469977,\N,\N,\N
132174,363,1,11,\N,\N,\N,\N,2,2,\N,-68.00,0.00,\N,0.00,f,2026-06-26 06:37:12,2026-06-26 06:36:59.469977,2026-06-26 06:36:59.469977,\N,\N,\N
132175,364,1,11,\N,\N,\N,\N,2,2,\N,-18.00,0.00,\N,0.00,f,2026-06-26 06:37:12,2026-06-26 06:36:59.469977,2026-06-26 06:36:59.469977,\N,\N,\N
132176,365,1,11,\N,\N,\N,\N,2,2,\N,-148.00,0.00,\N,0.00,f,2026-06-26 06:37:12,2026-06-26 06:36:59.469977,2026-06-26 06:36:59.469977,\N,\N,\N
132177,366,1,11,\N,\N,\N,\N,2,2,\N,-19.00,0.00,\N,0.00,f,2026-06-26 06:37:12,2026-06-26 06:36:59.469977,2026-06-26 06:36:59.469977,\N,\N,\N
132178,367,1,11,\N,\N,\N,\N,2,2,\N,-22.00,0.00,\N,0.00,f,2026-06-26 06:37:12,2026-06-26 06:36:59.469977,2026-06-26 06:36:59.469977,\N,\N,\N
132179,368,1,11,\N,\N,\N,\N,2,2,\N,-11.00,0.00,\N,0.00,f,2026-06-26 06:37:12,2026-06-26 06:36:59.469977,2026-06-26 06:36:59.469977,\N,\N,\N
132180,369,1,11,\N,\N,\N,\N,2,2,\N,-20.00,0.00,\N,0.00,f,2026-06-26 06:37:12,2026-06-26 06:36:59.469977,2026-06-26 06:36:59.469977,\N,\N,\N
132181,334,1,11,\N,\N,\N,\N,2,2,\N,-34.00,0.00,\N,0.00,f,2026-06-26 06:37:12,2026-06-26 06:36:59.469977,2026-06-26 06:36:59.469977,\N,\N,\N
132182,335,1,11,\N,\N,\N,\N,2,2,\N,-92.00,0.00,\N,0.00,f,2026-06-26 06:37:12,2026-06-26 06:36:59.469977,2026-06-26 06:36:59.469977,\N,\N,\N
132183,336,1,11,\N,\N,\N,\N,2,2,\N,-115.00,0.00,\N,0.00,f,2026-06-26 06:37:12,2026-06-26 06:36:59.469977,2026-06-26 06:36:59.469977,\N,\N,\N
132184,337,1,11,\N,\N,\N,\N,2,2,\N,-94.00,0.00,\N,0.00,f,2026-06-26 06:37:12,2026-06-26 06:36:59.469977,2026-06-26 06:36:59.469977,\N,\N,\N
132185,338,1,11,\N,\N,\N,\N,2,2,\N,-112.00,0.00,\N,0.00,f,2026-06-26 06:37:12,2026-06-26 06:36:59.469977,2026-06-26 06:36:59.469977,\N,\N,\N
132186,339,1,11,\N,\N,\N,\N,2,2,\N,-132.00,0.00,\N,0.00,f,2026-06-26 06:37:12,2026-06-26 06:36:59.469977,2026-06-26 06:36:59.469977,\N,\N,\N
132187,340,1,11,\N,\N,\N,\N,2,2,\N,-90.00,0.00,\N,0.00,f,2026-06-26 06:37:12,2026-06-26 06:36:59.469977,2026-06-26 06:36:59.469977,\N,\N,\N
132188,341,1,11,\N,\N,\N,\N,2,2,\N,-145.00,0.00,\N,0.00,f,2026-06-26 06:37:12,2026-06-26 06:36:59.469977,2026-06-26 06:36:59.469977,\N,\N,\N
132189,342,1,11,\N,\N,\N,\N,2,2,\N,-40.00,0.00,\N,0.00,f,2026-06-26 06:37:12,2026-06-26 06:36:59.469977,2026-06-26 06:36:59.469977,\N,\N,\N
132190,2117,1,11,\N,\N,\N,\N,2,2,\N,-1.00,0.00,\N,0.00,f,2026-06-26 06:37:12,2026-06-26 06:36:59.469977,2026-06-26 06:36:59.469977,\N,\N,\N
132191,2110,1,11,\N,\N,\N,\N,2,2,\N,-1.00,0.00,\N,0.00,f,2026-06-26 06:37:12,2026-06-26 06:36:59.469977,2026-06-26 06:36:59.469977,\N,\N,\N
132192,2116,1,11,\N,\N,\N,\N,2,2,\N,-2.00,0.00,\N,0.00,f,2026-06-26 06:37:12,2026-06-26 06:36:59.469977,2026-06-26 06:36:59.469977,\N,\N,\N
132193,2124,1,11,\N,\N,\N,\N,2,2,\N,-1.00,0.00,\N,0.00,f,2026-06-26 06:37:12,2026-06-26 06:36:59.469977,2026-06-26 06:36:59.469977,\N,\N,\N
132194,2138,1,11,\N,\N,\N,\N,2,2,\N,-2.00,0.00,\N,0.00,f,2026-06-26 06:37:12,2026-06-26 06:36:59.469977,2026-06-26 06:36:59.469977,\N,\N,\N
132195,2139,1,11,\N,\N,\N,\N,2,2,\N,-1.00,0.00,\N,0.00,f,2026-06-26 06:37:12,2026-06-26 06:36:59.469977,2026-06-26 06:36:59.469977,\N,\N,\N
132196,2140,1,11,\N,\N,\N,\N,2,2,\N,-2.00,0.00,\N,0.00,f,2026-06-26 06:37:12,2026-06-26 06:36:59.469977,2026-06-26 06:36:59.469977,\N,\N,\N
132197,2141,1,11,\N,\N,\N,\N,2,2,\N,-2.00,0.00,\N,0.00,f,2026-06-26 06:37:12,2026-06-26 06:36:59.469977,2026-06-26 06:36:59.469977,\N,\N,\N
132198,2142,1,11,\N,\N,\N,\N,2,2,\N,-7.00,0.00,\N,0.00,f,2026-06-26 06:37:12,2026-06-26 06:36:59.469977,2026-06-26 06:36:59.469977,\N,\N,\N
132199,2143,1,11,\N,\N,\N,\N,2,2,\N,-3.00,0.00,\N,0.00,f,2026-06-26 06:37:12,2026-06-26 06:36:59.469977,2026-06-26 06:36:59.469977,\N,\N,\N
132200,2128,1,11,\N,\N,\N,\N,2,2,\N,-1.00,0.00,\N,0.00,f,2026-06-26 06:37:12,2026-06-26 06:36:59.469977,2026-06-26 06:36:59.469977,\N,\N,\N
132201,2129,1,11,\N,\N,\N,\N,2,2,\N,-2.00,0.00,\N,0.00,f,2026-06-26 06:37:12,2026-06-26 06:36:59.469977,2026-06-26 06:36:59.469977,\N,\N,\N
132202,2132,1,11,\N,\N,\N,\N,2,2,\N,-1.00,0.00,\N,0.00,f,2026-06-26 06:37:12,2026-06-26 06:36:59.469977,2026-06-26 06:36:59.469977,\N,\N,\N
132203,2134,1,11,\N,\N,\N,\N,2,2,\N,-1.00,0.00,\N,0.00,f,2026-06-26 06:37:12,2026-06-26 06:36:59.469977,2026-06-26 06:36:59.469977,\N,\N,\N
132204,1111,1,11,\N,\N,\N,\N,2,2,\N,-3.00,0.00,\N,0.00,f,2026-06-26 06:37:12,2026-06-26 06:36:59.469977,2026-06-26 06:36:59.469977,\N,\N,\N
132205,1112,1,11,\N,\N,\N,\N,2,2,\N,-2.00,0.00,\N,0.00,f,2026-06-26 06:37:12,2026-06-26 06:36:59.469977,2026-06-26 06:36:59.469977,\N,\N,\N
132206,1113,1,11,\N,\N,\N,\N,2,2,\N,-1.00,0.00,\N,0.00,f,2026-06-26 06:37:12,2026-06-26 06:36:59.469977,2026-06-26 06:36:59.469977,\N,\N,\N
132207,1115,1,11,\N,\N,\N,\N,2,2,\N,-5.00,0.00,\N,0.00,f,2026-06-26 06:37:12,2026-06-26 06:36:59.469977,2026-06-26 06:36:59.469977,\N,\N,\N
132208,1116,1,11,\N,\N,\N,\N,2,2,\N,-4.00,0.00,\N,0.00,f,2026-06-26 06:37:12,2026-06-26 06:36:59.469977,2026-06-26 06:36:59.469977,\N,\N,\N
132209,1117,1,11,\N,\N,\N,\N,2,2,\N,-2.00,0.00,\N,0.00,f,2026-06-26 06:37:12,2026-06-26 06:36:59.469977,2026-06-26 06:36:59.469977,\N,\N,\N
132210,285,1,11,\N,\N,\N,\N,2,2,\N,-10.00,0.00,\N,0.00,f,2026-06-26 06:37:12,2026-06-26 06:36:59.469977,2026-06-26 06:36:59.469977,\N,\N,\N
132211,286,1,11,\N,\N,\N,\N,2,2,\N,-6.00,0.00,\N,0.00,f,2026-06-26 06:37:12,2026-06-26 06:36:59.469977,2026-06-26 06:36:59.469977,\N,\N,\N
132212,287,1,11,\N,\N,\N,\N,2,2,\N,-4.00,0.00,\N,0.00,f,2026-06-26 06:37:12,2026-06-26 06:36:59.469977,2026-06-26 06:36:59.469977,\N,\N,\N
132213,288,1,11,\N,\N,\N,\N,2,2,\N,-7.00,0.00,\N,0.00,f,2026-06-26 06:37:12,2026-06-26 06:36:59.469977,2026-06-26 06:36:59.469977,\N,\N,\N
132214,289,1,11,\N,\N,\N,\N,2,2,\N,-5.00,0.00,\N,0.00,f,2026-06-26 06:37:12,2026-06-26 06:36:59.469977,2026-06-26 06:36:59.469977,\N,\N,\N
132215,290,1,11,\N,\N,\N,\N,2,2,\N,-3.00,0.00,\N,0.00,f,2026-06-26 06:37:12,2026-06-26 06:36:59.469977,2026-06-26 06:36:59.469977,\N,\N,\N
132216,291,1,11,\N,\N,\N,\N,2,2,\N,-6.00,0.00,\N,0.00,f,2026-06-26 06:37:12,2026-06-26 06:36:59.469977,2026-06-26 06:36:59.469977,\N,\N,\N
132217,292,1,11,\N,\N,\N,\N,2,2,\N,-8.00,0.00,\N,0.00,f,2026-06-26 06:37:12,2026-06-26 06:36:59.469977,2026-06-26 06:36:59.469977,\N,\N,\N
132218,293,1,11,\N,\N,\N,\N,2,2,\N,-3.00,0.00,\N,0.00,f,2026-06-26 06:37:12,2026-06-26 06:36:59.469977,2026-06-26 06:36:59.469977,\N,\N,\N
132219,379,1,11,\N,\N,\N,\N,2,2,\N,-43.00,0.00,\N,0.00,f,2026-06-26 06:37:12,2026-06-26 06:36:59.469977,2026-06-26 06:36:59.469977,\N,\N,\N
132220,380,1,11,\N,\N,\N,\N,2,2,\N,-25.00,0.00,\N,0.00,f,2026-06-26 06:37:12,2026-06-26 06:36:59.469977,2026-06-26 06:36:59.469977,\N,\N,\N
132221,381,1,11,\N,\N,\N,\N,2,2,\N,-3.00,0.00,\N,0.00,f,2026-06-26 06:37:12,2026-06-26 06:36:59.469977,2026-06-26 06:36:59.469977,\N,\N,\N
132222,382,1,11,\N,\N,\N,\N,2,2,\N,-12.00,0.00,\N,0.00,f,2026-06-26 06:37:12,2026-06-26 06:36:59.469977,2026-06-26 06:36:59.469977,\N,\N,\N
132223,383,1,11,\N,\N,\N,\N,2,2,\N,-51.00,0.00,\N,0.00,f,2026-06-26 06:37:12,2026-06-26 06:36:59.469977,2026-06-26 06:36:59.469977,\N,\N,\N
132224,384,1,11,\N,\N,\N,\N,2,2,\N,-11.00,0.00,\N,0.00,f,2026-06-26 06:37:12,2026-06-26 06:36:59.469977,2026-06-26 06:36:59.469977,\N,\N,\N
132225,385,1,11,\N,\N,\N,\N,2,2,\N,-43.00,0.00,\N,0.00,f,2026-06-26 06:37:12,2026-06-26 06:36:59.469977,2026-06-26 06:36:59.469977,\N,\N,\N
132226,386,1,11,\N,\N,\N,\N,2,2,\N,-39.00,0.00,\N,0.00,f,2026-06-26 06:37:12,2026-06-26 06:36:59.469977,2026-06-26 06:36:59.469977,\N,\N,\N
132227,387,1,11,\N,\N,\N,\N,2,2,\N,-16.00,0.00,\N,0.00,f,2026-06-26 06:37:12,2026-06-26 06:36:59.469977,2026-06-26 06:36:59.469977,\N,\N,\N
132228,2230,1,11,\N,\N,\N,\N,2,2,\N,-27.00,0.00,\N,0.00,f,2026-06-26 06:37:12,2026-06-26 06:36:59.469977,2026-06-26 06:36:59.469977,\N,\N,\N
132229,2231,1,11,\N,\N,\N,\N,2,2,\N,-2.00,0.00,\N,0.00,f,2026-06-26 06:37:12,2026-06-26 06:36:59.469977,2026-06-26 06:36:59.469977,\N,\N,\N
132230,2232,1,11,\N,\N,\N,\N,2,2,\N,-11.00,0.00,\N,0.00,f,2026-06-26 06:37:12,2026-06-26 06:36:59.469977,2026-06-26 06:36:59.469977,\N,\N,\N
132231,2233,1,11,\N,\N,\N,\N,2,2,\N,-22.00,0.00,\N,0.00,f,2026-06-26 06:37:12,2026-06-26 06:36:59.469977,2026-06-26 06:36:59.469977,\N,\N,\N
132232,2234,1,11,\N,\N,\N,\N,2,2,\N,-12.00,0.00,\N,0.00,f,2026-06-26 06:37:12,2026-06-26 06:36:59.469977,2026-06-26 06:36:59.469977,\N,\N,\N
132233,2235,1,11,\N,\N,\N,\N,2,2,\N,-8.00,0.00,\N,0.00,f,2026-06-26 06:37:12,2026-06-26 06:36:59.469977,2026-06-26 06:36:59.469977,\N,\N,\N
132234,2236,1,11,\N,\N,\N,\N,2,2,\N,-61.00,0.00,\N,0.00,f,2026-06-26 06:37:12,2026-06-26 06:36:59.469977,2026-06-26 06:36:59.469977,\N,\N,\N
132235,2237,1,11,\N,\N,\N,\N,2,2,\N,-17.00,0.00,\N,0.00,f,2026-06-26 06:37:12,2026-06-26 06:36:59.469977,2026-06-26 06:36:59.469977,\N,\N,\N
132236,2238,1,11,\N,\N,\N,\N,2,2,\N,-5.00,0.00,\N,0.00,f,2026-06-26 06:37:12,2026-06-26 06:36:59.469977,2026-06-26 06:36:59.469977,\N,\N,\N
132237,1087,1,11,\N,\N,\N,\N,2,2,\N,-78.00,0.00,\N,0.00,f,2026-06-26 06:37:12,2026-06-26 06:36:59.469977,2026-06-26 06:36:59.469977,\N,\N,\N
132238,343,1,11,\N,\N,\N,\N,2,2,\N,-30.00,0.00,\N,0.00,f,2026-06-26 06:37:12,2026-06-26 06:36:59.469977,2026-06-26 06:36:59.469977,\N,\N,\N
132239,344,1,11,\N,\N,\N,\N,2,2,\N,-57.00,0.00,\N,0.00,f,2026-06-26 06:37:12,2026-06-26 06:36:59.469977,2026-06-26 06:36:59.469977,\N,\N,\N
132240,345,1,11,\N,\N,\N,\N,2,2,\N,-47.00,0.00,\N,0.00,f,2026-06-26 06:37:12,2026-06-26 06:36:59.469977,2026-06-26 06:36:59.469977,\N,\N,\N
132241,346,1,11,\N,\N,\N,\N,2,2,\N,-38.00,0.00,\N,0.00,f,2026-06-26 06:37:12,2026-06-26 06:36:59.469977,2026-06-26 06:36:59.469977,\N,\N,\N
132242,347,1,11,\N,\N,\N,\N,2,2,\N,-46.00,0.00,\N,0.00,f,2026-06-26 06:37:12,2026-06-26 06:36:59.469977,2026-06-26 06:36:59.469977,\N,\N,\N
132243,348,1,11,\N,\N,\N,\N,2,2,\N,-26.00,0.00,\N,0.00,f,2026-06-26 06:37:12,2026-06-26 06:36:59.469977,2026-06-26 06:36:59.469977,\N,\N,\N
132244,349,1,11,\N,\N,\N,\N,2,2,\N,-56.00,0.00,\N,0.00,f,2026-06-26 06:37:12,2026-06-26 06:36:59.469977,2026-06-26 06:36:59.469977,\N,\N,\N
132245,350,1,11,\N,\N,\N,\N,2,2,\N,-12.00,0.00,\N,0.00,f,2026-06-26 06:37:12,2026-06-26 06:36:59.469977,2026-06-26 06:36:59.469977,\N,\N,\N
132246,351,1,11,\N,\N,\N,\N,2,2,\N,-4.00,0.00,\N,0.00,f,2026-06-26 06:37:12,2026-06-26 06:36:59.469977,2026-06-26 06:36:59.469977,\N,\N,\N
132247,370,1,11,\N,\N,\N,\N,2,2,\N,-15.00,0.00,\N,0.00,f,2026-06-26 06:37:12,2026-06-26 06:36:59.469977,2026-06-26 06:36:59.469977,\N,\N,\N
132248,371,1,11,\N,\N,\N,\N,2,2,\N,-108.00,0.00,\N,0.00,f,2026-06-26 06:37:12,2026-06-26 06:36:59.469977,2026-06-26 06:36:59.469977,\N,\N,\N
132249,372,1,11,\N,\N,\N,\N,2,2,\N,-103.00,0.00,\N,0.00,f,2026-06-26 06:37:12,2026-06-26 06:36:59.469977,2026-06-26 06:36:59.469977,\N,\N,\N
132250,373,1,11,\N,\N,\N,\N,2,2,\N,-52.00,0.00,\N,0.00,f,2026-06-26 06:37:12,2026-06-26 06:36:59.469977,2026-06-26 06:36:59.469977,\N,\N,\N
132251,374,1,11,\N,\N,\N,\N,2,2,\N,-102.00,0.00,\N,0.00,f,2026-06-26 06:37:12,2026-06-26 06:36:59.469977,2026-06-26 06:36:59.469977,\N,\N,\N
132252,375,1,11,\N,\N,\N,\N,2,2,\N,-7.00,0.00,\N,0.00,f,2026-06-26 06:37:12,2026-06-26 06:36:59.469977,2026-06-26 06:36:59.469977,\N,\N,\N
132253,376,1,11,\N,\N,\N,\N,2,2,\N,-34.00,0.00,\N,0.00,f,2026-06-26 06:37:12,2026-06-26 06:36:59.469977,2026-06-26 06:36:59.469977,\N,\N,\N
132254,377,1,11,\N,\N,\N,\N,2,2,\N,-6.00,0.00,\N,0.00,f,2026-06-26 06:37:12,2026-06-26 06:36:59.469977,2026-06-26 06:36:59.469977,\N,\N,\N
132255,378,1,11,\N,\N,\N,\N,2,2,\N,-5.00,0.00,\N,0.00,f,2026-06-26 06:37:12,2026-06-26 06:36:59.469977,2026-06-26 06:36:59.469977,\N,\N,\N
132256,966,1,11,\N,\N,\N,\N,2,2,\N,-31.00,0.00,\N,0.00,f,2026-06-26 06:37:12,2026-06-26 06:36:59.469977,2026-06-26 06:36:59.469977,\N,\N,\N
132257,967,1,11,\N,\N,\N,\N,2,2,\N,-9.00,0.00,\N,0.00,f,2026-06-26 06:37:12,2026-06-26 06:36:59.469977,2026-06-26 06:36:59.469977,\N,\N,\N
132258,969,1,11,\N,\N,\N,\N,2,2,\N,-4.00,0.00,\N,0.00,f,2026-06-26 06:37:12,2026-06-26 06:36:59.469977,2026-06-26 06:36:59.469977,\N,\N,\N
132259,968,1,11,\N,\N,\N,\N,2,2,\N,-2.00,0.00,\N,0.00,f,2026-06-26 06:37:12,2026-06-26 06:36:59.469977,2026-06-26 06:36:59.469977,\N,\N,\N
132260,970,1,11,\N,\N,\N,\N,2,2,\N,-2.00,0.00,\N,0.00,f,2026-06-26 06:37:12,2026-06-26 06:36:59.469977,2026-06-26 06:36:59.469977,\N,\N,\N
132261,971,1,11,\N,\N,\N,\N,2,2,\N,-3.00,0.00,\N,0.00,f,2026-06-26 06:37:12,2026-06-26 06:36:59.469977,2026-06-26 06:36:59.469977,\N,\N,\N
132262,972,1,11,\N,\N,\N,\N,2,2,\N,-1.00,0.00,\N,0.00,f,2026-06-26 06:37:12,2026-06-26 06:36:59.469977,2026-06-26 06:36:59.469977,\N,\N,\N
132263,973,1,11,\N,\N,\N,\N,2,2,\N,-4.00,0.00,\N,0.00,f,2026-06-26 06:37:12,2026-06-26 06:36:59.469977,2026-06-26 06:36:59.469977,\N,\N,\N
132264,984,1,11,\N,\N,\N,\N,2,2,\N,-22.00,0.00,\N,0.00,f,2026-06-26 06:37:12,2026-06-26 06:36:59.469977,2026-06-26 06:36:59.469977,\N,\N,\N
132265,985,1,11,\N,\N,\N,\N,2,2,\N,-4.00,0.00,\N,0.00,f,2026-06-26 06:37:12,2026-06-26 06:36:59.469977,2026-06-26 06:36:59.469977,\N,\N,\N
132266,991,1,11,\N,\N,\N,\N,2,2,\N,-26.00,0.00,\N,0.00,f,2026-06-26 06:37:12,2026-06-26 06:36:59.469977,2026-06-26 06:36:59.469977,\N,\N,\N
132267,986,1,11,\N,\N,\N,\N,2,2,\N,-2.00,0.00,\N,0.00,f,2026-06-26 06:37:12,2026-06-26 06:36:59.469977,2026-06-26 06:36:59.469977,\N,\N,\N
132268,987,1,11,\N,\N,\N,\N,2,2,\N,-1.00,0.00,\N,0.00,f,2026-06-26 06:37:12,2026-06-26 06:36:59.469977,2026-06-26 06:36:59.469977,\N,\N,\N
132269,988,1,11,\N,\N,\N,\N,2,2,\N,-2.00,0.00,\N,0.00,f,2026-06-26 06:37:12,2026-06-26 06:36:59.469977,2026-06-26 06:36:59.469977,\N,\N,\N
132270,989,1,11,\N,\N,\N,\N,2,2,\N,-2.00,0.00,\N,0.00,f,2026-06-26 06:37:12,2026-06-26 06:36:59.469977,2026-06-26 06:36:59.469977,\N,\N,\N
132271,990,1,11,\N,\N,\N,\N,2,2,\N,-2.00,0.00,\N,0.00,f,2026-06-26 06:37:12,2026-06-26 06:36:59.469977,2026-06-26 06:36:59.469977,\N,\N,\N
132272,975,1,11,\N,\N,\N,\N,2,2,\N,-10.00,0.00,\N,0.00,f,2026-06-26 06:37:12,2026-06-26 06:36:59.469977,2026-06-26 06:36:59.469977,\N,\N,\N
132273,976,1,11,\N,\N,\N,\N,2,2,\N,-5.00,0.00,\N,0.00,f,2026-06-26 06:37:12,2026-06-26 06:36:59.469977,2026-06-26 06:36:59.469977,\N,\N,\N
132274,982,1,11,\N,\N,\N,\N,2,2,\N,-28.00,0.00,\N,0.00,f,2026-06-26 06:37:12,2026-06-26 06:36:59.469977,2026-06-26 06:36:59.469977,\N,\N,\N
132275,977,1,11,\N,\N,\N,\N,2,2,\N,-11.00,0.00,\N,0.00,f,2026-06-26 06:37:12,2026-06-26 06:36:59.469977,2026-06-26 06:36:59.469977,\N,\N,\N
132276,978,1,11,\N,\N,\N,\N,2,2,\N,-22.00,0.00,\N,0.00,f,2026-06-26 06:37:12,2026-06-26 06:36:59.469977,2026-06-26 06:36:59.469977,\N,\N,\N
132277,979,1,11,\N,\N,\N,\N,2,2,\N,-3.00,0.00,\N,0.00,f,2026-06-26 06:37:12,2026-06-26 06:36:59.469977,2026-06-26 06:36:59.469977,\N,\N,\N
132278,980,1,11,\N,\N,\N,\N,2,2,\N,-7.00,0.00,\N,0.00,f,2026-06-26 06:37:12,2026-06-26 06:36:59.469977,2026-06-26 06:36:59.469977,\N,\N,\N
132279,981,1,11,\N,\N,\N,\N,2,2,\N,-4.00,0.00,\N,0.00,f,2026-06-26 06:37:12,2026-06-26 06:36:59.469977,2026-06-26 06:36:59.469977,\N,\N,\N
132280,2403,1,11,\N,\N,\N,\N,2,2,\N,-29.00,0.00,\N,0.00,f,2026-06-26 06:37:12,2026-06-26 06:36:59.469977,2026-06-26 06:36:59.469977,\N,\N,\N
132281,2404,1,11,\N,\N,\N,\N,2,2,\N,-67.00,0.00,\N,0.00,f,2026-06-26 06:37:12,2026-06-26 06:36:59.469977,2026-06-26 06:36:59.469977,\N,\N,\N
132282,2405,1,11,\N,\N,\N,\N,2,2,\N,-34.00,0.00,\N,0.00,f,2026-06-26 06:37:12,2026-06-26 06:36:59.469977,2026-06-26 06:36:59.469977,\N,\N,\N
132283,2406,1,11,\N,\N,\N,\N,2,2,\N,-42.00,0.00,\N,0.00,f,2026-06-26 06:37:12,2026-06-26 06:36:59.469977,2026-06-26 06:36:59.469977,\N,\N,\N
132284,2407,1,11,\N,\N,\N,\N,2,2,\N,-32.00,0.00,\N,0.00,f,2026-06-26 06:37:12,2026-06-26 06:36:59.469977,2026-06-26 06:36:59.469977,\N,\N,\N
132285,2408,1,11,\N,\N,\N,\N,2,2,\N,-26.00,0.00,\N,0.00,f,2026-06-26 06:37:12,2026-06-26 06:36:59.469977,2026-06-26 06:36:59.469977,\N,\N,\N
132286,2409,1,11,\N,\N,\N,\N,2,2,\N,-8.00,0.00,\N,0.00,f,2026-06-26 06:37:12,2026-06-26 06:36:59.469977,2026-06-26 06:36:59.469977,\N,\N,\N
132287,2376,1,11,\N,\N,\N,\N,2,2,\N,-2.00,0.00,\N,0.00,f,2026-06-26 06:37:12,2026-06-26 06:36:59.469977,2026-06-26 06:36:59.469977,\N,\N,\N
132288,2377,1,11,\N,\N,\N,\N,2,2,\N,-171.00,0.00,\N,0.00,f,2026-06-26 06:37:12,2026-06-26 06:36:59.469977,2026-06-26 06:36:59.469977,\N,\N,\N
132289,2378,1,11,\N,\N,\N,\N,2,2,\N,-41.00,0.00,\N,0.00,f,2026-06-26 06:37:12,2026-06-26 06:36:59.469977,2026-06-26 06:36:59.469977,\N,\N,\N
132290,2379,1,11,\N,\N,\N,\N,2,2,\N,-16.00,0.00,\N,0.00,f,2026-06-26 06:37:12,2026-06-26 06:36:59.469977,2026-06-26 06:36:59.469977,\N,\N,\N
132291,2380,1,11,\N,\N,\N,\N,2,2,\N,-6.00,0.00,\N,0.00,f,2026-06-26 06:37:12,2026-06-26 06:36:59.469977,2026-06-26 06:36:59.469977,\N,\N,\N
132292,2381,1,11,\N,\N,\N,\N,2,2,\N,-1.00,0.00,\N,0.00,f,2026-06-26 06:37:12,2026-06-26 06:36:59.469977,2026-06-26 06:36:59.469977,\N,\N,\N
132293,2382,1,11,\N,\N,\N,\N,2,2,\N,-2.00,0.00,\N,0.00,f,2026-06-26 06:37:12,2026-06-26 06:36:59.469977,2026-06-26 06:36:59.469977,\N,\N,\N
132294,2394,1,11,\N,\N,\N,\N,2,2,\N,-18.00,0.00,\N,0.00,f,2026-06-26 06:37:12,2026-06-26 06:36:59.469977,2026-06-26 06:36:59.469977,\N,\N,\N
132295,2395,1,11,\N,\N,\N,\N,2,2,\N,-57.00,0.00,\N,0.00,f,2026-06-26 06:37:12,2026-06-26 06:36:59.469977,2026-06-26 06:36:59.469977,\N,\N,\N
132296,2396,1,11,\N,\N,\N,\N,2,2,\N,-6.00,0.00,\N,0.00,f,2026-06-26 06:37:12,2026-06-26 06:36:59.469977,2026-06-26 06:36:59.469977,\N,\N,\N
132297,2397,1,11,\N,\N,\N,\N,2,2,\N,-32.00,0.00,\N,0.00,f,2026-06-26 06:37:12,2026-06-26 06:36:59.469977,2026-06-26 06:36:59.469977,\N,\N,\N
132298,2398,1,11,\N,\N,\N,\N,2,2,\N,-4.00,0.00,\N,0.00,f,2026-06-26 06:37:12,2026-06-26 06:36:59.469977,2026-06-26 06:36:59.469977,\N,\N,\N
132299,2399,1,11,\N,\N,\N,\N,2,2,\N,-1.00,0.00,\N,0.00,f,2026-06-26 06:37:12,2026-06-26 06:36:59.469977,2026-06-26 06:36:59.469977,\N,\N,\N
132300,2400,1,11,\N,\N,\N,\N,2,2,\N,-6.00,0.00,\N,0.00,f,2026-06-26 06:37:12,2026-06-26 06:36:59.469977,2026-06-26 06:36:59.469977,\N,\N,\N
132301,2385,1,11,\N,\N,\N,\N,2,2,\N,-25.00,0.00,\N,0.00,f,2026-06-26 06:37:12,2026-06-26 06:36:59.469977,2026-06-26 06:36:59.469977,\N,\N,\N
132302,2386,1,11,\N,\N,\N,\N,2,2,\N,-25.00,0.00,\N,0.00,f,2026-06-26 06:37:12,2026-06-26 06:36:59.469977,2026-06-26 06:36:59.469977,\N,\N,\N
132303,2387,1,11,\N,\N,\N,\N,2,2,\N,-156.00,0.00,\N,0.00,f,2026-06-26 06:37:12,2026-06-26 06:36:59.469977,2026-06-26 06:36:59.469977,\N,\N,\N
132304,2388,1,11,\N,\N,\N,\N,2,2,\N,-65.00,0.00,\N,0.00,f,2026-06-26 06:37:12,2026-06-26 06:36:59.469977,2026-06-26 06:36:59.469977,\N,\N,\N
132305,2389,1,11,\N,\N,\N,\N,2,2,\N,-220.00,0.00,\N,0.00,f,2026-06-26 06:37:12,2026-06-26 06:36:59.469977,2026-06-26 06:36:59.469977,\N,\N,\N
132306,2390,1,11,\N,\N,\N,\N,2,2,\N,-157.00,0.00,\N,0.00,f,2026-06-26 06:37:12,2026-06-26 06:36:59.469977,2026-06-26 06:36:59.469977,\N,\N,\N
132307,2391,1,11,\N,\N,\N,\N,2,2,\N,-254.00,0.00,\N,0.00,f,2026-06-26 06:37:13,2026-06-26 06:36:59.469977,2026-06-26 06:36:59.469977,\N,\N,\N
132308,2392,1,11,\N,\N,\N,\N,2,2,\N,-12.00,0.00,\N,0.00,f,2026-06-26 06:37:13,2026-06-26 06:36:59.469977,2026-06-26 06:36:59.469977,\N,\N,\N
132309,2468,1,11,\N,\N,\N,\N,2,2,\N,-75.00,0.00,\N,0.00,f,2026-06-26 06:37:13,2026-06-26 06:36:59.469977,2026-06-26 06:36:59.469977,\N,\N,\N
132310,2469,1,11,\N,\N,\N,\N,2,2,\N,-149.00,0.00,\N,0.00,f,2026-06-26 06:37:13,2026-06-26 06:36:59.469977,2026-06-26 06:36:59.469977,\N,\N,\N
132311,2470,1,11,\N,\N,\N,\N,2,2,\N,-240.00,0.00,\N,0.00,f,2026-06-26 06:37:13,2026-06-26 06:36:59.469977,2026-06-26 06:36:59.469977,\N,\N,\N
132312,2471,1,11,\N,\N,\N,\N,2,2,\N,-174.00,0.00,\N,0.00,f,2026-06-26 06:37:13,2026-06-26 06:36:59.469977,2026-06-26 06:36:59.469977,\N,\N,\N
132313,2472,1,11,\N,\N,\N,\N,2,2,\N,-206.00,0.00,\N,0.00,f,2026-06-26 06:37:13,2026-06-26 06:36:59.469977,2026-06-26 06:36:59.469977,\N,\N,\N
132314,2473,1,11,\N,\N,\N,\N,2,2,\N,-100.00,0.00,\N,0.00,f,2026-06-26 06:37:13,2026-06-26 06:36:59.469977,2026-06-26 06:36:59.469977,\N,\N,\N
132315,2474,1,11,\N,\N,\N,\N,2,2,\N,-254.00,0.00,\N,0.00,f,2026-06-26 06:37:13,2026-06-26 06:36:59.469977,2026-06-26 06:36:59.469977,\N,\N,\N
132316,2475,1,11,\N,\N,\N,\N,2,2,\N,-27.00,0.00,\N,0.00,f,2026-06-26 06:37:13,2026-06-26 06:36:59.469977,2026-06-26 06:36:59.469977,\N,\N,\N
132317,2476,1,11,\N,\N,\N,\N,2,2,\N,-3.00,0.00,\N,0.00,f,2026-06-26 06:37:13,2026-06-26 06:36:59.469977,2026-06-26 06:36:59.469977,\N,\N,\N
132318,2477,1,11,\N,\N,\N,\N,2,2,\N,-9.00,0.00,\N,0.00,f,2026-06-26 06:37:13,2026-06-26 06:36:59.469977,2026-06-26 06:36:59.469977,\N,\N,\N
132319,2478,1,11,\N,\N,\N,\N,2,2,\N,-7.00,0.00,\N,0.00,f,2026-06-26 06:37:13,2026-06-26 06:36:59.469977,2026-06-26 06:36:59.469977,\N,\N,\N
132320,2479,1,11,\N,\N,\N,\N,2,2,\N,-8.00,0.00,\N,0.00,f,2026-06-26 06:37:13,2026-06-26 06:36:59.469977,2026-06-26 06:36:59.469977,\N,\N,\N
132321,2480,1,11,\N,\N,\N,\N,2,2,\N,-37.00,0.00,\N,0.00,f,2026-06-26 06:37:13,2026-06-26 06:36:59.469977,2026-06-26 06:36:59.469977,\N,\N,\N
132322,2481,1,11,\N,\N,\N,\N,2,2,\N,-39.00,0.00,\N,0.00,f,2026-06-26 06:37:13,2026-06-26 06:36:59.469977,2026-06-26 06:36:59.469977,\N,\N,\N
132323,2482,1,11,\N,\N,\N,\N,2,2,\N,-47.00,0.00,\N,0.00,f,2026-06-26 06:37:13,2026-06-26 06:36:59.469977,2026-06-26 06:36:59.469977,\N,\N,\N
132324,2483,1,11,\N,\N,\N,\N,2,2,\N,-31.00,0.00,\N,0.00,f,2026-06-26 06:37:13,2026-06-26 06:36:59.469977,2026-06-26 06:36:59.469977,\N,\N,\N
132325,2484,1,11,\N,\N,\N,\N,2,2,\N,-11.00,0.00,\N,0.00,f,2026-06-26 06:37:13,2026-06-26 06:36:59.469977,2026-06-26 06:36:59.469977,\N,\N,\N
132326,2485,1,11,\N,\N,\N,\N,2,2,\N,-8.00,0.00,\N,0.00,f,2026-06-26 06:37:13,2026-06-26 06:36:59.469977,2026-06-26 06:36:59.469977,\N,\N,\N
132327,2459,1,11,\N,\N,\N,\N,2,2,\N,-12.00,0.00,\N,0.00,f,2026-06-26 06:37:13,2026-06-26 06:36:59.469977,2026-06-26 06:36:59.469977,\N,\N,\N
132328,2460,1,11,\N,\N,\N,\N,2,2,\N,-15.00,0.00,\N,0.00,f,2026-06-26 06:37:13,2026-06-26 06:36:59.469977,2026-06-26 06:36:59.469977,\N,\N,\N
132329,2461,1,11,\N,\N,\N,\N,2,2,\N,-8.00,0.00,\N,0.00,f,2026-06-26 06:37:13,2026-06-26 06:36:59.469977,2026-06-26 06:36:59.469977,\N,\N,\N
132330,2462,1,11,\N,\N,\N,\N,2,2,\N,-32.00,0.00,\N,0.00,f,2026-06-26 06:37:13,2026-06-26 06:36:59.469977,2026-06-26 06:36:59.469977,\N,\N,\N
132331,2463,1,11,\N,\N,\N,\N,2,2,\N,-12.00,0.00,\N,0.00,f,2026-06-26 06:37:13,2026-06-26 06:36:59.469977,2026-06-26 06:36:59.469977,\N,\N,\N
132332,2464,1,11,\N,\N,\N,\N,2,2,\N,-39.00,0.00,\N,0.00,f,2026-06-26 06:37:13,2026-06-26 06:36:59.469977,2026-06-26 06:36:59.469977,\N,\N,\N
132333,2465,1,11,\N,\N,\N,\N,2,2,\N,-15.00,0.00,\N,0.00,f,2026-06-26 06:37:13,2026-06-26 06:36:59.469977,2026-06-26 06:36:59.469977,\N,\N,\N
132334,2466,1,11,\N,\N,\N,\N,2,2,\N,-14.00,0.00,\N,0.00,f,2026-06-26 06:37:13,2026-06-26 06:36:59.469977,2026-06-26 06:36:59.469977,\N,\N,\N
132335,2467,1,11,\N,\N,\N,\N,2,2,\N,-19.00,0.00,\N,0.00,f,2026-06-26 06:37:13,2026-06-26 06:36:59.469977,2026-06-26 06:36:59.469977,\N,\N,\N
132336,1228,1,11,\N,\N,\N,\N,2,2,\N,-1.00,0.00,\N,0.00,f,2026-06-26 06:37:13,2026-06-26 06:36:59.469977,2026-06-26 06:36:59.469977,\N,\N,\N
132337,1229,1,11,\N,\N,\N,\N,2,2,\N,-1.00,0.00,\N,0.00,f,2026-06-26 06:37:13,2026-06-26 06:36:59.469977,2026-06-26 06:36:59.469977,\N,\N,\N
130044,1614,1,5,\N,\N,\N,\N,2,2,2026-12-31,38.00,1.00,0.00,0.00,f,2026-06-26 06:37:08,2026-06-26 06:35:08.98363,2026-07-15 13:06:30.995526,\N,\N,\N
130030,201,1,5,\N,\N,\N,\N,2,2,2026-12-31,1.00,0.00,0.00,0.00,f,2026-06-26 06:37:08,2026-06-26 06:35:08.98363,2026-06-26 06:36:59.469977,\N,\N,\N
130031,2336,1,5,\N,\N,\N,\N,2,2,2026-12-31,3.00,0.00,0.00,0.00,f,2026-06-26 06:37:08,2026-06-26 06:35:08.98363,2026-06-26 06:36:59.469977,\N,\N,\N
130032,2337,1,5,\N,\N,\N,\N,2,2,2026-12-31,3.00,0.00,0.00,0.00,f,2026-06-26 06:37:08,2026-06-26 06:35:08.98363,2026-06-26 06:36:59.469977,\N,\N,\N
130033,1590,1,5,\N,\N,\N,\N,2,2,2026-12-31,19.00,0.00,0.00,0.00,f,2026-06-26 06:37:08,2026-06-26 06:35:08.98363,2026-06-26 06:36:59.469977,\N,\N,\N
130034,1591,1,5,\N,\N,\N,\N,2,2,2026-12-31,23.00,0.00,0.00,0.00,f,2026-06-26 06:37:08,2026-06-26 06:35:08.98363,2026-06-26 06:36:59.469977,\N,\N,\N
130035,1592,1,5,\N,\N,\N,\N,2,2,2026-12-31,1.00,0.00,0.00,0.00,f,2026-06-26 06:37:08,2026-06-26 06:35:08.98363,2026-06-26 06:36:59.469977,\N,\N,\N
130037,1608,1,5,\N,\N,\N,\N,2,2,2026-12-31,23.00,2.00,0.00,0.00,f,2026-06-26 06:37:08,2026-06-26 06:35:08.98363,2026-07-24 18:06:17.996615,\N,\N,\N
130054,1634,1,5,\N,\N,\N,\N,2,2,2026-12-31,4.00,0.00,0.00,0.00,f,2026-06-26 06:37:08,2026-06-26 06:35:08.98363,2026-06-26 06:36:59.469977,\N,\N,\N
130060,1691,1,5,\N,\N,\N,\N,2,2,2026-12-31,7.00,0.00,0.00,0.00,f,2026-06-26 06:37:08,2026-06-26 06:35:08.98363,2026-06-26 06:36:59.469977,\N,\N,\N
130061,636,1,5,\N,\N,\N,\N,2,2,2026-12-31,1.00,0.00,0.00,0.00,f,2026-06-26 06:37:08,2026-06-26 06:35:08.98363,2026-06-26 06:36:59.469977,\N,\N,\N
130063,596,1,5,\N,\N,\N,\N,2,2,2026-12-31,1.00,0.00,0.00,0.00,f,2026-06-26 06:37:08,2026-06-26 06:35:08.98363,2026-06-26 06:36:59.469977,\N,\N,\N
130064,594,1,5,\N,\N,\N,\N,2,2,2026-12-31,1.00,0.00,0.00,0.00,f,2026-06-26 06:37:08,2026-06-26 06:35:08.98363,2026-06-26 06:36:59.469977,\N,\N,\N
130069,2333,1,5,\N,\N,\N,\N,2,2,2026-12-31,4.00,0.00,0.00,0.00,f,2026-06-26 06:37:08,2026-06-26 06:35:08.98363,2026-06-26 06:36:59.469977,\N,\N,\N
130070,621,1,5,\N,\N,\N,\N,2,2,2026-12-31,1.00,0.00,0.00,0.00,f,2026-06-26 06:37:08,2026-06-26 06:35:08.98363,2026-06-26 06:36:59.469977,\N,\N,\N
130071,622,1,5,\N,\N,\N,\N,2,2,2026-12-31,2.00,0.00,0.00,0.00,f,2026-06-26 06:37:08,2026-06-26 06:35:08.98363,2026-06-26 06:36:59.469977,\N,\N,\N
130073,613,1,5,\N,\N,\N,\N,2,2,2026-12-31,27.00,0.00,0.00,0.00,f,2026-06-26 06:37:08,2026-06-26 06:35:08.98363,2026-06-26 06:36:59.469977,\N,\N,\N
130075,583,1,5,\N,\N,\N,\N,2,2,2026-12-31,1.00,0.00,0.00,0.00,f,2026-06-26 06:37:08,2026-06-26 06:35:08.98363,2026-06-26 06:36:59.469977,\N,\N,\N
130076,626,1,5,\N,\N,\N,\N,2,2,2026-12-31,4.00,0.00,0.00,0.00,f,2026-06-26 06:37:08,2026-06-26 06:35:08.98363,2026-06-26 06:36:59.469977,\N,\N,\N
130079,578,1,5,\N,\N,\N,\N,2,2,2026-12-31,1.00,0.00,0.00,0.00,f,2026-06-26 06:37:08,2026-06-26 06:35:08.98363,2026-06-26 06:36:59.469977,\N,\N,\N
130082,631,1,5,\N,\N,\N,\N,2,2,2026-12-31,138.00,0.00,0.00,0.00,f,2026-06-26 06:37:08,2026-06-26 06:35:08.98363,2026-06-26 06:36:59.469977,\N,\N,\N
130083,584,1,5,\N,\N,\N,\N,2,2,2026-12-31,6.00,0.00,0.00,0.00,f,2026-06-26 06:37:08,2026-06-26 06:35:08.98363,2026-06-26 06:36:59.469977,\N,\N,\N
130091,554,1,5,\N,\N,\N,\N,2,2,2026-12-31,4.00,0.00,0.00,0.00,f,2026-06-26 06:37:08,2026-06-26 06:35:08.98363,2026-06-26 06:36:59.469977,\N,\N,\N
130092,558,1,5,\N,\N,\N,\N,2,2,2026-12-31,1.00,0.00,0.00,0.00,f,2026-06-26 06:37:08,2026-06-26 06:35:08.98363,2026-06-26 06:36:59.469977,\N,\N,\N
130042,1613,1,5,\N,\N,\N,\N,2,38,2026-12-31,4.00,2.00,0.00,0.00,f,2026-06-26 06:37:08,2026-06-26 06:35:08.98363,2026-06-26 11:30:50.487622,\N,\N,\N
130047,1626,1,5,\N,\N,\N,\N,2,42,2026-12-31,9.00,0.00,0.00,0.00,f,2026-06-26 06:37:08,2026-06-26 06:35:08.98363,2026-06-29 08:15:27.760212,\N,\N,\N
130086,1284,1,5,\N,\N,\N,\N,2,61,2026-12-31,1.00,1.00,0.00,0.00,f,2026-06-26 06:37:08,2026-06-26 06:35:08.98363,2026-06-30 08:40:08.684148,\N,\N,\N
130087,1285,1,5,\N,\N,\N,\N,2,61,2026-12-31,1.00,1.00,0.00,0.00,f,2026-06-26 06:37:08,2026-06-26 06:35:08.98363,2026-06-30 08:40:08.684148,\N,\N,\N
130038,1609,1,5,\N,\N,\N,\N,2,46,2026-12-31,16.00,2.00,0.00,0.00,f,2026-06-26 06:37:08,2026-06-26 06:35:08.98363,2026-06-30 08:40:07.557949,\N,\N,\N
130040,1611,1,5,\N,\N,\N,\N,2,46,2026-12-31,3.00,0.00,0.00,0.00,f,2026-06-26 06:37:08,2026-06-26 06:35:08.98363,2026-06-30 08:40:07.557949,\N,\N,\N
130043,1656,1,5,\N,\N,\N,\N,2,46,2026-12-31,2.00,0.00,0.00,0.00,f,2026-06-26 06:37:08,2026-06-26 06:35:08.98363,2026-06-30 08:40:07.557949,\N,\N,\N
130056,1637,1,5,\N,\N,\N,\N,2,46,2026-12-31,21.00,0.00,0.00,0.00,f,2026-06-26 06:37:08,2026-06-26 06:35:08.98363,2026-06-30 08:40:07.557949,\N,\N,\N
130170,821,1,5,\N,\N,\N,\N,2,2,2026-12-31,50.00,14.00,0.00,0.00,f,2026-06-26 06:37:08,2026-06-26 06:35:08.98363,2026-08-01 00:51:34.513595,\N,\N,\N
130096,1585,1,5,\N,\N,\N,\N,2,2,2026-12-31,9.00,0.00,0.00,0.00,f,2026-06-26 06:37:08,2026-06-26 06:35:08.98363,2026-06-26 06:36:59.469977,\N,\N,\N
130168,819,1,5,\N,\N,\N,\N,2,42,2026-12-31,17.00,2.00,0.00,0.00,f,2026-06-26 06:37:08,2026-06-26 06:35:08.98363,2026-06-30 08:40:06.67395,\N,\N,\N
130105,1607,1,5,\N,\N,\N,\N,2,2,2026-12-31,3.00,0.00,0.00,0.00,f,2026-06-26 06:37:08,2026-06-26 06:35:08.98363,2026-06-26 06:36:59.469977,\N,\N,\N
130190,527,1,5,\N,\N,\N,\N,2,2,2026-12-31,5.00,1.00,0.00,0.00,f,2026-06-26 06:37:08,2026-06-26 06:35:08.98363,2026-07-07 00:51:32.087898,\N,\N,\N
130111,1295,1,5,\N,\N,\N,\N,2,2,2026-12-31,1.00,0.00,0.00,0.00,f,2026-06-26 06:37:08,2026-06-26 06:35:08.98363,2026-06-26 06:36:59.469977,\N,\N,\N
130115,542,1,5,\N,\N,\N,\N,2,2,2026-12-31,2.00,0.00,0.00,0.00,f,2026-06-26 06:37:08,2026-06-26 06:35:08.98363,2026-06-26 06:36:59.469977,\N,\N,\N
130188,525,1,5,\N,\N,\N,\N,2,2,2026-12-31,6.00,2.00,0.00,0.00,f,2026-06-26 06:37:08,2026-06-26 06:35:08.98363,2026-07-07 05:51:39.402352,\N,\N,\N
130117,608,1,5,\N,\N,\N,\N,2,2,2026-12-31,5.00,0.00,0.00,0.00,f,2026-06-26 06:37:08,2026-06-26 06:35:08.98363,2026-06-26 06:36:59.469977,\N,\N,\N
130118,609,1,5,\N,\N,\N,\N,2,2,2026-12-31,11.00,0.00,0.00,0.00,f,2026-06-26 06:37:08,2026-06-26 06:35:08.98363,2026-06-26 06:36:59.469977,\N,\N,\N
130119,610,1,5,\N,\N,\N,\N,2,2,2026-12-31,40.00,0.00,0.00,0.00,f,2026-06-26 06:37:08,2026-06-26 06:35:08.98363,2026-06-26 06:36:59.469977,\N,\N,\N
130155,782,1,5,\N,\N,\N,\N,2,2,2026-12-31,8.00,8.00,0.00,0.00,f,2026-06-26 06:37:08,2026-06-26 06:35:08.98363,2026-07-10 14:51:44.14702,\N,\N,\N
130178,824,1,5,\N,\N,\N,\N,2,2,2026-12-31,6.00,6.00,0.00,0.00,f,2026-06-26 06:37:08,2026-06-26 06:35:08.98363,2026-06-28 00:06:49.962293,\N,\N,\N
130132,1510,1,5,\N,\N,\N,\N,2,2,2026-12-31,2.00,0.00,0.00,0.00,f,2026-06-26 06:37:08,2026-06-26 06:35:08.98363,2026-06-26 06:36:59.469977,\N,\N,\N
130138,1545,1,5,\N,\N,\N,\N,2,2,2026-12-31,6.00,0.00,0.00,0.00,f,2026-06-26 06:37:08,2026-06-26 06:35:08.98363,2026-06-26 06:36:59.469977,\N,\N,\N
130142,1549,1,5,\N,\N,\N,\N,2,2,2026-12-31,8.00,0.00,0.00,0.00,f,2026-06-26 06:37:08,2026-06-26 06:35:08.98363,2026-06-26 06:36:59.469977,\N,\N,\N
130143,1550,1,5,\N,\N,\N,\N,2,2,2026-12-31,4.00,0.00,0.00,0.00,f,2026-06-26 06:37:08,2026-06-26 06:35:08.98363,2026-06-26 06:36:59.469977,\N,\N,\N
130144,1551,1,5,\N,\N,\N,\N,2,2,2026-12-31,4.00,0.00,0.00,0.00,f,2026-06-26 06:37:08,2026-06-26 06:35:08.98363,2026-06-26 06:36:59.469977,\N,\N,\N
130187,524,1,5,\N,\N,\N,\N,2,2,2026-12-31,14.00,5.00,0.00,0.00,f,2026-06-26 06:37:08,2026-06-26 06:35:08.98363,2026-07-25 05:36:20.149942,\N,\N,\N
130163,846,1,5,\N,\N,\N,\N,2,2,2026-12-31,24.00,7.00,0.00,0.00,f,2026-06-26 06:37:08,2026-06-26 06:35:08.98363,2026-07-28 22:21:22.754263,\N,\N,\N
130171,847,1,5,\N,\N,\N,\N,2,2,2026-12-31,285.00,11.00,0.00,0.00,f,2026-06-26 06:37:08,2026-06-26 06:35:08.98363,2026-07-31 04:21:46.778416,\N,\N,\N
130095,1584,1,5,\N,\N,\N,\N,2,46,2026-12-31,17.00,1.00,0.00,0.00,f,2026-06-26 06:37:08,2026-06-26 06:35:08.98363,2026-06-30 08:40:07.557949,\N,\N,\N
130128,1504,1,5,\N,\N,\N,\N,2,61,2026-12-31,4.00,1.00,0.00,0.00,f,2026-06-26 06:37:08,2026-06-26 06:35:08.98363,2026-06-26 11:06:35.489617,\N,\N,\N
130167,818,1,5,\N,\N,\N,\N,2,38,2026-12-31,14.00,2.00,0.00,0.00,f,2026-06-26 06:37:08,2026-06-26 06:35:08.98363,2026-06-26 11:30:50.487622,\N,\N,\N
130122,638,1,5,\N,\N,\N,\N,2,46,2026-12-31,5.00,0.00,0.00,0.00,f,2026-06-26 06:37:08,2026-06-26 06:35:08.98363,2026-06-30 08:40:07.557949,\N,\N,\N
130137,1544,1,5,\N,\N,\N,\N,2,42,2026-12-31,11.00,0.00,0.00,0.00,f,2026-06-26 06:37:08,2026-06-26 06:35:08.98363,2026-06-29 08:15:27.760212,\N,\N,\N
130124,640,1,5,\N,\N,\N,\N,2,46,2026-12-31,20.00,0.00,0.00,0.00,f,2026-06-26 06:37:08,2026-06-26 06:35:08.98363,2026-06-30 08:40:07.557949,\N,\N,\N
130100,1329,1,5,\N,\N,\N,\N,2,38,2026-12-31,5.00,1.00,0.00,0.00,f,2026-06-26 06:37:08,2026-06-26 06:35:08.98363,2026-06-26 11:30:50.487622,\N,\N,\N
130112,1338,1,5,\N,\N,\N,\N,2,38,2026-12-31,5.00,1.00,0.00,0.00,f,2026-06-26 06:37:08,2026-06-26 06:35:08.98363,2026-06-26 11:30:50.487622,\N,\N,\N
130165,815,1,5,\N,\N,\N,\N,2,42,2026-12-31,1.00,0.00,0.00,0.00,f,2026-06-26 06:37:08,2026-06-26 06:35:08.98363,2026-06-29 08:15:27.760212,\N,\N,\N
130108,1681,1,5,\N,\N,\N,\N,2,46,2026-12-31,3.00,1.00,0.00,0.00,f,2026-06-26 06:37:08,2026-06-26 06:35:08.98363,2026-06-30 08:40:07.557949,\N,\N,\N
130098,1278,1,5,\N,\N,\N,\N,2,42,2026-12-31,5.00,0.00,0.00,0.00,f,2026-06-26 06:37:08,2026-06-26 06:35:08.98363,2026-06-29 08:15:27.760212,\N,\N,\N
130125,1308,1,5,\N,\N,\N,\N,2,46,2026-12-31,12.00,0.00,0.00,0.00,f,2026-06-26 06:37:08,2026-06-26 06:35:08.98363,2026-06-30 08:40:07.557949,\N,\N,\N
130199,520,1,5,\N,\N,\N,\N,2,2,2026-12-31,5.00,1.00,0.00,0.00,f,2026-06-26 06:37:08,2026-06-26 06:35:08.98363,2026-07-06 05:06:36.846446,\N,\N,\N
130200,521,1,5,\N,\N,\N,\N,2,2,2026-12-31,7.00,3.00,0.00,0.00,f,2026-06-26 06:37:08,2026-06-26 06:35:08.98363,2026-07-10 14:36:17.707794,\N,\N,\N
130274,2148,1,5,\N,\N,\N,\N,2,2,2026-12-31,25.00,4.00,0.00,0.00,f,2026-06-26 06:37:09,2026-06-26 06:35:08.98363,2026-07-01 07:21:17.65622,\N,\N,\N
130250,1836,1,5,\N,\N,\N,\N,2,2,2026-12-31,40.00,7.00,0.00,0.00,f,2026-06-26 06:37:09,2026-06-26 06:35:08.98363,2026-07-28 12:21:12.910846,\N,\N,\N
130225,1184,1,5,\N,\N,\N,\N,2,2,2026-12-31,2.00,0.00,0.00,0.00,f,2026-06-26 06:37:08,2026-06-26 06:35:08.98363,2026-06-26 06:36:59.469977,\N,\N,\N
130195,516,1,5,\N,\N,\N,\N,2,2,2026-12-31,5.00,1.00,0.00,0.00,f,2026-06-26 06:37:08,2026-06-26 06:35:08.98363,2026-07-14 06:06:44.528058,\N,\N,\N
130228,1187,1,5,\N,\N,\N,\N,2,2,2026-12-31,1.00,0.00,0.00,0.00,f,2026-06-26 06:37:08,2026-06-26 06:35:08.98363,2026-06-26 06:36:59.469977,\N,\N,\N
130248,1875,1,5,\N,\N,\N,\N,2,2,2026-12-31,11.00,3.00,0.00,0.00,f,2026-06-26 06:37:08,2026-06-26 06:35:08.98363,2026-07-29 01:21:25.930945,\N,\N,\N
130271,2299,1,5,\N,\N,\N,\N,2,2,2026-12-31,9.00,1.00,0.00,0.00,f,2026-06-26 06:37:09,2026-06-26 06:35:08.98363,2026-07-29 10:21:56.490286,\N,\N,\N
130209,1166,1,5,\N,\N,\N,\N,2,2,2026-12-31,13.00,1.00,0.00,0.00,f,2026-06-26 06:37:08,2026-06-26 06:35:08.98363,2026-07-25 03:06:14.88679,\N,\N,\N
130240,1830,1,5,\N,\N,\N,\N,2,42,2026-12-31,40.00,5.00,0.00,0.00,f,2026-06-26 06:37:08,2026-06-26 06:35:08.98363,2026-06-30 08:40:06.67395,\N,\N,\N
130207,1164,1,5,\N,\N,\N,\N,2,2,2026-12-31,19.00,12.00,0.00,0.00,f,2026-06-26 06:37:08,2026-06-26 06:35:08.98363,2026-07-25 05:06:46.77374,\N,\N,\N
130210,1167,1,5,\N,\N,\N,\N,2,2,2026-12-31,3.00,1.00,0.00,0.00,f,2026-06-26 06:37:08,2026-06-26 06:35:08.98363,2026-07-25 06:51:40.825541,\N,\N,\N
130191,528,1,5,\N,\N,\N,\N,2,2,2026-12-31,3.00,1.00,0.00,0.00,f,2026-06-26 06:37:08,2026-06-26 06:35:08.98363,2026-07-06 23:36:15.028623,\N,\N,\N
130235,1817,1,5,\N,\N,\N,\N,2,2,2026-12-31,40.00,32.00,0.00,0.00,f,2026-06-26 06:37:08,2026-06-26 06:35:08.98363,2026-07-30 22:36:12.61906,\N,\N,\N
130247,1874,1,5,\N,\N,\N,\N,2,2,2026-12-31,21.00,7.00,0.00,0.00,f,2026-06-26 06:37:08,2026-06-26 06:35:08.98363,2026-07-31 12:36:25.32664,\N,\N,\N
130205,1162,1,5,\N,\N,\N,\N,2,2,2026-12-31,30.00,11.00,0.00,0.00,f,2026-06-26 06:37:08,2026-06-26 06:35:08.98363,2026-07-31 15:51:57.874424,\N,\N,\N
130196,517,1,5,\N,\N,\N,\N,2,2,2026-12-31,5.00,3.00,0.00,0.00,f,2026-06-26 06:37:08,2026-06-26 06:35:08.98363,2026-08-02 02:06:11.021201,\N,\N,\N
130260,1818,1,5,\N,\N,\N,\N,2,2,2026-12-31,1.00,0.00,0.00,0.00,f,2026-06-26 06:37:09,2026-06-26 06:35:08.98363,2026-06-26 06:36:59.469977,\N,\N,\N
130261,2295,1,5,\N,\N,\N,\N,2,2,2026-12-31,2.00,0.00,0.00,0.00,f,2026-06-26 06:37:09,2026-06-26 06:35:08.98363,2026-06-26 06:36:59.469977,\N,\N,\N
130270,1883,1,5,\N,\N,\N,\N,2,42,2026-12-31,12.00,4.00,0.00,0.00,f,2026-06-26 06:37:09,2026-06-26 06:35:08.98363,2026-06-29 08:41:47.502086,\N,\N,\N
130198,519,1,5,\N,\N,\N,\N,2,2,2026-12-31,11.00,4.00,0.00,0.00,f,2026-06-26 06:37:08,2026-06-26 06:35:08.98363,2026-07-04 11:36:44.233293,\N,\N,\N
130281,510,1,5,\N,\N,\N,\N,2,2,2026-12-31,8.00,0.00,0.00,0.00,f,2026-06-26 06:37:09,2026-06-26 06:35:08.98363,2026-06-26 06:36:59.469977,\N,\N,\N
130282,511,1,5,\N,\N,\N,\N,2,2,2026-12-31,23.00,0.00,0.00,0.00,f,2026-06-26 06:37:09,2026-06-26 06:35:08.98363,2026-06-26 06:36:59.469977,\N,\N,\N
130224,1183,1,5,\N,\N,\N,\N,2,2,2026-12-31,4.00,1.00,0.00,0.00,f,2026-06-26 06:37:08,2026-06-26 06:35:08.98363,2026-07-05 14:07:09.380077,\N,\N,\N
130194,515,1,5,\N,\N,\N,\N,2,61,2026-12-31,1.00,1.00,0.00,0.00,f,2026-06-26 06:37:08,2026-06-26 06:35:08.98363,2026-06-30 08:40:08.684148,\N,\N,\N
130269,1882,1,5,\N,\N,\N,\N,2,42,2026-12-31,4.00,0.00,0.00,0.00,f,2026-06-26 06:37:09,2026-06-26 06:35:08.98363,2026-06-29 08:15:27.760212,\N,\N,\N
130201,522,1,5,\N,\N,\N,\N,2,2,2026-12-31,8.00,2.00,0.00,0.00,f,2026-06-26 06:37:08,2026-06-26 06:35:08.98363,2026-07-27 03:06:26.517538,\N,\N,\N
130211,2309,1,5,\N,\N,\N,\N,2,2,2026-12-31,2.00,1.00,0.00,0.00,f,2026-06-26 06:37:08,2026-06-26 06:35:08.98363,2026-07-05 17:21:20.558182,\N,\N,\N
130262,1842,1,5,\N,\N,\N,\N,2,42,2026-12-31,5.00,0.00,0.00,0.00,f,2026-06-26 06:37:09,2026-06-26 06:35:08.98363,2026-06-30 08:40:06.67395,\N,\N,\N
130197,518,1,5,\N,\N,\N,\N,2,2,2026-12-31,15.00,9.00,0.00,0.00,f,2026-06-26 06:37:08,2026-06-26 06:35:08.98363,2026-07-27 17:21:29.684055,\N,\N,\N
130272,2146,1,5,\N,\N,\N,\N,2,46,2026-12-31,38.00,11.00,0.00,0.00,f,2026-06-26 06:37:09,2026-06-26 06:35:08.98363,2026-06-30 08:40:07.557949,\N,\N,\N
130193,530,1,5,\N,\N,\N,\N,2,2,2026-12-31,2.00,1.00,0.00,0.00,f,2026-06-26 06:37:08,2026-06-26 06:35:08.98363,2026-07-06 02:51:41.681203,\N,\N,\N
130223,1182,1,5,\N,\N,\N,\N,2,2,2026-12-31,6.00,3.00,0.00,0.00,f,2026-06-26 06:37:08,2026-06-26 06:35:08.98363,2026-07-09 03:21:22.699529,\N,\N,\N
130192,529,1,5,\N,\N,\N,\N,2,2,2026-12-31,4.00,3.00,0.00,0.00,f,2026-06-26 06:37:08,2026-06-26 06:35:08.98363,2026-07-10 14:06:41.74011,\N,\N,\N
130220,1178,1,5,\N,\N,\N,\N,2,2,2026-12-31,18.00,7.00,0.00,0.00,f,2026-06-26 06:37:08,2026-06-26 06:35:08.98363,2026-07-28 04:06:11.570477,\N,\N,\N
130319,2318,1,5,\N,\N,\N,\N,2,42,2026-12-31,13.00,2.00,0.00,0.00,f,2026-06-26 06:37:09,2026-06-26 06:35:08.98363,2026-06-30 08:40:06.67395,\N,\N,\N
130384,790,1,5,\N,\N,\N,\N,2,2,2026-12-31,22.00,1.00,0.00,0.00,f,2026-06-26 06:37:09,2026-06-26 06:35:08.98363,2026-06-29 22:07:01.865013,\N,\N,\N
130299,2183,1,5,\N,\N,\N,\N,2,42,2026-12-31,3.00,0.00,0.00,0.00,f,2026-06-26 06:37:09,2026-06-26 06:35:08.98363,2026-06-30 08:40:06.67395,\N,\N,\N
130376,2375,1,5,\N,\N,\N,\N,2,42,2026-12-31,12.00,1.00,0.00,0.00,f,2026-06-26 06:37:09,2026-06-26 06:35:08.98363,2026-06-29 08:15:27.760212,\N,\N,\N
130381,788,1,5,\N,\N,\N,\N,2,2,2026-12-31,30.00,1.00,0.00,0.00,f,2026-06-26 06:37:09,2026-06-26 06:35:08.98363,2026-07-06 23:06:17.878586,\N,\N,\N
130307,1471,1,5,\N,\N,\N,\N,2,2,2026-12-31,30.00,18.00,0.00,0.00,f,2026-06-26 06:37:09,2026-06-26 06:35:08.98363,2026-07-29 07:36:14.84569,\N,\N,\N
130308,1472,1,5,\N,\N,\N,\N,2,2,2026-12-31,6.00,2.00,0.00,0.00,f,2026-06-26 06:37:09,2026-06-26 06:35:08.98363,2026-07-29 08:51:46.018564,\N,\N,\N
130350,1445,1,5,\N,\N,\N,\N,2,2,2026-12-31,1.00,0.00,0.00,0.00,f,2026-06-26 06:37:09,2026-06-26 06:35:08.98363,2026-06-26 06:36:59.469977,\N,\N,\N
130351,1446,1,5,\N,\N,\N,\N,2,2,2026-12-31,1.00,0.00,0.00,0.00,f,2026-06-26 06:37:09,2026-06-26 06:35:08.98363,2026-06-26 06:36:59.469977,\N,\N,\N
130353,1448,1,5,\N,\N,\N,\N,2,2,2026-12-31,1.00,0.00,0.00,0.00,f,2026-06-26 06:37:09,2026-06-26 06:35:08.98363,2026-06-26 06:36:59.469977,\N,\N,\N
130305,1469,1,5,\N,\N,\N,\N,2,2,2026-12-31,29.00,26.00,0.00,0.00,f,2026-06-26 06:37:09,2026-06-26 06:35:08.98363,2026-07-30 14:51:11.549703,\N,\N,\N
130362,231,1,5,\N,\N,\N,\N,2,2,2026-12-31,3.00,0.00,0.00,0.00,f,2026-06-26 06:37:09,2026-06-26 06:35:08.98363,2026-06-26 06:36:59.469977,\N,\N,\N
130370,2370,1,5,\N,\N,\N,\N,2,2,2026-12-31,3.00,0.00,0.00,0.00,f,2026-06-26 06:37:09,2026-06-26 06:35:08.98363,2026-06-26 06:36:59.469977,\N,\N,\N
130372,2371,1,5,\N,\N,\N,\N,2,2,2026-12-31,5.00,0.00,0.00,0.00,f,2026-06-26 06:37:09,2026-06-26 06:35:08.98363,2026-06-26 06:36:59.469977,\N,\N,\N
130374,2373,1,5,\N,\N,\N,\N,2,2,2026-12-31,5.00,0.00,0.00,0.00,f,2026-06-26 06:37:09,2026-06-26 06:35:08.98363,2026-06-26 06:36:59.469977,\N,\N,\N
130394,833,1,5,\N,\N,\N,\N,2,2,2026-12-31,1.00,0.00,0.00,0.00,f,2026-06-26 06:37:09,2026-06-26 06:35:08.98363,2026-06-26 06:36:59.469977,\N,\N,\N
130400,838,1,5,\N,\N,\N,\N,2,2,2026-12-31,8.00,0.00,0.00,0.00,f,2026-06-26 06:37:09,2026-06-26 06:35:08.98363,2026-06-26 06:36:59.469977,\N,\N,\N
130373,2372,1,5,\N,\N,\N,\N,2,61,2026-12-31,6.00,2.00,0.00,0.00,f,2026-06-26 06:37:09,2026-06-26 06:35:08.98363,2026-06-26 11:06:35.489617,\N,\N,\N
130377,784,1,5,\N,\N,\N,\N,2,61,2026-12-31,1.00,1.00,0.00,0.00,f,2026-06-26 06:37:09,2026-06-26 06:35:08.98363,2026-06-26 11:06:35.489617,\N,\N,\N
130296,2180,1,5,\N,\N,\N,\N,2,42,2026-12-31,6.00,0.00,0.00,0.00,f,2026-06-26 06:37:09,2026-06-26 06:35:08.98363,2026-06-29 08:15:27.760212,\N,\N,\N
130297,2186,1,5,\N,\N,\N,\N,2,42,2026-12-31,6.00,0.00,0.00,0.00,f,2026-06-26 06:37:09,2026-06-26 06:35:08.98363,2026-06-29 08:15:27.760212,\N,\N,\N
130298,2182,1,5,\N,\N,\N,\N,2,42,2026-12-31,6.00,0.00,0.00,0.00,f,2026-06-26 06:37:09,2026-06-26 06:35:08.98363,2026-06-29 08:15:27.760212,\N,\N,\N
130354,211,1,5,\N,\N,\N,\N,2,46,2026-12-31,71.00,0.00,0.00,0.00,f,2026-06-26 06:37:09,2026-06-26 06:35:08.98363,2026-06-30 08:40:07.557949,\N,\N,\N
130371,2369,1,5,\N,\N,\N,\N,2,46,2026-12-31,3.00,0.00,0.00,0.00,f,2026-06-26 06:37:09,2026-06-26 06:35:08.98363,2026-06-30 08:40:07.557949,\N,\N,\N
130355,212,1,5,\N,\N,\N,\N,2,42,2026-12-31,154.00,0.00,0.00,0.00,f,2026-06-26 06:37:09,2026-06-26 06:35:08.98363,2026-06-29 08:15:27.760212,\N,\N,\N
130329,2321,1,5,\N,\N,\N,\N,2,38,2026-12-31,8.00,2.00,0.00,0.00,f,2026-06-26 06:37:09,2026-06-26 06:35:08.98363,2026-06-26 11:30:50.487622,\N,\N,\N
130375,2374,1,5,\N,\N,\N,\N,2,42,2026-12-31,9.00,0.00,0.00,0.00,f,2026-06-26 06:37:09,2026-06-26 06:35:08.98363,2026-06-29 08:15:27.760212,\N,\N,\N
130474,900,1,5,\N,\N,\N,\N,2,42,2026-12-31,2.00,0.00,0.00,0.00,f,2026-06-26 06:37:09,2026-06-26 06:35:08.98363,2026-06-29 08:41:47.502086,\N,\N,\N
130447,1825,1,5,\N,\N,\N,\N,2,2,2026-12-31,6.00,1.00,0.00,0.00,f,2026-06-26 06:37:09,2026-06-26 06:35:08.98363,2026-06-29 08:51:23.906542,\N,\N,\N
130448,1826,1,5,\N,\N,\N,\N,2,2,2026-12-31,10.00,1.00,0.00,0.00,f,2026-06-26 06:37:09,2026-06-26 06:35:08.98363,2026-07-01 09:06:27.068942,\N,\N,\N
130412,2357,1,5,\N,\N,\N,\N,2,2,2026-12-31,11.00,11.00,0.00,0.00,f,2026-06-26 06:37:09,2026-06-26 06:35:08.98363,2026-07-15 06:36:54.101804,\N,\N,\N
130462,1197,1,5,\N,\N,\N,\N,2,2,2026-12-31,2.00,1.00,0.00,0.00,f,2026-06-26 06:37:09,2026-06-26 06:35:08.98363,2026-07-06 22:51:11.481935,\N,\N,\N
130430,1557,1,5,\N,\N,\N,\N,2,2,2026-12-31,1.00,1.00,0.00,0.00,f,2026-06-26 06:37:09,2026-06-26 06:35:08.98363,2026-07-23 06:51:47.673867,\N,\N,\N
130466,856,1,5,\N,\N,\N,\N,2,42,2026-12-31,11.00,0.00,0.00,0.00,f,2026-06-26 06:37:09,2026-06-26 06:35:08.98363,2026-06-30 08:40:06.67395,\N,\N,\N
130436,1488,1,5,\N,\N,\N,\N,2,2,2026-12-31,7.00,1.00,0.00,0.00,f,2026-06-26 06:37:09,2026-06-26 06:35:08.98363,2026-07-27 18:06:12.16832,\N,\N,\N
130464,1199,1,5,\N,\N,\N,\N,2,2,2026-12-31,3.00,2.00,0.00,0.00,f,2026-06-26 06:37:09,2026-06-26 06:35:08.98363,2026-07-07 13:21:44.199122,\N,\N,\N
130459,1193,1,5,\N,\N,\N,\N,2,2,2026-12-31,5.00,1.00,0.00,0.00,f,2026-06-26 06:37:09,2026-06-26 06:35:08.98363,2026-07-10 08:06:40.113631,\N,\N,\N
130408,806,1,5,\N,\N,\N,\N,2,2,2026-12-31,13.00,2.00,0.00,0.00,f,2026-06-26 06:37:09,2026-06-26 06:35:08.98363,2026-07-28 11:06:41.512893,\N,\N,\N
130420,2368,1,5,\N,\N,\N,\N,2,2,2026-12-31,4.00,0.00,0.00,0.00,f,2026-06-26 06:37:09,2026-06-26 06:35:08.98363,2026-06-26 06:36:59.469977,\N,\N,\N
130443,1850,1,5,\N,\N,\N,\N,2,2,2026-12-31,1.00,1.00,0.00,0.00,f,2026-06-26 06:37:09,2026-06-26 06:35:08.98363,2026-07-28 17:36:07.771814,\N,\N,\N
130442,1849,1,5,\N,\N,\N,\N,2,2,2026-12-31,10.00,1.00,0.00,0.00,f,2026-06-26 06:37:09,2026-06-26 06:35:08.98363,2026-07-30 05:21:13.944355,\N,\N,\N
130439,1492,1,5,\N,\N,\N,\N,2,2,2026-12-31,5.00,1.00,0.00,0.00,f,2026-06-26 06:37:09,2026-06-26 06:35:08.98363,2026-07-31 15:06:17.568649,\N,\N,\N
130425,1798,1,5,\N,\N,\N,\N,2,2,2026-12-31,1.00,0.00,0.00,0.00,f,2026-06-26 06:37:09,2026-06-26 06:35:08.98363,2026-06-26 06:36:59.469977,\N,\N,\N
130427,1800,1,5,\N,\N,\N,\N,2,2,2026-12-31,1.00,0.00,0.00,0.00,f,2026-06-26 06:37:09,2026-06-26 06:35:08.98363,2026-06-26 06:36:59.469977,\N,\N,\N
130415,2360,1,5,\N,\N,\N,\N,2,2,2026-12-31,5.00,5.00,0.00,0.00,f,2026-06-26 06:37:09,2026-06-26 06:35:08.98363,2026-07-13 23:21:57.343224,\N,\N,\N
130434,1486,1,5,\N,\N,\N,\N,2,2,2026-12-31,2.00,0.00,0.00,0.00,f,2026-06-26 06:37:09,2026-06-26 06:35:08.98363,2026-06-26 06:36:59.469977,\N,\N,\N
130435,1487,1,5,\N,\N,\N,\N,2,2,2026-12-31,2.00,0.00,0.00,0.00,f,2026-06-26 06:37:09,2026-06-26 06:35:08.98363,2026-06-26 06:36:59.469977,\N,\N,\N
130441,1848,1,5,\N,\N,\N,\N,2,2,2026-12-31,14.00,3.00,0.00,0.00,f,2026-06-26 06:37:09,2026-06-26 06:35:08.98363,2026-07-14 10:51:45.107453,\N,\N,\N
130440,2317,1,5,\N,\N,\N,\N,2,2,2026-12-31,4.00,0.00,0.00,0.00,f,2026-06-26 06:37:09,2026-06-26 06:35:08.98363,2026-06-26 06:36:59.469977,\N,\N,\N
130444,1887,1,5,\N,\N,\N,\N,2,2,2026-12-31,1.00,0.00,0.00,0.00,f,2026-06-26 06:37:09,2026-06-26 06:35:08.98363,2026-06-26 06:36:59.469977,\N,\N,\N
130445,2300,1,5,\N,\N,\N,\N,2,2,2026-12-31,1.00,0.00,0.00,0.00,f,2026-06-26 06:37:09,2026-06-26 06:35:08.98363,2026-06-26 06:36:59.469977,\N,\N,\N
130449,1827,1,5,\N,\N,\N,\N,2,2,2026-12-31,8.00,0.00,0.00,0.00,f,2026-06-26 06:37:09,2026-06-26 06:35:08.98363,2026-06-26 06:36:59.469977,\N,\N,\N
130450,1828,1,5,\N,\N,\N,\N,2,2,2026-12-31,9.00,0.00,0.00,0.00,f,2026-06-26 06:37:09,2026-06-26 06:35:08.98363,2026-06-26 06:36:59.469977,\N,\N,\N
130451,1829,1,5,\N,\N,\N,\N,2,2,2026-12-31,6.00,0.00,0.00,0.00,f,2026-06-26 06:37:09,2026-06-26 06:35:08.98363,2026-06-26 06:36:59.469977,\N,\N,\N
130452,1870,1,5,\N,\N,\N,\N,2,2,2026-12-31,2.00,0.00,0.00,0.00,f,2026-06-26 06:37:09,2026-06-26 06:35:08.98363,2026-06-26 06:36:59.469977,\N,\N,\N
130453,1871,1,5,\N,\N,\N,\N,2,2,2026-12-31,2.00,0.00,0.00,0.00,f,2026-06-26 06:37:09,2026-06-26 06:35:08.98363,2026-06-26 06:36:59.469977,\N,\N,\N
130454,2296,1,5,\N,\N,\N,\N,2,2,2026-12-31,2.00,0.00,0.00,0.00,f,2026-06-26 06:37:09,2026-06-26 06:35:08.98363,2026-06-26 06:36:59.469977,\N,\N,\N
130470,871,1,5,\N,\N,\N,\N,2,42,2026-12-31,7.00,1.00,0.00,0.00,f,2026-06-26 06:37:09,2026-06-26 06:35:08.98363,2026-06-29 08:41:47.502086,\N,\N,\N
130456,1855,1,5,\N,\N,\N,\N,2,2,2026-12-31,1.00,0.00,0.00,0.00,f,2026-06-26 06:37:09,2026-06-26 06:35:08.98363,2026-06-26 06:36:59.469977,\N,\N,\N
130457,2301,1,5,\N,\N,\N,\N,2,2,2026-12-31,1.00,0.00,0.00,0.00,f,2026-06-26 06:37:09,2026-06-26 06:35:08.98363,2026-06-26 06:36:59.469977,\N,\N,\N
130461,1196,1,5,\N,\N,\N,\N,2,2,2026-12-31,2.00,0.00,0.00,0.00,f,2026-06-26 06:37:09,2026-06-26 06:35:08.98363,2026-06-26 06:36:59.469977,\N,\N,\N
130471,872,1,5,\N,\N,\N,\N,2,2,2026-12-31,5.00,0.00,0.00,0.00,f,2026-06-26 06:37:09,2026-06-26 06:35:08.98363,2026-06-26 06:36:59.469977,\N,\N,\N
130472,898,1,5,\N,\N,\N,\N,2,2,2026-12-31,1.00,0.00,0.00,0.00,f,2026-06-26 06:37:09,2026-06-26 06:35:08.98363,2026-06-26 06:36:59.469977,\N,\N,\N
130473,899,1,5,\N,\N,\N,\N,2,2,2026-12-31,4.00,0.00,0.00,0.00,f,2026-06-26 06:37:09,2026-06-26 06:35:08.98363,2026-06-26 06:36:59.469977,\N,\N,\N
130475,901,1,5,\N,\N,\N,\N,2,2,2026-12-31,2.00,0.00,0.00,0.00,f,2026-06-26 06:37:09,2026-06-26 06:35:08.98363,2026-06-26 06:36:59.469977,\N,\N,\N
130479,903,1,5,\N,\N,\N,\N,2,2,2026-12-31,2.00,0.00,0.00,0.00,f,2026-06-26 06:37:10,2026-06-26 06:35:08.98363,2026-06-26 06:36:59.469977,\N,\N,\N
130446,1824,1,5,\N,\N,\N,\N,2,61,2026-12-31,19.00,1.00,0.00,0.00,f,2026-06-26 06:37:09,2026-06-26 06:35:08.98363,2026-06-26 11:06:35.489617,\N,\N,\N
130419,2367,1,5,\N,\N,\N,\N,2,38,2026-12-31,1.00,1.00,0.00,0.00,f,2026-06-26 06:37:09,2026-06-26 06:35:08.98363,2026-06-26 11:30:50.487622,\N,\N,\N
130467,857,1,5,\N,\N,\N,\N,2,42,2026-12-31,23.00,0.00,0.00,0.00,f,2026-06-26 06:37:09,2026-06-26 06:35:08.98363,2026-06-29 08:15:27.760212,\N,\N,\N
130476,876,1,5,\N,\N,\N,\N,2,42,2026-12-31,1.00,0.00,0.00,0.00,f,2026-06-26 06:37:10,2026-06-26 06:35:08.98363,2026-06-29 08:15:27.760212,\N,\N,\N
130403,802,1,5,\N,\N,\N,\N,2,46,2026-12-31,6.00,0.00,0.00,0.00,f,2026-06-26 06:37:09,2026-06-26 06:35:08.98363,2026-06-30 08:40:07.557949,\N,\N,\N
130482,882,1,5,\N,\N,\N,\N,2,2,2026-12-31,4.00,0.00,0.00,0.00,f,2026-06-26 06:37:10,2026-06-26 06:35:08.98363,2026-06-26 06:36:59.469977,\N,\N,\N
130483,906,1,5,\N,\N,\N,\N,2,2,2026-12-31,1.00,0.00,0.00,0.00,f,2026-06-26 06:37:10,2026-06-26 06:35:08.98363,2026-06-26 06:36:59.469977,\N,\N,\N
130517,773,1,5,\N,\N,\N,\N,2,42,2026-12-31,4.00,0,0.00,0.00,f,2026-06-26 06:37:10,2026-06-26 06:35:08.98363,2026-06-30 08:40:06.67395,\N,\N,\N
130485,908,1,5,\N,\N,\N,\N,2,2,2026-12-31,2.00,0.00,0.00,0.00,f,2026-06-26 06:37:10,2026-06-26 06:35:08.98363,2026-06-26 06:36:59.469977,\N,\N,\N
130491,894,1,5,\N,\N,\N,\N,2,2,2026-12-31,7.00,0.00,0.00,0.00,f,2026-06-26 06:37:10,2026-06-26 06:35:08.98363,2026-06-26 06:36:59.469977,\N,\N,\N
130492,895,1,5,\N,\N,\N,\N,2,2,2026-12-31,4.00,0.00,0.00,0.00,f,2026-06-26 06:37:10,2026-06-26 06:35:08.98363,2026-06-26 06:36:59.469977,\N,\N,\N
130503,792,1,5,\N,\N,\N,\N,2,2,2026-12-31,2.00,0.00,0.00,0.00,f,2026-06-26 06:37:10,2026-06-26 06:35:08.98363,2026-06-26 06:36:59.469977,\N,\N,\N
130504,793,1,5,\N,\N,\N,\N,2,2,2026-12-31,1.00,0.00,0.00,0.00,f,2026-06-26 06:37:10,2026-06-26 06:35:08.98363,2026-06-26 06:36:59.469977,\N,\N,\N
130505,794,1,5,\N,\N,\N,\N,2,2,2026-12-31,2.00,0.00,0.00,0.00,f,2026-06-26 06:37:10,2026-06-26 06:35:08.98363,2026-06-26 06:36:59.469977,\N,\N,\N
130487,866,1,5,\N,\N,\N,\N,2,42,2026-12-31,13.00,0.00,0.00,0.00,f,2026-06-26 06:37:10,2026-06-26 06:35:08.98363,2026-06-29 08:41:47.502086,\N,\N,\N
130510,798,1,5,\N,\N,\N,\N,2,2,2026-12-31,3.00,0.00,0.00,0.00,f,2026-06-26 06:37:10,2026-06-26 06:35:08.98363,2026-06-26 06:36:59.469977,\N,\N,\N
130512,768,1,5,\N,\N,\N,\N,2,2,2026-12-31,1.00,0.00,0.00,0.00,f,2026-06-26 06:37:10,2026-06-26 06:35:08.98363,2026-06-26 06:36:59.469977,\N,\N,\N
130519,1694,1,5,\N,\N,\N,\N,2,2,2026-12-31,1.00,0.00,0.00,0.00,f,2026-06-26 06:37:10,2026-06-26 06:35:08.98363,2026-06-26 06:36:59.469977,\N,\N,\N
130520,1695,1,5,\N,\N,\N,\N,2,2,2026-12-31,1.00,0.00,0.00,0.00,f,2026-06-26 06:37:10,2026-06-26 06:35:08.98363,2026-06-26 06:36:59.469977,\N,\N,\N
130521,1696,1,5,\N,\N,\N,\N,2,2,2026-12-31,1.00,0.00,0.00,0.00,f,2026-06-26 06:37:10,2026-06-26 06:35:08.98363,2026-06-26 06:36:59.469977,\N,\N,\N
130522,1697,1,5,\N,\N,\N,\N,2,2,2026-12-31,4.00,0.00,0.00,0.00,f,2026-06-26 06:37:10,2026-06-26 06:35:08.98363,2026-06-26 06:36:59.469977,\N,\N,\N
130523,1698,1,5,\N,\N,\N,\N,2,2,2026-12-31,2.00,0.00,0.00,0.00,f,2026-06-26 06:37:10,2026-06-26 06:35:08.98363,2026-06-26 06:36:59.469977,\N,\N,\N
130524,1699,1,5,\N,\N,\N,\N,2,2,2026-12-31,1.00,0.00,0.00,0.00,f,2026-06-26 06:37:10,2026-06-26 06:35:08.98363,2026-06-26 06:36:59.469977,\N,\N,\N
130526,1701,1,5,\N,\N,\N,\N,2,2,2026-12-31,2.00,0.00,0.00,0.00,f,2026-06-26 06:37:10,2026-06-26 06:35:08.98363,2026-06-26 06:36:59.469977,\N,\N,\N
130527,1736,1,5,\N,\N,\N,\N,2,2,2026-12-31,1.00,0.00,0.00,0.00,f,2026-06-26 06:37:10,2026-06-26 06:35:08.98363,2026-06-26 06:36:59.469977,\N,\N,\N
130508,797,1,5,\N,\N,\N,\N,2,46,2026-12-31,5.00,0.00,0.00,0.00,f,2026-06-26 06:37:10,2026-06-26 06:35:08.98363,2026-06-30 08:40:07.557949,\N,\N,\N
130515,771,1,5,\N,\N,\N,\N,2,46,2026-12-31,5.00,0.00,0.00,0.00,f,2026-06-26 06:37:10,2026-06-26 06:35:08.98363,2026-06-30 08:40:07.557949,\N,\N,\N
130534,1733,1,5,\N,\N,\N,\N,2,2,2026-12-31,3.00,0.00,0.00,0.00,f,2026-06-26 06:37:10,2026-06-26 06:35:08.98363,2026-06-26 06:36:59.469977,\N,\N,\N
130516,772,1,5,\N,\N,\N,\N,2,46,2026-12-31,4.00,0.00,0.00,0.00,f,2026-06-26 06:37:10,2026-06-26 06:35:08.98363,2026-06-30 08:40:07.557949,\N,\N,\N
130536,1760,1,5,\N,\N,\N,\N,2,2,2026-12-31,1.00,0.00,0.00,0.00,f,2026-06-26 06:37:10,2026-06-26 06:35:08.98363,2026-06-26 06:36:59.469977,\N,\N,\N
130518,841,1,5,\N,\N,\N,\N,2,46,2026-12-31,4.00,0.00,0.00,0.00,f,2026-06-26 06:37:10,2026-06-26 06:35:08.98363,2026-06-30 08:40:07.557949,\N,\N,\N
130539,1763,1,5,\N,\N,\N,\N,2,2,2026-12-31,4.00,0.00,0.00,0.00,f,2026-06-26 06:37:10,2026-06-26 06:35:08.98363,2026-06-26 06:36:59.469977,\N,\N,\N
130540,1747,1,5,\N,\N,\N,\N,2,2,2026-12-31,1.00,0.00,0.00,0.00,f,2026-06-26 06:37:10,2026-06-26 06:35:08.98363,2026-06-26 06:36:59.469977,\N,\N,\N
130541,1739,1,5,\N,\N,\N,\N,2,2,2026-12-31,4.00,0.00,0.00,0.00,f,2026-06-26 06:37:10,2026-06-26 06:35:08.98363,2026-06-26 06:36:59.469977,\N,\N,\N
130542,1741,1,5,\N,\N,\N,\N,2,2,2026-12-31,1.00,0.00,0.00,0.00,f,2026-06-26 06:37:10,2026-06-26 06:35:08.98363,2026-06-26 06:36:59.469977,\N,\N,\N
130543,1742,1,5,\N,\N,\N,\N,2,2,2026-12-31,6.00,0.00,0.00,0.00,f,2026-06-26 06:37:10,2026-06-26 06:35:08.98363,2026-06-26 06:36:59.469977,\N,\N,\N
130546,1375,1,5,\N,\N,\N,\N,2,2,2026-12-31,1.00,0.00,0.00,0.00,f,2026-06-26 06:37:10,2026-06-26 06:35:08.98363,2026-06-26 06:36:59.469977,\N,\N,\N
130494,897,1,5,\N,\N,\N,\N,2,46,2026-12-31,16.00,2.00,0.00,0.00,f,2026-06-26 06:37:10,2026-06-26 06:35:08.98363,2026-06-30 08:40:07.557949,\N,\N,\N
130551,1370,1,5,\N,\N,\N,\N,2,2,2026-12-31,2.00,0.00,0.00,0.00,f,2026-06-26 06:37:10,2026-06-26 06:35:08.98363,2026-06-26 06:36:59.469977,\N,\N,\N
130552,1371,1,5,\N,\N,\N,\N,2,2,2026-12-31,2.00,0.00,0.00,0.00,f,2026-06-26 06:37:10,2026-06-26 06:35:08.98363,2026-06-26 06:36:59.469977,\N,\N,\N
130554,1373,1,5,\N,\N,\N,\N,2,2,2026-12-31,4.00,0.00,0.00,0.00,f,2026-06-26 06:37:10,2026-06-26 06:35:08.98363,2026-06-26 06:36:59.469977,\N,\N,\N
130556,1397,1,5,\N,\N,\N,\N,2,2,2026-12-31,1.00,0.00,0.00,0.00,f,2026-06-26 06:37:10,2026-06-26 06:35:08.98363,2026-06-26 06:36:59.469977,\N,\N,\N
130486,909,1,5,\N,\N,\N,\N,2,61,2026-12-31,3.00,1.00,0.00,0.00,f,2026-06-26 06:37:10,2026-06-26 06:35:08.98363,2026-06-26 11:06:35.489617,\N,\N,\N
130493,896,1,5,\N,\N,\N,\N,2,42,2026-12-31,7.00,0.00,0.00,0.00,f,2026-06-26 06:37:10,2026-06-26 06:35:08.98363,2026-06-29 08:15:27.760212,\N,\N,\N
130544,1743,1,5,\N,\N,\N,\N,2,61,2026-12-31,8.00,1.00,0.00,0.00,f,2026-06-26 06:37:10,2026-06-26 06:35:08.98363,2026-06-26 11:06:35.489617,\N,\N,\N
130545,1744,1,5,\N,\N,\N,\N,2,61,2026-12-31,3.00,1.00,0.00,0.00,f,2026-06-26 06:37:10,2026-06-26 06:35:08.98363,2026-06-26 11:06:35.489617,\N,\N,\N
130547,1366,1,5,\N,\N,\N,\N,2,38,2026-12-31,10.00,1.00,0.00,0.00,f,2026-06-26 06:37:10,2026-06-26 06:35:08.98363,2026-06-26 11:30:50.487622,\N,\N,\N
130550,1369,1,5,\N,\N,\N,\N,2,38,2026-12-31,8.00,1.00,0.00,0.00,f,2026-06-26 06:37:10,2026-06-26 06:35:08.98363,2026-06-26 11:30:50.487622,\N,\N,\N
130488,867,1,5,\N,\N,\N,\N,2,42,2026-12-31,9.00,0.00,0.00,0.00,f,2026-06-26 06:37:10,2026-06-26 06:35:08.98363,2026-06-29 08:15:27.760212,\N,\N,\N
130506,795,1,5,\N,\N,\N,\N,2,42,2026-12-31,1.00,0.00,0.00,0.00,f,2026-06-26 06:37:10,2026-06-26 06:35:08.98363,2026-06-29 08:15:27.760212,\N,\N,\N
130495,759,1,5,\N,\N,\N,\N,2,42,2026-12-31,1.00,0.00,0.00,0.00,f,2026-06-26 06:37:10,2026-06-26 06:35:08.98363,2026-06-29 08:15:27.760212,\N,\N,\N
130502,766,1,5,\N,\N,\N,\N,2,42,2026-12-31,8.00,0.00,0.00,0.00,f,2026-06-26 06:37:10,2026-06-26 06:35:08.98363,2026-06-29 08:15:27.760212,\N,\N,\N
130507,796,1,5,\N,\N,\N,\N,2,42,2026-12-31,3.00,0.00,0.00,0.00,f,2026-06-26 06:37:10,2026-06-26 06:35:08.98363,2026-06-29 08:15:27.760212,\N,\N,\N
130511,767,1,5,\N,\N,\N,\N,2,42,2026-12-31,1.00,0.00,0.00,0.00,f,2026-06-26 06:37:10,2026-06-26 06:35:08.98363,2026-06-29 08:15:27.760212,\N,\N,\N
130514,770,1,5,\N,\N,\N,\N,2,42,2026-12-31,2.00,0.00,0.00,0.00,f,2026-06-26 06:37:10,2026-06-26 06:35:08.98363,2026-06-29 08:15:27.760212,\N,\N,\N
130489,868,1,5,\N,\N,\N,\N,2,42,2026-12-31,1.00,0.00,0.00,0.00,f,2026-06-26 06:37:10,2026-06-26 06:35:08.98363,2026-06-29 08:15:27.760212,\N,\N,\N
130480,904,1,5,\N,\N,\N,\N,2,42,2026-12-31,5.00,0.00,0.00,0.00,f,2026-06-26 06:37:10,2026-06-26 06:35:08.98363,2026-06-29 08:15:27.760212,\N,\N,\N
130481,905,1,5,\N,\N,\N,\N,2,42,2026-12-31,1.00,0.00,0.00,0.00,f,2026-06-26 06:37:10,2026-06-26 06:35:08.98363,2026-06-29 08:15:27.760212,\N,\N,\N
130616,2169,1,5,\N,\N,\N,\N,2,62,2026-12-31,1.00,1.00,0.00,0.00,f,2026-06-26 06:37:10,2026-06-26 06:35:08.98363,2026-06-27 05:28:51.220152,\N,\N,\N
130614,2167,1,5,\N,\N,\N,\N,2,62,2026-12-31,2.00,1.00,0.00,0.00,f,2026-06-26 06:37:10,2026-06-26 06:35:08.98363,2026-06-27 05:28:51.220152,\N,\N,\N
130562,1393,1,5,\N,\N,\N,\N,2,2,2026-12-31,7.00,0.00,0.00,0.00,f,2026-06-26 06:37:10,2026-06-26 06:35:08.98363,2026-06-26 06:36:59.469977,\N,\N,\N
130565,1396,1,5,\N,\N,\N,\N,2,2,2026-12-31,1.00,0.00,0.00,0.00,f,2026-06-26 06:37:10,2026-06-26 06:35:08.98363,2026-06-26 06:36:59.469977,\N,\N,\N
130566,1421,1,5,\N,\N,\N,\N,2,2,2026-12-31,3.00,0.00,0.00,0.00,f,2026-06-26 06:37:10,2026-06-26 06:35:08.98363,2026-06-26 06:36:59.469977,\N,\N,\N
130567,1422,1,5,\N,\N,\N,\N,2,2,2026-12-31,6.00,0.00,0.00,0.00,f,2026-06-26 06:37:10,2026-06-26 06:35:08.98363,2026-06-26 06:36:59.469977,\N,\N,\N
130569,1424,1,5,\N,\N,\N,\N,2,2,2026-12-31,6.00,0.00,0.00,0.00,f,2026-06-26 06:37:10,2026-06-26 06:35:08.98363,2026-06-26 06:36:59.469977,\N,\N,\N
130570,1425,1,5,\N,\N,\N,\N,2,2,2026-12-31,6.00,0.00,0.00,0.00,f,2026-06-26 06:37:10,2026-06-26 06:35:08.98363,2026-06-26 06:36:59.469977,\N,\N,\N
130571,1426,1,5,\N,\N,\N,\N,2,2,2026-12-31,2.00,0.00,0.00,0.00,f,2026-06-26 06:37:10,2026-06-26 06:35:08.98363,2026-06-26 06:36:59.469977,\N,\N,\N
130572,1427,1,5,\N,\N,\N,\N,2,2,2026-12-31,4.00,0.00,0.00,0.00,f,2026-06-26 06:37:10,2026-06-26 06:35:08.98363,2026-06-26 06:36:59.469977,\N,\N,\N
130573,1428,1,5,\N,\N,\N,\N,2,2,2026-12-31,2.00,0.00,0.00,0.00,f,2026-06-26 06:37:10,2026-06-26 06:35:08.98363,2026-06-26 06:36:59.469977,\N,\N,\N
130574,1386,1,5,\N,\N,\N,\N,2,2,2026-12-31,2.00,0.00,0.00,0.00,f,2026-06-26 06:37:10,2026-06-26 06:35:08.98363,2026-06-26 06:36:59.469977,\N,\N,\N
130575,404,1,5,\N,\N,\N,\N,2,2,2026-12-31,1.00,0.00,0.00,0.00,f,2026-06-26 06:37:10,2026-06-26 06:35:08.98363,2026-06-26 06:36:59.469977,\N,\N,\N
130576,406,1,5,\N,\N,\N,\N,2,2,2026-12-31,1.00,0.00,0.00,0.00,f,2026-06-26 06:37:10,2026-06-26 06:35:08.98363,2026-06-26 06:36:59.469977,\N,\N,\N
130577,408,1,5,\N,\N,\N,\N,2,2,2026-12-31,1.00,0.00,0.00,0.00,f,2026-06-26 06:37:10,2026-06-26 06:35:08.98363,2026-06-26 06:36:59.469977,\N,\N,\N
130578,1124,1,5,\N,\N,\N,\N,2,2,2026-12-31,3.00,0.00,0.00,0.00,f,2026-06-26 06:37:10,2026-06-26 06:35:08.98363,2026-06-26 06:36:59.469977,\N,\N,\N
130579,1125,1,5,\N,\N,\N,\N,2,2,2026-12-31,12.00,0.00,0.00,0.00,f,2026-06-26 06:37:10,2026-06-26 06:35:08.98363,2026-06-26 06:36:59.469977,\N,\N,\N
130583,1132,1,5,\N,\N,\N,\N,2,2,2026-12-31,7.00,0.00,0.00,0.00,f,2026-06-26 06:37:10,2026-06-26 06:35:08.98363,2026-06-26 06:36:59.469977,\N,\N,\N
130584,1128,1,5,\N,\N,\N,\N,2,2,2026-12-31,12.00,0.00,0.00,0.00,f,2026-06-26 06:37:10,2026-06-26 06:35:08.98363,2026-06-26 06:36:59.469977,\N,\N,\N
130589,1091,1,5,\N,\N,\N,\N,2,2,2026-12-31,4.00,0.00,0.00,0.00,f,2026-06-26 06:37:10,2026-06-26 06:35:08.98363,2026-06-26 06:36:59.469977,\N,\N,\N
130590,1092,1,5,\N,\N,\N,\N,2,2,2026-12-31,3.00,0.00,0.00,0.00,f,2026-06-26 06:37:10,2026-06-26 06:35:08.98363,2026-06-26 06:36:59.469977,\N,\N,\N
130591,1093,1,5,\N,\N,\N,\N,2,2,2026-12-31,3.00,0.00,0.00,0.00,f,2026-06-26 06:37:10,2026-06-26 06:35:08.98363,2026-06-26 06:36:59.469977,\N,\N,\N
130592,1095,1,5,\N,\N,\N,\N,2,2,2026-12-31,7.00,0.00,0.00,0.00,f,2026-06-26 06:37:10,2026-06-26 06:35:08.98363,2026-06-26 06:36:59.469977,\N,\N,\N
130593,1096,1,5,\N,\N,\N,\N,2,2,2026-12-31,8.00,0.00,0.00,0.00,f,2026-06-26 06:37:10,2026-06-26 06:35:08.98363,2026-06-26 06:36:59.469977,\N,\N,\N
130594,1097,1,5,\N,\N,\N,\N,2,2,2026-12-31,7.00,0.00,0.00,0.00,f,2026-06-26 06:37:10,2026-06-26 06:35:08.98363,2026-06-26 06:36:59.469977,\N,\N,\N
130595,1098,1,5,\N,\N,\N,\N,2,2,2026-12-31,6.00,0.00,0.00,0.00,f,2026-06-26 06:37:10,2026-06-26 06:35:08.98363,2026-06-26 06:36:59.469977,\N,\N,\N
130596,1099,1,5,\N,\N,\N,\N,2,2,2026-12-31,1.00,0.00,0.00,0.00,f,2026-06-26 06:37:10,2026-06-26 06:35:08.98363,2026-06-26 06:36:59.469977,\N,\N,\N
130597,1100,1,5,\N,\N,\N,\N,2,2,2026-12-31,1.00,0.00,0.00,0.00,f,2026-06-26 06:37:10,2026-06-26 06:35:08.98363,2026-06-26 06:36:59.469977,\N,\N,\N
130598,489,1,5,\N,\N,\N,\N,2,2,2026-12-31,13.00,0.00,0.00,0.00,f,2026-06-26 06:37:10,2026-06-26 06:35:08.98363,2026-06-26 06:36:59.469977,\N,\N,\N
130599,490,1,5,\N,\N,\N,\N,2,2,2026-12-31,1.00,0.00,0.00,0.00,f,2026-06-26 06:37:10,2026-06-26 06:35:08.98363,2026-06-26 06:36:59.469977,\N,\N,\N
130600,491,1,5,\N,\N,\N,\N,2,2,2026-12-31,3.00,0.00,0.00,0.00,f,2026-06-26 06:37:10,2026-06-26 06:35:08.98363,2026-06-26 06:36:59.469977,\N,\N,\N
130601,493,1,5,\N,\N,\N,\N,2,2,2026-12-31,3.00,0.00,0.00,0.00,f,2026-06-26 06:37:10,2026-06-26 06:35:08.98363,2026-06-26 06:36:59.469977,\N,\N,\N
130602,494,1,5,\N,\N,\N,\N,2,2,2026-12-31,22.00,0.00,0.00,0.00,f,2026-06-26 06:37:10,2026-06-26 06:35:08.98363,2026-06-26 06:36:59.469977,\N,\N,\N
130603,495,1,5,\N,\N,\N,\N,2,2,2026-12-31,2.00,0.00,0.00,0.00,f,2026-06-26 06:37:10,2026-06-26 06:35:08.98363,2026-06-26 06:36:59.469977,\N,\N,\N
130604,496,1,5,\N,\N,\N,\N,2,2,2026-12-31,3.00,0.00,0.00,0.00,f,2026-06-26 06:37:10,2026-06-26 06:35:08.98363,2026-06-26 06:36:59.469977,\N,\N,\N
130605,498,1,5,\N,\N,\N,\N,2,2,2026-12-31,1.00,0.00,0.00,0.00,f,2026-06-26 06:37:10,2026-06-26 06:35:08.98363,2026-06-26 06:36:59.469977,\N,\N,\N
130607,2159,1,5,\N,\N,\N,\N,2,2,2026-12-31,21.00,0.00,0.00,0.00,f,2026-06-26 06:37:10,2026-06-26 06:35:08.98363,2026-06-26 06:36:59.469977,\N,\N,\N
130608,2160,1,5,\N,\N,\N,\N,2,2,2026-12-31,19.00,0.00,0.00,0.00,f,2026-06-26 06:37:10,2026-06-26 06:35:08.98363,2026-06-26 06:36:59.469977,\N,\N,\N
130609,2161,1,5,\N,\N,\N,\N,2,2,2026-12-31,18.00,0.00,0.00,0.00,f,2026-06-26 06:37:10,2026-06-26 06:35:08.98363,2026-06-26 06:36:59.469977,\N,\N,\N
130610,2162,1,5,\N,\N,\N,\N,2,2,2026-12-31,15.00,0.00,0.00,0.00,f,2026-06-26 06:37:10,2026-06-26 06:35:08.98363,2026-06-26 06:36:59.469977,\N,\N,\N
130611,2163,1,5,\N,\N,\N,\N,2,2,2026-12-31,20.00,0.00,0.00,0.00,f,2026-06-26 06:37:10,2026-06-26 06:35:08.98363,2026-06-26 06:36:59.469977,\N,\N,\N
130612,2165,1,5,\N,\N,\N,\N,2,2,2026-12-31,2.00,0.00,0.00,0.00,f,2026-06-26 06:37:10,2026-06-26 06:35:08.98363,2026-06-26 06:36:59.469977,\N,\N,\N
130613,2166,1,5,\N,\N,\N,\N,2,2,2026-12-31,2.00,0.00,0.00,0.00,f,2026-06-26 06:37:10,2026-06-26 06:35:08.98363,2026-06-26 06:36:59.469977,\N,\N,\N
130615,2168,1,5,\N,\N,\N,\N,2,2,2026-12-31,8.00,0.00,0.00,0.00,f,2026-06-26 06:37:10,2026-06-26 06:35:08.98363,2026-06-26 06:36:59.469977,\N,\N,\N
130617,2170,1,5,\N,\N,\N,\N,2,2,2026-12-31,2.00,0.00,0.00,0.00,f,2026-06-26 06:37:10,2026-06-26 06:35:08.98363,2026-06-26 06:36:59.469977,\N,\N,\N
130618,2173,1,5,\N,\N,\N,\N,2,2,2026-12-31,1.00,0.00,0.00,0.00,f,2026-06-26 06:37:10,2026-06-26 06:35:08.98363,2026-06-26 06:36:59.469977,\N,\N,\N
130619,2175,1,5,\N,\N,\N,\N,2,2,2026-12-31,1.00,0.00,0.00,0.00,f,2026-06-26 06:37:10,2026-06-26 06:35:08.98363,2026-06-26 06:36:59.469977,\N,\N,\N
130620,2177,1,5,\N,\N,\N,\N,2,2,2026-12-31,1.00,0.00,0.00,0.00,f,2026-06-26 06:37:10,2026-06-26 06:35:08.98363,2026-06-26 06:36:59.469977,\N,\N,\N
130621,411,1,5,\N,\N,\N,\N,2,2,2026-12-31,1.00,0.00,0.00,0.00,f,2026-06-26 06:37:10,2026-06-26 06:35:08.98363,2026-06-26 06:36:59.469977,\N,\N,\N
130622,418,1,5,\N,\N,\N,\N,2,2,2026-12-31,1.00,0.00,0.00,0.00,f,2026-06-26 06:37:10,2026-06-26 06:35:08.98363,2026-06-26 06:36:59.469977,\N,\N,\N
130623,1441,1,5,\N,\N,\N,\N,2,2,2026-12-31,3.00,0.00,0.00,0.00,f,2026-06-26 06:37:10,2026-06-26 06:35:08.98363,2026-06-26 06:36:59.469977,\N,\N,\N
130624,1432,1,5,\N,\N,\N,\N,2,2,2026-12-31,1.00,0.00,0.00,0.00,f,2026-06-26 06:37:10,2026-06-26 06:35:08.98363,2026-06-26 06:36:59.469977,\N,\N,\N
130625,1433,1,5,\N,\N,\N,\N,2,2,2026-12-31,3.00,0.00,0.00,0.00,f,2026-06-26 06:37:10,2026-06-26 06:35:08.98363,2026-06-26 06:36:59.469977,\N,\N,\N
130626,1434,1,5,\N,\N,\N,\N,2,2,2026-12-31,3.00,0.00,0.00,0.00,f,2026-06-26 06:37:10,2026-06-26 06:35:08.98363,2026-06-26 06:36:59.469977,\N,\N,\N
130627,1435,1,5,\N,\N,\N,\N,2,2,2026-12-31,1.00,0.00,0.00,0.00,f,2026-06-26 06:37:10,2026-06-26 06:35:08.98363,2026-06-26 06:36:59.469977,\N,\N,\N
130629,1438,1,5,\N,\N,\N,\N,2,2,2026-12-31,1.00,0.00,0.00,0.00,f,2026-06-26 06:37:10,2026-06-26 06:35:08.98363,2026-06-26 06:36:59.469977,\N,\N,\N
130630,1402,1,5,\N,\N,\N,\N,2,2,2026-12-31,1.00,0.00,0.00,0.00,f,2026-06-26 06:37:10,2026-06-26 06:35:08.98363,2026-06-26 06:36:59.469977,\N,\N,\N
130631,1404,1,5,\N,\N,\N,\N,2,2,2026-12-31,1.00,0.00,0.00,0.00,f,2026-06-26 06:37:10,2026-06-26 06:35:08.98363,2026-06-26 06:36:59.469977,\N,\N,\N
130632,1405,1,5,\N,\N,\N,\N,2,2,2026-12-31,3.00,0.00,0.00,0.00,f,2026-06-26 06:37:10,2026-06-26 06:35:08.98363,2026-06-26 06:36:59.469977,\N,\N,\N
130586,1133,1,5,\N,\N,\N,\N,2,42,2026-12-31,1.00,0.00,0.00,0.00,f,2026-06-26 06:37:10,2026-06-26 06:35:08.98363,2026-06-29 08:15:27.760212,\N,\N,\N
130587,1134,1,5,\N,\N,\N,\N,2,42,2026-12-31,14.00,0.00,0.00,0.00,f,2026-06-26 06:37:10,2026-06-26 06:35:08.98363,2026-06-29 08:15:27.760212,\N,\N,\N
130580,1126,1,5,\N,\N,\N,\N,2,42,2026-12-31,11.00,0.00,0.00,0.00,f,2026-06-26 06:37:10,2026-06-26 06:35:08.98363,2026-06-29 08:15:27.760212,\N,\N,\N
130581,1130,1,5,\N,\N,\N,\N,2,42,2026-12-31,1.00,0.00,0.00,0.00,f,2026-06-26 06:37:10,2026-06-26 06:35:08.98363,2026-06-29 08:15:27.760212,\N,\N,\N
130582,1131,1,5,\N,\N,\N,\N,2,42,2026-12-31,11.00,0.00,0.00,0.00,f,2026-06-26 06:37:10,2026-06-26 06:35:08.98363,2026-06-29 08:15:27.760212,\N,\N,\N
130585,1129,1,5,\N,\N,\N,\N,2,42,2026-12-31,18.00,0.00,0.00,0.00,f,2026-06-26 06:37:10,2026-06-26 06:35:08.98363,2026-06-29 08:15:27.760212,\N,\N,\N
130588,1135,1,5,\N,\N,\N,\N,2,42,2026-12-31,17.00,0.00,0.00,0.00,f,2026-06-26 06:37:10,2026-06-26 06:35:08.98363,2026-06-29 08:15:27.760212,\N,\N,\N
130633,1406,1,5,\N,\N,\N,\N,2,2,2026-12-31,1.00,0.00,0.00,0.00,f,2026-06-26 06:37:10,2026-06-26 06:35:08.98363,2026-06-26 06:36:59.469977,\N,\N,\N
130634,1412,1,5,\N,\N,\N,\N,2,2,2026-12-31,1.00,0.00,0.00,0.00,f,2026-06-26 06:37:10,2026-06-26 06:35:08.98363,2026-06-26 06:36:59.469977,\N,\N,\N
130635,1413,1,5,\N,\N,\N,\N,2,2,2026-12-31,1.00,0.00,0.00,0.00,f,2026-06-26 06:37:10,2026-06-26 06:35:08.98363,2026-06-26 06:36:59.469977,\N,\N,\N
130636,1706,1,5,\N,\N,\N,\N,2,2,2026-12-31,3.00,0.00,0.00,0.00,f,2026-06-26 06:37:10,2026-06-26 06:35:08.98363,2026-06-26 06:36:59.469977,\N,\N,\N
130637,1707,1,5,\N,\N,\N,\N,2,2,2026-12-31,1.00,0.00,0.00,0.00,f,2026-06-26 06:37:10,2026-06-26 06:35:08.98363,2026-06-26 06:36:59.469977,\N,\N,\N
130638,1708,1,5,\N,\N,\N,\N,2,2,2026-12-31,1.00,0.00,0.00,0.00,f,2026-06-26 06:37:10,2026-06-26 06:35:08.98363,2026-06-26 06:36:59.469977,\N,\N,\N
130640,1710,1,5,\N,\N,\N,\N,2,2,2026-12-31,2.00,0.00,0.00,0.00,f,2026-06-26 06:37:10,2026-06-26 06:35:08.98363,2026-06-26 06:36:59.469977,\N,\N,\N
130641,1711,1,5,\N,\N,\N,\N,2,2,2026-12-31,1.00,0.00,0.00,0.00,f,2026-06-26 06:37:10,2026-06-26 06:35:08.98363,2026-06-26 06:36:59.469977,\N,\N,\N
130642,1772,1,5,\N,\N,\N,\N,2,2,2026-12-31,2.00,0.00,0.00,0.00,f,2026-06-26 06:37:10,2026-06-26 06:35:08.98363,2026-06-26 06:36:59.469977,\N,\N,\N
130643,1773,1,5,\N,\N,\N,\N,2,2,2026-12-31,1.00,0.00,0.00,0.00,f,2026-06-26 06:37:10,2026-06-26 06:35:08.98363,2026-06-26 06:36:59.469977,\N,\N,\N
130644,1204,1,5,\N,\N,\N,\N,2,2,2026-12-31,1.00,0.00,0.00,0.00,f,2026-06-26 06:37:10,2026-06-26 06:35:08.98363,2026-06-26 06:36:59.469977,\N,\N,\N
130645,1205,1,5,\N,\N,\N,\N,2,2,2026-12-31,2.00,0.00,0.00,0.00,f,2026-06-26 06:37:10,2026-06-26 06:35:08.98363,2026-06-26 06:36:59.469977,\N,\N,\N
130690,1152,1,5,\N,\N,\N,\N,2,2,2026-12-31,1.00,1.00,0.00,0.00,f,2026-06-26 06:37:10,2026-06-26 06:35:08.98363,2026-07-05 07:36:46.97842,\N,\N,\N
130647,1207,1,5,\N,\N,\N,\N,2,2,2026-12-31,2.00,0.00,0.00,0.00,f,2026-06-26 06:37:10,2026-06-26 06:35:08.98363,2026-06-26 06:36:59.469977,\N,\N,\N
130648,1208,1,5,\N,\N,\N,\N,2,2,2026-12-31,2.00,0.00,0.00,0.00,f,2026-06-26 06:37:10,2026-06-26 06:35:08.98363,2026-06-26 06:36:59.469977,\N,\N,\N
130649,1209,1,5,\N,\N,\N,\N,2,2,2026-12-31,1.00,0.00,0.00,0.00,f,2026-06-26 06:37:10,2026-06-26 06:35:08.98363,2026-06-26 06:36:59.469977,\N,\N,\N
130650,1210,1,5,\N,\N,\N,\N,2,2,2026-12-31,1.00,0.00,0.00,0.00,f,2026-06-26 06:37:10,2026-06-26 06:35:08.98363,2026-06-26 06:36:59.469977,\N,\N,\N
130653,1261,1,5,\N,\N,\N,\N,2,2,2026-12-31,3.00,0.00,0.00,0.00,f,2026-06-26 06:37:10,2026-06-26 06:35:08.98363,2026-06-26 06:36:59.469977,\N,\N,\N
130654,1262,1,5,\N,\N,\N,\N,2,2,2026-12-31,3.00,0.00,0.00,0.00,f,2026-06-26 06:37:10,2026-06-26 06:35:08.98363,2026-06-26 06:36:59.469977,\N,\N,\N
130655,1263,1,5,\N,\N,\N,\N,2,2,2026-12-31,2.00,0.00,0.00,0.00,f,2026-06-26 06:37:10,2026-06-26 06:35:08.98363,2026-06-26 06:36:59.469977,\N,\N,\N
130657,1265,1,5,\N,\N,\N,\N,2,2,2026-12-31,3.00,0.00,0.00,0.00,f,2026-06-26 06:37:10,2026-06-26 06:35:08.98363,2026-06-26 06:36:59.469977,\N,\N,\N
130658,1266,1,5,\N,\N,\N,\N,2,2,2026-12-31,1.00,0.00,0.00,0.00,f,2026-06-26 06:37:10,2026-06-26 06:35:08.98363,2026-06-26 06:36:59.469977,\N,\N,\N
130688,1143,1,5,\N,\N,\N,\N,2,2,2026-12-31,2.00,2.00,0.00,0.00,f,2026-06-26 06:37:10,2026-06-26 06:35:08.98363,2026-07-05 17:21:21.801888,\N,\N,\N
130663,1241,1,5,\N,\N,\N,\N,2,2,2026-12-31,1.00,0.00,0.00,0.00,f,2026-06-26 06:37:10,2026-06-26 06:35:08.98363,2026-06-26 06:36:59.469977,\N,\N,\N
130664,1242,1,5,\N,\N,\N,\N,2,2,2026-12-31,1.00,0.00,0.00,0.00,f,2026-06-26 06:37:10,2026-06-26 06:35:08.98363,2026-06-26 06:36:59.469977,\N,\N,\N
130665,1243,1,5,\N,\N,\N,\N,2,2,2026-12-31,1.00,0.00,0.00,0.00,f,2026-06-26 06:37:10,2026-06-26 06:35:08.98363,2026-06-26 06:36:59.469977,\N,\N,\N
130666,1758,1,5,\N,\N,\N,\N,2,2,2026-12-31,2.00,0.00,0.00,0.00,f,2026-06-26 06:37:10,2026-06-26 06:35:08.98363,2026-06-26 06:36:59.469977,\N,\N,\N
130667,1749,1,5,\N,\N,\N,\N,2,2,2026-12-31,2.00,0.00,0.00,0.00,f,2026-06-26 06:37:10,2026-06-26 06:35:08.98363,2026-06-26 06:36:59.469977,\N,\N,\N
130668,1751,1,5,\N,\N,\N,\N,2,2,2026-12-31,2.00,0.00,0.00,0.00,f,2026-06-26 06:37:10,2026-06-26 06:35:08.98363,2026-06-26 06:36:59.469977,\N,\N,\N
130669,1752,1,5,\N,\N,\N,\N,2,2,2026-12-31,1.00,0.00,0.00,0.00,f,2026-06-26 06:37:10,2026-06-26 06:35:08.98363,2026-06-26 06:36:59.469977,\N,\N,\N
130670,870,1,5,\N,\N,\N,\N,2,2,2026-12-31,2.00,0.00,0.00,0.00,f,2026-06-26 06:37:10,2026-06-26 06:35:08.98363,2026-06-26 06:36:59.469977,\N,\N,\N
130684,1139,1,5,\N,\N,\N,\N,2,2,2026-12-31,3.00,2.00,0.00,0.00,f,2026-06-26 06:37:10,2026-06-26 06:35:08.98363,2026-07-13 05:51:29.498829,\N,\N,\N
130673,1983,1,5,\N,\N,\N,\N,2,2,2026-12-31,1.00,0.00,0.00,0.00,f,2026-06-26 06:37:10,2026-06-26 06:35:08.98363,2026-06-26 06:36:59.469977,\N,\N,\N
130674,1986,1,5,\N,\N,\N,\N,2,2,2026-12-31,1.00,0.00,0.00,0.00,f,2026-06-26 06:37:10,2026-06-26 06:35:08.98363,2026-06-26 06:36:59.469977,\N,\N,\N
130675,238,1,5,\N,\N,\N,\N,2,2,2026-12-31,1.00,0.00,0.00,0.00,f,2026-06-26 06:37:10,2026-06-26 06:35:08.98363,2026-06-26 06:36:59.469977,\N,\N,\N
130677,1027,1,5,\N,\N,\N,\N,2,2,2026-12-31,32.00,0.00,0.00,0.00,f,2026-06-26 06:37:10,2026-06-26 06:35:08.98363,2026-06-26 06:36:59.469977,\N,\N,\N
130679,1029,1,5,\N,\N,\N,\N,2,2,2026-12-31,40.00,0.00,0.00,0.00,f,2026-06-26 06:37:10,2026-06-26 06:35:08.98363,2026-06-26 06:36:59.469977,\N,\N,\N
130680,1056,1,5,\N,\N,\N,\N,2,2,2026-12-31,39.00,0.00,0.00,0.00,f,2026-06-26 06:37:10,2026-06-26 06:35:08.98363,2026-06-26 06:36:59.469977,\N,\N,\N
130681,1057,1,5,\N,\N,\N,\N,2,2,2026-12-31,83.00,0.00,0.00,0.00,f,2026-06-26 06:37:10,2026-06-26 06:35:08.98363,2026-06-26 06:36:59.469977,\N,\N,\N
130639,1709,1,5,\N,\N,\N,\N,2,42,2026-12-31,14.00,3.00,0.00,0.00,f,2026-06-26 06:37:10,2026-06-26 06:35:08.98363,2026-06-30 08:40:06.67395,\N,\N,\N
130660,1238,1,5,\N,\N,\N,\N,2,46,2026-12-31,1.00,1.00,0.00,0.00,f,2026-06-26 06:37:10,2026-06-26 06:35:08.98363,2026-06-30 08:40:07.557949,\N,\N,\N
130696,1147,1,5,\N,\N,\N,\N,2,2,2026-12-31,2.00,0.00,0.00,0.00,f,2026-06-26 06:37:10,2026-06-26 06:35:08.98363,2026-06-26 06:36:59.469977,\N,\N,\N
130704,2189,1,5,\N,\N,\N,\N,2,46,2026-12-31,11.00,1.00,0.00,0.00,f,2026-06-26 06:37:10,2026-06-26 06:35:08.98363,2026-06-30 08:40:07.557949,\N,\N,\N
130652,1260,1,5,\N,\N,\N,\N,2,46,2026-12-31,1.00,0.00,0.00,0.00,f,2026-06-26 06:37:10,2026-06-26 06:35:08.98363,2026-06-30 08:40:07.557949,\N,\N,\N
130661,1239,1,5,\N,\N,\N,\N,2,46,2026-12-31,1.00,0.00,0.00,0.00,f,2026-06-26 06:37:10,2026-06-26 06:35:08.98363,2026-06-30 08:40:07.557949,\N,\N,\N
130703,2193,1,5,\N,\N,\N,\N,2,46,2026-12-31,7.00,1.00,0.00,0.00,f,2026-06-26 06:37:10,2026-06-26 06:35:08.98363,2026-06-30 08:40:07.557949,\N,\N,\N
130701,1157,1,5,\N,\N,\N,\N,2,2,2026-12-31,1.00,0.00,0.00,0.00,f,2026-06-26 06:37:10,2026-06-26 06:35:08.98363,2026-06-26 06:36:59.469977,\N,\N,\N
130705,2190,1,5,\N,\N,\N,\N,2,46,2026-12-31,10.00,0.00,0.00,0.00,f,2026-06-26 06:37:10,2026-06-26 06:35:08.98363,2026-06-30 08:40:07.557949,\N,\N,\N
130706,2191,1,5,\N,\N,\N,\N,2,2,2026-12-31,7.00,0.00,0.00,0.00,f,2026-06-26 06:37:10,2026-06-26 06:35:08.98363,2026-06-26 06:36:59.469977,\N,\N,\N
130707,2192,1,5,\N,\N,\N,\N,2,2,2026-12-31,1.00,0.00,0.00,0.00,f,2026-06-26 06:37:10,2026-06-26 06:35:08.98363,2026-06-26 06:36:59.469977,\N,\N,\N
130708,2198,1,5,\N,\N,\N,\N,2,46,2026-12-31,21.00,3.00,0.00,0.00,f,2026-06-26 06:37:11,2026-06-26 06:35:08.98363,2026-06-30 08:40:07.557949,\N,\N,\N
130651,1259,1,5,\N,\N,\N,\N,2,61,2026-12-31,2.00,1.00,0.00,0.00,f,2026-06-26 06:37:10,2026-06-26 06:35:08.98363,2026-06-26 11:06:35.489617,\N,\N,\N
130687,1142,1,5,\N,\N,\N,\N,2,42,2026-12-31,2.00,0.00,0.00,0.00,f,2026-06-26 06:37:10,2026-06-26 06:35:08.98363,2026-06-29 08:15:27.760212,\N,\N,\N
130656,1264,1,5,\N,\N,\N,\N,2,38,2026-12-31,5.00,1.00,0.00,0.00,f,2026-06-26 06:37:10,2026-06-26 06:35:08.98363,2026-06-26 11:30:50.487622,\N,\N,\N
130682,1058,1,5,\N,\N,\N,\N,2,42,2026-12-31,6.00,0.00,0.00,0.00,f,2026-06-26 06:37:10,2026-06-26 06:35:08.98363,2026-06-29 08:15:27.760212,\N,\N,\N
130711,2196,1,5,\N,\N,\N,\N,2,2,2026-12-31,7.00,0.00,0.00,0.00,f,2026-06-26 06:37:11,2026-06-26 06:35:08.98363,2026-06-26 06:36:59.469977,\N,\N,\N
130776,946,1,5,\N,\N,\N,\N,2,42,2026-12-31,2.00,1.00,0.00,0.00,f,2026-06-26 06:37:11,2026-06-26 06:35:08.98363,2026-06-30 08:40:06.67395,\N,\N,\N
130732,440,1,5,\N,\N,\N,\N,2,42,2026-12-31,27.00,0,0.00,0.00,f,2026-06-26 06:37:11,2026-06-26 06:35:08.98363,2026-06-30 08:40:06.67395,\N,\N,\N
130760,265,1,5,\N,\N,\N,\N,2,2,2026-12-31,12.00,2.00,0.00,0.00,f,2026-06-26 06:37:11,2026-06-26 06:35:08.98363,2026-07-26 05:36:25.467766,\N,\N,\N
130733,441,1,5,\N,\N,\N,\N,2,42,2026-12-31,20.00,0,0.00,0.00,f,2026-06-26 06:37:11,2026-06-26 06:35:08.98363,2026-06-30 08:40:06.67395,\N,\N,\N
130714,2027,1,5,\N,\N,\N,\N,2,46,2026-12-31,20.00,1.00,0.00,0.00,f,2026-06-26 06:37:11,2026-06-26 06:35:08.98363,2026-06-30 08:40:07.557949,\N,\N,\N
130724,2019,1,5,\N,\N,\N,\N,2,2,2026-12-31,2.00,0.00,0.00,0.00,f,2026-06-26 06:37:11,2026-06-26 06:35:08.98363,2026-06-26 06:36:59.469977,\N,\N,\N
130725,2021,1,5,\N,\N,\N,\N,2,2,2026-12-31,1.00,0.00,0.00,0.00,f,2026-06-26 06:37:11,2026-06-26 06:35:08.98363,2026-06-26 06:36:59.469977,\N,\N,\N
130726,2022,1,5,\N,\N,\N,\N,2,2,2026-12-31,3.00,0.00,0.00,0.00,f,2026-06-26 06:37:11,2026-06-26 06:35:08.98363,2026-06-26 06:36:59.469977,\N,\N,\N
130727,2023,1,5,\N,\N,\N,\N,2,2,2026-12-31,1.00,0.00,0.00,0.00,f,2026-06-26 06:37:11,2026-06-26 06:35:08.98363,2026-06-26 06:36:59.469977,\N,\N,\N
130728,2024,1,5,\N,\N,\N,\N,2,2,2026-12-31,1.00,0.00,0.00,0.00,f,2026-06-26 06:37:11,2026-06-26 06:35:08.98363,2026-06-26 06:36:59.469977,\N,\N,\N
130740,270,1,5,\N,\N,\N,\N,2,2,2026-12-31,24.00,4.00,0.00,0.00,f,2026-06-26 06:37:11,2026-06-26 06:35:08.98363,2026-07-27 17:21:30.919308,\N,\N,\N
130741,271,1,5,\N,\N,\N,\N,2,2,2026-12-31,56.00,8.00,0.00,0.00,f,2026-06-26 06:37:11,2026-06-26 06:35:08.98363,2026-07-29 03:37:08.19186,\N,\N,\N
130757,262,1,5,\N,\N,\N,\N,2,2,2026-12-31,14.00,4.00,0.00,0.00,f,2026-06-26 06:37:11,2026-06-26 06:35:08.98363,2026-07-30 09:36:41.149265,\N,\N,\N
130739,269,1,5,\N,\N,\N,\N,2,2,2026-12-31,2.00,0.00,0.00,0.00,f,2026-06-26 06:37:11,2026-06-26 06:35:08.98363,2026-06-26 06:36:59.469977,\N,\N,\N
130736,444,1,5,\N,\N,\N,\N,2,42,2026-12-31,19.00,0.00,0.00,0.00,f,2026-06-26 06:37:11,2026-06-26 06:35:08.98363,2026-06-29 08:41:47.502086,\N,\N,\N
130746,241,1,5,\N,\N,\N,\N,2,2,2026-12-31,12.00,0.00,0.00,0.00,f,2026-06-26 06:37:11,2026-06-26 06:35:08.98363,2026-06-26 06:36:59.469977,\N,\N,\N
130747,242,1,5,\N,\N,\N,\N,2,2,2026-12-31,39.00,0.00,0.00,0.00,f,2026-06-26 06:37:11,2026-06-26 06:35:08.98363,2026-06-26 06:36:59.469977,\N,\N,\N
130748,243,1,5,\N,\N,\N,\N,2,2,2026-12-31,80.00,0.00,0.00,0.00,f,2026-06-26 06:37:11,2026-06-26 06:35:08.98363,2026-06-26 06:36:59.469977,\N,\N,\N
130749,244,1,5,\N,\N,\N,\N,2,2,2026-12-31,28.00,0.00,0.00,0.00,f,2026-06-26 06:37:11,2026-06-26 06:35:08.98363,2026-06-26 06:36:59.469977,\N,\N,\N
130750,245,1,5,\N,\N,\N,\N,2,2,2026-12-31,47.00,0.00,0.00,0.00,f,2026-06-26 06:37:11,2026-06-26 06:35:08.98363,2026-06-26 06:36:59.469977,\N,\N,\N
130751,246,1,5,\N,\N,\N,\N,2,2,2026-12-31,71.00,0.00,0.00,0.00,f,2026-06-26 06:37:11,2026-06-26 06:35:08.98363,2026-06-26 06:36:59.469977,\N,\N,\N
130752,252,1,5,\N,\N,\N,\N,2,2,2026-12-31,19.00,0.00,0.00,0.00,f,2026-06-26 06:37:11,2026-06-26 06:35:08.98363,2026-06-26 06:36:59.469977,\N,\N,\N
130769,929,1,5,\N,\N,\N,\N,2,42,2026-12-31,32.00,0.00,0.00,0.00,f,2026-06-26 06:37:11,2026-06-26 06:35:08.98363,2026-06-29 08:41:47.502086,\N,\N,\N
130758,263,1,5,\N,\N,\N,\N,2,2,2026-12-31,5.00,0.00,0.00,0.00,f,2026-06-26 06:37:11,2026-06-26 06:35:08.98363,2026-06-26 06:36:59.469977,\N,\N,\N
130778,949,1,5,\N,\N,\N,\N,2,42,2026-12-31,4.00,0.00,0.00,0.00,f,2026-06-26 06:37:11,2026-06-26 06:35:08.98363,2026-06-29 08:41:47.502086,\N,\N,\N
130763,911,1,5,\N,\N,\N,\N,2,2,2026-12-31,2.00,0.00,0.00,0.00,f,2026-06-26 06:37:11,2026-06-26 06:35:08.98363,2026-06-26 06:36:59.469977,\N,\N,\N
130734,442,1,5,\N,\N,\N,\N,2,46,2026-12-31,50.00,0.00,0.00,0.00,f,2026-06-26 06:37:11,2026-06-26 06:35:08.98363,2026-06-30 08:40:07.557949,\N,\N,\N
130765,914,1,5,\N,\N,\N,\N,2,2,2026-12-31,1.00,0.00,0.00,0.00,f,2026-06-26 06:37:11,2026-06-26 06:35:08.98363,2026-06-26 06:36:59.469977,\N,\N,\N
130766,915,1,5,\N,\N,\N,\N,2,2,2026-12-31,1.00,0.00,0.00,0.00,f,2026-06-26 06:37:11,2026-06-26 06:35:08.98363,2026-06-26 06:36:59.469977,\N,\N,\N
130767,916,1,5,\N,\N,\N,\N,2,2,2026-12-31,1.00,0.00,0.00,0.00,f,2026-06-26 06:37:11,2026-06-26 06:35:08.98363,2026-06-26 06:36:59.469977,\N,\N,\N
130770,931,1,5,\N,\N,\N,\N,2,46,2026-12-31,11.00,3.00,0.00,0.00,f,2026-06-26 06:37:11,2026-06-26 06:35:08.98363,2026-06-30 08:40:07.557949,\N,\N,\N
130735,443,1,5,\N,\N,\N,\N,2,46,2026-12-31,16.00,0.00,0.00,0.00,f,2026-06-26 06:37:11,2026-06-26 06:35:08.98363,2026-06-30 08:40:07.557949,\N,\N,\N
130738,268,1,5,\N,\N,\N,\N,2,46,2026-12-31,10.00,0.00,0.00,0.00,f,2026-06-26 06:37:11,2026-06-26 06:35:08.98363,2026-06-30 08:40:07.557949,\N,\N,\N
130721,2034,1,5,\N,\N,\N,\N,2,42,2026-12-31,4.00,0.00,0.00,0.00,f,2026-06-26 06:37:11,2026-06-26 06:35:08.98363,2026-06-29 08:15:27.760212,\N,\N,\N
130777,948,1,5,\N,\N,\N,\N,2,2,2026-12-31,1.00,0.00,0.00,0.00,f,2026-06-26 06:37:11,2026-06-26 06:35:08.98363,2026-06-26 06:36:59.469977,\N,\N,\N
130723,2018,1,5,\N,\N,\N,\N,2,42,2026-12-31,3.00,0.00,0.00,0.00,f,2026-06-26 06:37:11,2026-06-26 06:35:08.98363,2026-06-29 08:15:27.760212,\N,\N,\N
130780,950,1,5,\N,\N,\N,\N,2,2,2026-12-31,7.00,0.00,0.00,0.00,f,2026-06-26 06:37:11,2026-06-26 06:35:08.98363,2026-06-26 06:36:59.469977,\N,\N,\N
130781,951,1,5,\N,\N,\N,\N,2,2,2026-12-31,3.00,0.00,0.00,0.00,f,2026-06-26 06:37:11,2026-06-26 06:35:08.98363,2026-06-26 06:36:59.469977,\N,\N,\N
130782,952,1,5,\N,\N,\N,\N,2,2,2026-12-31,3.00,0.00,0.00,0.00,f,2026-06-26 06:37:11,2026-06-26 06:35:08.98363,2026-06-26 06:36:59.469977,\N,\N,\N
130784,295,1,5,\N,\N,\N,\N,2,2,2026-12-31,8.00,0.00,0.00,0.00,f,2026-06-26 06:37:11,2026-06-26 06:35:08.98363,2026-06-26 06:36:59.469977,\N,\N,\N
130785,296,1,5,\N,\N,\N,\N,2,2,2026-12-31,24.00,0.00,0.00,0.00,f,2026-06-26 06:37:11,2026-06-26 06:35:08.98363,2026-06-26 06:36:59.469977,\N,\N,\N
130755,260,1,5,\N,\N,\N,\N,2,42,2026-12-31,8.00,0.00,0.00,0.00,f,2026-06-26 06:37:11,2026-06-26 06:35:08.98363,2026-06-29 08:15:27.760212,\N,\N,\N
130761,266,1,5,\N,\N,\N,\N,2,46,2026-12-31,13.00,1.00,0.00,0.00,f,2026-06-26 06:37:11,2026-06-26 06:35:08.98363,2026-06-30 08:40:07.557949,\N,\N,\N
130712,2197,1,5,\N,\N,\N,\N,2,38,2026-12-31,1.00,1.00,0.00,0.00,f,2026-06-26 06:37:11,2026-06-26 06:35:08.98363,2026-06-26 11:30:50.487622,\N,\N,\N
130756,261,1,5,\N,\N,\N,\N,2,42,2026-12-31,7.00,1.00,0.00,0.00,f,2026-06-26 06:37:11,2026-06-26 06:35:08.98363,2026-06-29 08:15:27.760212,\N,\N,\N
130759,264,1,5,\N,\N,\N,\N,2,2,2026-12-31,9.00,2.00,0.00,0.00,f,2026-06-26 06:37:11,2026-06-26 06:35:08.98363,2026-07-31 15:51:57.050801,\N,\N,\N
130783,953,1,5,\N,\N,\N,\N,2,38,2026-12-31,6.00,1.00,0.00,0.00,f,2026-06-26 06:37:11,2026-06-26 06:35:08.98363,2026-06-26 11:30:50.487622,\N,\N,\N
130754,259,1,5,\N,\N,\N,\N,2,2,2026-12-31,95.00,2.00,0.00,0.00,f,2026-06-26 06:37:11,2026-06-26 06:35:08.98363,2026-07-08 17:21:08.725606,\N,\N,\N
130716,2029,1,5,\N,\N,\N,\N,2,46,2026-12-31,2.00,0.00,0.00,0.00,f,2026-06-26 06:37:11,2026-06-26 06:35:08.98363,2026-06-30 08:40:07.557949,\N,\N,\N
130719,2032,1,5,\N,\N,\N,\N,2,42,2026-12-31,2.00,0.00,0.00,0.00,f,2026-06-26 06:37:11,2026-06-26 06:35:08.98363,2026-06-29 08:15:27.760212,\N,\N,\N
130742,272,1,5,\N,\N,\N,\N,2,42,2026-12-31,29.00,0.00,0.00,0.00,f,2026-06-26 06:37:11,2026-06-26 06:35:08.98363,2026-06-29 08:15:27.760212,\N,\N,\N
130718,2031,1,5,\N,\N,\N,\N,2,42,2026-12-31,1.00,0.00,0.00,0.00,f,2026-06-26 06:37:11,2026-06-26 06:35:08.98363,2026-06-29 08:15:27.760212,\N,\N,\N
130786,297,1,5,\N,\N,\N,\N,2,2,2026-12-31,65.00,0.00,0.00,0.00,f,2026-06-26 06:37:11,2026-06-26 06:35:08.98363,2026-06-26 06:36:59.469977,\N,\N,\N
130787,298,1,5,\N,\N,\N,\N,2,2,2026-12-31,51.00,0.00,0.00,0.00,f,2026-06-26 06:37:11,2026-06-26 06:35:08.98363,2026-06-26 06:36:59.469977,\N,\N,\N
130788,299,1,5,\N,\N,\N,\N,2,2,2026-12-31,30.00,0.00,0.00,0.00,f,2026-06-26 06:37:11,2026-06-26 06:35:08.98363,2026-06-26 06:36:59.469977,\N,\N,\N
130789,300,1,5,\N,\N,\N,\N,2,2,2026-12-31,31.00,0.00,0.00,0.00,f,2026-06-26 06:37:11,2026-06-26 06:35:08.98363,2026-06-26 06:36:59.469977,\N,\N,\N
130790,301,1,5,\N,\N,\N,\N,2,2,2026-12-31,48.00,0.00,0.00,0.00,f,2026-06-26 06:37:11,2026-06-26 06:35:08.98363,2026-06-26 06:36:59.469977,\N,\N,\N
130791,302,1,5,\N,\N,\N,\N,2,2,2026-12-31,10.00,0.00,0.00,0.00,f,2026-06-26 06:37:11,2026-06-26 06:35:08.98363,2026-06-26 06:36:59.469977,\N,\N,\N
130796,1969,1,5,\N,\N,\N,\N,2,2,2026-12-31,3.00,0.00,0.00,0.00,f,2026-06-26 06:37:11,2026-06-26 06:35:08.98363,2026-06-26 06:36:59.469977,\N,\N,\N
130849,1110,1,5,\N,\N,\N,\N,2,2,2026-12-31,17.00,3.00,0.00,0.00,f,2026-06-26 06:37:11,2026-06-26 06:35:08.98363,2026-07-06 05:36:23.0284,\N,\N,\N
130812,279,1,5,\N,\N,\N,\N,2,2,2026-12-31,76.00,2.00,0.00,0.00,f,2026-06-26 06:37:11,2026-06-26 06:35:08.98363,2026-07-07 08:51:21.98473,\N,\N,\N
130811,278,1,5,\N,\N,\N,\N,2,2,2026-12-31,8.00,1.00,0.00,0.00,f,2026-06-26 06:37:11,2026-06-26 06:35:08.98363,2026-07-14 08:21:12.30392,\N,\N,\N
130801,326,1,5,\N,\N,\N,\N,2,2,2026-12-31,64.00,1.00,0.00,0.00,f,2026-06-26 06:37:11,2026-06-26 06:35:08.98363,2026-07-28 00:21:22.395058,\N,\N,\N
130792,1965,1,5,\N,\N,\N,\N,2,42,2026-12-31,22.00,0.00,0.00,0.00,f,2026-06-26 06:37:11,2026-06-26 06:35:08.98363,2026-06-30 08:40:06.67395,\N,\N,\N
130852,1080,1,5,\N,\N,\N,\N,2,42,2026-12-31,131.00,21.00,0.00,0.00,f,2026-06-26 06:37:11,2026-06-26 06:35:08.98363,2026-06-30 08:40:06.67395,\N,\N,\N
130818,1073,1,5,\N,\N,\N,\N,2,2,2026-12-31,6.00,0.00,0.00,0.00,f,2026-06-26 06:37:11,2026-06-26 06:35:08.98363,2026-06-26 06:36:59.469977,\N,\N,\N
130819,955,1,5,\N,\N,\N,\N,2,2,2026-12-31,3.00,0.00,0.00,0.00,f,2026-06-26 06:37:11,2026-06-26 06:35:08.98363,2026-06-26 06:36:59.469977,\N,\N,\N
130820,959,1,5,\N,\N,\N,\N,2,2,2026-12-31,2.00,0.00,0.00,0.00,f,2026-06-26 06:37:11,2026-06-26 06:35:08.98363,2026-06-26 06:36:59.469977,\N,\N,\N
130821,960,1,5,\N,\N,\N,\N,2,2,2026-12-31,2.00,0.00,0.00,0.00,f,2026-06-26 06:37:11,2026-06-26 06:35:08.98363,2026-06-26 06:36:59.469977,\N,\N,\N
130822,961,1,5,\N,\N,\N,\N,2,2,2026-12-31,3.00,0.00,0.00,0.00,f,2026-06-26 06:37:11,2026-06-26 06:35:08.98363,2026-06-26 06:36:59.469977,\N,\N,\N
130823,962,1,5,\N,\N,\N,\N,2,2,2026-12-31,3.00,0.00,0.00,0.00,f,2026-06-26 06:37:11,2026-06-26 06:35:08.98363,2026-06-26 06:36:59.469977,\N,\N,\N
130825,942,1,5,\N,\N,\N,\N,2,2,2026-12-31,2.00,0.00,0.00,0.00,f,2026-06-26 06:37:11,2026-06-26 06:35:08.98363,2026-06-26 06:36:59.469977,\N,\N,\N
130826,944,1,5,\N,\N,\N,\N,2,2,2026-12-31,5.00,0.00,0.00,0.00,f,2026-06-26 06:37:11,2026-06-26 06:35:08.98363,2026-06-26 06:36:59.469977,\N,\N,\N
130830,466,1,5,\N,\N,\N,\N,2,2,2026-12-31,1.00,0.00,0.00,0.00,f,2026-06-26 06:37:11,2026-06-26 06:35:08.98363,2026-06-26 06:36:59.469977,\N,\N,\N
130838,452,1,5,\N,\N,\N,\N,2,46,2026-12-31,5.00,2.00,0.00,0.00,f,2026-06-26 06:37:11,2026-06-26 06:35:08.98363,2026-06-30 08:40:07.557949,\N,\N,\N
130802,327,1,5,\N,\N,\N,\N,2,46,2026-12-31,5.00,0.00,0.00,0.00,f,2026-06-26 06:37:11,2026-06-26 06:35:08.98363,2026-06-30 08:40:07.557949,\N,\N,\N
130834,447,1,5,\N,\N,\N,\N,2,2,2026-12-31,1.00,0.00,0.00,0.00,f,2026-06-26 06:37:11,2026-06-26 06:35:08.98363,2026-06-26 06:36:59.469977,\N,\N,\N
130835,448,1,5,\N,\N,\N,\N,2,2,2026-12-31,3.00,0.00,0.00,0.00,f,2026-06-26 06:37:11,2026-06-26 06:35:08.98363,2026-06-26 06:36:59.469977,\N,\N,\N
130836,450,1,5,\N,\N,\N,\N,2,2,2026-12-31,2.00,0.00,0.00,0.00,f,2026-06-26 06:37:11,2026-06-26 06:35:08.98363,2026-06-26 06:36:59.469977,\N,\N,\N
130837,451,1,5,\N,\N,\N,\N,2,2,2026-12-31,1.00,0.00,0.00,0.00,f,2026-06-26 06:37:11,2026-06-26 06:35:08.98363,2026-06-26 06:36:59.469977,\N,\N,\N
130839,455,1,5,\N,\N,\N,\N,2,2,2026-12-31,1.00,0.00,0.00,0.00,f,2026-06-26 06:37:11,2026-06-26 06:35:08.98363,2026-06-26 06:36:59.469977,\N,\N,\N
130840,456,1,5,\N,\N,\N,\N,2,2,2026-12-31,1.00,0.00,0.00,0.00,f,2026-06-26 06:37:11,2026-06-26 06:35:08.98363,2026-06-26 06:36:59.469977,\N,\N,\N
130841,458,1,5,\N,\N,\N,\N,2,2,2026-12-31,2.00,0.00,0.00,0.00,f,2026-06-26 06:37:11,2026-06-26 06:35:08.98363,2026-06-26 06:36:59.469977,\N,\N,\N
130858,1059,1,5,\N,\N,\N,\N,2,2,2026-12-31,1.00,0.00,0.00,0.00,f,2026-06-26 06:37:11,2026-06-26 06:35:08.98363,2026-06-26 06:36:59.469977,\N,\N,\N
130859,1060,1,5,\N,\N,\N,\N,2,2,2026-12-31,2.00,0.00,0.00,0.00,f,2026-06-26 06:37:11,2026-06-26 06:35:08.98363,2026-06-26 06:36:59.469977,\N,\N,\N
130862,1035,1,5,\N,\N,\N,\N,2,2,2026-12-31,13.00,0.00,0.00,0.00,f,2026-06-26 06:37:11,2026-06-26 06:35:08.98363,2026-06-26 06:36:59.469977,\N,\N,\N
130863,1036,1,5,\N,\N,\N,\N,2,2,2026-12-31,3.00,0.00,0.00,0.00,f,2026-06-26 06:37:11,2026-06-26 06:35:08.98363,2026-06-26 06:36:59.469977,\N,\N,\N
130855,1031,1,5,\N,\N,\N,\N,2,42,2026-12-31,38.00,0.00,0.00,0.00,f,2026-06-26 06:37:11,2026-06-26 06:35:08.98363,2026-06-29 08:15:27.760212,\N,\N,\N
130843,475,1,5,\N,\N,\N,\N,2,38,2026-12-31,3.00,1.00,0.00,0.00,f,2026-06-26 06:37:11,2026-06-26 06:35:08.98363,2026-06-26 11:30:50.487622,\N,\N,\N
130842,459,1,5,\N,\N,\N,\N,2,42,2026-12-31,3.00,0.00,0.00,0.00,f,2026-06-26 06:37:11,2026-06-26 06:35:08.98363,2026-06-29 08:15:27.760212,\N,\N,\N
130861,1074,1,5,\N,\N,\N,\N,2,42,2026-12-31,4.00,0.00,0.00,0.00,f,2026-06-26 06:37:11,2026-06-26 06:35:08.98363,2026-06-29 08:15:27.760212,\N,\N,\N
130856,1032,1,5,\N,\N,\N,\N,2,42,2026-12-31,1.00,0.00,0.00,0.00,f,2026-06-26 06:37:11,2026-06-26 06:35:08.98363,2026-06-29 08:15:27.760212,\N,\N,\N
130857,1033,1,5,\N,\N,\N,\N,2,42,2026-12-31,74.00,0.00,0.00,0.00,f,2026-06-26 06:37:11,2026-06-26 06:35:08.98363,2026-06-29 08:15:27.760212,\N,\N,\N
130793,1966,1,5,\N,\N,\N,\N,2,42,2026-12-31,4.00,0.00,0.00,0.00,f,2026-06-26 06:37:11,2026-06-26 06:35:08.98363,2026-06-29 08:15:27.760212,\N,\N,\N
130794,1967,1,5,\N,\N,\N,\N,2,42,2026-12-31,16.00,0.00,0.00,0.00,f,2026-06-26 06:37:11,2026-06-26 06:35:08.98363,2026-06-29 08:15:27.760212,\N,\N,\N
130795,1968,1,5,\N,\N,\N,\N,2,42,2026-12-31,6.00,0.00,0.00,0.00,f,2026-06-26 06:37:11,2026-06-26 06:35:08.98363,2026-06-29 08:15:27.760212,\N,\N,\N
130814,281,1,5,\N,\N,\N,\N,2,42,2026-12-31,9.00,0.00,0.00,0.00,f,2026-06-26 06:37:11,2026-06-26 06:35:08.98363,2026-06-29 08:15:27.760212,\N,\N,\N
130829,464,1,5,\N,\N,\N,\N,2,42,2026-12-31,1.00,0.00,0.00,0.00,f,2026-06-26 06:37:11,2026-06-26 06:35:08.98363,2026-06-29 08:15:27.760212,\N,\N,\N
130844,476,1,5,\N,\N,\N,\N,2,42,2026-12-31,5.00,2.00,0.00,0.00,f,2026-06-26 06:37:11,2026-06-26 06:35:08.98363,2026-06-29 08:15:27.760212,\N,\N,\N
130797,1991,1,5,\N,\N,\N,\N,2,42,2026-12-31,8.00,0.00,0.00,0.00,f,2026-06-26 06:37:11,2026-06-26 06:35:08.98363,2026-06-29 08:15:27.760212,\N,\N,\N
130868,1020,1,5,\N,\N,\N,\N,2,2,2026-12-31,10.00,0.00,0.00,0.00,f,2026-06-26 06:37:11,2026-06-26 06:35:08.98363,2026-06-26 06:36:59.469977,\N,\N,\N
130869,1103,1,5,\N,\N,\N,\N,2,2,2026-12-31,11.00,0.00,0.00,0.00,f,2026-06-26 06:37:11,2026-06-26 06:35:08.98363,2026-06-26 06:36:59.469977,\N,\N,\N
130881,318,1,5,\N,\N,\N,\N,2,2,2026-12-31,164.00,1.00,0.00,0.00,f,2026-06-26 06:37:11,2026-06-26 06:35:08.98363,2026-07-02 16:06:30.41204,\N,\N,\N
130873,865,1,5,\N,\N,\N,\N,2,2,2026-12-31,3.00,0.00,0.00,0.00,f,2026-06-26 06:37:11,2026-06-26 06:35:08.98363,2026-06-26 06:36:59.469977,\N,\N,\N
130875,890,1,5,\N,\N,\N,\N,2,2,2026-12-31,1.00,0.00,0.00,0.00,f,2026-06-26 06:37:11,2026-06-26 06:35:08.98363,2026-06-26 06:36:59.469977,\N,\N,\N
130871,862,1,5,\N,\N,\N,\N,2,42,2026-12-31,3.00,0.00,0.00,0.00,f,2026-06-26 06:37:11,2026-06-26 06:35:08.98363,2026-06-29 08:41:47.502086,\N,\N,\N
130888,307,1,5,\N,\N,\N,\N,2,2,2026-12-31,80.00,0.00,0.00,0.00,f,2026-06-26 06:37:11,2026-06-26 06:35:08.98363,2026-06-26 06:36:59.469977,\N,\N,\N
130890,309,1,5,\N,\N,\N,\N,2,2,2026-12-31,49.00,0.00,0.00,0.00,f,2026-06-26 06:37:11,2026-06-26 06:35:08.98363,2026-06-26 06:36:59.469977,\N,\N,\N
130867,1075,1,5,\N,\N,\N,\N,2,42,2026-12-31,19.00,0.00,0.00,0.00,f,2026-06-26 06:37:11,2026-06-26 06:35:08.98363,2026-06-29 08:15:27.760212,\N,\N,\N
130897,1999,1,5,\N,\N,\N,\N,2,2,2026-12-31,7.00,0.00,0.00,0.00,f,2026-06-26 06:37:11,2026-06-26 06:35:08.98363,2026-06-26 06:36:59.469977,\N,\N,\N
130898,2000,1,5,\N,\N,\N,\N,2,2,2026-12-31,3.00,0.00,0.00,0.00,f,2026-06-26 06:37:11,2026-06-26 06:35:08.98363,2026-06-26 06:36:59.469977,\N,\N,\N
130899,2002,1,5,\N,\N,\N,\N,2,2,2026-12-31,2.00,0.00,0.00,0.00,f,2026-06-26 06:37:11,2026-06-26 06:35:08.98363,2026-06-26 06:36:59.469977,\N,\N,\N
130900,2005,1,5,\N,\N,\N,\N,2,2,2026-12-31,1.00,0.00,0.00,0.00,f,2026-06-26 06:37:11,2026-06-26 06:35:08.98363,2026-06-26 06:36:59.469977,\N,\N,\N
130901,2007,1,5,\N,\N,\N,\N,2,2,2026-12-31,1.00,0.00,0.00,0.00,f,2026-06-26 06:37:11,2026-06-26 06:35:08.98363,2026-06-26 06:36:59.469977,\N,\N,\N
130904,1948,1,5,\N,\N,\N,\N,2,2,2026-12-31,1.00,0.00,0.00,0.00,f,2026-06-26 06:37:11,2026-06-26 06:35:08.98363,2026-06-26 06:36:59.469977,\N,\N,\N
130906,2071,1,5,\N,\N,\N,\N,2,2,2026-12-31,2.00,0.00,0.00,0.00,f,2026-06-26 06:37:11,2026-06-26 06:35:08.98363,2026-06-26 06:36:59.469977,\N,\N,\N
130908,2081,1,5,\N,\N,\N,\N,2,2,2026-12-31,107.00,0.00,0.00,0.00,f,2026-06-26 06:37:11,2026-06-26 06:35:08.98363,2026-06-26 06:36:59.469977,\N,\N,\N
130909,2082,1,5,\N,\N,\N,\N,2,2,2026-12-31,105.00,0.00,0.00,0.00,f,2026-06-26 06:37:11,2026-06-26 06:35:08.98363,2026-06-26 06:36:59.469977,\N,\N,\N
130910,2083,1,5,\N,\N,\N,\N,2,2,2026-12-31,93.00,0.00,0.00,0.00,f,2026-06-26 06:37:11,2026-06-26 06:35:08.98363,2026-06-26 06:36:59.469977,\N,\N,\N
130911,2084,1,5,\N,\N,\N,\N,2,2,2026-12-31,90.00,0.00,0.00,0.00,f,2026-06-26 06:37:11,2026-06-26 06:35:08.98363,2026-06-26 06:36:59.469977,\N,\N,\N
130912,2085,1,5,\N,\N,\N,\N,2,2,2026-12-31,2.00,0.00,0.00,0.00,f,2026-06-26 06:37:11,2026-06-26 06:35:08.98363,2026-06-26 06:36:59.469977,\N,\N,\N
130913,2086,1,5,\N,\N,\N,\N,2,2,2026-12-31,1.00,0.00,0.00,0.00,f,2026-06-26 06:37:11,2026-06-26 06:35:08.98363,2026-06-26 06:36:59.469977,\N,\N,\N
130915,2088,1,5,\N,\N,\N,\N,2,2,2026-12-31,2.00,0.00,0.00,0.00,f,2026-06-26 06:37:11,2026-06-26 06:35:08.98363,2026-06-26 06:36:59.469977,\N,\N,\N
130917,1249,1,5,\N,\N,\N,\N,2,2,2026-12-31,2.00,0.00,0.00,0.00,f,2026-06-26 06:37:11,2026-06-26 06:35:08.98363,2026-06-26 06:36:59.469977,\N,\N,\N
130920,1040,1,5,\N,\N,\N,\N,2,2,2026-12-31,7.00,0.00,0.00,0.00,f,2026-06-26 06:37:11,2026-06-26 06:35:08.98363,2026-06-26 06:36:59.469977,\N,\N,\N
130921,1043,1,5,\N,\N,\N,\N,2,2,2026-12-31,1.00,0.00,0.00,0.00,f,2026-06-26 06:37:11,2026-06-26 06:35:08.98363,2026-06-26 06:36:59.469977,\N,\N,\N
130923,1076,1,5,\N,\N,\N,\N,2,2,2026-12-31,6.00,0.00,0.00,0.00,f,2026-06-26 06:37:11,2026-06-26 06:35:08.98363,2026-06-26 06:36:59.469977,\N,\N,\N
130895,314,1,5,\N,\N,\N,\N,2,2,2026-12-31,10.00,10.00,0.00,0.00,f,2026-06-26 06:37:11,2026-06-26 06:35:08.98363,2026-07-24 13:51:40.259073,\N,\N,\N
130925,1046,1,5,\N,\N,\N,\N,2,2,2026-12-31,9.00,0.00,0.00,0.00,f,2026-06-26 06:37:11,2026-06-26 06:35:08.98363,2026-06-26 06:36:59.469977,\N,\N,\N
130885,322,1,5,\N,\N,\N,\N,2,2,2026-12-31,17.00,8.00,0.00,0.00,f,2026-06-26 06:37:11,2026-06-26 06:35:08.98363,2026-07-28 12:51:37.85082,\N,\N,\N
130930,1077,1,5,\N,\N,\N,\N,2,2,2026-12-31,5.00,0.00,0.00,0.00,f,2026-06-26 06:37:11,2026-06-26 06:35:08.98363,2026-06-26 06:36:59.469977,\N,\N,\N
130933,2205,1,5,\N,\N,\N,\N,2,2,2026-12-31,1.00,0.00,0.00,0.00,f,2026-06-26 06:37:12,2026-06-26 06:35:08.98363,2026-06-26 06:36:59.469977,\N,\N,\N
130936,2209,1,5,\N,\N,\N,\N,2,2,2026-12-31,1.00,0.00,0.00,0.00,f,2026-06-26 06:37:12,2026-06-26 06:35:08.98363,2026-06-26 06:36:59.469977,\N,\N,\N
130937,2210,1,5,\N,\N,\N,\N,2,2,2026-12-31,3.00,0.00,0.00,0.00,f,2026-06-26 06:37:12,2026-06-26 06:35:08.98363,2026-06-26 06:36:59.469977,\N,\N,\N
130940,2213,1,5,\N,\N,\N,\N,2,2,2026-12-31,7.00,0.00,0.00,0.00,f,2026-06-26 06:37:12,2026-06-26 06:35:08.98363,2026-06-26 06:36:59.469977,\N,\N,\N
130941,2215,1,5,\N,\N,\N,\N,2,61,2026-12-31,3.00,1.00,0.00,0.00,f,2026-06-26 06:37:12,2026-06-26 06:35:08.98363,2026-06-26 11:06:35.489617,\N,\N,\N
130916,1248,1,5,\N,\N,\N,\N,2,61,2026-12-31,3.00,2.00,0.00,0.00,f,2026-06-26 06:37:11,2026-06-26 06:35:08.98363,2026-06-26 11:06:35.489617,\N,\N,\N
130932,2204,1,5,\N,\N,\N,\N,2,38,2026-12-31,11.00,2.00,0.00,0.00,f,2026-06-26 06:37:12,2026-06-26 06:35:08.98363,2026-06-26 11:30:50.487622,\N,\N,\N
130935,2207,1,5,\N,\N,\N,\N,2,38,2026-12-31,2.00,1.00,0.00,0.00,f,2026-06-26 06:37:12,2026-06-26 06:35:08.98363,2026-06-26 11:30:50.487622,\N,\N,\N
130942,2216,1,5,\N,\N,\N,\N,2,38,2026-12-31,6.00,4.00,0.00,0.00,f,2026-06-26 06:37:12,2026-06-26 06:35:08.98363,2026-06-26 11:30:50.487622,\N,\N,\N
130870,861,1,5,\N,\N,\N,\N,2,42,2026-12-31,3.00,0.00,0.00,0.00,f,2026-06-26 06:37:11,2026-06-26 06:35:08.98363,2026-06-29 08:15:27.760212,\N,\N,\N
130938,2211,1,5,\N,\N,\N,\N,2,38,2026-12-31,6.00,2.00,0.00,0.00,f,2026-06-26 06:37:12,2026-06-26 06:35:08.98363,2026-06-26 11:30:50.487622,\N,\N,\N
130874,864,1,5,\N,\N,\N,\N,2,42,2026-12-31,3.00,0.00,0.00,0.00,f,2026-06-26 06:37:11,2026-06-26 06:35:08.98363,2026-06-29 08:15:27.760212,\N,\N,\N
130889,308,1,5,\N,\N,\N,\N,2,42,2026-12-31,89.00,0.00,0.00,0.00,f,2026-06-26 06:37:11,2026-06-26 06:35:08.98363,2026-06-29 08:15:27.760212,\N,\N,\N
130866,1064,1,5,\N,\N,\N,\N,2,42,2026-12-31,2.00,0.00,0.00,0.00,f,2026-06-26 06:37:11,2026-06-26 06:35:08.98363,2026-06-29 08:15:27.760212,\N,\N,\N
130949,354,1,5,\N,\N,\N,\N,2,2,2026-12-31,7.00,0.00,0.00,0.00,f,2026-06-26 06:37:12,2026-06-26 06:35:08.98363,2026-06-26 06:36:59.469977,\N,\N,\N
130950,355,1,5,\N,\N,\N,\N,2,2,2026-12-31,8.00,0.00,0.00,0.00,f,2026-06-26 06:37:12,2026-06-26 06:35:08.98363,2026-06-26 06:36:59.469977,\N,\N,\N
130985,1953,1,5,\N,\N,\N,\N,2,2,2026-12-31,1.00,1.00,0.00,0.00,f,2026-06-26 06:37:12,2026-06-26 06:35:08.98363,2026-06-30 05:36:23.06478,\N,\N,\N
130987,2009,1,5,\N,\N,\N,\N,2,42,2026-12-31,10.00,0,0.00,0.00,f,2026-06-26 06:37:12,2026-06-26 06:35:08.98363,2026-06-30 08:40:06.67395,\N,\N,\N
131004,2256,1,5,\N,\N,\N,\N,2,2,2026-12-31,1.00,1.00,0.00,0.00,f,2026-06-26 06:37:12,2026-06-26 06:35:08.98363,2026-07-11 03:06:43.207961,\N,\N,\N
130946,2220,1,5,\N,\N,\N,\N,2,42,2026-12-31,64.00,5.00,0.00,0.00,f,2026-06-26 06:37:12,2026-06-26 06:35:08.98363,2026-06-30 08:40:06.67395,\N,\N,\N
130956,2221,1,5,\N,\N,\N,\N,2,42,2026-12-31,6.00,0,0.00,0.00,f,2026-06-26 06:37:12,2026-06-26 06:35:08.98363,2026-06-30 08:40:06.67395,\N,\N,\N
130965,920,1,5,\N,\N,\N,\N,2,2,2026-12-31,2.00,0.00,0.00,0.00,f,2026-06-26 06:37:12,2026-06-26 06:35:08.98363,2026-06-26 06:36:59.469977,\N,\N,\N
130969,925,1,5,\N,\N,\N,\N,2,2,2026-12-31,2.00,0.00,0.00,0.00,f,2026-06-26 06:37:12,2026-06-26 06:35:08.98363,2026-06-26 06:36:59.469977,\N,\N,\N
130973,478,1,5,\N,\N,\N,\N,2,2,2026-12-31,43.00,0.00,0.00,0.00,f,2026-06-26 06:37:12,2026-06-26 06:35:08.98363,2026-06-26 06:36:59.469977,\N,\N,\N
130974,479,1,5,\N,\N,\N,\N,2,2,2026-12-31,74.00,0.00,0.00,0.00,f,2026-06-26 06:37:12,2026-06-26 06:35:08.98363,2026-06-26 06:36:59.469977,\N,\N,\N
130975,480,1,5,\N,\N,\N,\N,2,2,2026-12-31,62.00,0.00,0.00,0.00,f,2026-06-26 06:37:12,2026-06-26 06:35:08.98363,2026-06-26 06:36:59.469977,\N,\N,\N
130976,481,1,5,\N,\N,\N,\N,2,2,2026-12-31,80.00,0.00,0.00,0.00,f,2026-06-26 06:37:12,2026-06-26 06:35:08.98363,2026-06-26 06:36:59.469977,\N,\N,\N
130977,482,1,5,\N,\N,\N,\N,2,2,2026-12-31,109.00,0.00,0.00,0.00,f,2026-06-26 06:37:12,2026-06-26 06:35:08.98363,2026-06-26 06:36:59.469977,\N,\N,\N
130978,483,1,5,\N,\N,\N,\N,2,2,2026-12-31,120.00,0.00,0.00,0.00,f,2026-06-26 06:37:12,2026-06-26 06:35:08.98363,2026-06-26 06:36:59.469977,\N,\N,\N
130979,484,1,5,\N,\N,\N,\N,2,2,2026-12-31,97.00,0.00,0.00,0.00,f,2026-06-26 06:37:12,2026-06-26 06:35:08.98363,2026-06-26 06:36:59.469977,\N,\N,\N
130989,2015,1,5,\N,\N,\N,\N,2,2,2026-12-31,1.00,0.00,0.00,0.00,f,2026-06-26 06:37:12,2026-06-26 06:35:08.98363,2026-06-26 06:36:59.469977,\N,\N,\N
130991,2045,1,5,\N,\N,\N,\N,2,2,2026-12-31,2.00,0.00,0.00,0.00,f,2026-06-26 06:37:12,2026-06-26 06:35:08.98363,2026-06-26 06:36:59.469977,\N,\N,\N
131013,2411,1,5,\N,\N,\N,\N,2,42,2026-12-31,24.00,0.00,0.00,0.00,f,2026-06-26 06:37:12,2026-06-26 06:35:08.98363,2026-06-29 08:15:27.760212,\N,\N,\N
130993,2098,1,5,\N,\N,\N,\N,2,2,2026-12-31,1.00,0.00,0.00,0.00,f,2026-06-26 06:37:12,2026-06-26 06:35:08.98363,2026-06-26 06:36:59.469977,\N,\N,\N
130994,2065,1,5,\N,\N,\N,\N,2,2,2026-12-31,3.00,0.00,0.00,0.00,f,2026-06-26 06:37:12,2026-06-26 06:35:08.98363,2026-06-26 06:36:59.469977,\N,\N,\N
130995,721,1,5,\N,\N,\N,\N,2,2,2026-12-31,1.00,0.00,0.00,0.00,f,2026-06-26 06:37:12,2026-06-26 06:35:08.98363,2026-06-26 06:36:59.469977,\N,\N,\N
130996,2054,1,5,\N,\N,\N,\N,2,2,2026-12-31,1.00,0.00,0.00,0.00,f,2026-06-26 06:37:12,2026-06-26 06:35:08.98363,2026-06-26 06:36:59.469977,\N,\N,\N
130997,2055,1,5,\N,\N,\N,\N,2,2,2026-12-31,5.00,0.00,0.00,0.00,f,2026-06-26 06:37:12,2026-06-26 06:35:08.98363,2026-06-26 06:36:59.469977,\N,\N,\N
130998,2056,1,5,\N,\N,\N,\N,2,2,2026-12-31,3.00,0.00,0.00,0.00,f,2026-06-26 06:37:12,2026-06-26 06:35:08.98363,2026-06-26 06:36:59.469977,\N,\N,\N
130999,2057,1,5,\N,\N,\N,\N,2,2,2026-12-31,3.00,0.00,0.00,0.00,f,2026-06-26 06:37:12,2026-06-26 06:35:08.98363,2026-06-26 06:36:59.469977,\N,\N,\N
131000,2058,1,5,\N,\N,\N,\N,2,2,2026-12-31,1.00,0.00,0.00,0.00,f,2026-06-26 06:37:12,2026-06-26 06:35:08.98363,2026-06-26 06:36:59.469977,\N,\N,\N
131001,2248,1,5,\N,\N,\N,\N,2,2,2026-12-31,16.00,0.00,0.00,0.00,f,2026-06-26 06:37:12,2026-06-26 06:35:08.98363,2026-06-26 06:36:59.469977,\N,\N,\N
131002,2249,1,5,\N,\N,\N,\N,2,2,2026-12-31,43.00,0.00,0.00,0.00,f,2026-06-26 06:37:12,2026-06-26 06:35:08.98363,2026-06-26 06:36:59.469977,\N,\N,\N
131005,2257,1,5,\N,\N,\N,\N,2,2,2026-12-31,14.00,0.00,0.00,0.00,f,2026-06-26 06:37:12,2026-06-26 06:35:08.98363,2026-06-26 06:36:59.469977,\N,\N,\N
131007,2260,1,5,\N,\N,\N,\N,2,2,2026-12-31,8.00,0.00,0.00,0.00,f,2026-06-26 06:37:12,2026-06-26 06:35:08.98363,2026-06-26 06:36:59.469977,\N,\N,\N
131010,2264,1,5,\N,\N,\N,\N,2,2,2026-12-31,2.00,0.00,0.00,0.00,f,2026-06-26 06:37:12,2026-06-26 06:35:08.98363,2026-06-26 06:36:59.469977,\N,\N,\N
131018,2416,1,5,\N,\N,\N,\N,2,2,2026-12-31,7.00,0.00,0.00,0.00,f,2026-06-26 06:37:12,2026-06-26 06:35:08.98363,2026-06-26 06:36:59.469977,\N,\N,\N
131019,361,1,5,\N,\N,\N,\N,2,2,2026-12-31,12.00,0.00,0.00,0.00,f,2026-06-26 06:37:12,2026-06-26 06:35:08.98363,2026-06-26 06:36:59.469977,\N,\N,\N
131026,368,1,5,\N,\N,\N,\N,2,2,2026-12-31,11.00,0.00,0.00,0.00,f,2026-06-26 06:37:12,2026-06-26 06:35:08.98363,2026-06-26 06:36:59.469977,\N,\N,\N
131027,369,1,5,\N,\N,\N,\N,2,2,2026-12-31,20.00,0.00,0.00,0.00,f,2026-06-26 06:37:12,2026-06-26 06:35:08.98363,2026-06-26 06:36:59.469977,\N,\N,\N
130948,353,1,5,\N,\N,\N,\N,2,46,2026-12-31,13.00,0.00,0.00,0.00,f,2026-06-26 06:37:12,2026-06-26 06:35:08.98363,2026-06-30 08:40:07.557949,\N,\N,\N
131014,2412,1,5,\N,\N,\N,\N,2,42,2026-12-31,10.00,0.00,0.00,0.00,f,2026-06-26 06:37:12,2026-06-26 06:35:08.98363,2026-06-29 08:15:27.760212,\N,\N,\N
131015,2413,1,5,\N,\N,\N,\N,2,42,2026-12-31,8.00,0.00,0.00,0.00,f,2026-06-26 06:37:12,2026-06-26 06:35:08.98363,2026-06-29 08:15:27.760212,\N,\N,\N
130951,356,1,5,\N,\N,\N,\N,2,61,2026-12-31,4.00,2.00,0.00,0.00,f,2026-06-26 06:37:12,2026-06-26 06:35:08.98363,2026-06-26 11:06:35.489617,\N,\N,\N
130952,357,1,5,\N,\N,\N,\N,2,61,2026-12-31,12.00,1.00,0.00,0.00,f,2026-06-26 06:37:12,2026-06-26 06:35:08.98363,2026-06-26 11:06:35.489617,\N,\N,\N
131016,2414,1,5,\N,\N,\N,\N,2,42,2026-12-31,56.00,0.00,0.00,0.00,f,2026-06-26 06:37:12,2026-06-26 06:35:08.98363,2026-06-29 08:15:27.760212,\N,\N,\N
130954,359,1,5,\N,\N,\N,\N,2,61,2026-12-31,13.00,1.00,0.00,0.00,f,2026-06-26 06:37:12,2026-06-26 06:35:08.98363,2026-06-26 11:06:35.489617,\N,\N,\N
131017,2415,1,5,\N,\N,\N,\N,2,42,2026-12-31,46.00,0.00,0.00,0.00,f,2026-06-26 06:37:12,2026-06-26 06:35:08.98363,2026-06-29 08:15:27.760212,\N,\N,\N
130961,2226,1,5,\N,\N,\N,\N,2,46,2026-12-31,11.00,2.00,0.00,0.00,f,2026-06-26 06:37:12,2026-06-26 06:35:08.98363,2026-06-30 08:40:07.557949,\N,\N,\N
131011,2265,1,5,\N,\N,\N,\N,2,38,2026-12-31,24.00,1.00,0.00,0.00,f,2026-06-26 06:37:12,2026-06-26 06:35:08.98363,2026-06-26 11:30:50.487622,\N,\N,\N
130984,1951,1,5,\N,\N,\N,\N,2,42,2026-12-31,4.00,0.00,0.00,0.00,f,2026-06-26 06:37:12,2026-06-26 06:35:08.98363,2026-06-30 08:40:06.67395,\N,\N,\N
130972,2036,1,5,\N,\N,\N,\N,2,42,2026-12-31,8.00,0.00,0.00,0.00,f,2026-06-26 06:37:12,2026-06-26 06:35:08.98363,2026-06-30 08:40:06.67395,\N,\N,\N
130953,358,1,5,\N,\N,\N,\N,2,42,2026-12-31,14.00,2.00,0.00,0.00,f,2026-06-26 06:37:12,2026-06-26 06:35:08.98363,2026-06-29 08:15:27.760212,\N,\N,\N
130980,1970,1,5,\N,\N,\N,\N,2,42,2026-12-31,2.00,0.00,0.00,0.00,f,2026-06-26 06:37:12,2026-06-26 06:35:08.98363,2026-06-29 08:15:27.760212,\N,\N,\N
130981,1971,1,5,\N,\N,\N,\N,2,42,2026-12-31,1.00,0.00,0.00,0.00,f,2026-06-26 06:37:12,2026-06-26 06:35:08.98363,2026-06-29 08:15:27.760212,\N,\N,\N
130982,1997,1,5,\N,\N,\N,\N,2,42,2026-12-31,1.00,0.00,0.00,0.00,f,2026-06-26 06:37:12,2026-06-26 06:35:08.98363,2026-06-29 08:15:27.760212,\N,\N,\N
130983,1950,1,5,\N,\N,\N,\N,2,42,2026-12-31,1.00,0.00,0.00,0.00,f,2026-06-26 06:37:12,2026-06-26 06:35:08.98363,2026-06-29 08:15:27.760212,\N,\N,\N
131006,2258,1,5,\N,\N,\N,\N,2,42,2026-12-31,1.00,0.00,0.00,0.00,f,2026-06-26 06:37:12,2026-06-26 06:35:08.98363,2026-06-30 08:40:06.67395,\N,\N,\N
130955,360,1,5,\N,\N,\N,\N,2,42,2026-12-31,3.00,2.00,0.00,0.00,f,2026-06-26 06:37:12,2026-06-26 06:35:08.98363,2026-06-30 08:40:06.67395,\N,\N,\N
130958,2223,1,5,\N,\N,\N,\N,2,42,2026-12-31,4.00,1.00,0.00,0.00,f,2026-06-26 06:37:12,2026-06-26 06:35:08.98363,2026-06-30 08:40:06.67395,\N,\N,\N
131008,2261,1,5,\N,\N,\N,\N,2,42,2026-12-31,4.00,1.00,0.00,0.00,f,2026-06-26 06:37:12,2026-06-26 06:35:08.98363,2026-06-30 08:40:06.67395,\N,\N,\N
130947,352,1,5,\N,\N,\N,\N,2,42,2026-12-31,10.00,3.00,0.00,0.00,f,2026-06-26 06:37:12,2026-06-26 06:35:08.98363,2026-06-30 08:40:06.67395,\N,\N,\N
130960,2225,1,5,\N,\N,\N,\N,2,42,2026-12-31,21.00,2.00,0.00,0.00,f,2026-06-26 06:37:12,2026-06-26 06:35:08.98363,2026-06-30 08:40:06.67395,\N,\N,\N
130945,2219,1,5,\N,\N,\N,\N,2,46,2026-12-31,9.00,1.00,0.00,0.00,f,2026-06-26 06:37:12,2026-06-26 06:35:08.98363,2026-06-30 08:40:07.557949,\N,\N,\N
131060,288,1,5,\N,\N,\N,\N,2,2,2026-12-31,7.00,1.00,0.00,0.00,f,2026-06-26 06:37:12,2026-06-26 06:35:08.98363,2026-07-06 13:22:14.257393,\N,\N,\N
131031,337,1,5,\N,\N,\N,\N,2,2,2026-12-31,94.00,0.00,0.00,0.00,f,2026-06-26 06:37:12,2026-06-26 06:35:08.98363,2026-06-26 06:36:59.469977,\N,\N,\N
131059,287,1,5,\N,\N,\N,\N,2,2,2026-12-31,4.00,2.00,0.00,0.00,f,2026-06-26 06:37:12,2026-06-26 06:35:08.98363,2026-07-09 14:51:16.557578,\N,\N,\N
131034,340,1,5,\N,\N,\N,\N,2,2,2026-12-31,90.00,0.00,0.00,0.00,f,2026-06-26 06:37:12,2026-06-26 06:35:08.98363,2026-06-26 06:36:59.469977,\N,\N,\N
131053,1113,1,5,\N,\N,\N,\N,2,2,2026-12-31,1.00,1.00,0.00,0.00,f,2026-06-26 06:37:12,2026-06-26 06:35:08.98363,2026-07-13 13:06:28.607356,\N,\N,\N
131036,342,1,5,\N,\N,\N,\N,2,2,2026-12-31,40.00,0.00,0.00,0.00,f,2026-06-26 06:37:12,2026-06-26 06:35:08.98363,2026-06-26 06:36:59.469977,\N,\N,\N
131037,2117,1,5,\N,\N,\N,\N,2,2,2026-12-31,1.00,0.00,0.00,0.00,f,2026-06-26 06:37:12,2026-06-26 06:35:08.98363,2026-06-26 06:36:59.469977,\N,\N,\N
131038,2110,1,5,\N,\N,\N,\N,2,2,2026-12-31,1.00,0.00,0.00,0.00,f,2026-06-26 06:37:12,2026-06-26 06:35:08.98363,2026-06-26 06:36:59.469977,\N,\N,\N
131039,2116,1,5,\N,\N,\N,\N,2,2,2026-12-31,2.00,0.00,0.00,0.00,f,2026-06-26 06:37:12,2026-06-26 06:35:08.98363,2026-06-26 06:36:59.469977,\N,\N,\N
131040,2124,1,5,\N,\N,\N,\N,2,2,2026-12-31,1.00,0.00,0.00,0.00,f,2026-06-26 06:37:12,2026-06-26 06:35:08.98363,2026-06-26 06:36:59.469977,\N,\N,\N
131041,2138,1,5,\N,\N,\N,\N,2,2,2026-12-31,2.00,0.00,0.00,0.00,f,2026-06-26 06:37:12,2026-06-26 06:35:08.98363,2026-06-26 06:36:59.469977,\N,\N,\N
131042,2139,1,5,\N,\N,\N,\N,2,2,2026-12-31,1.00,0.00,0.00,0.00,f,2026-06-26 06:37:12,2026-06-26 06:35:08.98363,2026-06-26 06:36:59.469977,\N,\N,\N
131043,2140,1,5,\N,\N,\N,\N,2,2,2026-12-31,2.00,0.00,0.00,0.00,f,2026-06-26 06:37:12,2026-06-26 06:35:08.98363,2026-06-26 06:36:59.469977,\N,\N,\N
131044,2141,1,5,\N,\N,\N,\N,2,2,2026-12-31,2.00,0.00,0.00,0.00,f,2026-06-26 06:37:12,2026-06-26 06:35:08.98363,2026-06-26 06:36:59.469977,\N,\N,\N
131045,2142,1,5,\N,\N,\N,\N,2,2,2026-12-31,7.00,0.00,0.00,0.00,f,2026-06-26 06:37:12,2026-06-26 06:35:08.98363,2026-06-26 06:36:59.469977,\N,\N,\N
131046,2143,1,5,\N,\N,\N,\N,2,2,2026-12-31,3.00,0.00,0.00,0.00,f,2026-06-26 06:37:12,2026-06-26 06:35:08.98363,2026-06-26 06:36:59.469977,\N,\N,\N
131047,2128,1,5,\N,\N,\N,\N,2,2,2026-12-31,1.00,0.00,0.00,0.00,f,2026-06-26 06:37:12,2026-06-26 06:35:08.98363,2026-06-26 06:36:59.469977,\N,\N,\N
131048,2129,1,5,\N,\N,\N,\N,2,2,2026-12-31,2.00,0.00,0.00,0.00,f,2026-06-26 06:37:12,2026-06-26 06:35:08.98363,2026-06-26 06:36:59.469977,\N,\N,\N
131049,2132,1,5,\N,\N,\N,\N,2,2,2026-12-31,1.00,0.00,0.00,0.00,f,2026-06-26 06:37:12,2026-06-26 06:35:08.98363,2026-06-26 06:36:59.469977,\N,\N,\N
131050,2134,1,5,\N,\N,\N,\N,2,2,2026-12-31,1.00,0.00,0.00,0.00,f,2026-06-26 06:37:12,2026-06-26 06:35:08.98363,2026-06-26 06:36:59.469977,\N,\N,\N
131085,343,1,5,\N,\N,\N,\N,2,42,2026-12-31,21.00,4.00,0.00,0.00,f,2026-06-26 06:37:12,2026-06-26 06:35:08.98363,2026-06-30 08:40:06.67395,\N,\N,\N
131086,344,1,5,\N,\N,\N,\N,2,42,2026-12-31,39.00,5.00,0.00,0.00,f,2026-06-26 06:37:12,2026-06-26 06:35:08.98363,2026-06-30 08:40:06.67395,\N,\N,\N
131057,285,1,5,\N,\N,\N,\N,2,2,2026-12-31,10.00,0.00,0.00,0.00,f,2026-06-26 06:37:12,2026-06-26 06:35:08.98363,2026-06-26 06:36:59.469977,\N,\N,\N
131062,290,1,5,\N,\N,\N,\N,2,2,2026-12-31,3.00,0.00,0.00,0.00,f,2026-06-26 06:37:12,2026-06-26 06:35:08.98363,2026-06-26 06:36:59.469977,\N,\N,\N
131064,292,1,5,\N,\N,\N,\N,2,2,2026-12-31,8.00,0.00,0.00,0.00,f,2026-06-26 06:37:12,2026-06-26 06:35:08.98363,2026-06-26 06:36:59.469977,\N,\N,\N
131065,293,1,5,\N,\N,\N,\N,2,2,2026-12-31,3.00,0.00,0.00,0.00,f,2026-06-26 06:37:12,2026-06-26 06:35:08.98363,2026-06-26 06:36:59.469977,\N,\N,\N
131066,379,1,5,\N,\N,\N,\N,2,2,2026-12-31,43.00,0.00,0.00,0.00,f,2026-06-26 06:37:12,2026-06-26 06:35:08.98363,2026-06-26 06:36:59.469977,\N,\N,\N
131067,380,1,5,\N,\N,\N,\N,2,2,2026-12-31,25.00,0.00,0.00,0.00,f,2026-06-26 06:37:12,2026-06-26 06:35:08.98363,2026-06-26 06:36:59.469977,\N,\N,\N
131068,381,1,5,\N,\N,\N,\N,2,2,2026-12-31,3.00,0.00,0.00,0.00,f,2026-06-26 06:37:12,2026-06-26 06:35:08.98363,2026-06-26 06:36:59.469977,\N,\N,\N
131069,382,1,5,\N,\N,\N,\N,2,2,2026-12-31,12.00,0.00,0.00,0.00,f,2026-06-26 06:37:12,2026-06-26 06:35:08.98363,2026-06-26 06:36:59.469977,\N,\N,\N
131070,383,1,5,\N,\N,\N,\N,2,2,2026-12-31,51.00,0.00,0.00,0.00,f,2026-06-26 06:37:12,2026-06-26 06:35:08.98363,2026-06-26 06:36:59.469977,\N,\N,\N
131071,384,1,5,\N,\N,\N,\N,2,2,2026-12-31,11.00,0.00,0.00,0.00,f,2026-06-26 06:37:12,2026-06-26 06:35:08.98363,2026-06-26 06:36:59.469977,\N,\N,\N
131072,385,1,5,\N,\N,\N,\N,2,2,2026-12-31,43.00,0.00,0.00,0.00,f,2026-06-26 06:37:12,2026-06-26 06:35:08.98363,2026-06-26 06:36:59.469977,\N,\N,\N
131073,386,1,5,\N,\N,\N,\N,2,2,2026-12-31,39.00,0.00,0.00,0.00,f,2026-06-26 06:37:12,2026-06-26 06:35:08.98363,2026-06-26 06:36:59.469977,\N,\N,\N
131074,387,1,5,\N,\N,\N,\N,2,2,2026-12-31,16.00,0.00,0.00,0.00,f,2026-06-26 06:37:12,2026-06-26 06:35:08.98363,2026-06-26 06:36:59.469977,\N,\N,\N
131087,345,1,5,\N,\N,\N,\N,2,42,2026-12-31,38.00,6.00,0.00,0.00,f,2026-06-26 06:37:12,2026-06-26 06:35:08.98363,2026-06-30 08:40:06.67395,\N,\N,\N
131088,346,1,5,\N,\N,\N,\N,2,42,2026-12-31,31.00,5.00,0.00,0.00,f,2026-06-26 06:37:12,2026-06-26 06:35:08.98363,2026-06-30 08:40:06.67395,\N,\N,\N
131033,339,1,5,\N,\N,\N,\N,2,46,2026-12-31,130.00,0.00,0.00,0.00,f,2026-06-26 06:37:12,2026-06-26 06:35:08.98363,2026-06-30 08:40:07.557949,\N,\N,\N
131090,348,1,5,\N,\N,\N,\N,2,46,2026-12-31,17.00,2.00,0.00,0.00,f,2026-06-26 06:37:12,2026-06-26 06:35:08.98363,2026-06-30 08:40:07.557949,\N,\N,\N
131091,349,1,5,\N,\N,\N,\N,2,46,2026-12-31,49.00,8.00,0.00,0.00,f,2026-06-26 06:37:12,2026-06-26 06:35:08.98363,2026-06-30 08:40:07.557949,\N,\N,\N
131030,336,1,5,\N,\N,\N,\N,2,46,2026-12-31,114.00,0.00,0.00,0.00,f,2026-06-26 06:37:12,2026-06-26 06:35:08.98363,2026-06-30 08:40:07.557949,\N,\N,\N
131092,350,1,5,\N,\N,\N,\N,2,42,2026-12-31,9.00,3.00,0.00,0.00,f,2026-06-26 06:37:12,2026-06-26 06:35:08.98363,2026-06-29 08:41:47.502086,\N,\N,\N
131083,2238,1,5,\N,\N,\N,\N,2,46,2026-12-31,4.00,0.00,0.00,0.00,f,2026-06-26 06:37:12,2026-06-26 06:35:08.98363,2026-06-30 08:40:07.557949,\N,\N,\N
131093,351,1,5,\N,\N,\N,\N,2,46,2026-12-31,3.00,0.00,0.00,0.00,f,2026-06-26 06:37:12,2026-06-26 06:35:08.98363,2026-06-30 08:40:07.557949,\N,\N,\N
131089,347,1,5,\N,\N,\N,\N,2,42,2026-12-31,39.00,5.00,0.00,0.00,f,2026-06-26 06:37:12,2026-06-26 06:35:08.98363,2026-06-30 08:40:06.67395,\N,\N,\N
131052,1112,1,5,\N,\N,\N,\N,2,2,2026-12-31,2.00,2.00,0.00,0.00,f,2026-06-26 06:37:12,2026-06-26 06:35:08.98363,2026-07-13 19:21:53.097846,\N,\N,\N
131054,1115,1,5,\N,\N,\N,\N,2,2,2026-12-31,4.00,4.00,0.00,0.00,f,2026-06-26 06:37:12,2026-06-26 06:35:08.98363,2026-07-23 05:21:10.106604,\N,\N,\N
131058,286,1,5,\N,\N,\N,\N,2,2,2026-12-31,6.00,1.00,0.00,0.00,f,2026-06-26 06:37:12,2026-06-26 06:35:08.98363,2026-07-25 16:51:24.012618,\N,\N,\N
131061,289,1,5,\N,\N,\N,\N,2,2,2026-12-31,5.00,1.00,0.00,0.00,f,2026-06-26 06:37:12,2026-06-26 06:35:08.98363,2026-07-25 16:51:24.012618,\N,\N,\N
131063,291,1,5,\N,\N,\N,\N,2,2,2026-12-31,6.00,1.00,0.00,0.00,f,2026-06-26 06:37:12,2026-06-26 06:35:08.98363,2026-07-28 18:36:09.81825,\N,\N,\N
131094,370,1,5,\N,\N,\N,\N,2,42,2026-12-31,13.00,0.00,0.00,0.00,f,2026-06-26 06:37:12,2026-06-26 06:35:08.98363,2026-06-29 08:15:27.760212,\N,\N,\N
131095,371,1,5,\N,\N,\N,\N,2,42,2026-12-31,106.00,0.00,0.00,0.00,f,2026-06-26 06:37:12,2026-06-26 06:35:08.98363,2026-06-29 08:15:27.760212,\N,\N,\N
131096,372,1,5,\N,\N,\N,\N,2,42,2026-12-31,101.00,0.00,0.00,0.00,f,2026-06-26 06:37:12,2026-06-26 06:35:08.98363,2026-06-29 08:15:27.760212,\N,\N,\N
131097,373,1,5,\N,\N,\N,\N,2,42,2026-12-31,50.00,0.00,0.00,0.00,f,2026-06-26 06:37:12,2026-06-26 06:35:08.98363,2026-06-29 08:15:27.760212,\N,\N,\N
131109,972,1,5,\N,\N,\N,\N,2,2,2026-12-31,1.00,1.00,0.00,0.00,f,2026-06-26 06:37:12,2026-06-26 06:35:08.98363,2026-07-28 17:21:48.013206,\N,\N,\N
131107,970,1,5,\N,\N,\N,\N,2,2,2026-12-31,2.00,0.00,0.00,0.00,f,2026-06-26 06:37:12,2026-06-26 06:35:08.98363,2026-06-26 06:36:59.469977,\N,\N,\N
131128,2404,1,5,\N,\N,\N,\N,2,42,2026-12-31,54.00,4.00,0.00,0.00,f,2026-06-26 06:37:12,2026-06-26 06:35:08.98363,2026-06-30 08:40:06.67395,\N,\N,\N
131129,2405,1,5,\N,\N,\N,\N,2,42,2026-12-31,27.00,2.00,0.00,0.00,f,2026-06-26 06:37:12,2026-06-26 06:35:08.98363,2026-06-30 08:40:06.67395,\N,\N,\N
131131,2407,1,5,\N,\N,\N,\N,2,42,2026-12-31,22.00,3.00,0.00,0.00,f,2026-06-26 06:37:12,2026-06-26 06:35:08.98363,2026-06-30 08:40:06.67395,\N,\N,\N
131148,2385,1,5,\N,\N,\N,\N,2,42,2026-12-31,22.00,3.00,0.00,0.00,f,2026-06-26 06:37:12,2026-06-26 06:35:08.98363,2026-06-30 08:40:06.67395,\N,\N,\N
131132,2408,1,5,\N,\N,\N,\N,2,42,2026-12-31,19.00,2.00,0.00,0.00,f,2026-06-26 06:37:12,2026-06-26 06:35:08.98363,2026-06-30 08:40:06.67395,\N,\N,\N
131130,2406,1,5,\N,\N,\N,\N,2,42,2026-12-31,35.00,2.00,0.00,0.00,f,2026-06-26 06:37:12,2026-06-26 06:35:08.98363,2026-06-30 08:40:06.67395,\N,\N,\N
131134,2376,1,5,\N,\N,\N,\N,2,42,2026-12-31,1.00,0.00,0.00,0.00,f,2026-06-26 06:37:12,2026-06-26 06:35:08.98363,2026-06-29 08:41:47.502086,\N,\N,\N
131137,2379,1,5,\N,\N,\N,\N,2,2,2026-12-31,16.00,0.00,0.00,0.00,f,2026-06-26 06:37:12,2026-06-26 06:35:08.98363,2026-06-26 06:36:59.469977,\N,\N,\N
131139,2381,1,5,\N,\N,\N,\N,2,2,2026-12-31,1.00,0.00,0.00,0.00,f,2026-06-26 06:37:12,2026-06-26 06:35:08.98363,2026-06-26 06:36:59.469977,\N,\N,\N
131133,2409,1,5,\N,\N,\N,\N,2,42,2026-12-31,4.00,0.00,0.00,0.00,f,2026-06-26 06:37:12,2026-06-26 06:35:08.98363,2026-06-29 08:41:47.502086,\N,\N,\N
131141,2394,1,5,\N,\N,\N,\N,2,2,2026-12-31,18.00,0.00,0.00,0.00,f,2026-06-26 06:37:12,2026-06-26 06:35:08.98363,2026-06-26 06:36:59.469977,\N,\N,\N
131146,2399,1,5,\N,\N,\N,\N,2,2,2026-12-31,1.00,0.00,0.00,0.00,f,2026-06-26 06:37:12,2026-06-26 06:35:08.98363,2026-06-26 06:36:59.469977,\N,\N,\N
131172,2484,1,5,\N,\N,\N,\N,2,2,2026-12-31,11.00,0.00,0.00,0.00,f,2026-06-26 06:37:13,2026-06-26 06:35:08.98363,2026-06-26 06:36:59.469977,\N,\N,\N
131181,2466,1,5,\N,\N,\N,\N,2,2,2026-12-31,14.00,0.00,0.00,0.00,f,2026-06-26 06:37:13,2026-06-26 06:35:08.98363,2026-06-26 06:36:59.469977,\N,\N,\N
131160,2472,1,5,\N,\N,\N,\N,2,42,2026-12-31,203.00,0.00,0.00,0.00,f,2026-06-26 06:37:13,2026-06-26 06:35:08.98363,2026-06-29 08:15:27.760212,\N,\N,\N
131176,2461,1,5,\N,\N,\N,\N,2,42,2026-12-31,6.00,1.00,0.00,0.00,f,2026-06-26 06:37:13,2026-06-26 06:35:08.98363,2026-06-29 08:15:27.760212,\N,\N,\N
131105,969,1,5,\N,\N,\N,\N,2,42,2026-12-31,2.00,0.00,0.00,0.00,f,2026-06-26 06:37:12,2026-06-26 06:35:08.98363,2026-06-29 08:15:27.760212,\N,\N,\N
131110,973,1,5,\N,\N,\N,\N,2,42,2026-12-31,2.00,0.00,0.00,0.00,f,2026-06-26 06:37:12,2026-06-26 06:35:08.98363,2026-06-29 08:15:27.760212,\N,\N,\N
131111,984,1,5,\N,\N,\N,\N,2,42,2026-12-31,20.00,0.00,0.00,0.00,f,2026-06-26 06:37:12,2026-06-26 06:35:08.98363,2026-06-29 08:15:27.760212,\N,\N,\N
131183,1228,1,5,\N,\N,\N,\N,2,2,2026-12-31,1.00,0.00,0.00,0.00,f,2026-06-26 06:37:13,2026-06-26 06:35:08.98363,2026-06-26 06:36:59.469977,\N,\N,\N
131184,1229,1,5,\N,\N,\N,\N,2,2,2026-12-31,1.00,0.00,0.00,0.00,f,2026-06-26 06:37:13,2026-06-26 06:35:08.98363,2026-06-26 06:36:59.469977,\N,\N,\N
130149,777,1,5,\N,\N,\N,\N,2,2,2026-12-31,273.00,162.00,0.00,0.00,f,2026-06-26 06:37:08,2026-06-26 06:35:08.98363,2026-07-27 02:21:34.908352,\N,\N,\N
130154,842,1,5,\N,\N,\N,\N,2,2,2026-12-31,104.00,53.00,0.00,0.00,f,2026-06-26 06:37:08,2026-06-26 06:35:08.98363,2026-07-27 02:52:02.543842,\N,\N,\N
130172,822,1,5,\N,\N,\N,\N,2,2,2026-12-31,96.00,11.00,0.00,0.00,f,2026-06-26 06:37:08,2026-06-26 06:35:08.98363,2026-07-31 17:51:10.617863,\N,\N,\N
130153,781,1,5,\N,\N,\N,\N,2,2,2026-12-31,276.00,135.00,0.00,0.00,f,2026-06-26 06:37:08,2026-06-26 06:35:08.98363,2026-07-27 04:21:53.599578,\N,\N,\N
130148,776,1,5,\N,\N,\N,\N,2,2,2026-12-31,220.00,127.00,0.00,0.00,f,2026-06-26 06:37:08,2026-06-26 06:35:08.98363,2026-08-02 13:21:16.873902,\N,\N,\N
130214,1172,1,5,\N,\N,\N,\N,2,2,2026-12-31,53.00,26.00,0.00,0.00,f,2026-06-26 06:37:08,2026-06-26 06:35:08.98363,2026-07-30 07:06:34.183905,\N,\N,\N
130343,1963,1,5,\N,\N,\N,\N,2,2,2026-12-31,44.00,38.00,0.00,0.00,f,2026-06-26 06:37:09,2026-06-26 06:35:08.98363,2026-08-01 06:06:26.64773,\N,\N,\N
130314,1498,1,5,\N,\N,\N,\N,2,2,2026-12-31,71.00,43.00,0.00,0.00,f,2026-06-26 06:37:09,2026-06-26 06:35:08.98363,2026-08-02 14:21:09.287269,\N,\N,\N
130151,779,1,5,\N,\N,\N,\N,2,2,2026-12-31,370.00,180.00,0.00,0.00,f,2026-06-26 06:37:08,2026-06-26 06:35:08.98363,2026-08-03 00:06:10.6526,\N,\N,\N
130045,1615,1,5,\N,\N,\N,\N,2,2,2026-12-31,38.00,9.00,0.00,0.00,f,2026-06-26 06:37:08,2026-06-26 06:35:08.98363,2026-07-29 02:36:18.025446,\N,\N,\N
130356,213,1,5,\N,\N,\N,\N,2,2,2026-12-31,211.00,72.00,0.00,0.00,f,2026-06-26 06:37:09,2026-06-26 06:35:08.98363,2026-08-03 03:36:09.300955,\N,\N,\N
130357,214,1,5,\N,\N,\N,\N,2,2,2026-12-31,141.00,98.00,0.00,0.00,f,2026-06-26 06:37:09,2026-06-26 06:35:08.98363,2026-08-03 04:36:31.589051,\N,\N,\N
130152,780,1,5,\N,\N,\N,\N,2,2,2026-12-31,376.00,203.00,0.00,0.00,f,2026-06-26 06:37:08,2026-06-26 06:35:08.98363,2026-08-03 05:36:25.47744,\N,\N,\N
130236,1861,1,5,\N,\N,\N,\N,2,2,2026-12-31,56.00,54.00,0.00,0.00,f,2026-06-26 06:37:08,2026-06-26 06:35:08.98363,2026-07-30 17:37:03.632431,\N,\N,\N
130341,1961,1,5,\N,\N,\N,\N,2,2,2026-12-31,340.00,28.00,0.00,0.00,f,2026-06-26 06:37:09,2026-06-26 06:35:08.98363,2026-08-01 14:36:09.658677,\N,\N,\N
130340,1960,1,5,\N,\N,\N,\N,2,2,2026-12-31,117.00,11.00,0.00,0.00,f,2026-06-26 06:37:09,2026-06-26 06:35:08.98363,2026-08-01 15:06:14.283784,\N,\N,\N
130326,1530,1,5,\N,\N,\N,\N,2,2,2026-12-31,205.00,79.00,0.00,0.00,f,2026-06-26 06:37:09,2026-06-26 06:35:08.98363,2026-07-29 09:36:07.604078,\N,\N,\N
130325,1529,1,5,\N,\N,\N,\N,2,2,2026-12-31,180.00,78.00,0.00,0.00,f,2026-06-26 06:37:09,2026-06-26 06:35:08.98363,2026-07-31 03:36:18.633856,\N,\N,\N
130212,1180,1,5,\N,\N,\N,\N,2,42,2026-12-31,116.00,6.00,0.00,0.00,f,2026-06-26 06:37:08,2026-06-26 06:35:08.98363,2026-06-30 08:40:06.67395,\N,\N,\N
130169,820,1,5,\N,\N,\N,\N,2,42,2026-12-31,9.00,1.00,0.00,0.00,f,2026-06-26 06:37:08,2026-06-26 06:35:08.98363,2026-06-30 08:40:06.67395,\N,\N,\N
130330,1534,1,5,\N,\N,\N,\N,2,42,2026-12-31,25.00,3.00,0.00,0.00,f,2026-06-26 06:37:09,2026-06-26 06:35:08.98363,2026-06-30 08:40:06.67395,\N,\N,\N
130186,523,1,5,\N,\N,\N,\N,2,2,2026-12-31,5.00,4.00,0.00,0.00,f,2026-06-26 06:37:08,2026-06-26 06:35:08.98363,2026-07-29 13:51:13.7178,\N,\N,\N
131182,2467,1,5,\N,\N,\N,\N,2,42,2026-12-31,17.00,0.00,0.00,0.00,f,2026-06-26 06:37:13,2026-06-26 06:35:08.98363,2026-06-29 08:15:27.760212,\N,\N,\N
130327,1531,1,5,\N,\N,\N,\N,2,2,2026-12-31,162.00,60.00,0.00,0.00,f,2026-06-26 06:37:09,2026-06-26 06:35:08.98363,2026-07-29 15:06:19.335374,\N,\N,\N
130342,1962,1,5,\N,\N,\N,\N,2,2,2026-12-31,265.00,42.00,0.00,0.00,f,2026-06-26 06:37:09,2026-06-26 06:35:08.98363,2026-07-31 11:36:09.265621,\N,\N,\N
130498,763,1,5,\N,\N,\N,\N,2,2,2026-12-31,94.00,19.00,0.00,0.00,f,2026-06-26 06:37:10,2026-06-26 06:35:08.98363,2026-08-02 17:36:28.297226,\N,\N,\N
131003,2250,1,5,\N,\N,\N,\N,2,2,2026-12-31,1.00,1.00,0.00,0.00,f,2026-06-26 06:37:12,2026-06-26 06:35:08.98363,2026-06-26 06:36:59.469977,\N,\N,\N
130389,755,1,5,\N,\N,\N,\N,2,2,2026-12-31,57.00,26.00,0.00,0.00,f,2026-06-26 06:37:09,2026-06-26 06:35:08.98363,2026-07-25 15:06:38.566568,\N,\N,\N
130359,216,1,5,\N,\N,\N,\N,2,2,2026-12-31,211.00,136.00,0.00,0.00,f,2026-06-26 06:37:09,2026-06-26 06:35:08.98363,2026-08-03 01:36:29.515589,\N,\N,\N
130499,764,1,5,\N,\N,\N,\N,2,2,2026-12-31,49.00,15.00,0.00,0.00,f,2026-06-26 06:37:10,2026-06-26 06:35:08.98363,2026-08-03 04:51:14.311785,\N,\N,\N
130853,1081,1,5,\N,\N,\N,\N,2,2,2026-12-31,267.00,65.00,0.00,0.00,f,2026-06-26 06:37:11,2026-06-26 06:35:08.98363,2026-07-18 07:06:33.575406,\N,\N,\N
130358,215,1,5,\N,\N,\N,\N,2,2,2026-12-31,171.00,167.00,0.00,0.00,f,2026-06-26 06:37:09,2026-06-26 06:35:08.98363,2026-08-03 05:36:24.081497,\N,\N,\N
131020,362,1,5,\N,\N,\N,\N,2,2,2026-12-31,43.00,18.00,0.00,0.00,f,2026-06-26 06:37:12,2026-06-26 06:35:08.98363,2026-07-31 05:36:16.37532,\N,\N,\N
131103,966,1,5,\N,\N,\N,\N,2,2,2026-12-31,29.00,8.00,0.00,0.00,f,2026-06-26 06:37:12,2026-06-26 06:35:08.98363,2026-07-31 06:06:29.771788,\N,\N,\N
130745,275,1,5,\N,\N,\N,\N,2,46,2026-12-31,168.00,8.00,0.00,0.00,f,2026-06-26 06:37:11,2026-06-26 06:35:08.98363,2026-06-30 08:40:07.557949,\N,\N,\N
130433,1485,1,5,\N,\N,\N,\N,2,2,2026-12-31,10.00,2.00,0.00,0.00,f,2026-06-26 06:37:09,2026-06-26 06:35:08.98363,2026-07-29 06:06:35.933214,\N,\N,\N
131009,2263,1,5,\N,\N,\N,\N,2,2,2026-12-31,20.00,10.00,0.00,0.00,f,2026-06-26 06:37:12,2026-06-26 06:35:08.98363,2026-07-25 17:36:38.120671,\N,\N,\N
130391,757,1,5,\N,\N,\N,\N,2,2,2026-12-31,38.00,21.00,0.00,0.00,f,2026-06-26 06:37:09,2026-06-26 06:35:08.98363,2026-07-19 03:21:36.38867,\N,\N,\N
130233,1815,1,5,\N,\N,\N,\N,2,2,2026-12-31,23.00,23.00,0.00,0.00,f,2026-06-26 06:37:08,2026-06-26 06:35:08.98363,2026-07-01 12:06:08.148158,\N,\N,\N
130053,1633,1,5,\N,\N,\N,\N,2,2,2026-12-31,28.00,3.00,0.00,0.00,f,2026-06-26 06:37:08,2026-06-26 06:35:08.98363,2026-07-21 11:51:39.189367,\N,\N,\N
131112,985,1,5,\N,\N,\N,\N,2,2,2026-12-31,2.00,2.00,0.00,0.00,f,2026-06-26 06:37:12,2026-06-26 06:35:08.98363,2026-07-06 14:36:23.181357,\N,\N,\N
131084,1087,1,5,\N,\N,\N,\N,2,2,2026-12-31,75.00,12.00,0.00,0.00,f,2026-06-26 06:37:12,2026-06-26 06:35:08.98363,2026-07-09 07:36:22.071718,\N,\N,\N
130879,316,1,5,\N,\N,\N,\N,2,42,2026-12-31,45.00,1.00,0.00,0.00,f,2026-06-26 06:37:11,2026-06-26 06:35:08.98363,2026-06-29 08:15:27.760212,\N,\N,\N
131023,365,1,5,\N,\N,\N,\N,2,2,2026-12-31,146.00,32.00,0.00,0.00,f,2026-06-26 06:37:12,2026-06-26 06:35:08.98363,2026-08-01 06:36:11.603054,\N,\N,\N
131024,366,1,5,\N,\N,\N,\N,2,2,2026-12-31,17.00,17.00,0.00,0.00,f,2026-06-26 06:37:12,2026-06-26 06:35:08.98363,2026-07-08 11:36:34.998853,\N,\N,\N
131022,364,1,5,\N,\N,\N,\N,2,2,2026-12-31,16.00,16.00,0.00,0.00,f,2026-06-26 06:37:12,2026-06-26 06:35:08.98363,2026-07-30 03:36:15.75343,\N,\N,\N
130896,315,1,5,\N,\N,\N,\N,2,2,2026-12-31,48.00,7.00,0.00,0.00,f,2026-06-26 06:37:11,2026-06-26 06:35:08.98363,2026-07-13 17:51:28.815321,\N,\N,\N
130813,280,1,5,\N,\N,\N,\N,2,2,2026-12-31,25.00,5.00,0.00,0.00,f,2026-06-26 06:37:11,2026-06-26 06:35:08.98363,2026-07-06 17:06:48.788438,\N,\N,\N
130387,753,1,5,\N,\N,\N,\N,2,2,2026-12-31,28.00,12.00,0.00,0.00,f,2026-06-26 06:37:09,2026-06-26 06:35:08.98363,2026-07-26 05:21:46.178134,\N,\N,\N
131021,363,1,5,\N,\N,\N,\N,2,2,2026-12-31,67.00,26.00,0.00,0.00,f,2026-06-26 06:37:12,2026-06-26 06:35:08.98363,2026-08-02 06:21:11.477582,\N,\N,\N
130360,247,1,5,\N,\N,\N,\N,2,2,2026-12-31,43.00,43.00,0.00,0.00,f,2026-06-26 06:37:09,2026-06-26 06:35:08.98363,2026-07-14 17:36:21.922933,\N,\N,\N
130803,328,1,5,\N,\N,\N,\N,2,2,2026-12-31,80.00,6.00,0.00,0.00,f,2026-06-26 06:37:11,2026-06-26 06:35:08.98363,2026-07-25 03:51:50.450469,\N,\N,\N
130914,2087,1,5,\N,\N,\N,\N,2,2,2026-12-31,20.00,11.00,0.00,0.00,f,2026-06-26 06:37:11,2026-06-26 06:35:08.98363,2026-07-06 17:21:20.173652,\N,\N,\N
130500,765,1,5,\N,\N,\N,\N,2,2,2026-12-31,45.00,10.00,0.00,0.00,f,2026-06-26 06:37:10,2026-06-26 06:35:08.98363,2026-08-02 06:51:15.472392,\N,\N,\N
130189,526,1,5,\N,\N,\N,\N,2,2,2026-12-31,17.00,8.00,0.00,0.00,f,2026-06-26 06:37:08,2026-06-26 06:35:08.98363,2026-07-26 10:21:33.48497,\N,\N,\N
130380,787,1,5,\N,\N,\N,\N,2,2,2026-12-31,30.00,3.00,0.00,0.00,f,2026-06-26 06:37:09,2026-06-26 06:35:08.98363,2026-07-30 12:06:52.589518,\N,\N,\N
130883,320,1,5,\N,\N,\N,\N,2,2,2026-12-31,71.00,4.00,0.00,0.00,f,2026-06-26 06:37:11,2026-06-26 06:35:08.98363,2026-07-25 05:06:42.50369,\N,\N,\N
131113,991,1,5,\N,\N,\N,\N,2,2,2026-12-31,24.00,16.00,0.00,0.00,f,2026-06-26 06:37:12,2026-06-26 06:35:08.98363,2026-07-30 13:51:09.050925,\N,\N,\N
130304,1468,1,5,\N,\N,\N,\N,2,42,2026-12-31,34.00,9.00,0.00,0.00,f,2026-06-26 06:37:09,2026-06-26 06:35:08.98363,2026-06-30 08:40:06.67395,\N,\N,\N
130805,330,1,5,\N,\N,\N,\N,2,2,2026-12-31,88.00,3.00,0.00,0.00,f,2026-06-26 06:37:11,2026-06-26 06:35:08.98363,2026-07-01 19:06:08.000364,\N,\N,\N
130744,274,1,5,\N,\N,\N,\N,2,2,2026-12-31,15.00,6.00,0.00,0.00,f,2026-06-26 06:37:11,2026-06-26 06:35:08.98363,2026-07-30 14:36:10.097032,\N,\N,\N
130851,1079,1,5,\N,\N,\N,\N,2,2,2026-12-31,245.00,53.00,0.00,0.00,f,2026-06-26 06:37:11,2026-06-26 06:35:08.98363,2026-07-17 17:36:33.372779,\N,\N,\N
131025,367,1,5,\N,\N,\N,\N,2,2,2026-12-31,19.00,19.00,0.00,0.00,f,2026-06-26 06:37:12,2026-06-26 06:35:08.98363,2026-07-13 03:21:20.432346,\N,\N,\N
130386,752,1,5,\N,\N,\N,\N,2,2,2026-12-31,42.00,20.00,0.00,0.00,f,2026-06-26 06:37:09,2026-06-26 06:35:08.98363,2026-07-29 00:21:37.776764,\N,\N,\N
130303,1467,1,5,\N,\N,\N,\N,2,2,2026-12-31,48.00,15.00,0.00,0.00,f,2026-06-26 06:37:09,2026-06-26 06:35:08.98363,2026-07-31 00:36:29.360266,\N,\N,\N
130345,1988,1,5,\N,\N,\N,\N,2,42,2026-12-31,3.00,1.00,0.00,0.00,f,2026-06-26 06:37:09,2026-06-26 06:35:08.98363,2026-06-29 08:15:27.760212,\N,\N,\N
