id,model_id,group_id,create_uid,write_uid,name,active,perm_read,perm_write,perm_create,perm_unlink,create_date,write_date
1,114,4,1,1,decimal.precision configuration,t,t,t,f,f,2026-03-18 04:58:50.421471,2026-03-18 04:58:50.421471
2,30,1,1,1,ir_attachment group_user,t,t,t,t,t,2026-03-18 04:58:50.421471,2026-03-18 04:58:50.421471
3,30,\N,1,1,ir_attachment group_portal_public,t,f,f,f,f,2026-03-18 04:58:50.421471,2026-03-18 04:58:50.421471
4,32,4,1,1,ir_cron group_cron,t,t,t,t,t,2026-03-18 04:58:50.421471,2026-03-18 04:58:50.421471
5,34,4,1,1,ir_cron_progress group_cron,t,t,t,t,t,2026-03-18 04:58:50.421471,2026-03-18 04:58:50.421471
6,33,4,1,1,ir_cron_trigger group_cron,t,t,t,t,t,2026-03-18 04:58:50.421471,2026-03-18 04:58:50.421471
7,37,8,1,1,ir_exports group_system,t,t,t,t,t,2026-03-18 04:58:50.421471,2026-03-18 04:58:50.421471
8,38,1,1,1,ir_exports_line group_system,t,t,t,t,t,2026-03-18 04:58:50.421471,2026-03-18 04:58:50.421471
9,3,2,1,1,ir_model group_erp_manager,t,t,t,t,t,2026-03-18 04:58:50.421471,2026-03-18 04:58:50.421471
10,7,2,1,1,ir_model_constraint group_erp_manager,t,t,t,f,t,2026-03-18 04:58:50.421471,2026-03-18 04:58:50.421471
11,8,2,1,1,ir_model_relation group_erp_manager,t,t,t,t,t,2026-03-18 04:58:50.421471,2026-03-18 04:58:50.421471
12,5,\N,1,1,ir_model_inherit nobody,t,f,f,f,f,2026-03-18 04:58:50.421471,2026-03-18 04:58:50.421471
13,9,2,1,1,ir_model_access_group_erp_manager,t,t,t,t,t,2026-03-18 04:58:50.421471,2026-03-18 04:58:50.421471
14,10,2,1,1,ir_model_data group_erp_manager,t,t,t,t,t,2026-03-18 04:58:50.421471,2026-03-18 04:58:50.421471
15,4,2,1,1,ir_model_fields group_erp_manager,t,t,t,t,t,2026-03-18 04:58:50.421471,2026-03-18 04:58:50.421471
16,6,2,1,1,ir_model_fields_selection group_erp_manager,t,t,t,t,t,2026-03-18 04:58:50.421471,2026-03-18 04:58:50.421471
17,3,1,1,1,ir_model_all,t,f,f,f,f,2026-03-18 04:58:50.421471,2026-03-18 04:58:50.421471
18,10,1,1,1,ir_model_data user,t,f,f,f,f,2026-03-18 04:58:50.421471,2026-03-18 04:58:50.421471
19,4,1,1,1,ir_model_fields all,t,f,f,f,f,2026-03-18 04:58:50.421471,2026-03-18 04:58:50.421471
20,6,1,1,1,ir_model_fields_selection all,t,f,f,f,f,2026-03-18 04:58:50.421471,2026-03-18 04:58:50.421471
21,99,1,1,1,res_groups_privilege group_user,t,t,f,f,f,2026-03-18 04:58:50.421471,2026-03-18 04:58:50.421471
22,99,2,1,1,res_groups_privilege group_erp_manager,t,t,t,t,t,2026-03-18 04:58:50.421471,2026-03-18 04:58:50.421471
23,68,2,1,1,ir_module_category group_user,t,t,f,f,f,2026-03-18 04:58:50.421471,2026-03-18 04:58:50.421471
24,69,4,1,1,ir_module_module group_user,t,t,t,t,t,2026-03-18 04:58:50.421471,2026-03-18 04:58:50.421471
25,70,4,1,1,ir_module_module_dependency group_system,t,t,t,t,t,2026-03-18 04:58:50.421471,2026-03-18 04:58:50.421471
26,71,4,1,1,ir_module_module_exclusion group_system,t,t,t,t,t,2026-03-18 04:58:50.421471,2026-03-18 04:58:50.421471
27,39,2,1,1,ir_rule group_erp_manager,t,t,t,t,t,2026-03-18 04:58:50.421471,2026-03-18 04:58:50.421471
28,11,1,1,1,ir_sequence group_user,t,t,f,f,f,2026-03-18 04:58:50.421471,2026-03-18 04:58:50.421471
29,11,4,1,1,ir_sequence group_system,t,t,t,t,t,2026-03-18 04:58:50.421471,2026-03-18 04:58:50.421471
30,12,1,1,1,ir_sequence_date_range group_user,t,t,f,f,f,2026-03-18 04:58:50.421471,2026-03-18 04:58:50.421471
31,12,4,1,1,ir_sequence_date_range group_system,t,t,t,t,t,2026-03-18 04:58:50.421471,2026-03-18 04:58:50.421471
32,13,1,1,1,ir_ui_menu group_user,t,t,f,f,f,2026-03-18 04:58:50.421471,2026-03-18 04:58:50.421471
33,13,4,1,1,ir_ui_menu group_system,t,t,t,t,t,2026-03-18 04:58:50.421471,2026-03-18 04:58:50.421471
34,15,\N,1,1,ir_ui_view group_user,t,f,f,f,f,2026-03-18 04:58:50.421471,2026-03-18 04:58:50.421471
35,15,4,1,1,ir_ui_view group_system,t,t,t,t,t,2026-03-18 04:58:50.421471,2026-03-18 04:58:50.421471
36,16,4,1,1,reset_view_arch_wizard group_system,t,t,t,t,f,2026-03-18 04:58:50.421471,2026-03-18 04:58:50.421471
37,14,4,1,1,ir_ui_view_custom_group_user,t,t,t,t,t,2026-03-18 04:58:50.421471,2026-03-18 04:58:50.421471
38,36,\N,1,1,ir_default all,t,f,f,f,f,2026-03-18 04:58:50.421471,2026-03-18 04:58:50.421471
39,36,1,1,1,ir_default group_user,t,t,t,t,t,2026-03-18 04:58:50.421471,2026-03-18 04:58:50.421471
40,36,4,1,1,ir_default group_system,t,t,t,t,t,2026-03-18 04:58:50.421471,2026-03-18 04:58:50.421471
41,98,2,1,1,res_company group_erp_manager,t,t,t,t,t,2026-03-18 04:58:50.421471,2026-03-18 04:58:50.421471
42,98,11,1,1,res_company group_user,t,t,f,f,f,2026-03-18 04:58:50.421471,2026-03-18 04:58:50.421471
43,98,10,1,1,res_company group_user,t,t,f,f,f,2026-03-18 04:58:50.421471,2026-03-18 04:58:50.421471
44,98,1,1,1,res_company group_user,t,t,f,f,f,2026-03-18 04:58:50.421471,2026-03-18 04:58:50.421471
45,83,11,1,1,res_country group_user_all,t,t,f,f,f,2026-03-18 04:58:50.421471,2026-03-18 04:58:50.421471
46,83,10,1,1,res_country group_user_all,t,t,f,f,f,2026-03-18 04:58:50.421471,2026-03-18 04:58:50.421471
47,83,1,1,1,res_country group_user_all,t,t,f,f,f,2026-03-18 04:58:50.421471,2026-03-18 04:58:50.421471
48,85,11,1,1,res_country_state group_user_all,t,t,f,f,f,2026-03-18 04:58:50.421471,2026-03-18 04:58:50.421471
49,85,10,1,1,res_country_state group_user_all,t,t,f,f,f,2026-03-18 04:58:50.421471,2026-03-18 04:58:50.421471
50,85,1,1,1,res_country_state group_user_all,t,t,f,f,f,2026-03-18 04:58:50.421471,2026-03-18 04:58:50.421471
51,84,11,1,1,res_country_group group_user_all,t,t,f,f,f,2026-03-18 04:58:50.421471,2026-03-18 04:58:50.421471
52,84,10,1,1,res_country_group group_user_all,t,t,f,f,f,2026-03-18 04:58:50.421471,2026-03-18 04:58:50.421471
53,84,1,1,1,res_country_group group_user_all,t,t,f,f,f,2026-03-18 04:58:50.421471,2026-03-18 04:58:50.421471
54,83,9,1,1,res_country group_user,t,t,f,f,f,2026-03-18 04:58:50.421471,2026-03-18 04:58:50.421471
55,83,4,1,1,res_country_group_system,t,t,t,t,t,2026-03-18 04:58:50.421471,2026-03-18 04:58:50.421471
56,85,9,1,1,res_country_state group_user,t,t,t,t,t,2026-03-18 04:58:50.421471,2026-03-18 04:58:50.421471
57,84,9,1,1,res_country_group group_user,t,t,t,t,t,2026-03-18 04:58:50.421471,2026-03-18 04:58:50.421471
58,96,11,1,1,res_currency group_all,t,t,f,f,f,2026-03-18 04:58:50.421471,2026-03-18 04:58:50.421471
59,96,10,1,1,res_currency group_all,t,t,f,f,f,2026-03-18 04:58:50.421471,2026-03-18 04:58:50.421471
60,96,1,1,1,res_currency group_all,t,t,f,f,f,2026-03-18 04:58:50.421471,2026-03-18 04:58:50.421471
61,97,11,1,1,res_currency_rate group_all,t,t,f,f,f,2026-03-18 04:58:50.421471,2026-03-18 04:58:50.421471
62,97,10,1,1,res_currency_rate group_all,t,t,f,f,f,2026-03-18 04:58:50.421471,2026-03-18 04:58:50.421471
63,97,1,1,1,res_currency_rate group_all,t,t,f,f,f,2026-03-18 04:58:50.421471,2026-03-18 04:58:50.421471
64,96,4,1,1,res_currency group_system,t,t,t,t,t,2026-03-18 04:58:50.421471,2026-03-18 04:58:50.421471
65,97,4,1,1,res_currency_rate group_system,t,t,t,t,t,2026-03-18 04:58:50.421471,2026-03-18 04:58:50.421471
66,100,2,1,1,res_groups group_erp_manager,t,t,t,t,t,2026-03-18 04:58:50.421471,2026-03-18 04:58:50.421471
67,100,1,1,1,res_groups group_user,t,t,f,f,f,2026-03-18 04:58:50.421471,2026-03-18 04:58:50.421471
68,86,11,1,1,res_lang group_all,t,t,f,f,f,2026-03-18 04:58:50.421471,2026-03-18 04:58:50.421471
69,86,10,1,1,res_lang group_all,t,t,f,f,f,2026-03-18 04:58:50.421471,2026-03-18 04:58:50.421471
70,86,1,1,1,res_lang group_all,t,t,f,f,f,2026-03-18 04:58:50.421471,2026-03-18 04:58:50.421471
71,86,4,1,1,res_lang group_user,t,t,t,t,t,2026-03-18 04:58:50.421471,2026-03-18 04:58:50.421471
72,90,11,1,1,res_partner group_public,t,t,f,f,f,2026-03-18 04:58:50.421471,2026-03-18 04:58:50.421471
73,90,10,1,1,res_partner group_portal,t,t,f,f,f,2026-03-18 04:58:50.421471,2026-03-18 04:58:50.421471
74,90,9,1,1,res_partner group_partner_manager,t,t,t,t,t,2026-03-18 04:58:50.421471,2026-03-18 04:58:50.421471
75,90,1,1,1,res_partner group_user,t,t,f,f,f,2026-03-18 04:58:50.421471,2026-03-18 04:58:50.421471
76,93,1,1,1,res_partner_bank group_user,t,t,f,f,f,2026-03-18 04:58:50.421471,2026-03-18 04:58:50.421471
77,93,9,1,1,res_partner_bank group_partner_manager,t,t,t,t,t,2026-03-18 04:58:50.421471,2026-03-18 04:58:50.421471
78,89,1,1,1,res_partner_category group_user,t,t,f,f,f,2026-03-18 04:58:50.421471,2026-03-18 04:58:50.421471
79,89,9,1,1,res_partner_category group_partner_manager,t,t,t,t,t,2026-03-18 04:58:50.421471,2026-03-18 04:58:50.421471
80,91,1,1,1,res_partner_industry group_user,t,t,f,f,f,2026-03-18 04:58:50.421471,2026-03-18 04:58:50.421471
591,594,29,1,1,sale.order.accountant,t,t,t,f,f,2026-03-18 05:04:33.38448,2026-03-29 06:23:41.334943
81,91,4,1,1,res_partner_industry group_system,t,t,t,t,t,2026-03-18 04:58:50.421471,2026-03-18 04:58:50.421471
82,102,11,1,1,res_users all,t,t,f,f,f,2026-03-18 04:58:50.421471,2026-03-18 04:58:50.421471
83,102,10,1,1,res_users all,t,t,f,f,f,2026-03-18 04:58:50.421471,2026-03-18 04:58:50.421471
84,102,1,1,1,res_users all,t,t,f,f,f,2026-03-18 04:58:50.421471,2026-03-18 04:58:50.421471
85,102,2,1,1,res_users group_erp_manager,t,t,t,t,t,2026-03-18 04:58:50.421471,2026-03-18 04:58:50.421471
86,111,\N,1,1,res_users_deletion all,t,f,f,f,f,2026-03-18 04:58:50.421471,2026-03-18 04:58:50.421471
87,111,2,1,1,res_users_deletion group_erp_manager,t,t,t,t,t,2026-03-18 04:58:50.421471,2026-03-18 04:58:50.421471
88,101,4,1,1,res_users_log_all,t,t,f,t,f,2026-03-18 04:58:50.421471,2026-03-18 04:58:50.421471
89,103,1,1,1,id check employees,t,t,t,t,f,2026-03-18 04:58:50.421471,2026-03-18 04:58:50.421471
90,103,10,1,1,id check portal,t,t,t,t,f,2026-03-18 04:58:50.421471,2026-03-18 04:58:50.421471
91,107,1,1,1,API keys access employees,t,t,f,f,f,2026-03-18 04:58:50.421471,2026-03-18 04:58:50.421471
92,107,10,1,1,API keys access portal,t,t,f,f,f,2026-03-18 04:58:50.421471,2026-03-18 04:58:50.421471
93,108,1,1,1,API key wizard employees,t,t,f,t,f,2026-03-18 04:58:50.421471,2026-03-18 04:58:50.421471
94,108,10,1,1,API key wizard,t,t,f,t,f,2026-03-18 04:58:50.421471,2026-03-18 04:58:50.421471
95,109,1,1,1,API key result employees,t,t,f,t,f,2026-03-18 04:58:50.421471,2026-03-18 04:58:50.421471
96,110,\N,1,1,res.users.settings,t,f,f,f,f,2026-03-18 04:58:50.421471,2026-03-18 04:58:50.421471
97,110,1,1,1,res.users.settings,t,t,t,t,t,2026-03-18 04:58:50.421471,2026-03-18 04:58:50.421471
98,17,4,1,1,ir_asset_group_system,t,t,t,t,t,2026-03-18 04:58:50.421471,2026-03-18 04:58:50.421471
99,18,4,1,1,ir_actions_group_system,t,t,t,t,t,2026-03-18 04:58:50.421471,2026-03-18 04:58:50.421471
100,19,4,1,1,ir_actions_act_window_system,t,t,t,t,t,2026-03-18 04:58:50.421471,2026-03-18 04:58:50.421471
101,21,4,1,1,ir_actions_act_window_close_group_system,t,t,t,t,t,2026-03-18 04:58:50.421471,2026-03-18 04:58:50.421471
102,29,4,1,1,ir_actions_report_group_system,t,t,t,t,t,2026-03-18 04:58:50.421471,2026-03-18 04:58:50.421471
103,26,4,1,1,ir_actions_todo group system,t,t,t,t,t,2026-03-18 04:58:50.421471,2026-03-18 04:58:50.421471
104,20,4,1,1,ir_actions_act_window_view_group_system,t,t,t,t,t,2026-03-18 04:58:50.421471,2026-03-18 04:58:50.421471
105,22,4,1,1,ir_actions_act_url_group_system,t,t,t,t,t,2026-03-18 04:58:50.421471,2026-03-18 04:58:50.421471
106,25,4,1,1,ir_actions_server_group_system,t,t,t,t,t,2026-03-18 04:58:50.421471,2026-03-18 04:58:50.421471
107,24,4,1,1,ir_actions_server_history_group_system,t,t,t,t,f,2026-03-18 04:58:50.421471,2026-03-18 04:58:50.421471
108,28,1,1,1,ir_embedded_actions_group_user,t,t,t,t,t,2026-03-18 04:58:50.421471,2026-03-18 04:58:50.421471
109,27,4,1,1,ir_actions_client all,t,t,t,t,t,2026-03-18 04:58:50.421471,2026-03-18 04:58:50.421471
110,92,4,1,1,res_bank_group_system,t,t,t,t,t,2026-03-18 04:58:50.421471,2026-03-18 04:58:50.421471
111,92,9,1,1,res_bank_group_partner_manager,t,t,t,t,t,2026-03-18 04:58:50.421471,2026-03-18 04:58:50.421471
112,92,1,1,1,res_bank user,t,t,f,f,f,2026-03-18 04:58:50.421471,2026-03-18 04:58:50.421471
113,35,2,1,1,ir_filters all,t,t,t,t,t,2026-03-18 04:58:50.421471,2026-03-18 04:58:50.421471
114,35,1,1,1,ir_filters all,t,t,t,t,t,2026-03-18 04:58:50.421471,2026-03-18 04:58:50.421471
115,35,10,1,1,ir_filters all,t,t,t,t,t,2026-03-18 04:58:50.421471,2026-03-18 04:58:50.421471
116,35,11,1,1,ir_filters all,t,t,t,t,t,2026-03-18 04:58:50.421471,2026-03-18 04:58:50.421471
117,40,4,1,1,ir_config_parameter_system,t,t,t,t,t,2026-03-18 04:58:50.421471,2026-03-18 04:58:50.421471
118,42,4,1,1,ir_mail_server,t,t,t,t,t,2026-03-18 04:58:50.421471,2026-03-18 04:58:50.421471
119,67,2,1,1,ir_logging admin,t,t,t,t,t,2026-03-18 04:58:50.421471,2026-03-18 04:58:50.421471
120,78,1,1,1,ir_actions_report_paperformat group_portal,t,t,f,f,f,2026-03-18 04:58:50.421471,2026-03-18 04:58:50.421471
121,78,4,1,1,ir_actions_report_paperformat group_system,t,t,t,t,t,2026-03-18 04:58:50.421471,2026-03-18 04:58:50.421471
122,77,1,1,1,access_report_layout,t,t,t,t,t,2026-03-18 04:58:50.421471,2026-03-18 04:58:50.421471
123,124,4,1,1,access.wizard.ir.model.menu.create,t,t,t,t,f,2026-03-18 04:58:50.421471,2026-03-18 04:58:50.421471
124,16,2,1,1,access.reset.view.arch.wizard,t,t,t,t,f,2026-03-18 04:58:50.421471,2026-03-18 04:58:50.421471
125,23,4,1,1,access.server.action.history.wizard,t,t,t,t,f,2026-03-18 04:58:50.421471,2026-03-18 04:58:50.421471
126,72,4,1,1,access.ir.demo,t,t,t,t,f,2026-03-18 04:58:50.421471,2026-03-18 04:58:50.421471
127,73,4,1,1,access.ir.demo_failure,t,t,t,t,f,2026-03-18 04:58:50.421471,2026-03-18 04:58:50.421471
128,74,4,1,1,access.ir.demo_failure.wizard,t,t,t,t,f,2026-03-18 04:58:50.421471,2026-03-18 04:58:50.421471
129,94,4,1,1,access.res.config,t,t,t,t,f,2026-03-18 04:58:50.421471,2026-03-18 04:58:50.421471
130,95,4,1,1,access.res.config.settings,t,t,t,t,f,2026-03-18 04:58:50.421471,2026-03-18 04:58:50.421471
131,104,2,1,1,access.change.password.wizard,t,t,t,t,f,2026-03-18 04:58:50.421471,2026-03-18 04:58:50.421471
132,105,2,1,1,access.change.password.user,t,t,t,t,f,2026-03-18 04:58:50.421471,2026-03-18 04:58:50.421471
133,106,1,1,1,access.change.password.own,t,t,t,t,t,2026-03-18 04:58:50.421471,2026-03-18 04:58:50.421471
134,116,4,1,1,access.base.module.update,t,t,t,t,f,2026-03-18 04:58:50.421471,2026-03-18 04:58:50.421471
135,117,4,1,1,access.base.language.install,t,t,t,t,f,2026-03-18 04:58:50.421471,2026-03-18 04:58:50.421471
136,118,4,1,1,access.base.language.import,t,t,t,t,f,2026-03-18 04:58:50.421471,2026-03-18 04:58:50.421471
137,119,4,1,1,access.base.module.upgrade,t,t,t,t,f,2026-03-18 04:58:50.421471,2026-03-18 04:58:50.421471
138,120,4,1,1,access.base.module.uninstall,t,t,t,t,f,2026-03-18 04:58:50.421471,2026-03-18 04:58:50.421471
139,121,1,1,1,access.base.language.export,t,t,t,t,f,2026-03-18 04:58:50.421471,2026-03-18 04:58:50.421471
140,122,9,1,1,access.base.partner.merge.line,t,t,t,t,t,2026-03-18 04:58:50.421471,2026-03-18 04:58:50.421471
141,123,9,1,1,access.base.partner.merge.automatic.wizard,t,t,t,t,f,2026-03-18 04:58:50.421471,2026-03-18 04:58:50.421471
142,79,4,1,1,ir_profile,t,t,t,t,t,2026-03-18 04:58:50.421471,2026-03-18 04:58:50.421471
143,80,4,1,1,access.base.enable.profiling.wizard,t,t,t,t,f,2026-03-18 04:58:50.421471,2026-03-18 04:58:50.421471
144,113,1,1,1,access_res_device,t,t,f,f,f,2026-03-18 04:58:50.421471,2026-03-18 04:58:50.421471
145,112,1,1,1,access_res_device_log,t,t,f,f,f,2026-03-18 04:58:50.421471,2026-03-18 04:58:50.421471
146,75,4,1,1,access_properties_base_definition,t,t,t,t,t,2026-03-18 04:58:50.421471,2026-03-18 04:58:50.421471
912,758,65,1,1,access.hr.expense.approve.duplicate,t,t,t,t,f,2026-03-18 05:33:47.704597,2026-03-29 06:23:17.433729
913,759,1,1,1,access.hr.expense.split.wizard.manager,t,t,t,t,f,2026-03-18 05:33:47.704597,2026-03-29 06:23:17.433729
914,760,1,1,1,access.hr.expense.split.manager,t,t,t,t,t,2026-03-18 05:33:47.704597,2026-03-29 06:23:17.433729
149,130,1,1,1,auth_totp wizard access rules,t,t,t,t,t,2026-03-18 04:59:18.001663,2026-03-29 06:22:13.751733
150,128,1,1,1,TOTP Device access employees,t,t,f,f,f,2026-03-18 04:59:18.001663,2026-03-29 06:22:13.751733
153,131,1,1,1,base.import.mapping,t,t,t,t,t,2026-03-18 04:59:18.402542,2026-03-29 06:22:14.149349
154,132,1,1,1,access.base_import.import,t,t,t,t,f,2026-03-18 04:59:18.402542,2026-03-29 06:22:14.149349
155,133,4,1,1,access.base.import.module,t,t,t,t,f,2026-03-18 04:59:19.26217,2026-03-29 06:22:14.943654
156,135,\N,1,1,bus.bus public,t,f,f,f,f,2026-03-18 04:59:19.746472,2026-03-29 06:22:15.332058
157,138,4,1,1,access_web_tour_tour_admin,t,t,t,t,t,2026-03-18 04:59:22.971845,2026-03-29 06:22:21.600122
158,138,1,1,1,access_web_tour_tour_readonly,t,t,f,f,f,2026-03-18 04:59:22.971845,2026-03-29 06:22:21.600122
159,139,4,1,1,access_web_tour_tour_step_admin,t,t,t,t,t,2026-03-18 04:59:22.971845,2026-03-29 06:22:21.600122
161,140,1,1,1,access_auth_passkey_key,t,t,t,f,f,2026-03-18 04:59:23.283863,2026-03-29 06:22:21.750099
162,140,10,1,1,access_auth_passkey_key_portal,t,t,t,f,f,2026-03-18 04:59:23.283863,2026-03-29 06:22:21.750099
163,140,2,1,1,access_auth_passkey_key_admin,t,t,t,f,t,2026-03-18 04:59:23.283863,2026-03-29 06:22:21.750099
172,149,4,1,1,uom.uom.manager,t,t,t,t,t,2026-03-18 05:03:33.014894,2026-03-18 05:03:33.014894
173,149,1,1,1,uom.uom.user,t,t,f,f,f,2026-03-18 05:03:33.014894,2026-03-18 05:03:33.014894
593,594,24,1,1,sale.order.manager,t,t,t,t,t,2026-03-18 05:04:33.38448,2026-03-29 06:23:41.334943
594,595,10,1,1,sale.order.line.portal,t,t,f,f,f,2026-03-18 05:04:33.38448,2026-03-29 06:23:41.334943
595,595,26,1,1,sale.order.line accountant,t,t,f,f,f,2026-03-18 05:04:33.38448,2026-03-29 06:23:41.334943
596,595,27,1,1,sale.order.line,t,t,t,f,f,2026-03-18 05:04:33.38448,2026-03-29 06:23:41.334943
597,595,29,1,1,sale.order.line accountant,t,t,t,f,f,2026-03-18 05:04:33.38448,2026-03-29 06:23:41.334943
598,595,22,1,1,sale.order.line,t,t,t,t,t,2026-03-18 05:04:33.38448,2026-03-29 06:23:41.334943
599,596,22,1,1,sale.report,t,t,f,f,f,2026-03-18 05:04:33.38448,2026-03-29 06:23:41.334943
600,462,22,1,1,access.payment.link.wizard.sale,t,t,t,t,f,2026-03-18 05:04:33.38448,2026-03-29 06:23:41.334943
601,599,22,1,1,access.sale.advance.payment.inv,t,t,t,t,f,2026-03-18 05:04:33.38448,2026-03-29 06:23:41.334943
602,597,22,1,1,access.sale.mass.cancel.orders,t,t,t,t,f,2026-03-18 05:04:33.38448,2026-03-29 06:23:41.334943
603,600,22,1,1,access_sale_order_discount,t,t,t,t,f,2026-03-18 05:04:33.38448,2026-03-29 06:23:41.334943
604,184,24,1,1,mail.activity.plan.sale.manager,t,t,t,t,t,2026-03-18 05:04:33.38448,2026-03-29 06:23:41.334943
605,185,24,1,1,mail.activity.plan.template.sale.manager,t,t,t,t,t,2026-03-18 05:04:33.38448,2026-03-29 06:23:41.334943
535,586,29,1,1,account.report.file.download.error.wizard,t,t,t,t,f,2026-03-18 05:04:27.13783,2026-03-29 06:24:47.586321
536,587,29,1,1,access.account.multicurrency.revaluation.wizard,t,t,t,t,f,2026-03-18 05:04:27.13783,2026-03-29 06:24:47.586321
538,579,26,1,1,access_account_tax_unit_readonly,t,t,f,f,f,2026-03-18 05:04:27.13783,2026-03-29 06:24:47.586321
539,579,30,1,1,access_account_tax_unit_manager,t,t,t,t,t,2026-03-18 05:04:27.13783,2026-03-29 06:24:47.586321
540,557,28,1,1,account.report.horizontal.group.basic,t,t,f,f,f,2026-03-18 05:04:27.13783,2026-03-29 06:24:47.586321
552,553,28,1,1,account.return.basic,t,t,f,f,f,2026-03-18 05:04:27.13783,2026-03-29 06:24:47.586321
553,553,26,1,1,account.return.readonly,t,t,f,f,f,2026-03-18 05:04:27.13783,2026-03-29 06:24:47.586321
186,154,1,1,1,resource.calendar.user,t,t,f,f,f,2026-03-18 05:03:37.19095,2026-03-29 06:22:17.117617
187,154,4,1,1,resource.calendar.system,t,t,t,t,t,2026-03-18 05:03:37.19095,2026-03-29 06:22:17.117617
188,155,1,1,1,resource.calendar.attendance.user,t,t,f,f,f,2026-03-18 05:03:37.19095,2026-03-29 06:22:17.117617
189,155,4,1,1,resource.calendar.attendance.system,t,t,t,t,t,2026-03-18 05:03:37.19095,2026-03-29 06:22:17.117617
190,158,4,1,1,resource.resource,t,t,f,f,f,2026-03-18 05:03:37.19095,2026-03-29 06:22:17.117617
191,158,1,1,1,resource.resource all,t,t,f,f,f,2026-03-18 05:03:37.19095,2026-03-29 06:22:17.117617
192,156,1,1,1,resource.calendar.leaves,t,t,t,t,t,2026-03-18 05:03:37.19095,2026-03-29 06:22:17.117617
193,156,4,1,1,resource.calendar.leaves,t,t,t,t,t,2026-03-18 05:03:37.19095,2026-03-29 06:22:17.117617
194,159,1,1,1,access_utm_campaign_user,t,t,t,t,f,2026-03-18 05:03:37.859467,2026-03-29 06:22:17.610377
195,159,4,1,1,utm.campaign.system,t,t,t,t,t,2026-03-18 05:03:37.859467,2026-03-29 06:22:17.610377
196,160,1,1,1,access_utm_medium_user,t,t,t,t,f,2026-03-18 05:03:37.859467,2026-03-29 06:22:17.610377
197,160,4,1,1,utm.medium.system,t,t,t,t,t,2026-03-18 05:03:37.859467,2026-03-29 06:22:17.610377
198,162,1,1,1,access_utm_source_user,t,t,t,t,f,2026-03-18 05:03:37.859467,2026-03-29 06:22:17.610377
199,162,4,1,1,utm.source.system,t,t,t,t,t,2026-03-18 05:03:37.859467,2026-03-29 06:22:17.610377
200,164,1,1,1,mail.utm.stage,t,t,f,f,f,2026-03-18 05:03:37.859467,2026-03-29 06:22:17.610377
201,164,4,1,1,mail.utm.stage,t,t,t,t,t,2026-03-18 05:03:37.859467,2026-03-29 06:22:17.610377
202,165,1,1,1,utm.tag,t,t,f,f,f,2026-03-18 05:03:37.859467,2026-03-29 06:22:17.610377
203,165,4,1,1,utm.tag,t,t,t,t,t,2026-03-18 05:03:37.859467,2026-03-29 06:22:17.610377
165,141,10,1,1,access_auth_passkey_key_create_portal,t,t,t,t,t,2026-03-18 04:59:23.283863,2026-03-29 06:22:21.750099
166,143,4,1,1,access_html_editor_converter_test,t,t,t,t,t,2026-03-18 04:59:23.641434,2026-03-29 06:22:22.13775
167,144,4,1,1,access_html_editor_converter_test_sub,t,t,t,t,t,2026-03-18 04:59:23.641434,2026-03-29 06:22:22.13775
168,146,4,1,1,iap.account.manager,t,t,t,t,t,2026-03-18 04:59:24.548725,2026-03-29 06:22:23.10414
169,146,1,1,1,iap.account.user,t,t,f,t,f,2026-03-18 04:59:24.548725,2026-03-29 06:22:23.10414
170,148,4,1,1,iap.service.manager,t,t,t,t,t,2026-03-18 04:59:24.548725,2026-03-29 06:22:23.10414
171,148,1,1,1,iap.service.user,t,t,f,f,f,2026-03-18 04:59:24.548725,2026-03-29 06:22:23.10414
502,523,1,1,1,access_spreadsheet_dashboard_share,t,t,t,t,t,2026-03-18 05:04:17.892116,2026-03-29 06:23:02.264041
733,686,45,1,1,stock.package stock manager,t,t,t,t,t,2026-03-18 05:30:58.653183,2026-03-29 06:23:03.015949
734,686,44,1,1,stock.package stock user,t,t,t,t,t,2026-03-18 05:30:58.653183,2026-03-29 06:23:03.015949
735,673,44,1,1,stock_rule user,t,t,f,f,f,2026-03-18 05:30:58.653183,2026-03-29 06:23:03.015949
736,673,45,1,1,stock_rule stock manager,t,t,t,t,t,2026-03-18 05:30:58.653183,2026-03-29 06:23:03.015949
737,670,45,1,1,stock.route,t,t,t,t,t,2026-03-18 05:30:58.653183,2026-03-29 06:23:03.015949
738,670,1,1,1,stock.route,t,t,f,f,f,2026-03-18 05:30:58.653183,2026-03-29 06:23:03.015949
739,673,1,1,1,stock.rule.flow internal,t,t,f,f,f,2026-03-18 05:30:58.653183,2026-03-29 06:23:03.015949
740,672,45,1,1,stock.move.line manager,t,t,t,t,t,2026-03-18 05:30:58.653183,2026-03-29 06:23:03.015949
741,672,44,1,1,stock.move.line user,t,t,t,t,t,2026-03-18 05:30:58.653183,2026-03-29 06:23:03.015949
742,672,1,1,1,stock.move.line all users,t,t,t,t,t,2026-03-18 05:30:58.653183,2026-03-29 06:23:03.015949
743,668,1,1,1,stock.putaway.rule all users,t,t,f,f,f,2026-03-18 05:30:58.653183,2026-03-29 06:23:03.015949
915,757,27,1,1,access.hr.expense.post.wizard,t,t,t,t,t,2026-03-18 05:33:47.704597,2026-03-29 06:23:17.433729
932,773,1,1,1,hr.employee.skill.report,t,t,f,f,f,2026-03-18 05:33:52.086694,2026-03-29 06:23:20.852916
933,772,63,1,1,hr.employee.skill.history.report,t,t,f,f,f,2026-03-18 05:33:52.086694,2026-03-29 06:23:20.852916
934,772,1,1,1,hr.employee.skill.history.report,t,t,f,f,f,2026-03-18 05:33:52.086694,2026-03-29 06:23:20.852916
935,767,63,1,1,hr.job.skill,t,t,t,t,t,2026-03-18 05:33:52.086694,2026-03-29 06:23:20.852916
936,767,1,1,1,hr.job.skill.employee,t,t,f,f,f,2026-03-18 05:33:52.086694,2026-03-29 06:23:20.852916
937,774,1,1,1,access_hr_employee_cv_wizard,t,t,t,t,f,2026-03-18 05:33:52.086694,2026-03-29 06:23:20.852916
841,486,59,1,1,account.move.line,t,t,t,t,t,2026-03-18 05:32:08.430974,2026-03-29 06:23:22.248742
842,486,58,1,1,account.move.line,t,t,t,t,f,2026-03-18 05:32:08.430974,2026-03-29 06:23:22.248742
843,388,58,1,1,account.analytic.line,t,t,f,f,f,2026-03-18 05:32:08.430974,2026-03-29 06:23:22.248742
844,488,58,1,1,account.partial.reconcile.purchase.user,t,t,f,f,f,2026-03-18 05:32:08.430974,2026-03-29 06:23:22.248742
845,90,59,1,1,res.partner.purchase.manager,t,t,t,t,f,2026-03-18 05:32:08.430974,2026-03-29 06:23:22.248742
846,418,59,1,1,product.supplierinfo purchase_manager,t,t,t,t,t,2026-03-18 05:32:08.430974,2026-03-29 06:23:22.248742
847,417,59,1,1,product.pricelist.item purchase_manager,t,t,t,t,t,2026-03-18 05:32:08.430974,2026-03-29 06:23:22.248742
848,471,59,1,1,account.account purchase manager,t,t,f,f,f,2026-03-18 05:32:08.430974,2026-03-29 06:23:22.248742
849,729,58,1,1,access_purchase_bill_union,t,t,f,f,f,2026-03-18 05:32:08.430974,2026-03-29 06:23:22.248742
850,728,59,1,1,purchase.stock.report,t,t,f,f,f,2026-03-18 05:32:08.430974,2026-03-29 06:23:22.248742
851,728,58,1,1,purchase.stock.report user,t,t,f,f,f,2026-03-18 05:32:08.430974,2026-03-29 06:23:22.248742
278,391,1,1,1,access_base_module_install_request,t,t,t,t,f,2026-03-18 05:03:48.169473,2026-03-29 06:22:31.708425
279,392,4,1,1,access_base_module_install_review,t,t,t,t,f,2026-03-18 05:03:48.169473,2026-03-29 06:22:31.708425
280,68,1,1,1,ir_module_category group_user,t,t,f,f,f,2026-03-18 05:03:48.169473,2026-03-29 06:22:31.708425
281,69,1,1,1,ir_module_module group_user,t,t,f,f,f,2026-03-18 05:03:48.169473,2026-03-29 06:22:31.708425
282,70,1,1,1,ir_module_module_dependency group_user,t,t,f,f,f,2026-03-18 05:03:48.169473,2026-03-29 06:22:31.708425
284,399,\N,1,1,access.phone.blacklist.all,t,f,f,f,f,2026-03-18 05:03:49.366114,2026-03-29 06:22:34.500012
285,399,4,1,1,access.phone.blacklist.system,t,t,t,t,t,2026-03-18 05:03:49.366114,2026-03-29 06:22:34.500012
286,402,4,1,1,acesss.phone.blacklist.remove.system,t,t,t,t,t,2026-03-18 05:03:49.366114,2026-03-29 06:22:34.500012
287,404,4,1,1,access_privacy_lookup_wizard,t,t,t,t,t,2026-03-18 05:03:50.972707,2026-03-29 06:22:36.196083
288,405,4,1,1,access_privacy_lookup_wizard_line,t,t,t,t,f,2026-03-18 05:03:50.972707,2026-03-29 06:22:36.196083
289,403,4,1,1,access_privacy_log,t,t,t,t,t,2026-03-18 05:03:50.972707,2026-03-29 06:22:36.196083
290,412,1,1,1,product.category.user,t,t,f,f,f,2026-03-18 05:03:51.572879,2026-03-29 06:22:36.495786
291,406,1,1,1,product.template.user,t,t,f,f,f,2026-03-18 05:03:51.572879,2026-03-29 06:22:36.495786
292,418,1,1,1,product.supplierinfo.user,t,t,f,f,f,2026-03-18 05:03:51.572879,2026-03-29 06:22:36.495786
293,416,1,1,1,product.pricelist.user,t,t,f,f,f,2026-03-18 05:03:51.572879,2026-03-29 06:22:36.495786
294,417,1,1,1,product.pricelist.item.user,t,t,f,f,f,2026-03-18 05:03:51.572879,2026-03-29 06:22:36.495786
295,416,9,1,1,product.pricelist partner manager,t,t,f,f,f,2026-03-18 05:03:51.572879,2026-03-29 06:22:36.495786
296,407,1,1,1,product.product employee,t,t,f,f,f,2026-03-18 05:03:51.572879,2026-03-29 06:22:36.495786
328,433,1,1,1,crm.team,t,t,f,f,f,2026-03-18 05:03:54.972867,2026-03-29 06:22:38.196183
329,433,22,1,1,crm.team.user,t,t,f,f,f,2026-03-18 05:03:54.972867,2026-03-29 06:22:38.196183
775,699,45,1,1,stock.inventory.conflict,t,t,t,t,f,2026-03-18 05:30:58.653183,2026-03-29 06:23:03.015949
776,700,45,1,1,stock.inventory.warning,t,t,t,t,f,2026-03-18 05:30:58.653183,2026-03-29 06:23:03.015949
777,701,45,1,1,stock.inventory.adjustment.name.manager,t,t,t,t,f,2026-03-18 05:30:58.653183,2026-03-29 06:23:03.015949
778,701,44,1,1,stock.inventory.adjustment.name.user,t,t,t,t,f,2026-03-18 05:30:58.653183,2026-03-29 06:23:03.015949
779,713,45,1,1,stock.request.count,t,t,t,t,f,2026-03-18 05:30:58.653183,2026-03-29 06:23:03.015949
780,714,45,1,1,stock.replenishment.info,t,t,t,t,f,2026-03-18 05:30:58.653183,2026-03-29 06:23:03.015949
781,702,44,1,1,picking.label.type.user,t,t,t,t,f,2026-03-18 05:30:58.653183,2026-03-29 06:23:03.015949
782,703,44,1,1,lot.label.layout.user,t,t,t,t,f,2026-03-18 05:30:58.653183,2026-03-29 06:23:03.015949
783,715,44,1,1,stock.replenishment.option,t,t,t,t,f,2026-03-18 05:30:58.653183,2026-03-29 06:23:03.015949
784,716,45,1,1,access.stock.quant.relocate,t,t,t,t,f,2026-03-18 05:30:58.653183,2026-03-29 06:23:03.015949
785,684,44,1,1,access_stock_package_history_user,t,t,t,t,f,2026-03-18 05:30:58.653183,2026-03-29 06:23:03.015949
786,717,44,1,1,acess.stock.put.in.pack.user,t,t,t,t,f,2026-03-18 05:30:58.653183,2026-03-29 06:23:03.015949
787,679,1,1,1,access_stock_reference,t,t,t,t,f,2026-03-18 05:30:58.653183,2026-03-29 06:23:03.015949
514,529,28,1,1,account.fiscal.year.basic,t,t,f,f,f,2026-03-18 05:04:19.213591,2026-03-29 06:24:40.849619
515,529,30,1,1,account.fiscal.year.manager,t,t,t,t,t,2026-03-18 05:04:19.213591,2026-03-29 06:24:40.849619
524,545,30,1,1,access_account_online_account_id manager,t,t,t,t,t,2026-03-18 05:04:25.828127,2026-03-29 06:24:46.842904
525,547,30,1,1,access.account.bank.selection manager,t,t,t,t,t,2026-03-18 05:04:25.828127,2026-03-29 06:24:46.842904
526,547,28,1,1,access.account.bank.selection basic,t,t,t,t,t,2026-03-18 05:04:25.828127,2026-03-29 06:24:46.842904
527,550,28,1,1,access_account_bank_statement_line_transient,t,t,t,t,t,2026-03-18 05:04:25.828127,2026-03-29 06:24:46.842904
528,548,28,1,1,access_account_missing_transaction_wizard,t,t,t,t,f,2026-03-18 05:04:25.828127,2026-03-29 06:24:46.842904
554,553,29,1,1,account.return.acc.user,t,t,t,t,t,2026-03-18 05:04:27.13783,2026-03-29 06:24:47.586321
555,554,28,1,1,account.return.check.basic,t,t,f,f,f,2026-03-18 05:04:27.13783,2026-03-29 06:24:47.586321
556,554,26,1,1,account.return.check.readonly,t,t,f,f,f,2026-03-18 05:04:27.13783,2026-03-29 06:24:47.586321
557,554,29,1,1,account.return.check.acc.user,t,t,t,t,t,2026-03-18 05:04:27.13783,2026-03-29 06:24:47.586321
558,555,29,1,1,account.return.check.template.acc.user,t,t,t,t,t,2026-03-18 05:04:27.13783,2026-03-29 06:24:47.586321
559,552,28,1,1,account.return.type.basic,t,t,f,f,f,2026-03-18 05:04:27.13783,2026-03-29 06:24:47.586321
560,552,26,1,1,account.return.type.readonly,t,t,f,f,f,2026-03-18 05:04:27.13783,2026-03-29 06:24:47.586321
561,552,30,1,1,account.return.type.acc.manager,t,t,t,t,t,2026-03-18 05:04:27.13783,2026-03-29 06:24:47.586321
562,591,29,1,1,account.return.creation.wizard.acc.user,t,t,t,t,t,2026-03-18 05:04:27.13783,2026-03-29 06:24:47.586321
548,580,30,1,1,account.report.budget.ac.user,t,t,t,t,t,2026-03-18 05:04:27.13783,2026-03-29 06:24:47.586321
340,442,4,1,1,product.images.get.pic.barcode manager,t,t,t,t,f,2026-03-18 05:03:57.390296,2026-03-29 06:22:42.962185
341,445,\N,1,1,access.sms.sms.all,t,f,f,f,f,2026-03-18 05:03:57.809706,2026-03-29 06:22:43.268792
342,445,4,1,1,access.sms.sms.system,t,t,t,t,t,2026-03-18 05:03:57.809706,2026-03-29 06:22:43.268792
343,446,\N,1,1,access.sms.template.all,t,f,f,f,f,2026-03-18 05:03:57.809706,2026-03-29 06:22:43.268792
354,454,1,1,1,snailmail.letter.user,t,t,t,t,f,2026-03-18 05:04:00.609506,2026-03-29 06:22:45.640543
355,454,4,1,1,snailmail.letter.system,t,t,t,t,t,2026-03-18 05:04:00.609506,2026-03-29 06:22:45.640543
356,130,10,1,1,auth_totp_portal wizard access rules,t,t,t,t,t,2026-03-18 05:04:01.356805,2026-03-29 06:22:46.499107
357,455,2,1,1,digest.digest.administration,t,t,t,t,t,2026-03-18 05:04:01.483532,2026-03-29 06:22:46.803546
358,455,1,1,1,digest.digest.user,t,t,f,f,f,2026-03-18 05:04:01.483532,2026-03-29 06:22:46.803546
359,456,2,1,1,digest.tip.administration,t,t,t,t,t,2026-03-18 05:04:01.483532,2026-03-29 06:22:46.803546
360,456,1,1,1,digest.tip.user,t,t,f,f,f,2026-03-18 05:04:01.483532,2026-03-29 06:22:46.803546
361,462,1,1,1,access_payment_link_wizard,t,f,f,f,f,2026-03-18 05:04:02.10459,2026-03-29 06:22:48.463164
362,461,1,1,1,payment.capture.wizard,t,t,t,t,f,2026-03-18 05:04:02.10459,2026-03-29 06:22:48.463164
363,458,4,1,1,payment.provider.system,t,t,t,t,t,2026-03-18 05:04:02.10459,2026-03-29 06:22:48.463164
364,457,11,1,1,payment.method.all,t,t,f,f,f,2026-03-18 05:04:02.10459,2026-03-29 06:22:48.463164
365,457,10,1,1,payment.method.all,t,t,f,f,f,2026-03-18 05:04:02.10459,2026-03-29 06:22:48.463164
366,457,1,1,1,payment.method.all,t,t,f,f,f,2026-03-18 05:04:02.10459,2026-03-29 06:22:48.463164
367,457,4,1,1,payment.method.system,t,t,t,t,t,2026-03-18 05:04:02.10459,2026-03-29 06:22:48.463164
373,496,26,1,1,account.cash.rounding,t,t,f,f,f,2026-03-18 05:04:07.882243,2026-03-29 06:22:49.558331
374,496,27,1,1,account.cash.rounding,t,t,t,t,t,2026-03-18 05:04:07.882243,2026-03-29 06:22:49.558331
375,90,30,1,1,res_partner group_account_manager,t,t,f,f,f,2026-03-18 05:04:07.882243,2026-03-29 06:22:49.558331
376,96,30,1,1,res.currency account manager,t,t,t,t,t,2026-03-18 05:04:07.882243,2026-03-29 06:22:49.558331
377,97,30,1,1,res.currency.rate account manager,t,t,t,t,t,2026-03-18 05:04:07.882243,2026-03-29 06:22:49.558331
378,517,26,1,1,account.invoice.report_user,t,t,f,f,f,2026-03-18 05:04:07.882243,2026-03-29 06:22:49.558331
379,517,27,1,1,account.invoice.report_billing,t,t,f,f,f,2026-03-18 05:04:07.882243,2026-03-29 06:22:49.558331
380,517,30,1,1,account.invoice.report,t,t,f,f,f,2026-03-18 05:04:07.882243,2026-03-29 06:22:49.558331
381,497,1,1,1,account.incoterms all,t,t,f,f,f,2026-03-18 05:04:07.882243,2026-03-29 06:22:49.558331
382,497,30,1,1,account.incoterms manager,t,t,t,t,t,2026-03-18 05:04:07.882243,2026-03-29 06:22:49.558331
383,508,30,1,1,access.account.secure.entries.wizard,t,t,t,t,f,2026-03-18 05:04:07.882243,2026-03-29 06:22:49.558331
580,90,24,1,1,res.partner.sale.manager,t,t,t,t,f,2026-03-18 05:04:33.38448,2026-03-29 06:23:41.334943
581,182,24,1,1,mail.activity.type.sale.manager,t,t,t,t,t,2026-03-18 05:04:33.38448,2026-03-29 06:23:41.334943
582,416,22,1,1,product.pricelist.sale.user,t,t,f,f,f,2026-03-18 05:04:33.38448,2026-03-29 06:23:41.334943
583,416,24,1,1,product.pricelist salemanager,t,t,t,t,t,2026-03-18 05:04:33.38448,2026-03-29 06:23:41.334943
584,417,24,1,1,product.pricelist.item salemanager,t,t,t,t,t,2026-03-18 05:04:33.38448,2026-03-29 06:23:41.334943
585,409,22,1,1,product.attribute.custom value salesman,t,t,t,t,t,2026-03-18 05:04:33.38448,2026-03-29 06:23:41.334943
586,415,24,1,1,access_product_document_sale_manager,t,t,t,t,t,2026-03-18 05:04:33.38448,2026-03-29 06:23:41.334943
587,149,22,1,1,uom.uom.user,t,t,f,f,f,2026-03-18 05:04:33.38448,2026-03-29 06:23:41.334943
588,594,10,1,1,sale.order.portal,t,t,f,f,f,2026-03-18 05:04:33.38448,2026-03-29 06:23:41.334943
589,594,26,1,1,sale.order.accountant,t,t,f,f,f,2026-03-18 05:04:33.38448,2026-03-29 06:23:41.334943
590,594,27,1,1,sale.order,t,t,t,f,f,2026-03-18 05:04:33.38448,2026-03-29 06:23:41.334943
529,549,28,1,1,access_account_duplicate_transaction_wizard,t,t,t,t,f,2026-03-18 05:04:25.828127,2026-03-29 06:24:46.842904
541,557,26,1,1,account.report.horizontal.group.readonly,t,t,f,f,f,2026-03-18 05:04:27.13783,2026-03-29 06:24:47.586321
542,557,30,1,1,account.report.horizontal.group.ac.user,t,t,t,t,t,2026-03-18 05:04:27.13783,2026-03-29 06:24:47.586321
543,558,28,1,1,account.report.horizontal.group.rule.basic,t,t,f,f,f,2026-03-18 05:04:27.13783,2026-03-29 06:24:47.586321
544,558,26,1,1,account.report.horizontal.group.rule.readonly,t,t,f,f,f,2026-03-18 05:04:27.13783,2026-03-29 06:24:47.586321
545,558,30,1,1,account.report.horizontal.group.rule.ac.user,t,t,t,t,t,2026-03-18 05:04:27.13783,2026-03-29 06:24:47.586321
546,580,28,1,1,account.report.budget.basic,t,t,f,f,f,2026-03-18 05:04:27.13783,2026-03-29 06:24:47.586321
547,580,26,1,1,account.report.budget.readonly,t,t,f,f,f,2026-03-18 05:04:27.13783,2026-03-29 06:24:47.586321
549,581,26,1,1,account.report.budget.item.readonly,t,t,f,f,f,2026-03-18 05:04:27.13783,2026-03-29 06:24:47.586321
550,581,30,1,1,account.report.budget.item.ac.user,t,t,t,t,t,2026-03-18 05:04:27.13783,2026-03-29 06:24:47.586321
551,585,27,1,1,access.account.report.send,t,t,t,t,t,2026-03-18 05:04:27.13783,2026-03-29 06:24:47.586321
563,592,29,1,1,account.return.submission.wizard.acc.user,t,t,t,t,t,2026-03-18 05:04:27.13783,2026-03-29 06:24:47.586321
564,590,29,1,1,account.return.payment.wizard.acc.user,t,t,t,t,t,2026-03-18 05:04:27.13783,2026-03-29 06:24:47.586321
565,593,1,1,1,access.qr.code.payment.wizard.user,t,t,f,f,f,2026-03-18 05:04:27.13783,2026-03-29 06:24:47.586321
566,551,1,1,1,access.account.audit.account.status.user,t,t,t,t,f,2026-03-18 05:04:27.13783,2026-03-29 06:24:47.586321
592,594,22,1,1,sale.order,t,t,t,t,f,2026-03-18 05:04:33.38448,2026-03-29 06:23:41.334943
271,194,4,1,1,mail.message.translation,t,t,t,t,t,2026-03-18 05:03:38.577538,2026-03-29 06:22:24.936134
272,200,1,1,1,access.mail.scheduled.message,t,t,t,t,t,2026-03-18 05:03:38.577538,2026-03-29 06:22:24.936134
636,623,1,1,1,access_ai_prompt_button_user,t,t,f,f,f,2026-03-18 05:04:43.422975,2026-03-29 06:22:28.742976
637,623,4,1,1,ai.access_ai_prompt_button_admin.button,t,t,t,t,t,2026-03-18 05:04:43.422975,2026-03-29 06:22:28.742976
638,621,1,1,1,access_ai_agent_source_user,t,t,f,f,f,2026-03-18 05:04:43.422975,2026-03-29 06:22:28.742976
639,621,4,1,1,access_ai_agent_source_system,t,t,t,t,t,2026-03-18 05:04:43.422975,2026-03-29 06:22:28.742976
273,386,18,1,1,access_account_analytic_account,t,t,t,t,t,2026-03-18 05:03:46.533969,2026-03-29 06:22:30.642764
274,388,18,1,1,access_account_analytic_line,t,t,t,t,t,2026-03-18 05:03:46.533969,2026-03-29 06:22:30.642764
275,384,18,1,1,access_account_analytic_plan,t,t,t,t,t,2026-03-18 05:03:46.533969,2026-03-29 06:22:30.642764
276,385,18,1,1,access_account_analytic_applicability,t,t,t,t,t,2026-03-18 05:03:46.533969,2026-03-29 06:22:30.642764
277,390,18,1,1,access_account_analytic_distribution_model,t,t,t,t,t,2026-03-18 05:03:46.533969,2026-03-29 06:22:30.642764
283,71,1,1,1,ir_module_module_exclusion group_user,t,t,f,f,f,2026-03-18 05:03:48.169473,2026-03-29 06:22:31.708425
640,626,10,1,1,calendar.attendee_portal,t,f,f,f,f,2026-03-18 05:05:32.057443,2026-03-29 06:22:31.880088
641,626,1,1,1,calendar.attendee_employee,t,t,t,t,t,2026-03-18 05:05:32.057443,2026-03-29 06:22:31.880088
642,634,1,1,1,calendar.attendee_employee_delete_wizard,t,t,t,t,t,2026-03-18 05:05:32.057443,2026-03-29 06:22:31.880088
643,629,1,1,1,calendar.alarm,t,t,t,t,t,2026-03-18 05:05:32.057443,2026-03-29 06:22:31.880088
644,628,10,1,1,calendar.event_all_user,t,t,f,f,f,2026-03-18 05:05:32.057443,2026-03-29 06:22:31.880088
645,628,1,1,1,calendar.event_all_employee,t,t,t,t,t,2026-03-18 05:05:32.057443,2026-03-29 06:22:31.880088
646,628,9,1,1,calendar.event.partner.manager,t,t,t,t,t,2026-03-18 05:05:32.057443,2026-03-29 06:22:31.880088
647,632,1,1,1,calendar.event.type.all,t,t,f,f,f,2026-03-18 05:05:32.057443,2026-03-29 06:22:31.880088
648,632,4,1,1,calendar.event.type.manager,t,t,t,t,t,2026-03-18 05:05:32.057443,2026-03-29 06:22:31.880088
649,630,1,1,1,access_calendar_alarm_manager,t,t,t,t,t,2026-03-18 05:05:32.057443,2026-03-29 06:22:31.880088
650,631,1,1,1,access_calendar_contacts_all,t,t,t,t,t,2026-03-18 05:05:32.057443,2026-03-29 06:22:31.880088
297,408,1,1,1,product.attribute,t,t,f,f,f,2026-03-18 05:03:51.572879,2026-03-29 06:22:36.495786
298,410,1,1,1,product.attribute value,t,t,f,f,f,2026-03-18 05:03:51.572879,2026-03-29 06:22:36.495786
299,409,1,1,1,product.attribute.custom value manager,t,t,f,f,f,2026-03-18 05:03:51.572879,2026-03-29 06:22:36.495786
300,422,1,1,1,product.template.attribute value,t,t,f,f,f,2026-03-18 05:03:51.572879,2026-03-29 06:22:36.495786
301,421,1,1,1,product..template.attribute exclusion,t,t,f,f,f,2026-03-18 05:03:51.572879,2026-03-29 06:22:36.495786
302,420,1,1,1,product.template.attribute line,t,t,f,f,f,2026-03-18 05:03:51.572879,2026-03-29 06:22:36.495786
303,419,1,1,1,product.tag.user,t,t,f,f,f,2026-03-18 05:03:51.572879,2026-03-29 06:22:36.495786
304,413,1,1,1,product.combo.user,t,t,f,f,f,2026-03-18 05:03:51.572879,2026-03-29 06:22:36.495786
305,414,1,1,1,product.combo.item.user,t,t,f,f,f,2026-03-18 05:03:51.572879,2026-03-29 06:22:36.495786
306,412,21,1,1,product.category.manager,t,t,t,t,t,2026-03-18 05:03:51.572879,2026-03-29 06:22:36.495786
307,406,21,1,1,product.template.manager,t,t,t,t,t,2026-03-18 05:03:51.572879,2026-03-29 06:22:36.495786
308,418,21,1,1,product.supplierinfo.manager,t,t,t,t,t,2026-03-18 05:03:51.572879,2026-03-29 06:22:36.495786
309,416,21,1,1,product.pricelist.manager,t,t,t,t,t,2026-03-18 05:03:51.572879,2026-03-29 06:22:36.495786
310,417,21,1,1,product.pricelist.item.manager,t,t,t,t,t,2026-03-18 05:03:51.572879,2026-03-29 06:22:36.495786
311,407,21,1,1,product.product manager,t,t,t,t,t,2026-03-18 05:03:51.572879,2026-03-29 06:22:36.495786
322,415,1,1,1,access_product_document_user,t,t,f,f,f,2026-03-18 05:03:51.572879,2026-03-29 06:22:36.495786
323,415,21,1,1,access_product_document_manager,t,t,t,t,t,2026-03-18 05:03:51.572879,2026-03-29 06:22:36.495786
324,431,21,1,1,update.product.attribute.value,t,t,t,t,f,2026-03-18 05:03:51.572879,2026-03-29 06:22:36.495786
325,423,21,1,1,product.uom manager,t,t,t,t,t,2026-03-18 05:03:51.572879,2026-03-29 06:22:36.495786
326,423,1,1,1,product.uom user,t,t,f,f,f,2026-03-18 05:03:51.572879,2026-03-29 06:22:36.495786
327,149,21,1,1,uom.uom.product.manager,t,t,t,t,t,2026-03-18 05:03:51.572879,2026-03-29 06:22:36.495786
337,439,9,1,1,access.portal.share,t,t,t,t,f,2026-03-18 05:03:56.389074,2026-03-29 06:22:42.025906
338,440,9,1,1,access.portal.wizard,t,t,t,t,f,2026-03-18 05:03:56.389074,2026-03-29 06:22:42.025906
339,441,9,1,1,access.portal.wizard.user,t,t,t,t,f,2026-03-18 05:03:56.389074,2026-03-29 06:22:42.025906
344,446,1,1,1,access.sms.template.user,t,t,f,f,f,2026-03-18 05:03:57.809706,2026-03-29 06:22:43.268792
345,446,4,1,1,access.sms.template.system,t,t,t,t,t,2026-03-18 05:03:57.809706,2026-03-29 06:22:43.268792
346,447,\N,1,1,access.sms.tracker.all,t,f,f,f,f,2026-03-18 05:03:57.809706,2026-03-29 06:22:43.268792
348,451,1,1,1,access.sms.composer,t,t,t,t,f,2026-03-18 05:03:57.809706,2026-03-29 06:22:43.268792
368,459,11,1,1,payment.token.all,t,t,f,f,f,2026-03-18 05:04:02.10459,2026-03-29 06:22:48.463164
369,459,10,1,1,payment.token.all,t,t,f,f,f,2026-03-18 05:04:02.10459,2026-03-29 06:22:48.463164
370,459,1,1,1,payment.token.all,t,t,f,f,f,2026-03-18 05:04:02.10459,2026-03-29 06:22:48.463164
371,459,4,1,1,payment.token.system,t,t,t,t,t,2026-03-18 05:04:02.10459,2026-03-29 06:22:48.463164
372,460,4,1,1,payment.transaction.system,t,t,t,t,t,2026-03-18 05:04:02.10459,2026-03-29 06:22:48.463164
393,494,26,1,1,account.bank.statement.line.group.invoice,t,t,f,f,f,2026-03-18 05:04:07.882243,2026-03-29 06:22:49.558331
394,494,27,1,1,account.bank.statement.line.group.invoice,t,t,f,f,f,2026-03-18 05:04:07.882243,2026-03-29 06:22:49.558331
395,493,28,1,1,account.bank.statement,t,t,t,t,t,2026-03-18 05:04:07.882243,2026-03-29 06:22:49.558331
982,808,24,1,1,delivery.carrier,t,t,t,t,t,2026-03-18 12:25:34.329804,2026-03-29 06:23:48.203227
396,494,28,1,1,account.bank.statement.line,t,t,t,t,t,2026-03-18 05:04:07.882243,2026-03-29 06:22:49.558331
983,809,24,1,1,delivery.price.rule,t,t,t,t,t,2026-03-18 12:25:34.329804,2026-03-29 06:23:48.203227
984,808,9,1,1,delivery.carrier partner_manager,t,t,f,f,f,2026-03-18 12:25:34.329804,2026-03-29 06:23:48.203227
985,810,9,1,1,delivery.zip.prefix,t,t,t,t,t,2026-03-18 12:25:34.329804,2026-03-29 06:23:48.203227
986,809,24,1,1,delivery.price.rule,t,t,t,t,t,2026-03-18 12:25:34.329804,2026-03-29 06:23:48.203227
987,812,22,1,1,delivery.choose.delivery.carrier,t,t,t,t,f,2026-03-18 12:25:34.329804,2026-03-29 06:23:48.203227
507,526,1,1,1,spreadsheet_cell_thread_user,t,t,t,t,f,2026-03-18 05:04:18.97402,2026-03-29 06:24:40.646618
508,526,4,1,1,spreadsheet_cell_thread_system,t,t,t,t,t,2026-03-18 05:04:18.97402,2026-03-29 06:24:40.646618
509,530,30,1,1,access.account.change.lock.date,t,t,t,t,f,2026-03-18 05:04:19.213591,2026-03-29 06:24:40.849619
510,508,29,1,1,access.account.secure.entries.wizard,t,t,t,t,f,2026-03-18 05:04:19.213591,2026-03-29 06:24:40.849619
511,531,29,1,1,access.account.auto.reconcile.wizard,t,t,t,t,f,2026-03-18 05:04:19.213591,2026-03-29 06:24:40.849619
516,462,27,1,1,payment.link.wizard,t,t,t,t,f,2026-03-18 05:04:23.216988,2026-03-29 06:23:13.400823
517,544,27,1,1,payment.refund.wizard,t,t,t,t,f,2026-03-18 05:04:23.216988,2026-03-29 06:23:13.400823
518,460,27,1,1,payment.transaction.user,t,t,t,t,f,2026-03-18 05:04:23.216988,2026-03-29 06:23:13.400823
530,556,26,1,1,account.account_report_annotation_readonly,t,t,f,f,f,2026-03-18 05:04:27.13783,2026-03-29 06:24:47.586321
531,556,29,1,1,account.account_report_annotation,t,t,t,t,t,2026-03-18 05:04:27.13783,2026-03-29 06:24:47.586321
532,556,27,1,1,account.account_report_annotation,t,t,f,f,f,2026-03-18 05:04:27.13783,2026-03-29 06:24:47.586321
533,588,29,1,1,access.account_reports.export.wizard,t,t,t,t,f,2026-03-18 05:04:27.13783,2026-03-29 06:24:47.586321
534,589,29,1,1,access.account_reports.export.wizard.format,t,t,t,t,f,2026-03-18 05:04:27.13783,2026-03-29 06:24:47.586321
998,916,45,1,1,stock.landed.cost,t,t,t,t,t,2026-03-29 10:48:55.475382,2026-03-29 10:48:55.475382
999,917,45,1,1,stock.landed.cost.lines,t,t,t,t,t,2026-03-29 10:48:55.475382,2026-03-29 10:48:55.475382
1000,918,45,1,1,stock.valuation.adjustment.lines,t,t,t,t,t,2026-03-29 10:48:55.475382,2026-03-29 10:48:55.475382
567,471,22,1,1,account_account salesman,t,t,f,f,f,2026-03-18 05:04:33.38448,2026-03-29 06:23:41.334943
568,386,22,1,1,account_analytic_account salesman,t,t,t,t,f,2026-03-18 05:04:33.38448,2026-03-29 06:23:41.334943
569,470,22,1,1,account.account.tag.sale.salesman,t,t,f,f,f,2026-03-18 05:04:33.38448,2026-03-29 06:23:41.334943
993,810,45,1,1,delivery.zip.prefix stock_manager,t,t,t,t,t,2026-03-18 12:25:36.358645,2026-03-29 06:24:02.878458
994,809,45,1,1,delivery.price.rule stock_manager,t,t,t,t,t,2026-03-18 12:25:36.358645,2026-03-29 06:24:02.878458
503,524,4,1,1,spreadsheet_revision,t,t,t,t,t,2026-03-18 05:04:18.547626,2026-03-29 06:24:40.105492
504,526,1,1,1,spreadsheet_cell_thread_user,t,t,t,t,f,2026-03-18 05:04:18.547626,2026-03-29 06:24:40.105492
505,526,4,1,1,spreadsheet_cell_thread_system,t,t,t,t,t,2026-03-18 05:04:18.547626,2026-03-29 06:24:40.105492
506,524,4,1,1,spreadsheet_revision,t,t,t,t,t,2026-03-18 05:04:18.97402,2026-03-29 06:24:40.646618
512,532,29,1,1,access.account.reconcile.wizard,t,t,t,t,f,2026-03-18 05:04:19.213591,2026-03-29 06:24:40.849619
519,546,28,1,1,access_account_online_link_id,t,t,t,t,t,2026-03-18 05:04:25.828127,2026-03-29 06:24:46.842904
520,546,26,1,1,access_account_online_link_id_readonly,t,t,f,f,f,2026-03-18 05:04:25.828127,2026-03-29 06:24:46.842904
521,546,30,1,1,access_account_online_link_id manager,t,t,t,t,t,2026-03-18 05:04:25.828127,2026-03-29 06:24:46.842904
522,545,28,1,1,access_account_online_account_id,t,t,t,t,t,2026-03-18 05:04:25.828127,2026-03-29 06:24:46.842904
523,545,26,1,1,access_account_online_account_id_readonly,t,t,f,f,f,2026-03-18 05:04:25.828127,2026-03-29 06:24:46.842904
537,579,28,1,1,access_account_tax_unit_basic,t,t,f,f,f,2026-03-18 05:04:27.13783,2026-03-29 06:24:47.586321
397,486,30,1,1,account.move.line manager,t,t,f,f,f,2026-03-18 05:04:07.882243,2026-03-29 06:22:49.558331
398,466,30,1,1,account.move manager,t,t,f,f,f,2026-03-18 05:04:07.882243,2026-03-29 06:22:49.558331
399,466,26,1,1,account.move readonly,t,t,f,f,f,2026-03-18 05:04:07.882243,2026-03-29 06:22:49.558331
400,466,27,1,1,account.move,t,t,t,t,t,2026-03-18 05:04:07.882243,2026-03-29 06:22:49.558331
401,486,26,1,1,account.move.line readonly,t,t,f,f,f,2026-03-18 05:04:07.882243,2026-03-29 06:22:49.558331
402,486,27,1,1,account.move.line invoice,t,t,t,t,t,2026-03-18 05:04:07.882243,2026-03-29 06:22:49.558331
403,466,10,1,1,account.move.portal,t,t,f,f,f,2026-03-18 05:04:07.882243,2026-03-29 06:22:49.558331
404,486,10,1,1,account.move.line.portal,t,t,f,f,f,2026-03-18 05:04:07.882243,2026-03-29 06:22:49.558331
405,388,30,1,1,account.analytic.line manager,t,t,f,f,f,2026-03-18 05:04:07.882243,2026-03-29 06:22:49.558331
406,386,1,1,1,account.analytic.account,t,t,f,f,f,2026-03-18 05:04:07.882243,2026-03-29 06:22:49.558331
407,388,26,1,1,account.analytic.line invoice,t,t,f,f,f,2026-03-18 05:04:07.882243,2026-03-29 06:22:49.558331
408,388,27,1,1,account.analytic.line invoice,t,t,t,t,t,2026-03-18 05:04:07.882243,2026-03-29 06:22:49.558331
409,386,29,1,1,account.analytic.account accountant,t,t,t,t,t,2026-03-18 05:04:07.882243,2026-03-29 06:22:49.558331
410,384,29,1,1,account.analytic.plan accountant,t,t,t,t,t,2026-03-18 05:04:07.882243,2026-03-29 06:22:49.558331
411,385,29,1,1,account.analytic.applicability accountant,t,t,t,t,t,2026-03-18 05:04:07.882243,2026-03-29 06:22:49.558331
412,390,26,1,1,account.analytic.distribution invoice,t,t,f,f,f,2026-03-18 05:04:07.882243,2026-03-29 06:22:49.558331
413,390,27,1,1,account.analytic.distribution invoice,t,t,t,t,t,2026-03-18 05:04:07.882243,2026-03-29 06:22:49.558331
414,476,26,1,1,account.journal,t,t,f,f,f,2026-03-18 05:04:07.882243,2026-03-29 06:22:49.558331
415,476,30,1,1,account.journal,t,t,t,t,t,2026-03-18 05:04:07.882243,2026-03-29 06:22:49.558331
416,476,27,1,1,account.journal invoice,t,t,f,f,f,2026-03-18 05:04:07.882243,2026-03-29 06:22:49.558331
417,475,27,1,1,account.journal.group invoice,t,t,f,f,f,2026-03-18 05:04:07.882243,2026-03-29 06:22:49.558331
418,475,26,1,1,account.journal.group readonly,t,t,f,f,f,2026-03-18 05:04:07.882243,2026-03-29 06:22:49.558331
419,475,30,1,1,account.journal.group manager,t,t,t,t,t,2026-03-18 05:04:07.882243,2026-03-29 06:22:49.558331
420,472,28,1,1,account.group.basic,t,t,f,f,f,2026-03-18 05:04:07.882243,2026-03-29 06:22:49.558331
421,472,30,1,1,account.group,t,t,t,t,t,2026-03-18 05:04:07.882243,2026-03-29 06:22:49.558331
422,472,26,1,1,account.group,t,t,f,f,f,2026-03-18 05:04:07.882243,2026-03-29 06:22:49.558331
423,474,30,1,1,account.root,t,t,f,f,f,2026-03-18 05:04:07.882243,2026-03-29 06:22:49.558331
424,474,26,1,1,account.root,t,t,f,f,f,2026-03-18 05:04:07.882243,2026-03-29 06:22:49.558331
425,473,26,1,1,account.code.mapping,t,t,f,f,f,2026-03-18 05:04:07.882243,2026-03-29 06:22:49.558331
426,473,30,1,1,account.code.mapping,t,t,t,f,f,2026-03-18 05:04:07.882243,2026-03-29 06:22:49.558331
427,471,30,1,1,account.account,t,t,t,t,t,2026-03-18 05:04:07.882243,2026-03-29 06:22:49.558331
428,471,26,1,1,account.account.readonly,t,t,f,f,f,2026-03-18 05:04:07.882243,2026-03-29 06:22:49.558331
429,471,1,1,1,account.account user,t,t,f,f,f,2026-03-18 05:04:07.882243,2026-03-29 06:22:49.558331
430,471,9,1,1,account.account partner manager,t,t,f,f,f,2026-03-18 05:04:07.882243,2026-03-29 06:22:49.558331
498,521,1,1,1,access_spreadsheet_dashboard_group_user,t,t,f,f,f,2026-03-18 05:04:17.892116,2026-03-29 06:23:02.264041
499,522,1,1,1,spreadsheet_dashboard_user,t,t,f,f,f,2026-03-18 05:04:17.892116,2026-03-29 06:23:02.264041
500,521,35,1,1,access_spreadsheet_dashboard_group,t,t,t,t,t,2026-03-18 05:04:17.892116,2026-03-29 06:23:02.264041
570,511,22,1,1,access.account.move.send.wizard.salesman,t,t,t,t,f,2026-03-18 05:04:33.38448,2026-03-29 06:23:41.334943
571,512,22,1,1,access.account.move.send.batch.wizard.salesman,t,t,t,t,f,2026-03-18 05:04:33.38448,2026-03-29 06:23:41.334943
572,476,22,1,1,account.journal sale order.user,t,t,f,f,f,2026-03-18 05:04:33.38448,2026-03-29 06:23:41.334943
573,466,22,1,1,account_move salesman,t,t,f,f,f,2026-03-18 05:04:33.38448,2026-03-29 06:23:41.334943
574,486,22,1,1,account_move_line salesman,t,t,f,f,f,2026-03-18 05:04:33.38448,2026-03-29 06:23:41.334943
575,488,22,1,1,account_partial_reconcile salesman,t,t,f,f,f,2026-03-18 05:04:33.38448,2026-03-29 06:23:41.334943
576,484,22,1,1,account_payment_term salesman,t,t,f,f,f,2026-03-18 05:04:33.38448,2026-03-29 06:23:41.334943
577,480,22,1,1,account.tax.user,t,t,f,f,f,2026-03-18 05:04:33.38448,2026-03-29 06:23:41.334943
578,479,22,1,1,account.tax.group sale manager,t,t,f,f,f,2026-03-18 05:04:33.38448,2026-03-29 06:23:41.334943
579,90,22,1,1,res.partner.sale.user,t,t,f,f,f,2026-03-18 05:04:33.38448,2026-03-29 06:23:41.334943
610,604,26,1,1,account_followup.followup.line,t,t,f,f,f,2026-03-18 05:04:37.883567,2026-03-29 06:24:53.886516
611,604,27,1,1,account_followup.followup.line,t,t,f,f,f,2026-03-18 05:04:37.883567,2026-03-29 06:24:53.886516
612,604,30,1,1,account_followup.followup.line.manager,t,t,t,t,t,2026-03-18 05:04:37.883567,2026-03-29 06:24:53.886516
613,446,30,1,1,access.sms.template.account.manager,t,t,t,t,t,2026-03-18 05:04:37.883567,2026-03-29 06:24:53.886516
627,618,22,1,1,access.sale.order.spreadsheet,t,t,t,t,t,2026-03-18 05:04:42.983171,2026-03-29 06:25:02.210493
617,613,22,1,1,sale.order.template,t,t,f,f,f,2026-03-18 05:04:39.706647,2026-03-29 06:23:51.561886
618,613,24,1,1,sale.order.template,t,t,t,t,t,2026-03-18 05:04:39.706647,2026-03-29 06:23:51.561886
619,613,4,1,1,sale.order.template,t,t,f,f,f,2026-03-18 05:04:39.706647,2026-03-29 06:23:51.561886
620,614,22,1,1,sale.order.template.line,t,t,f,f,f,2026-03-18 05:04:39.706647,2026-03-29 06:23:51.561886
621,614,24,1,1,sale.order.template.line,t,t,t,t,t,2026-03-18 05:04:39.706647,2026-03-29 06:23:51.561886
622,446,24,1,1,access.sms.template.sale.manager,t,t,t,t,t,2026-03-18 05:04:40.388596,2026-03-29 06:23:52.899966
623,616,24,1,1,access_quotation_document_sales_manager,t,t,t,t,t,2026-03-18 05:04:41.349774,2026-03-29 06:24:00.824954
624,616,1,1,1,access_quotation_document_user,t,t,f,f,f,2026-03-18 05:04:41.349774,2026-03-29 06:24:00.824954
625,617,4,1,1,access_sale_pdf_form_field_user,t,t,t,t,t,2026-03-18 05:04:41.349774,2026-03-29 06:24:00.824954
626,617,1,1,1,access_sale_pdf_form_field_user,t,t,f,f,f,2026-03-18 05:04:41.349774,2026-03-29 06:24:00.824954
606,602,30,1,1,access.account.fiscal.category,t,t,t,t,t,2026-03-18 05:04:37.425322,2026-03-29 06:24:53.577555
607,602,26,1,1,access.account.fiscal.category.readonly,t,t,f,f,f,2026-03-18 05:04:37.425322,2026-03-29 06:24:53.577555
608,601,30,1,1,access.account.account.fiscal.rate,t,t,t,t,t,2026-03-18 05:04:37.425322,2026-03-29 06:24:53.577555
609,601,26,1,1,access.account.account.fiscal.rate.readonly,t,t,f,f,f,2026-03-18 05:04:37.425322,2026-03-29 06:24:53.577555
614,606,28,1,1,account_followup.manual_reminder.account.basic,t,t,t,t,f,2026-03-18 05:04:37.883567,2026-03-29 06:24:53.886516
615,606,30,1,1,account_followup.manual_reminder.account.manager,t,t,t,t,f,2026-03-18 05:04:37.883567,2026-03-29 06:24:53.886516
616,607,30,1,1,access_account_followup_missing_information,t,t,t,t,f,2026-03-18 05:04:37.883567,2026-03-29 06:24:53.886516
147,126,4,1,1,access.base.document.layout,t,t,t,t,f,2026-03-18 04:59:16.30462,2026-03-29 06:22:08.750872
148,127,1,1,1,res.users.settings.embedded.action,t,t,t,t,t,2026-03-18 04:59:16.30462,2026-03-29 06:22:08.750872
151,128,10,1,1,TOTP Device access portal,t,t,f,f,f,2026-03-18 04:59:18.001663,2026-03-29 06:22:13.751733
152,129,1,1,1,access_auth_totp_rate_limit_log,t,f,f,f,f,2026-03-18 04:59:18.001663,2026-03-29 06:22:13.751733
174,151,\N,1,1,onboarding.onboarding.all,t,f,f,f,f,2026-03-18 05:03:36.617167,2026-03-29 06:22:16.859966
175,151,1,1,1,onboarding.onboarding.user,t,f,f,f,f,2026-03-18 05:03:36.617167,2026-03-29 06:22:16.859966
176,151,4,1,1,onboarding.onboarding.manager,t,t,t,t,t,2026-03-18 05:03:36.617167,2026-03-29 06:22:16.859966
177,152,\N,1,1,onboarding.onboarding.step.all,t,f,f,f,f,2026-03-18 05:03:36.617167,2026-03-29 06:22:16.859966
178,152,1,1,1,onboarding.onboarding.step.user,t,f,f,f,f,2026-03-18 05:03:36.617167,2026-03-29 06:22:16.859966
179,152,4,1,1,onboarding.onboarding.step.manager,t,t,t,t,t,2026-03-18 05:03:36.617167,2026-03-29 06:22:16.859966
180,150,\N,1,1,onboarding.progress.all,t,f,f,f,f,2026-03-18 05:03:36.617167,2026-03-29 06:22:16.859966
181,150,1,1,1,onboarding.progress.user,t,f,f,f,f,2026-03-18 05:03:36.617167,2026-03-29 06:22:16.859966
182,150,4,1,1,onboarding.progress.manager,t,t,t,t,t,2026-03-18 05:03:36.617167,2026-03-29 06:22:16.859966
183,153,\N,1,1,onboarding.progress.step.all,t,f,f,f,f,2026-03-18 05:03:36.617167,2026-03-29 06:22:16.859966
184,153,1,1,1,onboarding.progress.step.user,t,f,f,f,f,2026-03-18 05:03:36.617167,2026-03-29 06:22:16.859966
185,153,4,1,1,onboarding.progress.step.manager,t,t,t,t,t,2026-03-18 05:03:36.617167,2026-03-29 06:22:16.859966
160,139,1,1,1,access_web_tour_tour_step_readonly,t,t,f,f,f,2026-03-18 04:59:22.971845,2026-03-29 06:22:21.600122
164,141,1,1,1,access_auth_passkey_key_create,t,t,t,t,t,2026-03-18 04:59:23.283863,2026-03-29 06:22:21.750099
211,187,4,1,1,mail.followers.system,t,t,t,t,t,2026-03-18 05:03:38.577538,2026-03-29 06:22:24.936134
212,181,10,1,1,mail.notification.portal,t,t,f,f,f,2026-03-18 05:03:38.577538,2026-03-29 06:22:24.936134
213,181,1,1,1,mail.notification.user,t,t,t,t,f,2026-03-18 05:03:38.577538,2026-03-29 06:22:24.936134
214,181,4,1,1, mail.notification.system,t,t,t,t,t,2026-03-18 05:03:38.577538,2026-03-29 06:22:24.936134
215,228,11,1,1,discuss.channel.public,t,t,f,f,f,2026-03-18 05:03:38.577538,2026-03-29 06:22:24.936134
216,228,10,1,1,discuss.channel.portal,t,t,f,f,f,2026-03-18 05:03:38.577538,2026-03-29 06:22:24.936134
217,228,1,1,1,discuss.channel.user,t,t,t,t,f,2026-03-18 05:03:38.577538,2026-03-29 06:22:24.936134
218,228,4,1,1,discuss.channel.system,t,t,t,t,t,2026-03-18 05:03:38.577538,2026-03-29 06:22:24.936134
219,226,11,1,1,discuss.channel.member.public,t,t,t,t,t,2026-03-18 05:03:38.577538,2026-03-29 06:22:24.936134
220,226,10,1,1,discuss.channel.member.portal,t,t,t,t,t,2026-03-18 05:03:38.577538,2026-03-29 06:22:24.936134
221,226,1,1,1,discuss.channel.member.user,t,t,t,t,t,2026-03-18 05:03:38.577538,2026-03-29 06:22:24.936134
222,227,4,1,1,discuss.channel.rtc.session.system,t,t,t,t,t,2026-03-18 05:03:38.577538,2026-03-29 06:22:24.936134
223,225,1,1,1,discuss.call.history.user,t,t,f,f,f,2026-03-18 05:03:38.577538,2026-03-29 06:22:24.936134
224,225,11,1,1,discuss.call.history.public,t,t,f,f,f,2026-03-18 05:03:38.577538,2026-03-29 06:22:24.936134
225,225,10,1,1,discuss.call.history.portal,t,t,f,f,f,2026-03-18 05:03:38.577538,2026-03-29 06:22:24.936134
227,222,2,1,1,res.role.admin,t,t,t,t,t,2026-03-18 05:03:38.577538,2026-03-29 06:22:24.936134
687,446,24,1,1,access.sms.template.sale.manager,t,t,t,t,t,2026-03-18 05:05:41.444506,2026-03-29 06:23:15.867781
688,649,24,1,1,access_crm_iap_lead_industry,t,t,t,t,t,2026-03-18 05:05:42.139823,2026-03-29 06:23:37.342674
689,650,24,1,1,access_crm_iap_lead_role,t,t,t,t,t,2026-03-18 05:05:42.139823,2026-03-29 06:23:37.342674
690,651,24,1,1,access_crm_iap_lead_seniority,t,t,t,t,t,2026-03-18 05:05:42.139823,2026-03-29 06:23:37.342674
691,652,24,1,1,access_crm_iap_lead_mining_request,t,t,t,t,t,2026-03-18 05:05:42.139823,2026-03-29 06:23:37.342674
692,648,\N,1,1,access_crm_iap_lead_helpers,t,f,f,f,f,2026-03-18 05:05:42.139823,2026-03-29 06:23:37.342674
693,653,22,1,1,access.crm.quotation.partner,t,t,t,t,f,2026-03-18 05:05:43.22904,2026-03-29 06:23:50.677922
700,659,30,1,1,access.account.import.summary,t,t,t,t,t,2026-03-18 05:30:15.383766,2026-03-29 06:25:02.59204
701,660,26,1,1,access.account.loan,t,t,f,f,f,2026-03-18 05:30:16.035455,2026-03-29 06:25:03.365038
702,660,30,1,1,access.account.loan,t,t,t,t,t,2026-03-18 05:30:16.035455,2026-03-29 06:25:03.365038
703,661,26,1,1,access.account.loan.line,t,t,f,f,f,2026-03-18 05:30:16.035455,2026-03-29 06:25:03.365038
704,661,30,1,1,access.account.loan.line,t,t,t,t,t,2026-03-18 05:30:16.035455,2026-03-29 06:25:03.365038
705,663,30,1,1,access.account.loan.close.wizard,t,t,t,t,t,2026-03-18 05:30:16.035455,2026-03-29 06:25:03.365038
651,631,4,1,1,access_calendar_contacts,t,t,t,t,t,2026-03-18 05:05:32.057443,2026-03-29 06:22:31.880088
652,627,1,1,1,access_calendar_recurrence,t,t,t,t,t,2026-03-18 05:05:32.057443,2026-03-29 06:22:31.880088
653,633,\N,1,1,calendar.provider.config.all,t,f,f,f,f,2026-03-18 05:05:32.057443,2026-03-29 06:22:31.880088
654,633,4,1,1,calendar.provider.config.manager,t,t,t,t,t,2026-03-18 05:05:32.057443,2026-03-29 06:22:31.880088
655,636,24,1,1,crm.lead.manager,t,t,t,t,t,2026-03-18 05:05:38.118228,2026-03-29 06:22:55.489688
656,636,22,1,1,crm.lead,t,t,t,t,f,2026-03-18 05:05:38.118228,2026-03-29 06:22:55.489688
660,89,24,1,1,res.partner.category.crm.manager,t,t,f,f,f,2026-03-18 05:05:38.118228,2026-03-29 06:22:55.489688
711,681,45,1,1,stock.warehouse.manager,t,t,t,t,t,2026-03-18 05:30:58.653183,2026-03-29 06:23:03.015949
712,681,1,1,1,stock.warehouse.user,t,t,f,f,f,2026-03-18 05:30:58.653183,2026-03-29 06:23:03.015949
713,669,9,1,1,stock.location.partner.manager,t,t,f,f,f,2026-03-18 05:30:58.653183,2026-03-29 06:23:03.015949
714,669,45,1,1,stock.location.manager,t,t,t,t,t,2026-03-18 05:30:58.653183,2026-03-29 06:23:03.015949
715,669,1,1,1,stock.location.all.user,t,t,f,f,f,2026-03-18 05:30:58.653183,2026-03-29 06:23:03.015949
716,677,44,1,1,stock.picking user,t,t,t,t,t,2026-03-18 05:30:58.653183,2026-03-29 06:23:03.015949
717,677,45,1,1,stock.picking manager,t,t,t,t,t,2026-03-18 05:30:58.653183,2026-03-29 06:23:03.015949
718,676,1,1,1,stock.picking.type all users,t,t,f,f,f,2026-03-18 05:30:58.653183,2026-03-29 06:23:03.015949
719,676,44,1,1,stock.picking.type user,t,t,f,f,f,2026-03-18 05:30:58.653183,2026-03-29 06:23:03.015949
707,665,1,1,1,barcode.nomenclature.user,t,t,f,f,f,2026-03-18 05:30:53.123601,2026-03-29 06:22:14.010401
708,665,2,1,1,barcode.nomenclature.manager,t,t,t,t,t,2026-03-18 05:30:53.123601,2026-03-29 06:22:14.010401
709,666,1,1,1,barcode.rule.user,t,t,f,f,f,2026-03-18 05:30:53.123601,2026-03-29 06:22:14.010401
710,666,2,1,1,barcode.rule.manager,t,t,t,t,t,2026-03-18 05:30:53.123601,2026-03-29 06:22:14.010401
228,166,1,1,1,mail.alias.user,t,t,f,f,f,2026-03-18 05:03:38.577538,2026-03-29 06:22:24.936134
229,166,4,1,1,mail.alias.system,t,t,t,t,t,2026-03-18 05:03:38.577538,2026-03-29 06:22:24.936134
230,167,1,1,1,mail.alias.domain.user,t,t,f,f,f,2026-03-18 05:03:38.577538,2026-03-29 06:22:24.936134
231,167,2,1,1,mail.alias.domain.system,t,t,t,t,t,2026-03-18 05:03:38.577538,2026-03-29 06:22:24.936134
232,188,4,1,1,mail.gateway.allowed.system,t,t,t,t,t,2026-03-18 05:03:38.577538,2026-03-29 06:22:24.936134
233,191,4,1,1,mail.message.reaction.system,t,t,t,t,t,2026-03-18 05:03:38.577538,2026-03-29 06:22:24.936134
234,193,11,1,1,mail.message.subtype.all,t,t,f,f,f,2026-03-18 05:03:38.577538,2026-03-29 06:22:24.936134
235,193,10,1,1,mail.message.subtype.all,t,t,f,f,f,2026-03-18 05:03:38.577538,2026-03-29 06:22:24.936134
236,193,1,1,1,mail.message.subtype.user,t,t,f,f,f,2026-03-18 05:03:38.577538,2026-03-29 06:22:24.936134
237,193,4,1,1,mail.message.subtype.system,t,t,t,t,t,2026-03-18 05:03:38.577538,2026-03-29 06:22:24.936134
238,197,4,1,1,mail.presence,t,t,t,t,t,2026-03-18 05:03:38.577538,2026-03-29 06:22:24.936134
239,201,4,1,1,mail.tracking.value.system,t,t,t,t,t,2026-03-18 05:03:38.577538,2026-03-29 06:22:24.936134
240,224,4,1,1,publisher.warranty.contract.all,t,t,t,t,t,2026-03-18 05:03:38.577538,2026-03-29 06:22:24.936134
241,202,1,1,1,mail.template,t,t,t,t,t,2026-03-18 05:03:38.577538,2026-03-29 06:22:24.936134
242,202,16,1,1,mail.template_editor,t,t,t,t,t,2026-03-18 05:03:38.577538,2026-03-29 06:22:24.936134
243,202,4,1,1,mail.template_system,t,t,t,t,t,2026-03-18 05:03:38.577538,2026-03-29 06:22:24.936134
657,635,1,1,1,crm.stage,t,t,f,f,f,2026-03-18 05:05:38.118228,2026-03-29 06:22:55.489688
658,635,24,1,1,crm.stage,t,t,t,t,t,2026-03-18 05:05:38.118228,2026-03-29 06:22:55.489688
659,90,24,1,1,res.partner.crm.manager,t,t,f,f,f,2026-03-18 05:05:38.118228,2026-03-29 06:22:55.489688
720,676,45,1,1,stock.picking.type manager,t,t,t,t,t,2026-03-18 05:30:58.653183,2026-03-29 06:23:03.015949
721,675,44,1,1,stock.lot user,t,t,t,t,t,2026-03-18 05:30:58.653183,2026-03-29 06:23:03.015949
722,671,45,1,1,stock.move manager,t,t,t,t,t,2026-03-18 05:30:58.653183,2026-03-29 06:23:03.015949
723,671,44,1,1,stock.move user,t,t,t,t,f,2026-03-18 05:30:58.653183,2026-03-29 06:23:03.015949
724,407,44,1,1,product_product_stock_user,t,t,f,f,f,2026-03-18 05:30:58.653183,2026-03-29 06:23:03.015949
725,406,44,1,1,product.template stock user,t,t,f,f,f,2026-03-18 05:30:58.653183,2026-03-29 06:23:03.015949
726,416,45,1,1,product.pricelist stock_manager,t,t,t,t,t,2026-03-18 05:30:58.653183,2026-03-29 06:23:03.015949
788,471,45,1,1,account.account stock manager,t,t,f,f,f,2026-03-18 05:31:08.152547,2026-03-29 06:23:25.61692
789,476,45,1,1,account.journal stock manager,t,t,f,f,f,2026-03-18 05:31:08.152547,2026-03-29 06:23:25.61692
790,718,45,1,1,product.value,t,t,t,t,t,2026-03-18 05:31:08.152547,2026-03-29 06:23:25.61692
791,677,26,1,1,stock.picking,t,t,f,f,f,2026-03-18 05:31:08.152547,2026-03-29 06:23:25.61692
792,677,27,1,1,stock.picking,t,t,t,t,f,2026-03-18 05:31:08.152547,2026-03-29 06:23:25.61692
793,671,26,1,1,stock.move,t,t,f,f,f,2026-03-18 05:31:08.152547,2026-03-29 06:23:25.61692
794,671,27,1,1,stock.move,t,t,t,t,f,2026-03-18 05:31:08.152547,2026-03-29 06:23:25.61692
795,719,26,1,1,stock.avco.report,t,t,f,f,f,2026-03-18 05:31:08.152547,2026-03-29 06:23:25.61692
796,719,45,1,1,stock.avco.report,t,t,f,f,f,2026-03-18 05:31:08.152547,2026-03-29 06:23:25.61692
798,722,45,1,1,access_stock_report,t,t,f,f,f,2026-03-18 05:31:12.999025,2026-03-29 06:23:28.92897
799,446,45,1,1,access.sms.template.stock.manager,t,t,t,t,t,2026-03-18 05:31:13.45306,2026-03-29 06:23:29.657374
800,723,44,1,1,access.confirm.stock.sms,t,t,t,t,f,2026-03-18 05:31:13.45306,2026-03-29 06:23:29.657374
801,677,22,1,1,stock_picking salesman,t,t,t,t,f,2026-03-18 05:31:14.39974,2026-03-29 06:23:53.034202
802,671,22,1,1,stock_move salesman,t,t,t,t,f,2026-03-18 05:31:14.39974,2026-03-29 06:23:53.034202
803,671,24,1,1,stock_move manager,t,t,t,t,t,2026-03-18 05:31:14.39974,2026-03-29 06:23:53.034202
804,594,44,1,1,sale.order stock worker,t,t,t,f,f,2026-03-18 05:31:14.39974,2026-03-29 06:23:53.034202
805,595,44,1,1,sale.order.line stock worker,t,t,t,f,f,2026-03-18 05:31:14.39974,2026-03-29 06:23:53.034202
806,677,24,1,1,stock.picking.sales,t,t,t,t,t,2026-03-18 05:31:14.39974,2026-03-29 06:23:53.034202
807,677,10,1,1,stock.picking,t,t,f,f,f,2026-03-18 05:31:14.39974,2026-03-29 06:23:53.034202
808,681,22,1,1,stock.warehouse.user,t,t,f,f,f,2026-03-18 05:31:14.39974,2026-03-29 06:23:53.034202
809,669,22,1,1,stock.location.user,t,t,f,f,f,2026-03-18 05:31:14.39974,2026-03-29 06:23:53.034202
810,674,22,1,1,stock.warehouse.orderpoint,t,t,f,f,f,2026-03-18 05:31:14.39974,2026-03-29 06:23:53.034202
811,488,45,1,1,account.partial.reconcile,t,t,t,t,t,2026-03-18 05:31:14.39974,2026-03-29 06:23:53.034202
812,476,45,1,1,account.journal,t,t,t,f,f,2026-03-18 05:31:14.39974,2026-03-29 06:23:53.034202
813,669,24,1,1,stock.location sale manager,t,t,f,f,f,2026-03-18 05:31:14.39974,2026-03-29 06:23:53.034202
814,673,24,1,1,stock_rule salemanager,t,t,t,t,t,2026-03-18 05:31:14.39974,2026-03-29 06:23:53.034202
797,721,44,1,1,access.stock_barcode.cancel.operation,t,t,t,t,f,2026-03-18 05:31:11.970932,2026-03-29 06:24:45.370333
817,726,58,1,1,purchase.order,t,t,t,t,t,2026-03-18 05:32:08.430974,2026-03-29 06:23:22.248742
818,726,59,1,1,purchase.order,t,t,t,t,t,2026-03-18 05:32:08.430974,2026-03-29 06:23:22.248742
819,726,26,1,1,purchase.order,t,t,f,f,f,2026-03-18 05:32:08.430974,2026-03-29 06:23:22.248742
820,726,27,1,1,purchase.order,t,t,t,f,f,2026-03-18 05:32:08.430974,2026-03-29 06:23:22.248742
821,726,10,1,1,purchase.order.portal,t,t,f,f,f,2026-03-18 05:32:08.430974,2026-03-29 06:23:22.248742
822,727,58,1,1,purchase.order.line user,t,t,t,t,t,2026-03-18 05:32:08.430974,2026-03-29 06:23:22.248742
823,727,59,1,1,purchase.order.line,t,t,t,t,t,2026-03-18 05:32:08.430974,2026-03-29 06:23:22.248742
824,727,26,1,1,purchase.order.line,t,t,f,f,f,2026-03-18 05:32:08.430974,2026-03-29 06:23:22.248742
825,727,27,1,1,purchase.order.line,t,t,t,f,f,2026-03-18 05:32:08.430974,2026-03-29 06:23:22.248742
826,725,58,1,1,purchase.bill.line.match user,t,t,f,f,f,2026-03-18 05:32:08.430974,2026-03-29 06:23:22.248742
827,725,26,1,1,purchase.bill.line.match readonly,t,t,f,f,f,2026-03-18 05:32:08.430974,2026-03-29 06:23:22.248742
854,669,58,1,1,stock.location,t,t,f,f,f,2026-03-18 05:32:16.179732,2026-03-29 06:23:39.50906
855,681,58,1,1,stock.warehouse,t,t,f,f,f,2026-03-18 05:32:16.179732,2026-03-29 06:23:39.50906
856,677,58,1,1,stock.picking,t,t,t,t,t,2026-03-18 05:32:16.179732,2026-03-29 06:23:39.50906
857,671,58,1,1,stock.move,t,t,t,t,f,2026-03-18 05:32:16.179732,2026-03-29 06:23:39.50906
858,669,59,1,1,stock.location,t,t,f,f,f,2026-03-18 05:32:16.179732,2026-03-29 06:23:39.50906
859,681,59,1,1,stock.warehouse,t,t,f,f,f,2026-03-18 05:32:16.179732,2026-03-29 06:23:39.50906
860,677,59,1,1,stock.picking,t,t,t,t,t,2026-03-18 05:32:16.179732,2026-03-29 06:23:39.50906
861,671,59,1,1,stock.move,t,t,t,t,t,2026-03-18 05:32:16.179732,2026-03-29 06:23:39.50906
862,674,59,1,1,stock.warehouse.orderpoint,t,t,f,f,f,2026-03-18 05:32:16.179732,2026-03-29 06:23:39.50906
828,725,27,1,1,purchase.bill.line.match invoice,t,t,t,f,f,2026-03-18 05:32:08.430974,2026-03-29 06:23:22.248742
829,730,58,1,1,bill.to.po.wizard user,t,t,t,t,f,2026-03-18 05:32:08.430974,2026-03-29 06:23:22.248742
830,727,10,1,1,purchase.order.line.portal,t,t,f,f,f,2026-03-18 05:32:08.430974,2026-03-29 06:23:22.248742
831,480,58,1,1,account.tax,t,t,f,f,f,2026-03-18 05:32:08.430974,2026-03-29 06:23:22.248742
832,470,58,1,1,account.account.tag,t,t,f,f,f,2026-03-18 05:32:08.430974,2026-03-29 06:23:22.248742
833,480,59,1,1,account.tax,t,t,f,f,f,2026-03-18 05:32:08.430974,2026-03-29 06:23:22.248742
834,407,58,1,1,product.product.purchase.user,t,t,f,f,f,2026-03-18 05:32:08.430974,2026-03-29 06:23:22.248742
835,406,58,1,1,product.template purchase_user,t,t,f,f,f,2026-03-18 05:32:08.430974,2026-03-29 06:23:22.248742
836,467,58,1,1,account.fiscal.position purchase,t,t,f,f,f,2026-03-18 05:32:08.430974,2026-03-29 06:23:22.248742
837,90,58,1,1,res.partner purchase,t,t,f,f,f,2026-03-18 05:32:08.430974,2026-03-29 06:23:22.248742
838,476,58,1,1,account.journal,t,t,f,f,f,2026-03-18 05:32:08.430974,2026-03-29 06:23:22.248742
839,476,59,1,1,account.journal,t,t,f,f,f,2026-03-18 05:32:08.430974,2026-03-29 06:23:22.248742
840,466,58,1,1,account.move,t,t,t,t,t,2026-03-18 05:32:08.430974,2026-03-29 06:23:22.248742
852,726,44,1,1,purchase.order,t,t,f,f,f,2026-03-18 05:32:16.179732,2026-03-29 06:23:39.50906
853,727,44,1,1,purchase.order.line,t,t,f,f,f,2026-03-18 05:32:16.179732,2026-03-29 06:23:39.50906
863,674,58,1,1,stock.warehouse.orderpoint,t,t,f,f,f,2026-03-18 05:32:16.179732,2026-03-29 06:23:39.50906
864,732,59,1,1,vendor.delay.report,t,t,f,f,f,2026-03-18 05:32:16.179732,2026-03-29 06:23:39.50906
865,732,58,1,1,vendor.delay.report user,t,t,f,f,f,2026-03-18 05:32:16.179732,2026-03-29 06:23:39.50906
815,673,22,1,1,stock.rule.flow,t,t,f,f,f,2026-03-18 05:31:14.39974,2026-03-29 06:23:53.034202
816,685,22,1,1,stock_package_type salesman,t,t,f,f,f,2026-03-18 05:31:14.39974,2026-03-29 06:23:53.034202
866,736,1,1,1,equipment.user,t,t,f,f,f,2026-03-18 05:32:49.623065,2026-03-29 06:22:33.53728
876,745,63,1,1,hr.employee.category.user,t,t,t,t,t,2026-03-18 05:33:40.052078,2026-03-29 06:22:57.508173
877,745,1,1,1,hr.employee.category.emp,t,t,f,f,f,2026-03-18 05:33:40.052078,2026-03-29 06:22:57.508173
878,743,63,1,1,hr.employee user,t,t,t,t,t,2026-03-18 05:33:40.052078,2026-03-29 06:22:57.508173
879,743,4,1,1,hr.employee system user,t,t,f,f,f,2026-03-18 05:33:40.052078,2026-03-29 06:22:57.508173
880,746,1,1,1,hr.employee_public,t,t,f,f,f,2026-03-18 05:33:40.052078,2026-03-29 06:22:57.508173
881,158,63,1,1,resource.resource.user,t,t,t,t,t,2026-03-18 05:33:40.052078,2026-03-29 06:22:57.508173
882,747,63,1,1,hr.department.user,t,t,t,t,t,2026-03-18 05:33:40.052078,2026-03-29 06:22:57.508173
883,747,1,1,1,hr.department.employee,t,t,f,f,f,2026-03-18 05:33:40.052078,2026-03-29 06:22:57.508173
884,740,63,1,1,hr.job user,t,t,t,t,t,2026-03-18 05:33:40.052078,2026-03-29 06:22:57.508173
885,740,1,1,1,hr.job.employee,t,t,f,f,f,2026-03-18 05:33:40.052078,2026-03-29 06:22:57.508173
960,789,\N,1,1,res_city_zip all users,t,t,f,f,f,2026-03-18 05:39:37.857847,2026-03-29 06:23:14.917797
961,789,9,1,1,res_city_zip group_user,t,t,t,t,t,2026-03-18 05:39:37.857847,2026-03-29 06:23:14.917797
973,805,27,1,1,cheque.setting,t,t,t,t,t,2026-03-18 05:54:54.72341,2026-03-29 06:23:16.4795
974,805,29,1,1,cheque.setting,t,t,t,t,t,2026-03-18 05:54:54.72341,2026-03-29 06:23:16.4795
975,805,30,1,1,cheque.setting,t,t,t,t,t,2026-03-18 05:54:54.72341,2026-03-29 06:23:16.4795
976,806,\N,1,1,dev.print.cheque.wizard,t,t,t,t,t,2026-03-18 05:54:54.72341,2026-03-29 06:23:16.4795
902,755,1,1,1,hr.expense.employee,t,t,t,t,t,2026-03-18 05:33:47.704597,2026-03-29 06:23:17.433729
903,755,65,1,1,hr.expense.user,t,t,t,t,t,2026-03-18 05:33:47.704597,2026-03-29 06:23:17.433729
904,755,67,1,1,hr.expense.manager,t,t,t,t,t,2026-03-18 05:33:47.704597,2026-03-29 06:23:17.433729
905,755,27,1,1,hr.expense.accountant,t,t,t,t,f,2026-03-18 05:33:47.704597,2026-03-29 06:23:17.433729
906,476,65,1,1,account.journal.user,t,t,f,f,f,2026-03-18 05:33:47.704597,2026-03-29 06:23:17.433729
907,466,65,1,1,account.move.hr.expense.approver,t,t,f,f,f,2026-03-18 05:33:47.704597,2026-03-29 06:23:17.433729
908,486,65,1,1,account.move.line.hr.expense.approver,t,t,f,f,f,2026-03-18 05:33:47.704597,2026-03-29 06:23:17.433729
916,761,63,1,1,hr.employee.location,t,t,t,t,t,2026-03-18 05:33:50.439619,2026-03-29 06:23:19.345182
917,761,1,1,1,hr.employee.location,t,t,t,t,t,2026-03-18 05:33:50.439619,2026-03-29 06:23:19.345182
918,762,63,1,1,hr.resume.line,t,t,t,t,t,2026-03-18 05:33:52.086694,2026-03-29 06:23:20.852916
919,762,1,1,1,hr.resume.line.employee,t,t,t,t,t,2026-03-18 05:33:52.086694,2026-03-29 06:23:20.852916
920,763,63,1,1,hr.resume.line.type,t,t,t,t,t,2026-03-18 05:33:52.086694,2026-03-29 06:23:20.852916
921,763,1,1,1,hr.resume.line.type.employee,t,t,f,f,f,2026-03-18 05:33:52.086694,2026-03-29 06:23:20.852916
922,769,63,1,1,hr.skill.type,t,t,t,t,t,2026-03-18 05:33:52.086694,2026-03-29 06:23:20.852916
923,769,1,1,1,hr.skill.type.employee,t,t,f,f,f,2026-03-18 05:33:52.086694,2026-03-29 06:23:20.852916
940,779,4,1,1,equity.transaction.admin,t,t,t,t,t,2026-03-18 05:35:00.54713,2026-03-29 06:22:47.202223
941,779,69,1,1,equity.transaction.manager,t,t,t,t,f,2026-03-18 05:35:00.54713,2026-03-29 06:22:47.202223
899,158,64,1,1,hr.employee.resource.manager,t,t,t,t,t,2026-03-18 05:33:40.052078,2026-03-29 06:22:57.508173
900,154,63,1,1,hr.employee.resource.calendar.user,t,t,t,t,t,2026-03-18 05:33:40.052078,2026-03-29 06:22:57.508173
901,155,63,1,1,hr.employee.resource.calendar.attendance.user,t,t,t,t,t,2026-03-18 05:33:40.052078,2026-03-29 06:22:57.508173
909,388,65,1,1,account.analytic.line.user,t,t,t,t,t,2026-03-18 05:33:47.704597,2026-03-29 06:23:17.433729
910,182,67,1,1,mail.activity.type.expense.user,t,t,t,t,t,2026-03-18 05:33:47.704597,2026-03-29 06:23:17.433729
911,756,65,1,1,access.hr.expense.refuse.wizard,t,t,t,t,f,2026-03-18 05:33:47.704597,2026-03-29 06:23:17.433729
924,768,63,1,1,hr.skill.level,t,t,t,t,t,2026-03-18 05:33:52.086694,2026-03-29 06:23:20.852916
925,768,1,1,1,hr.skill.level.employee,t,t,f,f,f,2026-03-18 05:33:52.086694,2026-03-29 06:23:20.852916
926,764,63,1,1,hr.skill,t,t,t,t,t,2026-03-18 05:33:52.086694,2026-03-29 06:23:20.852916
927,764,1,1,1,hr.skill.employee,t,t,f,t,f,2026-03-18 05:33:52.086694,2026-03-29 06:23:20.852916
928,766,63,1,1,hr.employee.skill,t,t,t,t,t,2026-03-18 05:33:52.086694,2026-03-29 06:23:20.852916
929,766,1,1,1,hr.employee.skill,t,t,t,t,t,2026-03-18 05:33:52.086694,2026-03-29 06:23:20.852916
930,773,63,1,1,hr.employee.skill.report,t,t,f,f,f,2026-03-18 05:33:52.086694,2026-03-29 06:23:20.852916
962,790,4,1,1,Full access on city.zip.geonames.import to Settings group,t,t,t,t,t,2026-03-18 05:39:38.743063,2026-03-29 06:23:36.576749
938,775,1,1,1,homework.location.wizard,t,t,t,t,t,2026-03-18 05:33:54.044392,2026-03-29 06:23:38.108779
977,807,1,1,1,access_purchase_advance_payment_bill,t,t,t,t,t,2026-03-18 06:09:00.819709,2026-03-29 06:23:44.74076
978,808,22,1,1,delivery.carrier,t,t,f,f,f,2026-03-18 12:25:34.329804,2026-03-29 06:23:48.203227
979,808,4,1,1,delivery.carrier,t,t,f,f,f,2026-03-18 12:25:34.329804,2026-03-29 06:23:48.203227
980,810,22,1,1,delivery.zip.prefix,t,t,f,f,f,2026-03-18 12:25:34.329804,2026-03-29 06:23:48.203227
981,809,22,1,1,delivery.price.rule,t,t,f,f,f,2026-03-18 12:25:34.329804,2026-03-29 06:23:48.203227
956,785,27,1,1,withholding.tax.cert.line,t,t,t,t,t,2026-03-18 05:37:55.299978,2026-03-29 06:25:04.099513
957,786,1,1,1,access_create_withholding_tax_cert,t,t,t,t,t,2026-03-18 05:37:55.299978,2026-03-29 06:25:04.099513
939,777,1,1,1,access_expense_sample_receipt,t,t,t,t,t,2026-03-18 05:33:54.503668,2026-03-29 06:24:55.349855
954,783,27,1,1,account.withholding.tax,t,t,t,t,t,2026-03-18 05:36:15.400097,2026-03-29 06:25:00.756975
955,784,27,1,1,withholding.tax.cert,t,t,t,t,t,2026-03-18 05:37:55.299978,2026-03-29 06:25:04.099513
971,802,1,1,1,access_withholding_tax_report_wizard,t,t,t,t,t,2026-03-18 05:40:15.764549,2026-03-29 06:25:05.010624
972,801,1,1,1,access_withholding_tax_report,t,t,t,t,t,2026-03-18 05:40:15.764549,2026-03-29 06:25:05.010624
963,792,1,1,1,date_range.date_range,t,t,f,f,f,2026-03-18 05:40:09.120152,2026-03-29 06:22:15.505993
964,791,1,1,1,date_range.date_range_type,t,t,f,f,f,2026-03-18 05:40:09.120152,2026-03-29 06:22:15.505993
965,792,4,1,1,date_range.date_range.config,t,t,t,t,t,2026-03-18 05:40:09.120152,2026-03-29 06:22:15.505993
966,791,4,1,1,date_range.date_range_type.config,t,t,t,t,t,2026-03-18 05:40:09.120152,2026-03-29 06:22:15.505993
967,794,4,1,1,access_date_range_generator,t,t,t,t,t,2026-03-18 05:40:09.120152,2026-03-29 06:22:15.505993
244,204,1,1,1,mail.canned.response,t,t,t,t,t,2026-03-18 05:03:38.577538,2026-03-29 06:22:24.936134
245,183,1,1,1,mail.activity.user,t,t,t,t,t,2026-03-18 05:03:38.577538,2026-03-29 06:22:24.936134
246,184,1,1,1,mail.activity.plan.user,t,t,f,f,f,2026-03-18 05:03:38.577538,2026-03-29 06:22:24.936134
247,184,4,1,1,mail.activity.plan.system,t,t,t,t,t,2026-03-18 05:03:38.577538,2026-03-29 06:22:24.936134
248,185,1,1,1,mail.activity.plan.template.user,t,t,f,f,f,2026-03-18 05:03:38.577538,2026-03-29 06:22:24.936134
249,185,4,1,1,mail.activity.plan.template.system,t,t,t,t,t,2026-03-18 05:03:38.577538,2026-03-29 06:22:24.936134
250,239,1,1,1,mail.activity.schedule.user,t,t,t,t,f,2026-03-18 05:03:38.577538,2026-03-29 06:22:24.936134
251,240,1,1,1,mail.activity.schedule.line.user,t,t,t,t,f,2026-03-18 05:03:38.577538,2026-03-29 06:22:24.936134
968,800,1,1,1,res.partner.title,t,t,t,t,t,2026-03-18 05:40:14.515322,2026-03-29 06:22:41.748082
969,799,1,1,1,res.partner.company.type user,t,t,f,f,f,2026-03-18 05:40:14.515322,2026-03-29 06:22:41.748082
948,781,4,1,1,equity.valuation.admin,t,t,t,t,t,2026-03-18 05:35:00.54713,2026-03-29 06:22:47.202223
931,770,1,1,1,hr.employee.certification.report,t,t,f,f,f,2026-03-18 05:33:52.086694,2026-03-29 06:23:20.852916
988,808,44,1,1,delivery.carrier stock_user,t,t,f,f,f,2026-03-18 12:25:36.358645,2026-03-29 06:24:02.878458
989,808,45,1,1,delivery.carrier stock_manager,t,t,t,t,t,2026-03-18 12:25:36.358645,2026-03-29 06:24:02.878458
990,812,44,1,1,access.choose.delivery.carrier stock_user,t,t,t,t,f,2026-03-18 12:25:36.358645,2026-03-29 06:24:02.878458
991,810,44,1,1,delivery.zip.prefix stock_manager,t,t,f,f,f,2026-03-18 12:25:36.358645,2026-03-29 06:24:02.878458
992,809,44,1,1,delivery.price.rule stock_manager,t,t,f,f,f,2026-03-18 12:25:36.358645,2026-03-29 06:24:02.878458
995,813,24,1,1,access.shopee.account,t,t,t,t,t,2026-03-18 12:25:37.400056,2026-03-29 06:24:06.099966
996,815,24,1,1,access.shopee.shop,t,t,t,t,t,2026-03-18 12:25:37.400056,2026-03-29 06:24:06.099966
997,814,24,1,1,access.shopee.item,t,t,t,t,t,2026-03-18 12:25:37.400056,2026-03-29 06:24:06.099966
694,654,26,1,1,account.asset,t,t,f,f,f,2026-03-18 05:30:08.496909,2026-03-29 06:24:57.051832
695,654,29,1,1,account.asset,t,t,t,t,t,2026-03-18 05:30:08.496909,2026-03-29 06:24:57.051832
696,654,27,1,1,account.asset,t,t,f,t,f,2026-03-18 05:30:08.496909,2026-03-29 06:24:57.051832
697,657,29,1,1,access.asset.modify,t,t,t,t,f,2026-03-18 05:30:08.496909,2026-03-29 06:24:57.051832
698,655,26,1,1,account.asset.group,t,t,f,f,f,2026-03-18 05:30:08.496909,2026-03-29 06:24:57.051832
699,655,30,1,1,account.asset.group,t,t,t,t,t,2026-03-18 05:30:08.496909,2026-03-29 06:24:57.051832
706,662,30,1,1,access.account.loan.compute.wizard,t,t,t,t,t,2026-03-18 05:30:16.035455,2026-03-29 06:25:03.365038
204,180,4,1,1,fetchmail.server,t,t,t,t,t,2026-03-18 05:03:38.577538,2026-03-29 06:22:24.936134
205,195,11,1,1,mail.message.all,t,t,f,f,f,2026-03-18 05:03:38.577538,2026-03-29 06:22:24.936134
206,195,10,1,1,mail.message.portal,t,t,t,t,t,2026-03-18 05:03:38.577538,2026-03-29 06:22:24.936134
207,195,1,1,1,mail.message.user,t,t,t,t,t,2026-03-18 05:03:38.577538,2026-03-29 06:22:24.936134
208,192,4,1,1,mail.message.scheduled.system,t,t,t,t,t,2026-03-18 05:03:38.577538,2026-03-29 06:22:24.936134
209,196,4,1,1,mail.mail.system,t,t,t,t,t,2026-03-18 05:03:38.577538,2026-03-29 06:22:24.936134
210,187,1,1,1,mail.followers.user,t,t,f,f,f,2026-03-18 05:03:38.577538,2026-03-29 06:22:24.936134
226,222,1,1,1,res.role.user,t,t,f,f,f,2026-03-18 05:03:38.577538,2026-03-29 06:22:24.936134
267,229,1,1,1,discuss.gif.favorite,t,t,t,t,t,2026-03-18 05:03:38.577538,2026-03-29 06:22:24.936134
628,620,1,1,1,access_ai_agent_user,t,t,f,f,f,2026-03-18 05:04:43.422975,2026-03-29 06:22:28.742976
629,622,1,1,1,access_ai_embedding_user,t,t,f,f,f,2026-03-18 05:04:43.422975,2026-03-29 06:22:28.742976
630,619,1,1,1,access_ai_topic_user,t,t,f,f,f,2026-03-18 05:04:43.422975,2026-03-29 06:22:28.742976
631,620,4,1,1,access_ai_agent_system,t,t,t,t,t,2026-03-18 05:04:43.422975,2026-03-29 06:22:28.742976
632,622,4,1,1,access_ai_embedding_system,t,t,t,t,t,2026-03-18 05:04:43.422975,2026-03-29 06:22:28.742976
633,619,4,1,1,access_ai_topic_system,t,t,t,t,t,2026-03-18 05:04:43.422975,2026-03-29 06:22:28.742976
634,624,1,1,1,ai.composer,t,t,f,f,f,2026-03-18 05:04:43.422975,2026-03-29 06:22:28.742976
635,624,4,1,1,ai.composer,t,t,t,t,t,2026-03-18 05:04:43.422975,2026-03-29 06:22:28.742976
867,736,62,1,1,equipment.admin.user,t,t,t,t,t,2026-03-18 05:32:49.623065,2026-03-29 06:22:33.53728
868,737,1,1,1,equipment.request system user,t,t,t,t,t,2026-03-18 05:32:49.623065,2026-03-29 06:22:33.53728
869,734,1,1,1,equipment.category.user,t,t,f,f,f,2026-03-18 05:32:49.623065,2026-03-29 06:22:33.53728
870,734,62,1,1,equipment.category system user,t,t,t,t,t,2026-03-18 05:32:49.623065,2026-03-29 06:22:33.53728
871,733,1,1,1,maintenance.stage.user,t,t,f,f,f,2026-03-18 05:32:49.623065,2026-03-29 06:22:33.53728
872,733,62,1,1,equipment.request.stage system user,t,t,t,t,t,2026-03-18 05:32:49.623065,2026-03-29 06:22:33.53728
873,738,1,1,1,maintenance.team.user,t,t,f,f,f,2026-03-18 05:32:49.623065,2026-03-29 06:22:33.53728
874,738,62,1,1,maintenance.team.admin.user,t,t,t,t,t,2026-03-18 05:32:49.623065,2026-03-29 06:22:33.53728
875,182,62,1,1,mail.activity.type.equipment.manager,t,t,t,t,t,2026-03-18 05:32:49.623065,2026-03-29 06:22:33.53728
312,408,21,1,1,product.attribute manager,t,t,t,t,t,2026-03-18 05:03:51.572879,2026-03-29 06:22:36.495786
313,410,21,1,1,product.attribute value manager,t,t,t,t,t,2026-03-18 05:03:51.572879,2026-03-29 06:22:36.495786
314,409,21,1,1,product.attribute.custom value manager,t,t,t,t,t,2026-03-18 05:03:51.572879,2026-03-29 06:22:36.495786
315,422,21,1,1,product.template.attribute value manager,t,t,t,t,t,2026-03-18 05:03:51.572879,2026-03-29 06:22:36.495786
316,421,21,1,1,product.template.attribute exclusion manager,t,t,t,t,t,2026-03-18 05:03:51.572879,2026-03-29 06:22:36.495786
317,420,21,1,1,product.template.attribute line manager,t,t,t,t,t,2026-03-18 05:03:51.572879,2026-03-29 06:22:36.495786
318,430,1,1,1,product.label.layout.user,t,t,t,t,t,2026-03-18 05:03:51.572879,2026-03-29 06:22:36.495786
319,419,21,1,1,product.tag.manager,t,t,t,t,t,2026-03-18 05:03:51.572879,2026-03-29 06:22:36.495786
320,413,21,1,1,product.combo.manager,t,t,t,t,t,2026-03-18 05:03:51.572879,2026-03-29 06:22:36.495786
321,414,21,1,1,product.combo.item.manager,t,t,t,t,t,2026-03-18 05:03:51.572879,2026-03-29 06:22:36.495786
330,433,24,1,1,crm.team.manager,t,t,t,t,t,2026-03-18 05:03:54.972867,2026-03-29 06:22:38.196183
331,432,\N,1,1,access.crm.team.member.all,t,f,f,f,f,2026-03-18 05:03:54.972867,2026-03-29 06:22:38.196183
332,432,1,1,1,access.crm.team.member.user,t,t,f,f,f,2026-03-18 05:03:54.972867,2026-03-29 06:22:38.196183
333,432,24,1,1,access.crm.team.member.manager,t,t,t,t,t,2026-03-18 05:03:54.972867,2026-03-29 06:22:38.196183
334,434,1,1,1,crm_tag,t,f,f,f,f,2026-03-18 05:03:54.972867,2026-03-29 06:22:38.196183
335,434,22,1,1,crm_tag salesman,t,t,t,t,f,2026-03-18 05:03:54.972867,2026-03-29 06:22:38.196183
336,434,24,1,1,crm_tag manager,t,t,t,t,t,2026-03-18 05:03:54.972867,2026-03-29 06:22:38.196183
958,788,9,1,1,res_city group_user,t,t,t,t,t,2026-03-18 05:39:32.582212,2026-03-29 06:22:40.526686
959,788,1,1,1,res_city group_user_all,t,t,f,f,f,2026-03-18 05:39:32.582212,2026-03-29 06:22:40.526686
970,799,9,1,1,res.partner.company.type manager,t,t,t,t,t,2026-03-18 05:40:14.515322,2026-03-29 06:22:41.748082
347,447,4,1,1,access.sms.tracker.system,t,t,t,t,t,2026-03-18 05:03:57.809706,2026-03-29 06:22:43.268792
349,452,1,1,1,access.sms.template.preview,t,t,t,t,f,2026-03-18 05:03:57.809706,2026-03-29 06:22:43.268792
350,453,16,1,1,access.sms.template.reset,t,t,t,t,t,2026-03-18 05:03:57.809706,2026-03-29 06:22:43.268792
351,449,4,1,1,access.sms.account.phone.system,t,t,t,t,t,2026-03-18 05:03:57.809706,2026-03-29 06:22:43.268792
352,448,4,1,1,access.sms.account.code.system,t,t,t,t,t,2026-03-18 05:03:57.809706,2026-03-29 06:22:43.268792
353,450,4,1,1,access.sms.account.sender.system,t,t,t,t,t,2026-03-18 05:03:57.809706,2026-03-29 06:22:43.268792
942,779,68,1,1,equity.transaction.viewer,t,t,f,f,f,2026-03-18 05:35:00.54713,2026-03-29 06:22:47.202223
943,779,10,1,1,equity.transaction.portal,t,t,f,f,f,2026-03-18 05:35:00.54713,2026-03-29 06:22:47.202223
944,779,1,1,1,equity.transaction.internal,t,t,f,f,f,2026-03-18 05:35:00.54713,2026-03-29 06:22:47.202223
945,778,4,1,1,equity.security.class.admin,t,t,t,t,t,2026-03-18 05:35:00.54713,2026-03-29 06:22:47.202223
946,778,69,1,1,equity.security.class.manager,t,t,t,t,f,2026-03-18 05:35:00.54713,2026-03-29 06:22:47.202223
947,778,68,1,1,equity.security.class.viewer,t,t,f,f,f,2026-03-18 05:35:00.54713,2026-03-29 06:22:47.202223
949,781,69,1,1,equity.valuation.manager,t,t,t,t,f,2026-03-18 05:35:00.54713,2026-03-29 06:22:47.202223
950,781,68,1,1,equity.valuation.viewer,t,t,f,f,f,2026-03-18 05:35:00.54713,2026-03-29 06:22:47.202223
951,780,69,1,1,equity.ubo.manager,t,t,t,t,t,2026-03-18 05:35:00.54713,2026-03-29 06:22:47.202223
952,780,68,1,1,equity.ubo.viewer,t,t,f,f,f,2026-03-18 05:35:00.54713,2026-03-29 06:22:47.202223
953,782,68,1,1,equity.cap.table.viewer,t,t,f,f,f,2026-03-18 05:35:00.54713,2026-03-29 06:22:47.202223
384,478,1,1,1,account.lock_exception,t,t,f,f,f,2026-03-18 05:04:07.882243,2026-03-29 06:22:49.558331
385,478,30,1,1,account.lock_exception manager,t,t,f,t,f,2026-03-18 05:04:07.882243,2026-03-29 06:22:49.558331
386,467,30,1,1,account.fiscal.position account.manager,t,t,t,t,t,2026-03-18 05:04:07.882243,2026-03-29 06:22:49.558331
387,468,30,1,1,account.fiscal.position account.manager,t,t,t,t,t,2026-03-18 05:04:07.882243,2026-03-29 06:22:49.558331
388,467,1,1,1,account.fiscal.position all,t,t,f,f,f,2026-03-18 05:04:07.882243,2026-03-29 06:22:49.558331
389,468,1,1,1,account.fiscal.position all,t,t,f,f,f,2026-03-18 05:04:07.882243,2026-03-29 06:22:49.558331
390,407,26,1,1,product.product.account.user,t,t,f,f,f,2026-03-18 05:04:07.882243,2026-03-29 06:22:49.558331
391,493,26,1,1,account.bank.statement.group.invoice,t,t,f,f,f,2026-03-18 05:04:07.882243,2026-03-29 06:22:49.558331
392,493,27,1,1,account.bank.statement.group.invoice,t,t,f,f,f,2026-03-18 05:04:07.882243,2026-03-29 06:22:49.558331
252,182,1,1,1,mail.activity.type.user,t,t,f,f,f,2026-03-18 05:03:38.577538,2026-03-29 06:22:24.936134
253,182,4,1,1,mail.activity.type.system,t,t,t,t,t,2026-03-18 05:03:38.577538,2026-03-29 06:22:24.936134
254,186,4,1,1,access_mail_blacklist_system,t,t,t,t,t,2026-03-18 05:03:38.577538,2026-03-29 06:22:24.936134
255,243,1,1,1,access.mail.followers.edit,t,t,t,t,f,2026-03-18 05:03:38.577538,2026-03-29 06:22:24.936134
256,238,1,1,1,access.mail.compose.message,t,t,t,t,f,2026-03-18 05:03:38.577538,2026-03-29 06:22:24.936134
257,241,1,1,1,access.mail.template.preview,t,t,t,t,f,2026-03-18 05:03:38.577538,2026-03-29 06:22:24.936134
258,237,4,1,1,acesss.mail.blacklist.remove.system,t,t,t,t,t,2026-03-18 05:03:38.577538,2026-03-29 06:22:24.936134
259,231,1,1,1,mail.guest,t,t,f,f,f,2026-03-18 05:03:38.577538,2026-03-29 06:22:24.936134
260,231,4,1,1,mail.guest,t,t,t,t,t,2026-03-18 05:03:38.577538,2026-03-29 06:22:24.936134
261,203,4,1,1,mail.ice.server.system,t,t,t,t,t,2026-03-18 05:03:38.577538,2026-03-29 06:22:24.936134
262,206,1,1,1,res.users.settings.volumes,t,t,t,t,t,2026-03-18 05:03:38.577538,2026-03-29 06:22:24.936134
263,242,16,1,1,access.mail.template.reset,t,t,t,t,t,2026-03-18 05:03:38.577538,2026-03-29 06:22:24.936134
264,29,1,1,1,ir.actions.report.access.user,t,t,f,f,f,2026-03-18 05:03:38.577538,2026-03-29 06:22:24.936134
265,189,2,1,1,mail.link.preview.admin,t,t,t,t,t,2026-03-18 05:03:38.577538,2026-03-29 06:22:24.936134
266,190,2,1,1,mail.link.preview.erp_manager,t,t,t,t,t,2026-03-18 05:03:38.577538,2026-03-29 06:22:24.936134
268,230,4,1,1,discuss.voice.metadata.user,t,t,t,t,t,2026-03-18 05:03:38.577538,2026-03-29 06:22:24.936134
269,198,4,1,1,access.mail.push.system,t,t,t,t,t,2026-03-18 05:03:38.577538,2026-03-29 06:22:24.936134
270,199,4,1,1,access.mail.push.device.system,t,t,t,t,t,2026-03-18 05:03:38.577538,2026-03-29 06:22:24.936134
482,498,28,1,1,account.report.basic,t,t,f,f,f,2026-03-18 05:04:07.882243,2026-03-29 06:22:49.558331
661,90,22,1,1,res.partner.crm.user,t,t,t,t,f,2026-03-18 05:05:38.118228,2026-03-29 06:22:55.489688
662,89,22,1,1,res.partner.category.crm.user,t,t,t,t,f,2026-03-18 05:05:38.118228,2026-03-29 06:22:55.489688
663,637,24,1,1,crm.lost.reason.manager,t,t,t,t,t,2026-03-18 05:05:38.118228,2026-03-29 06:22:55.489688
664,637,22,1,1,crm.lost.reason.salesman,t,t,f,f,f,2026-03-18 05:05:38.118228,2026-03-29 06:22:55.489688
665,637,1,1,1,crm.lost.reason.user,t,t,f,f,f,2026-03-18 05:05:38.118228,2026-03-29 06:22:55.489688
666,642,1,1,1,crm.activity.report.user,t,f,f,f,f,2026-03-18 05:05:38.118228,2026-03-29 06:22:55.489688
667,642,22,1,1,crm.activity.report.salesman,t,t,f,f,f,2026-03-18 05:05:38.118228,2026-03-29 06:22:55.489688
668,628,24,1,1,calendar.event.manager,t,t,t,t,t,2026-03-18 05:05:38.118228,2026-03-29 06:22:55.489688
669,628,22,1,1,calendar.event,t,t,t,t,f,2026-03-18 05:05:38.118228,2026-03-29 06:22:55.489688
670,632,24,1,1,calendar.event.type.manager,t,t,t,t,f,2026-03-18 05:05:38.118228,2026-03-29 06:22:55.489688
671,632,1,1,1,calendar.event.type.user,t,t,f,f,f,2026-03-18 05:05:38.118228,2026-03-29 06:22:55.489688
672,632,22,1,1,calendar.event.type.salesman,t,t,f,f,f,2026-03-18 05:05:38.118228,2026-03-29 06:22:55.489688
673,182,24,1,1,mail.activity.type.sale.manager,t,t,t,t,t,2026-03-18 05:05:38.118228,2026-03-29 06:22:55.489688
674,639,22,1,1,access_crm_lead_scoring_frequency,t,t,f,f,f,2026-03-18 05:05:38.118228,2026-03-29 06:22:55.489688
675,639,4,1,1,access_crm_lead_scoring_frequency_system,t,t,f,f,f,2026-03-18 05:05:38.118228,2026-03-29 06:22:55.489688
676,640,22,1,1,access_crm_lead_scoring_frequency_field,t,t,f,f,f,2026-03-18 05:05:38.118228,2026-03-29 06:22:55.489688
677,640,4,1,1,access_crm_lead_scoring_frequency_field_system,t,t,f,f,f,2026-03-18 05:05:38.118228,2026-03-29 06:22:55.489688
678,643,22,1,1,access.crm.lead.lost,t,t,t,t,f,2026-03-18 05:05:38.118228,2026-03-29 06:22:55.489688
679,644,22,1,1,access.crm.lead2opportunity.partner,t,t,t,t,f,2026-03-18 05:05:38.118228,2026-03-29 06:22:55.489688
680,645,22,1,1,access.crm.lead2opportunity.partner.mass,t,t,t,t,f,2026-03-18 05:05:38.118228,2026-03-29 06:22:55.489688
681,646,22,1,1,access.crm.merge.opportunity,t,t,t,t,f,2026-03-18 05:05:38.118228,2026-03-29 06:22:55.489688
886,750,63,1,1,access.hr.departure.wizard,t,t,t,t,f,2026-03-18 05:33:40.052078,2026-03-29 06:22:57.508173
887,753,63,1,1,access.hr.bank.account.allocation.wizard,t,t,t,t,f,2026-03-18 05:33:40.052078,2026-03-29 06:22:57.508173
888,752,63,1,1,access.hr.bank.account.allocation.wizard.line,t,t,t,t,t,2026-03-18 05:33:40.052078,2026-03-29 06:22:57.508173
889,751,63,1,1,access.hr.version.wizard,t,t,t,t,f,2026-03-18 05:33:40.052078,2026-03-29 06:22:57.508173
890,749,1,1,1,access_hr_work_location_user,t,t,f,f,f,2026-03-18 05:33:40.052078,2026-03-29 06:22:57.508173
891,749,64,1,1,access_hr_work_location_manager,t,t,t,t,t,2026-03-18 05:33:40.052078,2026-03-29 06:22:57.508173
892,748,63,1,1,access_hr_departure_reason_user,t,t,t,t,t,2026-03-18 05:33:40.052078,2026-03-29 06:22:57.508173
893,742,63,1,1,hr.contract.type.manager,t,t,t,t,t,2026-03-18 05:33:40.052078,2026-03-29 06:22:57.508173
894,741,64,1,1,hr.version.manager,t,t,t,t,t,2026-03-18 05:33:40.052078,2026-03-29 06:22:57.508173
895,741,63,1,1,hr.version.user,t,t,t,t,t,2026-03-18 05:33:40.052078,2026-03-29 06:22:57.508173
896,184,64,1,1,mail.activity.plan.hr.manager,t,t,t,t,t,2026-03-18 05:33:40.052078,2026-03-29 06:22:57.508173
897,185,64,1,1,mail.activity.plan.template.hr.manager,t,t,t,t,t,2026-03-18 05:33:40.052078,2026-03-29 06:22:57.508173
898,739,64,1,1,hr.payroll.structure.type.contract.manager,t,t,t,t,t,2026-03-18 05:33:40.052078,2026-03-29 06:22:57.508173
431,471,27,1,1,account.account invoice,t,t,f,f,f,2026-03-18 05:04:07.882243,2026-03-29 06:22:49.558331
432,480,1,1,1,account.tax internal user,t,t,f,f,f,2026-03-18 05:04:07.882243,2026-03-29 06:22:49.558331
433,480,26,1,1,account.tax,t,t,f,f,f,2026-03-18 05:04:07.882243,2026-03-29 06:22:49.558331
434,480,27,1,1,account.tax,t,t,f,f,f,2026-03-18 05:04:07.882243,2026-03-29 06:22:49.558331
435,480,30,1,1,account.tax,t,t,t,t,t,2026-03-18 05:04:07.882243,2026-03-29 06:22:49.558331
436,470,1,1,1,account.account.tag internal user,t,t,f,f,f,2026-03-18 05:04:07.882243,2026-03-29 06:22:49.558331
437,470,29,1,1,account.account.tag,t,t,t,t,t,2026-03-18 05:04:07.882243,2026-03-29 06:22:49.558331
438,470,26,1,1,account.account.tag,t,t,f,f,f,2026-03-18 05:04:07.882243,2026-03-29 06:22:49.558331
439,470,27,1,1,account.account.tag,t,t,f,f,f,2026-03-18 05:04:07.882243,2026-03-29 06:22:49.558331
440,481,1,1,1,account.tax repartition.line.user,t,t,f,f,f,2026-03-18 05:04:07.882243,2026-03-29 06:22:49.558331
441,481,26,1,1,account.tax repartition.line.invoice,t,t,f,f,f,2026-03-18 05:04:07.882243,2026-03-29 06:22:49.558331
442,481,27,1,1,account.tax repartition.line.invoice,t,t,f,f,f,2026-03-18 05:04:07.882243,2026-03-29 06:22:49.558331
443,481,30,1,1,account.tax repartition.line.manager,t,t,t,t,t,2026-03-18 05:04:07.882243,2026-03-29 06:22:49.558331
444,479,1,1,1,account.tax.group internal user,t,t,f,f,f,2026-03-18 05:04:07.882243,2026-03-29 06:22:49.558331
445,479,26,1,1,account.tax.group,t,t,f,f,f,2026-03-18 05:04:07.882243,2026-03-29 06:22:49.558331
446,479,27,1,1,account.tax.group,t,t,f,f,f,2026-03-18 05:04:07.882243,2026-03-29 06:22:49.558331
447,479,30,1,1,account.tax.group,t,t,t,t,t,2026-03-18 05:04:07.882243,2026-03-29 06:22:49.558331
448,483,26,1,1,account.reconcile.model.readonly,t,t,f,f,f,2026-03-18 05:04:07.882243,2026-03-29 06:22:49.558331
449,483,27,1,1,account.reconcile.model.billing,t,t,f,t,f,2026-03-18 05:04:07.882243,2026-03-29 06:22:49.558331
450,483,28,1,1,account.reconcile.model,t,t,t,t,t,2026-03-18 05:04:07.882243,2026-03-29 06:22:49.558331
451,482,26,1,1,account.reconcile.model.line.readonly,t,t,f,f,f,2026-03-18 05:04:07.882243,2026-03-29 06:22:49.558331
452,482,27,1,1,account.reconcile.model.line.billing,t,t,f,t,f,2026-03-18 05:04:07.882243,2026-03-29 06:22:49.558331
453,482,28,1,1,account.reconcile.model.line,t,t,t,t,t,2026-03-18 05:04:07.882243,2026-03-29 06:22:49.558331
454,488,26,1,1,account.partial.reconcile.readonly,t,t,f,f,f,2026-03-18 05:04:07.882243,2026-03-29 06:22:49.558331
455,488,27,1,1,account.partial.reconcile.group.invoice,t,t,t,t,t,2026-03-18 05:04:07.882243,2026-03-29 06:22:49.558331
456,488,29,1,1,account.partial.reconcile,t,t,t,t,t,2026-03-18 05:04:07.882243,2026-03-29 06:22:49.558331
457,489,26,1,1,account.full.reconcile.group.invoice,t,t,f,f,f,2026-03-18 05:04:07.882243,2026-03-29 06:22:49.558331
458,489,27,1,1,account.full.reconcile.group.invoice,t,t,t,t,t,2026-03-18 05:04:07.882243,2026-03-29 06:22:49.558331
459,489,29,1,1,account.full.reconcile,t,t,t,t,t,2026-03-18 05:04:07.882243,2026-03-29 06:22:49.558331
460,484,1,1,1,account.payment.term partner manager,t,t,f,f,f,2026-03-18 05:04:07.882243,2026-03-29 06:22:49.558331
461,484,10,1,1,account.payment.term,t,t,f,f,f,2026-03-18 05:04:07.882243,2026-03-29 06:22:49.558331
462,484,30,1,1,account.payment.term,t,t,t,t,t,2026-03-18 05:04:07.882243,2026-03-29 06:22:49.558331
463,485,1,1,1,account.payment.term.line partner manager,t,t,f,f,f,2026-03-18 05:04:07.882243,2026-03-29 06:22:49.558331
464,485,30,1,1,account.payment.term.line,t,t,t,t,t,2026-03-18 05:04:07.882243,2026-03-29 06:22:49.558331
465,492,1,1,1,account.payment.method.line,t,t,f,f,f,2026-03-18 05:04:07.882243,2026-03-29 06:22:49.558331
466,492,27,1,1,account.payment.method.line,t,t,t,t,t,2026-03-18 05:04:07.882243,2026-03-29 06:22:49.558331
467,491,1,1,1,account.payment.method,t,t,f,f,f,2026-03-18 05:04:07.882243,2026-03-29 06:22:49.558331
468,491,27,1,1,account.payment.method,t,t,t,f,t,2026-03-18 05:04:07.882243,2026-03-29 06:22:49.558331
469,490,26,1,1,account.payment,t,t,f,f,f,2026-03-18 05:04:07.882243,2026-03-29 06:22:49.558331
470,490,27,1,1,account.payment,t,t,t,t,t,2026-03-18 05:04:07.882243,2026-03-29 06:22:49.558331
471,513,27,1,1,access.account.payment.register,t,t,t,t,f,2026-03-18 05:04:07.882243,2026-03-29 06:22:49.558331
472,503,29,1,1,access.account.automatic.entry.wizard,t,t,t,t,f,2026-03-18 05:04:07.882243,2026-03-29 06:22:49.558331
473,504,27,1,1,access.account.autopost.bills.wizard,t,t,t,t,f,2026-03-18 05:04:07.882243,2026-03-29 06:22:49.558331
474,507,30,1,1,access.account.resequence.wizard,t,t,t,t,f,2026-03-18 05:04:07.882243,2026-03-29 06:22:49.558331
475,505,27,1,1,access.validate.account.move,t,t,t,t,f,2026-03-18 05:04:07.882243,2026-03-29 06:22:49.558331
476,506,27,1,1,access.account.move.reversal,t,t,t,t,f,2026-03-18 05:04:07.882243,2026-03-29 06:22:49.558331
477,509,30,1,1,access.account.financial.year.op,t,t,t,t,f,2026-03-18 05:04:07.882243,2026-03-29 06:22:49.558331
478,510,30,1,1,access.account.setup.bank.manual.config,t,t,t,t,f,2026-03-18 05:04:07.882243,2026-03-29 06:22:49.558331
479,511,27,1,1,access.account.move.send.wizard,t,t,t,t,t,2026-03-18 05:04:07.882243,2026-03-29 06:22:49.558331
480,512,27,1,1,access.account.move.send.batch.wizard,t,t,t,t,t,2026-03-18 05:04:07.882243,2026-03-29 06:22:49.558331
481,514,29,1,1,account.account.accrued.orders.wizard,t,t,t,t,f,2026-03-18 05:04:07.882243,2026-03-29 06:22:49.558331
483,498,26,1,1,account.report.readonly,t,t,f,f,f,2026-03-18 05:04:07.882243,2026-03-29 06:22:49.558331
484,498,30,1,1,account.report.ac.user,t,t,t,t,t,2026-03-18 05:04:07.882243,2026-03-29 06:22:49.558331
485,499,28,1,1,account.report.line.basic,t,t,f,f,f,2026-03-18 05:04:07.882243,2026-03-29 06:22:49.558331
486,499,26,1,1,account.report.line.readonly,t,t,f,f,f,2026-03-18 05:04:07.882243,2026-03-29 06:22:49.558331
487,499,30,1,1,account.report.line.ac.user,t,t,t,t,t,2026-03-18 05:04:07.882243,2026-03-29 06:22:49.558331
488,500,28,1,1,account.report.expression.basic,t,t,f,f,f,2026-03-18 05:04:07.882243,2026-03-29 06:22:49.558331
489,500,26,1,1,account.report.expression.readonly,t,t,f,f,f,2026-03-18 05:04:07.882243,2026-03-29 06:22:49.558331
490,500,30,1,1,account.report.expression.ac.user,t,t,t,t,t,2026-03-18 05:04:07.882243,2026-03-29 06:22:49.558331
491,501,28,1,1,account.report.column.basic,t,t,f,f,f,2026-03-18 05:04:07.882243,2026-03-29 06:22:49.558331
492,501,26,1,1,account.report.column.readonly,t,t,f,f,f,2026-03-18 05:04:07.882243,2026-03-29 06:22:49.558331
493,501,30,1,1,account.report.column.ac.user,t,t,t,t,t,2026-03-18 05:04:07.882243,2026-03-29 06:22:49.558331
494,502,26,1,1,account.report.external.value.readonly,t,t,f,f,f,2026-03-18 05:04:07.882243,2026-03-29 06:22:49.558331
495,502,30,1,1,account.report.external.value.ac.user,t,t,t,t,t,2026-03-18 05:04:07.882243,2026-03-29 06:22:49.558331
496,515,30,1,1,account.merge.wizard,t,t,t,t,t,2026-03-18 05:04:07.882243,2026-03-29 06:22:49.558331
497,516,30,1,1,account.merge.wizard.line,t,t,t,t,t,2026-03-18 05:04:07.882243,2026-03-29 06:22:49.558331
682,641,24,1,1,crm.recurring.plan.access.manager,t,t,t,t,t,2026-03-18 05:05:38.118228,2026-03-29 06:22:55.489688
683,641,22,1,1,crm.recurring.plan.access.salesman,t,t,f,f,f,2026-03-18 05:05:38.118228,2026-03-29 06:22:55.489688
684,647,2,1,1,crm.lead.pls.update.access.system,t,t,t,t,t,2026-03-18 05:05:38.118228,2026-03-29 06:22:55.489688
685,184,24,1,1,mail.activity.plan.sale.manager,t,t,t,t,t,2026-03-18 05:05:38.118228,2026-03-29 06:22:55.489688
686,185,24,1,1,mail.activity.plan.template.sale.manager,t,t,t,t,t,2026-03-18 05:05:38.118228,2026-03-29 06:22:55.489688
501,522,35,1,1,spreadsheet_dashboard,t,t,t,t,t,2026-03-18 05:04:17.892116,2026-03-29 06:23:02.264041
727,90,45,1,1,res_partner group_stock_manager,t,t,t,t,f,2026-03-18 05:30:58.653183,2026-03-29 06:23:03.015949
728,674,44,1,1,stock.warehouse.orderpoint,t,t,f,f,f,2026-03-18 05:30:58.653183,2026-03-29 06:23:03.015949
729,674,45,1,1,stock.warehouse.orderpoint system,t,t,t,t,t,2026-03-18 05:30:58.653183,2026-03-29 06:23:03.015949
730,678,44,1,1,stock.quant user,t,t,t,t,f,2026-03-18 05:30:58.653183,2026-03-29 06:23:03.015949
731,678,1,1,1,stock.quant all users,t,t,f,f,f,2026-03-18 05:30:58.653183,2026-03-29 06:23:03.015949
732,686,1,1,1,stock.package all users,t,t,f,f,f,2026-03-18 05:30:58.653183,2026-03-29 06:23:03.015949
744,668,45,1,1,stock.putaway.rule all managers,t,t,t,t,t,2026-03-18 05:30:58.653183,2026-03-29 06:23:03.015949
745,667,1,1,1,product.removal all users,t,t,f,f,f,2026-03-18 05:30:58.653183,2026-03-29 06:23:03.015949
746,665,44,1,1,barcode.nomenclature.stock.user,t,t,f,f,f,2026-03-18 05:30:58.653183,2026-03-29 06:23:03.015949
747,665,45,1,1,barcode.nomenclature.stock.manager,t,t,t,t,t,2026-03-18 05:30:58.653183,2026-03-29 06:23:03.015949
748,666,44,1,1,barcode.rule.stock.user,t,t,f,f,f,2026-03-18 05:30:58.653183,2026-03-29 06:23:03.015949
749,666,45,1,1,barcode.rule.stock.manager,t,t,t,t,t,2026-03-18 05:30:58.653183,2026-03-29 06:23:03.015949
750,682,44,1,1,stock.scrap.user,t,t,t,t,f,2026-03-18 05:30:58.653183,2026-03-29 06:23:03.015949
751,682,45,1,1,stock.scrap.manager,t,t,t,t,t,2026-03-18 05:30:58.653183,2026-03-29 06:23:03.015949
752,683,44,1,1,stock.scrap.reason.tag.user,t,t,t,t,f,2026-03-18 05:30:58.653183,2026-03-29 06:23:03.015949
753,683,45,1,1,stock.scrap.reason.tag.manager,t,t,t,t,t,2026-03-18 05:30:58.653183,2026-03-29 06:23:03.015949
754,408,45,1,1,product.attribute manager,t,t,t,t,t,2026-03-18 05:30:58.653183,2026-03-29 06:23:03.015949
755,410,45,1,1,product.attribute manager value,t,t,t,t,t,2026-03-18 05:30:58.653183,2026-03-29 06:23:03.015949
756,431,45,1,1,update.product.attribute.value,t,t,t,t,f,2026-03-18 05:30:58.653183,2026-03-29 06:23:03.015949
757,691,1,1,1,access_report_stock_quantity,t,t,f,f,f,2026-03-18 05:30:58.653183,2026-03-29 06:23:03.015949
758,694,44,1,1,access.stock.traceability.report,t,t,t,t,f,2026-03-18 05:30:58.653183,2026-03-29 06:23:03.015949
759,697,44,1,1,access.stock.return.picking.line,t,t,t,t,t,2026-03-18 05:30:58.653183,2026-03-29 06:23:03.015949
760,698,44,1,1,access.stock.return.picking,t,t,t,t,f,2026-03-18 05:30:58.653183,2026-03-29 06:23:03.015949
761,704,44,1,1,access.stock.backorder.confirmation.line,t,t,t,t,f,2026-03-18 05:30:58.653183,2026-03-29 06:23:03.015949
762,705,44,1,1,access.stock.backorder.confirmation,t,t,t,t,f,2026-03-18 05:30:58.653183,2026-03-29 06:23:03.015949
763,706,44,1,1,access.stock.quantity.history,t,t,t,t,f,2026-03-18 05:30:58.653183,2026-03-29 06:23:03.015949
764,707,44,1,1,access.stock.rules.report,t,t,t,t,f,2026-03-18 05:30:58.653183,2026-03-29 06:23:03.015949
765,709,44,1,1,access.stock.warn.insufficient.qty.scrap,t,t,t,t,f,2026-03-18 05:30:58.653183,2026-03-29 06:23:03.015949
766,710,44,1,1,access.product.replenish,t,t,t,t,f,2026-03-18 05:30:58.653183,2026-03-29 06:23:03.015949
767,711,44,1,1,access.stock.package.destination,t,t,t,t,f,2026-03-18 05:30:58.653183,2026-03-29 06:23:03.015949
768,712,44,1,1,access_stock_orderpoint_snooze,t,t,t,t,t,2026-03-18 05:30:58.653183,2026-03-29 06:23:03.015949
769,685,44,1,1,access_stock_package_type_user,t,t,f,f,f,2026-03-18 05:30:58.653183,2026-03-29 06:23:03.015949
770,685,45,1,1,access_stock_package_type_manager,t,t,t,t,t,2026-03-18 05:30:58.653183,2026-03-29 06:23:03.015949
771,687,1,1,1,stock.storage.category.user,t,t,f,f,f,2026-03-18 05:30:58.653183,2026-03-29 06:23:03.015949
772,687,45,1,1,stock.storage.category.manager,t,t,t,t,t,2026-03-18 05:30:58.653183,2026-03-29 06:23:03.015949
773,688,1,1,1,stock.storage.category.capacity.user,t,t,f,f,f,2026-03-18 05:30:58.653183,2026-03-29 06:23:03.015949
774,688,45,1,1,stock.storage.category.capacity.manager,t,t,t,t,t,2026-03-18 05:30:58.653183,2026-03-29 06:23:03.015949
513,529,26,1,1,account.fiscal.year.user,t,t,f,f,f,2026-03-18 05:04:19.213591,2026-03-29 06:24:40.849619
1001,919,44,1,1,access.expiry.picking.confirmation,t,t,t,t,f,2026-03-30 03:54:33.169893,2026-03-30 03:54:33.169893
1002,923,72,1,1,pos.printer.manager,t,t,t,t,t,2026-03-30 06:57:43.846231,2026-03-30 06:57:43.846231
1003,923,71,1,1,pos.printer.user,t,t,f,f,f,2026-03-30 06:57:43.846231,2026-03-30 06:57:43.846231
1004,925,71,1,1,pos.order,t,t,t,t,t,2026-03-30 06:57:43.846231,2026-03-30 06:57:43.846231
1005,926,71,1,1,pos.order.line,t,t,t,t,t,2026-03-30 06:57:43.846231,2026-03-30 06:57:43.846231
1006,927,71,1,1,pos.pack.operation.lot,t,t,t,t,t,2026-03-30 06:57:43.846231,2026-03-30 06:57:43.846231
1007,677,71,1,1,stock.picking pos_user,t,t,t,t,t,2026-03-30 06:57:43.846231,2026-03-30 06:57:43.846231
1008,681,71,1,1,stock.warehouse pos_user,t,t,f,f,f,2026-03-30 06:57:43.846231,2026-03-30 06:57:43.846231
1009,925,44,1,1,pos.order stock_worker,t,t,f,f,f,2026-03-30 06:57:43.846231,2026-03-30 06:57:43.846231
1010,671,71,1,1,stock.move pos_user,t,t,t,t,t,2026-03-30 06:57:43.846231,2026-03-30 06:57:43.846231
1011,937,71,1,1,report.pos.order,t,t,f,f,f,2026-03-30 06:57:43.846231,2026-03-30 06:57:43.846231
1012,476,71,1,1,account.journal pos_user,t,t,f,f,f,2026-03-30 06:57:43.846231,2026-03-30 06:57:43.846231
1013,491,72,1,1,account.payment.method pos_user,t,t,f,f,f,2026-03-30 06:57:43.846231,2026-03-30 06:57:43.846231
1014,492,72,1,1,account.payment.method.line pos_user,t,t,f,f,f,2026-03-30 06:57:43.846231,2026-03-30 06:57:43.846231
1015,494,71,1,1,account.bank.statement.line,t,t,t,t,f,2026-03-30 06:57:43.846231,2026-03-30 06:57:43.846231
1016,407,71,1,1,product.product,t,t,f,f,f,2026-03-30 06:57:43.846231,2026-03-30 06:57:43.846231
1017,406,71,1,1,product.template pos user,t,t,f,f,f,2026-03-30 06:57:43.846231,2026-03-30 06:57:43.846231
1018,494,72,1,1,account.bank.statement.line manager,t,t,t,t,t,2026-03-30 06:57:43.846231,2026-03-30 06:57:43.846231
1019,418,71,1,1,product.supplierinfo user,t,t,f,f,f,2026-03-30 06:57:43.846231,2026-03-30 06:57:43.846231
1020,681,72,1,1,stock.warehouse manager,t,t,f,f,f,2026-03-30 06:57:43.846231,2026-03-30 06:57:43.846231
1021,669,72,1,1,stock.location manager,t,t,f,f,f,2026-03-30 06:57:43.846231,2026-03-30 06:57:43.846231
1022,416,72,1,1,product.pricelist manager,t,t,t,t,t,2026-03-30 06:57:43.846231,2026-03-30 06:57:43.846231
1023,416,71,1,1,product.pricelist user,t,t,f,f,f,2026-03-30 06:57:43.846231,2026-03-30 06:57:43.846231
1024,928,71,1,1,pos.session user,t,t,t,t,f,2026-03-30 06:57:43.846231,2026-03-30 06:57:43.846231
1025,924,71,1,1,pos.config user,t,t,t,f,f,2026-03-30 06:57:43.846231,2026-03-30 06:57:43.846231
1026,924,4,1,1,pos.config system,t,t,t,f,f,2026-03-30 06:57:43.846231,2026-03-30 06:57:43.846231
1027,924,72,1,1,pos.config manager,t,t,t,t,t,2026-03-30 06:57:43.846231,2026-03-30 06:57:43.846231
1028,922,72,1,1,pos.category manager,t,t,t,t,t,2026-03-30 06:57:43.846231,2026-03-30 06:57:43.846231
1029,922,1,1,1,pos.category user,t,t,f,f,f,2026-03-30 06:57:43.846231,2026-03-30 06:57:43.846231
1030,665,71,1,1,barcode.nomenclature.pos.user,t,t,f,f,f,2026-03-30 06:57:43.846231,2026-03-30 06:57:43.846231
1031,665,72,1,1,barcode.nomenclature.pos.manager,t,t,t,t,t,2026-03-30 06:57:43.846231,2026-03-30 06:57:43.846231
1032,666,71,1,1,barcode.rule.pos.user,t,t,f,f,f,2026-03-30 06:57:43.846231,2026-03-30 06:57:43.846231
1033,666,72,1,1,barcode.rule.pos.manager,t,t,t,t,t,2026-03-30 06:57:43.846231,2026-03-30 06:57:43.846231
1034,114,71,1,1,decimal.precision,t,t,f,f,f,2026-03-30 06:57:43.846231,2026-03-30 06:57:43.846231
1035,930,71,1,1,pos.payment user,t,t,t,t,t,2026-03-30 06:57:43.846231,2026-03-30 06:57:43.846231
1036,931,71,1,1,pos.payment.method user,t,t,f,f,f,2026-03-30 06:57:43.846231,2026-03-30 06:57:43.846231
1037,931,72,1,1,pos.payment.method manager,t,t,t,t,t,2026-03-30 06:57:43.846231,2026-03-30 06:57:43.846231
1038,413,71,1,1,product.combo user,t,t,f,f,f,2026-03-30 06:57:43.846231,2026-03-30 06:57:43.846231
1039,414,71,1,1,product.combo.item user,t,t,f,f,f,2026-03-30 06:57:43.846231,2026-03-30 06:57:43.846231
1040,938,72,1,1,access.pos.details.wizard,t,t,t,t,f,2026-03-30 06:57:43.846231,2026-03-30 06:57:43.846231
1041,939,72,1,1,access.pos.make.payment,t,t,t,t,f,2026-03-30 06:57:43.846231,2026-03-30 06:57:43.846231
1042,940,71,1,1,access.pos.close.session.wizard,t,t,t,t,f,2026-03-30 06:57:43.846231,2026-03-30 06:57:43.846231
1043,496,71,1,1,account.cash.rounding pos_user,t,t,f,f,f,2026-03-30 06:57:43.846231,2026-03-30 06:57:43.846231
1044,932,71,1,1,pos.bill pos_user,t,t,t,t,t,2026-03-30 06:57:43.846231,2026-03-30 06:57:43.846231
1045,941,72,1,1,access.pos.daily.sales.reports.wizard,t,t,t,t,f,2026-03-30 06:57:43.846231,2026-03-30 06:57:43.846231
1046,466,71,1,1,account.move,t,t,f,f,f,2026-03-30 06:57:43.846231,2026-03-30 06:57:43.846231
1047,486,71,1,1,account.move.line,t,t,f,f,f,2026-03-30 06:57:43.846231,2026-03-30 06:57:43.846231
1048,934,71,1,1,pos.note.user,t,t,f,f,f,2026-03-30 06:57:43.846231,2026-03-30 06:57:43.846231
1049,934,72,1,1,pos.note.manager,t,t,t,t,t,2026-03-30 06:57:43.846231,2026-03-30 06:57:43.846231
1050,935,71,1,1,pos.preset.user,t,t,f,f,f,2026-03-30 06:57:43.846231,2026-03-30 06:57:43.846231
1051,935,72,1,1,pos.preset.manager,t,t,t,t,t,2026-03-30 06:57:43.846231,2026-03-30 06:57:43.846231
1052,943,71,1,1,pos.make.invoice.user,t,t,t,t,f,2026-03-30 06:57:43.846231,2026-03-30 06:57:43.846231
1053,943,72,1,1,pos.make.invoice.manager,t,t,t,t,t,2026-03-30 06:57:43.846231,2026-03-30 06:57:43.846231
1054,942,71,1,1,pos.confirmation.wizard.user,t,t,t,t,t,2026-03-30 06:57:43.846231,2026-03-30 06:57:43.846231
1055,942,72,1,1,pos.confirmation.wizard.manager,t,t,t,t,t,2026-03-30 06:57:43.846231,2026-03-30 06:57:43.846231
1056,944,71,1,1,pos.prep.line,t,t,t,t,t,2026-03-30 06:57:50.713151,2026-03-30 06:57:50.713151
1057,948,71,1,1,pos.prep.state,t,t,t,t,t,2026-03-30 06:57:50.713151,2026-03-30 06:57:50.713151
1058,945,71,1,1,pos.prep.order,t,t,t,t,t,2026-03-30 06:57:50.713151,2026-03-30 06:57:50.713151
1059,946,72,1,1,pos.prep.stage,t,t,t,t,t,2026-03-30 06:57:50.713151,2026-03-30 06:57:50.713151
1060,946,71,1,1,pos.prep.stage,t,t,f,f,f,2026-03-30 06:57:50.713151,2026-03-30 06:57:50.713151
1061,947,72,1,1,pos.prep.display,t,t,t,t,t,2026-03-30 06:57:50.713151,2026-03-30 06:57:50.713151
1062,947,71,1,1,pos.prep.display,t,t,f,f,f,2026-03-30 06:57:50.713151,2026-03-30 06:57:50.713151
1063,949,71,1,1,pos.preparation.display.reset.wizard,t,t,t,t,t,2026-03-30 06:57:50.713151,2026-03-30 06:57:50.713151
1064,950,71,1,1,access.preparation.time.report,t,t,f,f,f,2026-03-30 06:57:50.713151,2026-03-30 06:57:50.713151
1065,433,72,1,1,crm.team.pos.manager,t,t,t,t,t,2026-03-30 06:57:54.559419,2026-03-30 06:57:54.559419
1066,959,75,1,1,mrp.workcenter.productivity.loss,t,t,t,t,t,2026-03-30 07:52:50.018059,2026-03-30 07:52:50.018059
1067,959,74,1,1,mrp.workcenter.productivity.loss,t,t,f,f,f,2026-03-30 07:52:50.018059,2026-03-30 07:52:50.018059
1068,958,74,1,1,mrp.workcenter.productivity.loss.type,t,t,f,f,f,2026-03-30 07:52:50.018059,2026-03-30 07:52:50.018059
1069,960,74,1,1,mrp.workcenter.productivity,t,t,t,t,t,2026-03-30 07:52:50.018059,2026-03-30 07:52:50.018059
1070,956,74,1,1,mrp.workcenter,t,t,f,f,f,2026-03-30 07:52:50.018059,2026-03-30 07:52:50.018059
1071,955,74,1,1,mrp.routing.workcenter,t,t,f,f,f,2026-03-30 07:52:50.018059,2026-03-30 07:52:50.018059
1072,952,74,1,1,mrp.bom,t,t,f,f,f,2026-03-30 07:52:50.018059,2026-03-30 07:52:50.018059
1073,953,74,1,1,mrp.bom.line,t,t,f,f,f,2026-03-30 07:52:50.018059,2026-03-30 07:52:50.018059
1074,954,74,1,1,mrp.bom.byproduct,t,t,f,f,f,2026-03-30 07:52:50.018059,2026-03-30 07:52:50.018059
1075,963,74,1,1,mrp.production user,t,t,t,t,t,2026-03-30 07:52:50.018059,2026-03-30 07:52:50.018059
1076,962,74,1,1,access_mrp_production_group,t,t,t,t,f,2026-03-30 07:52:50.018059,2026-03-30 07:52:50.018059
1077,956,75,1,1,mrp.workcenter.manager,t,t,t,t,t,2026-03-30 07:52:50.018059,2026-03-30 07:52:50.018059
1078,955,75,1,1,mrp.routing.workcenter.manager,t,t,t,t,t,2026-03-30 07:52:50.018059,2026-03-30 07:52:50.018059
1079,952,75,1,1,mrp.bom.manager,t,t,t,t,t,2026-03-30 07:52:50.018059,2026-03-30 07:52:50.018059
1080,953,75,1,1,mrp.bom.line.manager,t,t,t,t,t,2026-03-30 07:52:50.018059,2026-03-30 07:52:50.018059
1081,954,75,1,1,mrp.bom.byproduct manager,t,t,t,t,t,2026-03-30 07:52:50.018059,2026-03-30 07:52:50.018059
1082,963,44,1,1,mrp.production stock_worker,t,t,f,f,f,2026-03-30 07:52:50.018059,2026-03-30 07:52:50.018059
1083,407,74,1,1,product.product user,t,t,f,f,f,2026-03-30 07:52:50.018059,2026-03-30 07:52:50.018059
1084,406,74,1,1,product.template user,t,t,f,f,f,2026-03-30 07:52:50.018059,2026-03-30 07:52:50.018059
1085,149,74,1,1,uom.uom user,t,t,f,f,f,2026-03-30 07:52:50.018059,2026-03-30 07:52:50.018059
1086,90,74,1,1,res.partner,t,t,f,f,f,2026-03-30 07:52:50.018059,2026-03-30 07:52:50.018059
1087,965,74,1,1,mrp.workorder.user,t,t,t,t,t,2026-03-30 07:52:50.018059,2026-03-30 07:52:50.018059
1088,965,75,1,1,mrp.workorder,t,t,t,t,t,2026-03-30 07:52:50.018059,2026-03-30 07:52:50.018059
1089,156,74,1,1,mrp.resource.calendar.leaves.user,t,t,t,t,t,2026-03-30 07:52:50.018059,2026-03-30 07:52:50.018059
1090,156,75,1,1,mrp.resource.calendar.leaves.manager,t,t,f,f,f,2026-03-30 07:52:50.018059,2026-03-30 07:52:50.018059
1091,155,74,1,1,mrp.resource.calendar.attendance.mrp.user,t,t,t,t,t,2026-03-30 07:52:50.018059,2026-03-30 07:52:50.018059
1092,155,75,1,1,mrp.resource.calendar.attendance.manager,t,t,t,t,t,2026-03-30 07:52:50.018059,2026-03-30 07:52:50.018059
1093,158,74,1,1,resource.resource,t,t,f,f,f,2026-03-30 07:52:50.018059,2026-03-30 07:52:50.018059
1094,158,75,1,1,resource.resource.manager,t,t,t,t,t,2026-03-30 07:52:50.018059,2026-03-30 07:52:50.018059
1095,418,75,1,1,product.supplierinfo user,t,t,f,f,f,2026-03-30 07:52:50.018059,2026-03-30 07:52:50.018059
1096,963,75,1,1,mrp.production manager,t,t,f,f,f,2026-03-30 07:52:50.018059,2026-03-30 07:52:50.018059
1097,952,44,1,1,mrp.bom,t,t,f,f,f,2026-03-30 07:52:50.018059,2026-03-30 07:52:50.018059
1098,953,44,1,1,mrp.bom.line,t,t,f,f,f,2026-03-30 07:52:50.018059,2026-03-30 07:52:50.018059
1099,90,75,1,1,res_partner group_mrp_manager,t,t,t,t,f,2026-03-30 07:52:50.018059,2026-03-30 07:52:50.018059
1100,417,75,1,1,product.pricelist.item mrp_manager,t,t,t,t,t,2026-03-30 07:52:50.018059,2026-03-30 07:52:50.018059
1101,154,74,1,1,resource.calendar manufacturing.user,t,t,f,f,f,2026-03-30 07:52:50.018059,2026-03-30 07:52:50.018059
1102,964,74,1,1,mrp.unbuild,t,t,t,t,t,2026-03-30 07:52:50.018059,2026-03-30 07:52:50.018059
1103,964,75,1,1,mrp.unbuild manager,t,t,t,t,t,2026-03-30 07:52:50.018059,2026-03-30 07:52:50.018059
1104,415,75,1,1,product.document group_user,t,t,t,t,t,2026-03-30 07:52:50.018059,2026-03-30 07:52:50.018059
1105,966,74,1,1,access.change.production.qty,t,t,t,t,f,2026-03-30 07:52:50.018059,2026-03-30 07:52:50.018059
1106,967,74,1,1,access.stock.warn.insufficient.qty.unbuild,t,t,t,t,f,2026-03-30 07:52:50.018059,2026-03-30 07:52:50.018059
1107,969,74,1,1,access.mrp.production.backorder,t,t,t,t,f,2026-03-30 07:52:50.018059,2026-03-30 07:52:50.018059
1108,968,74,1,1,access.mrp.production.backorder.line,t,t,t,t,f,2026-03-30 07:52:50.018059,2026-03-30 07:52:50.018059
1109,970,74,1,1,access.mrp.consumption.warning,t,t,t,t,f,2026-03-30 07:52:50.018059,2026-03-30 07:52:50.018059
1110,971,74,1,1,access.mrp.consumption.warning.line,t,t,t,t,f,2026-03-30 07:52:50.018059,2026-03-30 07:52:50.018059
1111,957,74,1,1,access.mrp.workcenter.tag,t,t,f,f,f,2026-03-30 07:52:50.018059,2026-03-30 07:52:50.018059
1112,957,75,1,1,access.mrp.workcenter.tag,t,t,t,t,t,2026-03-30 07:52:50.018059,2026-03-30 07:52:50.018059
1113,972,74,1,1,access.mrp.production.split.multi,t,t,t,t,f,2026-03-30 07:52:50.018059,2026-03-30 07:52:50.018059
1114,973,74,1,1,access.mrp.production.split,t,t,t,t,f,2026-03-30 07:52:50.018059,2026-03-30 07:52:50.018059
1115,974,74,1,1,access.mrp.production.split.line,t,t,t,t,t,2026-03-30 07:52:50.018059,2026-03-30 07:52:50.018059
1116,961,75,1,1,mrp.workcenter.capacity.manager,t,t,t,t,t,2026-03-30 07:52:50.018059,2026-03-30 07:52:50.018059
1117,961,74,1,1,mrp.workcenter.capacity,t,t,f,f,f,2026-03-30 07:52:50.018059,2026-03-30 07:52:50.018059
1118,671,74,1,1,stock.move mrp_user,t,t,t,t,t,2026-03-30 07:52:50.018059,2026-03-30 07:52:50.018059
1119,975,74,1,1,access.mrp_production_serials,t,t,t,t,f,2026-03-30 07:52:50.018059,2026-03-30 07:52:50.018059
1120,980,81,1,1,quality.alert.team,t,t,f,f,f,2026-03-30 07:52:56.13228,2026-03-30 07:52:56.13228
1121,984,81,1,1,quality.check,t,t,t,t,f,2026-03-30 07:52:56.13228,2026-03-30 07:52:56.13228
1122,985,81,1,1,quality.alert,t,t,t,t,f,2026-03-30 07:52:56.13228,2026-03-30 07:52:56.13228
1123,981,81,1,1,quality.reason,t,t,f,f,f,2026-03-30 07:52:56.13228,2026-03-30 07:52:56.13228
1124,982,81,1,1,quality.tag,t,t,f,f,f,2026-03-30 07:52:56.13228,2026-03-30 07:52:56.13228
1125,983,81,1,1,quality.alert.stage,t,t,f,f,f,2026-03-30 07:52:56.13228,2026-03-30 07:52:56.13228
1126,979,81,1,1,quality.point,t,t,f,f,f,2026-03-30 07:52:56.13228,2026-03-30 07:52:56.13228
1127,978,81,1,1,quality.point.test_type,t,t,f,f,f,2026-03-30 07:52:56.13228,2026-03-30 07:52:56.13228
1128,984,44,1,1,quality.check,t,t,t,t,f,2026-03-30 07:52:56.13228,2026-03-30 07:52:56.13228
1129,675,81,1,1,stock.lot,t,t,f,f,f,2026-03-30 07:52:56.13228,2026-03-30 07:52:56.13228
1130,672,81,1,1,stock.move.line,t,t,f,f,f,2026-03-30 07:52:56.13228,2026-03-30 07:52:56.13228
1131,677,81,1,1,stock.move.line,t,t,f,f,f,2026-03-30 07:52:56.13228,2026-03-30 07:52:56.13228
1132,980,82,1,1,quality.alert.team,t,t,t,t,t,2026-03-30 07:52:56.13228,2026-03-30 07:52:56.13228
1133,984,82,1,1,quality.check,t,t,t,t,t,2026-03-30 07:52:56.13228,2026-03-30 07:52:56.13228
1134,985,82,1,1,quality.alert,t,t,t,t,t,2026-03-30 07:52:56.13228,2026-03-30 07:52:56.13228
1135,981,82,1,1,quality.reason,t,t,t,t,t,2026-03-30 07:52:56.13228,2026-03-30 07:52:56.13228
1136,982,82,1,1,quality.tag,t,t,t,t,t,2026-03-30 07:52:56.13228,2026-03-30 07:52:56.13228
1137,983,82,1,1,quality.alert.stage,t,t,t,t,t,2026-03-30 07:52:56.13228,2026-03-30 07:52:56.13228
1138,979,82,1,1,quality.point.manager,t,t,t,t,t,2026-03-30 07:52:56.13228,2026-03-30 07:52:56.13228
1139,984,82,1,1,quality.check.manager,t,t,t,t,t,2026-03-30 07:52:56.13228,2026-03-30 07:52:56.13228
1140,952,26,1,1,mrp.bom,t,t,f,f,f,2026-03-30 07:52:57.725445,2026-03-30 07:52:57.725445
1141,952,27,1,1,mrp.bom,t,t,f,f,f,2026-03-30 07:52:57.725445,2026-03-30 07:52:57.725445
1142,953,26,1,1,mrp.bom.line,t,t,f,f,f,2026-03-30 07:52:57.725445,2026-03-30 07:52:57.725445
1143,953,27,1,1,mrp.bom.line,t,t,f,f,f,2026-03-30 07:52:57.725445,2026-03-30 07:52:57.725445
1144,987,30,1,1,access.wip.accounting,t,t,t,t,f,2026-03-30 07:52:57.725445,2026-03-30 07:52:57.725445
1145,986,30,1,1,access.wip.accounting.line,t,t,t,t,t,2026-03-30 07:52:57.725445,2026-03-30 07:52:57.725445
1146,990,74,1,1,access.mrp_workorder.propose.change,t,t,t,t,f,2026-03-30 07:53:00.318091,2026-03-30 07:53:00.318091
1147,989,74,1,1,access.mrp_production.additional.workorder,t,t,t,t,f,2026-03-30 07:53:00.318091,2026-03-30 07:53:00.318091
1148,991,75,1,1,access_mrp_report,t,t,f,f,f,2026-03-30 07:53:02.865557,2026-03-30 07:53:02.865557
1149,952,71,1,1,mrp.bom,t,t,f,f,f,2026-03-30 07:53:04.070714,2026-03-30 07:53:04.070714
1150,953,71,1,1,mrp.bom.line,t,t,f,f,f,2026-03-30 07:53:04.070714,2026-03-30 07:53:04.070714
1151,952,58,1,1,mrp.bom,t,t,f,f,f,2026-03-30 07:53:04.302726,2026-03-30 07:53:04.302726
1152,953,58,1,1,mrp.bom.line,t,t,f,f,f,2026-03-30 07:53:04.302726,2026-03-30 07:53:04.302726
1153,952,22,1,1,mrp.bom,t,t,f,f,f,2026-03-30 07:53:05.806775,2026-03-30 07:53:05.806775
1154,594,74,1,1,sale.order manufacturing.user,t,t,t,f,f,2026-03-30 07:53:05.806775,2026-03-30 07:53:05.806775
1155,595,74,1,1,sale.order.line manufacturing.user,t,t,t,f,f,2026-03-30 07:53:05.806775,2026-03-30 07:53:05.806775
1156,963,22,1,1,mrp.production salesman,t,t,t,t,f,2026-03-30 07:53:05.806775,2026-03-30 07:53:05.806775
1157,965,22,1,1,mrp.workorder salesman,t,t,f,t,f,2026-03-30 07:53:05.806775,2026-03-30 07:53:05.806775
1158,953,22,1,1,mrp.bom.line,t,t,f,f,f,2026-03-30 07:53:05.806775,2026-03-30 07:53:05.806775
1159,995,24,1,1,access.lazada.shop,t,t,t,t,t,2026-03-30 08:19:02.866343,2026-03-30 08:19:02.866343
1160,996,24,1,1,access.lazada.shop.create.wizard,t,t,t,t,t,2026-03-30 08:19:02.866343,2026-03-30 08:19:02.866343
1161,993,24,1,1,access.lazada.item,t,t,t,t,t,2026-03-30 08:19:02.866343,2026-03-30 08:19:02.866343
1162,994,24,1,1,access.lazada.order.item,t,t,t,t,t,2026-03-30 08:19:02.866343,2026-03-30 08:19:02.866343
1163,994,22,1,1,access.lazada.order.item.salesman,t,t,f,f,f,2026-03-30 08:19:02.866343,2026-03-30 08:19:02.866343
1164,994,44,1,1,access.lazada.order.item.stock_user,t,t,f,f,f,2026-03-30 08:19:02.866343,2026-03-30 08:19:02.866343
