Evidence ID,Source Module,Source Zip (Inventory),Manifest Name,Category,Present In Source Zip,Also In addons_extra.zip,Preliminary Classification,Classification Rule,Status
PS04-MOD-0001,account,01 ACCOUNT.zip,Invoicing,Accounting/Accounting,YES,NO,CANDIDATE-POOL,no exclusion rule matched,OBSERVED
PS04-MOD-0002,account_3way_match,01 ACCOUNT.zip,Vendor Bill: Release to Pay,Supply Chain/Purchase,YES,NO,CANDIDATE-POOL,no exclusion rule matched,OBSERVED
PS04-MOD-0003,account_accountant,01 ACCOUNT.zip,Invoicing,Accounting/Accounting,YES,NO,CANDIDATE-POOL,no exclusion rule matched,OBSERVED
PS04-MOD-0004,account_accountant_batch_payment,01 ACCOUNT.zip,Account Batch Payment Reconciliation,Accounting,YES,NO,CANDIDATE-POOL,no exclusion rule matched,OBSERVED
PS04-MOD-0005,account_accountant_check_printing,01 ACCOUNT.zip,Account accountant check printing,Accounting,YES,NO,CANDIDATE-POOL,no exclusion rule matched,OBSERVED
PS04-MOD-0006,account_accountant_fleet,01 ACCOUNT.zip,Accounting/Fleet bridge,Accounting/Accounting,YES,NO,CANDIDATE-POOL,no exclusion rule matched,OBSERVED
PS04-MOD-0007,account_add_gln,01 ACCOUNT.zip,Add Partner GLN,Accounting/Accounting,YES,NO,CANDIDATE-POOL,no exclusion rule matched,OBSERVED
PS04-MOD-0008,account_asset,01 ACCOUNT.zip,Assets Management,Accounting/Accounting,YES,NO,CANDIDATE-POOL,no exclusion rule matched,OBSERVED
PS04-MOD-0009,account_asset_fleet,01 ACCOUNT.zip,Assets/Fleet bridge,Accounting/Accounting,YES,NO,CANDIDATE-POOL,no exclusion rule matched,OBSERVED
PS04-MOD-0010,account_avatax,01 ACCOUNT.zip,Avatax,Accounting/Accounting,YES,NO,CANDIDATE-POOL,no exclusion rule matched,OBSERVED
PS04-MOD-0011,account_avatax_geolocalize,01 ACCOUNT.zip,Avatax for geo localization,Accounting/Accounting,YES,NO,CANDIDATE-POOL,no exclusion rule matched,OBSERVED
PS04-MOD-0012,account_avatax_sale,01 ACCOUNT.zip,Avatax for SO,Accounting/Accounting,YES,NO,CANDIDATE-POOL,no exclusion rule matched,OBSERVED
PS04-MOD-0013,account_avatax_stock,01 ACCOUNT.zip,Avatax for Inventory,Accounting/Accounting,YES,NO,CANDIDATE-POOL,no exclusion rule matched,OBSERVED
PS04-MOD-0014,account_bank_statement_extract,01 ACCOUNT.zip,Account Bank Statement Extract,Accounting/Accounting,YES,NO,CANDIDATE-POOL,no exclusion rule matched,OBSERVED
PS04-MOD-0015,account_bank_statement_import,01 ACCOUNT.zip,Account Bank Statement Import,Accounting/Accounting,YES,NO,CANDIDATE-POOL,no exclusion rule matched,OBSERVED
PS04-MOD-0016,account_bank_statement_import_camt,01 ACCOUNT.zip,Import CAMT Bank Statement,Accounting/Accounting,YES,NO,CANDIDATE-POOL,no exclusion rule matched,OBSERVED
PS04-MOD-0017,account_bank_statement_import_csv,01 ACCOUNT.zip,Import CSV Bank Statement,Accounting/Accounting,YES,NO,CANDIDATE-POOL,no exclusion rule matched,OBSERVED
PS04-MOD-0018,account_bank_statement_import_ofx,01 ACCOUNT.zip,Import OFX Bank Statement,Accounting/Accounting,YES,NO,CANDIDATE-POOL,no exclusion rule matched,OBSERVED
PS04-MOD-0019,account_bank_statement_import_qif,01 ACCOUNT.zip,Import QIF Bank Statement,Accounting/Accounting,YES,NO,CANDIDATE-POOL,no exclusion rule matched,OBSERVED
PS04-MOD-0020,account_base_import,01 ACCOUNT.zip,Accounting Import,Accounting/Accounting,YES,NO,CANDIDATE-POOL,no exclusion rule matched,OBSERVED
PS04-MOD-0021,account_batch_payment,01 ACCOUNT.zip,Batch Payment,Accounting/Accounting,YES,NO,CANDIDATE-POOL,no exclusion rule matched,OBSERVED
PS04-MOD-0022,account_budget,01 ACCOUNT.zip,Budget Management,Accounting/Accounting,YES,NO,CANDIDATE-POOL,no exclusion rule matched,OBSERVED
PS04-MOD-0023,account_budget_purchase,01 ACCOUNT.zip,Budget Management,Accounting/Accounting,YES,NO,CANDIDATE-POOL,no exclusion rule matched,OBSERVED
PS04-MOD-0024,account_check_printing,01 ACCOUNT.zip,Check Printing Base,Accounting/Accounting,YES,NO,CANDIDATE-POOL,no exclusion rule matched,OBSERVED
PS04-MOD-0025,account_debit_note,01 ACCOUNT.zip,Debit Notes,Accounting/Accounting,YES,NO,CANDIDATE-POOL,no exclusion rule matched,OBSERVED
PS04-MOD-0026,account_edi,01 ACCOUNT.zip,Import/Export Invoices From XML/PDF,Accounting/Accounting,YES,NO,CANDIDATE-POOL,no exclusion rule matched,OBSERVED
PS04-MOD-0027,account_edi_proxy_client,01 ACCOUNT.zip,Proxy features for account_edi,Accounting/Accounting,YES,NO,CANDIDATE-POOL,no exclusion rule matched,OBSERVED
PS04-MOD-0028,account_edi_ubl_cii,01 ACCOUNT.zip,Import/Export electronic invoices with UBL/CII,Accounting/Accounting,YES,NO,CANDIDATE-POOL,no exclusion rule matched,OBSERVED
PS04-MOD-0029,account_external_tax,01 ACCOUNT.zip,3rd Party Tax Calculation,Accounting/Accounting,YES,NO,CANDIDATE-POOL,no exclusion rule matched,OBSERVED
PS04-MOD-0030,account_extract,01 ACCOUNT.zip,Account Extract,Accounting/Accounting,YES,NO,CANDIDATE-POOL,no exclusion rule matched,OBSERVED
PS04-MOD-0031,account_fiscal_categories,01 ACCOUNT.zip,Account Fiscal Report,Accounting/Accounting,YES,NO,CANDIDATE-POOL,no exclusion rule matched,OBSERVED
PS04-MOD-0032,account_fiscal_categories_fleet,01 ACCOUNT.zip,Fiscal Categories on Fleets,Accounting/Accounting,YES,NO,CANDIDATE-POOL,no exclusion rule matched,OBSERVED
PS04-MOD-0033,account_fleet,01 ACCOUNT.zip,Accounting/Fleet bridge,Accounting/Accounting,YES,NO,CANDIDATE-POOL,no exclusion rule matched,OBSERVED
PS04-MOD-0034,account_followup,01 ACCOUNT.zip,Payment Follow-up Management,Accounting/Accounting,YES,NO,CANDIDATE-POOL,no exclusion rule matched,OBSERVED
PS04-MOD-0035,account_inter_company_rules,01 ACCOUNT.zip,Inter Company Module for Sale/Purchase Orders and Invoices,Productivity,YES,NO,CANDIDATE-POOL,no exclusion rule matched,OBSERVED
PS04-MOD-0036,account_intrastat,01 ACCOUNT.zip,Intrastat Reports,Accounting/Accounting,YES,NO,CANDIDATE-POOL,no exclusion rule matched,OBSERVED
PS04-MOD-0037,account_invoice_extract,01 ACCOUNT.zip,Account Invoice Extract,Accounting/Accounting,YES,NO,CANDIDATE-POOL,no exclusion rule matched,OBSERVED
PS04-MOD-0038,account_invoice_extract_purchase,01 ACCOUNT.zip,Account Invoice Extract Purchase,Accounting,YES,NO,CANDIDATE-POOL,no exclusion rule matched,OBSERVED
PS04-MOD-0039,account_iso20022,01 ACCOUNT.zip,SEPA Credit Transfer / ISO20022,Accounting/Accounting,YES,NO,CANDIDATE-POOL,no exclusion rule matched,OBSERVED
PS04-MOD-0040,account_loans,01 ACCOUNT.zip,Loans Management,Accounting/Accounting,YES,NO,CANDIDATE-POOL,no exclusion rule matched,OBSERVED
PS04-MOD-0041,account_online_payment,01 ACCOUNT.zip,Account Online Payment,,YES,NO,CANDIDATE-POOL,no exclusion rule matched,OBSERVED
PS04-MOD-0042,account_online_synchronization,01 ACCOUNT.zip,Online Bank Statement Synchronization,Accounting/Accounting,YES,NO,CANDIDATE-POOL,no exclusion rule matched,OBSERVED
PS04-MOD-0043,account_payment,01 ACCOUNT.zip,Payment - Account,Accounting/Accounting,YES,NO,CANDIDATE-POOL,no exclusion rule matched,OBSERVED
PS04-MOD-0044,account_peppol,01 ACCOUNT.zip,Peppol,Accounting/Accounting,YES,NO,CANDIDATE-POOL,no exclusion rule matched,OBSERVED
PS04-MOD-0045,account_peppol_advanced_fields,01 ACCOUNT.zip,[DEPRECATED] Account Peppol Advanced Fields,Accounting/Accounting,YES,NO,CANDIDATE-POOL,no exclusion rule matched,OBSERVED
PS04-MOD-0046,account_peppol_response,01 ACCOUNT.zip,Peppol Business Response,Accounting/Accounting,YES,NO,CANDIDATE-POOL,no exclusion rule matched,OBSERVED
PS04-MOD-0047,account_qr_code_emv,01 ACCOUNT.zip,account_qr_code_emv,Accounting/Payment,YES,NO,CANDIDATE-POOL,no exclusion rule matched,OBSERVED
PS04-MOD-0048,account_qr_code_sepa,01 ACCOUNT.zip,Account SEPA QR Code,Accounting/Payment,YES,NO,CANDIDATE-POOL,no exclusion rule matched,OBSERVED
PS04-MOD-0049,account_reports,01 ACCOUNT.zip,Accounting Reports,Accounting/Accounting,YES,NO,CANDIDATE-POOL,no exclusion rule matched,OBSERVED
PS04-MOD-0050,account_reports_cash_basis,01 ACCOUNT.zip,Cash Basis Accounting Reports,Accounting/Accounting,YES,NO,CANDIDATE-POOL,no exclusion rule matched,OBSERVED
PS04-MOD-0051,account_saft,01 ACCOUNT.zip,Standard Audit File for Tax Base module,Accounting/Accounting,YES,NO,CANDIDATE-POOL,no exclusion rule matched,OBSERVED
PS04-MOD-0052,account_saft_import,01 ACCOUNT.zip,SAF-T Import,,YES,NO,CANDIDATE-POOL,no exclusion rule matched,OBSERVED
PS04-MOD-0053,account_sepa_direct_debit,01 ACCOUNT.zip,SEPA Direct Debit,Accounting/Accounting,YES,NO,CANDIDATE-POOL,no exclusion rule matched,OBSERVED
PS04-MOD-0054,account_tax_python,01 ACCOUNT.zip,Define Taxes as Python Code,Accounting/Accounting,YES,NO,CANDIDATE-POOL,no exclusion rule matched,OBSERVED
PS04-MOD-0055,account_test,01 ACCOUNT.zip,Accounting Consistency Tests,Accounting/Accounting,YES,NO,TEST-DEMO-THEME-NOISE-CANDIDATE,test module naming,OBSERVED
PS04-MOD-0056,account_transfer,01 ACCOUNT.zip,Account Transfers,Accounting/Accounting,YES,NO,CANDIDATE-POOL,no exclusion rule matched,OBSERVED
PS04-MOD-0057,account_update_tax_tags,01 ACCOUNT.zip,Account - Allow updating tax grids,Accounting/Accounting,YES,NO,CANDIDATE-POOL,no exclusion rule matched,OBSERVED
PS04-MOD-0058,account_winbooks_import,01 ACCOUNT.zip,Account Winbooks Import,Accounting/Accounting,YES,NO,CANDIDATE-POOL,no exclusion rule matched,OBSERVED
PS04-MOD-0059,accountant,01 ACCOUNT.zip,Accounting,Accounting/Accounting,YES,NO,CANDIDATE-POOL,no exclusion rule matched,OBSERVED
PS04-MOD-0060,accountant_fleet,01 ACCOUNT.zip,Accounting - Fleet,Accounting/Accounting,YES,NO,CANDIDATE-POOL,no exclusion rule matched,OBSERVED
PS04-MOD-0061,accountant_hr_expense,01 ACCOUNT.zip,Accounting - Expense,Accounting/Accounting,YES,NO,CANDIDATE-POOL,no exclusion rule matched,OBSERVED
PS04-MOD-0062,accountant_knowledge,01 ACCOUNT.zip,Annual Reports,,YES,NO,CANDIDATE-POOL,no exclusion rule matched,OBSERVED
PS04-MOD-0063,ai,02 OTHER.zip,AI,Hidden,YES,NO,CANDIDATE-POOL,no exclusion rule matched,OBSERVED
PS04-MOD-0064,ai_account,02 OTHER.zip,AI Text Draft - Accounting,Hidden,YES,NO,CANDIDATE-POOL,no exclusion rule matched,OBSERVED
PS04-MOD-0065,ai_app,02 OTHER.zip,AI,Hidden,YES,NO,CANDIDATE-POOL,no exclusion rule matched,OBSERVED
PS04-MOD-0066,ai_auto_install,02 OTHER.zip,AI Auto Install,Hidden,YES,NO,CANDIDATE-POOL,no exclusion rule matched,OBSERVED
PS04-MOD-0067,ai_crm,02 OTHER.zip,AI crm,Hidden,YES,NO,CANDIDATE-POOL,no exclusion rule matched,OBSERVED
PS04-MOD-0068,ai_crm_livechat,02 OTHER.zip,AI crm livechat,Hidden,YES,NO,CANDIDATE-POOL,no exclusion rule matched,OBSERVED
PS04-MOD-0069,ai_documents,02 OTHER.zip,AI Documents,Hidden,YES,NO,CANDIDATE-POOL,no exclusion rule matched,OBSERVED
PS04-MOD-0070,ai_documents_account,02 OTHER.zip,AI Documents Account,Hidden,YES,NO,CANDIDATE-POOL,no exclusion rule matched,OBSERVED
PS04-MOD-0071,ai_documents_source,02 OTHER.zip,AI Documents Source,Hidden,YES,NO,CANDIDATE-POOL,no exclusion rule matched,OBSERVED
PS04-MOD-0072,ai_fields,02 OTHER.zip,ai_fields,Hidden,YES,NO,CANDIDATE-POOL,no exclusion rule matched,OBSERVED
PS04-MOD-0073,ai_knowledge,02 OTHER.zip,AI Text Draft - Knowledge,Hidden,YES,NO,CANDIDATE-POOL,no exclusion rule matched,OBSERVED
PS04-MOD-0074,ai_livechat,02 OTHER.zip,AI Livechat,AI,YES,NO,CANDIDATE-POOL,no exclusion rule matched,OBSERVED
PS04-MOD-0075,ai_server_actions,02 OTHER.zip,ai_server_actions,Hidden,YES,NO,CANDIDATE-POOL,no exclusion rule matched,OBSERVED
PS04-MOD-0076,ai_website,02 OTHER.zip,AI Website Integration,Hidden,YES,NO,CANDIDATE-POOL,no exclusion rule matched,OBSERVED
PS04-MOD-0077,ai_website_livechat,02 OTHER.zip,AI Website Livechat Integration,Hidden,YES,NO,CANDIDATE-POOL,no exclusion rule matched,OBSERVED
PS04-MOD-0078,analytic,02 OTHER.zip,Analytic Accounting,Accounting/Accounting,YES,NO,CANDIDATE-POOL,no exclusion rule matched,OBSERVED
PS04-MOD-0079,analytic_enterprise,02 OTHER.zip,Analytic Accounting Enterprise,Accounting/Accounting,YES,NO,CANDIDATE-POOL,no exclusion rule matched,OBSERVED
PS04-MOD-0080,api_doc,02 OTHER.zip,API Documentation,Hidden,YES,NO,CANDIDATE-POOL,no exclusion rule matched,OBSERVED
PS04-MOD-0081,appointment,02 OTHER.zip,Appointments,Services/Appointment,YES,NO,CANDIDATE-POOL,no exclusion rule matched,OBSERVED
PS04-MOD-0082,appointment_account_payment,02 OTHER.zip,Pay to Book,Marketing/Online Appointment,YES,NO,CANDIDATE-POOL,no exclusion rule matched,OBSERVED
PS04-MOD-0083,appointment_crm,02 OTHER.zip,Appointment Lead Generation,Services/Appointment,YES,NO,CANDIDATE-POOL,no exclusion rule matched,OBSERVED
PS04-MOD-0084,appointment_google_calendar,02 OTHER.zip,Appointment Google Calendar,Productivity,YES,NO,CANDIDATE-POOL,no exclusion rule matched,OBSERVED
PS04-MOD-0085,appointment_google_reserve,02 OTHER.zip,Appointment Google Reserve,Productivity,YES,NO,CANDIDATE-POOL,no exclusion rule matched,OBSERVED
PS04-MOD-0086,appointment_hr,02 OTHER.zip,Employees on Appointments,Services/Appointment,YES,NO,CANDIDATE-POOL,no exclusion rule matched,OBSERVED
PS04-MOD-0087,appointment_hr_recruitment,02 OTHER.zip,Recruitment tracking on appointments,Services/Appointment,YES,NO,CANDIDATE-POOL,no exclusion rule matched,OBSERVED
PS04-MOD-0088,appointment_microsoft_calendar,02 OTHER.zip,Appointment Microsoft Calendar,Productivity,YES,NO,CANDIDATE-POOL,no exclusion rule matched,OBSERVED
PS04-MOD-0089,appointment_sms,02 OTHER.zip,Appointment SMS,Services/Appointment,YES,NO,CANDIDATE-POOL,no exclusion rule matched,OBSERVED
PS04-MOD-0090,approvals,02 OTHER.zip,Approvals,Human Resources/Approvals,YES,NO,CANDIDATE-POOL,no exclusion rule matched,OBSERVED
PS04-MOD-0091,approvals_purchase,02 OTHER.zip,Approvals - Purchase,Human Resources/Approvals,YES,NO,CANDIDATE-POOL,no exclusion rule matched,OBSERVED
PS04-MOD-0092,approvals_purchase_stock,02 OTHER.zip,Approvals - Purchase - Stock,Human Resources/Approvals,YES,NO,CANDIDATE-POOL,no exclusion rule matched,OBSERVED
PS04-MOD-0093,attachment_indexation,02 OTHER.zip,Attachments List and Document Indexation,Hidden/Tools,YES,NO,CANDIDATE-POOL,no exclusion rule matched,OBSERVED
PS04-MOD-0094,auth_ldap,02 OTHER.zip,Authentication via LDAP,Hidden/Tools,YES,NO,CANDIDATE-POOL,no exclusion rule matched,OBSERVED
PS04-MOD-0095,auth_oauth,02 OTHER.zip,OAuth2 Authentication,Hidden/Tools,YES,NO,CANDIDATE-POOL,no exclusion rule matched,OBSERVED
PS04-MOD-0096,auth_passkey,02 OTHER.zip,Passkeys,Hidden/Tools,YES,NO,CANDIDATE-POOL,no exclusion rule matched,OBSERVED
PS04-MOD-0097,auth_passkey_portal,02 OTHER.zip,Passkeys Portal,Hidden/Tools,YES,NO,CANDIDATE-POOL,no exclusion rule matched,OBSERVED
PS04-MOD-0098,auth_password_policy,02 OTHER.zip,Password Policy,Hidden/Tools,YES,NO,CANDIDATE-POOL,no exclusion rule matched,OBSERVED
PS04-MOD-0099,auth_password_policy_portal,02 OTHER.zip,Password Policy support for Signup,Tools,YES,NO,CANDIDATE-POOL,no exclusion rule matched,OBSERVED
PS04-MOD-0100,auth_password_policy_signup,02 OTHER.zip,Password Policy support for Signup,Hidden/Tools,YES,NO,CANDIDATE-POOL,no exclusion rule matched,OBSERVED
PS04-MOD-0101,auth_signup,02 OTHER.zip,Signup,Hidden/Tools,YES,NO,CANDIDATE-POOL,no exclusion rule matched,OBSERVED
PS04-MOD-0102,auth_timeout,02 OTHER.zip,Auth Timeout,Hidden/Tools,YES,NO,CANDIDATE-POOL,no exclusion rule matched,OBSERVED
PS04-MOD-0103,auth_totp,02 OTHER.zip,Two-Factor Authentication (TOTP),Extra Tools,YES,NO,CANDIDATE-POOL,no exclusion rule matched,OBSERVED
PS04-MOD-0104,auth_totp_mail,02 OTHER.zip,2FA Invite mail,Extra Tools,YES,NO,CANDIDATE-POOL,no exclusion rule matched,OBSERVED
PS04-MOD-0105,auth_totp_portal,02 OTHER.zip,TOTPortal,Hidden,YES,NO,CANDIDATE-POOL,no exclusion rule matched,OBSERVED
PS04-MOD-0106,barcodes,02 OTHER.zip,Barcode,Supply Chain/Inventory,YES,NO,CANDIDATE-POOL,no exclusion rule matched,OBSERVED
PS04-MOD-0107,barcodes_gs1_nomenclature,02 OTHER.zip,Barcode - GS1 Nomenclature,Supply Chain/Inventory,YES,NO,CANDIDATE-POOL,no exclusion rule matched,OBSERVED
PS04-MOD-0108,base,02 OTHER.zip,Base,Hidden,YES,NO,CANDIDATE-POOL,no exclusion rule matched,OBSERVED
PS04-MOD-0109,base_address_extended,02 OTHER.zip,Extended Addresses,Sales/Sales,YES,NO,CANDIDATE-POOL,no exclusion rule matched,OBSERVED
PS04-MOD-0110,base_automation,02 OTHER.zip,Automation Rules,Sales/Sales,YES,NO,CANDIDATE-POOL,no exclusion rule matched,OBSERVED
PS04-MOD-0111,base_automation_hr,02 OTHER.zip,Automation Rules based on Employee Contracts,Human Resources,YES,NO,CANDIDATE-POOL,no exclusion rule matched,OBSERVED
PS04-MOD-0112,base_geolocalize,02 OTHER.zip,Partners Geolocation,Sales/Sales,YES,NO,CANDIDATE-POOL,no exclusion rule matched,OBSERVED
PS04-MOD-0113,base_iban,02 OTHER.zip,IBAN Bank Accounts,Accounting/Accounting,YES,NO,CANDIDATE-POOL,no exclusion rule matched,OBSERVED
PS04-MOD-0114,base_import,02 OTHER.zip,Base import,Hidden/Tools,YES,NO,CANDIDATE-POOL,no exclusion rule matched,OBSERVED
PS04-MOD-0115,base_import_module,02 OTHER.zip,Base import module,Hidden/Tools,YES,NO,CANDIDATE-POOL,no exclusion rule matched,OBSERVED
PS04-MOD-0116,base_install_request,02 OTHER.zip,Base - Module Install Request,Hidden,YES,NO,CANDIDATE-POOL,no exclusion rule matched,OBSERVED
PS04-MOD-0117,base_setup,02 OTHER.zip,Initial Setup Tools,Hidden,YES,NO,CANDIDATE-POOL,no exclusion rule matched,OBSERVED
PS04-MOD-0118,base_sparse_field,02 OTHER.zip,Sparse Fields,Hidden,YES,NO,CANDIDATE-POOL,no exclusion rule matched,OBSERVED
PS04-MOD-0119,base_vat,02 OTHER.zip,VAT Number Validation,Accounting/Accounting,YES,NO,CANDIDATE-POOL,no exclusion rule matched,OBSERVED
PS04-MOD-0120,board,02 OTHER.zip,Dashboards,Productivity,YES,NO,CANDIDATE-POOL,no exclusion rule matched,OBSERVED
PS04-MOD-0121,bus,02 OTHER.zip,IM Bus,Hidden,YES,NO,CANDIDATE-POOL,no exclusion rule matched,OBSERVED
PS04-MOD-0122,calendar,02 OTHER.zip,Calendar,Productivity/Calendar,YES,NO,CANDIDATE-POOL,no exclusion rule matched,OBSERVED
PS04-MOD-0123,calendar_sms,02 OTHER.zip,Calendar - SMS,Productivity/Calendar,YES,NO,CANDIDATE-POOL,no exclusion rule matched,OBSERVED
PS04-MOD-0124,certificate,02 OTHER.zip,Certificate,Hidden/Tools,YES,NO,CANDIDATE-POOL,no exclusion rule matched,OBSERVED
PS04-MOD-0125,cloud_storage,02 OTHER.zip,Cloud Storage,Technical Settings,YES,NO,CANDIDATE-POOL,no exclusion rule matched,OBSERVED
PS04-MOD-0126,cloud_storage_azure,02 OTHER.zip,Cloud Storage Azure,Technical Settings,YES,NO,CANDIDATE-POOL,no exclusion rule matched,OBSERVED
PS04-MOD-0127,cloud_storage_google,02 OTHER.zip,Cloud Storage Google,Technical Settings,YES,NO,CANDIDATE-POOL,no exclusion rule matched,OBSERVED
PS04-MOD-0128,cloud_storage_migration,02 OTHER.zip,Cloud Storage Migration,Technical Settings,YES,NO,CANDIDATE-POOL,no exclusion rule matched,OBSERVED
PS04-MOD-0129,contacts,02 OTHER.zip,Contacts,Sales/CRM,YES,NO,CANDIDATE-POOL,no exclusion rule matched,OBSERVED
PS04-MOD-0130,contacts_enterprise,02 OTHER.zip,Contacts Enterprise,Sales/CRM,YES,NO,CANDIDATE-POOL,no exclusion rule matched,OBSERVED
PS04-MOD-0131,crm,02 OTHER.zip,CRM,Sales/CRM,YES,NO,CANDIDATE-POOL,no exclusion rule matched,OBSERVED
PS04-MOD-0132,crm_enterprise,02 OTHER.zip,CRM enterprise,Sales/CRM,YES,NO,CANDIDATE-POOL,no exclusion rule matched,OBSERVED
PS04-MOD-0133,crm_enterprise_partner_assign,02 OTHER.zip,Enterprise Resellers,Website/Website,YES,NO,CANDIDATE-POOL,no exclusion rule matched,OBSERVED
PS04-MOD-0134,crm_helpdesk,02 OTHER.zip,Helpdesk - CRM,Services/Helpdesk,YES,NO,CANDIDATE-POOL,no exclusion rule matched,OBSERVED
PS04-MOD-0135,crm_iap_enrich,02 OTHER.zip,Lead Enrichment,Sales/CRM,YES,NO,CANDIDATE-POOL,no exclusion rule matched,OBSERVED
PS04-MOD-0136,crm_iap_mine,02 OTHER.zip,Lead Generation,Sales/CRM,YES,NO,CANDIDATE-POOL,no exclusion rule matched,OBSERVED
PS04-MOD-0137,crm_livechat,02 OTHER.zip,CRM Livechat,Sales/CRM,YES,NO,CANDIDATE-POOL,no exclusion rule matched,OBSERVED
PS04-MOD-0138,crm_mail_plugin,02 OTHER.zip,CRM Mail Plugin,Sales/CRM,YES,NO,CANDIDATE-POOL,no exclusion rule matched,OBSERVED
PS04-MOD-0139,crm_sale_subscription,02 OTHER.zip,CRM Sale Subscription,Sales/CRM,YES,NO,CANDIDATE-POOL,no exclusion rule matched,OBSERVED
PS04-MOD-0140,crm_sms,02 OTHER.zip,SMS in CRM,Sales/CRM,YES,NO,CANDIDATE-POOL,no exclusion rule matched,OBSERVED
PS04-MOD-0141,currency_rate_live,02 OTHER.zip,Live Currency Exchange Rate,Accounting/Accounting,YES,NO,CANDIDATE-POOL,no exclusion rule matched,OBSERVED
PS04-MOD-0142,data_cleaning,02 OTHER.zip,Data Cleaning,Productivity/Data Cleaning,YES,NO,CANDIDATE-POOL,no exclusion rule matched,OBSERVED
PS04-MOD-0143,data_merge_crm,02 OTHER.zip,CRM Deduplication,Productivity/Data Cleaning,YES,NO,CANDIDATE-POOL,no exclusion rule matched,OBSERVED
PS04-MOD-0144,data_merge_helpdesk,02 OTHER.zip,Helpdesk Merge action,Productivity/Data Cleaning,YES,NO,CANDIDATE-POOL,no exclusion rule matched,OBSERVED
PS04-MOD-0145,data_merge_project,02 OTHER.zip,Project Merge action,Productivity/Data Cleaning,YES,NO,CANDIDATE-POOL,no exclusion rule matched,OBSERVED
PS04-MOD-0146,data_merge_stock_account,02 OTHER.zip,WMS Accounting Merge,Productivity/Data Cleaning,YES,NO,CANDIDATE-POOL,no exclusion rule matched,OBSERVED
PS04-MOD-0147,data_merge_utm,02 OTHER.zip,UTM Deduplication,Productivity/Data Cleaning,YES,NO,CANDIDATE-POOL,no exclusion rule matched,OBSERVED
PS04-MOD-0148,data_recycle,02 OTHER.zip,Data Recycle,Productivity/Data Cleaning,YES,NO,CANDIDATE-POOL,no exclusion rule matched,OBSERVED
PS04-MOD-0149,databases,02 OTHER.zip,Databases,Services/Databases,YES,NO,CANDIDATE-POOL,no exclusion rule matched,OBSERVED
PS04-MOD-0150,delivery,02 OTHER.zip,Delivery Costs,Sales/Delivery,YES,NO,CANDIDATE-POOL,no exclusion rule matched,OBSERVED
PS04-MOD-0151,delivery_bpost,02 OTHER.zip,bpost Shipping,Shipping Connectors,YES,NO,CANDIDATE-POOL,no exclusion rule matched,OBSERVED
PS04-MOD-0152,delivery_dhl,02 OTHER.zip,DHL Express Shipping (Legacy),Shipping Connectors,YES,NO,CANDIDATE-POOL,no exclusion rule matched,OBSERVED
PS04-MOD-0153,delivery_dhl_rest,02 OTHER.zip,DHL Express Shipping,Shipping Connectors,YES,NO,CANDIDATE-POOL,no exclusion rule matched,OBSERVED
PS04-MOD-0154,delivery_easypost,02 OTHER.zip,Easypost Shipping,Shipping Connectors,YES,NO,CANDIDATE-POOL,no exclusion rule matched,OBSERVED
PS04-MOD-0155,delivery_envia,02 OTHER.zip,Envia Shipping,Shipping Connectors,YES,NO,CANDIDATE-POOL,no exclusion rule matched,OBSERVED
PS04-MOD-0156,delivery_fedex,02 OTHER.zip,Fedex Shipping (Legacy),Shipping Connectors,YES,NO,CANDIDATE-POOL,no exclusion rule matched,OBSERVED
PS04-MOD-0157,delivery_fedex_rest,02 OTHER.zip,Fedex Shipping,Shipping Connectors,YES,NO,CANDIDATE-POOL,no exclusion rule matched,OBSERVED
PS04-MOD-0158,delivery_iot,02 OTHER.zip,IoT for Delivery,Supply Chain/Internet of Things (IoT),YES,NO,CANDIDATE-POOL,no exclusion rule matched,OBSERVED
PS04-MOD-0159,delivery_mondialrelay,02 OTHER.zip,delivery_mondialrelay,Shipping Connectors,YES,NO,CANDIDATE-POOL,no exclusion rule matched,OBSERVED
PS04-MOD-0160,delivery_sendcloud,02 OTHER.zip,Sendcloud Shipping,Shipping Connectors,YES,NO,CANDIDATE-POOL,no exclusion rule matched,OBSERVED
PS04-MOD-0161,delivery_shiprocket,02 OTHER.zip,Shiprocket Shipping,Shipping Connectors,YES,NO,CANDIDATE-POOL,no exclusion rule matched,OBSERVED
PS04-MOD-0162,delivery_starshipit,02 OTHER.zip,Starshipit Shipping,Shipping Connectors,YES,NO,CANDIDATE-POOL,no exclusion rule matched,OBSERVED
PS04-MOD-0163,delivery_stock_picking_batch,02 OTHER.zip,Delivery Stock Picking Batch,Supply Chain/Inventory,YES,NO,CANDIDATE-POOL,no exclusion rule matched,OBSERVED
PS04-MOD-0164,delivery_ups,02 OTHER.zip,UPS Shipping (Legacy),Shipping Connectors,YES,NO,CANDIDATE-POOL,no exclusion rule matched,OBSERVED
PS04-MOD-0165,delivery_ups_rest,02 OTHER.zip,UPS Shipping,Shipping Connectors,YES,NO,CANDIDATE-POOL,no exclusion rule matched,OBSERVED
PS04-MOD-0166,delivery_usps,02 OTHER.zip,United States Postal Service (USPS) Shipping (Legacy),Shipping Connectors,YES,NO,CANDIDATE-POOL,no exclusion rule matched,OBSERVED
PS04-MOD-0167,delivery_usps_rest,02 OTHER.zip,United States Postal Service (USPS) Shipping,Shipping Connectors,YES,NO,CANDIDATE-POOL,no exclusion rule matched,OBSERVED
PS04-MOD-0168,digest,02 OTHER.zip,KPI Digests,Marketing,YES,NO,CANDIDATE-POOL,no exclusion rule matched,OBSERVED
PS04-MOD-0169,digest_enterprise,02 OTHER.zip,Digest Enterprise,Hidden,YES,NO,CANDIDATE-POOL,no exclusion rule matched,OBSERVED
PS04-MOD-0170,documents,02 OTHER.zip,Documents,Productivity/Documents,YES,NO,CANDIDATE-POOL,no exclusion rule matched,OBSERVED
PS04-MOD-0171,documents_account,02 OTHER.zip,Documents - Accounting,Productivity/Documents,YES,NO,CANDIDATE-POOL,no exclusion rule matched,OBSERVED
PS04-MOD-0172,documents_account_peppol,02 OTHER.zip,Documents - Import from Peppol,Productivity/Documents,YES,NO,CANDIDATE-POOL,no exclusion rule matched,OBSERVED
PS04-MOD-0173,documents_approvals,02 OTHER.zip,Documents - Approvals,Productivity/Documents,YES,NO,CANDIDATE-POOL,no exclusion rule matched,OBSERVED
PS04-MOD-0174,documents_fleet,02 OTHER.zip,Documents - Fleet,Productivity/Documents,YES,NO,CANDIDATE-POOL,no exclusion rule matched,OBSERVED
PS04-MOD-0175,documents_fsm,02 OTHER.zip,Documents - FSM,Productivity/Documents,YES,NO,CANDIDATE-POOL,no exclusion rule matched,OBSERVED
PS04-MOD-0176,documents_hr,02 OTHER.zip,Documents - HR,Productivity/Documents,YES,NO,CANDIDATE-POOL,no exclusion rule matched,OBSERVED
PS04-MOD-0177,documents_hr_expense,02 OTHER.zip,Documents - Expense,Productivity/Documents,YES,NO,CANDIDATE-POOL,no exclusion rule matched,OBSERVED
PS04-MOD-0178,documents_hr_holidays,02 OTHER.zip,Documents - Time Off,Productivity/Documents,YES,NO,CANDIDATE-POOL,no exclusion rule matched,OBSERVED
PS04-MOD-0179,documents_hr_payroll,02 OTHER.zip,Documents - Payroll,Productivity/Documents,YES,NO,CANDIDATE-POOL,no exclusion rule matched,OBSERVED
PS04-MOD-0180,documents_l10n_be_hr_payroll,02 OTHER.zip,Documents - Belgian Payroll,Human Resources/Payroll,YES,NO,CANDIDATE-POOL,no exclusion rule matched,OBSERVED
PS04-MOD-0181,documents_l10n_ch_hr_payroll,02 OTHER.zip,Documents - Swiss Payroll,Human Resources/Payroll,YES,NO,CANDIDATE-POOL,no exclusion rule matched,OBSERVED
PS04-MOD-0182,documents_l10n_hk_hr_payroll,02 OTHER.zip,Documents - Hong Kong Payroll,Human Resources/Payroll,YES,NO,CANDIDATE-POOL,no exclusion rule matched,OBSERVED
PS04-MOD-0183,documents_l10n_ke_hr_payroll,02 OTHER.zip,Documents - Kenyan Payroll,Human Resources/Payroll,YES,NO,CANDIDATE-POOL,no exclusion rule matched,OBSERVED
PS04-MOD-0184,documents_l10n_mx_hr_payroll_account_edi,02 OTHER.zip,Documents - Mexican Payroll,Human Resources/Payroll,YES,NO,CANDIDATE-POOL,no exclusion rule matched,OBSERVED
PS04-MOD-0185,documents_product,02 OTHER.zip,Documents - Product,Productivity/Documents,YES,NO,CANDIDATE-POOL,no exclusion rule matched,OBSERVED
PS04-MOD-0186,documents_project,02 OTHER.zip,Documents - Projects,Productivity/Documents,YES,NO,CANDIDATE-POOL,no exclusion rule matched,OBSERVED
PS04-MOD-0187,documents_project_sale,02 OTHER.zip,Documents - Project - Sale,Productivity/Documents,YES,NO,CANDIDATE-POOL,no exclusion rule matched,OBSERVED
PS04-MOD-0188,documents_project_sign,02 OTHER.zip,Documents Project Sign,Productivity/Documents,YES,NO,CANDIDATE-POOL,no exclusion rule matched,OBSERVED
PS04-MOD-0189,documents_sign,02 OTHER.zip,Documents - Signatures,Productivity/Documents,YES,NO,CANDIDATE-POOL,no exclusion rule matched,OBSERVED
PS04-MOD-0190,documents_spreadsheet,02 OTHER.zip,Documents Spreadsheet,Productivity/Documents,YES,NO,CANDIDATE-POOL,no exclusion rule matched,OBSERVED
PS04-MOD-0191,documents_spreadsheet_survey,02 OTHER.zip,Spreadsheet Survey,Productivity/Documents,YES,NO,CANDIDATE-POOL,no exclusion rule matched,OBSERVED
PS04-MOD-0192,equity,02 OTHER.zip,Equity,Accounting/Accounting,YES,NO,CANDIDATE-POOL,no exclusion rule matched,OBSERVED
PS04-MOD-0193,esg,02 OTHER.zip,ESG,ESG,YES,NO,CANDIDATE-POOL,no exclusion rule matched,OBSERVED
PS04-MOD-0194,esg_csrd,02 OTHER.zip,ESG CSRD,Hidden,YES,NO,CANDIDATE-POOL,no exclusion rule matched,OBSERVED
PS04-MOD-0195,esg_csrd_ai,02 OTHER.zip,AI - ESG CSRD,Hidden,YES,NO,CANDIDATE-POOL,no exclusion rule matched,OBSERVED
PS04-MOD-0196,esg_csrd_hr,02 OTHER.zip,HR - ESG CSRD,Hidden,YES,NO,CANDIDATE-POOL,no exclusion rule matched,OBSERVED
PS04-MOD-0197,esg_csrd_hr_fleet,02 OTHER.zip,ESG CSRD - Fleet,Hidden,YES,NO,CANDIDATE-POOL,no exclusion rule matched,OBSERVED
PS04-MOD-0198,esg_hr,02 OTHER.zip,ESG HR,,YES,NO,CANDIDATE-POOL,no exclusion rule matched,OBSERVED
PS04-MOD-0199,esg_hr_fleet,02 OTHER.zip,ESG HR Fleet,,YES,NO,CANDIDATE-POOL,no exclusion rule matched,OBSERVED
PS04-MOD-0200,esg_project,02 OTHER.zip,ESG Project,,YES,NO,CANDIDATE-POOL,no exclusion rule matched,OBSERVED
PS04-MOD-0201,event,02 OTHER.zip,Events Organization,Marketing/Events,YES,NO,CANDIDATE-POOL,no exclusion rule matched,OBSERVED
PS04-MOD-0202,event_booth,02 OTHER.zip,Events Booths,Marketing/Events,YES,NO,CANDIDATE-POOL,no exclusion rule matched,OBSERVED
PS04-MOD-0203,event_booth_sale,02 OTHER.zip,Events Booths Sales,Marketing/Events,YES,NO,CANDIDATE-POOL,no exclusion rule matched,OBSERVED
PS04-MOD-0204,event_crm,02 OTHER.zip,Event CRM,Marketing/Events,YES,NO,CANDIDATE-POOL,no exclusion rule matched,OBSERVED
PS04-MOD-0205,event_crm_sale,02 OTHER.zip,Event CRM Sale,Marketing/Events,YES,NO,CANDIDATE-POOL,no exclusion rule matched,OBSERVED
PS04-MOD-0206,event_enterprise,02 OTHER.zip,Events Organization Add-on,Marketing/Events,YES,NO,CANDIDATE-POOL,no exclusion rule matched,OBSERVED
PS04-MOD-0207,event_iot,02 OTHER.zip,IoT for Events,Marketing/Events,YES,NO,CANDIDATE-POOL,no exclusion rule matched,OBSERVED
PS04-MOD-0208,event_product,02 OTHER.zip,Events Product,Marketing/Events,YES,NO,CANDIDATE-POOL,no exclusion rule matched,OBSERVED
PS04-MOD-0209,event_sale,02 OTHER.zip,Events Sales,Marketing/Events,YES,NO,CANDIDATE-POOL,no exclusion rule matched,OBSERVED
PS04-MOD-0210,event_sale_iot,02 OTHER.zip,IoT for Event/Sale,Marketing/Events,YES,NO,CANDIDATE-POOL,no exclusion rule matched,OBSERVED
PS04-MOD-0211,event_sms,02 OTHER.zip,SMS on Events,Marketing/Events,YES,NO,CANDIDATE-POOL,no exclusion rule matched,OBSERVED
PS04-MOD-0212,event_social,02 OTHER.zip,Event Social,Marketing/Social,YES,NO,CANDIDATE-POOL,no exclusion rule matched,OBSERVED
PS04-MOD-0213,fleet,02 OTHER.zip,Fleet,Human Resources/Fleet,YES,NO,CANDIDATE-POOL,no exclusion rule matched,OBSERVED
PS04-MOD-0214,frontdesk,02 OTHER.zip,Frontdesk,Human Resources/Frontdesk,YES,NO,CANDIDATE-POOL,no exclusion rule matched,OBSERVED
PS04-MOD-0215,gamification,02 OTHER.zip,Gamification,Human Resources,YES,NO,CANDIDATE-POOL,no exclusion rule matched,OBSERVED
PS04-MOD-0216,gamification_sale_crm,02 OTHER.zip,CRM Gamification,Sales/CRM,YES,NO,CANDIDATE-POOL,no exclusion rule matched,OBSERVED
PS04-MOD-0217,google_account,02 OTHER.zip,Google Users,Hidden/Tools,YES,NO,CANDIDATE-POOL,no exclusion rule matched,OBSERVED
PS04-MOD-0218,google_address_autocomplete,02 OTHER.zip,Google Address Autocomplete,Hidden/Tools,YES,NO,CANDIDATE-POOL,no exclusion rule matched,OBSERVED
PS04-MOD-0219,google_calendar,02 OTHER.zip,Google Calendar,Productivity,YES,NO,CANDIDATE-POOL,no exclusion rule matched,OBSERVED
PS04-MOD-0220,google_gmail,02 OTHER.zip,Google Gmail,Hidden,YES,NO,CANDIDATE-POOL,no exclusion rule matched,OBSERVED
PS04-MOD-0221,google_recaptcha,02 OTHER.zip,Google reCAPTCHA integration,Hidden,YES,NO,CANDIDATE-POOL,no exclusion rule matched,OBSERVED
PS04-MOD-0222,helpdesk,02 OTHER.zip,Helpdesk,Services/Helpdesk,YES,NO,CANDIDATE-POOL,no exclusion rule matched,OBSERVED
PS04-MOD-0223,helpdesk_account,02 OTHER.zip,Helpdesk Account,Services/Helpdesk,YES,NO,CANDIDATE-POOL,no exclusion rule matched,OBSERVED
PS04-MOD-0224,helpdesk_fsm,02 OTHER.zip,Helpdesk FSM,Services/Helpdesk,YES,NO,CANDIDATE-POOL,no exclusion rule matched,OBSERVED
PS04-MOD-0225,helpdesk_fsm_report,02 OTHER.zip,Helpdesk FSM Reports,Services/Helpdesk,YES,NO,CANDIDATE-POOL,no exclusion rule matched,OBSERVED
PS04-MOD-0226,helpdesk_fsm_sale,02 OTHER.zip,Helpdesk FSM - Sale,Services/Helpdesk,YES,NO,CANDIDATE-POOL,no exclusion rule matched,OBSERVED
PS04-MOD-0227,helpdesk_holidays,02 OTHER.zip,Helpdesk Time Off,Services/Helpdesk,YES,NO,CANDIDATE-POOL,no exclusion rule matched,OBSERVED
PS04-MOD-0228,helpdesk_mail_plugin,02 OTHER.zip,Helpdesk Mail Plugin,Services/Helpdesk,YES,NO,CANDIDATE-POOL,no exclusion rule matched,OBSERVED
PS04-MOD-0229,helpdesk_repair,02 OTHER.zip,Helpdesk Repair,Services/Helpdesk,YES,NO,CANDIDATE-POOL,no exclusion rule matched,OBSERVED
PS04-MOD-0230,helpdesk_sale,02 OTHER.zip,Helpdesk After Sales,Services/Helpdesk,YES,NO,CANDIDATE-POOL,no exclusion rule matched,OBSERVED
PS04-MOD-0231,helpdesk_sale_loyalty,02 OTHER.zip,Helpdesk Sale Loyalty,Services/Helpdesk,YES,NO,CANDIDATE-POOL,no exclusion rule matched,OBSERVED
PS04-MOD-0232,helpdesk_sale_timesheet,02 OTHER.zip,Sell Helpdesk Timesheet,Services/Helpdesk,YES,NO,CANDIDATE-POOL,no exclusion rule matched,OBSERVED
PS04-MOD-0233,helpdesk_sms,02 OTHER.zip,Helpdesk - SMS,Services/Helpdesk,YES,NO,CANDIDATE-POOL,no exclusion rule matched,OBSERVED
PS04-MOD-0234,helpdesk_stock,02 OTHER.zip,Helpdesk Stock,Services/Helpdesk,YES,NO,CANDIDATE-POOL,no exclusion rule matched,OBSERVED
PS04-MOD-0235,helpdesk_stock_account,02 OTHER.zip,Helpdesk Stock Account,Services/Helpdesk,YES,NO,CANDIDATE-POOL,no exclusion rule matched,OBSERVED
PS04-MOD-0236,helpdesk_timesheet,02 OTHER.zip,Helpdesk Timesheet,Services/Helpdesk,YES,NO,CANDIDATE-POOL,no exclusion rule matched,OBSERVED
PS04-MOD-0237,hr,02 OTHER.zip,Employees,Human Resources/Employees,YES,NO,CANDIDATE-POOL,no exclusion rule matched,OBSERVED
PS04-MOD-0238,hr_appraisal,02 OTHER.zip,Appraisals,Human Resources/Appraisals,YES,NO,CANDIDATE-POOL,no exclusion rule matched,OBSERVED
PS04-MOD-0239,hr_appraisal_skills,02 OTHER.zip,Appraisal - Skills,Human Resources/Appraisals,YES,NO,CANDIDATE-POOL,no exclusion rule matched,OBSERVED
PS04-MOD-0240,hr_appraisal_survey,02 OTHER.zip,Appraisal - Survey,Human Resources/Appraisals,YES,NO,CANDIDATE-POOL,no exclusion rule matched,OBSERVED
PS04-MOD-0241,hr_attendance,02 OTHER.zip,Attendances,Human Resources/Attendances,YES,NO,CANDIDATE-POOL,no exclusion rule matched,OBSERVED
PS04-MOD-0242,hr_attendance_gantt,02 OTHER.zip,Attendance Gantt,Human Resources/Attendances,YES,NO,CANDIDATE-POOL,no exclusion rule matched,OBSERVED
PS04-MOD-0243,hr_calendar,02 OTHER.zip,Display Working Hours in Calendar,Human Resources/Employees,YES,NO,CANDIDATE-POOL,no exclusion rule matched,OBSERVED
PS04-MOD-0244,hr_contract_salary,02 OTHER.zip,Salary Configurator,Human Resources,YES,NO,CANDIDATE-POOL,no exclusion rule matched,OBSERVED
PS04-MOD-0245,hr_contract_salary_holidays,02 OTHER.zip,Salary Configurator - Holidays,Human Resources,YES,NO,CANDIDATE-POOL,no exclusion rule matched,OBSERVED
PS04-MOD-0246,hr_contract_salary_payroll,02 OTHER.zip,Salary Configurator - Payroll,Human Resources,YES,NO,CANDIDATE-POOL,no exclusion rule matched,OBSERVED
PS04-MOD-0247,hr_expense,02 OTHER.zip,Expenses,Human Resources/Expenses,YES,NO,CANDIDATE-POOL,no exclusion rule matched,OBSERVED
PS04-MOD-0248,hr_expense_extract,02 OTHER.zip,Hr Expense Extract,Human Resources/Expenses,YES,NO,CANDIDATE-POOL,no exclusion rule matched,OBSERVED
PS04-MOD-0249,hr_expense_predict_product,02 OTHER.zip,Hr Expense Predict product,Human Resources/Expenses,YES,NO,CANDIDATE-POOL,no exclusion rule matched,OBSERVED
PS04-MOD-0250,hr_expense_stripe,02 OTHER.zip,Expense cards,Human Resources/Expenses,YES,NO,CANDIDATE-POOL,no exclusion rule matched,OBSERVED
PS04-MOD-0251,hr_expense_stripe_demo,02 OTHER.zip,Expense cards: Demo,Human Resources/Expenses,YES,NO,TEST-DEMO-THEME-NOISE-CANDIDATE,demo module naming,OBSERVED
PS04-MOD-0252,hr_fleet,02 OTHER.zip,Fleet History,Human Resources,YES,NO,CANDIDATE-POOL,no exclusion rule matched,OBSERVED
PS04-MOD-0253,hr_gamification,02 OTHER.zip,HR Gamification,Human Resources,YES,NO,CANDIDATE-POOL,no exclusion rule matched,OBSERVED
PS04-MOD-0254,hr_gantt,02 OTHER.zip,Employees in Gantt,Human Resources/Employees,YES,NO,CANDIDATE-POOL,no exclusion rule matched,OBSERVED
PS04-MOD-0255,hr_holidays,02 OTHER.zip,Time Off,Human Resources/Time Off,YES,NO,CANDIDATE-POOL,no exclusion rule matched,OBSERVED
PS04-MOD-0256,hr_holidays_attendance,02 OTHER.zip,HR Attendance Holidays,Human Resources,YES,NO,CANDIDATE-POOL,no exclusion rule matched,OBSERVED
PS04-MOD-0257,hr_holidays_gantt,02 OTHER.zip,Time off Gantt,Human Resources,YES,NO,CANDIDATE-POOL,no exclusion rule matched,OBSERVED
PS04-MOD-0258,hr_holidays_homeworking,02 OTHER.zip,Holidays with Remote Work,Human Resources,YES,NO,CANDIDATE-POOL,no exclusion rule matched,OBSERVED
PS04-MOD-0259,hr_homeworking,02 OTHER.zip,Remote Work,Human Resources/Remote Work,YES,NO,CANDIDATE-POOL,no exclusion rule matched,OBSERVED
PS04-MOD-0260,hr_homeworking_calendar,02 OTHER.zip,Remote Work with calendar,Human Resources/Remote Work,YES,NO,CANDIDATE-POOL,no exclusion rule matched,OBSERVED
PS04-MOD-0261,hr_hourly_cost,02 OTHER.zip,Employee Hourly Wage,Services/Employee Hourly Cost,YES,NO,CANDIDATE-POOL,no exclusion rule matched,OBSERVED
PS04-MOD-0262,hr_livechat,02 OTHER.zip,HR - Livechat,Human Resources,YES,NO,CANDIDATE-POOL,no exclusion rule matched,OBSERVED
PS04-MOD-0263,hr_maintenance,02 OTHER.zip,Maintenance - HR,Human Resources,YES,NO,CANDIDATE-POOL,no exclusion rule matched,OBSERVED
PS04-MOD-0264,hr_mobile,02 OTHER.zip,Employees in Mobile,Human Resources/Employees,YES,NO,CANDIDATE-POOL,no exclusion rule matched,OBSERVED
PS04-MOD-0265,hr_org_chart,02 OTHER.zip,HR Org Chart,Human Resources,YES,NO,CANDIDATE-POOL,no exclusion rule matched,OBSERVED
PS04-MOD-0266,hr_payroll,02 OTHER.zip,Payroll,Human Resources/Payroll,YES,NO,CANDIDATE-POOL,no exclusion rule matched,OBSERVED
PS04-MOD-0267,hr_payroll_account,02 OTHER.zip,Payroll Accounting,Human Resources/Payroll,YES,NO,CANDIDATE-POOL,no exclusion rule matched,OBSERVED
PS04-MOD-0268,hr_payroll_account_iso20022,02 OTHER.zip,SEPA Payments for Payroll,Human Resources/Payroll,YES,NO,CANDIDATE-POOL,no exclusion rule matched,OBSERVED
PS04-MOD-0269,hr_payroll_attendance,02 OTHER.zip,Payroll - Attendance,Human Resources/Employees,YES,NO,CANDIDATE-POOL,no exclusion rule matched,OBSERVED
PS04-MOD-0270,hr_payroll_expense,02 OTHER.zip,Expenses in Payslips,Human Resources/Payroll,YES,NO,CANDIDATE-POOL,no exclusion rule matched,OBSERVED
PS04-MOD-0271,hr_payroll_fleet,02 OTHER.zip,Payroll - Fleet,Human Resources/Payroll,YES,NO,CANDIDATE-POOL,no exclusion rule matched,OBSERVED
PS04-MOD-0272,hr_payroll_holidays,02 OTHER.zip,Time Off in Payslips,Human Resources/Payroll,YES,NO,CANDIDATE-POOL,no exclusion rule matched,OBSERVED
PS04-MOD-0273,hr_payroll_planning,02 OTHER.zip,Payroll - Planning,Human Resources/Employees,YES,NO,CANDIDATE-POOL,no exclusion rule matched,OBSERVED
PS04-MOD-0274,hr_payroll_sale_commission,02 OTHER.zip,Commission in Payslips,Human Resources/Payroll,YES,NO,CANDIDATE-POOL,no exclusion rule matched,OBSERVED
PS04-MOD-0275,hr_presence,02 OTHER.zip,Employee Presence Control,Human Resources,YES,NO,CANDIDATE-POOL,no exclusion rule matched,OBSERVED
PS04-MOD-0276,hr_recruitment,02 OTHER.zip,Recruitment,Human Resources/Recruitment,YES,NO,CANDIDATE-POOL,no exclusion rule matched,OBSERVED
PS04-MOD-0277,hr_recruitment_ai,02 OTHER.zip,Recruitment With AI,Human Resources/Recruitment,YES,NO,CANDIDATE-POOL,no exclusion rule matched,OBSERVED
PS04-MOD-0278,hr_recruitment_extract,02 OTHER.zip,Hr Recruitment Extract,Human Resources/Recruitment,YES,NO,CANDIDATE-POOL,no exclusion rule matched,OBSERVED
PS04-MOD-0279,hr_recruitment_integration_base,02 OTHER.zip,Recruitment Integration Base,Human Resources/Recruitment/Integration,YES,NO,CANDIDATE-POOL,no exclusion rule matched,OBSERVED
PS04-MOD-0280,hr_recruitment_integration_monster,02 OTHER.zip,Job Board - Monster.com,Human Resources/Recruitment/Integration,YES,NO,CANDIDATE-POOL,no exclusion rule matched,OBSERVED
PS04-MOD-0281,hr_recruitment_integration_skills_monster,02 OTHER.zip,Job Board - Monster.com (Skills),Human Resources/Recruitment/Integration,YES,NO,CANDIDATE-POOL,no exclusion rule matched,OBSERVED
PS04-MOD-0282,hr_recruitment_integration_website,02 OTHER.zip,Recruitment Integration website,Human Resources/Recruitment/Integration,YES,NO,CANDIDATE-POOL,no exclusion rule matched,OBSERVED
PS04-MOD-0283,hr_recruitment_integration_website_monster,02 OTHER.zip,Job Board - Monster.com (Website),Human Resources/Recruitment/Integration,YES,NO,CANDIDATE-POOL,no exclusion rule matched,OBSERVED
PS04-MOD-0284,hr_recruitment_reports,02 OTHER.zip,Recruitment Reporting,Human Resources/Recruitment,YES,NO,CANDIDATE-POOL,no exclusion rule matched,OBSERVED
PS04-MOD-0285,hr_recruitment_sign,02 OTHER.zip,Recruitment - Signature,Human Resources/Recruitment,YES,NO,CANDIDATE-POOL,no exclusion rule matched,OBSERVED
PS04-MOD-0286,hr_recruitment_skills,02 OTHER.zip,Recruitment - Skills Management,Human Resources/Recruitment,YES,NO,CANDIDATE-POOL,no exclusion rule matched,OBSERVED
PS04-MOD-0287,hr_recruitment_sms,02 OTHER.zip,Recruitment - SMS,Human Resources/Recruitment,YES,NO,CANDIDATE-POOL,no exclusion rule matched,OBSERVED
PS04-MOD-0288,hr_recruitment_survey,02 OTHER.zip,Hr Recruitment Interview Forms,Human Resources,YES,NO,CANDIDATE-POOL,no exclusion rule matched,OBSERVED
PS04-MOD-0289,hr_referral,02 OTHER.zip,Employee Referral,Human Resources/Referrals,YES,NO,CANDIDATE-POOL,no exclusion rule matched,OBSERVED
PS04-MOD-0290,hr_sign,02 OTHER.zip,Contract - Signature,Human Resources,YES,NO,CANDIDATE-POOL,no exclusion rule matched,OBSERVED
PS04-MOD-0291,hr_skills,02 OTHER.zip,Skills Management,Human Resources/Employees,YES,NO,CANDIDATE-POOL,no exclusion rule matched,OBSERVED
PS04-MOD-0292,hr_skills_event,02 OTHER.zip,Skills Events,Hidden,YES,NO,CANDIDATE-POOL,no exclusion rule matched,OBSERVED
PS04-MOD-0293,hr_skills_slides,02 OTHER.zip,Skills e-learning,Human Resources/Employees,YES,NO,CANDIDATE-POOL,no exclusion rule matched,OBSERVED
PS04-MOD-0294,hr_skills_survey,02 OTHER.zip,Skills Certification,Human Resources/Employees,YES,NO,CANDIDATE-POOL,no exclusion rule matched,OBSERVED
PS04-MOD-0295,hr_timesheet,02 OTHER.zip,Task Logs,Services/Timesheets,YES,NO,CANDIDATE-POOL,no exclusion rule matched,OBSERVED
PS04-MOD-0296,hr_timesheet_attendance,02 OTHER.zip,Timesheets/attendances reporting,Human Resources/Attendances,YES,NO,CANDIDATE-POOL,no exclusion rule matched,OBSERVED
PS04-MOD-0297,hr_work_entry,02 OTHER.zip,Work Entries,Human Resources/Employees,YES,NO,CANDIDATE-POOL,no exclusion rule matched,OBSERVED
PS04-MOD-0298,hr_work_entry_attendance,02 OTHER.zip,Work Entries - Attendance,Human Resources/Employees,YES,NO,CANDIDATE-POOL,no exclusion rule matched,OBSERVED
PS04-MOD-0299,hr_work_entry_enterprise,02 OTHER.zip,Work Entries - Enterprise,Human Resources/Employees,YES,NO,CANDIDATE-POOL,no exclusion rule matched,OBSERVED
PS04-MOD-0300,hr_work_entry_holidays,02 OTHER.zip,Time Off in Payslips,Human Resources/Payroll,YES,NO,CANDIDATE-POOL,no exclusion rule matched,OBSERVED
PS04-MOD-0301,hr_work_entry_holidays_enterprise,02 OTHER.zip,Time Off in Payslips Enterprise,Human Resources/Payroll,YES,NO,CANDIDATE-POOL,no exclusion rule matched,OBSERVED
PS04-MOD-0302,hr_work_entry_planning,02 OTHER.zip,Work Entries - Planning,Human Resources/Employees,YES,NO,CANDIDATE-POOL,no exclusion rule matched,OBSERVED
PS04-MOD-0303,hr_work_entry_planning_attendance,02 OTHER.zip,Attendances - Planning,Human Resources/Employees,YES,NO,CANDIDATE-POOL,no exclusion rule matched,OBSERVED
PS04-MOD-0304,html_builder,02 OTHER.zip,HTML Builder,Uncategorized,YES,NO,CANDIDATE-POOL,no exclusion rule matched,OBSERVED
PS04-MOD-0305,html_editor,02 OTHER.zip,HTML Editor,Hidden,YES,NO,CANDIDATE-POOL,no exclusion rule matched,OBSERVED
PS04-MOD-0306,http_routing,02 OTHER.zip,Web Routing,Hidden,YES,NO,CANDIDATE-POOL,no exclusion rule matched,OBSERVED
PS04-MOD-0307,iap,02 OTHER.zip,In-App Purchases,Hidden/Tools,YES,NO,CANDIDATE-POOL,no exclusion rule matched,OBSERVED
PS04-MOD-0308,iap_crm,02 OTHER.zip,IAP / CRM,Hidden/Tools,YES,NO,CANDIDATE-POOL,no exclusion rule matched,OBSERVED
PS04-MOD-0309,iap_extract,02 OTHER.zip,Iap Extract,Hidden/Tools,YES,NO,CANDIDATE-POOL,no exclusion rule matched,OBSERVED
PS04-MOD-0310,iap_mail,02 OTHER.zip,IAP / Mail,Hidden/Tools,YES,NO,CANDIDATE-POOL,no exclusion rule matched,OBSERVED
PS04-MOD-0311,im_livechat,02 OTHER.zip,Live Chat,Website/Live Chat,YES,NO,CANDIDATE-POOL,no exclusion rule matched,OBSERVED
PS04-MOD-0312,industry_fsm,02 OTHER.zip,Field Service,Services/Field Service,YES,NO,CANDIDATE-POOL,no exclusion rule matched,OBSERVED
PS04-MOD-0313,industry_fsm_repair,02 OTHER.zip,Field Service Repair,Services/Field Service,YES,NO,CANDIDATE-POOL,no exclusion rule matched,OBSERVED
PS04-MOD-0314,industry_fsm_report,02 OTHER.zip,Field Service Reports,Services/Field Service,YES,NO,CANDIDATE-POOL,no exclusion rule matched,OBSERVED
PS04-MOD-0315,industry_fsm_sale,02 OTHER.zip,Field Service - Sale,Services/Field Service,YES,NO,CANDIDATE-POOL,no exclusion rule matched,OBSERVED
PS04-MOD-0316,industry_fsm_sale_report,02 OTHER.zip,Field Service Reports - Sale,Services/Field Service,YES,NO,CANDIDATE-POOL,no exclusion rule matched,OBSERVED
PS04-MOD-0317,industry_fsm_sale_subscription,02 OTHER.zip,Field Service - Sale Subscription,Services/Field Service,YES,NO,CANDIDATE-POOL,no exclusion rule matched,OBSERVED
PS04-MOD-0318,industry_fsm_sms,02 OTHER.zip,FSM - SMS,Services/Field Service,YES,NO,CANDIDATE-POOL,no exclusion rule matched,OBSERVED
PS04-MOD-0319,industry_fsm_stock,02 OTHER.zip,Field Service Stock,Services/Field Service,YES,NO,CANDIDATE-POOL,no exclusion rule matched,OBSERVED
PS04-MOD-0320,iot,02 OTHER.zip,Internet of Things,Administration/IoT,YES,NO,CANDIDATE-POOL,no exclusion rule matched,OBSERVED
PS04-MOD-0321,iot_base,02 OTHER.zip,IoT Base,Hidden,YES,NO,CANDIDATE-POOL,no exclusion rule matched,OBSERVED
PS04-MOD-0322,iot_box_image,02 OTHER.zip,IoT Box Image Build Tools,Hidden/Tools,YES,NO,CANDIDATE-POOL,no exclusion rule matched,OBSERVED
PS04-MOD-0323,iot_drivers,02 OTHER.zip,Hardware Proxy,Hidden,YES,NO,CANDIDATE-POOL,no exclusion rule matched,OBSERVED
PS04-MOD-0324,knowledge,02 OTHER.zip,Knowledge,Productivity/Knowledge,YES,NO,CANDIDATE-POOL,no exclusion rule matched,OBSERVED
PS04-MOD-0325,l10n_account_edi_ubl_cii_tests,02 OTHER.zip,Testing the Import/Export invoices with UBL/CII,Accounting/Accounting,YES,NO,FOREIGN-LOCALIZATION-CANDIDATE,module name prefix l10n_ (non-Thai),OBSERVED
PS04-MOD-0326,l10n_account_withholding_tax,02 OTHER.zip,Withholding Tax on Payment,Accounting/Localizations,YES,NO,FOREIGN-LOCALIZATION-CANDIDATE,module name prefix l10n_ (non-Thai),OBSERVED
PS04-MOD-0327,l10n_account_withholding_tax_pos,02 OTHER.zip,Withholding Tax on Payment - PoS,Accounting/Localizations,YES,NO,FOREIGN-LOCALIZATION-CANDIDATE,module name prefix l10n_ (non-Thai),OBSERVED
PS04-MOD-0328,l10n_ae,02 OTHER.zip,United Arab Emirates - Accounting,Accounting/Localizations/Account Charts,YES,NO,FOREIGN-LOCALIZATION-CANDIDATE,module name prefix l10n_ (non-Thai),OBSERVED
PS04-MOD-0329,l10n_ae_faf,02 OTHER.zip,United Arab Emirates - FTA VAT Audit,,YES,NO,FOREIGN-LOCALIZATION-CANDIDATE,module name prefix l10n_ (non-Thai),OBSERVED
PS04-MOD-0330,l10n_ae_hr_payroll,02 OTHER.zip,United Arab Emirates - Payroll,Human Resources/Payroll,YES,NO,FOREIGN-LOCALIZATION-CANDIDATE,module name prefix l10n_ (non-Thai),OBSERVED
PS04-MOD-0331,l10n_ae_hr_payroll_account,02 OTHER.zip,United Arab Emirates - Payroll with Accounting,Human Resources,YES,NO,FOREIGN-LOCALIZATION-CANDIDATE,module name prefix l10n_ (non-Thai),OBSERVED
PS04-MOD-0332,l10n_ae_pos,02 OTHER.zip,United Arab Emirates - Point of Sale,Accounting/Localizations/Point of Sale,YES,NO,FOREIGN-LOCALIZATION-CANDIDATE,module name prefix l10n_ (non-Thai),OBSERVED
PS04-MOD-0333,l10n_ae_reports,02 OTHER.zip,United Arab Emirates - Accounting Reports,Accounting/Localizations/Reporting,YES,NO,FOREIGN-LOCALIZATION-CANDIDATE,module name prefix l10n_ (non-Thai),OBSERVED
PS04-MOD-0334,l10n_anz_ubl_pint,02 OTHER.zip,Australia & New Zealand - UBL PINT,Accounting/Localizations/EDI,YES,NO,FOREIGN-LOCALIZATION-CANDIDATE,module name prefix l10n_ (non-Thai),OBSERVED
PS04-MOD-0335,l10n_ar,02 OTHER.zip,Argentina - Accounting,Accounting/Localizations/Account Charts,YES,NO,FOREIGN-LOCALIZATION-CANDIDATE,module name prefix l10n_ (non-Thai),OBSERVED
PS04-MOD-0336,l10n_ar_edi,02 OTHER.zip,Argentinean Electronic Invoicing,Accounting/Localizations/EDI,YES,NO,FOREIGN-LOCALIZATION-CANDIDATE,module name prefix l10n_ (non-Thai),OBSERVED
PS04-MOD-0337,l10n_ar_pos,02 OTHER.zip,Argentinean - Point of Sale with AR Doc,Accounting/Localizations/Point of Sale,YES,NO,FOREIGN-LOCALIZATION-CANDIDATE,module name prefix l10n_ (non-Thai),OBSERVED
PS04-MOD-0338,l10n_ar_reports,02 OTHER.zip,Argentinean Accounting Reports,Accounting/Localizations/Reporting,YES,NO,FOREIGN-LOCALIZATION-CANDIDATE,module name prefix l10n_ (non-Thai),OBSERVED
PS04-MOD-0339,l10n_ar_reports_simple,02 OTHER.zip,Argentinean Accounting IVA Simple Export,Accounting/Localizations/Reporting,YES,NO,FOREIGN-LOCALIZATION-CANDIDATE,module name prefix l10n_ (non-Thai),OBSERVED
PS04-MOD-0340,l10n_ar_stock,02 OTHER.zip,Argentinean - Stock,Accounting/Localizations,YES,NO,FOREIGN-LOCALIZATION-CANDIDATE,module name prefix l10n_ (non-Thai),OBSERVED
PS04-MOD-0341,l10n_ar_website_sale,02 OTHER.zip,Argentinean eCommerce,Accounting/Localizations/Website,YES,NO,FOREIGN-LOCALIZATION-CANDIDATE,module name prefix l10n_ (non-Thai),OBSERVED
PS04-MOD-0342,l10n_ar_withholding,02 OTHER.zip,Argentina - Payment Withholdings,Accounting/Localizations,YES,NO,FOREIGN-LOCALIZATION-CANDIDATE,module name prefix l10n_ (non-Thai),OBSERVED
PS04-MOD-0343,l10n_at,02 OTHER.zip,Austria - Accounting,Accounting/Localizations/Account Charts,YES,NO,FOREIGN-LOCALIZATION-CANDIDATE,module name prefix l10n_ (non-Thai),OBSERVED
PS04-MOD-0344,l10n_at_intrastat,02 OTHER.zip,Austrian Intrastat Declaration,Accounting/Localizations/Reporting,YES,NO,FOREIGN-LOCALIZATION-CANDIDATE,module name prefix l10n_ (non-Thai),OBSERVED
PS04-MOD-0345,l10n_at_pos,02 OTHER.zip,Austria - Security Regulation for Point of Sale,,YES,NO,FOREIGN-LOCALIZATION-CANDIDATE,module name prefix l10n_ (non-Thai),OBSERVED
PS04-MOD-0346,l10n_at_reports,02 OTHER.zip,Austria - Accounting Reports,Accounting/Localizations/Reporting,YES,NO,FOREIGN-LOCALIZATION-CANDIDATE,module name prefix l10n_ (non-Thai),OBSERVED
PS04-MOD-0347,l10n_at_saft,02 OTHER.zip,Austrian SAF-T Export,Accounting/Localizations/Reporting,YES,NO,FOREIGN-LOCALIZATION-CANDIDATE,module name prefix l10n_ (non-Thai),OBSERVED
PS04-MOD-0348,l10n_au,02 OTHER.zip,Australia - Accounting,Accounting/Localizations/Account Charts,YES,NO,FOREIGN-LOCALIZATION-CANDIDATE,module name prefix l10n_ (non-Thai),OBSERVED
PS04-MOD-0349,l10n_au_aba,02 OTHER.zip,ABA Credit Transfer,Accounting/Localizations/EDI,YES,NO,FOREIGN-LOCALIZATION-CANDIDATE,module name prefix l10n_ (non-Thai),OBSERVED
PS04-MOD-0350,l10n_au_hr_payroll,02 OTHER.zip,Australia - Payroll,Human Resources/Payroll,YES,NO,FOREIGN-LOCALIZATION-CANDIDATE,module name prefix l10n_ (non-Thai),OBSERVED
PS04-MOD-0351,l10n_au_hr_payroll_account,02 OTHER.zip,Australia - Payroll with Accounting,Human Resources,YES,NO,FOREIGN-LOCALIZATION-CANDIDATE,module name prefix l10n_ (non-Thai),OBSERVED
PS04-MOD-0352,l10n_au_hr_payroll_api,02 OTHER.zip,Australia - Payroll with API,Human Resources,YES,NO,FOREIGN-LOCALIZATION-CANDIDATE,module name prefix l10n_ (non-Thai),OBSERVED
PS04-MOD-0353,l10n_au_reports,02 OTHER.zip,Australian Reports - Accounting,Accounting/Localizations/Reporting,YES,NO,FOREIGN-LOCALIZATION-CANDIDATE,module name prefix l10n_ (non-Thai),OBSERVED
PS04-MOD-0354,l10n_bd,02 OTHER.zip,Bangladesh - Accounting,Accounting/Localizations/Account Charts,YES,NO,FOREIGN-LOCALIZATION-CANDIDATE,module name prefix l10n_ (non-Thai),OBSERVED
PS04-MOD-0355,l10n_bd_hr_payroll,02 OTHER.zip,Bangladesh - Payroll,Human Resources/Payroll,YES,NO,FOREIGN-LOCALIZATION-CANDIDATE,module name prefix l10n_ (non-Thai),OBSERVED
PS04-MOD-0356,l10n_bd_hr_payroll_account,02 OTHER.zip,Bangladesh - Payroll with Accounting,Human Resources,YES,NO,FOREIGN-LOCALIZATION-CANDIDATE,module name prefix l10n_ (non-Thai),OBSERVED
PS04-MOD-0357,l10n_bd_reports,02 OTHER.zip,Bangladesh - Accounting Reports,,YES,NO,FOREIGN-LOCALIZATION-CANDIDATE,module name prefix l10n_ (non-Thai),OBSERVED
PS04-MOD-0358,l10n_be,02 OTHER.zip,Belgium - Accounting,Accounting/Localizations/Account Charts,YES,NO,FOREIGN-LOCALIZATION-CANDIDATE,module name prefix l10n_ (non-Thai),OBSERVED
PS04-MOD-0359,l10n_be_coda,02 OTHER.zip,Belgium - Import Bank CODA Statements,Accounting/Localizations,YES,NO,FOREIGN-LOCALIZATION-CANDIDATE,module name prefix l10n_ (non-Thai),OBSERVED
PS04-MOD-0360,l10n_be_codabox,02 OTHER.zip,CodaBox,Accounting/Localizations,YES,NO,FOREIGN-LOCALIZATION-CANDIDATE,module name prefix l10n_ (non-Thai),OBSERVED
PS04-MOD-0361,l10n_be_codaclean,02 OTHER.zip,Codaclean,Accounting/Localizations,YES,NO,FOREIGN-LOCALIZATION-CANDIDATE,module name prefix l10n_ (non-Thai),OBSERVED
PS04-MOD-0362,l10n_be_fiscal_categories,02 OTHER.zip,Belgium - Fiscal Categories Data,Accounting/Accounting,YES,NO,FOREIGN-LOCALIZATION-CANDIDATE,module name prefix l10n_ (non-Thai),OBSERVED
PS04-MOD-0363,l10n_be_fiscal_categories_fleet,02 OTHER.zip,Belgium - Disallowed Expenses Fleet,Accounting/Accounting,YES,NO,FOREIGN-LOCALIZATION-CANDIDATE,module name prefix l10n_ (non-Thai),OBSERVED
PS04-MOD-0364,l10n_be_hr_contract_salary,02 OTHER.zip,Salary Configurator (Belgium),Human Resources,YES,NO,FOREIGN-LOCALIZATION-CANDIDATE,module name prefix l10n_ (non-Thai),OBSERVED
PS04-MOD-0365,l10n_be_hr_payroll,02 OTHER.zip,Belgium - Payroll,Human Resources/Payroll,YES,NO,FOREIGN-LOCALIZATION-CANDIDATE,module name prefix l10n_ (non-Thai),OBSERVED
PS04-MOD-0366,l10n_be_hr_payroll_account,02 OTHER.zip,Belgium - Payroll with Accounting,Human Resources,YES,NO,FOREIGN-LOCALIZATION-CANDIDATE,module name prefix l10n_ (non-Thai),OBSERVED
PS04-MOD-0367,l10n_be_hr_payroll_acerta,02 OTHER.zip,Belgium - Payroll - Export to Acerta,Human Resources,YES,NO,FOREIGN-LOCALIZATION-CANDIDATE,module name prefix l10n_ (non-Thai),OBSERVED
PS04-MOD-0368,l10n_be_hr_payroll_attendance,02 OTHER.zip,Belgian Payroll - Attendance,Human Resources/Employees,YES,NO,FOREIGN-LOCALIZATION-CANDIDATE,module name prefix l10n_ (non-Thai),OBSERVED
PS04-MOD-0369,l10n_be_hr_payroll_dimona,02 OTHER.zip,Belgium - Payroll - Dimona,Human Resources,YES,NO,FOREIGN-LOCALIZATION-CANDIDATE,module name prefix l10n_ (non-Thai),OBSERVED
PS04-MOD-0370,l10n_be_hr_payroll_dimona_auto,02 OTHER.zip,Belgium - Payroll - Dimona - Automation,Human Resources,YES,NO,FOREIGN-LOCALIZATION-CANDIDATE,module name prefix l10n_ (non-Thai),OBSERVED
PS04-MOD-0371,l10n_be_hr_payroll_fix,02 OTHER.zip,Belgian Payroll - Holiday Attest Fix,Human Resources/Payroll,YES,NO,FOREIGN-LOCALIZATION-CANDIDATE,module name prefix l10n_ (non-Thai),OBSERVED
PS04-MOD-0372,l10n_be_hr_payroll_fleet,02 OTHER.zip,Belgium - Payroll - Fleet,Human Resources,YES,NO,FOREIGN-LOCALIZATION-CANDIDATE,module name prefix l10n_ (non-Thai),OBSERVED
PS04-MOD-0373,l10n_be_hr_payroll_group_s,02 OTHER.zip,Belgium - Payroll - Export to Group S,Human Resources,YES,NO,FOREIGN-LOCALIZATION-CANDIDATE,module name prefix l10n_ (non-Thai),OBSERVED
PS04-MOD-0374,l10n_be_hr_payroll_partena,02 OTHER.zip,Belgium - Payroll - Export to Partena,Human Resources,YES,NO,FOREIGN-LOCALIZATION-CANDIDATE,module name prefix l10n_ (non-Thai),OBSERVED
PS04-MOD-0375,l10n_be_hr_payroll_prisma,02 OTHER.zip,Belgium - Payroll - Export to Prisma,Human Resources,YES,NO,FOREIGN-LOCALIZATION-CANDIDATE,module name prefix l10n_ (non-Thai),OBSERVED
PS04-MOD-0376,l10n_be_hr_payroll_sd_worx,02 OTHER.zip,Belgium - Payroll - Export to SD Worx,Human Resources,YES,NO,FOREIGN-LOCALIZATION-CANDIDATE,module name prefix l10n_ (non-Thai),OBSERVED
PS04-MOD-0377,l10n_be_hr_payroll_ucm,02 OTHER.zip,Belgium - Payroll - Export to UCM,Human Resources,YES,NO,FOREIGN-LOCALIZATION-CANDIDATE,module name prefix l10n_ (non-Thai),OBSERVED
PS04-MOD-0378,l10n_be_intervat,02 OTHER.zip,Belgian Intervat & Myminfin Edi,Accounting/Localizations/edi,YES,NO,FOREIGN-LOCALIZATION-CANDIDATE,module name prefix l10n_ (non-Thai),OBSERVED
PS04-MOD-0379,l10n_be_intrastat,02 OTHER.zip,Belgian Intrastat Declaration,Accounting/Localizations/Reporting,YES,NO,FOREIGN-LOCALIZATION-CANDIDATE,module name prefix l10n_ (non-Thai),OBSERVED
PS04-MOD-0380,l10n_be_pos_restaurant,02 OTHER.zip,Belgian POS Restaurant Localization,Sales/Point of Sale,YES,NO,FOREIGN-LOCALIZATION-CANDIDATE,module name prefix l10n_ (non-Thai),OBSERVED
PS04-MOD-0381,l10n_be_pos_sale,02 OTHER.zip,l10n_be_pos_sale,Sales/Point of Sale,YES,NO,FOREIGN-LOCALIZATION-CANDIDATE,module name prefix l10n_ (non-Thai),OBSERVED
PS04-MOD-0382,l10n_be_reports,02 OTHER.zip,Belgium - Accounting Reports,Accounting/Localizations/Reporting,YES,NO,FOREIGN-LOCALIZATION-CANDIDATE,module name prefix l10n_ (non-Thai),OBSERVED
PS04-MOD-0383,l10n_be_reports_client_nihil,02 OTHER.zip,Belgium - Accounting Reports Client Nihil,Accounting/Localizations/Reporting,YES,NO,FOREIGN-LOCALIZATION-CANDIDATE,module name prefix l10n_ (non-Thai),OBSERVED
PS04-MOD-0384,l10n_be_reports_hr_payroll,02 OTHER.zip,Belgium - Accounting Reports & Payroll Bridge,,YES,NO,FOREIGN-LOCALIZATION-CANDIDATE,module name prefix l10n_ (non-Thai),OBSERVED
PS04-MOD-0385,l10n_be_reports_sms,02 OTHER.zip,Belgium - Accounting Reports - SMS,Accounting/Localizations/Reporting,YES,NO,FOREIGN-LOCALIZATION-CANDIDATE,module name prefix l10n_ (non-Thai),OBSERVED
PS04-MOD-0386,l10n_be_soda,02 OTHER.zip,Belgium - Import SODA files,Accounting/Localizations,YES,NO,FOREIGN-LOCALIZATION-CANDIDATE,module name prefix l10n_ (non-Thai),OBSERVED
PS04-MOD-0387,l10n_bf,02 OTHER.zip,Burkina Faso - Accounting,Accounting/Localizations/Account Charts,YES,NO,FOREIGN-LOCALIZATION-CANDIDATE,module name prefix l10n_ (non-Thai),OBSERVED
PS04-MOD-0388,l10n_bf_reports,02 OTHER.zip,Burkina Faso - Accounting Reports,,YES,NO,FOREIGN-LOCALIZATION-CANDIDATE,module name prefix l10n_ (non-Thai),OBSERVED
PS04-MOD-0389,l10n_bg,02 OTHER.zip,Bulgaria - Accounting,Accounting/Localizations/Account Charts,YES,NO,FOREIGN-LOCALIZATION-CANDIDATE,module name prefix l10n_ (non-Thai),OBSERVED
PS04-MOD-0390,l10n_bg_ledger,02 OTHER.zip,Bulgaria - Report ledger,Accounting/Localizations/Account Charts,YES,NO,FOREIGN-LOCALIZATION-CANDIDATE,module name prefix l10n_ (non-Thai),OBSERVED
PS04-MOD-0391,l10n_bg_reports,02 OTHER.zip,Bulgaria - Accounting Reports,Accounting/Localizations/Reporting,YES,NO,FOREIGN-LOCALIZATION-CANDIDATE,module name prefix l10n_ (non-Thai),OBSERVED
PS04-MOD-0392,l10n_bg_reports_ledger,02 OTHER.zip,Bulgaria - Accounting Reports Ledger,Accounting/Localizations/Reporting,YES,NO,FOREIGN-LOCALIZATION-CANDIDATE,module name prefix l10n_ (non-Thai),OBSERVED
PS04-MOD-0393,l10n_bh,02 OTHER.zip,Bahrain - Accounting,Accounting/Localizations/Account Charts,YES,NO,FOREIGN-LOCALIZATION-CANDIDATE,module name prefix l10n_ (non-Thai),OBSERVED
PS04-MOD-0394,l10n_bh_reports,02 OTHER.zip,Bahrain - Accounting Reports,,YES,NO,FOREIGN-LOCALIZATION-CANDIDATE,module name prefix l10n_ (non-Thai),OBSERVED
PS04-MOD-0395,l10n_bj,02 OTHER.zip,Benin - Accounting,Accounting/Localizations/Account Charts,YES,NO,FOREIGN-LOCALIZATION-CANDIDATE,module name prefix l10n_ (non-Thai),OBSERVED
PS04-MOD-0396,l10n_bj_reports,02 OTHER.zip,Benin - Accounting Reports,,YES,NO,FOREIGN-LOCALIZATION-CANDIDATE,module name prefix l10n_ (non-Thai),OBSERVED
PS04-MOD-0397,l10n_bo,02 OTHER.zip,Bolivia - Accounting,Accounting/Localizations/Account Charts,YES,NO,FOREIGN-LOCALIZATION-CANDIDATE,module name prefix l10n_ (non-Thai),OBSERVED
PS04-MOD-0398,l10n_bo_reports,02 OTHER.zip,Bolivia - Accounting Reports,Accounting/Localizations/Reporting,YES,NO,FOREIGN-LOCALIZATION-CANDIDATE,module name prefix l10n_ (non-Thai),OBSERVED
PS04-MOD-0399,l10n_br,02 OTHER.zip,Brazilian - Accounting,Accounting/Localizations/Account Charts,YES,NO,FOREIGN-LOCALIZATION-CANDIDATE,module name prefix l10n_ (non-Thai),OBSERVED
PS04-MOD-0400,l10n_br_avatax,02 OTHER.zip,Avatax Brazil,Accounting/Accounting,YES,NO,FOREIGN-LOCALIZATION-CANDIDATE,module name prefix l10n_ (non-Thai),OBSERVED
PS04-MOD-0401,l10n_br_avatax_sale,02 OTHER.zip,Avatax Brazil Sale,Accounting/Accounting,YES,NO,FOREIGN-LOCALIZATION-CANDIDATE,module name prefix l10n_ (non-Thai),OBSERVED
PS04-MOD-0402,l10n_br_edi,02 OTHER.zip,Brazilian Accounting EDI,Accounting/Localizations/EDI,YES,NO,FOREIGN-LOCALIZATION-CANDIDATE,module name prefix l10n_ (non-Thai),OBSERVED
PS04-MOD-0403,l10n_br_edi_fiscal_reform,02 OTHER.zip,Avatax Brazil Fiscal Reform,Accounting/Accounting,YES,NO,FOREIGN-LOCALIZATION-CANDIDATE,module name prefix l10n_ (non-Thai),OBSERVED
PS04-MOD-0404,l10n_br_edi_pos,02 OTHER.zip,Brazilian Accounting EDI for POS,Accounting/Localizations/EDI,YES,NO,FOREIGN-LOCALIZATION-CANDIDATE,module name prefix l10n_ (non-Thai),OBSERVED
PS04-MOD-0405,l10n_br_edi_pos_fiscal_reform,02 OTHER.zip,Avatax Brazil POS Fiscal Reform,Accounting/Localizations/EDI,YES,NO,FOREIGN-LOCALIZATION-CANDIDATE,module name prefix l10n_ (non-Thai),OBSERVED
PS04-MOD-0406,l10n_br_edi_sale,02 OTHER.zip,Brazilian Accounting EDI For Sale,Accounting/Localizations/EDI,YES,NO,FOREIGN-LOCALIZATION-CANDIDATE,module name prefix l10n_ (non-Thai),OBSERVED
PS04-MOD-0407,l10n_br_edi_sale_fiscal_reform,02 OTHER.zip,Avatax Brazil Sale Fiscal Reform,Accounting/Accounting,YES,NO,FOREIGN-LOCALIZATION-CANDIDATE,module name prefix l10n_ (non-Thai),OBSERVED
PS04-MOD-0408,l10n_br_edi_stock,02 OTHER.zip,Brazilian Accounting EDI for stock,Accounting/Localizations/EDI,YES,NO,FOREIGN-LOCALIZATION-CANDIDATE,module name prefix l10n_ (non-Thai),OBSERVED
PS04-MOD-0409,l10n_br_edi_website_sale,02 OTHER.zip,Brazilian Accounting EDI for eCommerce,Accounting/Localizations/EDI,YES,NO,FOREIGN-LOCALIZATION-CANDIDATE,module name prefix l10n_ (non-Thai),OBSERVED
PS04-MOD-0410,l10n_br_reports,02 OTHER.zip,Brazil - Accounting Reports,Accounting/Localizations/Reporting,YES,NO,FOREIGN-LOCALIZATION-CANDIDATE,module name prefix l10n_ (non-Thai),OBSERVED
PS04-MOD-0411,l10n_br_sale_subscription,02 OTHER.zip,Brazil - Sale Subscription,Sales/Subscriptions,YES,NO,FOREIGN-LOCALIZATION-CANDIDATE,module name prefix l10n_ (non-Thai),OBSERVED
PS04-MOD-0412,l10n_br_sales,02 OTHER.zip,Brazil - Sale,Sales/Sales,YES,NO,FOREIGN-LOCALIZATION-CANDIDATE,module name prefix l10n_ (non-Thai),OBSERVED
PS04-MOD-0413,l10n_br_website_sale,02 OTHER.zip,Brazil - Website Sale,Sales/Sales,YES,NO,FOREIGN-LOCALIZATION-CANDIDATE,module name prefix l10n_ (non-Thai),OBSERVED
PS04-MOD-0414,l10n_br_website_sale_fiscal_reform,02 OTHER.zip,Avatax Brazil eCommerce Fiscal Reform,Accounting/Accounting,YES,NO,FOREIGN-LOCALIZATION-CANDIDATE,module name prefix l10n_ (non-Thai),OBSERVED
PS04-MOD-0415,l10n_ca,02 OTHER.zip,Canada - Accounting,Accounting/Localizations/Account Charts,YES,NO,FOREIGN-LOCALIZATION-CANDIDATE,module name prefix l10n_ (non-Thai),OBSERVED
PS04-MOD-0416,l10n_ca_check_printing,02 OTHER.zip,Canadian Checks Layout,Accounting/Localizations/Check,YES,NO,FOREIGN-LOCALIZATION-CANDIDATE,module name prefix l10n_ (non-Thai),OBSERVED
PS04-MOD-0417,l10n_ca_payment_cpa005,02 OTHER.zip,CPA005 Payments,Accounting/Accounting,YES,NO,FOREIGN-LOCALIZATION-CANDIDATE,module name prefix l10n_ (non-Thai),OBSERVED
PS04-MOD-0418,l10n_ca_reports,02 OTHER.zip,Canada - Accounting Reports,Accounting/Localizations/Reporting,YES,NO,FOREIGN-LOCALIZATION-CANDIDATE,module name prefix l10n_ (non-Thai),OBSERVED
PS04-MOD-0419,l10n_cd,02 OTHER.zip,Democratic Republic of the Congo - Accounting,Accounting/Localizations/Account Charts,YES,NO,FOREIGN-LOCALIZATION-CANDIDATE,module name prefix l10n_ (non-Thai),OBSERVED
PS04-MOD-0420,l10n_cd_reports,02 OTHER.zip,Democratic Republic of the Congo - Accounting Reports,,YES,NO,FOREIGN-LOCALIZATION-CANDIDATE,module name prefix l10n_ (non-Thai),OBSERVED
PS04-MOD-0421,l10n_cf,02 OTHER.zip,Central African Republic - Accounting,Accounting/Localizations/Account Charts,YES,NO,FOREIGN-LOCALIZATION-CANDIDATE,module name prefix l10n_ (non-Thai),OBSERVED
PS04-MOD-0422,l10n_cf_reports,02 OTHER.zip,Central African Republic - Accounting Reports,,YES,NO,FOREIGN-LOCALIZATION-CANDIDATE,module name prefix l10n_ (non-Thai),OBSERVED
PS04-MOD-0423,l10n_cg,02 OTHER.zip,Congo - Accounting,Accounting/Localizations/Account Charts,YES,NO,FOREIGN-LOCALIZATION-CANDIDATE,module name prefix l10n_ (non-Thai),OBSERVED
PS04-MOD-0424,l10n_cg_reports,02 OTHER.zip,Congo - Accounting Reports,,YES,NO,FOREIGN-LOCALIZATION-CANDIDATE,module name prefix l10n_ (non-Thai),OBSERVED
PS04-MOD-0425,l10n_ch,02 OTHER.zip,Switzerland - Accounting,Accounting/Localizations/Account Charts,YES,NO,FOREIGN-LOCALIZATION-CANDIDATE,module name prefix l10n_ (non-Thai),OBSERVED
PS04-MOD-0426,l10n_ch_hr_payroll,02 OTHER.zip,Switzerland - Swissdec Certified ELM 5.0 - Payroll,Human Resources/Payroll,YES,NO,FOREIGN-LOCALIZATION-CANDIDATE,module name prefix l10n_ (non-Thai),OBSERVED
PS04-MOD-0427,l10n_ch_hr_payroll_account,02 OTHER.zip,Switzerland - Payroll with Accounting,Human Resources,YES,NO,FOREIGN-LOCALIZATION-CANDIDATE,module name prefix l10n_ (non-Thai),OBSERVED
PS04-MOD-0428,l10n_ch_hr_payroll_elm_transmission_5_3,02 OTHER.zip,Swissdec Certified Payroll ELM 5.3,Human Resources/Payroll,YES,NO,FOREIGN-LOCALIZATION-CANDIDATE,module name prefix l10n_ (non-Thai),OBSERVED
PS04-MOD-0429,l10n_ch_pos,02 OTHER.zip,Swiss - Point of Sale,Accounting/Localizations/Point of Sale,YES,NO,FOREIGN-LOCALIZATION-CANDIDATE,module name prefix l10n_ (non-Thai),OBSERVED
PS04-MOD-0430,l10n_ch_reports,02 OTHER.zip,Switzerland - Accounting Reports,Accounting/Localizations/Reporting,YES,NO,FOREIGN-LOCALIZATION-CANDIDATE,module name prefix l10n_ (non-Thai),OBSERVED
PS04-MOD-0431,l10n_ci,02 OTHER.zip,Ivory Coast - Accounting,Accounting/Localizations/Account Charts,YES,NO,FOREIGN-LOCALIZATION-CANDIDATE,module name prefix l10n_ (non-Thai),OBSERVED
PS04-MOD-0432,l10n_ci_reports,02 OTHER.zip,Ivory Coast - Accounting Reports,,YES,NO,FOREIGN-LOCALIZATION-CANDIDATE,module name prefix l10n_ (non-Thai),OBSERVED
PS04-MOD-0433,l10n_cl,02 OTHER.zip,Chile - Accounting,Accounting/Localizations/Account Charts,YES,NO,FOREIGN-LOCALIZATION-CANDIDATE,module name prefix l10n_ (non-Thai),OBSERVED
PS04-MOD-0434,l10n_cl_edi,02 OTHER.zip,Chile - E-invoicing,Accounting/Localizations/EDI,YES,NO,FOREIGN-LOCALIZATION-CANDIDATE,module name prefix l10n_ (non-Thai),OBSERVED
PS04-MOD-0435,l10n_cl_edi_exports,02 OTHER.zip,Electronic Exports of Goods for Chile,Accounting/Localizations/EDI,YES,NO,FOREIGN-LOCALIZATION-CANDIDATE,module name prefix l10n_ (non-Thai),OBSERVED
PS04-MOD-0436,l10n_cl_edi_factoring,02 OTHER.zip,Chile - Localization: Factoring Extension,Accounting/Localizations/EDI,YES,NO,FOREIGN-LOCALIZATION-CANDIDATE,module name prefix l10n_ (non-Thai),OBSERVED
PS04-MOD-0437,l10n_cl_edi_pos,02 OTHER.zip,Chilean module for Point of Sale,Accounting/Localizations/Point of Sale,YES,NO,FOREIGN-LOCALIZATION-CANDIDATE,module name prefix l10n_ (non-Thai),OBSERVED
PS04-MOD-0438,l10n_cl_edi_stock,02 OTHER.zip,Chile - E-Invoicing Delivery Guide,Accounting/Localizations/EDI,YES,NO,FOREIGN-LOCALIZATION-CANDIDATE,module name prefix l10n_ (non-Thai),OBSERVED
PS04-MOD-0439,l10n_cl_edi_website_sale,02 OTHER.zip,Chilean eCommerce,Accounting/Localizations/Website,YES,NO,FOREIGN-LOCALIZATION-CANDIDATE,module name prefix l10n_ (non-Thai),OBSERVED
PS04-MOD-0440,l10n_cl_reports,02 OTHER.zip,Chile - Accounting Reports,Accounting/Localizations/Reporting,YES,NO,FOREIGN-LOCALIZATION-CANDIDATE,module name prefix l10n_ (non-Thai),OBSERVED
PS04-MOD-0441,l10n_cm,02 OTHER.zip,Cameroon - Accounting,Accounting/Localizations/Account Charts,YES,NO,FOREIGN-LOCALIZATION-CANDIDATE,module name prefix l10n_ (non-Thai),OBSERVED
PS04-MOD-0442,l10n_cm_reports,02 OTHER.zip,Cameroon - Accounting Reports,,YES,NO,FOREIGN-LOCALIZATION-CANDIDATE,module name prefix l10n_ (non-Thai),OBSERVED
PS04-MOD-0443,l10n_cn,02 OTHER.zip,China - Accounting,Accounting/Localizations/Account Charts,YES,NO,FOREIGN-LOCALIZATION-CANDIDATE,module name prefix l10n_ (non-Thai),OBSERVED
PS04-MOD-0444,l10n_cn_city,02 OTHER.zip,China - City Data,Accounting/Localizations,YES,NO,FOREIGN-LOCALIZATION-CANDIDATE,module name prefix l10n_ (non-Thai),OBSERVED
PS04-MOD-0445,l10n_cn_reports,02 OTHER.zip,China - Accounting Reports,Accounting/Localizations/Reporting,YES,NO,FOREIGN-LOCALIZATION-CANDIDATE,module name prefix l10n_ (non-Thai),OBSERVED
PS04-MOD-0446,l10n_co,02 OTHER.zip,Colombia - Accounting,Accounting/Localizations/Account Charts,YES,NO,FOREIGN-LOCALIZATION-CANDIDATE,module name prefix l10n_ (non-Thai),OBSERVED
PS04-MOD-0447,l10n_co_dian,02 OTHER.zip,Electronic invoicing for Colombia with DIAN,Accounting/Localizations/EDI,YES,NO,FOREIGN-LOCALIZATION-CANDIDATE,module name prefix l10n_ (non-Thai),OBSERVED
PS04-MOD-0448,l10n_co_edi,02 OTHER.zip,Electronic invoicing for Colombia with Carvajal,Accounting/Localizations/EDI,YES,NO,FOREIGN-LOCALIZATION-CANDIDATE,module name prefix l10n_ (non-Thai),OBSERVED
PS04-MOD-0449,l10n_co_edi_mandate,02 OTHER.zip,Mandate invoicing for Colombia,Accounting/Localizations/EDI,YES,NO,FOREIGN-LOCALIZATION-CANDIDATE,module name prefix l10n_ (non-Thai),OBSERVED
PS04-MOD-0450,l10n_co_edi_pos,02 OTHER.zip,Electronic invoicing for POS in Colombia,Accounting/Localizations/EDI,YES,NO,FOREIGN-LOCALIZATION-CANDIDATE,module name prefix l10n_ (non-Thai),OBSERVED
PS04-MOD-0451,l10n_co_pos,02 OTHER.zip,Colombian - Point of Sale,Accounting/Localizations/Point of Sale,YES,NO,FOREIGN-LOCALIZATION-CANDIDATE,module name prefix l10n_ (non-Thai),OBSERVED
PS04-MOD-0452,l10n_co_reports,02 OTHER.zip,Colombian - Accounting Reports,Accounting/Localizations/Reporting,YES,NO,FOREIGN-LOCALIZATION-CANDIDATE,module name prefix l10n_ (non-Thai),OBSERVED
PS04-MOD-0453,l10n_cr,02 OTHER.zip,Costa Rica - Accounting,Accounting/Localizations/Account Charts,YES,NO,FOREIGN-LOCALIZATION-CANDIDATE,module name prefix l10n_ (non-Thai),OBSERVED
PS04-MOD-0454,l10n_cy,02 OTHER.zip,Cyprus - Accounting,Accounting/Localizations/Account Charts,YES,NO,FOREIGN-LOCALIZATION-CANDIDATE,module name prefix l10n_ (non-Thai),OBSERVED
PS04-MOD-0455,l10n_cy_reports,02 OTHER.zip,Cyprus - Accounting Reports,Accounting/Localizations/Reporting,YES,NO,FOREIGN-LOCALIZATION-CANDIDATE,module name prefix l10n_ (non-Thai),OBSERVED
PS04-MOD-0456,l10n_cz,02 OTHER.zip,Czech - Accounting,Accounting/Localizations/Account Charts,YES,NO,FOREIGN-LOCALIZATION-CANDIDATE,module name prefix l10n_ (non-Thai),OBSERVED
PS04-MOD-0457,l10n_cz_intrastat,02 OTHER.zip,Czechian Intrastat Declaration,Accounting/Localizations/Reporting,YES,NO,FOREIGN-LOCALIZATION-CANDIDATE,module name prefix l10n_ (non-Thai),OBSERVED
PS04-MOD-0458,l10n_cz_reports,02 OTHER.zip,Czech Republic- Accounting Reports,Accounting/Localizations/Reporting,YES,NO,FOREIGN-LOCALIZATION-CANDIDATE,module name prefix l10n_ (non-Thai),OBSERVED
PS04-MOD-0459,l10n_de,02 OTHER.zip,Germany - Accounting,Accounting/Localizations/Account Charts,YES,NO,FOREIGN-LOCALIZATION-CANDIDATE,module name prefix l10n_ (non-Thai),OBSERVED
PS04-MOD-0460,l10n_de_intrastat,02 OTHER.zip,German Intrastat Declaration,Accounting/Localizations/Reporting,YES,NO,FOREIGN-LOCALIZATION-CANDIDATE,module name prefix l10n_ (non-Thai),OBSERVED
PS04-MOD-0461,l10n_de_pos_cert,02 OTHER.zip,Germany - Certification for Point of Sale,Accounting/Localizations/Point of Sale,YES,NO,FOREIGN-LOCALIZATION-CANDIDATE,module name prefix l10n_ (non-Thai),OBSERVED
PS04-MOD-0462,l10n_de_pos_res_cert,02 OTHER.zip,Germany - Certification for Point of Sale of type restaurant,Accounting/Localizations/Point of Sale,YES,NO,FOREIGN-LOCALIZATION-CANDIDATE,module name prefix l10n_ (non-Thai),OBSERVED
PS04-MOD-0463,l10n_de_reports,02 OTHER.zip,Germany - Accounting Reports,Accounting/Localizations/Reporting,YES,NO,FOREIGN-LOCALIZATION-CANDIDATE,module name prefix l10n_ (non-Thai),OBSERVED
PS04-MOD-0464,l10n_din5008,02 OTHER.zip,DIN 5008,Accounting/Localizations,YES,NO,FOREIGN-LOCALIZATION-CANDIDATE,module name prefix l10n_ (non-Thai),OBSERVED
PS04-MOD-0465,l10n_din5008_account_followup,02 OTHER.zip,DIN 5008 - Payment Follow-up Management,Accounting/Localizations,YES,NO,FOREIGN-LOCALIZATION-CANDIDATE,module name prefix l10n_ (non-Thai),OBSERVED
PS04-MOD-0466,l10n_din5008_expense,02 OTHER.zip,DIN 5008 - Expenses,Accounting/Localizations,YES,NO,FOREIGN-LOCALIZATION-CANDIDATE,module name prefix l10n_ (non-Thai),OBSERVED
PS04-MOD-0467,l10n_din5008_industry_fsm,02 OTHER.zip,DIN 5008 - Field Service,Accounting/Localizations,YES,NO,FOREIGN-LOCALIZATION-CANDIDATE,module name prefix l10n_ (non-Thai),OBSERVED
PS04-MOD-0468,l10n_din5008_purchase,02 OTHER.zip,DIN 5008 - Purchase,Accounting/Localizations,YES,NO,FOREIGN-LOCALIZATION-CANDIDATE,module name prefix l10n_ (non-Thai),OBSERVED
PS04-MOD-0469,l10n_din5008_repair,02 OTHER.zip,DIN 5008 - Repair,Accounting/Localizations,YES,NO,FOREIGN-LOCALIZATION-CANDIDATE,module name prefix l10n_ (non-Thai),OBSERVED
PS04-MOD-0470,l10n_din5008_sale,02 OTHER.zip,DIN 5008 - Sale,Accounting/Localizations,YES,NO,FOREIGN-LOCALIZATION-CANDIDATE,module name prefix l10n_ (non-Thai),OBSERVED
PS04-MOD-0471,l10n_din5008_sale_renting,02 OTHER.zip,DIN 5008 - Rental,Accounting/Localizations,YES,NO,FOREIGN-LOCALIZATION-CANDIDATE,module name prefix l10n_ (non-Thai),OBSERVED
PS04-MOD-0472,l10n_din5008_stock,02 OTHER.zip,DIN 5008 - Stock,Accounting/Localizations,YES,NO,FOREIGN-LOCALIZATION-CANDIDATE,module name prefix l10n_ (non-Thai),OBSERVED
PS04-MOD-0473,l10n_dk,02 OTHER.zip,Denmark - Accounting,Accounting/Localizations/Account Charts,YES,NO,FOREIGN-LOCALIZATION-CANDIDATE,module name prefix l10n_ (non-Thai),OBSERVED
PS04-MOD-0474,l10n_dk_fik,02 OTHER.zip,Denmark - FIK Number,Accounting/Localizations,YES,NO,FOREIGN-LOCALIZATION-CANDIDATE,module name prefix l10n_ (non-Thai),OBSERVED
PS04-MOD-0475,l10n_dk_intrastat,02 OTHER.zip,Denmark - Intrastat,Accounting/Localizations/Reporting,YES,NO,FOREIGN-LOCALIZATION-CANDIDATE,module name prefix l10n_ (non-Thai),OBSERVED
PS04-MOD-0476,l10n_dk_nemhandel,02 OTHER.zip,Denmark EDI - Nemhandel,Accounting/Localizations/EDI,YES,NO,FOREIGN-LOCALIZATION-CANDIDATE,module name prefix l10n_ (non-Thai),OBSERVED
PS04-MOD-0477,l10n_dk_nemhandel_response,02 OTHER.zip,Nemhandel Business Response,Accounting/Localizations/EDI,YES,NO,FOREIGN-LOCALIZATION-CANDIDATE,module name prefix l10n_ (non-Thai),OBSERVED
PS04-MOD-0478,l10n_dk_oioubl,02 OTHER.zip,Denmark - E-invoicing,Accounting/Localizations/EDI,YES,NO,FOREIGN-LOCALIZATION-CANDIDATE,module name prefix l10n_ (non-Thai),OBSERVED
PS04-MOD-0479,l10n_dk_reports,02 OTHER.zip,Denmark - Accounting Reports,Accounting/Localizations/Reporting,YES,NO,FOREIGN-LOCALIZATION-CANDIDATE,module name prefix l10n_ (non-Thai),OBSERVED
PS04-MOD-0480,l10n_dk_saft_import,02 OTHER.zip,Denmark - SAF-T Import,Accounting/Localizations,YES,NO,FOREIGN-LOCALIZATION-CANDIDATE,module name prefix l10n_ (non-Thai),OBSERVED
PS04-MOD-0481,l10n_do,02 OTHER.zip,Dominican Republic - Accounting,Accounting/Localizations/Account Charts,YES,NO,FOREIGN-LOCALIZATION-CANDIDATE,module name prefix l10n_ (non-Thai),OBSERVED
PS04-MOD-0482,l10n_do_check_printing,02 OTHER.zip,Dominican Republic - Checks Layout,Accounting/Localizations/Check,YES,NO,FOREIGN-LOCALIZATION-CANDIDATE,module name prefix l10n_ (non-Thai),OBSERVED
PS04-MOD-0483,l10n_do_reports,02 OTHER.zip,Dominican Republic - Accounting Reports,Accounting/Localizations/Reporting,YES,NO,FOREIGN-LOCALIZATION-CANDIDATE,module name prefix l10n_ (non-Thai),OBSERVED
PS04-MOD-0484,l10n_dz,02 OTHER.zip,Algeria - Accounting,Accounting/Localizations/Account Charts,YES,NO,FOREIGN-LOCALIZATION-CANDIDATE,module name prefix l10n_ (non-Thai),OBSERVED
PS04-MOD-0485,l10n_dz_reports,02 OTHER.zip,Algeria - Accounting Reports,Accounting/Localizations/Reporting,YES,NO,FOREIGN-LOCALIZATION-CANDIDATE,module name prefix l10n_ (non-Thai),OBSERVED
PS04-MOD-0486,l10n_ec,02 OTHER.zip,Ecuadorian Accounting,Accounting/Localizations/Account Charts,YES,NO,FOREIGN-LOCALIZATION-CANDIDATE,module name prefix l10n_ (non-Thai),OBSERVED
PS04-MOD-0487,l10n_ec_edi,02 OTHER.zip,Ecuadorian Accounting EDI,Accounting/Localizations/EDI,YES,NO,FOREIGN-LOCALIZATION-CANDIDATE,module name prefix l10n_ (non-Thai),OBSERVED
PS04-MOD-0488,l10n_ec_edi_pos,02 OTHER.zip,Ecuadorian Point of Sale,Accounting/Localizations/EDI,YES,NO,FOREIGN-LOCALIZATION-CANDIDATE,module name prefix l10n_ (non-Thai),OBSERVED
PS04-MOD-0489,l10n_ec_edi_stock,02 OTHER.zip,Ecuadorian Delivery Guide,Accounting/Localizations/EDI,YES,NO,FOREIGN-LOCALIZATION-CANDIDATE,module name prefix l10n_ (non-Thai),OBSERVED
PS04-MOD-0490,l10n_ec_reports,02 OTHER.zip,Ecuadorian Accounting Reports,Accounting/Localizations/Reporting,YES,NO,FOREIGN-LOCALIZATION-CANDIDATE,module name prefix l10n_ (non-Thai),OBSERVED
PS04-MOD-0491,l10n_ec_reports_ats,02 OTHER.zip,Ecuador - ATS Report,Accounting/Localizations/Reporting,YES,NO,FOREIGN-LOCALIZATION-CANDIDATE,module name prefix l10n_ (non-Thai),OBSERVED
PS04-MOD-0492,l10n_ec_sale,02 OTHER.zip,Ecuador - Sale,Accounting/Localizations/Sale,YES,NO,FOREIGN-LOCALIZATION-CANDIDATE,module name prefix l10n_ (non-Thai),OBSERVED
PS04-MOD-0493,l10n_ec_stock,02 OTHER.zip,Ecuador - Stock,Accounting/Localizations,YES,NO,FOREIGN-LOCALIZATION-CANDIDATE,module name prefix l10n_ (non-Thai),OBSERVED
PS04-MOD-0494,l10n_ee,02 OTHER.zip,Estonia - Accounting,Accounting/Localizations/Account Charts,YES,NO,FOREIGN-LOCALIZATION-CANDIDATE,module name prefix l10n_ (non-Thai),OBSERVED
PS04-MOD-0495,l10n_ee_intrastat,02 OTHER.zip,Estonia Intrastat Declaration,Accounting/Localizations/Reporting,YES,NO,FOREIGN-LOCALIZATION-CANDIDATE,module name prefix l10n_ (non-Thai),OBSERVED
PS04-MOD-0496,l10n_ee_reports,02 OTHER.zip,Estonia - Accounting Reports,Accounting/Localizations/Reporting,YES,NO,FOREIGN-LOCALIZATION-CANDIDATE,module name prefix l10n_ (non-Thai),OBSERVED
PS04-MOD-0497,l10n_eg,02 OTHER.zip,Egypt - Accounting,Accounting/Localizations/Account Charts,YES,NO,FOREIGN-LOCALIZATION-CANDIDATE,module name prefix l10n_ (non-Thai),OBSERVED
PS04-MOD-0498,l10n_eg_edi_eta,02 OTHER.zip,Egypt E-Invoicing,account,YES,NO,FOREIGN-LOCALIZATION-CANDIDATE,module name prefix l10n_ (non-Thai),OBSERVED
PS04-MOD-0499,l10n_eg_hr_payroll,02 OTHER.zip,Egypt - Payroll,Human Resources/Payroll,YES,NO,FOREIGN-LOCALIZATION-CANDIDATE,module name prefix l10n_ (non-Thai),OBSERVED
PS04-MOD-0500,l10n_eg_hr_payroll_account,02 OTHER.zip,Egypt - Payroll with Accounting,Human Resources,YES,NO,FOREIGN-LOCALIZATION-CANDIDATE,module name prefix l10n_ (non-Thai),OBSERVED
PS04-MOD-0501,l10n_eg_iot,02 OTHER.zip,Egypt - Internet Of Things,Administration/IoT,YES,NO,FOREIGN-LOCALIZATION-CANDIDATE,module name prefix l10n_ (non-Thai),OBSERVED
PS04-MOD-0502,l10n_eg_reports,02 OTHER.zip,Egypt - Accounting Reports,,YES,NO,FOREIGN-LOCALIZATION-CANDIDATE,module name prefix l10n_ (non-Thai),OBSERVED
PS04-MOD-0503,l10n_employment_hero,02 OTHER.zip,Employment Hero Payroll,Accounting,YES,NO,FOREIGN-LOCALIZATION-CANDIDATE,module name prefix l10n_ (non-Thai),OBSERVED
PS04-MOD-0504,l10n_es,02 OTHER.zip,Spain - Accounting (PGCE 2008),Accounting/Localizations/Account Charts,YES,NO,FOREIGN-LOCALIZATION-CANDIDATE,module name prefix l10n_ (non-Thai),OBSERVED
PS04-MOD-0505,l10n_es_edi_facturae,02 OTHER.zip,Spain - Facturae EDI,Accounting/Localizations/EDI,YES,NO,FOREIGN-LOCALIZATION-CANDIDATE,module name prefix l10n_ (non-Thai),OBSERVED
PS04-MOD-0506,l10n_es_edi_sii,02 OTHER.zip,Spain - SII EDI Suministro de Libros,Accounting/Localizations/EDI,YES,NO,FOREIGN-LOCALIZATION-CANDIDATE,module name prefix l10n_ (non-Thai),OBSERVED
PS04-MOD-0507,l10n_es_edi_tbai,02 OTHER.zip,Spain - TicketBAI,Accounting/Localizations/EDI,YES,NO,FOREIGN-LOCALIZATION-CANDIDATE,module name prefix l10n_ (non-Thai),OBSERVED
PS04-MOD-0508,l10n_es_edi_tbai_pos,02 OTHER.zip,Spain - Point of Sale + TicketBAI,Accounting/Localizations/Point of Sale,YES,NO,FOREIGN-LOCALIZATION-CANDIDATE,module name prefix l10n_ (non-Thai),OBSERVED
PS04-MOD-0509,l10n_es_edi_verifactu,02 OTHER.zip,Spain - Veri*Factu,Accounting/Localizations/EDI,YES,NO,FOREIGN-LOCALIZATION-CANDIDATE,module name prefix l10n_ (non-Thai),OBSERVED
PS04-MOD-0510,l10n_es_edi_verifactu_pos,02 OTHER.zip,Spain - Veri*Factu for Point of Sale,Accounting/Localizations/Point of Sale,YES,NO,FOREIGN-LOCALIZATION-CANDIDATE,module name prefix l10n_ (non-Thai),OBSERVED
PS04-MOD-0511,l10n_es_intrastat,02 OTHER.zip,Spain - Intrastat Declaration,Accounting/Localizations/Reporting,YES,NO,FOREIGN-LOCALIZATION-CANDIDATE,module name prefix l10n_ (non-Thai),OBSERVED
PS04-MOD-0512,l10n_es_pos,02 OTHER.zip,[Deprecated] Spain - Point of Sale,Accounting/Localizations/Point of Sale,YES,NO,FOREIGN-LOCALIZATION-CANDIDATE,module name prefix l10n_ (non-Thai),OBSERVED
PS04-MOD-0513,l10n_es_real_estates,02 OTHER.zip,Spain - Real Estates,Accounting/Localizations,YES,NO,FOREIGN-LOCALIZATION-CANDIDATE,module name prefix l10n_ (non-Thai),OBSERVED
PS04-MOD-0514,l10n_es_reports,02 OTHER.zip,Spain - Accounting (PGCE 2008) Reports,Accounting/Localizations/Reporting,YES,NO,FOREIGN-LOCALIZATION-CANDIDATE,module name prefix l10n_ (non-Thai),OBSERVED
PS04-MOD-0515,l10n_es_reports_2024,02 OTHER.zip,Spain - Accounting Reports (2024 Update),Accounting/Localization,YES,NO,FOREIGN-LOCALIZATION-CANDIDATE,module name prefix l10n_ (non-Thai),OBSERVED
PS04-MOD-0516,l10n_es_reports_2025,02 OTHER.zip,Spain - Accounting Reports (2025 Update),Accounting/Localization,YES,NO,FOREIGN-LOCALIZATION-CANDIDATE,module name prefix l10n_ (non-Thai),OBSERVED
PS04-MOD-0517,l10n_es_sale_amazon,02 OTHER.zip,Spain - Amazon Connector,Sales/Sales,YES,NO,FOREIGN-LOCALIZATION-CANDIDATE,module name prefix l10n_ (non-Thai),OBSERVED
PS04-MOD-0518,l10n_et,02 OTHER.zip,Ethiopia - Accounting,Accounting/Localizations/Account Charts,YES,NO,FOREIGN-LOCALIZATION-CANDIDATE,module name prefix l10n_ (non-Thai),OBSERVED
PS04-MOD-0519,l10n_et_reports,02 OTHER.zip,Ethiopia - Accounting Reports,,YES,NO,FOREIGN-LOCALIZATION-CANDIDATE,module name prefix l10n_ (non-Thai),OBSERVED
PS04-MOD-0520,l10n_eu_iot_scale_cert,02 OTHER.zip,LNE electronic scale certification for PoS,Sales/Point of Sale,YES,NO,FOREIGN-LOCALIZATION-CANDIDATE,module name prefix l10n_ (non-Thai),OBSERVED
PS04-MOD-0521,l10n_eu_oss,02 OTHER.zip,EU One Stop Shop (OSS),Accounting/Localizations,YES,NO,FOREIGN-LOCALIZATION-CANDIDATE,module name prefix l10n_ (non-Thai),OBSERVED
PS04-MOD-0522,l10n_eu_oss_reports,02 OTHER.zip,EU One Stop Shop (OSS) Reports,Accounting/Localizations,YES,NO,FOREIGN-LOCALIZATION-CANDIDATE,module name prefix l10n_ (non-Thai),OBSERVED
PS04-MOD-0523,l10n_fi,02 OTHER.zip,Finland - Accounting,Accounting/Localizations/Account Charts,YES,NO,FOREIGN-LOCALIZATION-CANDIDATE,module name prefix l10n_ (non-Thai),OBSERVED
PS04-MOD-0524,l10n_fi_intrastat,02 OTHER.zip,Finnish Intrastat Declaration,Accounting/Localizations/Reporting,YES,NO,FOREIGN-LOCALIZATION-CANDIDATE,module name prefix l10n_ (non-Thai),OBSERVED
PS04-MOD-0525,l10n_fi_reports,02 OTHER.zip,Finland - Accounting Reports,Accounting/Localizations/Reporting,YES,NO,FOREIGN-LOCALIZATION-CANDIDATE,module name prefix l10n_ (non-Thai),OBSERVED
PS04-MOD-0526,l10n_fi_sale,02 OTHER.zip,Finland - Sale,Sales/Sales,YES,NO,FOREIGN-LOCALIZATION-CANDIDATE,module name prefix l10n_ (non-Thai),OBSERVED
PS04-MOD-0527,l10n_fr,02 OTHER.zip,France - Localizations,Accounting/Localizations/Account Charts,YES,NO,FOREIGN-LOCALIZATION-CANDIDATE,module name prefix l10n_ (non-Thai),OBSERVED
PS04-MOD-0528,l10n_fr_account,02 OTHER.zip,France - Accounting,Accounting/Localizations/Account Charts,YES,NO,FOREIGN-LOCALIZATION-CANDIDATE,module name prefix l10n_ (non-Thai),OBSERVED
PS04-MOD-0529,l10n_fr_facturx_chorus_pro,02 OTHER.zip,France - BIS3 integration for Chorus Pro,Accounting/Localizations/EDI,YES,NO,FOREIGN-LOCALIZATION-CANDIDATE,module name prefix l10n_ (non-Thai),OBSERVED
PS04-MOD-0530,l10n_fr_fec_import,02 OTHER.zip,France - FEC Import,Accounting/Accounting,YES,NO,FOREIGN-LOCALIZATION-CANDIDATE,module name prefix l10n_ (non-Thai),OBSERVED
PS04-MOD-0531,l10n_fr_hr_holidays,02 OTHER.zip,France - Time Off,Human Resources/Time Off,YES,NO,FOREIGN-LOCALIZATION-CANDIDATE,module name prefix l10n_ (non-Thai),OBSERVED
PS04-MOD-0532,l10n_fr_hr_payroll,02 OTHER.zip,French Payroll,Human Resources/Payroll,YES,NO,FOREIGN-LOCALIZATION-CANDIDATE,module name prefix l10n_ (non-Thai),OBSERVED
PS04-MOD-0533,l10n_fr_hr_payroll_account,02 OTHER.zip,France - Payroll with Accounting,Human Resources,YES,NO,FOREIGN-LOCALIZATION-CANDIDATE,module name prefix l10n_ (non-Thai),OBSERVED
PS04-MOD-0534,l10n_fr_hr_work_entry_holidays,02 OTHER.zip,France - Work Entries Time Off,,YES,NO,FOREIGN-LOCALIZATION-CANDIDATE,module name prefix l10n_ (non-Thai),OBSERVED
PS04-MOD-0535,l10n_fr_intrastat,02 OTHER.zip,French Intrastat Declaration,Accounting/Localizations/Reporting,YES,NO,FOREIGN-LOCALIZATION-CANDIDATE,module name prefix l10n_ (non-Thai),OBSERVED
PS04-MOD-0536,l10n_fr_pos_cert,02 OTHER.zip,France - VAT Anti-Fraud Certification for Point of Sale (CGI 286 I-3 bis),Accounting/Localizations/Point of Sale,YES,NO,FOREIGN-LOCALIZATION-CANDIDATE,module name prefix l10n_ (non-Thai),OBSERVED
PS04-MOD-0537,l10n_fr_reports,02 OTHER.zip,France - Accounting Reports,Accounting/Localizations/Reporting,YES,NO,FOREIGN-LOCALIZATION-CANDIDATE,module name prefix l10n_ (non-Thai),OBSERVED
PS04-MOD-0538,l10n_ga,02 OTHER.zip,Gabon - Accounting,Accounting/Localizations/Account Charts,YES,NO,FOREIGN-LOCALIZATION-CANDIDATE,module name prefix l10n_ (non-Thai),OBSERVED
PS04-MOD-0539,l10n_ga_reports,02 OTHER.zip,Gabon - Accounting Reports,,YES,NO,FOREIGN-LOCALIZATION-CANDIDATE,module name prefix l10n_ (non-Thai),OBSERVED
PS04-MOD-0540,l10n_gcc_invoice,02 OTHER.zip,Gulf Cooperation Council - Invoice,Accounting/Localizations,YES,NO,FOREIGN-LOCALIZATION-CANDIDATE,module name prefix l10n_ (non-Thai),OBSERVED
PS04-MOD-0541,l10n_gcc_invoice_stock_account,02 OTHER.zip,Gulf Cooperation Council WMS Accounting,Accounting/Localizations,YES,NO,FOREIGN-LOCALIZATION-CANDIDATE,module name prefix l10n_ (non-Thai),OBSERVED
PS04-MOD-0542,l10n_gcc_pos,02 OTHER.zip,Gulf Cooperation Council - Point of Sale,Accounting/Localizations/Point of Sale,YES,NO,FOREIGN-LOCALIZATION-CANDIDATE,module name prefix l10n_ (non-Thai),OBSERVED
PS04-MOD-0543,l10n_gn,02 OTHER.zip,Guinea - Accounting,Accounting/Localizations/Account Charts,YES,NO,FOREIGN-LOCALIZATION-CANDIDATE,module name prefix l10n_ (non-Thai),OBSERVED
PS04-MOD-0544,l10n_gn_reports,02 OTHER.zip,Guinea - Accounting Reports,,YES,NO,FOREIGN-LOCALIZATION-CANDIDATE,module name prefix l10n_ (non-Thai),OBSERVED
PS04-MOD-0545,l10n_gq,02 OTHER.zip,Guinea Equatorial - Accounting,Accounting/Localizations/Account Charts,YES,NO,FOREIGN-LOCALIZATION-CANDIDATE,module name prefix l10n_ (non-Thai),OBSERVED
PS04-MOD-0546,l10n_gq_reports,02 OTHER.zip,Guinea Equatorial - Accounting Reports,,YES,NO,FOREIGN-LOCALIZATION-CANDIDATE,module name prefix l10n_ (non-Thai),OBSERVED
PS04-MOD-0547,l10n_gr,02 OTHER.zip,Greece - Accounting,Accounting/Localizations/Account Charts,YES,NO,FOREIGN-LOCALIZATION-CANDIDATE,module name prefix l10n_ (non-Thai),OBSERVED
PS04-MOD-0548,l10n_gr_edi,02 OTHER.zip,Greece - myDATA,Accounting/Localizations,YES,NO,FOREIGN-LOCALIZATION-CANDIDATE,module name prefix l10n_ (non-Thai),OBSERVED
PS04-MOD-0549,l10n_gr_reports,02 OTHER.zip,Greece - Accounting Reports,Accounting/Localizations/Reporting,YES,NO,FOREIGN-LOCALIZATION-CANDIDATE,module name prefix l10n_ (non-Thai),OBSERVED
PS04-MOD-0550,l10n_gt,02 OTHER.zip,Guatemala - Accounting,Accounting/Localizations/Account Charts,YES,NO,FOREIGN-LOCALIZATION-CANDIDATE,module name prefix l10n_ (non-Thai),OBSERVED
PS04-MOD-0551,l10n_gt_edi,02 OTHER.zip,Guatemala - E-Invoicing,Accounting/Localizations/EDI,YES,NO,FOREIGN-LOCALIZATION-CANDIDATE,module name prefix l10n_ (non-Thai),OBSERVED
PS04-MOD-0552,l10n_gt_edi_pos,02 OTHER.zip,Guatemalan Accounting EDI for POS,Accounting/Localizations/EDI,YES,NO,FOREIGN-LOCALIZATION-CANDIDATE,module name prefix l10n_ (non-Thai),OBSERVED
PS04-MOD-0553,l10n_gw,02 OTHER.zip,Guinea-Bissau - Accounting,Accounting/Localizations/Account Charts,YES,NO,FOREIGN-LOCALIZATION-CANDIDATE,module name prefix l10n_ (non-Thai),OBSERVED
PS04-MOD-0554,l10n_gw_reports,02 OTHER.zip,Guinea-Bissau - Accounting Reports,,YES,NO,FOREIGN-LOCALIZATION-CANDIDATE,module name prefix l10n_ (non-Thai),OBSERVED
PS04-MOD-0555,l10n_hk,02 OTHER.zip,Hong Kong - Accounting,Accounting/Localizations/Account Charts,YES,NO,FOREIGN-LOCALIZATION-CANDIDATE,module name prefix l10n_ (non-Thai),OBSERVED
PS04-MOD-0556,l10n_hk_hr_payroll,02 OTHER.zip,Hong Kong - Payroll,Human Resources/Payroll,YES,NO,FOREIGN-LOCALIZATION-CANDIDATE,module name prefix l10n_ (non-Thai),OBSERVED
PS04-MOD-0557,l10n_hk_hr_payroll_account,02 OTHER.zip,Hong Kong - Payroll with Accounting,Human Resources/Payroll,YES,NO,FOREIGN-LOCALIZATION-CANDIDATE,module name prefix l10n_ (non-Thai),OBSERVED
PS04-MOD-0558,l10n_hk_hr_payroll_empf,02 OTHER.zip,Hong Kong - Payroll eMPF,Human Resources/Payroll,YES,NO,FOREIGN-LOCALIZATION-CANDIDATE,module name prefix l10n_ (non-Thai),OBSERVED
PS04-MOD-0559,l10n_hk_reports,02 OTHER.zip,Hong Kong - Accounting Reports,Accounting/Localizations/Reporting,YES,NO,FOREIGN-LOCALIZATION-CANDIDATE,module name prefix l10n_ (non-Thai),OBSERVED
PS04-MOD-0560,l10n_hn,02 OTHER.zip,Honduras - Accounting,Accounting/Localizations/Account Charts,YES,NO,FOREIGN-LOCALIZATION-CANDIDATE,module name prefix l10n_ (non-Thai),OBSERVED
PS04-MOD-0561,l10n_hr,02 OTHER.zip,Croatia - Accounting (Euro),Accounting/Localizations/Account Charts,YES,NO,FOREIGN-LOCALIZATION-CANDIDATE,module name prefix l10n_ (non-Thai),OBSERVED
PS04-MOD-0562,l10n_hr_edi,02 OTHER.zip,Croatia - e-invoicing,Accounting/Localizations/Reporting,YES,NO,FOREIGN-LOCALIZATION-CANDIDATE,module name prefix l10n_ (non-Thai),OBSERVED
PS04-MOD-0563,l10n_hr_intrastat,02 OTHER.zip,Croatian Intrastat Declaration,Accounting/Localizations/Reporting,YES,NO,FOREIGN-LOCALIZATION-CANDIDATE,module name prefix l10n_ (non-Thai),OBSERVED
PS04-MOD-0564,l10n_hr_kuna,02 OTHER.zip,Croatia - Accounting (Kuna),Accounting/Localizations/Account Charts,YES,NO,FOREIGN-LOCALIZATION-CANDIDATE,module name prefix l10n_ (non-Thai),OBSERVED
PS04-MOD-0565,l10n_hr_kuna_reports,02 OTHER.zip,Croatia (Kuna) - Accounting Reports,Accounting/Localizations/Reporting,YES,NO,FOREIGN-LOCALIZATION-CANDIDATE,module name prefix l10n_ (non-Thai),OBSERVED
PS04-MOD-0566,l10n_hr_reports,02 OTHER.zip,Croatia - Accounting Reports,Accounting/Localizations/Reporting,YES,NO,FOREIGN-LOCALIZATION-CANDIDATE,module name prefix l10n_ (non-Thai),OBSERVED
PS04-MOD-0567,l10n_hu,02 OTHER.zip,Hungary - Accounting,Accounting/Localizations/Account Charts,YES,NO,FOREIGN-LOCALIZATION-CANDIDATE,module name prefix l10n_ (non-Thai),OBSERVED
PS04-MOD-0568,l10n_hu_edi,02 OTHER.zip,Hungary - E-invoicing,Accounting/Localizations/EDI,YES,NO,FOREIGN-LOCALIZATION-CANDIDATE,module name prefix l10n_ (non-Thai),OBSERVED
PS04-MOD-0569,l10n_hu_reports,02 OTHER.zip,Hungary - Accounting Reports,Accounting/Localizations/Reporting,YES,NO,FOREIGN-LOCALIZATION-CANDIDATE,module name prefix l10n_ (non-Thai),OBSERVED
PS04-MOD-0570,l10n_id,02 OTHER.zip,Indonesian - Accounting,Accounting/Localizations/Account Charts,YES,NO,FOREIGN-LOCALIZATION-CANDIDATE,module name prefix l10n_ (non-Thai),OBSERVED
PS04-MOD-0571,l10n_id_efaktur_coretax,02 OTHER.zip,Indonesia E-faktur (Coretax),Accounting/Localizations/EDI,YES,NO,FOREIGN-LOCALIZATION-CANDIDATE,module name prefix l10n_ (non-Thai),OBSERVED
PS04-MOD-0572,l10n_id_hr_payroll,02 OTHER.zip,Indonesia - Payroll,Human Resources/Payroll,YES,NO,FOREIGN-LOCALIZATION-CANDIDATE,module name prefix l10n_ (non-Thai),OBSERVED
PS04-MOD-0573,l10n_id_hr_payroll_account,02 OTHER.zip,Indonesia - Payroll with Accounting,Human Resources,YES,NO,FOREIGN-LOCALIZATION-CANDIDATE,module name prefix l10n_ (non-Thai),OBSERVED
PS04-MOD-0574,l10n_id_pos,02 OTHER.zip,Indonesia - Point of Sale,Accounting/Localizations/Point of Sale,YES,NO,FOREIGN-LOCALIZATION-CANDIDATE,module name prefix l10n_ (non-Thai),OBSERVED
PS04-MOD-0575,l10n_ie,02 OTHER.zip,Ireland - Accounting,Accounting/Localizations/Account Charts,YES,NO,FOREIGN-LOCALIZATION-CANDIDATE,module name prefix l10n_ (non-Thai),OBSERVED
PS04-MOD-0576,l10n_ie_intrastat,02 OTHER.zip,Irish Intrastat Declaration,Accounting/Localizations/Reporting,YES,NO,FOREIGN-LOCALIZATION-CANDIDATE,module name prefix l10n_ (non-Thai),OBSERVED
PS04-MOD-0577,l10n_ie_reports,02 OTHER.zip,Ireland - Accounting Reports,Accounting/Localizations/Reporting,YES,NO,FOREIGN-LOCALIZATION-CANDIDATE,module name prefix l10n_ (non-Thai),OBSERVED
PS04-MOD-0578,l10n_il,02 OTHER.zip,Israel - Accounting,Accounting/Localizations/Account Charts,YES,NO,FOREIGN-LOCALIZATION-CANDIDATE,module name prefix l10n_ (non-Thai),OBSERVED
PS04-MOD-0579,l10n_il_reports,02 OTHER.zip,Israel - Accounting Reports,Accounting/Localizations/Reporting,YES,NO,FOREIGN-LOCALIZATION-CANDIDATE,module name prefix l10n_ (non-Thai),OBSERVED
PS04-MOD-0580,l10n_in,02 OTHER.zip,Indian - Accounting,Accounting/Localizations/Account Charts,YES,NO,FOREIGN-LOCALIZATION-CANDIDATE,module name prefix l10n_ (non-Thai),OBSERVED
PS04-MOD-0581,l10n_in_asset,02 OTHER.zip,India - Accounting Assets,Accounting/Localizations/Assets,YES,NO,FOREIGN-LOCALIZATION-CANDIDATE,module name prefix l10n_ (non-Thai),OBSERVED
PS04-MOD-0582,l10n_in_edi,02 OTHER.zip,Indian - E-invoicing,Accounting/Localizations/EDI,YES,NO,FOREIGN-LOCALIZATION-CANDIDATE,module name prefix l10n_ (non-Thai),OBSERVED
PS04-MOD-0583,l10n_in_edi_gstr,02 OTHER.zip,Indian - GSTR with E-invoice,Accounting/Localizations/Reporting,YES,NO,FOREIGN-LOCALIZATION-CANDIDATE,module name prefix l10n_ (non-Thai),OBSERVED
PS04-MOD-0584,l10n_in_ewaybill,02 OTHER.zip,Indian - E-waybill,Accounting/Localizations,YES,NO,FOREIGN-LOCALIZATION-CANDIDATE,module name prefix l10n_ (non-Thai),OBSERVED
PS04-MOD-0585,l10n_in_ewaybill_irn,02 OTHER.zip,Indian - E-waybill thru IRN,Accounting/Localizations,YES,NO,FOREIGN-LOCALIZATION-CANDIDATE,module name prefix l10n_ (non-Thai),OBSERVED
PS04-MOD-0586,l10n_in_ewaybill_stock,02 OTHER.zip,Indian - E-waybill Stock,Accounting/Localizations/EDI,YES,NO,FOREIGN-LOCALIZATION-CANDIDATE,module name prefix l10n_ (non-Thai),OBSERVED
PS04-MOD-0587,l10n_in_hr_holidays,02 OTHER.zip,India - Time Off,Human Resources/Time Off,YES,NO,FOREIGN-LOCALIZATION-CANDIDATE,module name prefix l10n_ (non-Thai),OBSERVED
PS04-MOD-0588,l10n_in_hr_payroll,02 OTHER.zip,Indian Payroll,Human Resources/Payroll,YES,NO,FOREIGN-LOCALIZATION-CANDIDATE,module name prefix l10n_ (non-Thai),OBSERVED
PS04-MOD-0589,l10n_in_hr_payroll_account,02 OTHER.zip,India - Payroll with Accounting,Human Resources,YES,NO,FOREIGN-LOCALIZATION-CANDIDATE,module name prefix l10n_ (non-Thai),OBSERVED
PS04-MOD-0590,l10n_in_pos,02 OTHER.zip,Indian - Point of Sale,Accounting/Localizations/Point of Sale,YES,NO,FOREIGN-LOCALIZATION-CANDIDATE,module name prefix l10n_ (non-Thai),OBSERVED
PS04-MOD-0591,l10n_in_pos_urban_piper,02 OTHER.zip,POS UrbanPiper - India,Sales/Point of Sale,YES,NO,FOREIGN-LOCALIZATION-CANDIDATE,module name prefix l10n_ (non-Thai),OBSERVED
PS04-MOD-0592,l10n_in_purchase_stock,02 OTHER.zip,India Purchase and Warehouse Management,Accounting/Localizations/Purchase,YES,NO,FOREIGN-LOCALIZATION-CANDIDATE,module name prefix l10n_ (non-Thai),OBSERVED
PS04-MOD-0593,l10n_in_reports,02 OTHER.zip,Indian - Accounting Reports,Accounting/Localizations/Reporting,YES,NO,FOREIGN-LOCALIZATION-CANDIDATE,module name prefix l10n_ (non-Thai),OBSERVED
PS04-MOD-0594,l10n_in_reports_gstr_pos,02 OTHER.zip,Indian - GSTR India eFiling with POS,Accounting/Localizations/Reporting,YES,NO,FOREIGN-LOCALIZATION-CANDIDATE,module name prefix l10n_ (non-Thai),OBSERVED
PS04-MOD-0595,l10n_in_sale,02 OTHER.zip,Indian - Sale Report(GST),Accounting/Localizations/Sale,YES,NO,FOREIGN-LOCALIZATION-CANDIDATE,module name prefix l10n_ (non-Thai),OBSERVED
PS04-MOD-0596,l10n_in_sale_stock,02 OTHER.zip,India Sales and Warehouse Management,Accounting/Localizations/Sale,YES,NO,FOREIGN-LOCALIZATION-CANDIDATE,module name prefix l10n_ (non-Thai),OBSERVED
PS04-MOD-0597,l10n_in_stock,02 OTHER.zip,Indian - Stock Report(GST),Accounting/Localizations,YES,NO,FOREIGN-LOCALIZATION-CANDIDATE,module name prefix l10n_ (non-Thai),OBSERVED
PS04-MOD-0598,l10n_iq,02 OTHER.zip,Iraq - Accounting,Accounting/Localizations/Account Charts,YES,NO,FOREIGN-LOCALIZATION-CANDIDATE,module name prefix l10n_ (non-Thai),OBSERVED
PS04-MOD-0599,l10n_it,02 OTHER.zip,Italy - Accounting,Accounting/Localizations/Account Charts,YES,NO,FOREIGN-LOCALIZATION-CANDIDATE,module name prefix l10n_ (non-Thai),OBSERVED
PS04-MOD-0600,l10n_it_edi,02 OTHER.zip,Italy - E-invoicing,Accounting/Localizations/EDI,YES,NO,FOREIGN-LOCALIZATION-CANDIDATE,module name prefix l10n_ (non-Thai),OBSERVED
PS04-MOD-0601,l10n_it_edi_doi,02 OTHER.zip,Italy - Declaration of Intent,Accounting/Localizations,YES,NO,FOREIGN-LOCALIZATION-CANDIDATE,module name prefix l10n_ (non-Thai),OBSERVED
PS04-MOD-0602,l10n_it_edi_sale,02 OTHER.zip,Italy - Sale E-invoicing,Accounting/Localizations/EDI,YES,NO,FOREIGN-LOCALIZATION-CANDIDATE,module name prefix l10n_ (non-Thai),OBSERVED
PS04-MOD-0603,l10n_it_hr_payroll_sd_worx,02 OTHER.zip,Italy - Payroll - Export to SD Worx,Human Resources,YES,NO,FOREIGN-LOCALIZATION-CANDIDATE,module name prefix l10n_ (non-Thai),OBSERVED
PS04-MOD-0604,l10n_it_intrastat,02 OTHER.zip,Italian Intrastat Declaration,Accounting/Localizations/Reporting,YES,NO,FOREIGN-LOCALIZATION-CANDIDATE,module name prefix l10n_ (non-Thai),OBSERVED
PS04-MOD-0605,l10n_it_pos,02 OTHER.zip,Italy - Point of Sale,Accounting/Localizations/Point of Sale,YES,NO,FOREIGN-LOCALIZATION-CANDIDATE,module name prefix l10n_ (non-Thai),OBSERVED
PS04-MOD-0606,l10n_it_reports,02 OTHER.zip,Italy - Accounting Reports,Accounting/Accounting,YES,NO,FOREIGN-LOCALIZATION-CANDIDATE,module name prefix l10n_ (non-Thai),OBSERVED
PS04-MOD-0607,l10n_it_riba,02 OTHER.zip,Italy - Bank Receipts (Ri.Ba.),Accounting/Localizations,YES,NO,FOREIGN-LOCALIZATION-CANDIDATE,module name prefix l10n_ (non-Thai),OBSERVED
PS04-MOD-0608,l10n_it_stock_ddt,02 OTHER.zip,Italy - Stock DDT,Accounting/Localizations/EDI,YES,NO,FOREIGN-LOCALIZATION-CANDIDATE,module name prefix l10n_ (non-Thai),OBSERVED
PS04-MOD-0609,l10n_jo,02 OTHER.zip,Jordan - Accounting,Accounting/Localizations/Account Charts,YES,NO,FOREIGN-LOCALIZATION-CANDIDATE,module name prefix l10n_ (non-Thai),OBSERVED
PS04-MOD-0610,l10n_jo_edi,02 OTHER.zip,Jordan E-Invoicing,Accounting/Localizations/EDI,YES,NO,FOREIGN-LOCALIZATION-CANDIDATE,module name prefix l10n_ (non-Thai),OBSERVED
PS04-MOD-0611,l10n_jo_edi_pos,02 OTHER.zip,Jordan Accounting EDI for POS,Accounting/Localizations/EDI,YES,NO,FOREIGN-LOCALIZATION-CANDIDATE,module name prefix l10n_ (non-Thai),OBSERVED
PS04-MOD-0612,l10n_jo_hr_payroll,02 OTHER.zip,Jordan - Payroll,Human Resources/Payroll,YES,NO,FOREIGN-LOCALIZATION-CANDIDATE,module name prefix l10n_ (non-Thai),OBSERVED
PS04-MOD-0613,l10n_jo_hr_payroll_account,02 OTHER.zip,Jordan - Payroll with Accounting,Human Resources,YES,NO,FOREIGN-LOCALIZATION-CANDIDATE,module name prefix l10n_ (non-Thai),OBSERVED
PS04-MOD-0614,l10n_jo_reports,02 OTHER.zip,Jordan - Accounting Reports,,YES,NO,FOREIGN-LOCALIZATION-CANDIDATE,module name prefix l10n_ (non-Thai),OBSERVED
PS04-MOD-0615,l10n_jp,02 OTHER.zip,Japan - Accounting,Accounting/Localizations/Account Charts,YES,NO,FOREIGN-LOCALIZATION-CANDIDATE,module name prefix l10n_ (non-Thai),OBSERVED
PS04-MOD-0616,l10n_jp_reports,02 OTHER.zip,Japan - Accounting Reports,,YES,NO,FOREIGN-LOCALIZATION-CANDIDATE,module name prefix l10n_ (non-Thai),OBSERVED
PS04-MOD-0617,l10n_jp_ubl_pint,02 OTHER.zip,Japan - UBL PINT,Accounting/Localizations/EDI,YES,NO,FOREIGN-LOCALIZATION-CANDIDATE,module name prefix l10n_ (non-Thai),OBSERVED
PS04-MOD-0618,l10n_jp_zengin,02 OTHER.zip,Japan - Zengin Payment,Accounting/Localizations/EDI,YES,NO,FOREIGN-LOCALIZATION-CANDIDATE,module name prefix l10n_ (non-Thai),OBSERVED
PS04-MOD-0619,l10n_ke,02 OTHER.zip,Kenya - Accounting,Accounting/Localizations/Account Charts,YES,NO,FOREIGN-LOCALIZATION-CANDIDATE,module name prefix l10n_ (non-Thai),OBSERVED
PS04-MOD-0620,l10n_ke_edi_oscu,02 OTHER.zip,Kenya eTIMS EDI Integration,Accounting/Localizations/EDI,YES,NO,FOREIGN-LOCALIZATION-CANDIDATE,module name prefix l10n_ (non-Thai),OBSERVED
PS04-MOD-0621,l10n_ke_edi_oscu_mrp,02 OTHER.zip,Kenya ETIMS EDI Manufacturing Integration,Accounting/Localizations/EDI,YES,NO,FOREIGN-LOCALIZATION-CANDIDATE,module name prefix l10n_ (non-Thai),OBSERVED
PS04-MOD-0622,l10n_ke_edi_oscu_pos,02 OTHER.zip,Kenya - Point of Sale,Accounting/Localizations/EDI,YES,NO,FOREIGN-LOCALIZATION-CANDIDATE,module name prefix l10n_ (non-Thai),OBSERVED
PS04-MOD-0623,l10n_ke_edi_oscu_stock,02 OTHER.zip,Kenya ETIMS EDI Stock Integration,Accounting/Localizations/EDI,YES,NO,FOREIGN-LOCALIZATION-CANDIDATE,module name prefix l10n_ (non-Thai),OBSERVED
PS04-MOD-0624,l10n_ke_edi_tremol,02 OTHER.zip,Kenya Tremol Device EDI Integration,Accounting/Localizations/EDI,YES,NO,FOREIGN-LOCALIZATION-CANDIDATE,module name prefix l10n_ (non-Thai),OBSERVED
PS04-MOD-0625,l10n_ke_hr_payroll,02 OTHER.zip,Kenya - Payroll,Human Resources/Payroll,YES,NO,FOREIGN-LOCALIZATION-CANDIDATE,module name prefix l10n_ (non-Thai),OBSERVED
PS04-MOD-0626,l10n_ke_hr_payroll_account,02 OTHER.zip,Kenya - Payroll with Accounting,Human Resources,YES,NO,FOREIGN-LOCALIZATION-CANDIDATE,module name prefix l10n_ (non-Thai),OBSERVED
PS04-MOD-0627,l10n_ke_reports,02 OTHER.zip,Kenya - Accounting Reports,Accounting/Localizations/Reporting,YES,NO,FOREIGN-LOCALIZATION-CANDIDATE,module name prefix l10n_ (non-Thai),OBSERVED
PS04-MOD-0628,l10n_kh,02 OTHER.zip,Cambodia - Accounting,Accounting/Localizations/Account Charts,YES,NO,FOREIGN-LOCALIZATION-CANDIDATE,module name prefix l10n_ (non-Thai),OBSERVED
PS04-MOD-0629,l10n_kh_reports,02 OTHER.zip,Cambodia - Accounting Reports,Accounting/Localizations/Reporting,YES,NO,FOREIGN-LOCALIZATION-CANDIDATE,module name prefix l10n_ (non-Thai),OBSERVED
PS04-MOD-0630,l10n_km,02 OTHER.zip,Comoros - Accounting,Accounting/Localizations/Account Charts,YES,NO,FOREIGN-LOCALIZATION-CANDIDATE,module name prefix l10n_ (non-Thai),OBSERVED
PS04-MOD-0631,l10n_km_reports,02 OTHER.zip,Comoros - Accounting Reports,,YES,NO,FOREIGN-LOCALIZATION-CANDIDATE,module name prefix l10n_ (non-Thai),OBSERVED
PS04-MOD-0632,l10n_kr,02 OTHER.zip,Republic of Korea - Accounting,Accounting/Localizations/Account Charts,YES,NO,FOREIGN-LOCALIZATION-CANDIDATE,module name prefix l10n_ (non-Thai),OBSERVED
PS04-MOD-0633,l10n_kr_reports,02 OTHER.zip,Republic of Korea - Accounting Reports,Accounting/Localizations/Reporting,YES,NO,FOREIGN-LOCALIZATION-CANDIDATE,module name prefix l10n_ (non-Thai),OBSERVED
PS04-MOD-0634,l10n_kw,02 OTHER.zip,Kuwait - Accounting,Accounting/Localizations/Account Charts,YES,NO,FOREIGN-LOCALIZATION-CANDIDATE,module name prefix l10n_ (non-Thai),OBSERVED
PS04-MOD-0635,l10n_kz,02 OTHER.zip,Kazakhstan - Accounting,Accounting/Localizations/Account Charts,YES,NO,FOREIGN-LOCALIZATION-CANDIDATE,module name prefix l10n_ (non-Thai),OBSERVED
PS04-MOD-0636,l10n_kz_reports,02 OTHER.zip,Kazakhstan - Accounting Reports,Accounting/Localizations/Reporting,YES,NO,FOREIGN-LOCALIZATION-CANDIDATE,module name prefix l10n_ (non-Thai),OBSERVED
PS04-MOD-0637,l10n_latam_base,02 OTHER.zip,LATAM Localization Base,Accounting/Localizations,YES,NO,FOREIGN-LOCALIZATION-CANDIDATE,module name prefix l10n_ (non-Thai),OBSERVED
PS04-MOD-0638,l10n_latam_check,02 OTHER.zip,Third Party and Deferred/Electronic Checks Management,Accounting/Localizations,YES,NO,FOREIGN-LOCALIZATION-CANDIDATE,module name prefix l10n_ (non-Thai),OBSERVED
PS04-MOD-0639,l10n_latam_invoice_document,02 OTHER.zip,LATAM Document,Accounting/Localizations,YES,NO,FOREIGN-LOCALIZATION-CANDIDATE,module name prefix l10n_ (non-Thai),OBSERVED
PS04-MOD-0640,l10n_lb_account,02 OTHER.zip,Lebanon - Accounting,Accounting/Localizations/Account Charts,YES,NO,FOREIGN-LOCALIZATION-CANDIDATE,module name prefix l10n_ (non-Thai),OBSERVED
PS04-MOD-0641,l10n_lk,02 OTHER.zip,Sri Lanka - Accounting,Accounting/Localizations/Account Charts,YES,NO,FOREIGN-LOCALIZATION-CANDIDATE,module name prefix l10n_ (non-Thai),OBSERVED
PS04-MOD-0642,l10n_lk_reports,02 OTHER.zip,Sri Lanka - Accounting Reports,Accounting/Localizations/Reporting,YES,NO,FOREIGN-LOCALIZATION-CANDIDATE,module name prefix l10n_ (non-Thai),OBSERVED
PS04-MOD-0643,l10n_lt,02 OTHER.zip,Lithuania - Accounting,Accounting/Localizations/Account Charts,YES,NO,FOREIGN-LOCALIZATION-CANDIDATE,module name prefix l10n_ (non-Thai),OBSERVED
PS04-MOD-0644,l10n_lt_hr_payroll,02 OTHER.zip,Lithuania - Payroll,Human Resources/Payroll,YES,NO,FOREIGN-LOCALIZATION-CANDIDATE,module name prefix l10n_ (non-Thai),OBSERVED
PS04-MOD-0645,l10n_lt_hr_payroll_account,02 OTHER.zip,Lithuania - Payroll with Accounting,Human Resources,YES,NO,FOREIGN-LOCALIZATION-CANDIDATE,module name prefix l10n_ (non-Thai),OBSERVED
PS04-MOD-0646,l10n_lt_intrastat,02 OTHER.zip,Lithuanian Intrastat Declaration,Accounting/Localizations/Reporting,YES,NO,FOREIGN-LOCALIZATION-CANDIDATE,module name prefix l10n_ (non-Thai),OBSERVED
PS04-MOD-0647,l10n_lt_reports,02 OTHER.zip,Lithuania - Accounting Reports,Accounting/Localizations/Reporting,YES,NO,FOREIGN-LOCALIZATION-CANDIDATE,module name prefix l10n_ (non-Thai),OBSERVED
PS04-MOD-0648,l10n_lt_saft,02 OTHER.zip,Lithuanian Standard Audit File for Tax,Accounting/Localizations/Reporting,YES,NO,FOREIGN-LOCALIZATION-CANDIDATE,module name prefix l10n_ (non-Thai),OBSERVED
PS04-MOD-0649,l10n_lt_saft_import,02 OTHER.zip,Lithuania - SAF-T Import,Accounting/Localizations,YES,NO,FOREIGN-LOCALIZATION-CANDIDATE,module name prefix l10n_ (non-Thai),OBSERVED
PS04-MOD-0650,l10n_lu,02 OTHER.zip,Luxembourg - Accounting,Accounting/Localizations/Account Charts,YES,NO,FOREIGN-LOCALIZATION-CANDIDATE,module name prefix l10n_ (non-Thai),OBSERVED
PS04-MOD-0651,l10n_lu_hr_payroll,02 OTHER.zip,Luxembourg - Payroll,Human Resources/Payroll,YES,NO,FOREIGN-LOCALIZATION-CANDIDATE,module name prefix l10n_ (non-Thai),OBSERVED
PS04-MOD-0652,l10n_lu_hr_payroll_account,02 OTHER.zip,Luxembourg - Payroll with Accounting,Human Resources,YES,NO,FOREIGN-LOCALIZATION-CANDIDATE,module name prefix l10n_ (non-Thai),OBSERVED
PS04-MOD-0653,l10n_lu_reports,02 OTHER.zip,Luxembourg - Accounting Reports,Accounting/Localizations/Reporting,YES,NO,FOREIGN-LOCALIZATION-CANDIDATE,module name prefix l10n_ (non-Thai),OBSERVED
PS04-MOD-0654,l10n_lv,02 OTHER.zip,Latvia - Accounting,Accounting/Localizations/Account Charts,YES,NO,FOREIGN-LOCALIZATION-CANDIDATE,module name prefix l10n_ (non-Thai),OBSERVED
PS04-MOD-0655,l10n_lv_reports,02 OTHER.zip,Latvia - Accounting Reports,Accounting/Localizations/Reporting,YES,NO,FOREIGN-LOCALIZATION-CANDIDATE,module name prefix l10n_ (non-Thai),OBSERVED
PS04-MOD-0656,l10n_ma,02 OTHER.zip,Morocco - Accounting,Accounting/Localizations/Account Charts,YES,NO,FOREIGN-LOCALIZATION-CANDIDATE,module name prefix l10n_ (non-Thai),OBSERVED
PS04-MOD-0657,l10n_ma_hr_payroll,02 OTHER.zip,Morocco - Payroll,Human Resources/Payroll,YES,NO,FOREIGN-LOCALIZATION-CANDIDATE,module name prefix l10n_ (non-Thai),OBSERVED
PS04-MOD-0658,l10n_ma_hr_payroll_account,02 OTHER.zip,Morocco - Payroll with Accounting,Human Resources,YES,NO,FOREIGN-LOCALIZATION-CANDIDATE,module name prefix l10n_ (non-Thai),OBSERVED
PS04-MOD-0659,l10n_ma_reports,02 OTHER.zip,Morocco - Accounting Reports,Accounting/Localizations/Reporting,YES,NO,FOREIGN-LOCALIZATION-CANDIDATE,module name prefix l10n_ (non-Thai),OBSERVED
PS04-MOD-0660,l10n_mc,02 OTHER.zip,Monaco - Accounting,Accounting/Localizations/Account Charts,YES,NO,FOREIGN-LOCALIZATION-CANDIDATE,module name prefix l10n_ (non-Thai),OBSERVED
PS04-MOD-0661,l10n_ml,02 OTHER.zip,Mali - Accounting,Accounting/Localizations/Account Charts,YES,NO,FOREIGN-LOCALIZATION-CANDIDATE,module name prefix l10n_ (non-Thai),OBSERVED
PS04-MOD-0662,l10n_ml_reports,02 OTHER.zip,Mali - Accounting Reports,,YES,NO,FOREIGN-LOCALIZATION-CANDIDATE,module name prefix l10n_ (non-Thai),OBSERVED
PS04-MOD-0663,l10n_mn,02 OTHER.zip,Mongolia - Accounting,Accounting/Localizations/Account Charts,YES,NO,FOREIGN-LOCALIZATION-CANDIDATE,module name prefix l10n_ (non-Thai),OBSERVED
PS04-MOD-0664,l10n_mn_reports,02 OTHER.zip,Mongolia - Accounting Reports,Accounting/Localizations/Reporting,YES,NO,FOREIGN-LOCALIZATION-CANDIDATE,module name prefix l10n_ (non-Thai),OBSERVED
PS04-MOD-0665,l10n_mr,02 OTHER.zip,Mauritania - Accounting,Accounting/Localizations/Account Charts,YES,NO,FOREIGN-LOCALIZATION-CANDIDATE,module name prefix l10n_ (non-Thai),OBSERVED
PS04-MOD-0666,l10n_mr_reports,02 OTHER.zip,Mauritania - Accounting Reports,Accounting/Localizations/Reporting,YES,NO,FOREIGN-LOCALIZATION-CANDIDATE,module name prefix l10n_ (non-Thai),OBSERVED
PS04-MOD-0667,l10n_mt,02 OTHER.zip,Malta - Accounting,Accounting/Localizations/Account Charts,YES,NO,FOREIGN-LOCALIZATION-CANDIDATE,module name prefix l10n_ (non-Thai),OBSERVED
PS04-MOD-0668,l10n_mt_pos,02 OTHER.zip,Malta - Point of Sale,Accounting/Localizations/Point of Sale,YES,NO,FOREIGN-LOCALIZATION-CANDIDATE,module name prefix l10n_ (non-Thai),OBSERVED
PS04-MOD-0669,l10n_mt_reports,02 OTHER.zip,Malta - Accounting Reports,Accounting/Localizations/Reporting,YES,NO,FOREIGN-LOCALIZATION-CANDIDATE,module name prefix l10n_ (non-Thai),OBSERVED
PS04-MOD-0670,l10n_mu_account,02 OTHER.zip,Mauritius - Accounting,Accounting/Localizations/Account Charts,YES,NO,FOREIGN-LOCALIZATION-CANDIDATE,module name prefix l10n_ (non-Thai),OBSERVED
PS04-MOD-0671,l10n_mu_reports,02 OTHER.zip,Mauritius - Accounting Reports,,YES,NO,FOREIGN-LOCALIZATION-CANDIDATE,module name prefix l10n_ (non-Thai),OBSERVED
PS04-MOD-0672,l10n_mx,02 OTHER.zip,Mexico - Accounting,Accounting/Localizations/Account Charts,YES,NO,FOREIGN-LOCALIZATION-CANDIDATE,module name prefix l10n_ (non-Thai),OBSERVED
PS04-MOD-0673,l10n_mx_edi,02 OTHER.zip,EDI for Mexico,Accounting/Localizations/EDI,YES,NO,FOREIGN-LOCALIZATION-CANDIDATE,module name prefix l10n_ (non-Thai),OBSERVED
PS04-MOD-0674,l10n_mx_edi_extended,02 OTHER.zip,EDI for Mexico (Advanced Features),Accounting/Localizations/EDI,YES,NO,FOREIGN-LOCALIZATION-CANDIDATE,module name prefix l10n_ (non-Thai),OBSERVED
PS04-MOD-0675,l10n_mx_edi_landing,02 OTHER.zip,Odoo Mexico Localization for Stock/Landing,Accounting/Localizations/EDI,YES,NO,FOREIGN-LOCALIZATION-CANDIDATE,module name prefix l10n_ (non-Thai),OBSERVED
PS04-MOD-0676,l10n_mx_edi_pos,02 OTHER.zip,Mexican Localization for the Point of Sale,Accounting/Localizations/EDI,YES,NO,FOREIGN-LOCALIZATION-CANDIDATE,module name prefix l10n_ (non-Thai),OBSERVED
PS04-MOD-0677,l10n_mx_edi_sale,02 OTHER.zip,CFDI 4.0 fields for sale orders,Accounting/Localizations/EDI,YES,NO,FOREIGN-LOCALIZATION-CANDIDATE,module name prefix l10n_ (non-Thai),OBSERVED
PS04-MOD-0678,l10n_mx_edi_stock,02 OTHER.zip,Mexico - Electronic Delivery Guide,Accounting/Localizations/EDI,YES,NO,FOREIGN-LOCALIZATION-CANDIDATE,module name prefix l10n_ (non-Thai),OBSERVED
PS04-MOD-0679,l10n_mx_edi_website_sale,02 OTHER.zip,Mexican Localization for eCommerce,Accounting/Localizations/EDI,YES,NO,FOREIGN-LOCALIZATION-CANDIDATE,module name prefix l10n_ (non-Thai),OBSERVED
PS04-MOD-0680,l10n_mx_hr_payroll,02 OTHER.zip,Mexico - Payroll,Human Resources/Payroll,YES,NO,FOREIGN-LOCALIZATION-CANDIDATE,module name prefix l10n_ (non-Thai),OBSERVED
PS04-MOD-0681,l10n_mx_hr_payroll_account,02 OTHER.zip,Mexico - Payroll with Accounting,Human Resources,YES,NO,FOREIGN-LOCALIZATION-CANDIDATE,module name prefix l10n_ (non-Thai),OBSERVED
PS04-MOD-0682,l10n_mx_hr_payroll_account_edi,02 OTHER.zip,Mexico - Payroll CFDI,Human Resources/Payroll,YES,NO,FOREIGN-LOCALIZATION-CANDIDATE,module name prefix l10n_ (non-Thai),OBSERVED
PS04-MOD-0683,l10n_mx_reports,02 OTHER.zip,Odoo Mexican Localization Reports,Accounting/Localizations/Reporting,YES,NO,FOREIGN-LOCALIZATION-CANDIDATE,module name prefix l10n_ (non-Thai),OBSERVED
PS04-MOD-0684,l10n_mx_reports_closing,02 OTHER.zip,Mexico - Month 13 Trial Balance,Accounting/Localizations/Reporting,YES,NO,FOREIGN-LOCALIZATION-CANDIDATE,module name prefix l10n_ (non-Thai),OBSERVED
PS04-MOD-0685,l10n_mx_xml_polizas,02 OTHER.zip,Odoo Mexican XML Polizas Export,Accounting/Localizations/Reporting,YES,NO,FOREIGN-LOCALIZATION-CANDIDATE,module name prefix l10n_ (non-Thai),OBSERVED
PS04-MOD-0686,l10n_my,02 OTHER.zip,Malaysia - Accounting,Accounting/Localizations/Account Charts,YES,NO,FOREIGN-LOCALIZATION-CANDIDATE,module name prefix l10n_ (non-Thai),OBSERVED
PS04-MOD-0687,l10n_my_edi,02 OTHER.zip,Malaysia - E-invoicing,Accounting/Localizations/EDI,YES,NO,FOREIGN-LOCALIZATION-CANDIDATE,module name prefix l10n_ (non-Thai),OBSERVED
PS04-MOD-0688,l10n_my_edi_pos,02 OTHER.zip,Malaysia - E-invoicing (POS),Accounting/Localizations/EDI,YES,NO,FOREIGN-LOCALIZATION-CANDIDATE,module name prefix l10n_ (non-Thai),OBSERVED
PS04-MOD-0689,l10n_my_hr_payroll,02 OTHER.zip,Malaysia - Payroll,Human Resources/Payroll,YES,NO,FOREIGN-LOCALIZATION-CANDIDATE,module name prefix l10n_ (non-Thai),OBSERVED
PS04-MOD-0690,l10n_my_hr_payroll_account,02 OTHER.zip,Malaysia - Payroll with Accounting,Human Resources,YES,NO,FOREIGN-LOCALIZATION-CANDIDATE,module name prefix l10n_ (non-Thai),OBSERVED
PS04-MOD-0691,l10n_my_reports,02 OTHER.zip,Malaysia - Accounting Reports,Accounting/Localizations/Reporting,YES,NO,FOREIGN-LOCALIZATION-CANDIDATE,module name prefix l10n_ (non-Thai),OBSERVED
PS04-MOD-0692,l10n_my_ubl_pint,02 OTHER.zip,Malaysia - UBL PINT,Accounting/Localizations/EDI,YES,NO,FOREIGN-LOCALIZATION-CANDIDATE,module name prefix l10n_ (non-Thai),OBSERVED
PS04-MOD-0693,l10n_mz,02 OTHER.zip,Mozambique - Accounting,Accounting/Localizations/Account Charts,YES,NO,FOREIGN-LOCALIZATION-CANDIDATE,module name prefix l10n_ (non-Thai),OBSERVED
PS04-MOD-0694,l10n_mz_reports,02 OTHER.zip,Mozambique - Accounting Reports,Accounting/Localizations/Reporting,YES,NO,FOREIGN-LOCALIZATION-CANDIDATE,module name prefix l10n_ (non-Thai),OBSERVED
PS04-MOD-0695,l10n_ne,02 OTHER.zip,Niger - Accounting,Accounting/Localizations/Account Charts,YES,NO,FOREIGN-LOCALIZATION-CANDIDATE,module name prefix l10n_ (non-Thai),OBSERVED
PS04-MOD-0696,l10n_ne_reports,02 OTHER.zip,Niger - Accounting Reports,,YES,NO,FOREIGN-LOCALIZATION-CANDIDATE,module name prefix l10n_ (non-Thai),OBSERVED
PS04-MOD-0697,l10n_ng,02 OTHER.zip,Nigeria - Accounting,Accounting/Localizations/Account Charts,YES,NO,FOREIGN-LOCALIZATION-CANDIDATE,module name prefix l10n_ (non-Thai),OBSERVED
PS04-MOD-0698,l10n_ng_reports,02 OTHER.zip,Nigeria - Accounting Reports,Accounting/Localizations/Reporting,YES,NO,FOREIGN-LOCALIZATION-CANDIDATE,module name prefix l10n_ (non-Thai),OBSERVED
PS04-MOD-0699,l10n_nl,02 OTHER.zip,Netherlands - Accounting,Accounting/Localizations/Account Charts,YES,NO,FOREIGN-LOCALIZATION-CANDIDATE,module name prefix l10n_ (non-Thai),OBSERVED
PS04-MOD-0700,l10n_nl_hr_payroll,02 OTHER.zip,Netherlands - Payroll,Human Resources/Payroll,YES,NO,FOREIGN-LOCALIZATION-CANDIDATE,module name prefix l10n_ (non-Thai),OBSERVED
PS04-MOD-0701,l10n_nl_hr_payroll_account,02 OTHER.zip,Netherlands - Payroll with Accounting,Human Resources,YES,NO,FOREIGN-LOCALIZATION-CANDIDATE,module name prefix l10n_ (non-Thai),OBSERVED
PS04-MOD-0702,l10n_nl_intrastat,02 OTHER.zip,Netherlands Intrastat Declaration,Accounting/Localizations/Reporting,YES,NO,FOREIGN-LOCALIZATION-CANDIDATE,module name prefix l10n_ (non-Thai),OBSERVED
PS04-MOD-0703,l10n_nl_reports,02 OTHER.zip,Netherlands - Accounting Reports,Accounting/Localizations/Reporting,YES,NO,FOREIGN-LOCALIZATION-CANDIDATE,module name prefix l10n_ (non-Thai),OBSERVED
PS04-MOD-0704,l10n_no,02 OTHER.zip,Norway - Accounting,Accounting/Localizations/Account Charts,YES,NO,FOREIGN-LOCALIZATION-CANDIDATE,module name prefix l10n_ (non-Thai),OBSERVED
PS04-MOD-0705,l10n_no_reports,02 OTHER.zip,Norway - Accounting Reports,Accounting/Localizations/Reporting,YES,NO,FOREIGN-LOCALIZATION-CANDIDATE,module name prefix l10n_ (non-Thai),OBSERVED
PS04-MOD-0706,l10n_no_saft,02 OTHER.zip,Norwegian Standard Audit File for Tax,Accounting/Localizations/Reporting,YES,NO,FOREIGN-LOCALIZATION-CANDIDATE,module name prefix l10n_ (non-Thai),OBSERVED
PS04-MOD-0707,l10n_nz,02 OTHER.zip,New Zealand - Accounting,Accounting/Localizations/Account Charts,YES,NO,FOREIGN-LOCALIZATION-CANDIDATE,module name prefix l10n_ (non-Thai),OBSERVED
PS04-MOD-0708,l10n_nz_eft,02 OTHER.zip,EFT Batch Payment,Accounting/Localizations/EDI,YES,NO,FOREIGN-LOCALIZATION-CANDIDATE,module name prefix l10n_ (non-Thai),OBSERVED
PS04-MOD-0709,l10n_nz_reports,02 OTHER.zip,New Zealand - Accounting Reports,,YES,NO,FOREIGN-LOCALIZATION-CANDIDATE,module name prefix l10n_ (non-Thai),OBSERVED
PS04-MOD-0710,l10n_om,02 OTHER.zip,Oman - Accounting,Accounting/Localizations/Account Charts,YES,NO,FOREIGN-LOCALIZATION-CANDIDATE,module name prefix l10n_ (non-Thai),OBSERVED
PS04-MOD-0711,l10n_om_reports,02 OTHER.zip,Oman - Accounting Reports,Accounting/Localizations/Reporting,YES,NO,FOREIGN-LOCALIZATION-CANDIDATE,module name prefix l10n_ (non-Thai),OBSERVED
PS04-MOD-0712,l10n_pa,02 OTHER.zip,Panama - Accounting,Accounting/Localizations/Account Charts,YES,NO,FOREIGN-LOCALIZATION-CANDIDATE,module name prefix l10n_ (non-Thai),OBSERVED
PS04-MOD-0713,l10n_pe,02 OTHER.zip,Peru - Accounting,Accounting/Localizations/Account Charts,YES,NO,FOREIGN-LOCALIZATION-CANDIDATE,module name prefix l10n_ (non-Thai),OBSERVED
PS04-MOD-0714,l10n_pe_edi,02 OTHER.zip,EDI for Peru,Accounting/Localizations/EDI,YES,NO,FOREIGN-LOCALIZATION-CANDIDATE,module name prefix l10n_ (non-Thai),OBSERVED
PS04-MOD-0715,l10n_pe_edi_pos,02 OTHER.zip,Peruvian Localization for the Point of Sale,Accounting/Localizations/EDI,YES,NO,FOREIGN-LOCALIZATION-CANDIDATE,module name prefix l10n_ (non-Thai),OBSERVED
PS04-MOD-0716,l10n_pe_edi_stock,02 OTHER.zip,Peruvian - Electronic Delivery Note,Accounting/Localizations/EDI,YES,NO,FOREIGN-LOCALIZATION-CANDIDATE,module name prefix l10n_ (non-Thai),OBSERVED
PS04-MOD-0717,l10n_pe_pos,02 OTHER.zip,Peruvian - Point of Sale with Pe Doc,Accounting/Localizations/Point of Sale,YES,NO,FOREIGN-LOCALIZATION-CANDIDATE,module name prefix l10n_ (non-Thai),OBSERVED
PS04-MOD-0718,l10n_pe_reports,02 OTHER.zip,Peru - Accounting Reports,Accounting/Localizations/Reporting,YES,NO,FOREIGN-LOCALIZATION-CANDIDATE,module name prefix l10n_ (non-Thai),OBSERVED
PS04-MOD-0719,l10n_pe_reports_lib,02 OTHER.zip,Peru - Inventory and Balance Reports,Accounting/Localizations/Reporting,YES,NO,FOREIGN-LOCALIZATION-CANDIDATE,module name prefix l10n_ (non-Thai),OBSERVED
PS04-MOD-0720,l10n_pe_reports_stock,02 OTHER.zip,Peru - Stock Reports,Accounting/Localizations/Reporting,YES,NO,FOREIGN-LOCALIZATION-CANDIDATE,module name prefix l10n_ (non-Thai),OBSERVED
PS04-MOD-0721,l10n_ph,02 OTHER.zip,Philippines - Accounting,Accounting/Localizations/Account Charts,YES,NO,FOREIGN-LOCALIZATION-CANDIDATE,module name prefix l10n_ (non-Thai),OBSERVED
PS04-MOD-0722,l10n_ph_check_printing,02 OTHER.zip,Philippines Checks Layout,Accounting/Localizations/Check,YES,NO,FOREIGN-LOCALIZATION-CANDIDATE,module name prefix l10n_ (non-Thai),OBSERVED
PS04-MOD-0723,l10n_ph_reports,02 OTHER.zip,Philippines - Accounting Reports,Accounting/Localizations/Reporting,YES,NO,FOREIGN-LOCALIZATION-CANDIDATE,module name prefix l10n_ (non-Thai),OBSERVED
PS04-MOD-0724,l10n_pk,02 OTHER.zip,Pakistan - Accounting,Accounting/Localizations/Account Charts,YES,NO,FOREIGN-LOCALIZATION-CANDIDATE,module name prefix l10n_ (non-Thai),OBSERVED
PS04-MOD-0725,l10n_pk_hr_payroll,02 OTHER.zip,Pakistan - Payroll,Human Resources/Payroll,YES,NO,FOREIGN-LOCALIZATION-CANDIDATE,module name prefix l10n_ (non-Thai),OBSERVED
PS04-MOD-0726,l10n_pk_hr_payroll_account,02 OTHER.zip,Pakistan - Payroll with Accounting,Human Resources,YES,NO,FOREIGN-LOCALIZATION-CANDIDATE,module name prefix l10n_ (non-Thai),OBSERVED
PS04-MOD-0727,l10n_pk_reports,02 OTHER.zip,Pakistan - Accounting Reports,Accounting/Localizations/Reporting,YES,NO,FOREIGN-LOCALIZATION-CANDIDATE,module name prefix l10n_ (non-Thai),OBSERVED
PS04-MOD-0728,l10n_pl,02 OTHER.zip,Poland - Accounting,Accounting/Localizations/Account Charts,YES,NO,FOREIGN-LOCALIZATION-CANDIDATE,module name prefix l10n_ (non-Thai),OBSERVED
PS04-MOD-0729,l10n_pl_edi,02 OTHER.zip,Polish E-Invoicing FA(3),Accounting/Localizations,YES,NO,FOREIGN-LOCALIZATION-CANDIDATE,module name prefix l10n_ (non-Thai),OBSERVED
PS04-MOD-0730,l10n_pl_hr_payroll,02 OTHER.zip,Poland - Payroll,Human Resources/Payroll,YES,NO,FOREIGN-LOCALIZATION-CANDIDATE,module name prefix l10n_ (non-Thai),OBSERVED
PS04-MOD-0731,l10n_pl_hr_payroll_account,02 OTHER.zip,Poland - Payroll with Accounting,Human Resources,YES,NO,FOREIGN-LOCALIZATION-CANDIDATE,module name prefix l10n_ (non-Thai),OBSERVED
PS04-MOD-0732,l10n_pl_intrastat,02 OTHER.zip,Polish Intrastat Declaration,Accounting/Localizations/Reporting,YES,NO,FOREIGN-LOCALIZATION-CANDIDATE,module name prefix l10n_ (non-Thai),OBSERVED
PS04-MOD-0733,l10n_pl_reports,02 OTHER.zip,Poland - Accounting Reports,Accounting/Localizations/Reporting,YES,NO,FOREIGN-LOCALIZATION-CANDIDATE,module name prefix l10n_ (non-Thai),OBSERVED
PS04-MOD-0734,l10n_pl_reports_account_saft,02 OTHER.zip,Poland - SAFT Income Tax Report (JPK KR PD),Accounting/Localizations/Reporting,YES,NO,FOREIGN-LOCALIZATION-CANDIDATE,module name prefix l10n_ (non-Thai),OBSERVED
PS04-MOD-0735,l10n_pl_reports_jpk_fa,02 OTHER.zip,Poland - JPK FA Reports,Accounting/Localizations/Reporting,YES,NO,FOREIGN-LOCALIZATION-CANDIDATE,module name prefix l10n_ (non-Thai),OBSERVED
PS04-MOD-0736,l10n_pl_reports_pos_jpk,02 OTHER.zip,Poland - JPK_VAT PoS Enterprise,Accounting/Localizations/Reporting,YES,NO,FOREIGN-LOCALIZATION-CANDIDATE,module name prefix l10n_ (non-Thai),OBSERVED
PS04-MOD-0737,l10n_pt,02 OTHER.zip,Portugal - Accounting,Accounting/Localizations/Account Charts,YES,NO,FOREIGN-LOCALIZATION-CANDIDATE,module name prefix l10n_ (non-Thai),OBSERVED
PS04-MOD-0738,l10n_pt_intrastat,02 OTHER.zip,Portuguese Intrastat Declaration,Accounting/Localizations/Reporting,YES,NO,FOREIGN-LOCALIZATION-CANDIDATE,module name prefix l10n_ (non-Thai),OBSERVED
PS04-MOD-0739,l10n_pt_reports,02 OTHER.zip,Portugal - Accounting Reports,Accounting/Localizations/Reporting,YES,NO,FOREIGN-LOCALIZATION-CANDIDATE,module name prefix l10n_ (non-Thai),OBSERVED
PS04-MOD-0740,l10n_qa,02 OTHER.zip,Qatar - Accounting,Accounting/Localizations/Account Charts,YES,NO,FOREIGN-LOCALIZATION-CANDIDATE,module name prefix l10n_ (non-Thai),OBSERVED
PS04-MOD-0741,l10n_ro,02 OTHER.zip,Romania - Accounting,Accounting/Localizations/Account Charts,YES,NO,FOREIGN-LOCALIZATION-CANDIDATE,module name prefix l10n_ (non-Thai),OBSERVED
PS04-MOD-0742,l10n_ro_cpv_code,02 OTHER.zip,Romania - CPV Code,Hidden,YES,NO,FOREIGN-LOCALIZATION-CANDIDATE,module name prefix l10n_ (non-Thai),OBSERVED
PS04-MOD-0743,l10n_ro_edi,02 OTHER.zip,Romania - E-invoicing,Accounting/Localizations/EDI,YES,NO,FOREIGN-LOCALIZATION-CANDIDATE,module name prefix l10n_ (non-Thai),OBSERVED
PS04-MOD-0744,l10n_ro_edi_stock,02 OTHER.zip,Romania - E-Transport,Accounting/Localizations/EDI,YES,NO,FOREIGN-LOCALIZATION-CANDIDATE,module name prefix l10n_ (non-Thai),OBSERVED
PS04-MOD-0745,l10n_ro_edi_stock_batch,02 OTHER.zip,Romania - E-Transport Batch Pickings,Accounting/Localizations/EDI,YES,NO,FOREIGN-LOCALIZATION-CANDIDATE,module name prefix l10n_ (non-Thai),OBSERVED
PS04-MOD-0746,l10n_ro_hr_payroll,02 OTHER.zip,Romania - Payroll,Human Resources/Payroll,YES,NO,FOREIGN-LOCALIZATION-CANDIDATE,module name prefix l10n_ (non-Thai),OBSERVED
PS04-MOD-0747,l10n_ro_hr_payroll_account,02 OTHER.zip,Romania - Payroll with Accounting,Human Resources/Payroll,YES,NO,FOREIGN-LOCALIZATION-CANDIDATE,module name prefix l10n_ (non-Thai),OBSERVED
PS04-MOD-0748,l10n_ro_intrastat,02 OTHER.zip,Romania - Intrastat Declaration,Accounting/Localizations/Reporting,YES,NO,FOREIGN-LOCALIZATION-CANDIDATE,module name prefix l10n_ (non-Thai),OBSERVED
PS04-MOD-0749,l10n_ro_reports,02 OTHER.zip,Romania - Accounting Reports,Accounting/Localizations/Reporting,YES,NO,FOREIGN-LOCALIZATION-CANDIDATE,module name prefix l10n_ (non-Thai),OBSERVED
PS04-MOD-0750,l10n_ro_saft,02 OTHER.zip,Romanian SAF-T Export,Accounting/Localizations/Reporting,YES,NO,FOREIGN-LOCALIZATION-CANDIDATE,module name prefix l10n_ (non-Thai),OBSERVED
PS04-MOD-0751,l10n_ro_saft_import,02 OTHER.zip,Romania - SAF-T Import,Accounting/Localizations,YES,NO,FOREIGN-LOCALIZATION-CANDIDATE,module name prefix l10n_ (non-Thai),OBSERVED
PS04-MOD-0752,l10n_ro_saft_stock,02 OTHER.zip,Romanian SAF-T Export (Stocks),Accounting/Localizations/Reporting,YES,NO,FOREIGN-LOCALIZATION-CANDIDATE,module name prefix l10n_ (non-Thai),OBSERVED
PS04-MOD-0753,l10n_rs,02 OTHER.zip,Serbia - Accounting,Accounting/Localizations/Account Charts,YES,NO,FOREIGN-LOCALIZATION-CANDIDATE,module name prefix l10n_ (non-Thai),OBSERVED
PS04-MOD-0754,l10n_rs_edi,02 OTHER.zip,Serbia - eFaktura E-invoicing,Accounting/Localizations/EDI,YES,NO,FOREIGN-LOCALIZATION-CANDIDATE,module name prefix l10n_ (non-Thai),OBSERVED
PS04-MOD-0755,l10n_rs_reports,02 OTHER.zip,Serbia - Accounting Reports,Accounting/Localizations/Reporting,YES,NO,FOREIGN-LOCALIZATION-CANDIDATE,module name prefix l10n_ (non-Thai),OBSERVED
PS04-MOD-0756,l10n_rw,02 OTHER.zip,Rwanda - Accounting,Accounting/Localizations/Account Charts,YES,NO,FOREIGN-LOCALIZATION-CANDIDATE,module name prefix l10n_ (non-Thai),OBSERVED
PS04-MOD-0757,l10n_rw_reports,02 OTHER.zip,Rwanda - Accounting Reports,Accounting/Localizations/Reporting,YES,NO,FOREIGN-LOCALIZATION-CANDIDATE,module name prefix l10n_ (non-Thai),OBSERVED
PS04-MOD-0758,l10n_sa,02 OTHER.zip,Saudi Arabia - Accounting,Accounting/Localizations/Account Charts,YES,NO,FOREIGN-LOCALIZATION-CANDIDATE,module name prefix l10n_ (non-Thai),OBSERVED
PS04-MOD-0759,l10n_sa_edi,02 OTHER.zip,Saudi Arabia - E-invoicing,Accounting/Localizations/EDI,YES,NO,FOREIGN-LOCALIZATION-CANDIDATE,module name prefix l10n_ (non-Thai),OBSERVED
PS04-MOD-0760,l10n_sa_edi_pos,02 OTHER.zip,Saudi Arabia - E-invoicing (Simplified),Accounting/Localizations/EDI,YES,NO,FOREIGN-LOCALIZATION-CANDIDATE,module name prefix l10n_ (non-Thai),OBSERVED
PS04-MOD-0761,l10n_sa_hr_payroll,02 OTHER.zip,Saudi Arabia - Payroll,Human Resources/Payroll,YES,NO,FOREIGN-LOCALIZATION-CANDIDATE,module name prefix l10n_ (non-Thai),OBSERVED
PS04-MOD-0762,l10n_sa_hr_payroll_account,02 OTHER.zip,Saudi Arabia - Payroll with Accounting,Human Resources,YES,NO,FOREIGN-LOCALIZATION-CANDIDATE,module name prefix l10n_ (non-Thai),OBSERVED
PS04-MOD-0763,l10n_sa_pos,02 OTHER.zip,Saudi Arabia - Point of Sale,Accounting/Localizations/Point of Sale,YES,NO,FOREIGN-LOCALIZATION-CANDIDATE,module name prefix l10n_ (non-Thai),OBSERVED
PS04-MOD-0764,l10n_sa_reports,02 OTHER.zip,Saudi Arabia - Accounting Reports,,YES,NO,FOREIGN-LOCALIZATION-CANDIDATE,module name prefix l10n_ (non-Thai),OBSERVED
PS04-MOD-0765,l10n_sa_withholding_tax,02 OTHER.zip,Saudi Arabia - Withholding Tax,Accounting/Localizations/Account Charts,YES,NO,FOREIGN-LOCALIZATION-CANDIDATE,module name prefix l10n_ (non-Thai),OBSERVED
PS04-MOD-0766,l10n_se,02 OTHER.zip,Sweden - Accounting,Accounting/Localizations/Account Charts,YES,NO,FOREIGN-LOCALIZATION-CANDIDATE,module name prefix l10n_ (non-Thai),OBSERVED
PS04-MOD-0767,l10n_se_bban,02 OTHER.zip,BBAN Plusgiro Bankgiro,Accounting/Localizations,YES,NO,FOREIGN-LOCALIZATION-CANDIDATE,module name prefix l10n_ (non-Thai),OBSERVED
PS04-MOD-0768,l10n_se_pos,02 OTHER.zip,Sweden Registered Cash Register,Sales/Point Of Sale,YES,NO,FOREIGN-LOCALIZATION-CANDIDATE,module name prefix l10n_ (non-Thai),OBSERVED
PS04-MOD-0769,l10n_se_reports,02 OTHER.zip,Sweden - Accounting Reports,Accounting/Localizations/Reporting,YES,NO,FOREIGN-LOCALIZATION-CANDIDATE,module name prefix l10n_ (non-Thai),OBSERVED
PS04-MOD-0770,l10n_se_returns,02 OTHER.zip,Sweden - Accounting Returns,Accounting/Localizations/Reporting,YES,NO,FOREIGN-LOCALIZATION-CANDIDATE,module name prefix l10n_ (non-Thai),OBSERVED
PS04-MOD-0771,l10n_se_sie4_export,02 OTHER.zip,Sweden - SIE 4 Export,Accounting/Accounting,YES,NO,FOREIGN-LOCALIZATION-CANDIDATE,module name prefix l10n_ (non-Thai),OBSERVED
PS04-MOD-0772,l10n_se_sie4_import,02 OTHER.zip,Sweden - SIE 4 Import,Accounting/Accounting,YES,NO,FOREIGN-LOCALIZATION-CANDIDATE,module name prefix l10n_ (non-Thai),OBSERVED
PS04-MOD-0773,l10n_se_sie_import,02 OTHER.zip,Sweden - SIE 5 Import,Accounting/Accounting,YES,NO,FOREIGN-LOCALIZATION-CANDIDATE,module name prefix l10n_ (non-Thai),OBSERVED
PS04-MOD-0774,l10n_sg,02 OTHER.zip,Singapore - Accounting,Accounting/Localizations/Account Charts,YES,NO,FOREIGN-LOCALIZATION-CANDIDATE,module name prefix l10n_ (non-Thai),OBSERVED
PS04-MOD-0775,l10n_sg_reports,02 OTHER.zip,Singapore - Accounting Reports,Accounting/Localizations/Reporting,YES,NO,FOREIGN-LOCALIZATION-CANDIDATE,module name prefix l10n_ (non-Thai),OBSERVED
PS04-MOD-0776,l10n_sg_ubl_pint,02 OTHER.zip,Singapore - UBL PINT,Accounting/Localizations/EDI,YES,NO,FOREIGN-LOCALIZATION-CANDIDATE,module name prefix l10n_ (non-Thai),OBSERVED
PS04-MOD-0777,l10n_si,02 OTHER.zip,Slovenian - Accounting,Accounting/Localizations/Account Charts,YES,NO,FOREIGN-LOCALIZATION-CANDIDATE,module name prefix l10n_ (non-Thai),OBSERVED
PS04-MOD-0778,l10n_si_intrastat,02 OTHER.zip,Slovenian Intrastat Declaration,Accounting/Localizations/Reporting,YES,NO,FOREIGN-LOCALIZATION-CANDIDATE,module name prefix l10n_ (non-Thai),OBSERVED
PS04-MOD-0779,l10n_si_reports,02 OTHER.zip,Slovenia - Accounting Reports,Accounting/Localizations/Reporting,YES,NO,FOREIGN-LOCALIZATION-CANDIDATE,module name prefix l10n_ (non-Thai),OBSERVED
PS04-MOD-0780,l10n_sk,02 OTHER.zip,Slovak - Accounting,Accounting/Localizations/Account Charts,YES,NO,FOREIGN-LOCALIZATION-CANDIDATE,module name prefix l10n_ (non-Thai),OBSERVED
PS04-MOD-0781,l10n_sk_hr_payroll,02 OTHER.zip,Slovakia - Payroll,Human Resources/Payroll,YES,NO,FOREIGN-LOCALIZATION-CANDIDATE,module name prefix l10n_ (non-Thai),OBSERVED
PS04-MOD-0782,l10n_sk_hr_payroll_account,02 OTHER.zip,Slovakia - Payroll with Accounting,Human Resources,YES,NO,FOREIGN-LOCALIZATION-CANDIDATE,module name prefix l10n_ (non-Thai),OBSERVED
PS04-MOD-0783,l10n_sk_reports,02 OTHER.zip,Slovakia - Accounting Reports,Accounting/Localizations/Reporting,YES,NO,FOREIGN-LOCALIZATION-CANDIDATE,module name prefix l10n_ (non-Thai),OBSERVED
PS04-MOD-0784,l10n_sn,02 OTHER.zip,Sénégal - Accounting,Accounting/Localizations/Account Charts,YES,NO,FOREIGN-LOCALIZATION-CANDIDATE,module name prefix l10n_ (non-Thai),OBSERVED
PS04-MOD-0785,l10n_sn_reports,02 OTHER.zip,Sénégal - Accounting Reports,,YES,NO,FOREIGN-LOCALIZATION-CANDIDATE,module name prefix l10n_ (non-Thai),OBSERVED
PS04-MOD-0786,l10n_syscohada,02 OTHER.zip,OHADA - Accounting,Accounting/Localizations/Account Charts,YES,NO,FOREIGN-LOCALIZATION-CANDIDATE,module name prefix l10n_ (non-Thai),OBSERVED
PS04-MOD-0787,l10n_syscohada_reports,02 OTHER.zip,OHADA (révisé) - Accounting Reports,Accounting/Localizations/Reporting,YES,NO,FOREIGN-LOCALIZATION-CANDIDATE,module name prefix l10n_ (non-Thai),OBSERVED
PS04-MOD-0788,l10n_td,02 OTHER.zip,Tchad - Accounting,Accounting/Localizations/Account Charts,YES,NO,FOREIGN-LOCALIZATION-CANDIDATE,module name prefix l10n_ (non-Thai),OBSERVED
PS04-MOD-0789,l10n_td_reports,02 OTHER.zip,Tchad - Accounting Reports,,YES,NO,FOREIGN-LOCALIZATION-CANDIDATE,module name prefix l10n_ (non-Thai),OBSERVED
PS04-MOD-0790,l10n_test_pos_qr_payment,02 OTHER.zip,POS QR Tests,Sales/Point of Sale,YES,NO,FOREIGN-LOCALIZATION-CANDIDATE,module name prefix l10n_ (non-Thai),OBSERVED
PS04-MOD-0791,l10n_test_website_sale,02 OTHER.zip,Test - Ecommerce & Accouting Localizations,Hidden,YES,NO,FOREIGN-LOCALIZATION-CANDIDATE,module name prefix l10n_ (non-Thai),OBSERVED
PS04-MOD-0792,l10n_tg,02 OTHER.zip,Togo - Accounting,Accounting/Localizations/Account Charts,YES,NO,FOREIGN-LOCALIZATION-CANDIDATE,module name prefix l10n_ (non-Thai),OBSERVED
PS04-MOD-0793,l10n_tg_reports,02 OTHER.zip,Togo - Accounting Reports,,YES,NO,FOREIGN-LOCALIZATION-CANDIDATE,module name prefix l10n_ (non-Thai),OBSERVED
PS04-MOD-0794,l10n_th,02 OTHER.zip,Thailand - Accounting,Accounting/Localizations/Account Charts,YES,NO,THAILAND-LOCALIZATION-PRIORITY,module name prefix l10n_th,OBSERVED
PS04-MOD-0795,l10n_th_reports,02 OTHER.zip,Thailand - Accounting Reports,Accounting,YES,NO,THAILAND-LOCALIZATION-PRIORITY,module name prefix l10n_th,OBSERVED
PS04-MOD-0796,l10n_tn,02 OTHER.zip,Tunisia - Accounting,Accounting/Localizations/Account Charts,YES,NO,FOREIGN-LOCALIZATION-CANDIDATE,module name prefix l10n_ (non-Thai),OBSERVED
PS04-MOD-0797,l10n_tn_reports,02 OTHER.zip,Tunisia - Accounting Reports,Accounting/Localizations/Reporting,YES,NO,FOREIGN-LOCALIZATION-CANDIDATE,module name prefix l10n_ (non-Thai),OBSERVED
PS04-MOD-0798,l10n_tr,02 OTHER.zip,Türkiye - Accounting,Accounting/Localizations/Account Charts,YES,NO,FOREIGN-LOCALIZATION-CANDIDATE,module name prefix l10n_ (non-Thai),OBSERVED
PS04-MOD-0799,l10n_tr_hr_payroll,02 OTHER.zip,Türkiye - Payroll,Human Resources/Payroll,YES,NO,FOREIGN-LOCALIZATION-CANDIDATE,module name prefix l10n_ (non-Thai),OBSERVED
PS04-MOD-0800,l10n_tr_hr_payroll_account,02 OTHER.zip,Türkiye - Payroll with Accounting,Human Resources,YES,NO,FOREIGN-LOCALIZATION-CANDIDATE,module name prefix l10n_ (non-Thai),OBSERVED
PS04-MOD-0801,l10n_tr_nilvera,02 OTHER.zip,Türkiye - Nilvera,Accounting/Accounting,YES,NO,FOREIGN-LOCALIZATION-CANDIDATE,module name prefix l10n_ (non-Thai),OBSERVED
PS04-MOD-0802,l10n_tr_nilvera_base_vat,02 OTHER.zip,Türkiye - Nilvera/Base VAT,Accounting/Accounting,YES,NO,FOREIGN-LOCALIZATION-CANDIDATE,module name prefix l10n_ (non-Thai),OBSERVED
PS04-MOD-0803,l10n_tr_nilvera_edispatch,02 OTHER.zip,Türkiye - e-Irsaliye (e-Dispatch),Accounting/Localizations,YES,NO,FOREIGN-LOCALIZATION-CANDIDATE,module name prefix l10n_ (non-Thai),OBSERVED
PS04-MOD-0804,l10n_tr_nilvera_einvoice,02 OTHER.zip,Türkiye - Nilvera E-Invoice,Accounting/Accounting,YES,NO,FOREIGN-LOCALIZATION-CANDIDATE,module name prefix l10n_ (non-Thai),OBSERVED
PS04-MOD-0805,l10n_tr_nilvera_einvoice_extended,02 OTHER.zip,Türkiye - Nilvera E-Invoice Extended,Accounting/Accounting,YES,NO,FOREIGN-LOCALIZATION-CANDIDATE,module name prefix l10n_ (non-Thai),OBSERVED
PS04-MOD-0806,l10n_tr_reports,02 OTHER.zip,Türkiye - Accounting Reports,Accounting/Localizations/Reporting,YES,NO,FOREIGN-LOCALIZATION-CANDIDATE,module name prefix l10n_ (non-Thai),OBSERVED
PS04-MOD-0807,l10n_tw,02 OTHER.zip,Taiwan - Accounting,Accounting/Localizations/Account Charts,YES,NO,FOREIGN-LOCALIZATION-CANDIDATE,module name prefix l10n_ (non-Thai),OBSERVED
PS04-MOD-0808,l10n_tw_edi_ecpay,02 OTHER.zip,Taiwan - E-invoicing,Accounting/Localizations/EDI,YES,NO,FOREIGN-LOCALIZATION-CANDIDATE,module name prefix l10n_ (non-Thai),OBSERVED
PS04-MOD-0809,l10n_tw_edi_ecpay_website_sale,02 OTHER.zip,Taiwan - E-invoicing Ecommerce,Website Sale/Localizations/EDI,YES,NO,FOREIGN-LOCALIZATION-CANDIDATE,module name prefix l10n_ (non-Thai),OBSERVED
PS04-MOD-0810,l10n_tw_reports,02 OTHER.zip,Taiwan - Accounting Reports,Accounting/Localizations/Reporting,YES,NO,FOREIGN-LOCALIZATION-CANDIDATE,module name prefix l10n_ (non-Thai),OBSERVED
PS04-MOD-0811,l10n_tz_account,02 OTHER.zip,Tanzania - Accounting,Accounting/Localizations/Account Charts,YES,NO,FOREIGN-LOCALIZATION-CANDIDATE,module name prefix l10n_ (non-Thai),OBSERVED
PS04-MOD-0812,l10n_tz_reports,02 OTHER.zip,Tanzania - Accounting Reports,Accounting/Localizations/Reporting,YES,NO,FOREIGN-LOCALIZATION-CANDIDATE,module name prefix l10n_ (non-Thai),OBSERVED
PS04-MOD-0813,l10n_ua,02 OTHER.zip,Ukraine - Accounting,Accounting/Localizations/Account Charts,YES,NO,FOREIGN-LOCALIZATION-CANDIDATE,module name prefix l10n_ (non-Thai),OBSERVED
PS04-MOD-0814,l10n_ug,02 OTHER.zip,Uganda - Accounting,Accounting/Localizations/Account Charts,YES,NO,FOREIGN-LOCALIZATION-CANDIDATE,module name prefix l10n_ (non-Thai),OBSERVED
PS04-MOD-0815,l10n_ug_reports,02 OTHER.zip,Uganda - Accounting Reports,,YES,NO,FOREIGN-LOCALIZATION-CANDIDATE,module name prefix l10n_ (non-Thai),OBSERVED
PS04-MOD-0816,l10n_uk,02 OTHER.zip,United Kingdom - Accounting,Accounting/Localizations/Account Charts,YES,NO,FOREIGN-LOCALIZATION-CANDIDATE,module name prefix l10n_ (non-Thai),OBSERVED
PS04-MOD-0817,l10n_uk_bacs,02 OTHER.zip,UK BACS Payment Files,Accounting/Accounting,YES,NO,FOREIGN-LOCALIZATION-CANDIDATE,module name prefix l10n_ (non-Thai),OBSERVED
PS04-MOD-0818,l10n_uk_hmrc,02 OTHER.zip,UK - HMRC API,Accounting/Localizations/UK/HMRC,YES,NO,FOREIGN-LOCALIZATION-CANDIDATE,module name prefix l10n_ (non-Thai),OBSERVED
PS04-MOD-0819,l10n_uk_intrastat,02 OTHER.zip,British Intrastat Declaration,Accounting/Localizations/Reporting,YES,NO,FOREIGN-LOCALIZATION-CANDIDATE,module name prefix l10n_ (non-Thai),OBSERVED
PS04-MOD-0820,l10n_uk_reports,02 OTHER.zip,UK - Accounting Reports,Accounting/Localizations/Reporting,YES,NO,FOREIGN-LOCALIZATION-CANDIDATE,module name prefix l10n_ (non-Thai),OBSERVED
PS04-MOD-0821,l10n_uk_reports_cis,02 OTHER.zip,UK - Construction Industry Scheme,Accounting/Localizations/UK/CIS,YES,NO,FOREIGN-LOCALIZATION-CANDIDATE,module name prefix l10n_ (non-Thai),OBSERVED
PS04-MOD-0822,l10n_us,02 OTHER.zip,United States - Localizations,Accounting/Localizations/Account Charts,YES,NO,FOREIGN-LOCALIZATION-CANDIDATE,module name prefix l10n_ (non-Thai),OBSERVED
PS04-MOD-0823,l10n_us_1099,02 OTHER.zip,1099 Reporting,Accounting/Accounting,YES,NO,FOREIGN-LOCALIZATION-CANDIDATE,module name prefix l10n_ (non-Thai),OBSERVED
PS04-MOD-0824,l10n_us_account,02 OTHER.zip,United States - Accounting,Accounting/Localizations/Account Charts,YES,NO,FOREIGN-LOCALIZATION-CANDIDATE,module name prefix l10n_ (non-Thai),OBSERVED
PS04-MOD-0825,l10n_us_check_printing,02 OTHER.zip,US Checks Layout,Accounting/Localizations/Check,YES,NO,FOREIGN-LOCALIZATION-CANDIDATE,module name prefix l10n_ (non-Thai),OBSERVED
PS04-MOD-0826,l10n_us_direct_deposit,02 OTHER.zip,United States - Direct Deposit,Accounting/Payment,YES,NO,FOREIGN-LOCALIZATION-CANDIDATE,module name prefix l10n_ (non-Thai),OBSERVED
PS04-MOD-0827,l10n_us_hr_payroll,02 OTHER.zip,United States - Payroll,Human Resources/Payroll,YES,NO,FOREIGN-LOCALIZATION-CANDIDATE,module name prefix l10n_ (non-Thai),OBSERVED
PS04-MOD-0828,l10n_us_hr_payroll_account,02 OTHER.zip,United States - Payroll with Accounting,Human Resources,YES,NO,FOREIGN-LOCALIZATION-CANDIDATE,module name prefix l10n_ (non-Thai),OBSERVED
PS04-MOD-0829,l10n_us_hr_payroll_adp,02 OTHER.zip,United States - Payroll - Export to ADP,Human Resources,YES,NO,FOREIGN-LOCALIZATION-CANDIDATE,module name prefix l10n_ (non-Thai),OBSERVED
PS04-MOD-0830,l10n_us_payment_nacha,02 OTHER.zip,NACHA Payments,Accounting/Accounting,YES,NO,FOREIGN-LOCALIZATION-CANDIDATE,module name prefix l10n_ (non-Thai),OBSERVED
PS04-MOD-0831,l10n_us_reports,02 OTHER.zip,US - Accounting Reports,Accounting/Localizations/Reporting,YES,NO,FOREIGN-LOCALIZATION-CANDIDATE,module name prefix l10n_ (non-Thai),OBSERVED
PS04-MOD-0832,l10n_uy,02 OTHER.zip,Uruguay - Accounting,Accounting/Localizations/Account Charts,YES,NO,FOREIGN-LOCALIZATION-CANDIDATE,module name prefix l10n_ (non-Thai),OBSERVED
PS04-MOD-0833,l10n_uy_edi,02 OTHER.zip,Uruguay - Electronic Invoice,Accounting/Localizations/EDI,YES,NO,FOREIGN-LOCALIZATION-CANDIDATE,module name prefix l10n_ (non-Thai),OBSERVED
PS04-MOD-0834,l10n_uy_edi_stock,02 OTHER.zip,Uruguay - E-Remitos,Accounting/Localizations/EDI,YES,NO,FOREIGN-LOCALIZATION-CANDIDATE,module name prefix l10n_ (non-Thai),OBSERVED
PS04-MOD-0835,l10n_uy_pos,02 OTHER.zip,Uruguayan - Point of Sale,Accounting/Localizations/Point of Sale,YES,NO,FOREIGN-LOCALIZATION-CANDIDATE,module name prefix l10n_ (non-Thai),OBSERVED
PS04-MOD-0836,l10n_uy_reports,02 OTHER.zip,Uruguay - Accounting Reports,,YES,NO,FOREIGN-LOCALIZATION-CANDIDATE,module name prefix l10n_ (non-Thai),OBSERVED
PS04-MOD-0837,l10n_uz,02 OTHER.zip,Uzbekistan - Accounting,Accounting/Localizations/Account Charts,YES,NO,FOREIGN-LOCALIZATION-CANDIDATE,module name prefix l10n_ (non-Thai),OBSERVED
PS04-MOD-0838,l10n_uz_reports,02 OTHER.zip,Uzbekistan - Accounting Reports,,YES,NO,FOREIGN-LOCALIZATION-CANDIDATE,module name prefix l10n_ (non-Thai),OBSERVED
PS04-MOD-0839,l10n_ve,02 OTHER.zip,Venezuela - Accounting,Accounting/Localizations/Account Charts,YES,NO,FOREIGN-LOCALIZATION-CANDIDATE,module name prefix l10n_ (non-Thai),OBSERVED
PS04-MOD-0840,l10n_vn,02 OTHER.zip,Vietnam - Accounting,Accounting/Localizations/Account Charts,YES,NO,FOREIGN-LOCALIZATION-CANDIDATE,module name prefix l10n_ (non-Thai),OBSERVED
PS04-MOD-0841,l10n_vn_edi_viettel,02 OTHER.zip,Vietnam - E-invoicing,Accounting/Localizations/EDI,YES,NO,FOREIGN-LOCALIZATION-CANDIDATE,module name prefix l10n_ (non-Thai),OBSERVED
PS04-MOD-0842,l10n_vn_edi_viettel_pos,02 OTHER.zip,Vietnam - POS E-invoicing,Accounting/Localizations/EDI,YES,NO,FOREIGN-LOCALIZATION-CANDIDATE,module name prefix l10n_ (non-Thai),OBSERVED
PS04-MOD-0843,l10n_vn_reports,02 OTHER.zip,Vietnam - Accounting Reports,Accounting/Localizations/Reporting,YES,NO,FOREIGN-LOCALIZATION-CANDIDATE,module name prefix l10n_ (non-Thai),OBSERVED
PS04-MOD-0844,l10n_za,02 OTHER.zip,South Africa - Accounting,Accounting/Localizations/Account Charts,YES,NO,FOREIGN-LOCALIZATION-CANDIDATE,module name prefix l10n_ (non-Thai),OBSERVED
PS04-MOD-0845,l10n_za_reports,02 OTHER.zip,South Africa - Accounting Reports,,YES,NO,FOREIGN-LOCALIZATION-CANDIDATE,module name prefix l10n_ (non-Thai),OBSERVED
PS04-MOD-0846,l10n_zm_account,02 OTHER.zip,Zambia - Accounting,Accounting/Localizations/Account Charts,YES,NO,FOREIGN-LOCALIZATION-CANDIDATE,module name prefix l10n_ (non-Thai),OBSERVED
PS04-MOD-0847,l10n_zm_reports,02 OTHER.zip,Zambia - Accounting Reports,Accounting/Localizations/Reporting,YES,NO,FOREIGN-LOCALIZATION-CANDIDATE,module name prefix l10n_ (non-Thai),OBSERVED
PS04-MOD-0848,link_tracker,02 OTHER.zip,Link Tracker,Marketing,YES,NO,CANDIDATE-POOL,no exclusion rule matched,OBSERVED
PS04-MOD-0849,loyalty,02 OTHER.zip,Coupons & Loyalty,Sales,YES,NO,CANDIDATE-POOL,no exclusion rule matched,OBSERVED
PS04-MOD-0850,lunch,02 OTHER.zip,Lunch,Human Resources/Lunch,YES,NO,CANDIDATE-POOL,no exclusion rule matched,OBSERVED
PS04-MOD-0851,mail,02 OTHER.zip,Discuss,Productivity/Discuss,YES,NO,CANDIDATE-POOL,no exclusion rule matched,OBSERVED
PS04-MOD-0852,mail_bot,02 OTHER.zip,OdooBot,Productivity/Discuss,YES,NO,CANDIDATE-POOL,no exclusion rule matched,OBSERVED
PS04-MOD-0853,mail_bot_hr,02 OTHER.zip,OdooBot - HR,Productivity/Discuss,YES,NO,CANDIDATE-POOL,no exclusion rule matched,OBSERVED
PS04-MOD-0854,mail_enterprise,02 OTHER.zip,Mail Enterprise,Productivity/Discuss,YES,NO,CANDIDATE-POOL,no exclusion rule matched,OBSERVED
PS04-MOD-0855,mail_group,02 OTHER.zip,Mail Group,,YES,NO,CANDIDATE-POOL,no exclusion rule matched,OBSERVED
PS04-MOD-0856,mail_mobile,02 OTHER.zip,Mail Mobile,Hidden/Tools,YES,NO,CANDIDATE-POOL,no exclusion rule matched,OBSERVED
PS04-MOD-0857,mail_plugin,02 OTHER.zip,Mail Plugin,Sales/CRM,YES,NO,CANDIDATE-POOL,no exclusion rule matched,OBSERVED
PS04-MOD-0858,maintenance,02 OTHER.zip,Maintenance,Supply Chain/Maintenance,YES,NO,CANDIDATE-POOL,no exclusion rule matched,OBSERVED
PS04-MOD-0859,maintenance_worksheet,02 OTHER.zip,Worksheet for Maintenance,Supply Chain/Maintenance,YES,NO,CANDIDATE-POOL,no exclusion rule matched,OBSERVED
PS04-MOD-0860,marketing_automation,02 OTHER.zip,Marketing Automation,Marketing/Marketing Automation,YES,NO,CANDIDATE-POOL,no exclusion rule matched,OBSERVED
PS04-MOD-0861,marketing_automation_crm,02 OTHER.zip,CRM in marketing automation,CRM in marketing automation,YES,NO,CANDIDATE-POOL,no exclusion rule matched,OBSERVED
PS04-MOD-0862,marketing_automation_sms,02 OTHER.zip,SMS Marketing in Marketing Automation,Marketing/Marketing Automation,YES,NO,CANDIDATE-POOL,no exclusion rule matched,OBSERVED
PS04-MOD-0863,marketing_automation_website_sale,02 OTHER.zip,E-Commerce Marketing Automation,Marketing/Marketing Automation,YES,NO,CANDIDATE-POOL,no exclusion rule matched,OBSERVED
PS04-MOD-0864,marketing_automation_whatsapp,02 OTHER.zip,WhatsApp in Marketing Automation,Marketing/Marketing Automation,YES,NO,CANDIDATE-POOL,no exclusion rule matched,OBSERVED
PS04-MOD-0865,marketing_card,02 OTHER.zip,Marketing Card,Marketing/Marketing Card,YES,NO,CANDIDATE-POOL,no exclusion rule matched,OBSERVED
PS04-MOD-0866,mass_mailing,02 OTHER.zip,Email Marketing,Marketing/Email Marketing,YES,NO,CANDIDATE-POOL,no exclusion rule matched,OBSERVED
PS04-MOD-0867,mass_mailing_crm,02 OTHER.zip,Mass mailing on lead / opportunities,Marketing/Email Marketing,YES,NO,CANDIDATE-POOL,no exclusion rule matched,OBSERVED
PS04-MOD-0868,mass_mailing_crm_sms,02 OTHER.zip,Mass mailing sms on lead / opportunities,Marketing/Email Marketing,YES,NO,CANDIDATE-POOL,no exclusion rule matched,OBSERVED
PS04-MOD-0869,mass_mailing_event,02 OTHER.zip,Mass mailing on attendees,Marketing/Email Marketing,YES,NO,CANDIDATE-POOL,no exclusion rule matched,OBSERVED
PS04-MOD-0870,mass_mailing_event_sms,02 OTHER.zip,Event Attendees SMS Marketing,Marketing/Email Marketing,YES,NO,CANDIDATE-POOL,no exclusion rule matched,OBSERVED
PS04-MOD-0871,mass_mailing_event_track,02 OTHER.zip,Mass mailing on track speakers,Marketing/Email Marketing,YES,NO,CANDIDATE-POOL,no exclusion rule matched,OBSERVED
PS04-MOD-0872,mass_mailing_event_track_sms,02 OTHER.zip,Track Speakers SMS Marketing,Marketing/Email Marketing,YES,NO,CANDIDATE-POOL,no exclusion rule matched,OBSERVED
PS04-MOD-0873,mass_mailing_sale,02 OTHER.zip,Mass mailing on sale orders,Marketing/Email Marketing,YES,NO,CANDIDATE-POOL,no exclusion rule matched,OBSERVED
PS04-MOD-0874,mass_mailing_sale_sms,02 OTHER.zip,Mass mailing sms on sale orders,Marketing/Email Marketing,YES,NO,CANDIDATE-POOL,no exclusion rule matched,OBSERVED
PS04-MOD-0875,mass_mailing_sale_subscription,02 OTHER.zip,Mass mailing on sale subscriptions,Marketing/Email Marketing,YES,NO,CANDIDATE-POOL,no exclusion rule matched,OBSERVED
PS04-MOD-0876,mass_mailing_slides,02 OTHER.zip,Mass mailing on course members,Marketing/Email Marketing,YES,NO,CANDIDATE-POOL,no exclusion rule matched,OBSERVED
PS04-MOD-0877,mass_mailing_sms,02 OTHER.zip,SMS Marketing,Marketing/Email Marketing,YES,NO,CANDIDATE-POOL,no exclusion rule matched,OBSERVED
PS04-MOD-0878,mass_mailing_themes,02 OTHER.zip,Mass Mailing Themes,Marketing/Email Marketing,YES,NO,CANDIDATE-POOL,no exclusion rule matched,OBSERVED
PS04-MOD-0879,microsoft_account,02 OTHER.zip,Microsoft Users,Hidden/Tools,YES,NO,CANDIDATE-POOL,no exclusion rule matched,OBSERVED
PS04-MOD-0880,microsoft_calendar,02 OTHER.zip,Outlook Calendar,Productivity,YES,NO,CANDIDATE-POOL,no exclusion rule matched,OBSERVED
PS04-MOD-0881,microsoft_outlook,02 OTHER.zip,Microsoft Outlook,Hidden,YES,NO,CANDIDATE-POOL,no exclusion rule matched,OBSERVED
PS04-MOD-0882,mrp,02 OTHER.zip,Manufacturing,Supply Chain/Manufacturing,YES,NO,CANDIDATE-POOL,no exclusion rule matched,OBSERVED
PS04-MOD-0883,mrp_account,02 OTHER.zip,Accounting - MRP,Supply Chain/Manufacturing,YES,NO,CANDIDATE-POOL,no exclusion rule matched,OBSERVED
PS04-MOD-0884,mrp_account_enterprise,02 OTHER.zip,Accounting - MRP,Supply Chain/Manufacturing,YES,NO,CANDIDATE-POOL,no exclusion rule matched,OBSERVED
PS04-MOD-0885,mrp_accountant,02 OTHER.zip,Mrp Accounting,Supply Chain/Inventory,YES,NO,CANDIDATE-POOL,no exclusion rule matched,OBSERVED
PS04-MOD-0886,mrp_landed_costs,02 OTHER.zip,Landed Costs On MO,Supply Chain/Manufacturing,YES,NO,CANDIDATE-POOL,no exclusion rule matched,OBSERVED
PS04-MOD-0887,mrp_maintenance,02 OTHER.zip,Maintenance - MRP,Supply Chain/Manufacturing,YES,NO,CANDIDATE-POOL,no exclusion rule matched,OBSERVED
PS04-MOD-0888,mrp_mps,02 OTHER.zip,Master Production Schedule,Supply Chain/Manufacturing,YES,NO,CANDIDATE-POOL,no exclusion rule matched,OBSERVED
PS04-MOD-0889,mrp_plm,02 OTHER.zip,Product Lifecycle Management (PLM),Supply Chain/Product Lifecycle Management (PLM),YES,NO,CANDIDATE-POOL,no exclusion rule matched,OBSERVED
PS04-MOD-0890,mrp_product_expiry,02 OTHER.zip,Manufacturing Expiry,Supply Chain/Manufacturing,YES,NO,CANDIDATE-POOL,no exclusion rule matched,OBSERVED
PS04-MOD-0891,mrp_repair,02 OTHER.zip,Mrp Repairs,Supply Chain/Inventory,YES,NO,CANDIDATE-POOL,no exclusion rule matched,OBSERVED
PS04-MOD-0892,mrp_subcontracting,02 OTHER.zip,MRP Subcontracting,Supply Chain/Manufacturing,YES,NO,CANDIDATE-POOL,no exclusion rule matched,OBSERVED
PS04-MOD-0893,mrp_subcontracting_account,02 OTHER.zip,Subcontracting Management with Stock Valuation,Supply Chain/Manufacturing,YES,NO,CANDIDATE-POOL,no exclusion rule matched,OBSERVED
PS04-MOD-0894,mrp_subcontracting_account_enterprise,02 OTHER.zip,Accounting - MRP Subcontracting,Supply Chain/Manufacturing,YES,NO,CANDIDATE-POOL,no exclusion rule matched,OBSERVED
PS04-MOD-0895,mrp_subcontracting_dropshipping,02 OTHER.zip,Dropship and Subcontracting Management,Supply Chain/Purchase,YES,NO,CANDIDATE-POOL,no exclusion rule matched,OBSERVED
PS04-MOD-0896,mrp_subcontracting_enterprise,02 OTHER.zip,MRP Subcontracting Enterprise,Supply Chain/Manufacturing,YES,NO,CANDIDATE-POOL,no exclusion rule matched,OBSERVED
PS04-MOD-0897,mrp_subcontracting_landed_costs,02 OTHER.zip,Landed Costs With Subcontracting order,Supply Chain/Manufacturing,YES,NO,CANDIDATE-POOL,no exclusion rule matched,OBSERVED
PS04-MOD-0898,mrp_subcontracting_purchase,02 OTHER.zip,Purchase and Subcontracting Management,Supply Chain/Purchase,YES,NO,CANDIDATE-POOL,no exclusion rule matched,OBSERVED
PS04-MOD-0899,mrp_subcontracting_quality,02 OTHER.zip,MRP Subcontracting Quality,Supply Chain/Quality,YES,NO,CANDIDATE-POOL,no exclusion rule matched,OBSERVED
PS04-MOD-0900,mrp_subcontracting_repair,02 OTHER.zip,MRP Subcontracting Repair,Supply Chain/Repair,YES,NO,CANDIDATE-POOL,no exclusion rule matched,OBSERVED
PS04-MOD-0901,mrp_workorder,02 OTHER.zip,MRP II,Supply Chain/Manufacturing,YES,NO,CANDIDATE-POOL,no exclusion rule matched,OBSERVED
PS04-MOD-0902,mrp_workorder_expiry,02 OTHER.zip,MRP II - Expiry,Supply Chain/Manufacturing,YES,NO,CANDIDATE-POOL,no exclusion rule matched,OBSERVED
PS04-MOD-0903,mrp_workorder_hr_account,02 OTHER.zip,Employees cost registration on production,Supply Chain/Manufacturing,YES,NO,CANDIDATE-POOL,no exclusion rule matched,OBSERVED
PS04-MOD-0904,mrp_workorder_iot,02 OTHER.zip,IoT features for Work Order,Supply Chain/Manufacturing,YES,NO,CANDIDATE-POOL,no exclusion rule matched,OBSERVED
PS04-MOD-0905,mrp_workorder_plm,02 OTHER.zip,PLM for workorder,Supply Chain/Product Lifecycle Management (PLM),YES,NO,CANDIDATE-POOL,no exclusion rule matched,OBSERVED
PS04-MOD-0906,onboarding,02 OTHER.zip,Onboarding Toolbox,Hidden,YES,NO,CANDIDATE-POOL,no exclusion rule matched,OBSERVED
PS04-MOD-0907,partner_autocomplete,02 OTHER.zip,Partner Autocomplete,Hidden/Tools,YES,NO,CANDIDATE-POOL,no exclusion rule matched,OBSERVED
PS04-MOD-0908,partner_commission,02 OTHER.zip,Resellers Commissions For Subscription,Sales/Commissions,YES,NO,CANDIDATE-POOL,no exclusion rule matched,OBSERVED
PS04-MOD-0909,partnership,02 OTHER.zip,Partnership / Membership,Sales/CRM,YES,NO,CANDIDATE-POOL,no exclusion rule matched,OBSERVED
PS04-MOD-0910,payment,02 OTHER.zip,Payment Engine,Hidden,YES,NO,CANDIDATE-POOL,no exclusion rule matched,OBSERVED
PS04-MOD-0911,payment_adyen,02 OTHER.zip,Payment Provider: Adyen,Accounting/Payment Providers,YES,NO,CANDIDATE-POOL,no exclusion rule matched,OBSERVED
PS04-MOD-0912,payment_aps,02 OTHER.zip,Payment Provider: Amazon Payment Services,Accounting/Payment Providers,YES,NO,CANDIDATE-POOL,no exclusion rule matched,OBSERVED
PS04-MOD-0913,payment_asiapay,02 OTHER.zip,Payment Provider: AsiaPay,Accounting/Payment Providers,YES,NO,CANDIDATE-POOL,no exclusion rule matched,OBSERVED
PS04-MOD-0914,payment_authorize,02 OTHER.zip,Payment Provider: Authorize.Net,Accounting/Payment Providers,YES,NO,CANDIDATE-POOL,no exclusion rule matched,OBSERVED
PS04-MOD-0915,payment_buckaroo,02 OTHER.zip,Payment Provider: Buckaroo,Accounting/Payment Providers,YES,NO,CANDIDATE-POOL,no exclusion rule matched,OBSERVED
PS04-MOD-0916,payment_custom,02 OTHER.zip,Payment Provider: Custom Payment Modes,Accounting/Payment Providers,YES,NO,CANDIDATE-POOL,no exclusion rule matched,OBSERVED
PS04-MOD-0917,payment_demo,02 OTHER.zip,Payment Provider: Demo,Accounting/Accounting,YES,NO,TEST-DEMO-THEME-NOISE-CANDIDATE,demo module naming,OBSERVED
PS04-MOD-0918,payment_dpo,02 OTHER.zip,Payment Provider: DPO,Accounting/Payment Providers,YES,NO,CANDIDATE-POOL,no exclusion rule matched,OBSERVED
PS04-MOD-0919,payment_flutterwave,02 OTHER.zip,Payment Provider: Flutterwave,Accounting/Payment Providers,YES,NO,CANDIDATE-POOL,no exclusion rule matched,OBSERVED
PS04-MOD-0920,payment_iyzico,02 OTHER.zip,Payment Provider: Iyzico,Accounting/Payment Providers,YES,NO,CANDIDATE-POOL,no exclusion rule matched,OBSERVED
PS04-MOD-0921,payment_mercado_pago,02 OTHER.zip,Payment Provider: Mercado Pago,Accounting/Payment Providers,YES,NO,CANDIDATE-POOL,no exclusion rule matched,OBSERVED
PS04-MOD-0922,payment_mollie,02 OTHER.zip,Payment Provider: Mollie,Accounting/Payment Providers,YES,NO,CANDIDATE-POOL,no exclusion rule matched,OBSERVED
PS04-MOD-0923,payment_nuvei,02 OTHER.zip,Payment Provider: Nuvei,Accounting/Payment Providers,YES,NO,CANDIDATE-POOL,no exclusion rule matched,OBSERVED
PS04-MOD-0924,payment_paymob,02 OTHER.zip,Payment Provider: Paymob,Accounting/Payment Providers,YES,NO,CANDIDATE-POOL,no exclusion rule matched,OBSERVED
PS04-MOD-0925,payment_paypal,02 OTHER.zip,Payment Provider: Paypal,Accounting/Payment Providers,YES,NO,CANDIDATE-POOL,no exclusion rule matched,OBSERVED
PS04-MOD-0926,payment_razorpay,02 OTHER.zip,Payment Provider: Razorpay,Accounting/Payment Providers,YES,NO,CANDIDATE-POOL,no exclusion rule matched,OBSERVED
PS04-MOD-0927,payment_redsys,02 OTHER.zip,Payment Provider: Redsys,Accounting/Payment Providers,YES,NO,CANDIDATE-POOL,no exclusion rule matched,OBSERVED
PS04-MOD-0928,payment_sepa_direct_debit,02 OTHER.zip,Payment Provider: Sepa Direct Debit,Accounting/Accounting,YES,NO,CANDIDATE-POOL,no exclusion rule matched,OBSERVED
PS04-MOD-0929,payment_stripe,02 OTHER.zip,Payment Provider: Stripe,Accounting/Payment Providers,YES,NO,CANDIDATE-POOL,no exclusion rule matched,OBSERVED
PS04-MOD-0930,payment_toss_payments,02 OTHER.zip,Payment Provider: Toss Payments,Accounting/Payment Providers,YES,NO,CANDIDATE-POOL,no exclusion rule matched,OBSERVED
PS04-MOD-0931,payment_worldline,02 OTHER.zip,Payment Provider: Worldline,Accounting/Payment Providers,YES,NO,CANDIDATE-POOL,no exclusion rule matched,OBSERVED
PS04-MOD-0932,payment_xendit,02 OTHER.zip,Payment Provider: Xendit,Accounting/Payment Providers,YES,NO,CANDIDATE-POOL,no exclusion rule matched,OBSERVED
PS04-MOD-0933,phone_validation,02 OTHER.zip,Phone Numbers Validation,Hidden,YES,NO,CANDIDATE-POOL,no exclusion rule matched,OBSERVED
PS04-MOD-0934,planning,02 OTHER.zip,Planning,Human Resources/Planning,YES,NO,CANDIDATE-POOL,no exclusion rule matched,OBSERVED
PS04-MOD-0935,planning_attendance,02 OTHER.zip,Planning and Attendances,Hidden,YES,NO,CANDIDATE-POOL,no exclusion rule matched,OBSERVED
PS04-MOD-0936,planning_holidays,02 OTHER.zip,Planning Time Off,Human Resources/Planning,YES,NO,CANDIDATE-POOL,no exclusion rule matched,OBSERVED
PS04-MOD-0937,planning_hr_skills,02 OTHER.zip,Planning - Skills,Human Resources/Planning,YES,NO,CANDIDATE-POOL,no exclusion rule matched,OBSERVED
PS04-MOD-0938,point_of_sale,02 OTHER.zip,Point of Sale,Sales/Point of Sale,YES,NO,CANDIDATE-POOL,no exclusion rule matched,OBSERVED
PS04-MOD-0939,portal,02 OTHER.zip,Customer Portal,Hidden,YES,NO,CANDIDATE-POOL,no exclusion rule matched,OBSERVED
PS04-MOD-0940,portal_rating,02 OTHER.zip,Portal Rating,Services,YES,NO,CANDIDATE-POOL,no exclusion rule matched,OBSERVED
PS04-MOD-0941,pos_account_reports,02 OTHER.zip,pos_account_reports,Sales/Point of Sale,YES,NO,CANDIDATE-POOL,no exclusion rule matched,OBSERVED
PS04-MOD-0942,pos_account_tax_python,02 OTHER.zip,Allow custom taxes in POS,Accounting/Accounting,YES,NO,CANDIDATE-POOL,no exclusion rule matched,OBSERVED
PS04-MOD-0943,pos_adyen,02 OTHER.zip,POS Adyen,Sales/Point of Sale,YES,NO,CANDIDATE-POOL,no exclusion rule matched,OBSERVED
PS04-MOD-0944,pos_appointment,02 OTHER.zip,Point of Sale Appointment,Sales/Point of Sale,YES,NO,CANDIDATE-POOL,no exclusion rule matched,OBSERVED
PS04-MOD-0945,pos_avatax,02 OTHER.zip,POS Avatax,,YES,NO,CANDIDATE-POOL,no exclusion rule matched,OBSERVED
PS04-MOD-0946,pos_barcodelookup,02 OTHER.zip,POS - Barcode Lookup,Sales/Point of Sale,YES,NO,CANDIDATE-POOL,no exclusion rule matched,OBSERVED
PS04-MOD-0947,pos_blackbox_be,02 OTHER.zip,Belgian Registered Cash Register,Sales/Point of Sale,YES,NO,CANDIDATE-POOL,no exclusion rule matched,OBSERVED
PS04-MOD-0948,pos_cashdro,02 OTHER.zip,POS Cashdro Cash Machines,Sales/Point of Sale,YES,NO,CANDIDATE-POOL,no exclusion rule matched,OBSERVED
PS04-MOD-0949,pos_discount,02 OTHER.zip,Point of Sale Discounts,Sales/Point of Sale,YES,NO,CANDIDATE-POOL,no exclusion rule matched,OBSERVED
PS04-MOD-0950,pos_dpopay,02 OTHER.zip,PoS DPO Pay,Sales/Point of Sale,YES,NO,CANDIDATE-POOL,no exclusion rule matched,OBSERVED
PS04-MOD-0951,pos_edi_ubl,02 OTHER.zip,Point of Sale UBL,Sales/Point of Sale,YES,NO,CANDIDATE-POOL,no exclusion rule matched,OBSERVED
PS04-MOD-0952,pos_enterprise,02 OTHER.zip,Point of Sale enterprise,Sales/Point of Sale,YES,NO,CANDIDATE-POOL,no exclusion rule matched,OBSERVED
PS04-MOD-0953,pos_enterprise_sms_whatsapp,02 OTHER.zip,POS Enterprise SMS Whatsapp,Sales/Point of Sale,YES,NO,CANDIDATE-POOL,no exclusion rule matched,OBSERVED
PS04-MOD-0954,pos_event,02 OTHER.zip,POS - Event,Technical,YES,NO,CANDIDATE-POOL,no exclusion rule matched,OBSERVED
PS04-MOD-0955,pos_event_iot,02 OTHER.zip,IoT for PoS/Event,Marketing/Events,YES,NO,CANDIDATE-POOL,no exclusion rule matched,OBSERVED
PS04-MOD-0956,pos_event_sale,02 OTHER.zip,PoS - Event Sale,Technical,YES,NO,CANDIDATE-POOL,no exclusion rule matched,OBSERVED
PS04-MOD-0957,pos_glory_cash,02 OTHER.zip,POS Glory Cash Machines,Sales/Point of Sale,YES,NO,CANDIDATE-POOL,no exclusion rule matched,OBSERVED
PS04-MOD-0958,pos_hr,02 OTHER.zip,POS - HR,Sales/Point of Sale,YES,NO,CANDIDATE-POOL,no exclusion rule matched,OBSERVED
PS04-MOD-0959,pos_hr_mobile,02 OTHER.zip,POS Barcode in Mobile,Human Resources/Barcode,YES,NO,CANDIDATE-POOL,no exclusion rule matched,OBSERVED
PS04-MOD-0960,pos_hr_restaurant,02 OTHER.zip,POS HR Restaurant,Sales/Point of Sale,YES,NO,CANDIDATE-POOL,no exclusion rule matched,OBSERVED
PS04-MOD-0961,pos_imin,02 OTHER.zip,POS iMin,Sales/Point of Sale,YES,NO,CANDIDATE-POOL,no exclusion rule matched,OBSERVED
PS04-MOD-0962,pos_iot,02 OTHER.zip,IoT for PoS,Sales/Point of Sale,YES,NO,CANDIDATE-POOL,no exclusion rule matched,OBSERVED
PS04-MOD-0963,pos_iot_adam_scale,02 OTHER.zip,PoS IoT Adam Equipment Scales,Point of Sale,YES,NO,CANDIDATE-POOL,no exclusion rule matched,OBSERVED
PS04-MOD-0964,pos_iot_ingenico,02 OTHER.zip,PoS IoT Ingenico,Sales/Point of Sale,YES,NO,CANDIDATE-POOL,no exclusion rule matched,OBSERVED
PS04-MOD-0965,pos_iot_six,02 OTHER.zip,POS IoT Six,Sales/Point Of Sale,YES,NO,CANDIDATE-POOL,no exclusion rule matched,OBSERVED
PS04-MOD-0966,pos_iot_worldline,02 OTHER.zip,PoS IoT Worldline,Sales/Point of Sale,YES,NO,CANDIDATE-POOL,no exclusion rule matched,OBSERVED
PS04-MOD-0967,pos_loyalty,02 OTHER.zip,Point of Sale - Coupons & Loyalty,Sales/Point Of Sale,YES,NO,CANDIDATE-POOL,no exclusion rule matched,OBSERVED
PS04-MOD-0968,pos_mercado_pago,02 OTHER.zip,POS Mercado Pago,Sales/Point of Sale,YES,NO,CANDIDATE-POOL,no exclusion rule matched,OBSERVED
PS04-MOD-0969,pos_mobile,02 OTHER.zip,Point of Sale Mobile,Hidden,YES,NO,CANDIDATE-POOL,no exclusion rule matched,OBSERVED
PS04-MOD-0970,pos_mollie,02 OTHER.zip,POS Mollie,Sales/Point of Sale,YES,NO,CANDIDATE-POOL,no exclusion rule matched,OBSERVED
PS04-MOD-0971,pos_mrp,02 OTHER.zip,pos_mrp,Sales/Point of Sale,YES,NO,CANDIDATE-POOL,no exclusion rule matched,OBSERVED
PS04-MOD-0972,pos_online_payment,02 OTHER.zip,Point of Sale online payment,,YES,NO,CANDIDATE-POOL,no exclusion rule matched,OBSERVED
PS04-MOD-0973,pos_online_payment_self_order,02 OTHER.zip,POS Self-Order / Online Payment,Sales/Point of Sale,YES,NO,CANDIDATE-POOL,no exclusion rule matched,OBSERVED
PS04-MOD-0974,pos_online_payment_self_order_preparation_display,02 OTHER.zip,POS Self-Order / Online Payment / Preparation Display,Sales/Point of Sale,YES,NO,CANDIDATE-POOL,no exclusion rule matched,OBSERVED
PS04-MOD-0975,pos_order_tracking_display,02 OTHER.zip,PoS Order Tracking Customer Display,Sales/Point of Sale,YES,NO,CANDIDATE-POOL,no exclusion rule matched,OBSERVED
PS04-MOD-0976,pos_pine_labs,02 OTHER.zip,POS Pine Labs,Sales/Point of Sale,YES,NO,CANDIDATE-POOL,no exclusion rule matched,OBSERVED
PS04-MOD-0977,pos_platform_order,02 OTHER.zip,Point of Sale - Platform Order Integration,Sales/Point of Sale,YES,NO,CANDIDATE-POOL,no exclusion rule matched,OBSERVED
PS04-MOD-0978,pos_platform_order_gofood,02 OTHER.zip,Platform Order Provider: GoFood,Sales/Point of Sale,YES,NO,CANDIDATE-POOL,no exclusion rule matched,OBSERVED
PS04-MOD-0979,pos_platform_order_grabfood,02 OTHER.zip,Platform Order Provider: GrabFood,Sales/Point of Sale,YES,NO,CANDIDATE-POOL,no exclusion rule matched,OBSERVED
PS04-MOD-0980,pos_pricer,02 OTHER.zip,PoS Pricer,Sales/Point of Sale,YES,NO,CANDIDATE-POOL,no exclusion rule matched,OBSERVED
PS04-MOD-0981,pos_qfpay,02 OTHER.zip,POS QFPay,Sales/Point of Sale,YES,NO,CANDIDATE-POOL,no exclusion rule matched,OBSERVED
PS04-MOD-0982,pos_razorpay,02 OTHER.zip,POS Razorpay,Sales/Point of Sale,YES,NO,CANDIDATE-POOL,no exclusion rule matched,OBSERVED
PS04-MOD-0983,pos_repair,02 OTHER.zip,POS - Repair,Technical,YES,NO,CANDIDATE-POOL,no exclusion rule matched,OBSERVED
PS04-MOD-0984,pos_restaurant,02 OTHER.zip,Restaurant,Sales/Point of Sale,YES,NO,CANDIDATE-POOL,no exclusion rule matched,OBSERVED
PS04-MOD-0985,pos_restaurant_adyen,02 OTHER.zip,POS Restaurant Adyen,Point of Sale,YES,NO,CANDIDATE-POOL,no exclusion rule matched,OBSERVED
PS04-MOD-0986,pos_restaurant_appointment,02 OTHER.zip,Point of Sale Restaurant Appointment,Sales/Point of Sale,YES,NO,CANDIDATE-POOL,no exclusion rule matched,OBSERVED
PS04-MOD-0987,pos_restaurant_loyalty,02 OTHER.zip,POS - Restaurant Loyality,Sales/Point of Sale,YES,NO,CANDIDATE-POOL,no exclusion rule matched,OBSERVED
PS04-MOD-0988,pos_restaurant_preparation_display,02 OTHER.zip,PoS Preparation Display Restaurant,Sales/Point of Sale,YES,NO,CANDIDATE-POOL,no exclusion rule matched,OBSERVED
PS04-MOD-0989,pos_restaurant_stripe,02 OTHER.zip,POS Restaurant Stripe,Point of Sale,YES,NO,CANDIDATE-POOL,no exclusion rule matched,OBSERVED
PS04-MOD-0990,pos_restaurant_urban_piper,02 OTHER.zip,POS Restaurant Urban Piper,Sales/Point of Sale,YES,NO,CANDIDATE-POOL,no exclusion rule matched,OBSERVED
PS04-MOD-0991,pos_safaricom,02 OTHER.zip,POS Safaricom,Sales/Point of Sale,YES,NO,CANDIDATE-POOL,no exclusion rule matched,OBSERVED
PS04-MOD-0992,pos_sale,02 OTHER.zip,POS - Sales,Sales/Point of Sale,YES,NO,CANDIDATE-POOL,no exclusion rule matched,OBSERVED
PS04-MOD-0993,pos_sale_loyalty,02 OTHER.zip,POS - Sales Loyality,Sales/Point of Sale,YES,NO,CANDIDATE-POOL,no exclusion rule matched,OBSERVED
PS04-MOD-0994,pos_sale_margin,02 OTHER.zip,POS - Sale Margin,Sales/Point of Sale,YES,NO,CANDIDATE-POOL,no exclusion rule matched,OBSERVED
PS04-MOD-0995,pos_sale_stock_renting,02 OTHER.zip,Point of Sale Rental Stock,Point of Sale,YES,NO,CANDIDATE-POOL,no exclusion rule matched,OBSERVED
PS04-MOD-0996,pos_sale_subscription,02 OTHER.zip,Point of Sale Subscription,Point of Sale,YES,NO,CANDIDATE-POOL,no exclusion rule matched,OBSERVED
PS04-MOD-0997,pos_self_order,02 OTHER.zip,POS Self Order,Sales/Point Of Sale,YES,NO,CANDIDATE-POOL,no exclusion rule matched,OBSERVED
PS04-MOD-0998,pos_self_order_adyen,02 OTHER.zip,POS Self Order Adyen,Sales/Point Of Sale,YES,NO,CANDIDATE-POOL,no exclusion rule matched,OBSERVED
PS04-MOD-0999,pos_self_order_iot,02 OTHER.zip,POS Self Order IoT,Sales/Point of Sale,YES,NO,CANDIDATE-POOL,no exclusion rule matched,OBSERVED
PS04-MOD-1000,pos_self_order_pine_labs,02 OTHER.zip,POS Self Order Pine Labs,Sales/Point Of Sale,YES,NO,CANDIDATE-POOL,no exclusion rule matched,OBSERVED
PS04-MOD-1001,pos_self_order_preparation_display,02 OTHER.zip,pos self prep display,Sales/Point of Sale,YES,NO,CANDIDATE-POOL,no exclusion rule matched,OBSERVED
PS04-MOD-1002,pos_self_order_qfpay,02 OTHER.zip,POS Self Order QFPay,Sales/Point Of Sale,YES,NO,CANDIDATE-POOL,no exclusion rule matched,OBSERVED
PS04-MOD-1003,pos_self_order_razorpay,02 OTHER.zip,POS Self Order Razorpay,Sales/Point Of Sale,YES,NO,CANDIDATE-POOL,no exclusion rule matched,OBSERVED
PS04-MOD-1004,pos_self_order_sale,02 OTHER.zip,POS Self Order Sale,Sales/Point Of Sale,YES,NO,CANDIDATE-POOL,no exclusion rule matched,OBSERVED
PS04-MOD-1005,pos_self_order_stripe,02 OTHER.zip,POS Self Order Stripe,Sales/Point Of Sale,YES,NO,CANDIDATE-POOL,no exclusion rule matched,OBSERVED
PS04-MOD-1006,pos_settle_due,02 OTHER.zip,Point of Sale Settle Due,Point of Sale,YES,NO,CANDIDATE-POOL,no exclusion rule matched,OBSERVED
PS04-MOD-1007,pos_sms,02 OTHER.zip,POS - SMS,Send sms to customer for order confirmation,YES,NO,CANDIDATE-POOL,no exclusion rule matched,OBSERVED
PS04-MOD-1008,pos_stripe,02 OTHER.zip,POS Stripe,Sales/Point of Sale,YES,NO,CANDIDATE-POOL,no exclusion rule matched,OBSERVED
PS04-MOD-1009,pos_tyro,02 OTHER.zip,POS Tyro,Sales/Point of Sale,YES,NO,CANDIDATE-POOL,no exclusion rule matched,OBSERVED
PS04-MOD-1010,pos_urban_piper,02 OTHER.zip,Point of Sale - UrbanPiper,Sales/Point of Sale,YES,NO,CANDIDATE-POOL,no exclusion rule matched,OBSERVED
PS04-MOD-1011,pos_urban_piper_enhancements,02 OTHER.zip,Point of Sale - UrbanPiper Enhancements,Sales/Point of Sale,YES,NO,CANDIDATE-POOL,no exclusion rule matched,OBSERVED
PS04-MOD-1012,pos_urban_piper_ubereats,02 OTHER.zip,POS UrbanPiper - Uber Eats,Sales/Point of Sale,YES,NO,CANDIDATE-POOL,no exclusion rule matched,OBSERVED
PS04-MOD-1013,pos_viva_com,02 OTHER.zip,PoS Viva.com,Sales/Point of Sale,YES,NO,CANDIDATE-POOL,no exclusion rule matched,OBSERVED
PS04-MOD-1014,privacy_lookup,02 OTHER.zip,Privacy,Hidden,YES,NO,CANDIDATE-POOL,no exclusion rule matched,OBSERVED
PS04-MOD-1015,product,02 OTHER.zip,Products & Pricelists,Sales/Sales,YES,NO,CANDIDATE-POOL,no exclusion rule matched,OBSERVED
PS04-MOD-1016,product_barcodelookup,02 OTHER.zip,Product Barcode Lookup,Sales/Sales,YES,NO,CANDIDATE-POOL,no exclusion rule matched,OBSERVED
PS04-MOD-1017,product_email_template,02 OTHER.zip,Product Email Template,Accounting/Accounting,YES,NO,CANDIDATE-POOL,no exclusion rule matched,OBSERVED
PS04-MOD-1018,product_expiry,02 OTHER.zip,Products Expiration Date,Supply Chain/Inventory,YES,NO,CANDIDATE-POOL,no exclusion rule matched,OBSERVED
PS04-MOD-1019,product_margin,02 OTHER.zip,Margins by Products,Sales/Sales,YES,NO,CANDIDATE-POOL,no exclusion rule matched,OBSERVED
PS04-MOD-1020,product_matrix,02 OTHER.zip,Product Matrix,Sales/Sales,YES,NO,CANDIDATE-POOL,no exclusion rule matched,OBSERVED
PS04-MOD-1021,product_unspsc,02 OTHER.zip,UNSPSC product codes,Accounting/Accounting,YES,NO,CANDIDATE-POOL,no exclusion rule matched,OBSERVED
PS04-MOD-1022,project,02 OTHER.zip,Project,Services/Project,YES,NO,CANDIDATE-POOL,no exclusion rule matched,OBSERVED
PS04-MOD-1023,project_account,02 OTHER.zip,Project - Account,Accounting/Accounting,YES,NO,CANDIDATE-POOL,no exclusion rule matched,OBSERVED
PS04-MOD-1024,project_account_asset,02 OTHER.zip,Project Accounting Assets,Services/assets,YES,NO,CANDIDATE-POOL,no exclusion rule matched,OBSERVED
PS04-MOD-1025,project_account_budget,02 OTHER.zip,Project Budget,Services/Project,YES,NO,CANDIDATE-POOL,no exclusion rule matched,OBSERVED
PS04-MOD-1026,project_enterprise,02 OTHER.zip,Project Enterprise,Services/Project,YES,NO,CANDIDATE-POOL,no exclusion rule matched,OBSERVED
PS04-MOD-1027,project_enterprise_hr,02 OTHER.zip,Project Enterprise HR,Services/Project,YES,NO,CANDIDATE-POOL,no exclusion rule matched,OBSERVED
PS04-MOD-1028,project_enterprise_hr_skills,02 OTHER.zip,Project - Skills,Services/Project,YES,NO,CANDIDATE-POOL,no exclusion rule matched,OBSERVED
PS04-MOD-1029,project_forecast,02 OTHER.zip,Project Planning,Services/Project,YES,NO,CANDIDATE-POOL,no exclusion rule matched,OBSERVED
PS04-MOD-1030,project_helpdesk,02 OTHER.zip,Project Helpdesk,Services,YES,NO,CANDIDATE-POOL,no exclusion rule matched,OBSERVED
PS04-MOD-1031,project_holidays,02 OTHER.zip,Project Time Off,Services/Project,YES,NO,CANDIDATE-POOL,no exclusion rule matched,OBSERVED
PS04-MOD-1032,project_hr_expense,02 OTHER.zip,Project Expenses,Services/expenses,YES,NO,CANDIDATE-POOL,no exclusion rule matched,OBSERVED
PS04-MOD-1033,project_hr_payroll_account,02 OTHER.zip,Project Payroll Accounting,Services/payroll/account,YES,NO,CANDIDATE-POOL,no exclusion rule matched,OBSERVED
PS04-MOD-1034,project_hr_skills,02 OTHER.zip,Project - Skills,Services/Project,YES,NO,CANDIDATE-POOL,no exclusion rule matched,OBSERVED
PS04-MOD-1035,project_mail_plugin,02 OTHER.zip,Project Mail Plugin,Services/Project,YES,NO,CANDIDATE-POOL,no exclusion rule matched,OBSERVED
PS04-MOD-1036,project_mrp,02 OTHER.zip,MRP Project,Services/Project,YES,NO,CANDIDATE-POOL,no exclusion rule matched,OBSERVED
PS04-MOD-1037,project_mrp_account,02 OTHER.zip,MRP Account Project,Services/Project,YES,NO,CANDIDATE-POOL,no exclusion rule matched,OBSERVED
PS04-MOD-1038,project_mrp_sale,02 OTHER.zip,MRP Project Sale,Services/Project,YES,NO,CANDIDATE-POOL,no exclusion rule matched,OBSERVED
PS04-MOD-1039,project_mrp_stock_landed_costs,02 OTHER.zip,Project MRP Landed Costs,Supply Chain/Manufacturing,YES,NO,CANDIDATE-POOL,no exclusion rule matched,OBSERVED
PS04-MOD-1040,project_mrp_workorder_account,02 OTHER.zip,MRP Workorder Project Account,Services/Project,YES,NO,CANDIDATE-POOL,no exclusion rule matched,OBSERVED
PS04-MOD-1041,project_purchase,02 OTHER.zip,Project Purchase,Services/Project,YES,NO,CANDIDATE-POOL,no exclusion rule matched,OBSERVED
PS04-MOD-1042,project_purchase_stock,02 OTHER.zip,Project - Purchase - Stock,Services/Project,YES,NO,CANDIDATE-POOL,no exclusion rule matched,OBSERVED
PS04-MOD-1043,project_sale_expense,02 OTHER.zip,Project - Sale - Expense,Services/Project,YES,NO,CANDIDATE-POOL,no exclusion rule matched,OBSERVED
PS04-MOD-1044,project_sale_subscription,02 OTHER.zip,Project Sales Subscription,Services/sales/subscriptions,YES,NO,CANDIDATE-POOL,no exclusion rule matched,OBSERVED
PS04-MOD-1045,project_sms,02 OTHER.zip,Project - SMS,Services/Project,YES,NO,CANDIDATE-POOL,no exclusion rule matched,OBSERVED
PS04-MOD-1046,project_stock,02 OTHER.zip,Project Stock,Services/Project,YES,NO,CANDIDATE-POOL,no exclusion rule matched,OBSERVED
PS04-MOD-1047,project_stock_account,02 OTHER.zip,Project Stock Account,Services/Project,YES,NO,CANDIDATE-POOL,no exclusion rule matched,OBSERVED
PS04-MOD-1048,project_stock_landed_costs,02 OTHER.zip,Project Stock Landed Costs,Supply Chain/Inventory,YES,NO,CANDIDATE-POOL,no exclusion rule matched,OBSERVED
PS04-MOD-1049,project_timesheet_forecast,02 OTHER.zip,Timesheet and Planning,Services/Timesheets,YES,NO,CANDIDATE-POOL,no exclusion rule matched,OBSERVED
PS04-MOD-1050,project_timesheet_forecast_sale,02 OTHER.zip,Compare timesheets and forecast for your projects,Services/Project,YES,NO,CANDIDATE-POOL,no exclusion rule matched,OBSERVED
PS04-MOD-1051,project_timesheet_holidays,02 OTHER.zip,Timesheet when on Time Off,Human Resources,YES,NO,CANDIDATE-POOL,no exclusion rule matched,OBSERVED
PS04-MOD-1052,project_todo,02 OTHER.zip,To-Do,Productivity/To-Do,YES,NO,CANDIDATE-POOL,no exclusion rule matched,OBSERVED
PS04-MOD-1053,purchase,02 OTHER.zip,Purchase,Supply Chain/Purchase,YES,NO,CANDIDATE-POOL,no exclusion rule matched,OBSERVED
PS04-MOD-1054,purchase_accountant,02 OTHER.zip,Purchase Accounting,Supply Chain/Purchase,YES,NO,CANDIDATE-POOL,no exclusion rule matched,OBSERVED
PS04-MOD-1055,purchase_edi_ubl_bis3,02 OTHER.zip,Import/Export electronic orders with UBL,Supply Chain/Purchase,YES,NO,CANDIDATE-POOL,no exclusion rule matched,OBSERVED
PS04-MOD-1056,purchase_intrastat,02 OTHER.zip,Purchase Intrastat,Accounting/Accounting,YES,NO,CANDIDATE-POOL,no exclusion rule matched,OBSERVED
PS04-MOD-1057,purchase_mrp,02 OTHER.zip,Purchase and MRP Management,Supply Chain/Purchase,YES,NO,CANDIDATE-POOL,no exclusion rule matched,OBSERVED
PS04-MOD-1058,purchase_mrp_workorder_quality,02 OTHER.zip,Full Traceability Report Demo Data,Supply Chain/Manufacturing,YES,NO,CANDIDATE-POOL,no exclusion rule matched,OBSERVED
PS04-MOD-1059,purchase_product_matrix,02 OTHER.zip,Purchase Matrix,Supply Chain/Purchase,YES,NO,CANDIDATE-POOL,no exclusion rule matched,OBSERVED
PS04-MOD-1060,purchase_repair,02 OTHER.zip,Purchase Repair,Supply Chain/Purchase,YES,NO,CANDIDATE-POOL,no exclusion rule matched,OBSERVED
PS04-MOD-1061,purchase_requisition,02 OTHER.zip,Purchase Agreements,Supply Chain/Purchase,YES,NO,CANDIDATE-POOL,no exclusion rule matched,OBSERVED
PS04-MOD-1062,purchase_requisition_sale,02 OTHER.zip,Purchase Requisition Sale,Supply Chain/Purchase,YES,NO,CANDIDATE-POOL,no exclusion rule matched,OBSERVED
PS04-MOD-1063,purchase_requisition_stock,02 OTHER.zip,Purchase Requisition Stock,Supply Chain/Purchase,YES,NO,CANDIDATE-POOL,no exclusion rule matched,OBSERVED
PS04-MOD-1064,purchase_stock,02 OTHER.zip,Purchase Stock,Supply Chain/Purchase,YES,NO,CANDIDATE-POOL,no exclusion rule matched,OBSERVED
PS04-MOD-1065,quality,02 OTHER.zip,Quality Base,Supply Chain/Quality,YES,NO,CANDIDATE-POOL,no exclusion rule matched,OBSERVED
PS04-MOD-1066,quality_control,02 OTHER.zip,Quality,Supply Chain/Quality,YES,NO,CANDIDATE-POOL,no exclusion rule matched,OBSERVED
PS04-MOD-1067,quality_control_iot,02 OTHER.zip,Quality checks with IoT,Supply Chain/Internet of Things (IoT),YES,NO,CANDIDATE-POOL,no exclusion rule matched,OBSERVED
PS04-MOD-1068,quality_control_picking_batch,02 OTHER.zip,Quality - Batch Transfer,Supply Chain/Quality,YES,NO,CANDIDATE-POOL,no exclusion rule matched,OBSERVED
PS04-MOD-1069,quality_control_worksheet,02 OTHER.zip,Worksheet for Quality Control,Supply Chain/Quality,YES,NO,CANDIDATE-POOL,no exclusion rule matched,OBSERVED
PS04-MOD-1070,quality_iot,02 OTHER.zip,Quality Steps with IoT,Supply Chain/Internet of Things (IoT),YES,NO,CANDIDATE-POOL,no exclusion rule matched,OBSERVED
PS04-MOD-1071,quality_mrp,02 OTHER.zip,MRP features for Quality Control,Supply Chain/Quality,YES,NO,CANDIDATE-POOL,no exclusion rule matched,OBSERVED
PS04-MOD-1072,quality_mrp_workorder,02 OTHER.zip,MRP features for Quality Control,Supply Chain/Quality,YES,NO,CANDIDATE-POOL,no exclusion rule matched,OBSERVED
PS04-MOD-1073,quality_mrp_workorder_iot,02 OTHER.zip,MRP features for Quality Control with IoT,Supply Chain/Quality,YES,NO,CANDIDATE-POOL,no exclusion rule matched,OBSERVED
PS04-MOD-1074,quality_mrp_workorder_worksheet,02 OTHER.zip,Quality Worksheet for Workorder,Supply Chain/Quality,YES,NO,CANDIDATE-POOL,no exclusion rule matched,OBSERVED
PS04-MOD-1075,quality_repair,02 OTHER.zip,Repair features for Quality Control,Supply Chain/Quality,YES,NO,CANDIDATE-POOL,no exclusion rule matched,OBSERVED
PS04-MOD-1076,rating,02 OTHER.zip,Customer Rating,Productivity,YES,NO,CANDIDATE-POOL,no exclusion rule matched,OBSERVED
PS04-MOD-1077,repair,02 OTHER.zip,Repairs,Supply Chain/Inventory,YES,NO,CANDIDATE-POOL,no exclusion rule matched,OBSERVED
PS04-MOD-1078,resource,02 OTHER.zip,Resource,Hidden,YES,NO,CANDIDATE-POOL,no exclusion rule matched,OBSERVED
PS04-MOD-1079,resource_mail,02 OTHER.zip,Resource Mail,Hidden,YES,NO,CANDIDATE-POOL,no exclusion rule matched,OBSERVED
PS04-MOD-1080,room,02 OTHER.zip,Meeting Rooms,Productivity/Room,YES,NO,CANDIDATE-POOL,no exclusion rule matched,OBSERVED
PS04-MOD-1081,rpc,02 OTHER.zip,RPC endpoints,Extra Tools,YES,NO,CANDIDATE-POOL,no exclusion rule matched,OBSERVED
PS04-MOD-1082,sale,02 OTHER.zip,Sales,Sales/Sales,YES,NO,CANDIDATE-POOL,no exclusion rule matched,OBSERVED
PS04-MOD-1083,sale_account_accountant,02 OTHER.zip,Sale Accounting,Sales/Sales,YES,NO,CANDIDATE-POOL,no exclusion rule matched,OBSERVED
PS04-MOD-1084,sale_amazon,02 OTHER.zip,Amazon Connector,Sales/Sales,YES,NO,CANDIDATE-POOL,no exclusion rule matched,OBSERVED
PS04-MOD-1085,sale_amazon_avatax,02 OTHER.zip,Amazon/Avatax Bridge,Sales/Sales,YES,NO,CANDIDATE-POOL,no exclusion rule matched,OBSERVED
PS04-MOD-1086,sale_commission,02 OTHER.zip,Sale Commission,Sales/Commission,YES,NO,CANDIDATE-POOL,no exclusion rule matched,OBSERVED
PS04-MOD-1087,sale_commission_margin,02 OTHER.zip,Sale Commission: Margin,Sales/Commission,YES,NO,CANDIDATE-POOL,no exclusion rule matched,OBSERVED
PS04-MOD-1088,sale_commission_subscription,02 OTHER.zip,Sale Commission: Subscription,Sales/Commission,YES,NO,CANDIDATE-POOL,no exclusion rule matched,OBSERVED
PS04-MOD-1089,sale_crm,02 OTHER.zip,Opportunity to Quotation,Sales/Sales,YES,NO,CANDIDATE-POOL,no exclusion rule matched,OBSERVED
PS04-MOD-1090,sale_edi_ubl,02 OTHER.zip,Import electronic orders with UBL,Sales/Sales,YES,NO,CANDIDATE-POOL,no exclusion rule matched,OBSERVED
PS04-MOD-1091,sale_enterprise,02 OTHER.zip,Sale Enterprise,Sales,YES,NO,CANDIDATE-POOL,no exclusion rule matched,OBSERVED
PS04-MOD-1092,sale_expense,02 OTHER.zip,Sales Expense,Sales/Sales,YES,NO,CANDIDATE-POOL,no exclusion rule matched,OBSERVED
PS04-MOD-1093,sale_expense_margin,02 OTHER.zip,Sales Expense Margin,Sales/Sales,YES,NO,CANDIDATE-POOL,no exclusion rule matched,OBSERVED
PS04-MOD-1094,sale_external_tax,02 OTHER.zip,3rd Party Tax Calculation for Sale,Accounting/Accounting,YES,NO,CANDIDATE-POOL,no exclusion rule matched,OBSERVED
PS04-MOD-1095,sale_gelato,02 OTHER.zip,Gelato,Sales/Sales,YES,NO,CANDIDATE-POOL,no exclusion rule matched,OBSERVED
PS04-MOD-1096,sale_gelato_stock,02 OTHER.zip,Gelato/Stock bridge,Sales/Sales,YES,NO,CANDIDATE-POOL,no exclusion rule matched,OBSERVED
PS04-MOD-1097,sale_intrastat,02 OTHER.zip,Sale Intrastat,Accounting/Accounting,YES,NO,CANDIDATE-POOL,no exclusion rule matched,OBSERVED
PS04-MOD-1098,sale_lazada,02 OTHER.zip,Lazada Connector,Sales/Sales,YES,NO,CANDIDATE-POOL,no exclusion rule matched,OBSERVED
PS04-MOD-1099,sale_loyalty,02 OTHER.zip,Sale Loyalty,Sales/Sales,YES,NO,CANDIDATE-POOL,no exclusion rule matched,OBSERVED
PS04-MOD-1100,sale_loyalty_delivery,02 OTHER.zip,Sale Loyalty - Delivery,Sales/Sales,YES,NO,CANDIDATE-POOL,no exclusion rule matched,OBSERVED
PS04-MOD-1101,sale_management,02 OTHER.zip,Sales,Sales/Sales,YES,NO,CANDIDATE-POOL,no exclusion rule matched,OBSERVED
PS04-MOD-1102,sale_management_renting,02 OTHER.zip,Sale Management for Rental,Sales/Sales,YES,NO,CANDIDATE-POOL,no exclusion rule matched,OBSERVED
PS04-MOD-1103,sale_margin,02 OTHER.zip,Margins in Sales Orders,Sales/Sales,YES,NO,CANDIDATE-POOL,no exclusion rule matched,OBSERVED
PS04-MOD-1104,sale_mrp,02 OTHER.zip,Sales and MRP Management,Sales/Sales,YES,NO,CANDIDATE-POOL,no exclusion rule matched,OBSERVED
PS04-MOD-1105,sale_mrp_margin,02 OTHER.zip,Sale Mrp Margin,Sales/Sales,YES,NO,CANDIDATE-POOL,no exclusion rule matched,OBSERVED
PS04-MOD-1106,sale_mrp_renting,02 OTHER.zip,Rental Manufacturing Bridge,Sales/Sales,YES,NO,CANDIDATE-POOL,no exclusion rule matched,OBSERVED
PS04-MOD-1107,sale_pdf_quote_builder,02 OTHER.zip,Sales PDF Quotation Builder,Sales/Sales,YES,NO,CANDIDATE-POOL,no exclusion rule matched,OBSERVED
PS04-MOD-1108,sale_planning,02 OTHER.zip,Sale Planning,Sales/Sales,YES,NO,CANDIDATE-POOL,no exclusion rule matched,OBSERVED
PS04-MOD-1109,sale_product_matrix,02 OTHER.zip,Sale Matrix,Sales/Sales,YES,NO,CANDIDATE-POOL,no exclusion rule matched,OBSERVED
PS04-MOD-1110,sale_project,02 OTHER.zip,Sales - Project,Sales/Sales,YES,NO,CANDIDATE-POOL,no exclusion rule matched,OBSERVED
PS04-MOD-1111,sale_project_forecast,02 OTHER.zip,Sale Project Forecast,Sales/Sales,YES,NO,CANDIDATE-POOL,no exclusion rule matched,OBSERVED
PS04-MOD-1112,sale_project_stock,02 OTHER.zip,Sale Project - Sale Stock,Sales,YES,NO,CANDIDATE-POOL,no exclusion rule matched,OBSERVED
PS04-MOD-1113,sale_project_stock_account,02 OTHER.zip,Sale Project Stock Account,Services/Project,YES,NO,CANDIDATE-POOL,no exclusion rule matched,OBSERVED
PS04-MOD-1114,sale_purchase,02 OTHER.zip,Sale Purchase,Sales/Sales,YES,NO,CANDIDATE-POOL,no exclusion rule matched,OBSERVED
PS04-MOD-1115,sale_purchase_inter_company_rules,02 OTHER.zip,Inter Company Module for Sale/Purchase Orders and Invoices,Productivity,YES,NO,CANDIDATE-POOL,no exclusion rule matched,OBSERVED
PS04-MOD-1116,sale_purchase_project,02 OTHER.zip,Sale Purchase Project,Sales,YES,NO,CANDIDATE-POOL,no exclusion rule matched,OBSERVED
PS04-MOD-1117,sale_purchase_stock,02 OTHER.zip,MTO Sale <-> Purchase,Sales/Sales,YES,NO,CANDIDATE-POOL,no exclusion rule matched,OBSERVED
PS04-MOD-1118,sale_purchase_stock_inter_company_rules,02 OTHER.zip,Inter Company Module for Sale/Purchase Orders (with Inventory link),Productivity,YES,NO,CANDIDATE-POOL,no exclusion rule matched,OBSERVED
PS04-MOD-1119,sale_renting,02 OTHER.zip,Rental,Sales/Sales,YES,NO,CANDIDATE-POOL,no exclusion rule matched,OBSERVED
PS04-MOD-1120,sale_renting_crm,02 OTHER.zip,Opportunity to Rental,Sales/Sales,YES,NO,CANDIDATE-POOL,no exclusion rule matched,OBSERVED
PS04-MOD-1121,sale_renting_planning,02 OTHER.zip,Rental/Planning Bridge,Sales/Sales,YES,NO,CANDIDATE-POOL,no exclusion rule matched,OBSERVED
PS04-MOD-1122,sale_renting_project,02 OTHER.zip,Sale Renting Project,Sales/Sales,YES,NO,CANDIDATE-POOL,no exclusion rule matched,OBSERVED
PS04-MOD-1123,sale_service,02 OTHER.zip,Sales - Service,Sales/Sales,YES,NO,CANDIDATE-POOL,no exclusion rule matched,OBSERVED
PS04-MOD-1124,sale_shopee,02 OTHER.zip,Shopee Connector,Sales/Sales,YES,NO,CANDIDATE-POOL,no exclusion rule matched,OBSERVED
PS04-MOD-1125,sale_sms,02 OTHER.zip,Sale - SMS,Sales/Sales,YES,NO,CANDIDATE-POOL,no exclusion rule matched,OBSERVED
PS04-MOD-1126,sale_stock,02 OTHER.zip,Sales and Warehouse Management,Sales/Sales,YES,NO,CANDIDATE-POOL,no exclusion rule matched,OBSERVED
PS04-MOD-1127,sale_stock_margin,02 OTHER.zip,Sale Stock Margin,Sales/Sales,YES,NO,CANDIDATE-POOL,no exclusion rule matched,OBSERVED
PS04-MOD-1128,sale_stock_product_expiry,02 OTHER.zip,Sale Stock Product Expiry,Sales/Sales,YES,NO,CANDIDATE-POOL,no exclusion rule matched,OBSERVED
PS04-MOD-1129,sale_stock_renting,02 OTHER.zip,Rental Stock Management,Sales/Sales,YES,NO,CANDIDATE-POOL,no exclusion rule matched,OBSERVED
PS04-MOD-1130,sale_subscription,02 OTHER.zip,Subscriptions,Sales/Subscriptions,YES,NO,CANDIDATE-POOL,no exclusion rule matched,OBSERVED
PS04-MOD-1131,sale_subscription_external_tax,02 OTHER.zip,External Tax Calculation for Subscriptions,Accounting/Accounting,YES,NO,CANDIDATE-POOL,no exclusion rule matched,OBSERVED
PS04-MOD-1132,sale_subscription_partnership,02 OTHER.zip,Subscriptions of membership / partnership ,Sales/Subscriptions,YES,NO,CANDIDATE-POOL,no exclusion rule matched,OBSERVED
PS04-MOD-1133,sale_subscription_stock,02 OTHER.zip,Sale Subscriptions Stock,Sales/Subscriptions,YES,NO,CANDIDATE-POOL,no exclusion rule matched,OBSERVED
PS04-MOD-1134,sale_subscription_timesheet,02 OTHER.zip,Project Sales Subscription Timesheet,Services/sales/subscriptions,YES,NO,CANDIDATE-POOL,no exclusion rule matched,OBSERVED
PS04-MOD-1135,sale_timesheet,02 OTHER.zip,Sales Timesheet,Sales/Sales,YES,NO,CANDIDATE-POOL,no exclusion rule matched,OBSERVED
PS04-MOD-1136,sale_timesheet_enterprise,02 OTHER.zip,Sales Timesheet: Invoicing,Sales/Sales,YES,NO,CANDIDATE-POOL,no exclusion rule matched,OBSERVED
PS04-MOD-1137,sale_timesheet_enterprise_holidays,02 OTHER.zip,Sales Timesheet: Time Off,Sales/Sales,YES,NO,CANDIDATE-POOL,no exclusion rule matched,OBSERVED
PS04-MOD-1138,sale_timesheet_margin,02 OTHER.zip,Service Margins in Sales Orders,Sales/Sales,YES,NO,CANDIDATE-POOL,no exclusion rule matched,OBSERVED
PS04-MOD-1139,sales_team,02 OTHER.zip,Sales Teams,Sales/Sales,YES,NO,CANDIDATE-POOL,no exclusion rule matched,OBSERVED
PS04-MOD-1140,sign,02 OTHER.zip,Sign,Sales/Sign,YES,NO,CANDIDATE-POOL,no exclusion rule matched,OBSERVED
PS04-MOD-1141,sign_ai,02 OTHER.zip,Sign AI Integration,Hidden,YES,NO,CANDIDATE-POOL,no exclusion rule matched,OBSERVED
PS04-MOD-1142,sign_emsigner,02 OTHER.zip,Sign emSigner,Sales/Sign,YES,NO,CANDIDATE-POOL,no exclusion rule matched,OBSERVED
PS04-MOD-1143,sign_itsme,02 OTHER.zip,Sign itsme,Sales/Sign,YES,NO,CANDIDATE-POOL,no exclusion rule matched,OBSERVED
PS04-MOD-1144,sms,02 OTHER.zip,SMS gateway,Sales/Sales,YES,NO,CANDIDATE-POOL,no exclusion rule matched,OBSERVED
PS04-MOD-1145,sms_twilio,02 OTHER.zip,Twilio SMS,Hidden/Tools,YES,NO,CANDIDATE-POOL,no exclusion rule matched,OBSERVED
PS04-MOD-1146,snailmail,02 OTHER.zip,Snail Mail,Hidden/Tools,YES,NO,CANDIDATE-POOL,no exclusion rule matched,OBSERVED
PS04-MOD-1147,snailmail_account,02 OTHER.zip,Snail Mail - Account,Hidden/Tools,YES,NO,CANDIDATE-POOL,no exclusion rule matched,OBSERVED
PS04-MOD-1148,snailmail_account_followup,02 OTHER.zip,Snail Mail Follow-Up,Accounting/Accounting,YES,NO,CANDIDATE-POOL,no exclusion rule matched,OBSERVED
PS04-MOD-1149,social,02 OTHER.zip,Social Marketing,Marketing/Social Marketing,YES,NO,CANDIDATE-POOL,no exclusion rule matched,OBSERVED
PS04-MOD-1150,social_crm,02 OTHER.zip,Leads statistics and generation on social,Marketing/Social Marketing,YES,NO,CANDIDATE-POOL,no exclusion rule matched,OBSERVED
PS04-MOD-1151,social_demo,02 OTHER.zip,Social Demo Module,Marketing/Social Marketing,YES,NO,TEST-DEMO-THEME-NOISE-CANDIDATE,demo module naming,OBSERVED
PS04-MOD-1152,social_facebook,02 OTHER.zip,Social Facebook,Marketing/Social Marketing,YES,NO,CANDIDATE-POOL,no exclusion rule matched,OBSERVED
PS04-MOD-1153,social_instagram,02 OTHER.zip,Social Instagram,Social,YES,NO,CANDIDATE-POOL,no exclusion rule matched,OBSERVED
PS04-MOD-1154,social_linkedin,02 OTHER.zip,Social LinkedIn,Marketing/Social Marketing,YES,NO,CANDIDATE-POOL,no exclusion rule matched,OBSERVED
PS04-MOD-1155,social_media,02 OTHER.zip,Social Media,Marketing/Social Marketing,YES,NO,CANDIDATE-POOL,no exclusion rule matched,OBSERVED
PS04-MOD-1156,social_push_notifications,02 OTHER.zip,Social Push Notifications,Marketing/Social Marketing,YES,NO,CANDIDATE-POOL,no exclusion rule matched,OBSERVED
PS04-MOD-1157,social_sale,02 OTHER.zip,Sale statistics on social,Marketing/Social Marketing,YES,NO,CANDIDATE-POOL,no exclusion rule matched,OBSERVED
PS04-MOD-1158,social_test_full,02 OTHER.zip,Social Tests (Full),Hidden,YES,NO,TEST-DEMO-THEME-NOISE-CANDIDATE,test module naming,OBSERVED
PS04-MOD-1159,social_twitter,02 OTHER.zip,Social X,Marketing/Social Marketing,YES,NO,CANDIDATE-POOL,no exclusion rule matched,OBSERVED
PS04-MOD-1160,social_youtube,02 OTHER.zip,Social YouTube,Marketing/Social Marketing,YES,NO,CANDIDATE-POOL,no exclusion rule matched,OBSERVED
PS04-MOD-1161,spreadsheet,02 OTHER.zip,Spreadsheet,Productivity/Dashboard,YES,NO,CANDIDATE-POOL,no exclusion rule matched,OBSERVED
PS04-MOD-1162,spreadsheet_account,02 OTHER.zip,Spreadsheet Accounting Formulas,Accounting,YES,NO,CANDIDATE-POOL,no exclusion rule matched,OBSERVED
PS04-MOD-1163,spreadsheet_dashboard,02 OTHER.zip,Spreadsheet dashboard,Productivity/Dashboard,YES,NO,CANDIDATE-POOL,no exclusion rule matched,OBSERVED
PS04-MOD-1164,spreadsheet_dashboard_account,02 OTHER.zip,Spreadsheet dashboard for accounting,Productivity/Dashboard,YES,NO,CANDIDATE-POOL,no exclusion rule matched,OBSERVED
PS04-MOD-1165,spreadsheet_dashboard_account_accountant,02 OTHER.zip,Spreadsheet dashboard for accounting,Productivity/Dashboard,YES,NO,CANDIDATE-POOL,no exclusion rule matched,OBSERVED
PS04-MOD-1166,spreadsheet_dashboard_crm,02 OTHER.zip,Spreadsheet dashboard for CRM,Productivity/Dashboard,YES,NO,CANDIDATE-POOL,no exclusion rule matched,OBSERVED
PS04-MOD-1167,spreadsheet_dashboard_documents,02 OTHER.zip,Spreadsheet Documents,Productivity/Documents,YES,NO,CANDIDATE-POOL,no exclusion rule matched,OBSERVED
PS04-MOD-1168,spreadsheet_dashboard_edition,02 OTHER.zip,Spreadsheet dashboard edition,Productivity/Dashboard,YES,NO,CANDIDATE-POOL,no exclusion rule matched,OBSERVED
PS04-MOD-1169,spreadsheet_dashboard_event_sale,02 OTHER.zip,Spreadsheet dashboard for events,Productivity/Dashboard,YES,NO,CANDIDATE-POOL,no exclusion rule matched,OBSERVED
PS04-MOD-1170,spreadsheet_dashboard_helpdesk,02 OTHER.zip,Spreadsheet dashboard for helpdesk,Productivity/Dashboard,YES,NO,CANDIDATE-POOL,no exclusion rule matched,OBSERVED
PS04-MOD-1171,spreadsheet_dashboard_hr_expense,02 OTHER.zip,Spreadsheet dashboard for expenses,Productivity/Dashboard,YES,NO,CANDIDATE-POOL,no exclusion rule matched,OBSERVED
PS04-MOD-1172,spreadsheet_dashboard_hr_payroll,02 OTHER.zip,Spreadsheet dashboard for payroll,Productivity/Dashboard,YES,NO,CANDIDATE-POOL,no exclusion rule matched,OBSERVED
PS04-MOD-1173,spreadsheet_dashboard_hr_referral,02 OTHER.zip,Spreadsheet dashboard for recruitment,Productivity/Dashboard,YES,NO,CANDIDATE-POOL,no exclusion rule matched,OBSERVED
PS04-MOD-1174,spreadsheet_dashboard_hr_timesheet,02 OTHER.zip,Spreadsheet dashboard for time sheets,Productivity/Dashboard,YES,NO,CANDIDATE-POOL,no exclusion rule matched,OBSERVED
PS04-MOD-1175,spreadsheet_dashboard_im_livechat,02 OTHER.zip,Spreadsheet dashboard for live chat,Productivity/Dashboard,YES,NO,CANDIDATE-POOL,no exclusion rule matched,OBSERVED
PS04-MOD-1176,spreadsheet_dashboard_marketing_automation,02 OTHER.zip,Spreadsheet dashboard for marketing automation,Productivity/Dashboard,YES,NO,CANDIDATE-POOL,no exclusion rule matched,OBSERVED
PS04-MOD-1177,spreadsheet_dashboard_mrp_account,02 OTHER.zip,Spreadsheet dashboard for manufacturing,Productivity/Dashboard,YES,NO,CANDIDATE-POOL,no exclusion rule matched,OBSERVED
PS04-MOD-1178,spreadsheet_dashboard_pos_hr,02 OTHER.zip,Spreadsheet dashboard for point of sale,Productivity/Dashboard,YES,NO,CANDIDATE-POOL,no exclusion rule matched,OBSERVED
PS04-MOD-1179,spreadsheet_dashboard_pos_restaurant,02 OTHER.zip,Spreadsheet dashboard for restaurants,Productivity/Dashboard,YES,NO,CANDIDATE-POOL,no exclusion rule matched,OBSERVED
PS04-MOD-1180,spreadsheet_dashboard_purchase_stock,02 OTHER.zip,Spreadsheet dashboard for purchases,Productivity/Dashboard,YES,NO,CANDIDATE-POOL,no exclusion rule matched,OBSERVED
PS04-MOD-1181,spreadsheet_dashboard_sale,02 OTHER.zip,Spreadsheet dashboard for sales,Productivity/Dashboard,YES,NO,CANDIDATE-POOL,no exclusion rule matched,OBSERVED
PS04-MOD-1182,spreadsheet_dashboard_sale_renting,02 OTHER.zip,Spreadsheet dashboard for rental,Productivity/Dashboard,YES,NO,CANDIDATE-POOL,no exclusion rule matched,OBSERVED
PS04-MOD-1183,spreadsheet_dashboard_sale_subscription,02 OTHER.zip,Spreadsheet dashboard for subscriptions,Productivity/Dashboard,YES,NO,CANDIDATE-POOL,no exclusion rule matched,OBSERVED
PS04-MOD-1184,spreadsheet_dashboard_sale_timesheet,02 OTHER.zip,Spreadsheet dashboard for time sheets,Productivity/Dashboard,YES,NO,CANDIDATE-POOL,no exclusion rule matched,OBSERVED
PS04-MOD-1185,spreadsheet_dashboard_stock,02 OTHER.zip,Spreadsheet dashboard for stock,Productivity/Dashboard,YES,NO,CANDIDATE-POOL,no exclusion rule matched,OBSERVED
PS04-MOD-1186,spreadsheet_dashboard_stock_account,02 OTHER.zip,Spreadsheet dashboard for stock,Productivity/Dashboard,YES,NO,CANDIDATE-POOL,no exclusion rule matched,OBSERVED
PS04-MOD-1187,spreadsheet_dashboard_website_sale,02 OTHER.zip,Spreadsheet dashboard for eCommerce,Productivity/Dashboard,YES,NO,CANDIDATE-POOL,no exclusion rule matched,OBSERVED
PS04-MOD-1188,spreadsheet_dashboard_website_sale_slides,02 OTHER.zip,Spreadsheet dashboard for eLearning,Productivity/Dashboard,YES,NO,CANDIDATE-POOL,no exclusion rule matched,OBSERVED
PS04-MOD-1189,spreadsheet_edition,02 OTHER.zip,Spreadsheet,Productivity/Dashboard,YES,NO,CANDIDATE-POOL,no exclusion rule matched,OBSERVED
PS04-MOD-1190,spreadsheet_sale_management,02 OTHER.zip,Sale order spreadsheet,Sales/Sales,YES,NO,CANDIDATE-POOL,no exclusion rule matched,OBSERVED
PS04-MOD-1191,stock,02 OTHER.zip,Inventory,Supply Chain/Inventory,YES,NO,CANDIDATE-POOL,no exclusion rule matched,OBSERVED
PS04-MOD-1192,stock_account,02 OTHER.zip,WMS Accounting,Supply Chain/Inventory,YES,NO,CANDIDATE-POOL,no exclusion rule matched,OBSERVED
PS04-MOD-1193,stock_accountant,02 OTHER.zip,Stock Accounting,Supply Chain/Inventory,YES,NO,CANDIDATE-POOL,no exclusion rule matched,OBSERVED
PS04-MOD-1194,stock_barcode,02 OTHER.zip,Barcode,Supply Chain/Inventory,YES,NO,CANDIDATE-POOL,no exclusion rule matched,OBSERVED
PS04-MOD-1195,stock_barcode_barcodelookup,02 OTHER.zip,Stock Barcode - Barcode Lookup,Supply Chain/Inventory,YES,NO,CANDIDATE-POOL,no exclusion rule matched,OBSERVED
PS04-MOD-1196,stock_barcode_mrp,02 OTHER.zip,MRP Barcode,Supply Chain/Inventory,YES,NO,CANDIDATE-POOL,no exclusion rule matched,OBSERVED
PS04-MOD-1197,stock_barcode_mrp_subcontracting,02 OTHER.zip,Subcontract with Barcode,Supply Chain/Inventory,YES,NO,CANDIDATE-POOL,no exclusion rule matched,OBSERVED
PS04-MOD-1198,stock_barcode_picking_batch,02 OTHER.zip,Barcode for Batch Transfer,Supply Chain/Inventory,YES,NO,CANDIDATE-POOL,no exclusion rule matched,OBSERVED
PS04-MOD-1199,stock_barcode_product_expiry,02 OTHER.zip,Barcode Expiry,Supply Chain/Inventory,YES,NO,CANDIDATE-POOL,no exclusion rule matched,OBSERVED
PS04-MOD-1200,stock_barcode_quality_control,02 OTHER.zip,Barcode Quality bridge module,Supply Chain/Inventory,YES,NO,CANDIDATE-POOL,no exclusion rule matched,OBSERVED
PS04-MOD-1201,stock_barcode_quality_control_picking_batch,02 OTHER.zip,Barcode/Quality/Batch Transfer bridge module,Supply Chain/Inventory,YES,NO,CANDIDATE-POOL,no exclusion rule matched,OBSERVED
PS04-MOD-1202,stock_barcode_quality_mrp,02 OTHER.zip,Barcode Quality MRP module,Supply Chain/Inventory,YES,NO,CANDIDATE-POOL,no exclusion rule matched,OBSERVED
PS04-MOD-1203,stock_delivery,02 OTHER.zip,Delivery - Stock,Shipping Connectors,YES,NO,CANDIDATE-POOL,no exclusion rule matched,OBSERVED
PS04-MOD-1204,stock_dropshipping,02 OTHER.zip,Drop Shipping,Supply Chain/Inventory,YES,NO,CANDIDATE-POOL,no exclusion rule matched,OBSERVED
PS04-MOD-1205,stock_enterprise,02 OTHER.zip,Stock enterprise,Supply Chain/Inventory,YES,NO,CANDIDATE-POOL,no exclusion rule matched,OBSERVED
PS04-MOD-1206,stock_fleet,02 OTHER.zip,Stock Transport,,YES,NO,CANDIDATE-POOL,no exclusion rule matched,OBSERVED
PS04-MOD-1207,stock_fleet_enterprise,02 OTHER.zip,Stock Transport Enterprise,,YES,NO,CANDIDATE-POOL,no exclusion rule matched,OBSERVED
PS04-MOD-1208,stock_intrastat,02 OTHER.zip,Stock Intrastat,Supply Chain/Inventory,YES,NO,CANDIDATE-POOL,no exclusion rule matched,OBSERVED
PS04-MOD-1209,stock_landed_costs,02 OTHER.zip,WMS Landed Costs,Supply Chain/Inventory,YES,NO,CANDIDATE-POOL,no exclusion rule matched,OBSERVED
PS04-MOD-1210,stock_maintenance,02 OTHER.zip,Stock - Maintenance,Supply Chain/Inventory,YES,NO,CANDIDATE-POOL,no exclusion rule matched,OBSERVED
PS04-MOD-1211,stock_picking_batch,02 OTHER.zip,Warehouse Management: Batch Transfer,Supply Chain/Inventory,YES,NO,CANDIDATE-POOL,no exclusion rule matched,OBSERVED
PS04-MOD-1212,stock_sms,02 OTHER.zip,Stock - SMS,Supply Chain/Inventory,YES,NO,CANDIDATE-POOL,no exclusion rule matched,OBSERVED
PS04-MOD-1213,survey,02 OTHER.zip,Surveys,Marketing/Surveys,YES,NO,CANDIDATE-POOL,no exclusion rule matched,OBSERVED
PS04-MOD-1214,survey_crm,02 OTHER.zip,Survey CRM,Marketing/Surveys,YES,NO,CANDIDATE-POOL,no exclusion rule matched,OBSERVED
PS04-MOD-1215,test_access_rights,02 OTHER.zip,test of access rights and rules,Hidden/Tests,YES,NO,TEST-DEMO-THEME-NOISE-CANDIDATE,test module naming,OBSERVED
PS04-MOD-1216,test_action_bindings,02 OTHER.zip,Test Action Bindings,Hidden/Tests,YES,NO,TEST-DEMO-THEME-NOISE-CANDIDATE,test module naming,OBSERVED
PS04-MOD-1217,test_ai_fields,02 OTHER.zip,Test AI Field,Hidden/Tests,YES,NO,TEST-DEMO-THEME-NOISE-CANDIDATE,test module naming,OBSERVED
PS04-MOD-1218,test_appointment_full,02 OTHER.zip,Appointment Testing Module,Hidden/Tests,YES,NO,TEST-DEMO-THEME-NOISE-CANDIDATE,test module naming,OBSERVED
PS04-MOD-1219,test_assetsbundle,02 OTHER.zip,test-assetsbundle,Hidden/Tests,YES,NO,TEST-DEMO-THEME-NOISE-CANDIDATE,test module naming,OBSERVED
PS04-MOD-1220,test_auth_custom,02 OTHER.zip,Tests that custom auth works & is not impaired by CORS,Hidden,YES,NO,TEST-DEMO-THEME-NOISE-CANDIDATE,test module naming,OBSERVED
PS04-MOD-1221,test_base_automation,02 OTHER.zip,Test - Base Automation,Hidden,YES,NO,TEST-DEMO-THEME-NOISE-CANDIDATE,test module naming,OBSERVED
PS04-MOD-1222,test_convert,02 OTHER.zip,test_convert,Hidden/Tests,YES,NO,TEST-DEMO-THEME-NOISE-CANDIDATE,test module naming,OBSERVED
PS04-MOD-1223,test_converter,02 OTHER.zip,test-field-converter,Hidden/Tests,YES,NO,TEST-DEMO-THEME-NOISE-CANDIDATE,test module naming,OBSERVED
PS04-MOD-1224,test_crm_full,02 OTHER.zip,Test Full Crm Flow,Hidden/Tests,YES,NO,TEST-DEMO-THEME-NOISE-CANDIDATE,test module naming,OBSERVED
PS04-MOD-1225,test_data_cleaning,02 OTHER.zip,Test Data Cleaning,Hidden,YES,NO,TEST-DEMO-THEME-NOISE-CANDIDATE,test module naming,OBSERVED
PS04-MOD-1226,test_data_module,02 OTHER.zip,test module to test data only modules,Hidden/Tests,YES,NO,TEST-DEMO-THEME-NOISE-CANDIDATE,test module naming,OBSERVED
PS04-MOD-1227,test_data_module_install,02 OTHER.zip,test installation of data module,Hidden/Tests,YES,NO,TEST-DEMO-THEME-NOISE-CANDIDATE,test module naming,OBSERVED
PS04-MOD-1228,test_discuss_full,02 OTHER.zip,Test Discuss (full),Productivity/Discuss,YES,NO,TEST-DEMO-THEME-NOISE-CANDIDATE,test module naming,OBSERVED
PS04-MOD-1229,test_discuss_full_enterprise,02 OTHER.zip,Test Discuss Full Enterprise,Hidden,YES,NO,TEST-DEMO-THEME-NOISE-CANDIDATE,test module naming,OBSERVED
PS04-MOD-1230,test_documents_full,02 OTHER.zip,Documents Testing Module,Hidden/Tests,YES,NO,TEST-DEMO-THEME-NOISE-CANDIDATE,test module naming,OBSERVED
PS04-MOD-1231,test_event_full,02 OTHER.zip,Test Full Event Flow,Hidden/Tests,YES,NO,TEST-DEMO-THEME-NOISE-CANDIDATE,test module naming,OBSERVED
PS04-MOD-1232,test_event_full_enterprise,02 OTHER.zip,Event Test (all modules),Hidden/Tests,YES,NO,TEST-DEMO-THEME-NOISE-CANDIDATE,test module naming,OBSERVED
PS04-MOD-1233,test_html_field_history,02 OTHER.zip,Test - html_field_history,Hidden,YES,NO,TEST-DEMO-THEME-NOISE-CANDIDATE,test module naming,OBSERVED
PS04-MOD-1234,test_http,02 OTHER.zip,Test HTTP,Hidden/Tests,YES,NO,TEST-DEMO-THEME-NOISE-CANDIDATE,test module naming,OBSERVED
PS04-MOD-1235,test_import_export,02 OTHER.zip,Test - Import & Export,Hidden,YES,NO,TEST-DEMO-THEME-NOISE-CANDIDATE,test module naming,OBSERVED
PS04-MOD-1236,test_inherit,02 OTHER.zip,test-inherit,Hidden/Tests,YES,NO,TEST-DEMO-THEME-NOISE-CANDIDATE,test module naming,OBSERVED
PS04-MOD-1237,test_inherit_depends,02 OTHER.zip,test-inherit-depends,Hidden/Tests,YES,NO,TEST-DEMO-THEME-NOISE-CANDIDATE,test module naming,OBSERVED
PS04-MOD-1238,test_inherits,02 OTHER.zip,test-inherits,Hidden/Tests,YES,NO,TEST-DEMO-THEME-NOISE-CANDIDATE,test module naming,OBSERVED
PS04-MOD-1239,test_inherits_depends,02 OTHER.zip,test-inherits-depends,Hidden/Tests,YES,NO,TEST-DEMO-THEME-NOISE-CANDIDATE,test module naming,OBSERVED
PS04-MOD-1240,test_install_auto,02 OTHER.zip,test_install_auto,Hidden/Tools,YES,NO,TEST-DEMO-THEME-NOISE-CANDIDATE,test module naming,OBSERVED
PS04-MOD-1241,test_install_base,02 OTHER.zip,test_install_base,Hidden/Tools,YES,NO,TEST-DEMO-THEME-NOISE-CANDIDATE,test module naming,OBSERVED
PS04-MOD-1242,test_install_fail,02 OTHER.zip,test_install_fail,Hidden/Tools,YES,NO,TEST-DEMO-THEME-NOISE-CANDIDATE,test module naming,OBSERVED
PS04-MOD-1243,test_l10n_be_hr_payroll_account,02 OTHER.zip,Test Belgian Payroll,Human Resources,YES,NO,TEST-DEMO-THEME-NOISE-CANDIDATE,test module naming,OBSERVED
PS04-MOD-1244,test_l10n_hk_hr_payroll_account,02 OTHER.zip,Test Hong Kong Payroll,Human Resources,YES,NO,TEST-DEMO-THEME-NOISE-CANDIDATE,test module naming,OBSERVED
PS04-MOD-1245,test_l10n_us_hr_payroll_account,02 OTHER.zip,Test US Payroll,Human Resources,YES,NO,TEST-DEMO-THEME-NOISE-CANDIDATE,test module naming,OBSERVED
PS04-MOD-1246,test_lint,02 OTHER.zip,test-lint,Hidden/Tests,YES,NO,TEST-DEMO-THEME-NOISE-CANDIDATE,test module naming,OBSERVED
PS04-MOD-1247,test_mail,02 OTHER.zip,Mail Tests,Hidden,YES,NO,TEST-DEMO-THEME-NOISE-CANDIDATE,test module naming,OBSERVED
PS04-MOD-1248,test_mail_enterprise,02 OTHER.zip,Mail Tests (Enterprise),Hidden,YES,NO,TEST-DEMO-THEME-NOISE-CANDIDATE,test module naming,OBSERVED
PS04-MOD-1249,test_mail_full,02 OTHER.zip,Mail Tests (Full),Hidden,YES,NO,TEST-DEMO-THEME-NOISE-CANDIDATE,test module naming,OBSERVED
PS04-MOD-1250,test_mail_sms,02 OTHER.zip,SMS Tests,Hidden,YES,NO,TEST-DEMO-THEME-NOISE-CANDIDATE,test module naming,OBSERVED
PS04-MOD-1251,test_main_flows,02 OTHER.zip,Test Main Flow,Hidden/Tests,YES,NO,TEST-DEMO-THEME-NOISE-CANDIDATE,test module naming,OBSERVED
PS04-MOD-1252,test_marketing_automation,02 OTHER.zip,Marketing Automation Tests,Hidden,YES,NO,TEST-DEMO-THEME-NOISE-CANDIDATE,test module naming,OBSERVED
PS04-MOD-1253,test_mass_mailing,02 OTHER.zip,Mass Mail Tests,Marketing/Email Marketing,YES,NO,TEST-DEMO-THEME-NOISE-CANDIDATE,test module naming,OBSERVED
PS04-MOD-1254,test_mimetypes,02 OTHER.zip,test mimetypes-guessing,Hidden/Tests,YES,NO,TEST-DEMO-THEME-NOISE-CANDIDATE,test module naming,OBSERVED
PS04-MOD-1255,test_orm,02 OTHER.zip,Test ORM,Hidden/Tests,YES,NO,TEST-DEMO-THEME-NOISE-CANDIDATE,test module naming,OBSERVED
PS04-MOD-1256,test_read_group,02 OTHER.zip,test of (formatted/web)_read_group,Hidden/Tests,YES,NO,TEST-DEMO-THEME-NOISE-CANDIDATE,test module naming,OBSERVED
PS04-MOD-1257,test_resource,02 OTHER.zip,Test - Resource,Hidden,YES,NO,TEST-DEMO-THEME-NOISE-CANDIDATE,test module naming,OBSERVED
PS04-MOD-1258,test_rpc,02 OTHER.zip,Test RPC,Hidden/Tests,YES,NO,TEST-DEMO-THEME-NOISE-CANDIDATE,test module naming,OBSERVED
PS04-MOD-1259,test_sale_product_configurators,02 OTHER.zip,Sale Product Configurators Tests,Hidden,YES,NO,TEST-DEMO-THEME-NOISE-CANDIDATE,test module naming,OBSERVED
PS04-MOD-1260,test_sale_purchase_edi_ubl,02 OTHER.zip,Test - Sale & Purchase Order EDI,Hidden,YES,NO,TEST-DEMO-THEME-NOISE-CANDIDATE,test module naming,OBSERVED
PS04-MOD-1261,test_sale_subscription,02 OTHER.zip,Test Sale Subscription,Sales/Subscriptions,YES,NO,TEST-DEMO-THEME-NOISE-CANDIDATE,test module naming,OBSERVED
PS04-MOD-1262,test_search_panel,02 OTHER.zip,test_search_panel,Hidden/Tests,YES,NO,TEST-DEMO-THEME-NOISE-CANDIDATE,test module naming,OBSERVED
PS04-MOD-1263,test_sign,02 OTHER.zip,Test Sign,Sales/Sign,YES,NO,TEST-DEMO-THEME-NOISE-CANDIDATE,test module naming,OBSERVED
PS04-MOD-1264,test_spreadsheet,02 OTHER.zip,Spreadsheet Test,Hidden,YES,NO,TEST-DEMO-THEME-NOISE-CANDIDATE,test module naming,OBSERVED
PS04-MOD-1265,test_spreadsheet_edition,02 OTHER.zip,Spreadsheet Test,Hidden,YES,NO,TEST-DEMO-THEME-NOISE-CANDIDATE,test module naming,OBSERVED
PS04-MOD-1266,test_testing_utilities,02 OTHER.zip,Test testing utilities,Hidden/Tests,YES,NO,TEST-DEMO-THEME-NOISE-CANDIDATE,test module naming,OBSERVED
PS04-MOD-1267,test_themes,02 OTHER.zip,Themes Testing Module,Hidden,YES,NO,TEST-DEMO-THEME-NOISE-CANDIDATE,test module naming,OBSERVED
PS04-MOD-1268,test_timer,02 OTHER.zip,Timer Tests,Hidden/Tests,YES,NO,TEST-DEMO-THEME-NOISE-CANDIDATE,test module naming,OBSERVED
PS04-MOD-1269,test_translation_import,02 OTHER.zip,test-translation-import,Hidden/Tests,YES,NO,TEST-DEMO-THEME-NOISE-CANDIDATE,test module naming,OBSERVED
PS04-MOD-1270,test_uninstall,02 OTHER.zip,test-uninstall,Hidden/Tests,YES,NO,TEST-DEMO-THEME-NOISE-CANDIDATE,test module naming,OBSERVED
PS04-MOD-1271,test_web_cohort,02 OTHER.zip,Web Cohort Tests,Hidden,YES,NO,TEST-DEMO-THEME-NOISE-CANDIDATE,test module naming,OBSERVED
PS04-MOD-1272,test_web_gantt,02 OTHER.zip,Web Gantt Tests,Hidden,YES,NO,TEST-DEMO-THEME-NOISE-CANDIDATE,test module naming,OBSERVED
PS04-MOD-1273,test_web_studio,02 OTHER.zip,Web Studio Tests,Hidden,YES,NO,TEST-DEMO-THEME-NOISE-CANDIDATE,test module naming,OBSERVED
PS04-MOD-1274,test_website,02 OTHER.zip,Website Test,Hidden,YES,NO,TEST-DEMO-THEME-NOISE-CANDIDATE,test module naming,OBSERVED
PS04-MOD-1275,test_website_modules,02 OTHER.zip,Website Modules Test,Hidden,YES,NO,TEST-DEMO-THEME-NOISE-CANDIDATE,test module naming,OBSERVED
PS04-MOD-1276,test_website_sale_full,02 OTHER.zip,Website Sale Full Tests,Hidden,YES,NO,TEST-DEMO-THEME-NOISE-CANDIDATE,test module naming,OBSERVED
PS04-MOD-1277,test_website_slides_full,02 OTHER.zip,Test Full eLearning Flow,Hidden/Tests,YES,NO,TEST-DEMO-THEME-NOISE-CANDIDATE,test module naming,OBSERVED
PS04-MOD-1278,test_whatsapp,02 OTHER.zip,WhatsApp Tests,Hidden,YES,NO,TEST-DEMO-THEME-NOISE-CANDIDATE,test module naming,OBSERVED
PS04-MOD-1279,theme_anelusia,02 OTHER.zip,Anelusia Theme,Theme/Retail,YES,NO,TEST-DEMO-THEME-NOISE-CANDIDATE,theme_ prefix,OBSERVED
PS04-MOD-1280,theme_artists,02 OTHER.zip,Artists Theme,Theme/Creative,YES,NO,TEST-DEMO-THEME-NOISE-CANDIDATE,theme_ prefix,OBSERVED
PS04-MOD-1281,theme_avantgarde,02 OTHER.zip,Avantgarde Theme,Theme/Creative,YES,NO,TEST-DEMO-THEME-NOISE-CANDIDATE,theme_ prefix,OBSERVED
PS04-MOD-1282,theme_aviato,02 OTHER.zip,Aviato Theme,Theme/Creative,YES,NO,TEST-DEMO-THEME-NOISE-CANDIDATE,theme_ prefix,OBSERVED
PS04-MOD-1283,theme_beauty,02 OTHER.zip,Beauty Theme,Theme/Retail,YES,NO,TEST-DEMO-THEME-NOISE-CANDIDATE,theme_ prefix,OBSERVED
PS04-MOD-1284,theme_bewise,02 OTHER.zip,Be Wise Theme,Theme/Education,YES,NO,TEST-DEMO-THEME-NOISE-CANDIDATE,theme_ prefix,OBSERVED
PS04-MOD-1285,theme_bistro,02 OTHER.zip,Bistro Theme,Theme/Food,YES,NO,TEST-DEMO-THEME-NOISE-CANDIDATE,theme_ prefix,OBSERVED
PS04-MOD-1286,theme_bookstore,02 OTHER.zip,Bookstore Theme,Theme/Retail,YES,NO,TEST-DEMO-THEME-NOISE-CANDIDATE,theme_ prefix,OBSERVED
PS04-MOD-1287,theme_buzzy,02 OTHER.zip,Buzzy Theme,Theme/Corporate,YES,NO,TEST-DEMO-THEME-NOISE-CANDIDATE,theme_ prefix,OBSERVED
PS04-MOD-1288,theme_clean,02 OTHER.zip,Clean Theme,Theme/Services,YES,NO,TEST-DEMO-THEME-NOISE-CANDIDATE,theme_ prefix,OBSERVED
PS04-MOD-1289,theme_cobalt,02 OTHER.zip,Cobalt Theme,Theme/Corporate,YES,NO,TEST-DEMO-THEME-NOISE-CANDIDATE,theme_ prefix,OBSERVED
PS04-MOD-1290,theme_common,02 OTHER.zip,Theme Common,Hidden,YES,NO,TEST-DEMO-THEME-NOISE-CANDIDATE,theme_ prefix,OBSERVED
PS04-MOD-1291,theme_default,02 OTHER.zip,Default Theme,Theme,YES,NO,TEST-DEMO-THEME-NOISE-CANDIDATE,theme_ prefix,OBSERVED
PS04-MOD-1292,theme_enark,02 OTHER.zip,Enark Theme,Theme/Corporate,YES,NO,TEST-DEMO-THEME-NOISE-CANDIDATE,theme_ prefix,OBSERVED
PS04-MOD-1293,theme_graphene,02 OTHER.zip,Graphene Theme,Theme/Corporate,YES,NO,TEST-DEMO-THEME-NOISE-CANDIDATE,theme_ prefix,OBSERVED
PS04-MOD-1294,theme_kea,02 OTHER.zip,Kea Theme,Theme/Technology,YES,NO,TEST-DEMO-THEME-NOISE-CANDIDATE,theme_ prefix,OBSERVED
PS04-MOD-1295,theme_kiddo,02 OTHER.zip,Kiddo Theme,Theme/Retail,YES,NO,TEST-DEMO-THEME-NOISE-CANDIDATE,theme_ prefix,OBSERVED
PS04-MOD-1296,theme_loftspace,02 OTHER.zip,Loftspace Theme,Theme/Retail,YES,NO,TEST-DEMO-THEME-NOISE-CANDIDATE,theme_ prefix,OBSERVED
PS04-MOD-1297,theme_monglia,02 OTHER.zip,Monglia Theme,Theme/Services,YES,NO,TEST-DEMO-THEME-NOISE-CANDIDATE,theme_ prefix,OBSERVED
PS04-MOD-1298,theme_nano,02 OTHER.zip,Nano Theme,Theme/Lifestyle,YES,NO,TEST-DEMO-THEME-NOISE-CANDIDATE,theme_ prefix,OBSERVED
PS04-MOD-1299,theme_notes,02 OTHER.zip,Notes & Play Theme,Theme/Retail,YES,NO,TEST-DEMO-THEME-NOISE-CANDIDATE,theme_ prefix,OBSERVED
PS04-MOD-1300,theme_odoo_experts,02 OTHER.zip,Experts Theme,Theme/Corporate,YES,NO,TEST-DEMO-THEME-NOISE-CANDIDATE,theme_ prefix,OBSERVED
PS04-MOD-1301,theme_orchid,02 OTHER.zip,Orchid Theme,Theme/Retail,YES,NO,TEST-DEMO-THEME-NOISE-CANDIDATE,theme_ prefix,OBSERVED
PS04-MOD-1302,theme_paptic,02 OTHER.zip,Paptic Theme,Theme/Corporate,YES,NO,TEST-DEMO-THEME-NOISE-CANDIDATE,theme_ prefix,OBSERVED
PS04-MOD-1303,theme_real_estate,02 OTHER.zip,Real Estate Theme,Theme/Services,YES,NO,TEST-DEMO-THEME-NOISE-CANDIDATE,theme_ prefix,OBSERVED
PS04-MOD-1304,theme_test_custo,02 OTHER.zip,Custom Theme (Testing suite),Theme/Hidden,YES,NO,TEST-DEMO-THEME-NOISE-CANDIDATE,theme_ prefix,OBSERVED
PS04-MOD-1305,theme_treehouse,02 OTHER.zip,Treehouse Theme,Theme/Environment,YES,NO,TEST-DEMO-THEME-NOISE-CANDIDATE,theme_ prefix,OBSERVED
PS04-MOD-1306,theme_vehicle,02 OTHER.zip,Vehicle Theme,Theme/Services,YES,NO,TEST-DEMO-THEME-NOISE-CANDIDATE,theme_ prefix,OBSERVED
PS04-MOD-1307,theme_yes,02 OTHER.zip,Yes Theme,Theme/Personal,YES,NO,TEST-DEMO-THEME-NOISE-CANDIDATE,theme_ prefix,OBSERVED
PS04-MOD-1308,theme_zap,02 OTHER.zip,Zap Theme,Theme/Corporate,YES,NO,TEST-DEMO-THEME-NOISE-CANDIDATE,theme_ prefix,OBSERVED
PS04-MOD-1309,timer,02 OTHER.zip,Timer,Services/Timesheets,YES,NO,CANDIDATE-POOL,no exclusion rule matched,OBSERVED
PS04-MOD-1310,timesheet_grid,02 OTHER.zip,Timesheets,Services/Timesheets,YES,NO,CANDIDATE-POOL,no exclusion rule matched,OBSERVED
PS04-MOD-1311,timesheet_grid_holidays,02 OTHER.zip,Timesheets And Timeoff,Services/Timesheets,YES,NO,CANDIDATE-POOL,no exclusion rule matched,OBSERVED
PS04-MOD-1312,transifex,02 OTHER.zip,Transifex integration,Hidden/Tools,YES,NO,CANDIDATE-POOL,no exclusion rule matched,OBSERVED
PS04-MOD-1313,uom,02 OTHER.zip,Units of measure,Sales/Sales,YES,NO,CANDIDATE-POOL,no exclusion rule matched,OBSERVED
PS04-MOD-1314,utm,02 OTHER.zip,UTM Trackers,Marketing,YES,NO,CANDIDATE-POOL,no exclusion rule matched,OBSERVED
PS04-MOD-1315,voip,02 OTHER.zip,Phone,Productivity/Phone,YES,NO,CANDIDATE-POOL,no exclusion rule matched,OBSERVED
PS04-MOD-1316,voip_ai,02 OTHER.zip,Phone - AI,Productivity/Phone,YES,NO,CANDIDATE-POOL,no exclusion rule matched,OBSERVED
PS04-MOD-1317,voip_crm,02 OTHER.zip,Phone - CRM,Sales/CRM,YES,NO,CANDIDATE-POOL,no exclusion rule matched,OBSERVED
PS04-MOD-1318,voip_helpdesk,02 OTHER.zip,Phone - Helpdesk,Helpdesk,YES,NO,CANDIDATE-POOL,no exclusion rule matched,OBSERVED
PS04-MOD-1319,voip_hr,02 OTHER.zip,Phone - Human Resources,Human Resources,YES,NO,CANDIDATE-POOL,no exclusion rule matched,OBSERVED
PS04-MOD-1320,voip_hr_recruitment,02 OTHER.zip,Phone - Recruitement,Human Resources/Recruitment,YES,NO,CANDIDATE-POOL,no exclusion rule matched,OBSERVED
PS04-MOD-1321,voip_onsip,02 OTHER.zip,Phone - OnSIP,Productivity/Phone,YES,NO,CANDIDATE-POOL,no exclusion rule matched,OBSERVED
PS04-MOD-1322,voip_sale_subscription,02 OTHER.zip,Phone - Subscriptions,Sales/Subscriptions,YES,NO,CANDIDATE-POOL,no exclusion rule matched,OBSERVED
PS04-MOD-1323,voip_sms,02 OTHER.zip,Phone - SMS,Sales/Sales,YES,NO,CANDIDATE-POOL,no exclusion rule matched,OBSERVED
PS04-MOD-1324,web,02 OTHER.zip,Web,Hidden,YES,NO,CANDIDATE-POOL,no exclusion rule matched,OBSERVED
PS04-MOD-1325,web_cohort,02 OTHER.zip,Cohort View,Hidden,YES,NO,CANDIDATE-POOL,no exclusion rule matched,OBSERVED
PS04-MOD-1326,web_enterprise,02 OTHER.zip,Web Enterprise,Hidden,YES,NO,CANDIDATE-POOL,no exclusion rule matched,OBSERVED
PS04-MOD-1327,web_gantt,02 OTHER.zip,Web Gantt,Hidden,YES,NO,CANDIDATE-POOL,no exclusion rule matched,OBSERVED
PS04-MOD-1328,web_grid,02 OTHER.zip,Grid View,Hidden,YES,NO,CANDIDATE-POOL,no exclusion rule matched,OBSERVED
PS04-MOD-1329,web_hierarchy,02 OTHER.zip,Web Hierarchy,Hidden,YES,NO,CANDIDATE-POOL,no exclusion rule matched,OBSERVED
PS04-MOD-1330,web_map,02 OTHER.zip,Map View,Hidden,YES,NO,CANDIDATE-POOL,no exclusion rule matched,OBSERVED
PS04-MOD-1331,web_mobile,02 OTHER.zip,Mobile,Hidden,YES,NO,CANDIDATE-POOL,no exclusion rule matched,OBSERVED
PS04-MOD-1332,web_studio,02 OTHER.zip,Studio,Customizations/Studio,YES,NO,CANDIDATE-POOL,no exclusion rule matched,OBSERVED
PS04-MOD-1333,web_studio_ai_fields,02 OTHER.zip,web_studio_ai_fields,Hidden,YES,NO,CANDIDATE-POOL,no exclusion rule matched,OBSERVED
PS04-MOD-1334,web_tour,02 OTHER.zip,Tours,Hidden,YES,NO,CANDIDATE-POOL,no exclusion rule matched,OBSERVED
PS04-MOD-1335,web_unsplash,02 OTHER.zip,Unsplash Image Library,Hidden,YES,NO,CANDIDATE-POOL,no exclusion rule matched,OBSERVED
PS04-MOD-1336,website,02 OTHER.zip,Website,Website/Website,YES,NO,CANDIDATE-POOL,no exclusion rule matched,OBSERVED
PS04-MOD-1337,website_appointment,02 OTHER.zip,Website Appointments,Services/Appointment,YES,NO,CANDIDATE-POOL,no exclusion rule matched,OBSERVED
PS04-MOD-1338,website_appointment_account_payment,02 OTHER.zip,Pay to Book on Website,Services/Appointment,YES,NO,CANDIDATE-POOL,no exclusion rule matched,OBSERVED
PS04-MOD-1339,website_appointment_crm,02 OTHER.zip,Website Appointment Lead Enrichment,Services/Appointment,YES,NO,CANDIDATE-POOL,no exclusion rule matched,OBSERVED
PS04-MOD-1340,website_appointment_sale,02 OTHER.zip,Pay to Book with eCommerce,Services/Appointment,YES,NO,CANDIDATE-POOL,no exclusion rule matched,OBSERVED
PS04-MOD-1341,website_appointment_sale_project,02 OTHER.zip,Website Appointment Sale Project,Services/Appointment,YES,NO,CANDIDATE-POOL,no exclusion rule matched,OBSERVED
PS04-MOD-1342,website_blog,02 OTHER.zip,Blog,Website/Website,YES,NO,CANDIDATE-POOL,no exclusion rule matched,OBSERVED
PS04-MOD-1343,website_cf_turnstile,02 OTHER.zip,Cloudflare Turnstile,Website/Website,YES,NO,CANDIDATE-POOL,no exclusion rule matched,OBSERVED
PS04-MOD-1344,website_crm,02 OTHER.zip,Contact Form,Website/Website,YES,NO,CANDIDATE-POOL,no exclusion rule matched,OBSERVED
PS04-MOD-1345,website_crm_iap_reveal,02 OTHER.zip,Lead Generation From Website Visits,Sales/CRM,YES,NO,CANDIDATE-POOL,no exclusion rule matched,OBSERVED
PS04-MOD-1346,website_crm_iap_reveal_enterprise,02 OTHER.zip,Website Visits Lead Generation Enterprise,Sales/CRM,YES,NO,CANDIDATE-POOL,no exclusion rule matched,OBSERVED
PS04-MOD-1347,website_crm_livechat,02 OTHER.zip,Lead Livechat Sessions,Website/Website,YES,NO,CANDIDATE-POOL,no exclusion rule matched,OBSERVED
PS04-MOD-1348,website_crm_partner_assign,02 OTHER.zip,Resellers,Website/Website,YES,NO,CANDIDATE-POOL,no exclusion rule matched,OBSERVED
PS04-MOD-1349,website_crm_sms,02 OTHER.zip,Send SMS to Visitor with leads,Website/Website,YES,NO,CANDIDATE-POOL,no exclusion rule matched,OBSERVED
PS04-MOD-1350,website_customer,02 OTHER.zip,Customer References,Website/Website,YES,NO,CANDIDATE-POOL,no exclusion rule matched,OBSERVED
PS04-MOD-1351,website_delivery_sendcloud,02 OTHER.zip,Sendcould Locations for Website Delivery,Shipping Connectors,YES,NO,CANDIDATE-POOL,no exclusion rule matched,OBSERVED
PS04-MOD-1352,website_documents,02 OTHER.zip,Website Documents,Productivity/Documents,YES,NO,CANDIDATE-POOL,no exclusion rule matched,OBSERVED
PS04-MOD-1353,website_enterprise,02 OTHER.zip,Website Enterprise,Website/Website,YES,NO,CANDIDATE-POOL,no exclusion rule matched,OBSERVED
PS04-MOD-1354,website_event,02 OTHER.zip,Events,Marketing/Events,YES,NO,CANDIDATE-POOL,no exclusion rule matched,OBSERVED
PS04-MOD-1355,website_event_booth,02 OTHER.zip,Online Event Booths,Marketing/Events,YES,NO,CANDIDATE-POOL,no exclusion rule matched,OBSERVED
PS04-MOD-1356,website_event_booth_exhibitor,02 OTHER.zip,Booths/Exhibitors Bridge,Marketing/Events,YES,NO,CANDIDATE-POOL,no exclusion rule matched,OBSERVED
PS04-MOD-1357,website_event_booth_sale,02 OTHER.zip,Online Event Booth Sale,Marketing/Events,YES,NO,CANDIDATE-POOL,no exclusion rule matched,OBSERVED
PS04-MOD-1358,website_event_booth_sale_exhibitor,02 OTHER.zip,Booths Sale/Exhibitors Bridge,Marketing/Events,YES,NO,CANDIDATE-POOL,no exclusion rule matched,OBSERVED
PS04-MOD-1359,website_event_crm,02 OTHER.zip,Website Events CRM,Website/Website,YES,NO,CANDIDATE-POOL,no exclusion rule matched,OBSERVED
PS04-MOD-1360,website_event_exhibitor,02 OTHER.zip,Event Exhibitors,Marketing/Events,YES,NO,CANDIDATE-POOL,no exclusion rule matched,OBSERVED
PS04-MOD-1361,website_event_sale,02 OTHER.zip,Online Event Ticketing,Website/Website,YES,NO,CANDIDATE-POOL,no exclusion rule matched,OBSERVED
PS04-MOD-1362,website_event_social,02 OTHER.zip,Schedule push notifications on attendees,Marketing/Events,YES,NO,CANDIDATE-POOL,no exclusion rule matched,OBSERVED
PS04-MOD-1363,website_event_track,02 OTHER.zip,Advanced Events,Marketing,YES,NO,CANDIDATE-POOL,no exclusion rule matched,OBSERVED
PS04-MOD-1364,website_event_track_gantt,02 OTHER.zip,Enterprise Event Track,Marketing,YES,NO,CANDIDATE-POOL,no exclusion rule matched,OBSERVED
PS04-MOD-1365,website_event_track_live,02 OTHER.zip,Live Event Tracks,Marketing/Events,YES,NO,CANDIDATE-POOL,no exclusion rule matched,OBSERVED
PS04-MOD-1366,website_event_track_live_quiz,02 OTHER.zip,Quiz on Live Event Tracks,Marketing/Events,YES,NO,CANDIDATE-POOL,no exclusion rule matched,OBSERVED
PS04-MOD-1367,website_event_track_quiz,02 OTHER.zip,Quizzes on Tracks,Marketing/Events,YES,NO,CANDIDATE-POOL,no exclusion rule matched,OBSERVED
PS04-MOD-1368,website_event_track_social,02 OTHER.zip,Push notification to track listeners,Marketing/Events,YES,NO,CANDIDATE-POOL,no exclusion rule matched,OBSERVED
PS04-MOD-1369,website_forum,02 OTHER.zip,Forum,Website/Website,YES,NO,CANDIDATE-POOL,no exclusion rule matched,OBSERVED
PS04-MOD-1370,website_generator,02 OTHER.zip,Website Generator,Website/Website,YES,NO,CANDIDATE-POOL,no exclusion rule matched,OBSERVED
PS04-MOD-1371,website_generator_sale,02 OTHER.zip,Website Generator Sale,Website/Website,YES,NO,CANDIDATE-POOL,no exclusion rule matched,OBSERVED
PS04-MOD-1372,website_google_map,02 OTHER.zip,Google Maps,Website/Website,YES,NO,CANDIDATE-POOL,no exclusion rule matched,OBSERVED
PS04-MOD-1373,website_helpdesk,02 OTHER.zip,Website Helpdesk,Services/Helpdesk,YES,NO,CANDIDATE-POOL,no exclusion rule matched,OBSERVED
PS04-MOD-1374,website_helpdesk_forum,02 OTHER.zip,Helpdesk: Help Center,Services/Helpdesk,YES,NO,CANDIDATE-POOL,no exclusion rule matched,OBSERVED
PS04-MOD-1375,website_helpdesk_knowledge,02 OTHER.zip,Helpdesk Knowledge,Website/Website,YES,NO,CANDIDATE-POOL,no exclusion rule matched,OBSERVED
PS04-MOD-1376,website_helpdesk_livechat,02 OTHER.zip,Website IM Livechat Helpdesk,Services/Helpdesk,YES,NO,CANDIDATE-POOL,no exclusion rule matched,OBSERVED
PS04-MOD-1377,website_helpdesk_sale_loyalty,02 OTHER.zip,website helpdesk sale,Services/Helpdesk,YES,NO,CANDIDATE-POOL,no exclusion rule matched,OBSERVED
PS04-MOD-1378,website_helpdesk_slides,02 OTHER.zip,Website Slides Helpdesk,Services/Helpdesk,YES,NO,CANDIDATE-POOL,no exclusion rule matched,OBSERVED
PS04-MOD-1379,website_helpdesk_slides_forum,02 OTHER.zip,Website Slides Forum Helpdesk,Services/Helpdesk,YES,NO,CANDIDATE-POOL,no exclusion rule matched,OBSERVED
PS04-MOD-1380,website_hr_recruitment,02 OTHER.zip,Online Jobs,Website/Website,YES,NO,CANDIDATE-POOL,no exclusion rule matched,OBSERVED
PS04-MOD-1381,website_hr_recruitment_livechat,02 OTHER.zip,Website IM Livechat HR Recruitment,Website/Live Chat,YES,NO,CANDIDATE-POOL,no exclusion rule matched,OBSERVED
PS04-MOD-1382,website_knowledge,02 OTHER.zip,Knowledge Website,,YES,NO,CANDIDATE-POOL,no exclusion rule matched,OBSERVED
PS04-MOD-1383,website_links,02 OTHER.zip,Link Tracker,Website/Website,YES,NO,CANDIDATE-POOL,no exclusion rule matched,OBSERVED
PS04-MOD-1384,website_livechat,02 OTHER.zip,Website Live Chat,Website/Live Chat,YES,NO,CANDIDATE-POOL,no exclusion rule matched,OBSERVED
PS04-MOD-1385,website_mail,02 OTHER.zip,Website Mail,Website/Website,YES,NO,CANDIDATE-POOL,no exclusion rule matched,OBSERVED
PS04-MOD-1386,website_mail_group,02 OTHER.zip,Website Mail Group,,YES,NO,CANDIDATE-POOL,no exclusion rule matched,OBSERVED
PS04-MOD-1387,website_mass_mailing,02 OTHER.zip,Newsletter Subscribe Button,Website/Website,YES,NO,CANDIDATE-POOL,no exclusion rule matched,OBSERVED
PS04-MOD-1388,website_mass_mailing_sms,02 OTHER.zip,Newsletter Subscribe SMS Template,Website/Website,YES,NO,CANDIDATE-POOL,no exclusion rule matched,OBSERVED
PS04-MOD-1389,website_partner,02 OTHER.zip,Website Partner,Website/Website,YES,NO,CANDIDATE-POOL,no exclusion rule matched,OBSERVED
PS04-MOD-1390,website_payment,02 OTHER.zip,Website Payment,Website/Website,YES,NO,CANDIDATE-POOL,no exclusion rule matched,OBSERVED
PS04-MOD-1391,website_product_barcodelookup,02 OTHER.zip,Product Barcode Lookup for eCommerce,Sales/Sales,YES,NO,CANDIDATE-POOL,no exclusion rule matched,OBSERVED
PS04-MOD-1392,website_profile,02 OTHER.zip,Website profile,Website/Website,YES,NO,CANDIDATE-POOL,no exclusion rule matched,OBSERVED
PS04-MOD-1393,website_project,02 OTHER.zip,Online Task Submission,Website/Website,YES,NO,CANDIDATE-POOL,no exclusion rule matched,OBSERVED
PS04-MOD-1394,website_sale,02 OTHER.zip,eCommerce,Website/Website,YES,NO,CANDIDATE-POOL,no exclusion rule matched,OBSERVED
PS04-MOD-1395,website_sale_autocomplete,02 OTHER.zip,Google places autocompletion,Website/Website,YES,NO,CANDIDATE-POOL,no exclusion rule matched,OBSERVED
PS04-MOD-1396,website_sale_collect,02 OTHER.zip,Click & Collect,Website/Website,YES,NO,CANDIDATE-POOL,no exclusion rule matched,OBSERVED
PS04-MOD-1397,website_sale_collect_wishlist,02 OTHER.zip,Collect & Wishlist,Website/Website,YES,NO,CANDIDATE-POOL,no exclusion rule matched,OBSERVED
PS04-MOD-1398,website_sale_comparison,02 OTHER.zip,Product Comparison,Website/Website,YES,NO,CANDIDATE-POOL,no exclusion rule matched,OBSERVED
PS04-MOD-1399,website_sale_comparison_wishlist,02 OTHER.zip,Product Availability Notifications,Website/Website,YES,NO,CANDIDATE-POOL,no exclusion rule matched,OBSERVED
PS04-MOD-1400,website_sale_dashboard,02 OTHER.zip,Website Sales Dashboard,Website/Website,YES,NO,CANDIDATE-POOL,no exclusion rule matched,OBSERVED
PS04-MOD-1401,website_sale_external_tax,02 OTHER.zip,External calculation for Ecommerce,Accounting/Accounting,YES,NO,CANDIDATE-POOL,no exclusion rule matched,OBSERVED
PS04-MOD-1402,website_sale_fedex,02 OTHER.zip,FEDEX Locations for Website Delivery,Shipping Connectors,YES,NO,CANDIDATE-POOL,no exclusion rule matched,OBSERVED
PS04-MOD-1403,website_sale_gelato,02 OTHER.zip,eCommerce/Gelato bridge,Website/Website,YES,NO,CANDIDATE-POOL,no exclusion rule matched,OBSERVED
PS04-MOD-1404,website_sale_loyalty,02 OTHER.zip,"Coupons, Promotions, Gift Card and Loyalty for eCommerce",Website/Website,YES,NO,CANDIDATE-POOL,no exclusion rule matched,OBSERVED
PS04-MOD-1405,website_sale_mass_mailing,02 OTHER.zip,Checkout Newsletter,Website/Website,YES,NO,CANDIDATE-POOL,no exclusion rule matched,OBSERVED
PS04-MOD-1406,website_sale_mondialrelay,02 OTHER.zip,eCommerce Mondialrelay Delivery,Website/Website,YES,NO,CANDIDATE-POOL,no exclusion rule matched,OBSERVED
PS04-MOD-1407,website_sale_mrp,02 OTHER.zip,Kit Availability,Website/Website,YES,NO,CANDIDATE-POOL,no exclusion rule matched,OBSERVED
PS04-MOD-1408,website_sale_renting,02 OTHER.zip,eCommerce Rental,Website/Website,YES,NO,CANDIDATE-POOL,no exclusion rule matched,OBSERVED
PS04-MOD-1409,website_sale_renting_planning,02 OTHER.zip,eCommerce Rental with Planning,Website/Website,YES,NO,CANDIDATE-POOL,no exclusion rule matched,OBSERVED
PS04-MOD-1410,website_sale_slides,02 OTHER.zip,Sell Courses,Website/eLearning,YES,NO,CANDIDATE-POOL,no exclusion rule matched,OBSERVED
PS04-MOD-1411,website_sale_stock,02 OTHER.zip,Product Availability,Website/Website,YES,NO,CANDIDATE-POOL,no exclusion rule matched,OBSERVED
PS04-MOD-1412,website_sale_stock_renting,02 OTHER.zip,eCommerce Rental with Stock Management,Website/Website,YES,NO,CANDIDATE-POOL,no exclusion rule matched,OBSERVED
PS04-MOD-1413,website_sale_stock_wishlist,02 OTHER.zip,Product Availability Notifications,Website/Website,YES,NO,CANDIDATE-POOL,no exclusion rule matched,OBSERVED
PS04-MOD-1414,website_sale_subscription,02 OTHER.zip,eCommerce Subscription,Website/Website,YES,NO,CANDIDATE-POOL,no exclusion rule matched,OBSERVED
PS04-MOD-1415,website_sale_ups,02 OTHER.zip,UPS: Bill My Account,Shipping Connectors,YES,NO,CANDIDATE-POOL,no exclusion rule matched,OBSERVED
PS04-MOD-1416,website_sale_wishlist,02 OTHER.zip,Shopper's Wishlist,Website/Website,YES,NO,CANDIDATE-POOL,no exclusion rule matched,OBSERVED
PS04-MOD-1417,website_slides,02 OTHER.zip,eLearning,Website/eLearning,YES,NO,CANDIDATE-POOL,no exclusion rule matched,OBSERVED
PS04-MOD-1418,website_slides_forum,02 OTHER.zip,Forum on Courses,Website/eLearning,YES,NO,CANDIDATE-POOL,no exclusion rule matched,OBSERVED
PS04-MOD-1419,website_slides_survey,02 OTHER.zip,Course Certifications,Website/eLearning,YES,NO,CANDIDATE-POOL,no exclusion rule matched,OBSERVED
PS04-MOD-1420,website_sms,02 OTHER.zip,Send SMS to Visitor,Website/Website,YES,NO,CANDIDATE-POOL,no exclusion rule matched,OBSERVED
PS04-MOD-1421,website_studio,02 OTHER.zip,Website Studio,Hidden,YES,NO,CANDIDATE-POOL,no exclusion rule matched,OBSERVED
PS04-MOD-1422,website_timesheet,02 OTHER.zip,Hide Portal Timesheet Information,Website/Website,YES,NO,CANDIDATE-POOL,no exclusion rule matched,OBSERVED
PS04-MOD-1423,whatsapp,02 OTHER.zip,WhatsApp Messaging,Productivity/WhatsApp,YES,NO,CANDIDATE-POOL,no exclusion rule matched,OBSERVED
PS04-MOD-1424,whatsapp_account,02 OTHER.zip,Whatsapp Accounting,WhatsApp,YES,NO,CANDIDATE-POOL,no exclusion rule matched,OBSERVED
PS04-MOD-1425,whatsapp_account_followup,02 OTHER.zip,WhatsApp Follow-Up,Marketing/WhatsApp,YES,NO,CANDIDATE-POOL,no exclusion rule matched,OBSERVED
PS04-MOD-1426,whatsapp_calendar,02 OTHER.zip,WhatsApp-Calendar,WhatsApp,YES,NO,CANDIDATE-POOL,no exclusion rule matched,OBSERVED
PS04-MOD-1427,whatsapp_delivery,02 OTHER.zip,WhatsApp-Delivery,WhatsApp,YES,NO,CANDIDATE-POOL,no exclusion rule matched,OBSERVED
PS04-MOD-1428,whatsapp_event,02 OTHER.zip,WhatsApp-Website-Events,Marketing/Events,YES,NO,CANDIDATE-POOL,no exclusion rule matched,OBSERVED
PS04-MOD-1429,whatsapp_hr_referral,02 OTHER.zip,WhatsApp - Employee Referral,Human Resources/Referrals,YES,NO,CANDIDATE-POOL,no exclusion rule matched,OBSERVED
PS04-MOD-1430,whatsapp_payment,02 OTHER.zip,Whatsapp-Payment,WhatsApp,YES,NO,CANDIDATE-POOL,no exclusion rule matched,OBSERVED
PS04-MOD-1431,whatsapp_pos,02 OTHER.zip,WhatsApp-POS,WhatsApp,YES,NO,CANDIDATE-POOL,no exclusion rule matched,OBSERVED
PS04-MOD-1432,whatsapp_sale,02 OTHER.zip,WhatsApp-Sale,WhatsApp,YES,NO,CANDIDATE-POOL,no exclusion rule matched,OBSERVED
PS04-MOD-1433,whatsapp_sign,02 OTHER.zip,WhatsApp-Sign,WhatsApp,YES,NO,CANDIDATE-POOL,no exclusion rule matched,OBSERVED
PS04-MOD-1434,whatsapp_stock,02 OTHER.zip,Stock - WhatsApp,WhatsApp,YES,NO,CANDIDATE-POOL,no exclusion rule matched,OBSERVED
PS04-MOD-1435,whatsapp_website_sale,02 OTHER.zip,WhatsApp-eCommerce,WhatsApp,YES,NO,CANDIDATE-POOL,no exclusion rule matched,OBSERVED
PS04-MOD-1436,worksheet,02 OTHER.zip,Worksheet,Hidden,YES,NO,CANDIDATE-POOL,no exclusion rule matched,OBSERVED
PS04-EXT-0001,app_icon_hide,addons_extra.zip,SMEsPlus Hide Mobile Icon,Tools,NO,YES,COMPANY-EXTRA-CANDIDATE,COMPANY-OWNED SOURCE EVIDENCE per Boss decision 2026-07-15; PARKED pending Controlled Delta Intake; see 03A,PARKED-PENDING-EVIDENCE
PS04-EXT-0002,auto_database_backup,addons_extra.zip,"Automatic Database Backup To Local Server, Remote Server,Google Drive, Dropbox, Onedrive, Nextcloud and Amazon S3 Odoo18",Extra Tools,NO,YES,COMPANY-EXTRA-CANDIDATE,COMPANY-OWNED SOURCE EVIDENCE per Boss decision 2026-07-15; PARKED pending Controlled Delta Intake; see 03A,PARKED-PENDING-EVIDENCE
PS04-EXT-0003,base_location,addons_extra.zip,Location management (aka Better ZIP),,NO,YES,COMPANY-EXTRA-CANDIDATE,COMPANY-OWNED SOURCE EVIDENCE per Boss decision 2026-07-15; PARKED pending Controlled Delta Intake; see 03A,PARKED-PENDING-EVIDENCE
PS04-EXT-0004,base_location_geonames_import,addons_extra.zip,Base Location Geonames Import,Partner Management,NO,YES,COMPANY-EXTRA-CANDIDATE,COMPANY-OWNED SOURCE EVIDENCE per Boss decision 2026-07-15; PARKED pending Controlled Delta Intake; see 03A,PARKED-PENDING-EVIDENCE
PS04-EXT-0005,bi_print_journal_entries,addons_extra.zip,Print Journal Entries Report,Account,NO,YES,COMPANY-EXTRA-CANDIDATE,COMPANY-OWNED SOURCE EVIDENCE per Boss decision 2026-07-15; PARKED pending Controlled Delta Intake; see 03A,PARKED-PENDING-EVIDENCE
PS04-EXT-0006,bm_thai_rd_vat_company_search,addons_extra.zip,Thailand RD VAT Company,Accounting/Localization/Master Data,NO,YES,THAILAND-RELEVANT-COMPANY-EXTRA,COMPANY-OWNED SOURCE EVIDENCE per Boss decision 2026-07-15; PARKED pending Controlled Delta Intake; see 03A,PARKED-PENDING-EVIDENCE
PS04-EXT-0007,contact_reference_sequence,addons_extra.zip,19_contact_referece_sequence,,NO,YES,COMPANY-EXTRA-CANDIDATE,COMPANY-OWNED SOURCE EVIDENCE per Boss decision 2026-07-15; PARKED pending Controlled Delta Intake; see 03A,PARKED-PENDING-EVIDENCE
PS04-EXT-0008,convert_amount_text_to_thai,addons_extra.zip,Thai Localization - Convert Amount Text to Thai,Localization,NO,YES,THAILAND-RELEVANT-COMPANY-EXTRA,COMPANY-OWNED SOURCE EVIDENCE per Boss decision 2026-07-15; PARKED pending Controlled Delta Intake; see 03A,PARKED-PENDING-EVIDENCE
PS04-EXT-0009,courier_type,addons_extra.zip,Courier Type,Technical,NO,YES,COMPANY-EXTRA-CANDIDATE,COMPANY-OWNED SOURCE EVIDENCE per Boss decision 2026-07-15; PARKED pending Controlled Delta Intake; see 03A,PARKED-PENDING-EVIDENCE
PS04-EXT-0010,cr_effective_date_entries,addons_extra.zip,Effective Date Entries,Extra Tools,NO,YES,COMPANY-EXTRA-CANDIDATE,COMPANY-OWNED SOURCE EVIDENCE per Boss decision 2026-07-15; PARKED pending Controlled Delta Intake; see 03A,PARKED-PENDING-EVIDENCE
PS04-EXT-0011,date_range,addons_extra.zip,Date Range,Uncategorized,NO,YES,COMPANY-EXTRA-CANDIDATE,COMPANY-OWNED SOURCE EVIDENCE per Boss decision 2026-07-15; PARKED pending Controlled Delta Intake; see 03A,PARKED-PENDING-EVIDENCE
PS04-EXT-0012,deepseek_r1,addons_extra.zip,DeepSeek R1,,NO,YES,COMPANY-EXTRA-CANDIDATE,COMPANY-OWNED SOURCE EVIDENCE per Boss decision 2026-07-15; PARKED pending Controlled Delta Intake; see 03A,PARKED-PENDING-EVIDENCE
PS04-EXT-0013,dev_print_cheque,addons_extra.zip,Dynamic Print Cheque - Check writing,Account,NO,YES,COMPANY-EXTRA-CANDIDATE,COMPANY-OWNED SOURCE EVIDENCE per Boss decision 2026-07-15; PARKED pending Controlled Delta Intake; see 03A,PARKED-PENDING-EVIDENCE
PS04-EXT-0014,equipment_sequence,addons_extra.zip,Equipment Sequence,SMEsPlus,NO,YES,COMPANY-EXTRA-CANDIDATE,COMPANY-OWNED SOURCE EVIDENCE per Boss decision 2026-07-15; PARKED pending Controlled Delta Intake; see 03A,PARKED-PENDING-EVIDENCE
PS04-EXT-0015,full_summarize_bills,addons_extra.zip,full_summarize_bills,Report Designer occ,NO,YES,COMPANY-EXTRA-CANDIDATE,COMPANY-OWNED SOURCE EVIDENCE per Boss decision 2026-07-15; PARKED pending Controlled Delta Intake; see 03A,PARKED-PENDING-EVIDENCE
PS04-EXT-0016,hide_smesplus_menu,addons_extra.zip,Hide SMEsPlus Menu Account,Custom,NO,YES,COMPANY-SMESPLUS-CUSTOM,COMPANY-OWNED SOURCE EVIDENCE per Boss decision 2026-07-15; PARKED pending Controlled Delta Intake; see 03A,PARKED-PENDING-EVIDENCE
PS04-EXT-0017,import_bridge_axis,addons_extra.zip,"Import Sales Orders, Purchase Orders, POS Orders, Chart Account data, Invoice, Stock Inventory, Products, Product attributes, Bill of material(BOM), Payments, Bank Statement, All Entry, Order Picking, Customers, Stocks, Account charts, Sales Pricelist, Supplier,Journal, journal entry using EXCEL or CSV",Import Record,NO,YES,COMPANY-EXTRA-CANDIDATE,COMPANY-OWNED SOURCE EVIDENCE per Boss decision 2026-07-15; PARKED pending Controlled Delta Intake; see 03A,PARKED-PENDING-EVIDENCE
PS04-EXT-0018,invoice_promptpay,addons_extra.zip,PromptPay Invoice Report,Accounting / Payment,NO,YES,THAILAND-RELEVANT-COMPANY-EXTRA,COMPANY-OWNED SOURCE EVIDENCE per Boss decision 2026-07-15; PARKED pending Controlled Delta Intake; see 03A,PARKED-PENDING-EVIDENCE
PS04-EXT-0019,l10n_th_amount_to_text,addons_extra.zip,Thai Localization - Convert Amount Text to Thai,Localization,NO,YES,THAILAND-PRIORITY-PENDING,COMPANY-OWNED SOURCE EVIDENCE per Boss decision 2026-07-15; PARKED pending Controlled Delta Intake; see 03A,PARKED-PENDING-EVIDENCE
PS04-EXT-0020,l10n_th_base_location,addons_extra.zip,Thai Localization - Base Location,Localisation/Asia,NO,YES,THAILAND-PRIORITY-PENDING,COMPANY-OWNED SOURCE EVIDENCE per Boss decision 2026-07-15; PARKED pending Controlled Delta Intake; see 03A,PARKED-PENDING-EVIDENCE
PS04-EXT-0021,l10n_th_partner,addons_extra.zip,Thai Localization - Partner,Localisation/Asia,NO,YES,THAILAND-PRIORITY-PENDING,COMPANY-OWNED SOURCE EVIDENCE per Boss decision 2026-07-15; PARKED pending Controlled Delta Intake; see 03A,PARKED-PENDING-EVIDENCE
PS04-EXT-0022,l10n_th_reports_ext,addons_extra.zip,Thailand - Localization Accounting Reports,Accounting,NO,YES,THAILAND-PRIORITY-PENDING,COMPANY-OWNED SOURCE EVIDENCE per Boss decision 2026-07-15; PARKED pending Controlled Delta Intake; see 03A,PARKED-PENDING-EVIDENCE
PS04-EXT-0023,l10n_th_withholding_tax,addons_extra.zip,Thai Localization - Withholding Tax,Localization / Accounting,NO,YES,THAILAND-PRIORITY-PENDING,COMPANY-OWNED SOURCE EVIDENCE per Boss decision 2026-07-15; PARKED pending Controlled Delta Intake; see 03A,PARKED-PENDING-EVIDENCE
PS04-EXT-0024,l10n_th_withholding_tax_cert,addons_extra.zip,Thai Localization - Withholding Tax Certificate,Localization / Accounting,NO,YES,THAILAND-PRIORITY-PENDING,COMPANY-OWNED SOURCE EVIDENCE per Boss decision 2026-07-15; PARKED pending Controlled Delta Intake; see 03A,PARKED-PENDING-EVIDENCE
PS04-EXT-0025,l10n_th_withholding_tax_cert_form,addons_extra.zip,Thai Localization - Withholding Tax Certificate Form,Report,NO,YES,THAILAND-PRIORITY-PENDING,COMPANY-OWNED SOURCE EVIDENCE per Boss decision 2026-07-15; PARKED pending Controlled Delta Intake; see 03A,PARKED-PENDING-EVIDENCE
PS04-EXT-0026,l10n_th_withholding_tax_multi,addons_extra.zip,Thai Localization - Withholding Tax (multi taxes),Localization / Accounting,NO,YES,THAILAND-PRIORITY-PENDING,COMPANY-OWNED SOURCE EVIDENCE per Boss decision 2026-07-15; PARKED pending Controlled Delta Intake; see 03A,PARKED-PENDING-EVIDENCE
PS04-EXT-0027,l10n_th_withholding_tax_report,addons_extra.zip,Thailand Localization - Withholding Tax Report,Accounting,NO,YES,THAILAND-PRIORITY-PENDING,COMPANY-OWNED SOURCE EVIDENCE per Boss decision 2026-07-15; PARKED pending Controlled Delta Intake; see 03A,PARKED-PENDING-EVIDENCE
PS04-EXT-0028,monday_smesplus_connector,addons_extra.zip,Monday.com SMEsPlus Connector,Productivity,NO,YES,COMPANY-SMESPLUS-CUSTOM,COMPANY-OWNED SOURCE EVIDENCE per Boss decision 2026-07-15; PARKED pending Controlled Delta Intake; see 03A,PARKED-PENDING-EVIDENCE
PS04-EXT-0029,multi_level_approval,addons_extra.zip,SMEsPlus Approval,Approvals,NO,YES,COMPANY-EXTRA-CANDIDATE,COMPANY-OWNED SOURCE EVIDENCE per Boss decision 2026-07-15; PARKED pending Controlled Delta Intake; see 03A,PARKED-PENDING-EVIDENCE
PS04-EXT-0030,multi_level_approval_configuration,addons_extra.zip,SMEsPlus Approval All in One,Approvals,NO,YES,COMPANY-EXTRA-CANDIDATE,COMPANY-OWNED SOURCE EVIDENCE per Boss decision 2026-07-15; PARKED pending Controlled Delta Intake; see 03A,PARKED-PENDING-EVIDENCE
PS04-EXT-0031,multi_level_approval_hr,addons_extra.zip,SMEsPlus Approval: HR Extension,Approvals,NO,YES,COMPANY-EXTRA-CANDIDATE,COMPANY-OWNED SOURCE EVIDENCE per Boss decision 2026-07-15; PARKED pending Controlled Delta Intake; see 03A,PARKED-PENDING-EVIDENCE
PS04-EXT-0032,nthub_binary_field_preview,addons_extra.zip,Attachment Preview,Tools,NO,YES,COMPANY-EXTRA-CANDIDATE,COMPANY-OWNED SOURCE EVIDENCE per Boss decision 2026-07-15; PARKED pending Controlled Delta Intake; see 03A,PARKED-PENDING-EVIDENCE
PS04-EXT-0033,oi_action_file,addons_extra.zip,Client Action File Download,Hidden/Extra Tools,NO,YES,COMPANY-EXTRA-CANDIDATE,COMPANY-OWNED SOURCE EVIDENCE per Boss decision 2026-07-15; PARKED pending Controlled Delta Intake; see 03A,PARKED-PENDING-EVIDENCE
PS04-EXT-0034,oi_jasper_report,addons_extra.zip,Jasper Report Integration,Extra Tools,NO,YES,COMPANY-EXTRA-CANDIDATE,COMPANY-OWNED SOURCE EVIDENCE per Boss decision 2026-07-15; PARKED pending Controlled Delta Intake; see 03A,PARKED-PENDING-EVIDENCE
PS04-EXT-0035,oi_pdf_viewer,addons_extra.zip,PDF Viewer,Extra Tools,NO,YES,COMPANY-EXTRA-CANDIDATE,COMPANY-OWNED SOURCE EVIDENCE per Boss decision 2026-07-15; PARKED pending Controlled Delta Intake; see 03A,PARKED-PENDING-EVIDENCE
PS04-EXT-0036,om_data_remove,addons_extra.zip,SMEsPlus Remove Data,Tools,NO,YES,COMPANY-EXTRA-CANDIDATE,COMPANY-OWNED SOURCE EVIDENCE per Boss decision 2026-07-15; PARKED pending Controlled Delta Intake; see 03A,PARKED-PENDING-EVIDENCE
PS04-EXT-0037,order_line_sequence,addons_extra.zip,Order Lines Sequence,Sales,NO,YES,COMPANY-EXTRA-CANDIDATE,COMPANY-OWNED SOURCE EVIDENCE per Boss decision 2026-07-15; PARKED pending Controlled Delta Intake; see 03A,PARKED-PENDING-EVIDENCE
PS04-EXT-0038,partner_company_type,addons_extra.zip,Partner Company Type,,NO,YES,COMPANY-EXTRA-CANDIDATE,COMPANY-OWNED SOURCE EVIDENCE per Boss decision 2026-07-15; PARKED pending Controlled Delta Intake; see 03A,PARKED-PENDING-EVIDENCE
PS04-EXT-0039,partner_firstname,addons_extra.zip,Partner first name and last name,Extra Tools,NO,YES,COMPANY-EXTRA-CANDIDATE,COMPANY-OWNED SOURCE EVIDENCE per Boss decision 2026-07-15; PARKED pending Controlled Delta Intake; see 03A,PARKED-PENDING-EVIDENCE
PS04-EXT-0040,payment_2c2p,addons_extra.zip,2c2p Payment Acquirer,Website,NO,YES,THAILAND-RELEVANT-COMPANY-EXTRA,COMPANY-OWNED SOURCE EVIDENCE per Boss decision 2026-07-15; PARKED pending Controlled Delta Intake; see 03A,PARKED-PENDING-EVIDENCE
PS04-EXT-0041,print_payment_remittance_adviec,addons_extra.zip,Print payment remittance adviec,Report Designer,NO,YES,COMPANY-EXTRA-CANDIDATE,COMPANY-OWNED SOURCE EVIDENCE per Boss decision 2026-07-15; PARKED pending Controlled Delta Intake; see 03A,PARKED-PENDING-EVIDENCE
PS04-EXT-0042,print_voucher_request,addons_extra.zip,Voucher Request,Report Designer,NO,YES,COMPANY-EXTRA-CANDIDATE,COMPANY-OWNED SOURCE EVIDENCE per Boss decision 2026-07-15; PARKED pending Controlled Delta Intake; see 03A,PARKED-PENDING-EVIDENCE
PS04-EXT-0043,product_brand_sale,addons_extra.zip,Product Brand in Sale,Sales,NO,YES,COMPANY-EXTRA-CANDIDATE,COMPANY-OWNED SOURCE EVIDENCE per Boss decision 2026-07-15; PARKED pending Controlled Delta Intake; see 03A,PARKED-PENDING-EVIDENCE
PS04-EXT-0044,product_category_filter,addons_extra.zip,Product Category Filter,Product,NO,YES,COMPANY-EXTRA-CANDIDATE,COMPANY-OWNED SOURCE EVIDENCE per Boss decision 2026-07-15; PARKED pending Controlled Delta Intake; see 03A,PARKED-PENDING-EVIDENCE
PS04-EXT-0045,product_sequence,addons_extra.zip,Product Sequence,SMEsPlus,NO,YES,COMPANY-EXTRA-CANDIDATE,COMPANY-OWNED SOURCE EVIDENCE per Boss decision 2026-07-15; PARKED pending Controlled Delta Intake; see 03A,PARKED-PENDING-EVIDENCE
PS04-EXT-0046,product_stock_equipment,addons_extra.zip,Equipment Product Stock,Stock,NO,YES,COMPANY-EXTRA-CANDIDATE,COMPANY-OWNED SOURCE EVIDENCE per Boss decision 2026-07-15; PARKED pending Controlled Delta Intake; see 03A,PARKED-PENDING-EVIDENCE
PS04-EXT-0047,product_variant_reference,addons_extra.zip,19_product(variant)_referece,,NO,YES,COMPANY-EXTRA-CANDIDATE,COMPANY-OWNED SOURCE EVIDENCE per Boss decision 2026-07-15; PARKED pending Controlled Delta Intake; see 03A,PARKED-PENDING-EVIDENCE
PS04-EXT-0048,purchase_discount_catalog,addons_extra.zip,Purchase Order - Discount Wizard Catalog,Purchase,NO,YES,COMPANY-EXTRA-CANDIDATE,COMPANY-OWNED SOURCE EVIDENCE per Boss decision 2026-07-15; PARKED pending Controlled Delta Intake; see 03A,PARKED-PENDING-EVIDENCE
PS04-EXT-0049,purchase_order_lines_discount,addons_extra.zip,Purchase Discount|Purchase Fixed Discount|Purchase Percentage Discount,Purchase Management,NO,YES,COMPANY-EXTRA-CANDIDATE,COMPANY-OWNED SOURCE EVIDENCE per Boss decision 2026-07-15; PARKED pending Controlled Delta Intake; see 03A,PARKED-PENDING-EVIDENCE
PS04-EXT-0050,purchase_request,addons_extra.zip,Purchase Request,Purchase Management,NO,YES,COMPANY-EXTRA-CANDIDATE,COMPANY-OWNED SOURCE EVIDENCE per Boss decision 2026-07-15; PARKED pending Controlled Delta Intake; see 03A,PARKED-PENDING-EVIDENCE
PS04-EXT-0051,report_xlsx,addons_extra.zip,Base report xlsx,Reporting,NO,YES,COMPANY-EXTRA-CANDIDATE,COMPANY-OWNED SOURCE EVIDENCE per Boss decision 2026-07-15; PARKED pending Controlled Delta Intake; see 03A,PARKED-PENDING-EVIDENCE
PS04-EXT-0052,report_xlsx_helper,addons_extra.zip,Report xlsx helpers,Reporting,NO,YES,COMPANY-EXTRA-CANDIDATE,COMPANY-OWNED SOURCE EVIDENCE per Boss decision 2026-07-15; PARKED pending Controlled Delta Intake; see 03A,PARKED-PENDING-EVIDENCE
PS04-EXT-0053,sale_gross_profit_record,addons_extra.zip,Sale Gross Profit Records ( Not depend sale_fixed_discount ),Sale,NO,YES,COMPANY-EXTRA-CANDIDATE,COMPANY-OWNED SOURCE EVIDENCE per Boss decision 2026-07-15; PARKED pending Controlled Delta Intake; see 03A,PARKED-PENDING-EVIDENCE
PS04-EXT-0054,sale_order_line_price_history,addons_extra.zip,Sale Order Line Price History,Sales Management,NO,YES,COMPANY-EXTRA-CANDIDATE,COMPANY-OWNED SOURCE EVIDENCE per Boss decision 2026-07-15; PARKED pending Controlled Delta Intake; see 03A,PARKED-PENDING-EVIDENCE
PS04-EXT-0055,sale_productinfo_ext,addons_extra.zip,Sale Product Information Customization Module,Sales,NO,YES,COMPANY-EXTRA-CANDIDATE,COMPANY-OWNED SOURCE EVIDENCE per Boss decision 2026-07-15; PARKED pending Controlled Delta Intake; see 03A,PARKED-PENDING-EVIDENCE
PS04-EXT-0056,smesplus_account_reports,addons_extra.zip,SMEsPlus Account Reports,Accounting,NO,YES,COMPANY-SMESPLUS-CUSTOM,COMPANY-OWNED SOURCE EVIDENCE per Boss decision 2026-07-15; PARKED pending Controlled Delta Intake; see 03A,PARKED-PENDING-EVIDENCE
PS04-EXT-0057,smesplus_advance_expense_request,addons_extra.zip,Employee Advance Expense Request,Human Resources,NO,YES,COMPANY-SMESPLUS-CUSTOM,COMPANY-OWNED SOURCE EVIDENCE per Boss decision 2026-07-15; PARKED pending Controlled Delta Intake; see 03A,PARKED-PENDING-EVIDENCE
PS04-EXT-0058,smesplus_custom_title_and_favicon,addons_extra.zip,Custom Title and Favicon,,NO,YES,COMPANY-SMESPLUS-CUSTOM,COMPANY-OWNED SOURCE EVIDENCE per Boss decision 2026-07-15; PARKED pending Controlled Delta Intake; see 03A,PARKED-PENDING-EVIDENCE
PS04-EXT-0059,smesplus_inventory_lot_filter,addons_extra.zip,SMEsPlus Stock Lot/Serial Filter,Supply Chain/Inventory,NO,YES,COMPANY-SMESPLUS-CUSTOM,COMPANY-OWNED SOURCE EVIDENCE per Boss decision 2026-07-15; PARKED pending Controlled Delta Intake; see 03A,PARKED-PENDING-EVIDENCE
PS04-EXT-0060,smesplus_product_image,addons_extra.zip,SMEsPlus Product Image in Lines,Sales,NO,YES,COMPANY-SMESPLUS-CUSTOM,COMPANY-OWNED SOURCE EVIDENCE per Boss decision 2026-07-15; PARKED pending Controlled Delta Intake; see 03A,PARKED-PENDING-EVIDENCE
PS04-EXT-0061,smesplus_purchase_advance_payment,addons_extra.zip,Purchase Advance Payment,Accounting,NO,YES,COMPANY-SMESPLUS-CUSTOM,COMPANY-OWNED SOURCE EVIDENCE per Boss decision 2026-07-15; PARKED pending Controlled Delta Intake; see 03A,PARKED-PENDING-EVIDENCE
PS04-EXT-0062,smesplus_so_section_bydivision,addons_extra.zip,smesplus_so_section_bydivision,Sales,NO,YES,COMPANY-SMESPLUS-CUSTOM,COMPANY-OWNED SOURCE EVIDENCE per Boss decision 2026-07-15; PARKED pending Controlled Delta Intake; see 03A,PARKED-PENDING-EVIDENCE
PS04-EXT-0063,smesplus_sol_global_discount,addons_extra.zip,smesplus_sol_global_discount,Sale,NO,YES,COMPANY-SMESPLUS-CUSTOM,COMPANY-OWNED SOURCE EVIDENCE per Boss decision 2026-07-15; PARKED pending Controlled Delta Intake; see 03A,PARKED-PENDING-EVIDENCE
PS04-EXT-0064,smesplus_special_access_rights,addons_extra.zip,smesplus_special_access_rights,Uncategorized,NO,YES,COMPANY-SMESPLUS-CUSTOM,COMPANY-OWNED SOURCE EVIDENCE per Boss decision 2026-07-15; PARKED pending Controlled Delta Intake; see 03A,PARKED-PENDING-EVIDENCE
PS04-EXT-0065,smesplus_tax_period_date,addons_extra.zip,Tax Period Date,Accounting,NO,YES,COMPANY-SMESPLUS-CUSTOM,COMPANY-OWNED SOURCE EVIDENCE per Boss decision 2026-07-15; PARKED pending Controlled Delta Intake; see 03A,PARKED-PENDING-EVIDENCE
PS04-EXT-0066,smesplus_uom_ext,addons_extra.zip,Units of measure,Sales/Sales,NO,YES,COMPANY-SMESPLUS-CUSTOM,COMPANY-OWNED SOURCE EVIDENCE per Boss decision 2026-07-15; PARKED pending Controlled Delta Intake; see 03A,PARKED-PENDING-EVIDENCE
PS04-EXT-0067,tracking_history,addons_extra.zip,User Tracking Records ( Customization ),Mail Activity,NO,YES,COMPANY-EXTRA-CANDIDATE,COMPANY-OWNED SOURCE EVIDENCE per Boss decision 2026-07-15; PARKED pending Controlled Delta Intake; see 03A,PARKED-PENDING-EVIDENCE
PS04-EXT-0068,web_window_title,addons_extra.zip,Web Window Title,Extra Tools,NO,YES,COMPANY-EXTRA-CANDIDATE,COMPANY-OWNED SOURCE EVIDENCE per Boss decision 2026-07-15; PARKED pending Controlled Delta Intake; see 03A,PARKED-PENDING-EVIDENCE
PS04-EXT-0069,wk_redis_session,addons_extra.zip,Redis Session Store,Extra Tools,NO,YES,COMPANY-EXTRA-CANDIDATE,COMPANY-OWNED SOURCE EVIDENCE per Boss decision 2026-07-15; PARKED pending Controlled Delta Intake; see 03A,PARKED-PENDING-EVIDENCE
