id,sequence,parent_id,create_uid,write_uid,parent_path,web_icon,action,name,active,create_date,write_date
509,99,483,1,42,482/483/509/,\N,"ir.actions.act_window,808","{""en_US"": ""Preparation Printers"", ""th_TH"": ""การเตรียมเครื่องพิมพ์""}",f,2026-03-30 06:57:43.846231,2026-06-29 08:32:52.924585
583,30,99,1,1,1/8/99/583/,\N,"ir.actions.act_window,951","{""en_US"": ""Ratings"", ""th_TH"": ""การให้คะแนน""}",t,2026-06-23 09:40:12.420858,2026-06-23 09:40:12.420858
392,55,149,1,1,323/149/392/,\N,\N,"{""en_US"": ""Purchases""}",t,2026-03-18 05:32:15.551708,2026-03-29 06:24:52.472386
393,10,392,1,1,323/149/392/393/,\N,"ir.actions.act_window,645","{""en_US"": ""Bill To Receive""}",t,2026-03-18 05:32:15.551708,2026-03-29 06:24:52.472386
597,10,590,1,1,551/584/590/597/,\N,"ir.actions.act_window,966","{""en_US"": ""Product Ribbons""}",t,2026-06-23 09:40:20.979711,2026-06-23 09:40:20.979711
605,150,598,1,1,551/569/598/605/,\N,"ir.actions.act_window,962","{""en_US"": ""Product Feeds""}",t,2026-06-23 09:40:20.979711,2026-06-23 09:40:20.979711
588,3,585,1,1,551/584/585/588/,\N,"ir.actions.act_window,972","{""en_US"": ""Abandoned Carts"", ""th_TH"": ""รถเข็นที่ถูกละทิ้ง""}",t,2026-06-23 09:40:20.979711,2026-06-23 09:40:20.979711
594,5,590,1,1,551/584/590/594/,\N,"ir.actions.act_window,182","{""en_US"": ""Attributes"", ""th_TH"": ""คุณลักษณะ""}",t,2026-06-23 09:40:20.979711,2026-06-23 09:40:20.979711
595,6,590,1,1,551/584/590/595/,\N,"ir.actions.act_window,184","{""en_US"": ""Combo Choices"", ""th_TH"": ""ทางเลือกคอมโบ""}",t,2026-06-23 09:40:20.979711,2026-06-23 09:40:20.979711
589,4,585,1,1,551/584/585/589/,\N,"ir.actions.act_window,56","{""en_US"": ""Customers"", ""th_TH"": ""ลูกค้า""}",t,2026-06-23 09:40:20.979711,2026-06-23 09:40:20.979711
585,2,584,1,1,551/584/585/,\N,\N,"{""en_US"": ""Orders"", ""th_TH"": ""คำสั่ง""}",t,2026-06-23 09:40:20.979711,2026-06-23 09:40:20.979711
1,550,\N,1,1,1/,"base,static/description/settings.png",\N,"{""en_US"": ""Settings"", ""th_TH"": ""การตั้งค่า""}",t,2026-03-18 04:58:50.421471,2026-03-18 04:58:50.421471
603,90,598,1,1,551/569/598/603/,\N,"ir.actions.act_window,757","{""en_US"": ""Delivery Methods"", ""th_TH"": ""วิธีจัดส่ง""}",t,2026-06-23 09:40:20.979711,2026-06-23 09:40:20.979711
606,30,561,1,1,551/561/606/,\N,"ir.actions.act_window,960","{""en_US"": ""Online Sales"", ""th_TH"": ""การขายออนไลน์""}",t,2026-06-23 09:40:20.979711,2026-06-23 09:40:20.979711
586,1,585,1,1,551/584/585/586/,\N,"ir.actions.act_window,968","{""en_US"": ""Orders"", ""th_TH"": ""คำสั่ง""}",t,2026-06-23 09:40:20.979711,2026-06-23 09:40:20.979711
600,20,598,1,1,551/569/598/600/,\N,"ir.actions.act_window,227","{""en_US"": ""Payment Methods"", ""th_TH"": ""วิธีการชำระเงิน""}",t,2026-06-23 09:40:20.979711,2026-06-23 09:40:20.979711
599,10,598,1,1,551/569/598/599/,\N,"ir.actions.act_window,226","{""en_US"": ""Payment Providers"", ""th_TH"": ""ผู้ให้บริการชำระเงิน""}",t,2026-06-23 09:40:20.979711,2026-06-23 09:40:20.979711
601,30,598,1,1,551/569/598/601/,\N,"ir.actions.act_window,230","{""en_US"": ""Payment Tokens"", ""th_TH"": ""โทเค็นการชำระเงิน""}",t,2026-06-23 09:40:20.979711,2026-06-23 09:40:20.979711
602,40,598,1,1,551/569/598/602/,\N,"ir.actions.act_window,228","{""en_US"": ""Payment Transactions"", ""th_TH"": ""ธุรกรรมการชำระเงิน""}",t,2026-06-23 09:40:20.979711,2026-06-23 09:40:20.979711
592,3,590,1,1,551/584/590/592/,\N,"ir.actions.act_window,185","{""en_US"": ""Pricelists"", ""th_TH"": ""รายการราคา""}",t,2026-06-23 09:40:20.979711,2026-06-23 09:40:20.979711
596,10,590,1,1,551/584/590/596/,\N,"ir.actions.act_window,175","{""en_US"": ""Product Tags"", ""th_TH"": ""แท็กสินค้า""}",t,2026-06-23 09:40:20.979711,2026-06-23 09:40:20.979711
590,3,584,1,1,551/584/590/,\N,\N,"{""en_US"": ""Products"", ""th_TH"": ""สินค้า""}",t,2026-06-23 09:40:20.979711,2026-06-23 09:40:20.979711
591,1,590,1,1,551/584/590/591/,\N,"ir.actions.act_window,967","{""en_US"": ""Products"", ""th_TH"": ""สินค้า""}",t,2026-06-23 09:40:20.979711,2026-06-23 09:40:20.979711
607,30,555,1,1,551/552/555/607/,\N,"ir.actions.act_window,974","{""en_US"": ""Products"", ""th_TH"": ""สินค้า""}",t,2026-06-23 09:40:20.979711,2026-06-23 09:40:20.979711
587,2,585,1,1,551/584/585/587/,\N,"ir.actions.act_window,971","{""en_US"": ""Unpaid Orders"", ""th_TH"": ""คำสั่งซื้อที่ยังไม่ได้ชำระเงิน""}",t,2026-06-23 09:40:20.979711,2026-06-23 09:40:20.979711
604,100,598,1,1,551/569/598/604/,\N,"ir.actions.act_window,758","{""en_US"": ""Zip Prefix"", ""th_TH"": ""คำนำหน้า Zip""}",t,2026-06-23 09:40:20.979711,2026-06-23 09:40:20.979711
584,20,551,1,1,551/584/,\N,\N,"{""en_US"": ""eCommerce"", ""th_TH"": ""อีคอมเมิร์ซ""}",t,2026-06-23 09:40:20.979711,2026-06-23 09:40:20.979711
598,50,569,1,1,551/569/598/,\N,\N,"{""en_US"": ""eCommerce"", ""th_TH"": ""อีคอมเมิร์ซ""}",t,2026-06-23 09:40:20.979711,2026-06-23 09:40:20.979711
593,4,590,1,1,551/584/590/593/,\N,"ir.actions.act_window,965","{""en_US"": ""eCommerce Categories"", ""th_TH"": ""หมวดหมู่อีคอมเมิร์ซ""}",t,2026-06-23 09:40:20.979711,2026-06-23 09:40:20.979711
608,10,246,1,1,228/246/608/,\N,\N,"{""en_US"": ""Import Product Images""}",t,2026-06-23 09:40:28.514245,2026-06-24 03:50:57.072042
609,1,608,1,1,228/246/608/609/,\N,"ir.actions.act_window,976","{""en_US"": ""Import Product Images""}",t,2026-06-23 09:40:28.514245,2026-06-24 03:50:57.072042
610,2,608,1,1,228/246/608/610/,\N,"ir.actions.act_window,977","{""en_US"": ""Product Images""}",t,2026-06-23 09:40:28.514245,2026-06-24 03:50:57.072042
611,11,590,1,1,551/584/590/611/,\N,"ir.actions.act_window,978","{""en_US"": ""Attribute Categories"", ""th_TH"": ""หมวดหมู่คุณลักษณะ""}",t,2026-06-23 09:40:30.078272,2026-06-23 09:40:30.078272
60,5,3,1,1,1/3/60/,\N,"ir.actions.act_window,67","{""en_US"": ""Privileges""}",t,2026-03-18 04:58:50.421471,2026-03-18 04:58:50.421471
478,43,246,1,1,228/246/478/,\N,\N,"{""en_US"": ""Shopee""}",t,2026-03-18 12:25:37.400056,2026-03-29 06:24:06.099966
474,1,160,1,1,323/160/474/,\N,"ir.actions.act_window,755","{""en_US"": ""Cheque Format""}",t,2026-03-18 05:54:54.72341,2026-03-29 06:23:16.4795
394,10,392,1,1,323/149/392/394/,\N,"ir.actions.act_window,646","{""en_US"": ""Billed Not Received""}",t,2026-03-18 05:32:15.551708,2026-03-29 06:24:52.472386
266,40,155,1,1,323/153/155/266/,\N,"ir.actions.client,416","{""en_US"": ""Fiscal Report""}",t,2026-03-18 05:04:37.425322,2026-03-29 06:24:53.577555
480,20,478,1,1,228/246/478/480/,\N,"ir.actions.act_window,767","{""en_US"": ""Shopee Items""}",t,2026-03-18 12:25:37.400056,2026-03-29 06:24:06.099966
352,230,344,1,1,331/344/352/,\N,"ir.actions.act_window,560","{""en_US"": ""Moves Analysis""}",t,2026-03-18 05:30:58.653183,2026-03-29 06:23:03.015949
324,10,144,1,1,323/144/324/,\N,\N,"{""en_US"": ""Assets & Liabilities""}",t,2026-03-18 05:29:57.475534,2026-03-29 06:24:54.73921
223,50,149,1,1,323/149/223/,\N,\N,"{""en_US"": ""Regularization Entries""}",t,2026-03-18 05:04:27.13783,2026-03-29 06:24:47.586321
187,5,8,1,1,1/8/187/,\N,\N,"{""en_US"": ""Spreadsheet""}",t,2026-03-18 05:04:18.547626,2026-03-29 06:24:40.105492
188,10,187,1,1,1/8/187/188/,\N,"ir.actions.act_window,313","{""en_US"": ""Revisions""}",t,2026-03-18 05:04:18.547626,2026-03-29 06:24:40.105492
189,5,8,1,1,1/8/189/,\N,\N,"{""en_US"": ""Spreadsheet""}",t,2026-03-18 05:04:18.97402,2026-03-29 06:24:40.646618
190,10,189,1,1,1/8/189/190/,\N,"ir.actions.act_window,314","{""en_US"": ""Revisions""}",t,2026-03-18 05:04:18.97402,2026-03-29 06:24:40.646618
195,70,148,1,1,323/144/148/195/,\N,"ir.actions.act_window,328","{""en_US"": ""Lock Dates…""}",t,2026-03-18 05:04:19.213591,2026-03-29 06:24:40.849619
201,67,148,1,1,323/144/148/201/,\N,"ir.actions.server,365","{""en_US"": ""Tax Returns""}",t,2026-03-18 05:04:27.13783,2026-03-29 06:24:47.586321
224,10,223,1,1,323/149/223/224/,\N,"ir.actions.client,347","{""en_US"": ""Unrealized Currencies""}",t,2026-03-18 05:04:27.13783,2026-03-29 06:24:47.586321
225,10,223,1,1,323/149/223/225/,\N,"ir.actions.client,356","{""en_US"": ""Deferred Revenues""}",t,2026-03-18 05:04:27.13783,2026-03-29 06:24:47.586321
265,10,162,1,1,323/160/162/265/,\N,"ir.actions.act_window,415","{""en_US"": ""Fiscal Categories""}",t,2026-03-18 05:04:37.425322,2026-03-29 06:24:53.577555
120,15,119,1,1,83/119/120/,\N,"ir.actions.act_window,153","{""en_US"": ""Call History""}",t,2026-03-18 05:03:38.577538,2026-03-29 06:22:24.936134
84,1,83,1,1,83/84/,\N,"ir.actions.client,125","{""en_US"": ""Discuss"", ""th_TH"": ""แชท""}",t,2026-03-18 05:03:38.577538,2026-03-29 06:22:24.936134
85,2,83,1,1,83/85/,\N,"ir.actions.act_window,124","{""en_US"": ""Channels"", ""th_TH"": ""ช่อง""}",t,2026-03-18 05:03:38.577538,2026-03-29 06:22:24.936134
118,10,83,1,1,83/118/,\N,\N,"{""en_US"": ""Integrations"", ""th_TH"": ""ผสาน""}",f,2026-03-18 05:03:38.577538,2026-03-29 06:22:24.936134
405,10,404,1,1,395/404/405/,\N,"ir.actions.act_window,653","{""en_US"": ""Maintenance Requests Analysis""}",t,2026-03-18 05:32:49.623065,2026-03-29 06:22:33.53728
221,10,220,1,1,323/149/220/221/,\N,"ir.actions.act_window,373","{""en_US"": ""Working Files""}",t,2026-03-18 05:04:27.13783,2026-03-29 06:24:47.586321
273,15,187,1,1,1/8/187/273/,\N,"ir.actions.act_window,432","{""en_US"": ""Sale Order Spreadsheets""}",t,2026-03-18 05:04:42.983171,2026-03-29 06:25:02.210493
217,11,162,1,1,323/160/162/217/,\N,"ir.actions.act_window,370","{""en_US"": ""Return Types""}",t,2026-03-18 05:04:27.13783,2026-03-29 06:24:47.586321
86,3,83,1,1,83/86/,\N,\N,"{""en_US"": ""Configuration"", ""th_TH"": ""การกำหนดค่า""}",t,2026-03-18 05:03:38.577538,2026-03-29 06:22:24.936134
420,1,419,1,1,412/418/419/420/,\N,"ir.actions.act_window,664","{""en_US"": ""Onboarding / Offboarding""}",t,2026-03-18 05:33:40.052078,2026-03-29 06:22:57.508173
468,1,8,1,1,1/8/468/,\N,\N,"{""en_US"": ""Date ranges""}",t,2026-03-18 05:40:09.120152,2026-03-29 06:22:15.505993
465,5,287,1,1,282/284/287/465/,\N,"ir.actions.act_window,739","{""en_US"": ""Zips""}",t,2026-03-18 05:39:37.857847,2026-03-29 06:23:14.917797
466,4,287,1,1,282/284/287/466/,\N,"ir.actions.act_window,740","{""en_US"": ""Cities""}",t,2026-03-18 05:39:37.857847,2026-03-29 06:23:14.917797
469,10,468,1,1,1/8/468/469/,\N,"ir.actions.act_window,743","{""en_US"": ""Date Ranges""}",t,2026-03-18 05:40:09.120152,2026-03-29 06:22:15.505993
470,10,468,1,1,1/8/468/470/,\N,"ir.actions.act_window,744","{""en_US"": ""Date Range Types""}",t,2026-03-18 05:40:09.120152,2026-03-29 06:22:15.505993
462,30,172,1,1,323/160/172/462/,\N,"ir.actions.act_window,733","{""en_US"": ""Withholding Tax""}",t,2026-03-18 05:36:15.400097,2026-03-29 06:25:00.756975
447,95,445,1,1,412/445/447/,\N,"ir.actions.act_window,705","{""en_US"": ""Training Attendances""}",t,2026-03-18 05:33:52.086694,2026-03-29 06:23:20.852916
449,15,444,1,1,412/416/444/449/,\N,"ir.actions.act_window,712","{""en_US"": ""Skills Inventory""}",t,2026-03-18 05:33:52.086694,2026-03-29 06:23:20.852916
467,50,287,1,1,282/284/287/467/,\N,"ir.actions.act_window,741","{""en_US"": ""Import from Geonames""}",t,2026-03-18 05:39:38.743063,2026-03-29 06:23:36.576749
463,30,138,1,1,323/138/463/,\N,"ir.actions.act_window,736","{""en_US"": ""WT Certificates""}",t,2026-03-18 05:37:55.299978,2026-03-29 06:25:04.099513
461,10,460,1,1,450/460/461/,\N,"ir.actions.act_window,725","{""en_US"": ""Security Classes""}",t,2026-03-18 05:35:00.54713,2026-03-29 06:22:47.202223
471,10,468,1,1,1/8/468/471/,\N,"ir.actions.act_window,745","{""en_US"": ""Generate Date Ranges""}",t,2026-03-18 05:40:09.120152,2026-03-29 06:22:15.505993
472,10,284,1,1,282/284/472/,\N,"ir.actions.act_window,746","{""en_US"": ""Company Types""}",t,2026-03-18 05:40:14.515322,2026-03-29 06:22:41.748082
454,20,452,1,1,450/452/454/,\N,"ir.actions.act_window,726","{""en_US"": ""Valuations""}",t,2026-03-18 05:35:00.54713,2026-03-29 06:22:47.202223
455,30,452,1,1,450/452/455/,\N,"ir.actions.act_window,729","{""en_US"": ""UBO""}",t,2026-03-18 05:35:00.54713,2026-03-29 06:22:47.202223
457,10,456,1,1,450/456/457/,\N,"ir.actions.client,723","{""en_US"": ""Cap Table""}",t,2026-03-18 05:35:00.54713,2026-03-29 06:22:47.202223
458,20,456,1,1,450/456/458/,\N,"ir.actions.act_window,722","{""en_US"": ""Cap Table Pivot""}",t,2026-03-18 05:35:00.54713,2026-03-29 06:22:47.202223
206,2,153,1,1,323/153/206/,\N,\N,"{""en_US"": ""Ledgers""}",t,2026-03-18 05:04:27.13783,2026-03-29 06:24:47.586321
226,10,223,1,1,323/149/223/226/,\N,"ir.actions.client,355","{""en_US"": ""Deferred Expenses""}",t,2026-03-18 05:04:27.13783,2026-03-29 06:24:47.586321
269,10,268,1,1,323/149/268/269/,\N,"ir.actions.act_window,423","{""en_US"": ""Invoices To Be Issued""}",t,2026-03-18 05:04:39.272783,2026-03-29 06:24:56.313547
270,10,268,1,1,323/149/268/270/,\N,"ir.actions.act_window,424","{""en_US"": ""Invoiced Not Delivered""}",t,2026-03-18 05:04:39.272783,2026-03-29 06:24:56.313547
473,20,153,1,1,323/153/473/,\N,"ir.actions.act_window,752","{""en_US"": ""WT Income Tax Report""}",t,2026-03-18 05:40:15.764549,2026-03-29 06:25:05.010624
155,4,153,1,1,323/153/155/,\N,\N,"{""en_US"": ""Taxes & Fiscal""}",t,2026-03-18 05:04:07.882243,2026-03-29 06:22:49.558331
157,1,156,1,1,323/153/156/157/,\N,"ir.actions.act_window,295","{""en_US"": ""Invoice Analysis"", ""th_TH"": ""การวิเคราะห์ใบแจ้งหนี้""}",t,2026-03-18 05:04:07.882243,2026-03-29 06:22:49.558331
159,1,153,1,1,323/153/159/,\N,\N,"{""en_US"": ""Statement Reports"", ""th_TH"": ""รายงานรายการเดินบัญชี""}",t,2026-03-18 05:04:07.882243,2026-03-29 06:22:49.558331
162,10,160,1,1,323/160/162/,\N,\N,"{""en_US"": ""Accounting"", ""th_TH"": ""การบัญชี""}",t,2026-03-18 05:04:07.882243,2026-03-29 06:22:49.558331
163,1,162,1,1,323/160/162/163/,\N,"ir.actions.act_window,278","{""en_US"": ""Chart of Accounts"", ""th_TH"": ""ผังบัญชี""}",t,2026-03-18 05:04:07.882243,2026-03-29 06:22:49.558331
164,2,162,1,1,323/160/162/164/,\N,"ir.actions.act_window,286","{""en_US"": ""Taxes"", ""th_TH"": ""ภาษี""}",t,2026-03-18 05:04:07.882243,2026-03-29 06:22:49.558331
165,3,162,1,1,323/160/162/165/,\N,"ir.actions.act_window,280","{""en_US"": ""Journals"", ""th_TH"": ""สมุดรายวัน""}",t,2026-03-18 05:04:07.882243,2026-03-29 06:22:49.558331
166,4,162,1,1,323/160/162/166/,\N,\N,"{""en_US"": ""Reporting"", ""th_TH"": ""การรายงาน""}",t,2026-03-18 05:04:07.882243,2026-03-29 06:22:49.558331
167,5,162,1,1,323/160/162/167/,\N,"ir.actions.act_window,66","{""en_US"": ""Currencies"", ""th_TH"": ""สกุลเงิน""}",t,2026-03-18 05:04:07.882243,2026-03-29 06:22:49.558331
168,6,162,1,1,323/160/162/168/,\N,"ir.actions.act_window,301","{""en_US"": ""Fiscal Positions"", ""th_TH"": ""ฐานะทางการเงิน""}",t,2026-03-18 05:04:07.882243,2026-03-29 06:22:49.558331
169,7,162,1,1,323/160/162/169/,\N,"ir.actions.act_window,281","{""en_US"": ""Multi-Ledger"", ""th_TH"": ""บัญชีแยกประเภทหลายบัญชี""}",t,2026-03-18 05:04:07.882243,2026-03-29 06:22:49.558331
170,8,162,1,1,323/160/162/170/,\N,"ir.actions.act_window,287","{""en_US"": ""Tax Groups"", ""th_TH"": ""กลุ่มภาษี""}",t,2026-03-18 05:04:07.882243,2026-03-29 06:22:49.558331
181,80,148,1,1,323/144/148/181/,\N,"ir.actions.act_window,308","{""en_US"": ""Secure Entries"", ""th_TH"": ""การเข้าสู่ระบบที่ปลอดภัย""}",t,2026-03-18 05:04:07.882243,2026-03-29 06:22:49.558331
182,10,152,1,1,323/149/152/182/,\N,"ir.actions.act_window,309","{""en_US"": ""Audit Trail"", ""th_TH"": ""เส้นทางการตรวจสอบ""}",t,2026-03-18 05:04:07.882243,2026-03-29 06:22:49.558331
326,10,162,1,1,323/160/162/326/,\N,"ir.actions.act_window,496","{""en_US"": ""Asset Models"", ""th_TH"": ""โมเดลสินทรัพย์""}",t,2026-03-18 05:30:08.496909,2026-03-29 06:24:57.051832
483,10,482,1,1,482/483/,\N,\N,"{""en_US"": ""Orders"", ""th_TH"": ""คำสั่ง""}",t,2026-03-30 06:57:43.846231,2026-03-30 06:57:43.846231
508,3,487,1,1,482/487/508/,\N,"ir.actions.act_window,804","{""en_US"": ""Presets""}",t,2026-03-30 06:57:43.846231,2026-03-30 06:57:43.846231
511,99,483,1,1,482/483/511/,\N,"ir.actions.act_window,809","{""en_US"": ""Preparation Display""}",t,2026-03-30 06:57:50.713151,2026-03-30 06:57:50.713151
513,6,485,1,1,482/485/513/,\N,"ir.actions.act_window,814","{""en_US"": ""Preparation Time""}",t,2026-03-30 06:57:50.713151,2026-03-30 06:57:50.713151
550,1,1,1,1,1/550/,\N,"ir.actions.act_window,909","{""en_US"": ""Remove Data""}",t,2026-03-31 02:06:23.599547,2026-03-31 02:06:23.599547
544,43,246,1,1,228/246/544/,\N,\N,"{""en_US"": ""Lazada""}",t,2026-03-30 08:19:02.866343,2026-04-02 06:50:52.752012
545,20,544,1,1,228/246/544/545/,\N,"ir.actions.act_window,897","{""en_US"": ""Shops""}",t,2026-03-30 08:19:02.866343,2026-04-02 06:50:52.752012
15,500,\N,1,2,15/,"base,static/description/modules.png",\N,"{""en_US"": ""Apps"", ""th_TH"": ""แอป""}",t,2026-03-18 04:58:50.421471,2026-03-31 02:27:04.533783
400,2,395,1,1,395/400/,\N,"ir.actions.act_window,654","{""en_US"": ""Equipment"", ""th_TH"": ""อุปกรณ์""}",t,2026-03-18 05:32:49.623065,2026-03-30 07:53:03.138617
504,4,487,1,1,482/487/504/,\N,"ir.actions.act_window,797","{""en_US"": ""Coins/Bills"", ""th_TH"": ""เหรียญ/บิล""}",t,2026-03-30 06:57:43.846231,2026-03-30 06:57:43.846231
505,2,483,1,1,482/483/505/,\N,"ir.actions.act_window,798","{""en_US"": ""Sessions"", ""th_TH"": ""เซสชั่น""}",t,2026-03-30 06:57:43.846231,2026-03-30 06:57:43.846231
562,20,561,1,1,551/561/562/,\N,"ir.actions.server,921","{""en_US"": ""eCommerce"", ""th_TH"": ""อีคอมเมิร์ซ""}",t,2026-04-01 04:52:07.614842,2026-06-23 09:40:30.73336
577,35,246,1,1,228/246/577/,\N,\N,"{""en_US"": ""TikTok Shop""}",t,2026-04-16 09:07:18.496391,2026-06-27 07:20:16.13352
564,90,555,1,1,551/552/555/564/,\N,"ir.actions.act_window,913","{""en_US"": ""Technical Pages""}",t,2026-04-01 04:52:07.614842,2026-04-01 04:52:07.614842
578,1,577,1,1,228/246/577/578/,\N,"ir.actions.act_window,945","{""en_US"": ""Seller Accounts""}",t,2026-04-16 09:07:18.496391,2026-06-27 07:20:16.13352
579,2,577,1,1,228/246/577/579/,\N,"ir.actions.act_window,946","{""en_US"": ""Shops""}",t,2026-04-16 09:07:18.496391,2026-06-27 07:20:16.13352
580,30,577,1,1,228/246/577/580/,\N,"ir.actions.act_window,947","{""en_US"": ""TikTok Items""}",t,2026-04-16 09:07:18.496391,2026-06-27 07:20:16.13352
581,3,577,1,1,228/246/577/581/,\N,"ir.actions.act_window,948","{""en_US"": ""Returns""}",t,2026-04-16 09:07:18.496391,2026-06-27 07:20:16.13352
575,30,544,1,1,228/246/544/575/,\N,"ir.actions.act_window,899","{""en_US"": ""Lazada Items""}",t,2026-04-02 07:15:13.526091,2026-04-07 04:50:28.97665
576,99,251,1,1,228/246/251/576/,\N,"ir.actions.act_window,936","{""en_US"": ""Product Brands""}",t,2026-04-16 09:07:12.435297,2026-04-16 09:07:12.435297
557,10,556,1,1,551/552/556/557/,\N,"ir.actions.client,919","{""en_US"": ""Properties"", ""th_TH"": ""คุณสมบัติ""}",t,2026-04-01 04:52:07.614842,2026-04-01 04:52:07.614842
558,20,556,1,1,551/552/556/558/,\N,"ir.actions.client,919","{""en_US"": ""Optimize SEO"", ""th_TH"": ""เพิ่มประสิทธิภาพ SEO""}",t,2026-04-01 04:52:07.614842,2026-04-01 04:52:07.614842
559,30,556,1,1,551/552/556/559/,\N,"ir.actions.client,919","{""en_US"": ""HTML / CSS Editor"", ""th_TH"": ""ตัวแก้ไข HTML / CSS""}",t,2026-04-01 04:52:07.614842,2026-04-01 04:52:07.614842
560,40,556,1,1,551/552/556/560/,\N,"ir.actions.client,919","{""en_US"": ""Edit Menu"", ""th_TH"": ""แก้ไขเมนู""}",t,2026-04-01 04:52:07.614842,2026-04-01 04:52:07.614842
561,30,551,1,1,551/561/,\N,\N,"{""en_US"": ""Reporting"", ""th_TH"": ""การรายงาน""}",t,2026-04-01 04:52:07.614842,2026-04-01 04:52:07.614842
563,10,561,1,1,551/561/563/,\N,"ir.actions.server,922","{""en_US"": ""Analytics"", ""th_TH"": ""การวิเคราะห์""}",t,2026-04-01 04:52:07.614842,2026-04-01 04:52:07.614842
565,10,555,1,1,551/552/555/565/,\N,"ir.actions.act_window,926","{""en_US"": ""Pages"", ""th_TH"": ""หน้า""}",t,2026-04-01 04:52:07.614842,2026-04-01 04:52:07.614842
566,10,555,1,1,551/552/555/566/,\N,"ir.actions.act_window,927","{""en_US"": ""Model Pages"", ""th_TH"": ""หน้าโมเดล""}",f,2026-04-01 04:52:07.614842,2026-04-01 04:52:07.614842
567,40,561,1,1,551/561/567/,\N,"ir.actions.act_window,930","{""en_US"": ""Visitors"", ""th_TH"": ""ผู้เยี่ยมชม""}",t,2026-04-01 04:52:07.614842,2026-04-01 04:52:07.614842
568,50,561,1,1,551/561/568/,\N,"ir.actions.act_window,931","{""en_US"": ""Page Views"", ""th_TH"": ""ยอดเข้าชมเพจ""}",t,2026-04-01 04:52:07.614842,2026-04-01 04:52:07.614842
569,100,551,1,1,551/569/,\N,\N,"{""en_US"": ""Configuration"", ""th_TH"": ""การกำหนดค่า""}",t,2026-04-01 04:52:07.614842,2026-04-01 04:52:07.614842
570,10,569,1,1,551/569/570/,\N,"ir.actions.act_window,932","{""en_US"": ""Settings"", ""th_TH"": ""การตั้งค่า""}",t,2026-04-01 04:52:07.614842,2026-04-01 04:52:07.614842
571,20,569,1,1,551/569/571/,\N,"ir.actions.act_window,914","{""en_US"": ""Apps"", ""th_TH"": ""แอป""}",t,2026-04-01 04:52:07.614842,2026-04-01 04:52:07.614842
572,10,569,1,1,551/569/572/,\N,"ir.actions.act_window,916","{""en_US"": ""Websites"", ""th_TH"": ""เว็บไซต์""}",t,2026-04-01 04:52:07.614842,2026-04-01 04:52:07.614842
2,50,1,1,1,1/2/,\N,\N,"{""en_US"": ""Custom Shortcuts"", ""th_TH"": ""ทางลัดกำหนดเอง""}",t,2026-03-18 04:58:50.421471,2026-03-18 04:58:50.421471
3,1,1,1,1,1/3/,\N,\N,"{""en_US"": ""Users & Companies"", ""th_TH"": ""บริษัท""}",t,2026-03-18 04:58:50.421471,2026-03-18 04:58:50.421471
4,2,1,1,1,1/4/,\N,\N,"{""en_US"": ""Translations"", ""th_TH"": ""การแปล""}",t,2026-03-18 04:58:50.421471,2026-03-18 04:58:50.421471
5,4,4,1,1,1/4/5/,\N,\N,"{""en_US"": ""Application Terms"", ""th_TH"": ""ศัพท์แอพพลิเคชัน""}",t,2026-03-18 04:58:50.421471,2026-03-18 04:58:50.421471
6,3,4,1,1,1/4/6/,\N,\N,"{""en_US"": ""Import / Export"", ""th_TH"": ""นำเข้า / ส่งออก""}",t,2026-03-18 04:58:50.421471,2026-03-18 04:58:50.421471
7,3,1,1,1,1/7/,\N,\N,"{""en_US"": ""General Settings"", ""th_TH"": ""การตั้งค่าทั่วไป""}",t,2026-03-18 04:58:50.421471,2026-03-18 04:58:50.421471
8,110,1,1,1,1/8/,\N,\N,"{""en_US"": ""Technical"", ""th_TH"": ""ทางเทคนิค""}",t,2026-03-18 04:58:50.421471,2026-03-18 04:58:50.421471
573,45,569,1,1,551/569/573/,\N,"ir.actions.act_window,917","{""en_US"": ""Menus"", ""th_TH"": ""เมนู""}",t,2026-04-01 04:52:07.614842,2026-04-01 04:52:07.614842
574,30,569,1,1,551/569/574/,\N,"ir.actions.act_window,933","{""en_US"": ""Redirects"", ""th_TH"": ""การเปลี่ยนเส้นทาง""}",t,2026-04-01 04:52:07.614842,2026-04-01 04:52:07.614842
9,10,8,1,1,1/8/9/,\N,\N,"{""en_US"": ""User Interface"", ""th_TH"": ""ส่วนติดต่อผู้ใช้""}",t,2026-03-18 04:58:50.421471,2026-03-18 04:58:50.421471
10,3,8,1,1,1/8/10/,\N,\N,"{""en_US"": ""Email"", ""th_TH"": ""อีเมล""}",t,2026-03-18 04:58:50.421471,2026-03-29 06:22:24.936134
11,10,8,1,1,1/8/11/,\N,\N,"{""en_US"": ""Database Structure"", ""th_TH"": ""โครงสร้างฐานข้อมูล""}",t,2026-03-18 04:58:50.421471,2026-03-18 04:58:50.421471
12,10,8,1,1,1/8/12/,\N,\N,"{""en_US"": ""Automation"", ""th_TH"": ""การทำงานอัตโนมัติ""}",t,2026-03-18 04:58:50.421471,2026-03-18 04:58:50.421471
13,25,8,1,1,1/8/13/,\N,\N,"{""en_US"": ""Security"", ""th_TH"": ""ความปลอดภัย""}",t,2026-03-18 04:58:50.421471,2026-03-18 04:58:50.421471
14,24,8,1,1,1/8/14/,\N,\N,"{""en_US"": ""Parameters"", ""th_TH"": ""พารามิเตอร์""}",t,2026-03-18 04:58:50.421471,2026-03-18 04:58:50.421471
16,1000,\N,1,1,16/,"base,static/description/exception.png",\N,"{""en_US"": ""Tests"", ""th_TH"": ""ทดสอบ""}",t,2026-03-18 04:58:50.421471,2026-03-18 04:58:50.421471
17,10,11,1,1,1/8/11/17/,\N,"ir.actions.act_window,5","{""en_US"": ""Decimal Accuracy"", ""th_TH"": ""ความถูกต้องของทศนิยม""}",t,2026-03-18 04:58:50.421471,2026-03-18 04:58:50.421471
18,5,8,1,1,1/8/18/,\N,\N,"{""en_US"": ""Actions"", ""th_TH"": ""การดำเนินการ""}",t,2026-03-18 04:58:50.421471,2026-03-18 04:58:50.421471
19,10,18,1,1,1/8/18/19/,\N,"ir.actions.act_window,6","{""en_US"": ""Actions"", ""th_TH"": ""การดำเนินการ""}",t,2026-03-18 04:58:50.421471,2026-03-18 04:58:50.421471
20,10,18,1,1,1/8/18/20/,\N,"ir.actions.act_window,7","{""en_US"": ""Reports"", ""th_TH"": ""รายงาน""}",t,2026-03-18 04:58:50.421471,2026-03-18 04:58:50.421471
21,10,18,1,1,1/8/18/21/,\N,"ir.actions.act_window,8","{""en_US"": ""Window Actions"", ""th_TH"": ""การกระทำของ Window""}",t,2026-03-18 04:58:50.421471,2026-03-18 04:58:50.421471
22,10,18,1,1,1/8/18/22/,\N,"ir.actions.act_window,9","{""en_US"": ""Client Actions"", ""th_TH"": ""การดำเนินการของลูกค้า""}",t,2026-03-18 04:58:50.421471,2026-03-18 04:58:50.421471
23,10,18,1,1,1/8/18/23/,\N,"ir.actions.act_window,10","{""en_US"": ""Server Actions"", ""th_TH"": ""การดำเนินการของเซิร์ฟเวอร์""}",t,2026-03-18 04:58:50.421471,2026-03-18 04:58:50.421471
24,10,18,1,1,1/8/18/24/,\N,"ir.actions.act_window,11","{""en_US"": ""Embedded Actions"", ""th_TH"": ""การดำเนินการแบบฝัง""}",t,2026-03-18 04:58:50.421471,2026-03-18 04:58:50.421471
25,10,18,1,1,1/8/18/25/,\N,"ir.actions.act_window,12","{""en_US"": ""Configuration Wizards"", ""th_TH"": ""ตัวช่วยสร้างการกำหนดค่า""}",t,2026-03-18 04:58:50.421471,2026-03-18 04:58:50.421471
26,10,11,1,1,1/8/11/26/,\N,"ir.actions.act_window,14","{""en_US"": ""Assets"", ""th_TH"": ""สินทรัพย์""}",t,2026-03-18 04:58:50.421471,2026-03-18 04:58:50.421471
27,10,14,1,1,1/8/14/27/,\N,"ir.actions.act_window,15","{""en_US"": ""System Parameters"", ""th_TH"": ""พารามิเตอร์ของระบบ""}",t,2026-03-18 04:58:50.421471,2026-03-18 04:58:50.421471
28,2,12,1,1,1/8/12/28/,\N,"ir.actions.act_window,16","{""en_US"": ""Scheduled Actions"", ""th_TH"": ""การกระทำที่กำหนดไว้""}",t,2026-03-18 04:58:50.421471,2026-03-18 04:58:50.421471
29,3,12,1,1,1/8/12/29/,\N,"ir.actions.act_window,17","{""en_US"": ""Scheduled Actions Triggers"", ""th_TH"": ""ทริกเกอร์การดำเนินการตามกำหนดการ""}",t,2026-03-18 04:58:50.421471,2026-03-18 04:58:50.421471
30,5,9,1,1,1/8/9/30/,\N,"ir.actions.act_window,18","{""en_US"": ""User-defined Filters"", ""th_TH"": ""ตัวกรองที่ผู้ใช้กำหนด""}",t,2026-03-18 04:58:50.421471,2026-03-18 04:58:50.421471
31,5,10,1,1,1/8/10/31/,\N,"ir.actions.act_window,19","{""en_US"": ""Outgoing Mail Servers"", ""th_TH"": ""เซิร์ฟเวอร์จดหมายขาออก""}",t,2026-03-18 04:58:50.421471,2026-03-18 04:58:50.421471
32,10,11,1,1,1/8/11/32/,\N,"ir.actions.act_window,20","{""en_US"": ""Models"", ""th_TH"": ""โมเดล""}",t,2026-03-18 04:58:50.421471,2026-03-18 04:58:50.421471
33,10,11,1,1,1/8/11/33/,\N,"ir.actions.act_window,21","{""en_US"": ""Fields"", ""th_TH"": ""ฟิลด์""}",t,2026-03-18 04:58:50.421471,2026-03-18 04:58:50.421471
34,10,11,1,1,1/8/11/34/,\N,"ir.actions.act_window,22","{""en_US"": ""Fields Selection"", ""th_TH"": ""การเลือกฟิลด์""}",t,2026-03-18 04:58:50.421471,2026-03-18 04:58:50.421471
35,21,8,1,1,1/8/35/,\N,\N,"{""en_US"": ""Sequences & Identifiers"", ""th_TH"": ""ลำดับและตัวบ่งชี้""}",t,2026-03-18 04:58:50.421471,2026-03-18 04:58:50.421471
36,10,35,1,1,1/8/35/36/,\N,"ir.actions.act_window,23","{""en_US"": ""External Identifiers"", ""th_TH"": ""ตัวระบุภายนอก""}",t,2026-03-18 04:58:50.421471,2026-03-18 04:58:50.421471
37,10,11,1,1,1/8/11/37/,\N,"ir.actions.act_window,24","{""en_US"": ""Model Constraints"", ""th_TH"": ""ข้อจำกัดโมเดล""}",t,2026-03-18 04:58:50.421471,2026-03-18 04:58:50.421471
38,10,11,1,1,1/8/11/38/,\N,"ir.actions.act_window,25","{""en_US"": ""ManyToMany Relations"", ""th_TH"": ""ความสัมพันธ์แบบ ManyToMany""}",t,2026-03-18 04:58:50.421471,2026-03-18 04:58:50.421471
39,10,13,1,1,1/8/13/39/,\N,"ir.actions.act_window,26","{""en_US"": ""Access Rights"", ""th_TH"": ""สิทธิ์การเข้าใช้งาน""}",t,2026-03-18 04:58:50.421471,2026-03-18 04:58:50.421471
40,10,11,1,1,1/8/11/40/,\N,"ir.actions.act_window,27","{""en_US"": ""Attachments"", ""th_TH"": ""แนบ""}",t,2026-03-18 04:58:50.421471,2026-03-18 04:58:50.421471
41,3,13,1,1,1/8/13/41/,\N,"ir.actions.act_window,28","{""en_US"": ""Record Rules"", ""th_TH"": ""กฎการเข้าถึงรายการ""}",t,2026-03-18 04:58:50.421471,2026-03-18 04:58:50.421471
42,10,35,1,1,1/8/35/42/,\N,"ir.actions.act_window,29","{""en_US"": ""Sequences"", ""th_TH"": ""ลำดับ""}",t,2026-03-18 04:58:50.421471,2026-03-18 04:58:50.421471
43,1,9,1,1,1/8/9/43/,\N,"ir.actions.act_window,30","{""en_US"": ""Menu Items"", ""th_TH"": ""รายการเมนู""}",t,2026-03-18 04:58:50.421471,2026-03-18 04:58:50.421471
44,2,9,1,1,1/8/9/44/,\N,"ir.actions.act_window,31","{""en_US"": ""Views"", ""th_TH"": ""มุมมอง""}",t,2026-03-18 04:58:50.421471,2026-03-18 04:58:50.421471
45,3,9,1,1,1/8/9/45/,\N,"ir.actions.act_window,33","{""en_US"": ""Customized Views"", ""th_TH"": ""ปรับแต่ง มุมมอง""}",t,2026-03-18 04:58:50.421471,2026-03-18 04:58:50.421471
46,10,18,1,1,1/8/18/46/,\N,"ir.actions.act_window,34","{""en_US"": ""User-defined Defaults"", ""th_TH"": ""ค่าเริ่มต้นที่ผู้ใช้กำหนด""}",t,2026-03-18 04:58:50.421471,2026-03-18 04:58:50.421471
47,10,11,1,1,1/8/11/47/,\N,"ir.actions.act_window,38","{""en_US"": ""Logging"", ""th_TH"": ""การบันทึก""}",t,2026-03-18 04:58:50.421471,2026-03-18 04:58:50.421471
48,5,15,1,1,15/48/,\N,\N,"{""en_US"": ""Apps"", ""th_TH"": ""แอป""}",t,2026-03-18 04:58:50.421471,2026-03-18 04:58:50.421471
49,5,48,1,1,15/48/49/,\N,"ir.actions.act_window,39","{""en_US"": ""Main Apps"", ""th_TH"": ""แอปหลัก""}",t,2026-03-18 04:58:50.421471,2026-03-18 04:58:50.421471
50,15,48,1,1,15/48/50/,\N,\N,"{""en_US"": ""Theme Store"", ""th_TH"": ""ร้านค้าธีม""}",t,2026-03-18 04:58:50.421471,2026-03-18 04:58:50.421471
51,20,48,1,1,15/48/51/,\N,"ir.actions.act_url,40","{""en_US"": ""Third-Party Apps"", ""th_TH"": ""แอปของบุคคลที่สาม""}",t,2026-03-18 04:58:50.421471,2026-03-18 04:58:50.421471
52,10,48,1,1,15/48/52/,\N,"ir.actions.act_url,41","{""en_US"": ""Theme Store"", ""th_TH"": ""ร้านค้าธีม""}",t,2026-03-18 04:58:50.421471,2026-03-18 04:58:50.421471
53,40,15,1,1,15/53/,\N,"ir.actions.act_window,43","{""en_US"": ""Update Apps List"", ""th_TH"": ""อัพเดทรายการแอพ""}",t,2026-03-18 04:58:50.421471,2026-03-18 04:58:50.421471
54,10,6,1,1,1/4/6/54/,\N,"ir.actions.act_window,45","{""en_US"": ""Import Translation"", ""th_TH"": ""นำเข้าการแปล""}",t,2026-03-18 04:58:50.421471,2026-03-18 04:58:50.421471
55,50,15,1,1,15/55/,\N,"ir.actions.act_window,46","{""en_US"": ""Apply Scheduled Upgrades"", ""th_TH"": ""ใช้งานการอัพเกรดตามกำหนดการ""}",t,2026-03-18 04:58:50.421471,2026-03-18 04:58:50.421471
56,10,6,1,1,1/4/6/56/,\N,"ir.actions.act_window,48","{""en_US"": ""Export Translation"", ""th_TH"": ""ส่งออกการแปล""}",t,2026-03-18 04:58:50.421471,2026-03-18 04:58:50.421471
57,10,11,1,1,1/8/11/57/,\N,"ir.actions.act_window,52","{""en_US"": ""Profiling"", ""th_TH"": ""การทำโปรไฟล์""}",t,2026-03-18 04:58:50.421471,2026-03-18 04:58:50.421471
58,10,3,1,1,1/3/58/,\N,"ir.actions.act_window,53","{""en_US"": ""Companies"", ""th_TH"": ""บริษัท""}",t,2026-03-18 04:58:50.421471,2026-03-18 04:58:50.421471
59,1,4,1,1,1/4/59/,\N,"ir.actions.act_window,54","{""en_US"": ""Languages"", ""th_TH"": ""ภาษา""}",t,2026-03-18 04:58:50.421471,2026-03-18 04:58:50.421471
61,3,3,1,1,1/3/61/,\N,"ir.actions.act_window,68","{""en_US"": ""Groups"", ""th_TH"": ""กลุ่ม""}",t,2026-03-18 04:58:50.421471,2026-03-18 04:58:50.421471
62,0,3,1,1,1/3/62/,\N,"ir.actions.act_window,70","{""en_US"": ""Users"", ""th_TH"": ""ผู้ใช้""}",t,2026-03-18 04:58:50.421471,2026-03-18 04:58:50.421471
63,10,13,1,1,1/8/13/63/,\N,"ir.actions.act_window,74","{""en_US"": ""User Devices"", ""th_TH"": ""อุปกรณ์ของผู้ใช้""}",t,2026-03-18 04:58:50.421471,2026-03-18 04:58:50.421471
64,15,8,1,1,1/8/64/,\N,\N,"{""en_US"": ""Reporting"", ""th_TH"": ""การรายงาน""}",t,2026-03-18 04:58:50.421471,2026-03-18 04:58:50.421471
65,2,64,1,1,1/8/64/65/,\N,"ir.actions.act_window,76","{""en_US"": ""Paper Format"", ""th_TH"": ""รูปแบบกระดาษ""}",t,2026-03-18 04:58:50.421471,2026-03-18 04:58:50.421471
66,3,64,1,1,1/8/64/66/,\N,"ir.actions.act_window,77","{""en_US"": ""Reports"", ""th_TH"": ""รายงาน""}",t,2026-03-18 04:58:50.421471,2026-03-18 04:58:50.421471
67,100,15,1,1,15/67/,\N,"ir.actions.act_window,84","{""en_US"": ""Import Module"", ""th_TH"": ""นำเข้าโมดูล""}",t,2026-03-18 04:59:19.26217,2026-03-29 06:22:14.943654
68,0,1,1,1,1/68/,\N,"ir.actions.act_window,85","{""en_US"": ""General Settings"", ""th_TH"": ""การตั้งค่าทั่วไป""}",t,2026-03-18 04:59:19.556231,2026-03-29 06:22:15.148811
69,5,9,1,1,1/8/9/69/,\N,"ir.actions.act_window,87","{""en_US"": ""Tours"", ""th_TH"": ""ทัวร์""}",t,2026-03-18 04:59:22.971845,2026-03-29 06:22:21.600122
70,5,8,1,1,1/8/70/,\N,\N,"{""en_US"": ""IAP"", ""th_TH"": ""IAP""}",t,2026-03-18 04:59:24.548725,2026-03-29 06:22:23.10414
71,10,70,1,1,1/8/70/71/,\N,"ir.actions.act_window,90","{""en_US"": ""IAP Accounts"", ""th_TH"": ""บัญชี IAP""}",t,2026-03-18 04:59:24.548725,2026-03-29 06:22:23.10414
72,1,9,1,1,1/8/9/72/,\N,"ir.actions.act_window,92","{""en_US"": ""Onboardings"", ""th_TH"": ""การเริ่มต้นใช้งาน""}",t,2026-03-18 05:03:36.617167,2026-03-29 06:22:16.859966
73,1,9,1,1,1/8/9/73/,\N,"ir.actions.act_window,93","{""en_US"": ""Onboardings Steps"", ""th_TH"": ""ขั้นตอนการเริ่มใช้งาน""}",t,2026-03-18 05:03:36.617167,2026-03-29 06:22:16.859966
74,30,8,1,1,1/8/74/,\N,\N,"{""en_US"": ""Resource"", ""th_TH"": ""แหล่งข้อมูล""}",t,2026-03-18 05:03:37.19095,2026-03-29 06:22:17.117617
75,1,74,1,1,1/8/74/75/,\N,"ir.actions.act_window,100","{""en_US"": ""Working Schedules"", ""th_TH"": ""ตารางการทำงาน""}",t,2026-03-18 05:03:37.19095,2026-03-29 06:22:17.117617
76,2,74,1,1,1/8/74/76/,\N,"ir.actions.act_window,96","{""en_US"": ""Resource Time Off"", ""th_TH"": ""ทรัพยากรการลา""}",t,2026-03-18 05:03:37.19095,2026-03-29 06:22:17.117617
77,3,74,1,1,1/8/74/77/,\N,"ir.actions.act_window,94","{""en_US"": ""Resources"", ""th_TH"": ""แหล่งข้อมูล""}",t,2026-03-18 05:03:37.19095,2026-03-29 06:22:17.117617
78,270,\N,1,1,78/,"utm,static/description/icon.png",\N,"{""en_US"": ""Link Tracker"", ""th_TH"": ""ตัวติดตามลิงก์""}",t,2026-03-18 05:03:37.859467,2026-03-29 06:22:17.610377
79,99,78,1,1,78/79/,\N,\N,"{""en_US"": ""UTMs"", ""th_TH"": ""UTMs""}",t,2026-03-18 05:03:37.859467,2026-03-29 06:22:17.610377
80,1,79,1,1,78/79/80/,\N,"ir.actions.act_window,101","{""en_US"": ""Campaigns"", ""th_TH"": ""แคมเปญ""}",t,2026-03-18 05:03:37.859467,2026-03-29 06:22:17.610377
81,5,79,1,1,78/79/81/,\N,"ir.actions.act_window,102","{""en_US"": ""Mediums"", ""th_TH"": ""วิธีที่เข้ามา""}",t,2026-03-18 05:03:37.859467,2026-03-29 06:22:17.610377
82,10,79,1,1,78/79/82/,\N,"ir.actions.act_window,103","{""en_US"": ""Sources"", ""th_TH"": ""แหล่งที่มา""}",t,2026-03-18 05:03:37.859467,2026-03-29 06:22:17.610377
83,5,\N,1,1,83/,"mail,static/description/icon.png","ir.actions.client,125","{""en_US"": ""Discuss"", ""th_TH"": ""แชท""}",t,2026-03-18 05:03:38.577538,2026-03-29 06:22:24.936134
87,1,86,1,1,83/86/87/,\N,"ir.actions.client,141","{""en_US"": ""Notifications"", ""th_TH"": ""การแจ้งเตือน""}",t,2026-03-18 05:03:38.577538,2026-03-29 06:22:24.936134
88,5,86,1,1,83/86/88/,\N,"ir.actions.client,142","{""en_US"": ""Voice & Video"", ""th_TH"": ""เสียงและวิดีโอ""}",t,2026-03-18 05:03:38.577538,2026-03-29 06:22:24.936134
89,15,86,1,1,83/86/89/,\N,"ir.actions.act_window,126","{""en_US"": ""Canned Responses"", ""th_TH"": ""การตอบกลับสำเร็จรูป""}",t,2026-03-18 05:03:38.577538,2026-03-29 06:22:24.936134
90,25,86,1,1,83/86/90/,\N,"ir.actions.act_window,127","{""en_US"": ""Roles"", ""th_TH"": ""บทบาท""}",t,2026-03-18 05:03:38.577538,2026-03-29 06:22:24.936134
91,1,10,1,1,1/8/10/91/,\N,"ir.actions.act_window,115","{""en_US"": ""Emails"", ""th_TH"": ""อีเมล""}",t,2026-03-18 05:03:38.577538,2026-03-29 06:22:24.936134
92,11,10,1,1,1/8/10/92/,\N,"ir.actions.act_window,144","{""en_US"": ""Aliases"", ""th_TH"": ""นามแฝง""}",t,2026-03-18 05:03:38.577538,2026-03-29 06:22:24.936134
93,12,10,1,1,1/8/10/93/,\N,"ir.actions.act_window,143","{""en_US"": ""Alias Domains"", ""th_TH"": ""โดเมนนามแฝง""}",t,2026-03-18 05:03:38.577538,2026-03-29 06:22:24.936134
94,6,10,1,1,1/8/10/94/,\N,"ir.actions.act_window,109","{""en_US"": ""Incoming Mail Servers"", ""th_TH"": ""เซิร์ฟเวอร์อีเมลขาเข้า""}",t,2026-03-18 05:03:38.577538,2026-03-29 06:22:24.936134
95,10,10,1,1,1/8/10/95/,\N,"ir.actions.act_window,150","{""en_US"": ""Email Templates"", ""th_TH"": ""เทมเพลตอีเมล""}",t,2026-03-18 05:03:38.577538,2026-03-29 06:22:24.936134
96,20,10,1,1,1/8/10/96/,\N,"ir.actions.act_window,123","{""en_US"": ""Channels"", ""th_TH"": ""ช่อง""}",t,2026-03-18 05:03:38.577538,2026-03-29 06:22:24.936134
97,21,10,1,1,1/8/10/97/,\N,"ir.actions.act_window,119","{""en_US"": ""Channels/Members"", ""th_TH"": ""ช่องทาง/สมาชิก""}",t,2026-03-18 05:03:38.577538,2026-03-29 06:22:24.936134
98,22,10,1,1,1/8/10/98/,\N,"ir.actions.act_window,145","{""en_US"": ""Mail Gateway Allowed"", ""th_TH"": ""อนุญาตให้ใช้เกตเวย์เมล""}",t,2026-03-18 05:03:38.577538,2026-03-29 06:22:24.936134
99,1,8,1,1,1/8/99/,\N,\N,"{""en_US"": ""Discuss"", ""th_TH"": ""แชท""}",t,2026-03-18 05:03:38.577538,2026-03-29 06:22:24.936134
100,1,99,1,1,1/8/99/100/,\N,"ir.actions.act_window,113","{""en_US"": ""Messages"", ""th_TH"": ""ข้อความ""}",t,2026-03-18 05:03:38.577538,2026-03-29 06:22:24.936134
101,2,99,1,1,1/8/99/101/,\N,"ir.actions.act_window,114","{""en_US"": ""Scheduled Messages"", ""th_TH"": ""ข้อความที่กำหนด""}",t,2026-03-18 05:03:38.577538,2026-03-29 06:22:24.936134
102,4,99,1,1,1/8/99/102/,\N,"ir.actions.act_window,110","{""en_US"": ""Subtypes"", ""th_TH"": ""ชนิดย่อย""}",t,2026-03-18 05:03:38.577538,2026-03-29 06:22:24.936134
103,5,99,1,1,1/8/99/103/,\N,"ir.actions.act_window,111","{""en_US"": ""Tracking Values"", ""th_TH"": ""ค่าการติดตาม""}",t,2026-03-18 05:03:38.577538,2026-03-29 06:22:24.936134
104,20,99,1,1,1/8/99/104/,\N,"ir.actions.act_window,112","{""en_US"": ""Notifications"", ""th_TH"": ""การแจ้งเตือน""}",t,2026-03-18 05:03:38.577538,2026-03-29 06:22:24.936134
105,21,99,1,1,1/8/99/105/,\N,"ir.actions.act_window,117","{""en_US"": ""Followers"", ""th_TH"": ""ผู้ติดตาม""}",t,2026-03-18 05:03:38.577538,2026-03-29 06:22:24.936134
106,22,99,1,1,1/8/99/106/,\N,"ir.actions.act_window,152","{""en_US"": ""Email Blacklist"", ""th_TH"": ""อีเมลบัญชีแบล็คลิสต์""}",t,2026-03-18 05:03:38.577538,2026-03-29 06:22:24.936134
107,50,99,1,1,1/8/99/107/,\N,"ir.actions.act_window,149","{""en_US"": ""User Settings"", ""th_TH"": ""การตั้งค่าผู้ใช้""}",t,2026-03-18 05:03:38.577538,2026-03-29 06:22:24.936134
108,51,99,1,1,1/8/99/108/,\N,"ir.actions.act_window,146","{""en_US"": ""Guests"", ""th_TH"": ""ลูกค้า""}",t,2026-03-18 05:03:38.577538,2026-03-29 06:22:24.936134
109,52,99,1,1,1/8/99/109/,\N,"ir.actions.act_window,120","{""en_US"": ""RTC sessions"", ""th_TH"": ""เซสชัน RTC""}",t,2026-03-18 05:03:38.577538,2026-03-29 06:22:24.936134
110,53,99,1,1,1/8/99/110/,\N,"ir.actions.act_window,118","{""en_US"": ""ICE Servers"", ""th_TH"": ""เซิร์ฟเวอร์ ICE""}",t,2026-03-18 05:03:38.577538,2026-03-29 06:22:24.936134
111,54,99,1,1,1/8/99/111/,\N,"ir.actions.act_window,147","{""en_US"": ""Message Reactions"", ""th_TH"": ""การโต้ตอบต่อข้อความ""}",t,2026-03-18 05:03:38.577538,2026-03-29 06:22:24.936134
112,55,99,1,1,1/8/99/112/,\N,"ir.actions.act_window,121","{""en_US"": ""Link Previews"", ""th_TH"": ""ลิงก์ตัวอย่าง""}",t,2026-03-18 05:03:38.577538,2026-03-29 06:22:24.936134
113,56,99,1,1,1/8/99/113/,\N,"ir.actions.act_window,122","{""en_US"": ""GIF favorite"", ""th_TH"": ""GIF รายการโปรด""}",t,2026-03-18 05:03:38.577538,2026-03-29 06:22:24.936134
114,2,8,1,1,1/8/114/,\N,\N,"{""en_US"": ""Activities"", ""th_TH"": ""กิจกรรม""}",t,2026-03-18 05:03:38.577538,2026-03-29 06:22:24.936134
115,10,114,1,1,1/8/114/115/,\N,"ir.actions.act_window,129","{""en_US"": ""Activity Overview"", ""th_TH"": ""ภาพรวมกิจกรรม""}",t,2026-03-18 05:03:38.577538,2026-03-29 06:22:24.936134
116,20,114,1,1,1/8/114/116/,\N,"ir.actions.act_window,128","{""en_US"": ""Activity Types"", ""th_TH"": ""ประเภทกิจกรรม""}",t,2026-03-18 05:03:38.577538,2026-03-29 06:22:24.936134
117,30,114,1,1,1/8/114/117/,\N,"ir.actions.act_window,132","{""en_US"": ""Activity Plans"", ""th_TH"": ""แผนกิจกรรม""}",t,2026-03-18 05:03:38.577538,2026-03-29 06:22:24.936134
119,10,83,1,1,83/119/,\N,\N,"{""en_US"": ""Technical"", ""th_TH"": ""ทางเทคนิค""}",t,2026-03-18 05:03:38.577538,2026-03-29 06:22:24.936134
121,3,8,1,1,1/8/121/,\N,\N,"{""en_US"": ""Phone / SMS"", ""th_TH"": ""โทรศัพท์ / SMS""}",t,2026-03-18 05:03:49.366114,2026-03-29 06:22:34.500012
122,3,121,1,1,1/8/121/122/,\N,"ir.actions.act_window,165","{""en_US"": ""Phone Blacklist"", ""th_TH"": ""แบล็คลิสต์โทรศัพท์""}",t,2026-03-18 05:03:49.366114,2026-03-29 06:22:34.500012
123,26,8,1,1,1/8/123/,\N,\N,"{""en_US"": ""Privacy"", ""th_TH"": ""ความเป็นส่วนตัว""}",t,2026-03-18 05:03:50.972707,2026-03-29 06:22:36.196083
124,1,123,1,1,1/8/123/124/,\N,"ir.actions.act_window,170","{""en_US"": ""Privacy Logs"", ""th_TH"": ""บันทึกความเป็นส่วนตัว""}",t,2026-03-18 05:03:50.972707,2026-03-29 06:22:36.196083
125,1,121,1,1,1/8/121/125/,\N,"ir.actions.act_window,216","{""en_US"": ""SMS"", ""th_TH"": ""SMS""}",t,2026-03-18 05:03:57.809706,2026-03-29 06:22:43.268792
126,2,121,1,1,1/8/121/126/,\N,"ir.actions.act_window,218","{""en_US"": ""SMS Templates"", ""th_TH"": ""เทมเพลต SMS""}",t,2026-03-18 05:03:57.809706,2026-03-29 06:22:43.268792
127,50,10,1,1,1/8/10/127/,\N,"ir.actions.act_window,220","{""en_US"": ""Snailmail Letters"", ""th_TH"": ""จดหมาย Snailmail""}",t,2026-03-18 05:04:00.609506,2026-03-29 06:22:45.640543
128,80,10,1,1,1/8/10/128/,\N,"ir.actions.act_window,222","{""en_US"": ""Digest Emails"", ""th_TH"": ""อีเมลสรุป""}",t,2026-03-18 05:04:01.483532,2026-03-29 06:22:46.803546
129,81,10,1,1,1/8/10/129/,\N,"ir.actions.act_window,223","{""en_US"": ""Digest Tips"", ""th_TH"": ""เคล็ดลับย่อย""}",t,2026-03-18 05:04:01.483532,2026-03-29 06:22:46.803546
130,55,\N,1,1,130/,"account,static/description/icon.png",\N,"{""en_US"": ""Invoicing"", ""th_TH"": ""ออกใบแจ้งหนี้""}",t,2026-03-18 05:04:07.882243,2026-03-29 06:22:49.558331
131,1,323,1,1,323/131/,\N,"ir.actions.act_window,304","{""en_US"": ""Dashboard"", ""th_TH"": ""แดชบอร์ด""}",t,2026-03-18 05:04:07.882243,2026-03-29 06:24:54.73921
132,2,323,1,1,323/132/,\N,\N,"{""en_US"": ""Customers"", ""th_TH"": ""ลูกค้า""}",t,2026-03-18 05:04:07.882243,2026-03-29 06:24:54.73921
133,1,132,1,1,323/132/133/,\N,"ir.actions.act_window,265","{""en_US"": ""Invoices"", ""th_TH"": ""การแจ้งหนี้""}",t,2026-03-18 05:04:07.882243,2026-03-29 06:22:49.558331
134,2,132,1,1,323/132/134/,\N,"ir.actions.act_window,266","{""en_US"": ""Credit Notes"", ""th_TH"": ""ใบลดหนี้""}",t,2026-03-18 05:04:07.882243,2026-03-29 06:22:49.558331
135,15,132,1,1,323/132/135/,\N,"ir.actions.act_window,240","{""en_US"": ""Payments"", ""th_TH"": ""การชำระเงิน""}",t,2026-03-18 05:04:07.882243,2026-03-29 06:22:49.558331
136,100,132,1,1,323/132/136/,\N,"ir.actions.act_window,291","{""en_US"": ""Products"", ""th_TH"": ""สินค้า""}",t,2026-03-18 05:04:07.882243,2026-03-29 06:22:49.558331
137,110,132,1,1,323/132/137/,\N,"ir.actions.act_window,302","{""en_US"": ""Customers"", ""th_TH"": ""ลูกค้า""}",t,2026-03-18 05:04:07.882243,2026-03-29 06:22:49.558331
138,3,323,1,1,323/138/,\N,\N,"{""en_US"": ""Vendors"", ""th_TH"": ""ผู้จำหน่าย""}",t,2026-03-18 05:04:07.882243,2026-03-29 06:24:54.73921
139,1,138,1,1,323/138/139/,\N,"ir.actions.act_window,268","{""en_US"": ""Bills"", ""th_TH"": ""ใบเรียกเก็บเงิน""}",t,2026-03-18 05:04:07.882243,2026-03-29 06:22:49.558331
140,2,138,1,1,323/138/140/,\N,"ir.actions.act_window,269","{""en_US"": ""Refunds"", ""th_TH"": ""การคืนเงิน""}",t,2026-03-18 05:04:07.882243,2026-03-29 06:22:49.558331
141,20,138,1,1,323/138/141/,\N,"ir.actions.act_window,241","{""en_US"": ""Payments"", ""th_TH"": ""การชำระเงิน""}",t,2026-03-18 05:04:07.882243,2026-03-29 06:22:49.558331
142,100,138,1,1,323/138/142/,\N,"ir.actions.act_window,292","{""en_US"": ""Products"", ""th_TH"": ""สินค้า""}",t,2026-03-18 05:04:07.882243,2026-03-29 06:22:49.558331
143,200,138,1,1,323/138/143/,\N,"ir.actions.act_window,303","{""en_US"": ""Vendors"", ""th_TH"": ""ผู้จำหน่าย""}",t,2026-03-18 05:04:07.882243,2026-03-29 06:22:49.558331
144,4,323,1,1,323/144/,\N,\N,"{""en_US"": ""Accounting"", ""th_TH"": ""การบัญชี""}",t,2026-03-18 05:04:07.882243,2026-03-29 06:24:54.73921
145,0,144,1,1,323/144/145/,\N,\N,"{""en_US"": ""Transactions"", ""th_TH"": ""ธุรกรรม""}",t,2026-03-18 05:04:07.882243,2026-03-29 06:22:49.558331
146,1,145,1,1,323/144/145/146/,\N,"ir.actions.act_window,262","{""en_US"": ""Journal Entries"", ""th_TH"": ""รายการบันทึกสมุดรายวัน""}",t,2026-03-18 05:04:07.882243,2026-03-29 06:22:49.558331
147,31,145,1,1,323/144/145/147/,\N,"ir.actions.act_window,155","{""en_US"": ""Analytic Items"", ""th_TH"": ""รายการวิเคราะห์""}",t,2026-03-18 05:04:07.882243,2026-03-29 06:22:49.558331
148,20,144,1,1,323/144/148/,\N,\N,"{""en_US"": ""Closing"", ""th_TH"": ""ปิด""}",t,2026-03-18 05:04:07.882243,2026-03-29 06:22:49.558331
149,7,323,1,1,323/149/,\N,\N,"{""en_US"": ""Review"", ""th_TH"": ""รีวิว""}",t,2026-03-18 05:04:07.882243,2026-03-29 06:24:54.73921
150,20,149,1,1,323/149/150/,\N,\N,"{""en_US"": ""Control"", ""th_TH"": ""ควบคุม""}",t,2026-03-18 05:04:07.882243,2026-03-29 06:22:49.558331
151,6,150,1,1,323/149/150/151/,\N,"ir.actions.act_window,261","{""en_US"": ""Journal Items"", ""th_TH"": ""รายการบันทึก""}",t,2026-03-18 05:04:07.882243,2026-03-29 06:22:49.558331
152,60,149,1,1,323/149/152/,\N,\N,"{""en_US"": ""Logs"", ""th_TH"": ""บันทึก""}",t,2026-03-18 05:04:07.882243,2026-03-29 06:22:49.558331
153,20,323,1,1,323/153/,\N,\N,"{""en_US"": ""Reporting"", ""th_TH"": ""การรายงาน""}",t,2026-03-18 05:04:07.882243,2026-03-29 06:24:54.73921
154,3,153,1,1,323/153/154/,\N,\N,"{""en_US"": ""Partner Reports"", ""th_TH"": ""รายงานพาร์ทเนอร์""}",t,2026-03-18 05:04:07.882243,2026-03-29 06:22:49.558331
156,5,153,1,1,323/153/156/,\N,\N,"{""en_US"": ""Management"", ""th_TH"": ""การจัดการ""}",t,2026-03-18 05:04:07.882243,2026-03-29 06:22:49.558331
158,10,156,1,1,323/153/156/158/,\N,"ir.actions.act_window,293","{""en_US"": ""Analytic Report"", ""th_TH"": ""รายงานวิเคราะห์""}",t,2026-03-18 05:04:07.882243,2026-03-29 06:22:49.558331
160,35,323,1,1,323/160/,\N,\N,"{""en_US"": ""Configuration"", ""th_TH"": ""การกำหนดค่า""}",t,2026-03-18 05:04:07.882243,2026-03-29 06:24:54.73921
161,0,160,1,1,323/160/161/,\N,"ir.actions.act_window,299","{""en_US"": ""Settings"", ""th_TH"": ""การตั้งค่า""}",t,2026-03-18 05:04:07.882243,2026-03-29 06:24:54.73921
171,9,162,1,1,323/160/162/171/,\N,"ir.actions.act_window,296","{""en_US"": ""Cash Roundings"", ""th_TH"": ""การปัดเศษเงินสด""}",t,2026-03-18 05:04:07.882243,2026-03-29 06:22:49.558331
172,20,160,1,1,323/160/172/,\N,\N,"{""en_US"": ""Invoicing"", ""th_TH"": ""ออกใบแจ้งหนี้""}",t,2026-03-18 05:04:07.882243,2026-03-29 06:22:49.558331
173,10,172,1,1,323/160/172/173/,\N,"ir.actions.act_window,288","{""en_US"": ""Payment Terms"", ""th_TH"": ""เงื่อนไขการชําระเงิน""}",t,2026-03-18 05:04:07.882243,2026-03-29 06:22:49.558331
174,20,172,1,1,323/160/172/174/,\N,"ir.actions.act_window,307","{""en_US"": ""Incoterms"", ""th_TH"": ""Incoterms""}",t,2026-03-18 05:04:07.882243,2026-03-29 06:22:49.558331
175,30,172,1,1,323/160/172/175/,\N,"ir.actions.act_window,183","{""en_US"": ""Product Categories"", ""th_TH"": ""หมวดหมู่สินค้า""}",t,2026-03-18 05:04:07.882243,2026-03-29 06:22:49.558331
176,30,160,1,1,323/160/176/,\N,\N,"{""en_US"": ""Online Payments"", ""th_TH"": ""การชำระเงินออนไลน์""}",t,2026-03-18 05:04:07.882243,2026-03-29 06:22:49.558331
177,40,160,1,1,323/160/177/,\N,\N,"{""en_US"": ""Analytic Accounting"", ""th_TH"": ""บัญชีวิเคราะห์""}",t,2026-03-18 05:04:07.882243,2026-03-29 06:22:49.558331
178,10,177,1,1,323/160/177/178/,\N,"ir.actions.act_window,159","{""en_US"": ""Analytic Distribution Models"", ""th_TH"": ""โมเดลการกระจายการวิเคราะห์""}",t,2026-03-18 05:04:07.882243,2026-03-29 06:22:49.558331
179,20,177,1,1,323/160/177/179/,\N,"ir.actions.act_window,157","{""en_US"": ""Analytic Accounts"", ""th_TH"": ""บัญชีวิเคราะห์""}",t,2026-03-18 05:04:07.882243,2026-03-29 06:22:49.558331
180,30,177,1,1,323/160/177/180/,\N,"ir.actions.act_window,158","{""en_US"": ""Analytic Plans"", ""th_TH"": ""แผนการวิเคราะห์""}",t,2026-03-18 05:04:07.882243,2026-03-29 06:22:49.558331
183,37,\N,1,1,183/,"spreadsheet_dashboard,static/description/icon.png","ir.actions.client,311","{""en_US"": ""Dashboards"", ""th_TH"": ""แดชบอร์ด""}",t,2026-03-18 05:04:17.892116,2026-03-29 06:23:02.264041
184,1,183,1,1,183/184/,\N,"ir.actions.client,311","{""en_US"": ""Dashboards"", ""th_TH"": ""แดชบอร์ด""}",t,2026-03-18 05:04:17.892116,2026-03-29 06:23:02.264041
185,150,183,1,1,183/185/,\N,\N,"{""en_US"": ""Configuration"", ""th_TH"": ""การกำหนดค่า""}",t,2026-03-18 05:04:17.892116,2026-03-29 06:23:02.264041
186,10,185,1,1,183/185/186/,\N,"ir.actions.act_window,312","{""en_US"": ""Dashboards"", ""th_TH"": ""แดชบอร์ด""}",t,2026-03-18 05:04:17.892116,2026-03-29 06:23:02.264041
191,65,148,1,1,323/144/148/191/,\N,"ir.actions.act_window,321","{""en_US"": ""Reconcile"", ""th_TH"": ""กระทบยอด""}",t,2026-03-18 05:04:19.213591,2026-03-29 06:24:40.849619
192,10,162,1,1,323/160/162/192/,\N,"ir.actions.act_window,316","{""en_US"": ""Account Tags"", ""th_TH"": ""แท็กบัญชี""}",t,2026-03-18 05:04:19.213591,2026-03-29 06:24:40.849619
193,10,162,1,1,323/160/162/193/,\N,"ir.actions.act_window,317","{""en_US"": ""Account Groups"", ""th_TH"": ""กลุ่มบัญชี""}",t,2026-03-18 05:04:19.213591,2026-03-29 06:24:40.849619
194,10,162,1,1,323/160/162/194/,\N,"ir.actions.act_window,318","{""en_US"": ""Fiscal Years"", ""th_TH"": ""ปีงบประมาณ""}",t,2026-03-18 05:04:19.213591,2026-03-29 06:24:40.849619
196,10,176,1,1,323/160/176/196/,\N,"ir.actions.act_window,226","{""en_US"": ""Payment Providers"", ""th_TH"": ""ผู้ให้บริการชำระเงิน""}",t,2026-03-18 05:04:23.216988,2026-03-29 06:23:13.400823
197,15,176,1,1,323/160/176/197/,\N,"ir.actions.act_window,227","{""en_US"": ""Payment Methods"", ""th_TH"": ""วิธีการชำระเงิน""}",t,2026-03-18 05:04:23.216988,2026-03-29 06:23:13.400823
198,20,176,1,1,323/160/176/198/,\N,"ir.actions.act_window,230","{""en_US"": ""Payment Tokens"", ""th_TH"": ""โทเค็นการชำระเงิน""}",t,2026-03-18 05:04:23.216988,2026-03-29 06:23:13.400823
199,25,176,1,1,323/160/176/199/,\N,"ir.actions.act_window,228","{""en_US"": ""Payment Transactions"", ""th_TH"": ""ธุรกรรมการชำระเงิน""}",t,2026-03-18 05:04:23.216988,2026-03-29 06:23:13.400823
200,20,162,1,1,323/160/162/200/,\N,"ir.actions.act_window,338","{""en_US"": ""Online Synchronization"", ""th_TH"": ""การซิงโครไนซ์ออนไลน์""}",t,2026-03-18 05:04:25.828127,2026-03-29 06:24:46.842904
202,8,162,1,1,323/160/162/202/,\N,"ir.actions.act_window,369","{""en_US"": ""Tax Units"", ""th_TH"": ""หน่วยภาษี""}",t,2026-03-18 05:04:27.13783,2026-03-29 06:24:47.586321
203,10,154,1,1,323/153/154/203/,\N,"ir.actions.client,351","{""en_US"": ""Partner Ledger"", ""th_TH"": ""สมุดบัญชีแยกประเภทคู่ค้า""}",t,2026-03-18 05:04:27.13783,2026-03-29 06:24:47.586321
204,10,154,1,1,323/153/154/204/,\N,"ir.actions.client,348","{""en_US"": ""Aged Receivable"", ""th_TH"": ""อายุบัญชีลูกหนี้""}",t,2026-03-18 05:04:27.13783,2026-03-29 06:24:47.586321
205,10,154,1,1,323/153/154/205/,\N,"ir.actions.client,349","{""en_US"": ""Aged Payable"", ""th_TH"": ""อายุบัญชีเจ้าหนี้""}",t,2026-03-18 05:04:27.13783,2026-03-29 06:24:47.586321
207,10,206,1,1,323/153/206/207/,\N,"ir.actions.client,350","{""en_US"": ""Trial Balance"", ""th_TH"": ""งบทดลอง""}",t,2026-03-18 05:04:27.13783,2026-03-29 06:24:47.586321
208,10,206,1,1,323/153/206/208/,\N,"ir.actions.client,346","{""en_US"": ""General Ledger"", ""th_TH"": ""บัญชีแยกประเภททั่วไป""}",t,2026-03-18 05:04:27.13783,2026-03-29 06:24:47.586321
209,10,155,1,1,323/153/155/209/,\N,"ir.actions.client,344","{""en_US"": ""Tax Report"", ""th_TH"": ""รายงานภาษี""}",t,2026-03-18 05:04:27.13783,2026-03-29 06:24:47.586321
210,20,155,1,1,323/153/155/210/,\N,"ir.actions.client,354","{""en_US"": ""EC Sales List"", ""th_TH"": ""รายการขาย EC""}",f,2026-03-18 05:04:27.13783,2026-03-29 06:24:47.586321
211,10,159,1,1,323/153/159/211/,\N,"ir.actions.client,341","{""en_US"": ""Balance Sheet"", ""th_TH"": ""งบดุล""}",t,2026-03-18 05:04:27.13783,2026-03-29 06:24:47.586321
212,10,159,1,1,323/153/159/212/,\N,"ir.actions.client,343","{""en_US"": ""Profit and Loss"", ""th_TH"": ""กำไรขาดทุน""}",t,2026-03-18 05:04:27.13783,2026-03-29 06:24:47.586321
213,10,159,1,1,323/153/159/213/,\N,"ir.actions.client,340","{""en_US"": ""Cash Flow Statement"", ""th_TH"": ""งบกระแสเงินสด""}",t,2026-03-18 05:04:27.13783,2026-03-29 06:24:47.586321
214,10,156,1,1,323/153/156/214/,\N,"ir.actions.client,342","{""en_US"": ""Executive Summary"", ""th_TH"": ""ข้อมูลสรุป""}",t,2026-03-18 05:04:27.13783,2026-03-29 06:24:47.586321
215,10,162,1,1,323/160/162/215/,\N,"ir.actions.act_window,358","{""en_US"": ""Accounting Reports"", ""th_TH"": ""รายงานทางบัญชี""}",t,2026-03-18 05:04:27.13783,2026-03-29 06:24:47.586321
216,10,162,1,1,323/160/162/216/,\N,"ir.actions.act_window,359","{""en_US"": ""Horizontal Groups"", ""th_TH"": ""กลุ่มแนวนอน:""}",t,2026-03-18 05:04:27.13783,2026-03-29 06:24:47.586321
218,12,162,1,1,323/160/162/218/,\N,"ir.actions.act_window,361","{""en_US"": ""Financial Budgets"", ""th_TH"": ""งบประมาณทางการเงิน""}",t,2026-03-18 05:04:27.13783,2026-03-29 06:24:47.586321
219,10,150,1,1,323/149/150/219/,\N,"ir.actions.client,345","{""en_US"": ""Journal Audit"", ""th_TH"": ""การตรวจสอบสมุดรายวัน""}",t,2026-03-18 05:04:27.13783,2026-03-29 06:24:47.586321
220,30,149,1,1,323/149/220/,\N,\N,"{""en_US"": ""Audit"", ""th_TH"": ""ตรวจสอบบัญชี""}",t,2026-03-18 05:04:27.13783,2026-03-29 06:24:47.586321
222,40,149,1,1,323/149/222/,\N,\N,"{""en_US"": ""Inventory"", ""th_TH"": ""สินค้าคงคลัง""}",t,2026-03-18 05:04:27.13783,2026-03-29 06:24:47.586321
227,10,162,1,1,323/160/162/227/,\N,"ir.actions.act_window,371","{""en_US"": ""Checks"", ""th_TH"": ""ตรวจสอบ""}",t,2026-03-18 05:04:27.13783,2026-03-29 06:24:47.586321
228,30,\N,1,1,228/,"sale_management,static/description/icon.png",\N,"{""en_US"": ""Sales"", ""th_TH"": ""การขาย""}",t,2026-03-18 05:04:33.38448,2026-03-29 06:23:51.561886
229,10,228,1,1,228/229/,\N,\N,"{""en_US"": ""Orders"", ""th_TH"": ""คำสั่ง""}",t,2026-03-18 05:04:33.38448,2026-03-29 06:23:41.334943
230,10,229,1,1,228/229/230/,\N,"ir.actions.act_window,398","{""en_US"": ""Quotations"", ""th_TH"": ""ใบเสนอราคา""}",t,2026-03-18 05:04:33.38448,2026-03-29 06:23:41.334943
231,20,229,1,1,228/229/231/,\N,"ir.actions.act_window,397","{""en_US"": ""Orders"", ""th_TH"": ""คำสั่ง""}",t,2026-03-18 05:04:33.38448,2026-03-29 06:23:41.334943
232,30,229,1,1,228/229/232/,\N,"ir.actions.act_window,199","{""en_US"": ""Sales Teams"", ""th_TH"": ""ทีมขาย""}",t,2026-03-18 05:04:33.38448,2026-03-29 06:23:41.334943
233,40,229,1,1,228/229/233/,\N,"ir.actions.act_window,302","{""en_US"": ""Customers"", ""th_TH"": ""ลูกค้า""}",t,2026-03-18 05:04:33.38448,2026-03-29 06:23:41.334943
234,20,228,1,1,228/234/,\N,\N,"{""en_US"": ""To Invoice"", ""th_TH"": ""ออกใบแจ้งหนี้""}",t,2026-03-18 05:04:33.38448,2026-03-29 06:23:41.334943
235,10,234,1,1,228/234/235/,\N,"ir.actions.act_window,400","{""en_US"": ""Orders to Invoice"", ""th_TH"": ""คำสั่งซื้อที่จะออกใบแจ้งหนี้""}",t,2026-03-18 05:04:33.38448,2026-03-29 06:23:41.334943
236,20,234,1,1,228/234/236/,\N,"ir.actions.act_window,401","{""en_US"": ""Orders to Upsell"", ""th_TH"": ""คำสั่งซื้อเพื่อการขายเพิ่มยอด""}",t,2026-03-18 05:04:33.38448,2026-03-29 06:23:41.334943
237,30,228,1,1,228/237/,\N,\N,"{""en_US"": ""Products"", ""th_TH"": ""สินค้า""}",t,2026-03-18 05:04:33.38448,2026-03-29 06:23:41.334943
238,10,237,1,1,228/237/238/,\N,"ir.actions.act_window,413","{""en_US"": ""Products"", ""th_TH"": ""สินค้า""}",t,2026-03-18 05:04:33.38448,2026-03-29 06:23:41.334943
239,20,237,1,1,228/237/239/,\N,"ir.actions.act_window,179","{""en_US"": ""Product Variants"", ""th_TH"": ""ตัวแปรสินค้า""}",t,2026-03-18 05:04:33.38448,2026-03-29 06:23:41.334943
240,30,237,1,1,228/237/240/,\N,"ir.actions.act_window,185","{""en_US"": ""Pricelists"", ""th_TH"": ""รายการราคา""}",t,2026-03-18 05:04:33.38448,2026-03-29 06:23:41.334943
241,40,228,1,1,228/241/,\N,\N,"{""en_US"": ""Reporting"", ""th_TH"": ""การรายงาน""}",t,2026-03-18 05:04:33.38448,2026-03-29 06:23:41.334943
242,10,241,1,1,228/241/242/,\N,"ir.actions.act_window,382","{""en_US"": ""Sales"", ""th_TH"": ""การขาย""}",t,2026-03-18 05:04:33.38448,2026-03-29 06:23:41.334943
243,20,241,1,1,228/241/243/,\N,"ir.actions.act_window,383","{""en_US"": ""Salespersons"", ""th_TH"": ""พนักงานขาย""}",t,2026-03-18 05:04:33.38448,2026-03-29 06:23:41.334943
244,30,241,1,1,228/241/244/,\N,"ir.actions.act_window,384","{""en_US"": ""Products"", ""th_TH"": ""สินค้า""}",t,2026-03-18 05:04:33.38448,2026-03-29 06:23:41.334943
245,40,241,1,1,228/241/245/,\N,"ir.actions.act_window,385","{""en_US"": ""Customers"", ""th_TH"": ""ลูกค้า""}",t,2026-03-18 05:04:33.38448,2026-03-29 06:23:41.334943
246,50,228,1,1,228/246/,\N,\N,"{""en_US"": ""Configuration"", ""th_TH"": ""การกำหนดค่า""}",t,2026-03-18 05:04:33.38448,2026-03-29 06:23:41.334943
247,10,246,1,1,228/246/247/,\N,"ir.actions.act_window,395","{""en_US"": ""Settings"", ""th_TH"": ""การตั้งค่า""}",t,2026-03-18 05:04:33.38448,2026-03-29 06:23:41.334943
248,20,246,1,1,228/246/248/,\N,"ir.actions.act_window,201","{""en_US"": ""Sales Teams"", ""th_TH"": ""ทีมขาย""}",t,2026-03-18 05:04:33.38448,2026-03-29 06:23:41.334943
249,30,246,1,1,228/246/249/,\N,\N,"{""en_US"": ""Sales Orders"", ""th_TH"": ""คำสั่งขาย""}",t,2026-03-18 05:04:33.38448,2026-03-29 06:23:41.334943
250,10,249,1,1,228/246/249/250/,\N,"ir.actions.act_window,198","{""en_US"": ""Tags"", ""th_TH"": ""แท็ก""}",t,2026-03-18 05:04:33.38448,2026-03-29 06:23:41.334943
251,40,246,1,1,228/246/251/,\N,\N,"{""en_US"": ""Products"", ""th_TH"": ""สินค้า""}",t,2026-03-18 05:04:33.38448,2026-03-29 06:23:41.334943
252,10,251,1,1,228/246/251/252/,\N,"ir.actions.act_window,182","{""en_US"": ""Attributes"", ""th_TH"": ""คุณลักษณะ""}",t,2026-03-18 05:04:33.38448,2026-03-29 06:23:41.334943
253,15,251,1,1,228/246/251/253/,\N,"ir.actions.act_window,184","{""en_US"": ""Combo Choices"", ""th_TH"": ""ทางเลือกคอมโบ""}",t,2026-03-18 05:04:33.38448,2026-03-29 06:23:41.334943
254,20,251,1,1,228/246/251/254/,\N,"ir.actions.act_window,183","{""en_US"": ""Categories"", ""th_TH"": ""หมวดหมู่""}",t,2026-03-18 05:04:33.38448,2026-03-29 06:23:41.334943
255,30,251,1,1,228/246/251/255/,\N,"ir.actions.act_window,175","{""en_US"": ""Product Tags"", ""th_TH"": ""แท็กสินค้า""}",t,2026-03-18 05:04:33.38448,2026-03-29 06:23:41.334943
256,35,251,1,1,228/246/251/256/,\N,"ir.actions.act_window,91","{""en_US"": ""Units & Packagings"", ""th_TH"": ""หน่วยและบรรจุภัณฑ์""}",t,2026-03-18 05:04:33.38448,2026-03-29 06:23:41.334943
257,45,246,1,1,228/246/257/,\N,\N,"{""en_US"": ""Online Payments"", ""th_TH"": ""การชำระเงินออนไลน์""}",t,2026-03-18 05:04:33.38448,2026-03-29 06:23:41.334943
258,10,257,1,1,228/246/257/258/,\N,"ir.actions.act_window,226","{""en_US"": ""Payment Providers"", ""th_TH"": ""ผู้ให้บริการชำระเงิน""}",t,2026-03-18 05:04:33.38448,2026-03-29 06:23:41.334943
259,20,257,1,1,228/246/257/259/,\N,"ir.actions.act_window,227","{""en_US"": ""Payment Methods"", ""th_TH"": ""วิธีการชำระเงิน""}",t,2026-03-18 05:04:33.38448,2026-03-29 06:23:41.334943
260,30,257,1,1,228/246/257/260/,\N,"ir.actions.act_window,230","{""en_US"": ""Payment Tokens"", ""th_TH"": ""โทเคนการชำระเงิน""}",t,2026-03-18 05:04:33.38448,2026-03-29 06:23:41.334943
261,40,257,1,1,228/246/257/261/,\N,"ir.actions.act_window,228","{""en_US"": ""Payment Transactions"", ""th_TH"": ""ธุรกรรมการชำระเงิน""}",t,2026-03-18 05:04:33.38448,2026-03-29 06:23:41.334943
262,55,246,1,1,228/246/262/,\N,\N,"{""en_US"": ""Activities"", ""th_TH"": ""กิจกรรม""}",t,2026-03-18 05:04:33.38448,2026-03-29 06:23:41.334943
263,10,262,1,1,228/246/262/263/,\N,"ir.actions.act_window,411","{""en_US"": ""Activity Types"", ""th_TH"": ""ประเภทกิจกรรม""}",t,2026-03-18 05:04:33.38448,2026-03-29 06:23:41.334943
264,20,262,1,1,228/246/262/264/,\N,"ir.actions.act_window,412","{""en_US"": ""Activity Plans"", ""th_TH"": ""แผนกิจกรรม""}",t,2026-03-18 05:04:33.38448,2026-03-29 06:23:41.334943
267,11,172,1,1,323/160/172/267/,\N,"ir.actions.act_window,421","{""en_US"": ""Follow-up Levels"", ""th_TH"": ""ระดับการติดตามผล""}",t,2026-03-18 05:04:37.883567,2026-03-29 06:24:53.886516
268,57,149,1,1,323/149/268/,\N,\N,"{""en_US"": ""Sales"", ""th_TH"": ""การขาย""}",t,2026-03-18 05:04:39.272783,2026-03-29 06:24:56.313547
271,1,249,1,1,228/246/249/271/,\N,"ir.actions.act_window,425","{""en_US"": ""Quotation Templates"", ""th_TH"": ""เทมเพลตใบเสนอราคา""}",t,2026-03-18 05:04:39.706647,2026-03-29 06:23:51.561886
274,10,\N,1,1,274/,"calendar,static/description/icon.png",\N,"{""en_US"": ""Calendar"", ""th_TH"": ""ปฏิทิน""}",t,2026-03-18 05:05:32.057443,2026-03-29 06:22:31.880088
275,1,274,1,1,274/275/,\N,"ir.actions.act_window,449","{""en_US"": ""Calendar"", ""th_TH"": ""ปฏิทิน""}",t,2026-03-18 05:05:32.057443,2026-03-29 06:22:31.880088
276,40,274,1,1,274/276/,\N,"ir.actions.act_window,449","{""en_US"": ""Configuration"", ""th_TH"": ""การกำหนดค่า""}",t,2026-03-18 05:05:32.057443,2026-03-29 06:22:31.880088
277,45,276,1,1,274/276/277/,\N,"ir.actions.act_window,450","{""en_US"": ""Settings"", ""th_TH"": ""การตั้งค่า""}",t,2026-03-18 05:05:32.057443,2026-03-29 06:22:31.880088
278,50,276,1,1,274/276/278/,\N,"ir.actions.act_window,448","{""en_US"": ""Reminders"", ""th_TH"": ""ตัวเตือนความจำ""}",t,2026-03-18 05:05:32.057443,2026-03-29 06:22:31.880088
279,30,8,1,1,1/8/279/,\N,\N,"{""en_US"": ""Calendar"", ""th_TH"": ""ปฏิทิน""}",t,2026-03-18 05:05:32.057443,2026-03-29 06:22:31.880088
280,10,279,1,1,1/8/279/280/,\N,"ir.actions.act_window,447","{""en_US"": ""Meeting Types"", ""th_TH"": ""ประเภทการประชุม""}",t,2026-03-18 05:05:32.057443,2026-03-29 06:22:31.880088
281,10,279,1,1,1/8/279/281/,\N,"ir.actions.act_window,448","{""en_US"": ""Calendar Alarm"", ""th_TH"": ""เตือนปฏิทิน""}",t,2026-03-18 05:05:32.057443,2026-03-29 06:22:31.880088
282,20,\N,1,1,282/,"contacts,static/description/icon.png",\N,"{""en_US"": ""Contacts"", ""th_TH"": ""การติดต่อ""}",t,2026-03-18 05:05:37.403866,2026-03-29 06:22:32.738868
283,2,282,1,1,282/283/,\N,"ir.actions.act_window,452","{""en_US"": ""Contacts"", ""th_TH"": ""การติดต่อ""}",t,2026-03-18 05:05:37.403866,2026-03-29 06:22:32.738868
284,2,282,1,1,282/284/,\N,\N,"{""en_US"": ""Configuration"", ""th_TH"": ""การกำหนดค่า""}",t,2026-03-18 05:05:37.403866,2026-03-29 06:22:55.489688
285,1,284,1,1,282/284/285/,\N,"ir.actions.act_window,58","{""en_US"": ""Contact Tags"", ""th_TH"": ""แท็กติดต่อ""}",t,2026-03-18 05:05:37.403866,2026-03-29 06:22:32.738868
286,4,284,1,1,282/284/286/,\N,"ir.actions.act_window,59","{""en_US"": ""Industries"", ""th_TH"": ""อุตสาหกรรม""}",t,2026-03-18 05:05:37.403866,2026-03-29 06:22:32.738868
287,5,284,1,1,282/284/287/,\N,\N,"{""en_US"": ""Localization"", ""th_TH"": ""การประยุกต์ใช้""}",t,2026-03-18 05:05:37.403866,2026-03-29 06:22:32.738868
288,1,287,1,1,282/284/287/288/,\N,"ir.actions.act_window,62","{""en_US"": ""Countries"", ""th_TH"": ""ประเทศ""}",t,2026-03-18 05:05:37.403866,2026-03-29 06:22:32.738868
289,3,287,1,1,282/284/287/289/,\N,"ir.actions.act_window,63","{""en_US"": ""Country Group"", ""th_TH"": ""กลุ่มประเทศ""}",t,2026-03-18 05:05:37.403866,2026-03-29 06:22:32.738868
290,2,287,1,1,282/284/287/290/,\N,"ir.actions.act_window,64","{""en_US"": ""Fed. States"", ""th_TH"": ""รัฐและจังหวัด""}",t,2026-03-18 05:05:37.403866,2026-03-29 06:22:32.738868
291,6,284,1,1,282/284/291/,\N,\N,"{""en_US"": ""Bank Accounts"", ""th_TH"": ""บัญชีธนาคาร""}",t,2026-03-18 05:05:37.403866,2026-03-29 06:22:32.738868
292,1,291,1,1,282/284/291/292/,\N,"ir.actions.act_window,60","{""en_US"": ""Banks"", ""th_TH"": ""ธนาคาร""}",t,2026-03-18 05:05:37.403866,2026-03-29 06:22:32.738868
293,2,291,1,1,282/284/291/293/,\N,"ir.actions.act_window,61","{""en_US"": ""Bank Accounts"", ""th_TH"": ""บัญชีธนาคาร""}",t,2026-03-18 05:05:37.403866,2026-03-29 06:22:32.738868
294,25,\N,1,1,294/,"crm,static/description/icon.png",\N,"{""en_US"": ""CRM"", ""th_TH"": ""CRM""}",t,2026-03-18 05:05:38.118228,2026-03-29 06:22:55.489688
295,1,294,1,1,294/295/,\N,\N,"{""en_US"": ""Sales"", ""th_TH"": ""การขาย""}",t,2026-03-18 05:05:38.118228,2026-03-29 06:22:55.489688
296,1,295,1,1,294/295/296/,\N,"ir.actions.server,454","{""en_US"": ""My Pipeline"", ""th_TH"": ""ไปป์ไลน์ของฉัน""}",t,2026-03-18 05:05:38.118228,2026-03-29 06:22:55.489688
297,2,295,1,1,294/295/297/,\N,"ir.actions.act_window,469","{""en_US"": ""My Activities"", ""th_TH"": ""กิจกรรมของฉัน""}",t,2026-03-18 05:05:38.118228,2026-03-29 06:22:55.489688
298,4,295,1,1,294/295/298/,\N,"ir.actions.act_window,200","{""en_US"": ""Teams"", ""th_TH"": ""ทีม""}",t,2026-03-18 05:05:38.118228,2026-03-29 06:22:55.489688
299,5,295,1,1,294/295/299/,\N,"ir.actions.act_window,55","{""en_US"": ""Customers"", ""th_TH"": ""ลูกค้า""}",t,2026-03-18 05:05:38.118228,2026-03-29 06:22:55.489688
300,5,294,1,1,294/300/,\N,"ir.actions.act_window,468","{""en_US"": ""Leads"", ""th_TH"": ""ลูกค้าเป้าหมาย""}",t,2026-03-18 05:05:38.118228,2026-03-29 06:22:55.489688
301,20,294,1,1,294/301/,\N,\N,"{""en_US"": ""Reporting"", ""th_TH"": ""การรายงาน""}",t,2026-03-18 05:05:38.118228,2026-03-29 06:22:55.489688
302,1,301,1,1,294/301/302/,\N,"ir.actions.server,455","{""en_US"": ""Forecast"", ""th_TH"": ""พยากรณ์""}",t,2026-03-18 05:05:38.118228,2026-03-29 06:22:55.489688
303,2,301,1,1,294/301/303/,\N,"ir.actions.act_window,487","{""en_US"": ""Pipeline"", ""th_TH"": ""ไปป์ไลน์""}",t,2026-03-18 05:05:38.118228,2026-03-29 06:23:15.57192
304,3,301,1,1,294/301/304/,\N,"ir.actions.act_window,480","{""en_US"": ""Leads"", ""th_TH"": ""ลูกค้าเป้าหมาย""}",t,2026-03-18 05:05:38.118228,2026-03-29 06:22:55.489688
305,4,301,1,1,294/301/305/,\N,"ir.actions.act_window,477","{""en_US"": ""Activities"", ""th_TH"": ""กิจกรรม""}",t,2026-03-18 05:05:38.118228,2026-03-29 06:22:55.489688
306,25,294,1,1,294/306/,\N,"ir.actions.server,454","{""en_US"": ""Configuration"", ""th_TH"": ""การกำหนดค่า""}",t,2026-03-18 05:05:38.118228,2026-03-29 06:22:55.489688
307,0,306,1,1,294/306/307/,\N,"ir.actions.act_window,476","{""en_US"": ""Settings"", ""th_TH"": ""การตั้งค่า""}",t,2026-03-18 05:05:38.118228,2026-03-29 06:22:55.489688
308,1,306,1,1,294/306/308/,\N,\N,"{""en_US"": ""Opportunities"", ""th_TH"": ""โอกาสในการขาย""}",t,2026-03-18 05:05:38.118228,2026-03-29 06:22:55.489688
309,5,306,1,1,294/306/309/,\N,"ir.actions.act_window,201","{""en_US"": ""Sales Teams"", ""th_TH"": ""ทีมขาย""}",t,2026-03-18 05:05:38.118228,2026-03-29 06:22:55.489688
310,6,306,1,1,294/306/310/,\N,"ir.actions.act_window,202","{""en_US"": ""Teams Members"", ""th_TH"": ""สมาชิกทีม""}",t,2026-03-18 05:05:38.118228,2026-03-29 06:22:55.489688
311,8,306,1,1,294/306/311/,\N,\N,"{""en_US"": ""Activities"", ""th_TH"": ""กิจกรรม""}",t,2026-03-18 05:05:38.118228,2026-03-29 06:22:55.489688
312,10,311,1,1,294/306/311/312/,\N,"ir.actions.act_window,203","{""en_US"": ""Activity Types"", ""th_TH"": ""ประเภทกิจกรรม""}",t,2026-03-18 05:05:38.118228,2026-03-29 06:22:55.489688
313,11,311,1,1,294/306/311/313/,\N,"ir.actions.act_window,475","{""en_US"": ""Activity Plans"", ""th_TH"": ""แผนกิจกรรม""}",t,2026-03-18 05:05:38.118228,2026-03-29 06:22:55.489688
314,12,306,1,1,294/306/314/,\N,"ir.actions.act_window,462","{""en_US"": ""Recurring Plans"", ""th_TH"": ""แผนการประจำ""}",t,2026-03-18 05:05:38.118228,2026-03-29 06:22:55.489688
315,15,306,1,1,294/306/315/,\N,\N,"{""en_US"": ""Pipeline"", ""th_TH"": ""ไปป์ไลน์""}",t,2026-03-18 05:05:38.118228,2026-03-29 06:22:55.489688
316,0,315,1,1,294/306/315/316/,\N,"ir.actions.act_window,464","{""en_US"": ""Stages"", ""th_TH"": ""สถานะ""}",t,2026-03-18 05:05:38.118228,2026-03-29 06:22:55.489688
317,1,315,1,1,294/306/315/317/,\N,"ir.actions.act_window,198","{""en_US"": ""Tags"", ""th_TH"": ""แท็ก""}",t,2026-03-18 05:05:38.118228,2026-03-29 06:22:55.489688
318,6,315,1,1,294/306/315/318/,\N,"ir.actions.act_window,463","{""en_US"": ""Lost Reasons"", ""th_TH"": ""เหตุผลที่ไม่สำเร็จ""}",t,2026-03-18 05:05:38.118228,2026-03-29 06:22:55.489688
319,10,294,1,1,294/319/,\N,\N,"{""en_US"": ""Import & Synchronize"", ""th_TH"": ""การนำเข้าและการซิงโครไนซ์""}",t,2026-03-18 05:05:38.118228,2026-03-29 06:22:55.489688
322,2,295,1,1,294/295/322/,\N,"ir.actions.act_window,399","{""en_US"": ""My Quotations"", ""th_TH"": ""ใบเสนอราคาของฉัน""}",t,2026-03-18 05:05:43.22904,2026-03-29 06:23:50.677922
323,60,\N,1,1,323/,"accountant,static/description/icon.png",\N,"{""en_US"": ""Accounting"", ""th_TH"": ""ระบบบัญชี""}",t,2026-03-18 05:29:57.475534,2026-03-29 06:24:54.73921
325,60,324,1,1,323/144/324/325/,\N,"ir.actions.act_window,495","{""en_US"": ""Assets"", ""th_TH"": ""สินทรัพย์""}",t,2026-03-18 05:30:08.496909,2026-03-29 06:24:57.051832
327,25,160,1,1,323/160/327/,\N,\N,"{""en_US"": ""Assets and Revenues"", ""th_TH"": ""สินทรัพย์และรายได้""}",t,2026-03-18 05:30:08.496909,2026-03-29 06:24:57.051832
328,20,222,1,1,323/149/222/328/,\N,"ir.actions.client,501","{""en_US"": ""Depreciation Schedule"", ""th_TH"": ""ตารางค่าเสื่อมราคา""}",t,2026-03-18 05:30:08.496909,2026-03-29 06:24:57.051832
329,62,324,1,1,323/144/324/329/,\N,"ir.actions.act_window,510","{""en_US"": ""Loans"", ""th_TH"": ""สินเชื่อ""}",t,2026-03-18 05:30:16.035455,2026-03-29 06:25:03.365038
330,30,222,1,1,323/149/222/330/,\N,"ir.actions.act_window,511","{""en_US"": ""Loans Analysis"", ""th_TH"": ""การวิเคราะห์สินเชื่อ""}",t,2026-03-18 05:30:16.035455,2026-03-29 06:25:03.365038
331,140,\N,1,1,331/,"stock,static/description/icon.png",\N,"{""en_US"": ""Inventory"", ""th_TH"": ""สินค้าคงคลัง""}",t,2026-03-18 05:30:58.653183,2026-03-29 06:23:03.015949
332,2,331,1,1,331/332/,\N,\N,"{""en_US"": ""Operations"", ""th_TH"": ""การปฏิบัติการ""}",t,2026-03-18 05:30:58.653183,2026-03-29 06:23:03.015949
333,1,332,1,1,331/332/333/,\N,\N,"{""en_US"": ""Transfers"", ""th_TH"": ""โอน""}",t,2026-03-18 05:30:58.653183,2026-03-29 06:23:03.015949
334,3,332,1,1,331/332/334/,\N,\N,"{""en_US"": ""Adjustments"", ""th_TH"": ""การปรับเปลี่ยน""}",t,2026-03-18 05:30:58.653183,2026-03-29 06:23:03.015949
335,4,332,1,1,331/332/335/,\N,\N,"{""en_US"": ""Procurement"", ""th_TH"": ""การจัดซื้อ""}",t,2026-03-18 05:30:58.653183,2026-03-29 06:23:03.015949
336,100,331,1,1,331/336/,\N,\N,"{""en_US"": ""Configuration"", ""th_TH"": ""การกำหนดค่า""}",t,2026-03-18 05:30:58.653183,2026-03-29 06:23:03.015949
337,1,336,1,1,331/336/337/,\N,\N,"{""en_US"": ""Warehouse Management"", ""th_TH"": ""การบริหารสินค้าคงคลัง""}",t,2026-03-18 05:30:58.653183,2026-03-29 06:23:03.015949
338,4,336,1,1,331/336/338/,\N,\N,"{""en_US"": ""Products"", ""th_TH"": ""สินค้า""}",t,2026-03-18 05:30:58.653183,2026-03-29 06:23:03.015949
339,50,338,1,1,331/336/338/339/,\N,"ir.actions.act_window,512","{""en_US"": ""Barcode Nomenclatures"", ""th_TH"": ""การตีความบาร์โค้ด""}",t,2026-03-18 05:30:58.653183,2026-03-29 06:23:03.015949
340,2,338,1,1,331/336/338/340/,\N,"ir.actions.act_window,183","{""en_US"": ""Categories"", ""th_TH"": ""หมวดหมู่""}",t,2026-03-18 05:30:58.653183,2026-03-29 06:23:03.015949
341,4,338,1,1,331/336/338/341/,\N,"ir.actions.act_window,182","{""en_US"": ""Attributes"", ""th_TH"": ""คุณลักษณะ""}",t,2026-03-18 05:30:58.653183,2026-03-29 06:23:03.015949
342,5,338,1,1,331/336/338/342/,\N,"ir.actions.act_window,91","{""en_US"": ""Units & Packagings"", ""th_TH"": ""หน่วยและบรรจุภัณฑ์""}",t,2026-03-18 05:30:58.653183,2026-03-29 06:23:03.015949
343,4,331,1,1,331/343/,\N,\N,"{""en_US"": ""Products"", ""th_TH"": ""สินค้า""}",t,2026-03-18 05:30:58.653183,2026-03-29 06:23:03.015949
344,99,331,1,1,331/344/,\N,\N,"{""en_US"": ""Reporting"", ""th_TH"": ""การรายงาน""}",t,2026-03-18 05:30:58.653183,2026-03-29 06:23:03.015949
345,8,337,1,1,331/336/337/345/,\N,"ir.actions.act_window,545","{""en_US"": ""Putaway Rules"", ""th_TH"": ""กฎการนำส่งสินค้า""}",t,2026-03-18 05:30:58.653183,2026-03-29 06:23:03.015949
346,101,343,1,1,331/343/346/,\N,"ir.actions.act_window,548","{""en_US"": ""Lots / Serial Numbers"", ""th_TH"": ""ล็อต / หมายเลขซีเรียล""}",t,2026-03-18 05:30:58.653183,2026-03-29 06:23:03.015949
347,99,334,1,1,331/332/334/347/,\N,"ir.actions.act_window,550","{""en_US"": ""Scrap"", ""th_TH"": ""เศษสินค้า""}",t,2026-03-18 05:30:58.653183,2026-03-29 06:23:03.015949
348,10,334,1,1,331/332/334/348/,\N,"ir.actions.server,551","{""en_US"": ""Physical Inventory"", ""th_TH"": ""สินค้าคงคลังจริง""}",t,2026-03-18 05:30:58.653183,2026-03-29 06:23:03.015949
349,150,344,1,1,331/344/349/,\N,"ir.actions.server,552","{""en_US"": ""Locations"", ""th_TH"": ""ตำแหน่ง""}",t,2026-03-18 05:30:58.653183,2026-03-29 06:23:03.015949
350,1,337,1,1,331/336/337/350/,\N,"ir.actions.act_window,557","{""en_US"": ""Warehouses"", ""th_TH"": ""คลังสินค้า""}",t,2026-03-18 05:30:58.653183,2026-03-29 06:23:03.015949
351,200,344,1,1,331/344/351/,\N,"ir.actions.act_window,559","{""en_US"": ""Moves History"", ""th_TH"": ""ประวัติการย้าย""}",t,2026-03-18 05:30:58.653183,2026-03-29 06:23:03.015949
353,20,333,1,1,331/332/333/353/,\N,"ir.actions.server,572","{""en_US"": ""Receipts"", ""th_TH"": ""ใบเสร็จ""}",t,2026-03-18 05:30:58.653183,2026-03-29 06:23:03.015949
354,21,333,1,1,331/332/333/354/,\N,"ir.actions.server,573","{""en_US"": ""Deliveries"", ""th_TH"": ""การจัดส่ง""}",t,2026-03-18 05:30:58.653183,2026-03-29 06:23:03.015949
355,22,333,1,1,331/332/333/355/,\N,"ir.actions.server,574","{""en_US"": ""Internal"", ""th_TH"": ""ภายใน""}",t,2026-03-18 05:30:58.653183,2026-03-29 06:23:03.015949
356,2,337,1,1,331/336/337/356/,\N,"ir.actions.act_window,586","{""en_US"": ""Operations Types"", ""th_TH"": ""ประเภทการดำเนินการ""}",t,2026-03-18 05:30:58.653183,2026-03-29 06:23:03.015949
357,0,331,1,1,331/357/,\N,"ir.actions.act_window,587","{""en_US"": ""Overview"", ""th_TH"": ""ภาพรวม""}",t,2026-03-18 05:30:58.653183,2026-03-29 06:23:03.015949
358,1,343,1,1,331/343/358/,\N,"ir.actions.act_window,593","{""en_US"": ""Products"", ""th_TH"": ""สินค้า""}",t,2026-03-18 05:30:58.653183,2026-03-29 06:23:03.015949
359,2,343,1,1,331/343/359/,\N,"ir.actions.act_window,594","{""en_US"": ""Product Variants"", ""th_TH"": ""ตัวแปรสินค้า""}",t,2026-03-18 05:30:58.653183,2026-03-29 06:23:03.015949
360,5,344,1,1,331/344/360/,\N,"ir.actions.act_window,592","{""en_US"": ""Stock"", ""th_TH"": ""สต็อก""}",t,2026-03-18 05:30:58.653183,2026-03-29 06:23:03.015949
361,3,337,1,1,331/336/337/361/,\N,"ir.actions.act_window,597","{""en_US"": ""Locations"", ""th_TH"": ""ตำแหน่ง""}",t,2026-03-18 05:30:58.653183,2026-03-29 06:23:03.015949
362,4,337,1,1,331/336/337/362/,\N,"ir.actions.act_window,599","{""en_US"": ""Routes"", ""th_TH"": ""เส้นทาง""}",t,2026-03-18 05:30:58.653183,2026-03-29 06:23:03.015949
363,5,335,1,1,331/332/335/363/,\N,"ir.actions.server,602","{""en_US"": ""Replenishment"", ""th_TH"": ""การเติมสินค้า""}",t,2026-03-18 05:30:58.653183,2026-03-29 06:23:03.015949
364,6,337,1,1,331/336/337/364/,\N,"ir.actions.act_window,603","{""en_US"": ""Storage Categories"", ""th_TH"": ""หมวดหมู่การจัดเก็บสินค้า""}",t,2026-03-18 05:30:58.653183,2026-03-29 06:23:03.015949
365,0,336,1,1,331/336/365/,\N,"ir.actions.act_window,605","{""en_US"": ""Settings"", ""th_TH"": ""การตั้งค่า""}",t,2026-03-18 05:30:58.653183,2026-03-29 06:23:03.015949
366,5,337,1,1,331/336/337/366/,\N,"ir.actions.act_window,606","{""en_US"": ""Rules"", ""th_TH"": ""กฏ""}",t,2026-03-18 05:30:58.653183,2026-03-29 06:23:03.015949
367,135,332,1,1,331/332/367/,\N,"ir.actions.server,513","{""en_US"": ""Procurement: run scheduler"", ""th_TH"": ""การจัดซื้อ: เรียกใช้ตัวกำหนดตารางเวลา""}",t,2026-03-18 05:30:58.653183,2026-03-29 06:23:03.015949
368,50,336,1,1,331/336/368/,\N,\N,"{""en_US"": ""Delivery"", ""th_TH"": ""การจัดส่ง""}",t,2026-03-18 05:30:58.653183,2026-03-29 06:23:03.015949
369,10,368,1,1,331/336/368/369/,\N,"ir.actions.act_window,607","{""en_US"": ""Package Types"", ""th_TH"": ""ประเภทแพ็คเกจ""}",t,2026-03-18 05:30:58.653183,2026-03-29 06:23:03.015949
370,102,343,1,1,331/343/370/,\N,"ir.actions.act_window,608","{""en_US"": ""Packages"", ""th_TH"": ""แพ็คเกจ""}",t,2026-03-18 05:30:58.653183,2026-03-29 06:23:03.015949
371,99,335,1,1,331/332/335/371/,\N,"ir.actions.act_window,611","{""en_US"": ""References"", ""th_TH"": ""อ้างอิง""}",t,2026-03-18 05:30:58.653183,2026-03-29 06:23:03.015949
372,155,\N,1,1,372/,"stock_barcode,static/description/icon.png","ir.actions.client,620","{""en_US"": ""Barcode"", ""th_TH"": ""บาร์โค้ด""}",t,2026-03-18 05:31:11.970932,2026-03-29 06:24:45.370333
373,300,344,1,1,331/344/373/,\N,"ir.actions.act_window,625","{""en_US"": ""Performance"", ""th_TH"": ""ประสิทธิภาพ""}",t,2026-03-18 05:31:12.999025,2026-03-29 06:23:28.92897
374,10,222,1,1,323/149/222/374/,\N,"ir.actions.client,617","{""en_US"": ""Inventory Valuation"", ""th_TH"": ""การประเมินมูลค่าสินค้าคงคลัง""}",t,2026-03-18 05:31:15.811591,2026-03-29 06:24:56.525749
375,135,\N,1,1,375/,"purchase,static/description/icon.png",\N,"{""en_US"": ""Purchase"", ""th_TH"": ""สั่งซื้อ""}",t,2026-03-18 05:32:08.430974,2026-03-29 06:23:22.248742
376,1,375,1,1,375/376/,\N,\N,"{""en_US"": ""Orders"", ""th_TH"": ""คำสั่ง""}",t,2026-03-18 05:32:08.430974,2026-03-29 06:23:22.248742
377,15,376,1,1,375/376/377/,\N,"ir.actions.act_window,303","{""en_US"": ""Vendors"", ""th_TH"": ""ผู้ขาย""}",t,2026-03-18 05:32:08.430974,2026-03-29 06:23:22.248742
378,100,375,1,1,375/378/,\N,\N,"{""en_US"": ""Configuration"", ""th_TH"": ""การกำหนดค่า""}",t,2026-03-18 05:32:08.430974,2026-03-29 06:23:22.248742
379,1,378,1,1,375/378/379/,\N,"ir.actions.act_window,187","{""en_US"": ""Vendor Pricelists"", ""th_TH"": ""รายการราคาผู้ขาย""}",t,2026-03-18 05:32:08.430974,2026-03-29 06:23:22.248742
380,30,378,1,1,375/378/380/,\N,\N,"{""en_US"": ""Products"", ""th_TH"": ""สินค้า""}",t,2026-03-18 05:32:08.430974,2026-03-29 06:23:22.248742
381,1,380,1,1,375/378/380/381/,\N,"ir.actions.act_window,182","{""en_US"": ""Attributes"", ""th_TH"": ""คุณลักษณะ""}",t,2026-03-18 05:32:08.430974,2026-03-29 06:23:22.248742
382,3,380,1,1,375/378/380/382/,\N,"ir.actions.act_window,183","{""en_US"": ""Categories"", ""th_TH"": ""หมวดหมู่""}",t,2026-03-18 05:32:08.430974,2026-03-29 06:23:22.248742
383,10,380,1,1,375/378/380/383/,\N,"ir.actions.act_window,91","{""en_US"": ""Units & Packagings"", ""th_TH"": ""หน่วยและบรรจุภัณฑ์""}",t,2026-03-18 05:32:08.430974,2026-03-29 06:23:22.248742
384,5,375,1,1,375/384/,\N,\N,"{""en_US"": ""Products"", ""th_TH"": ""สินค้า""}",t,2026-03-18 05:32:08.430974,2026-03-29 06:23:22.248742
385,20,384,1,1,375/384/385/,\N,"ir.actions.act_window,630","{""en_US"": ""Products"", ""th_TH"": ""สินค้า""}",t,2026-03-18 05:32:08.430974,2026-03-29 06:23:22.248742
386,21,384,1,1,375/384/386/,\N,"ir.actions.act_window,631","{""en_US"": ""Product Variants"", ""th_TH"": ""ตัวแปรสินค้า""}",t,2026-03-18 05:32:08.430974,2026-03-29 06:23:22.248742
387,0,376,1,1,375/376/387/,\N,"ir.actions.act_window,632","{""en_US"": ""Requests for Quotation"", ""th_TH"": ""ใบแจ้งขอใบเสนอราคา""}",t,2026-03-18 05:32:08.430974,2026-03-29 06:23:22.248742
388,6,376,1,1,375/376/388/,\N,"ir.actions.act_window,633","{""en_US"": ""Purchase Orders"", ""th_TH"": ""คำสั่งซื้อ""}",t,2026-03-18 05:32:08.430974,2026-03-29 06:23:22.248742
389,0,378,1,1,375/378/389/,\N,"ir.actions.act_window,641","{""en_US"": ""Settings"", ""th_TH"": ""การตั้งค่า""}",t,2026-03-18 05:32:08.430974,2026-03-29 06:23:22.248742
390,99,375,1,1,375/390/,\N,\N,"{""en_US"": ""Reporting"", ""th_TH"": ""การรายงาน""}",t,2026-03-18 05:32:08.430974,2026-03-29 06:23:22.248742
391,99,390,1,1,375/390/391/,\N,"ir.actions.act_window,644","{""en_US"": ""Purchase"", ""th_TH"": ""สั่งซื้อ""}",t,2026-03-18 05:32:08.430974,2026-03-29 06:23:22.248742
395,160,\N,1,1,395/,"maintenance,static/description/icon.png",\N,"{""en_US"": ""Maintenance"", ""th_TH"": ""ซ่อมบำรุง""}",t,2026-03-18 05:32:49.623065,2026-03-29 06:22:33.53728
396,0,395,1,1,395/396/,\N,"ir.actions.act_window,659","{""en_US"": ""Dashboard"", ""th_TH"": ""แดชบอร์ด""}",t,2026-03-18 05:32:49.623065,2026-03-29 06:22:33.53728
397,1,395,1,1,395/397/,\N,\N,"{""en_US"": ""Maintenance"", ""th_TH"": ""ซ่อมบำรุง""}",t,2026-03-18 05:32:49.623065,2026-03-29 06:22:33.53728
398,1,397,1,1,395/397/398/,\N,"ir.actions.act_window,648","{""en_US"": ""Maintenance Requests"", ""th_TH"": ""คำขอการซ่อมบำรุง""}",t,2026-03-18 05:32:49.623065,2026-03-29 06:22:33.53728
399,2,397,1,1,395/397/399/,\N,"ir.actions.act_window,652","{""en_US"": ""Maintenance Calendar"", ""th_TH"": ""ปฏิทินการซ่อมบำรุง""}",t,2026-03-18 05:32:49.623065,2026-03-29 06:22:33.53728
401,3,395,1,1,395/401/,\N,\N,"{""en_US"": ""Reporting"", ""th_TH"": ""การรายงาน""}",t,2026-03-18 05:32:49.623065,2026-03-29 06:22:33.53728
402,1,401,1,1,395/401/402/,\N,\N,"{""en_US"": ""Overall Equipment Effectiveness (OEE)"", ""th_TH"": ""Overall Equipment Effectiveness (OEE)""}",t,2026-03-18 05:32:49.623065,2026-03-29 06:22:33.53728
403,2,401,1,1,395/401/403/,\N,\N,"{""en_US"": ""Losses Analysis"", ""th_TH"": ""การวิเคราะห์ความสูญเสีย""}",t,2026-03-18 05:32:49.623065,2026-03-29 06:22:33.53728
404,20,395,1,1,395/404/,\N,\N,"{""en_US"": ""Reporting"", ""th_TH"": ""การรายงาน""}",t,2026-03-18 05:32:49.623065,2026-03-29 06:22:33.53728
406,100,395,1,1,395/406/,\N,\N,"{""en_US"": ""Configuration"", ""th_TH"": ""การกำหนดค่า""}",t,2026-03-18 05:32:49.623065,2026-03-29 06:22:33.53728
407,1,406,1,1,395/406/407/,\N,"ir.actions.act_window,658","{""en_US"": ""Maintenance Teams"", ""th_TH"": ""ทีมงานการซ่อมบำรุง""}",t,2026-03-18 05:32:49.623065,2026-03-29 06:22:33.53728
408,2,406,1,1,395/406/408/,\N,"ir.actions.act_window,656","{""en_US"": ""Equipment Categories"", ""th_TH"": ""หมวดหมู่อุปกรณ์""}",t,2026-03-18 05:32:49.623065,2026-03-29 06:22:33.53728
409,3,406,1,1,395/406/409/,\N,"ir.actions.act_window,657","{""en_US"": ""Maintenance Stages"", ""th_TH"": ""ขั้นตอนการซ่อมบำรุง""}",t,2026-03-18 05:32:49.623065,2026-03-29 06:22:33.53728
410,20,406,1,1,395/406/410/,\N,"ir.actions.act_window,660","{""en_US"": ""Activity Types"", ""th_TH"": ""ประเภทกิจกรรม""}",t,2026-03-18 05:32:49.623065,2026-03-29 06:22:33.53728
411,0,406,1,1,395/406/411/,\N,"ir.actions.act_window,661","{""en_US"": ""Settings"", ""th_TH"": ""การตั้งค่า""}",t,2026-03-18 05:32:49.623065,2026-03-29 06:22:33.53728
412,185,\N,1,1,412/,"hr,static/description/icon.png",\N,"{""en_US"": ""Employees"", ""th_TH"": ""พนักงาน""}",t,2026-03-18 05:33:40.052078,2026-03-29 06:22:57.508173
413,0,412,1,1,412/413/,\N,\N,"{""en_US"": ""Human Resources"", ""th_TH"": ""ทรัพยากรบุคคล""}",t,2026-03-18 05:33:40.052078,2026-03-29 06:22:57.508173
414,3,412,1,1,412/414/,\N,"ir.actions.act_window,676","{""en_US"": ""Employees"", ""th_TH"": ""พนักงาน""}",t,2026-03-18 05:33:40.052078,2026-03-29 06:22:57.508173
415,4,412,1,1,412/415/,\N,"ir.actions.act_window,673","{""en_US"": ""Directory"", ""th_TH"": ""สารบบ""}",t,2026-03-18 05:33:40.052078,2026-03-29 06:22:57.508173
416,95,412,1,1,412/416/,\N,\N,"{""en_US"": ""Reporting"", ""th_TH"": ""การรายงาน""}",t,2026-03-18 05:33:40.052078,2026-03-29 06:22:57.508173
417,10,412,1,1,412/417/,\N,"ir.actions.act_window,682","{""en_US"": ""Departments"", ""th_TH"": ""แผนก""}",t,2026-03-18 05:33:40.052078,2026-03-29 06:22:57.508173
418,100,412,1,1,412/418/,\N,\N,"{""en_US"": ""Configuration"", ""th_TH"": ""การกำหนดค่า""}",t,2026-03-18 05:33:40.052078,2026-03-29 06:22:57.508173
419,10,418,1,1,412/418/419/,\N,\N,"{""en_US"": ""Employee"", ""th_TH"": ""พนักงาน""}",t,2026-03-18 05:33:40.052078,2026-03-29 06:22:57.508173
421,5,419,1,1,412/418/419/421/,\N,"ir.actions.act_window,683","{""en_US"": ""Work Locations"", ""th_TH"": ""ตำแหน่งงาน""}",t,2026-03-18 05:33:40.052078,2026-03-29 06:22:57.508173
422,6,419,1,1,412/418/419/422/,\N,"ir.actions.act_window,100","{""en_US"": ""Working Schedules"", ""th_TH"": ""ตารางการทำงาน""}",t,2026-03-18 05:33:40.052078,2026-03-29 06:22:57.508173
423,7,419,1,1,412/418/419/423/,\N,"ir.actions.act_window,668","{""en_US"": ""Departure Reasons"", ""th_TH"": ""สาเหตุการลาออก""}",t,2026-03-18 05:33:40.052078,2026-03-29 06:22:57.508173
424,10,419,1,1,412/418/419/424/,\N,"ir.actions.act_window,672","{""en_US"": ""Tags"", ""th_TH"": ""แท็ก""}",t,2026-03-18 05:33:40.052078,2026-03-29 06:22:57.508173
425,20,418,1,1,412/418/425/,\N,\N,"{""en_US"": ""Recruitment"", ""th_TH"": ""การรับสมัคร""}",t,2026-03-18 05:33:40.052078,2026-03-29 06:22:57.508173
426,1,425,1,1,412/418/425/426/,\N,"ir.actions.act_window,671","{""en_US"": ""Job Positions"", ""th_TH"": ""ตำแหน่งงาน""}",t,2026-03-18 05:33:40.052078,2026-03-29 06:22:57.508173
427,2,425,1,1,412/418/425/427/,\N,"ir.actions.act_window,667","{""en_US"": ""Contract Templates"", ""th_TH"": ""เทมเพลตสัญญา""}",t,2026-03-18 05:33:40.052078,2026-03-29 06:22:57.508173
428,3,425,1,1,412/418/425/428/,\N,"ir.actions.act_window,669","{""en_US"": ""Employment Types"", ""th_TH"": ""ประเภทการจ้างงาน""}",f,2026-03-18 05:33:40.052078,2026-03-29 06:22:57.508173
429,0,418,1,1,412/418/429/,\N,"ir.actions.act_window,684","{""en_US"": ""Settings"", ""th_TH"": ""การตั้งค่า""}",t,2026-03-18 05:33:40.052078,2026-03-29 06:22:57.508173
430,230,\N,1,1,430/,"hr_expense,static/description/icon.png",\N,"{""en_US"": ""Expenses"", ""th_TH"": ""รายจ่าย""}",t,2026-03-18 05:33:47.704597,2026-03-29 06:23:17.433729
431,1,430,1,1,430/431/,\N,\N,"{""en_US"": ""My Expenses"", ""th_TH"": ""รายจ่ายของฉัน""}",t,2026-03-18 05:33:47.704597,2026-03-29 06:23:17.433729
432,1,431,1,1,430/431/432/,\N,"ir.actions.act_window,692","{""en_US"": ""My Expenses"", ""th_TH"": ""รายจ่ายของฉัน""}",t,2026-03-18 05:33:47.704597,2026-03-29 06:23:17.433729
433,1,431,1,1,430/431/433/,\N,"ir.actions.act_window,693","{""en_US"": ""Expenses to Process"", ""th_TH"": ""รายจ่ายที่จะดำเนินการ""}",t,2026-03-18 05:33:47.704597,2026-03-29 06:23:17.433729
434,4,430,1,1,430/434/,\N,\N,"{""en_US"": ""Reporting"", ""th_TH"": ""การรายงาน""}",t,2026-03-18 05:33:47.704597,2026-03-29 06:23:17.433729
435,0,434,1,1,430/434/435/,\N,"ir.actions.act_window,694","{""en_US"": ""Expenses Analysis"", ""th_TH"": ""การวิเคราห์รายจ่าย""}",t,2026-03-18 05:33:47.704597,2026-03-29 06:23:17.433729
436,100,430,1,1,430/436/,\N,\N,"{""en_US"": ""Configuration"", ""th_TH"": ""การกำหนดค่า""}",t,2026-03-18 05:33:47.704597,2026-03-29 06:23:17.433729
437,10,436,1,1,430/436/437/,\N,"ir.actions.act_window,691","{""en_US"": ""Expense Categories"", ""th_TH"": ""หมวดหมู่ค่าใช้จ่าย""}",t,2026-03-18 05:33:47.704597,2026-03-29 06:23:17.433729
438,22,138,1,1,323/138/438/,\N,"ir.actions.act_window,695","{""en_US"": ""Employee Expenses"", ""th_TH"": ""รายจ่ายพนักงาน""}",t,2026-03-18 05:33:47.704597,2026-03-29 06:23:17.433729
439,10,436,1,1,430/436/439/,\N,"ir.actions.act_window,698","{""en_US"": ""Activity Types"", ""th_TH"": ""ประเภทกิจกรรม""}",t,2026-03-18 05:33:47.704597,2026-03-29 06:23:17.433729
440,0,436,1,1,430/436/440/,\N,"ir.actions.act_window,701","{""en_US"": ""Settings"", ""th_TH"": ""การตั้งค่า""}",t,2026-03-18 05:33:47.704597,2026-03-29 06:23:17.433729
441,15,418,1,1,412/418/441/,\N,\N,"{""en_US"": ""Resume"", ""th_TH"": ""ประวัติย่อ""}",t,2026-03-18 05:33:52.086694,2026-03-29 06:23:20.852916
442,3,441,1,1,412/418/441/442/,\N,"ir.actions.act_window,704","{""en_US"": ""Sections"", ""th_TH"": ""ส่วน""}",t,2026-03-18 05:33:52.086694,2026-03-29 06:23:20.852916
443,7,419,1,1,412/418/419/443/,\N,"ir.actions.act_window,706","{""en_US"": ""Skill Types"", ""th_TH"": ""ประเภททักษะ""}",t,2026-03-18 05:33:52.086694,2026-03-29 06:23:20.852916
444,15,416,1,1,412/416/444/,\N,\N,"{""en_US"": ""Skills"", ""th_TH"": ""ทักษะ""}",t,2026-03-18 05:33:52.086694,2026-03-29 06:23:20.852916
445,93,412,1,1,412/445/,\N,\N,"{""en_US"": ""Learning"", ""th_TH"": ""การเรียนรู้""}",t,2026-03-18 05:33:52.086694,2026-03-29 06:23:20.852916
446,94,445,1,1,412/445/446/,\N,"ir.actions.act_window,707","{""en_US"": ""Certifications"", ""th_TH"": ""ใบรับรอง""}",t,2026-03-18 05:33:52.086694,2026-03-29 06:23:20.852916
448,25,444,1,1,412/416/444/448/,\N,"ir.actions.act_window,711","{""en_US"": ""Certifications"", ""th_TH"": ""ใบรับรอง""}",t,2026-03-18 05:33:52.086694,2026-03-29 06:23:20.852916
450,61,\N,1,1,450/,"equity,static/description/icon.png",\N,"{""en_US"": ""Equity"", ""th_TH"": ""ส่วนของเจ้าของ""}",t,2026-03-18 05:35:00.54713,2026-03-29 06:22:47.202223
451,10,450,1,1,450/451/,\N,"ir.actions.server,732","{""en_US"": ""Dashboard"", ""th_TH"": ""แดชบอร์ด""}",t,2026-03-18 05:35:00.54713,2026-03-29 06:22:47.202223
452,20,450,1,1,450/452/,\N,\N,"{""en_US"": ""Ownership"", ""th_TH"": ""ความเป็นเจ้าของ""}",t,2026-03-18 05:35:00.54713,2026-03-29 06:22:47.202223
453,10,452,1,1,450/452/453/,\N,"ir.actions.act_window,728","{""en_US"": ""Transactions"", ""th_TH"": ""รายการธุรกรรม""}",t,2026-03-18 05:35:00.54713,2026-03-29 06:22:47.202223
456,30,450,1,1,450/456/,\N,\N,"{""en_US"": ""Reporting"", ""th_TH"": ""การรายงาน""}",t,2026-03-18 05:35:00.54713,2026-03-29 06:22:47.202223
459,30,456,1,1,450/456/459/,\N,"ir.actions.client,724","{""en_US"": ""Valuation"", ""th_TH"": ""การประเมินมูลค่า""}",t,2026-03-18 05:35:00.54713,2026-03-29 06:22:47.202223
460,40,450,1,1,450/460/,\N,\N,"{""en_US"": ""Configuration"", ""th_TH"": ""การกำหนดค่า""}",t,2026-03-18 05:35:00.54713,2026-03-29 06:22:47.202223
464,2,287,1,1,282/284/287/464/,\N,"ir.actions.act_window,738","{""en_US"": ""Cities"", ""th_TH"": ""เมือง""}",t,2026-03-18 05:39:32.582212,2026-03-29 06:22:40.526686
475,4,249,1,1,228/246/249/475/,\N,"ir.actions.act_window,757","{""en_US"": ""Delivery Methods"", ""th_TH"": ""วิธีจัดส่ง""}",t,2026-03-18 12:25:34.329804,2026-03-29 06:23:48.203227
476,1,368,1,1,331/336/368/476/,\N,"ir.actions.act_window,757","{""en_US"": ""Delivery Methods"", ""th_TH"": ""วิธีจัดส่ง""}",t,2026-03-18 12:25:36.358645,2026-03-29 06:24:02.878458
477,100,368,1,1,331/336/368/477/,\N,"ir.actions.act_window,758","{""en_US"": ""Zip Prefix"", ""th_TH"": ""คำนำหน้ารหัสไปรษณีย์""}",t,2026-03-18 12:25:36.358645,2026-03-29 06:24:02.878458
479,10,478,1,1,228/246/478/479/,\N,"ir.actions.act_window,766","{""en_US"": ""Accounts"", ""th_TH"": ""บัญชี""}",t,2026-03-18 12:25:37.400056,2026-03-29 06:24:06.099966
481,115,334,1,1,331/332/334/481/,\N,"ir.actions.act_window,770","{""en_US"": ""Landed Costs"", ""th_TH"": ""ต้นทุนแฝง""}",t,2026-03-29 10:48:55.475382,2026-03-29 10:48:55.475382
482,50,\N,1,1,482/,"point_of_sale,static/description/icon.png",\N,"{""en_US"": ""Point of Sale"", ""th_TH"": ""การขายหน้าร้าน""}",t,2026-03-30 06:57:43.846231,2026-03-30 06:57:43.846231
484,100,483,1,1,482/483/484/,\N,"ir.actions.act_window,302","{""en_US"": ""Customers"", ""th_TH"": ""ลูกค้า""}",t,2026-03-30 06:57:43.846231,2026-03-30 06:57:43.846231
485,90,482,1,1,482/485/,\N,\N,"{""en_US"": ""Reporting"", ""th_TH"": ""การรายงาน""}",t,2026-03-30 06:57:43.846231,2026-03-30 06:57:43.846231
486,5,485,1,1,482/485/486/,\N,"ir.actions.act_window,772","{""en_US"": ""Session Report"", ""th_TH"": ""รายงานเซสซัน""}",t,2026-03-30 06:57:43.846231,2026-03-30 06:57:43.846231
487,100,482,1,1,482/487/,\N,\N,"{""en_US"": ""Configuration"", ""th_TH"": ""การกำหนดค่า""}",t,2026-03-30 06:57:43.846231,2026-03-30 06:57:43.846231
488,12,487,1,1,482/487/488/,\N,\N,"{""en_US"": ""Products"", ""th_TH"": ""สินค้า""}",t,2026-03-30 06:57:43.846231,2026-03-30 06:57:43.846231
489,0,487,1,1,482/487/489/,\N,"ir.actions.act_window,776","{""en_US"": ""Settings"", ""th_TH"": ""การตั้งค่า""}",t,2026-03-30 06:57:43.846231,2026-03-30 06:57:43.846231
490,11,487,1,1,482/487/490/,\N,"ir.actions.act_window,777","{""en_US"": ""Note Models"", ""th_TH"": ""หมายเหตุโมเดล""}",t,2026-03-30 06:57:43.846231,2026-03-30 06:57:43.846231
491,2,483,1,1,482/483/491/,\N,"ir.actions.act_window,778","{""en_US"": ""Orders"", ""th_TH"": ""คำสั่ง""}",t,2026-03-30 06:57:43.846231,2026-03-30 06:57:43.846231
492,10,482,1,1,482/492/,\N,\N,"{""en_US"": ""Products"", ""th_TH"": ""สินค้า""}",t,2026-03-30 06:57:43.846231,2026-03-30 06:57:43.846231
493,5,492,1,1,482/492/493/,\N,"ir.actions.act_window,787","{""en_US"": ""Products"", ""th_TH"": ""สินค้า""}",t,2026-03-30 06:57:43.846231,2026-03-30 06:57:43.846231
494,10,492,1,1,482/492/494/,\N,"ir.actions.act_window,788","{""en_US"": ""Product Variants"", ""th_TH"": ""ตัวแปรสินค้า""}",t,2026-03-30 06:57:43.846231,2026-03-30 06:57:43.846231
495,15,492,1,1,482/492/495/,\N,"ir.actions.act_window,184","{""en_US"": ""Combo Choices"", ""th_TH"": ""ทางเลือกคอมโบ""}",t,2026-03-30 06:57:43.846231,2026-03-30 06:57:43.846231
496,20,492,1,1,482/492/496/,\N,"ir.actions.act_window,185","{""en_US"": ""Pricelists"", ""th_TH"": ""รายการราคา""}",t,2026-03-30 06:57:43.846231,2026-03-30 06:57:43.846231
497,40,487,1,1,482/487/497/,\N,"ir.actions.act_window,286","{""en_US"": ""Taxes"", ""th_TH"": ""ภาษี""}",t,2026-03-30 06:57:43.846231,2026-03-30 06:57:43.846231
498,3,487,1,1,482/487/498/,\N,"ir.actions.act_window,792","{""en_US"": ""Payment Methods"", ""th_TH"": ""วิธีการชำระเงิน""}",t,2026-03-30 06:57:43.846231,2026-03-30 06:57:43.846231
499,3,483,1,1,482/483/499/,\N,"ir.actions.act_window,794","{""en_US"": ""Payments"", ""th_TH"": ""การชำระเงิน""}",t,2026-03-30 06:57:43.846231,2026-03-30 06:57:43.846231
500,1,488,1,1,482/487/488/500/,\N,"ir.actions.act_window,786","{""en_US"": ""PoS Product Categories"", ""th_TH"": ""หมวดหมู่สินค้า PoS""}",t,2026-03-30 06:57:43.846231,2026-03-30 06:57:43.846231
501,2,488,1,1,482/487/488/501/,\N,"ir.actions.act_window,182","{""en_US"": ""Attributes"", ""th_TH"": ""คุณลักษณะ""}",t,2026-03-30 06:57:43.846231,2026-03-30 06:57:43.846231
502,1,482,1,1,482/502/,\N,"ir.actions.act_window,795","{""en_US"": ""Dashboard"", ""th_TH"": ""แดชบอร์ด""}",t,2026-03-30 06:57:43.846231,2026-03-30 06:57:43.846231
503,10,487,1,1,482/487/503/,\N,"ir.actions.act_window,796","{""en_US"": ""Point of Sales"", ""th_TH"": ""การขายหน้าร้าน""}",t,2026-03-30 06:57:43.846231,2026-03-30 06:57:43.846231
506,3,485,1,1,482/485/506/,\N,"ir.actions.act_window,801","{""en_US"": ""Orders"", ""th_TH"": ""คำสั่ง""}",t,2026-03-30 06:57:43.846231,2026-03-30 06:57:43.846231
507,4,485,1,1,482/485/507/,\N,"ir.actions.act_window,802","{""en_US"": ""Sales Details"", ""th_TH"": ""รายละเอียดการขาย""}",t,2026-03-30 06:57:43.846231,2026-03-30 06:57:43.846231
510,3,488,1,1,482/487/488/510/,\N,"ir.actions.act_window,175","{""en_US"": ""Product Tags"", ""th_TH"": ""แท็กสินค้า""}",t,2026-03-30 06:57:43.846231,2026-03-30 06:57:43.846231
512,51,\N,1,1,512/,"pos_enterprise,static/description/icon.png","ir.actions.server,810","{""en_US"": ""Kitchen Display"", ""th_TH"": ""หน้าจอห้องครัว""}",f,2026-03-30 06:57:50.713151,2026-03-30 06:57:50.713151
514,145,\N,1,1,514/,"mrp,static/description/icon.png",\N,"{""en_US"": ""Manufacturing"", ""th_TH"": ""การผลิต""}",t,2026-03-30 07:52:50.018059,2026-03-30 07:52:50.018059
515,10,514,1,1,514/515/,\N,\N,"{""en_US"": ""Operations"", ""th_TH"": ""การปฏิบัติการ""}",t,2026-03-30 07:52:50.018059,2026-03-30 07:52:50.018059
516,15,514,1,1,514/516/,\N,\N,"{""en_US"": ""Planning"", ""th_TH"": ""การวางแผน""}",t,2026-03-30 07:52:50.018059,2026-03-30 07:52:50.018059
517,20,514,1,1,514/517/,\N,\N,"{""en_US"": ""Products"", ""th_TH"": ""สินค้า""}",t,2026-03-30 07:52:50.018059,2026-03-30 07:52:50.018059
518,25,514,1,1,514/518/,\N,\N,"{""en_US"": ""Reporting"", ""th_TH"": ""การรายงาน""}",t,2026-03-30 07:52:50.018059,2026-03-30 07:52:50.018059
519,100,514,1,1,514/519/,\N,\N,"{""en_US"": ""Configuration"", ""th_TH"": ""การกำหนดค่า""}",t,2026-03-30 07:52:50.018059,2026-03-30 07:52:50.018059
520,15,517,1,1,514/517/520/,\N,"ir.actions.act_window,548","{""en_US"": ""Lots/Serial Numbers"", ""th_TH"": ""ล็อต/หมายเลขซีเรียล""}",t,2026-03-30 07:52:50.018059,2026-03-30 07:52:50.018059
521,25,515,1,1,514/515/521/,\N,"ir.actions.act_window,550","{""en_US"": ""Scrap"", ""th_TH"": ""เศษสินค้า""}",t,2026-03-30 07:52:50.018059,2026-03-30 07:52:50.018059
522,135,516,1,1,514/516/522/,\N,"ir.actions.server,513","{""en_US"": ""Procurement: run scheduler"", ""th_TH"": ""การจัดซื้อ: เรียกใช้ตัวกำหนดตารางเวลา""}",t,2026-03-30 07:52:50.018059,2026-03-30 07:52:50.018059
523,90,519,1,1,514/519/523/,\N,"ir.actions.act_window,839","{""en_US"": ""Work Centers"", ""th_TH"": ""ศูนย์งาน""}",t,2026-03-30 07:52:50.018059,2026-03-30 07:52:50.018059
524,12,518,1,1,514/518/524/,\N,"ir.actions.act_window,841","{""en_US"": ""Overall Equipment Effectiveness"", ""th_TH"": ""ประสิทธิภาพของอุปกรณ์โดยรวม""}",t,2026-03-30 07:52:50.018059,2026-03-30 07:52:50.018059
525,13,517,1,1,514/517/525/,\N,"ir.actions.act_window,843","{""en_US"": ""Bills of Materials"", ""th_TH"": ""บิลวัสดุ""}",t,2026-03-30 07:52:50.018059,2026-03-30 07:52:50.018059
526,1,515,1,1,514/515/526/,\N,"ir.actions.act_window,856","{""en_US"": ""Manufacturing Orders"", ""th_TH"": ""ใบสั่งผลิต""}",t,2026-03-30 07:52:50.018059,2026-03-30 07:52:50.018059
527,10,515,1,1,514/515/527/,\N,"ir.actions.act_window,830","{""en_US"": ""Work Orders"", ""th_TH"": ""คำสั่งงาน""}",t,2026-03-30 07:52:50.018059,2026-03-30 07:52:50.018059
528,10,518,1,1,514/518/528/,\N,"ir.actions.act_window,838","{""en_US"": ""Work Orders"", ""th_TH"": ""คำสั่งงาน""}",t,2026-03-30 07:52:50.018059,2026-03-30 07:52:50.018059
529,100,519,1,1,514/519/529/,\N,"ir.actions.act_window,860","{""en_US"": ""Operations"", ""th_TH"": ""การปฏิบัติการ""}",t,2026-03-30 07:52:50.018059,2026-03-30 07:52:50.018059
530,1,517,1,1,514/517/530/,\N,"ir.actions.act_window,861","{""en_US"": ""Products"", ""th_TH"": ""สินค้า""}",t,2026-03-30 07:52:50.018059,2026-03-30 07:52:50.018059
531,2,517,1,1,514/517/531/,\N,"ir.actions.act_window,862","{""en_US"": ""Product Variants"", ""th_TH"": ""ตัวแปรสินค้า""}",t,2026-03-30 07:52:50.018059,2026-03-30 07:52:50.018059
532,25,333,1,1,331/332/333/532/,\N,"ir.actions.act_window,863","{""en_US"": ""Manufacturings"", ""th_TH"": ""การผลิต""}",t,2026-03-30 07:52:50.018059,2026-03-30 07:52:50.018059
533,20,515,1,1,514/515/533/,\N,"ir.actions.act_window,866","{""en_US"": ""Unbuild Orders"", ""th_TH"": ""คำสั่งรื้อ""}",t,2026-03-30 07:52:50.018059,2026-03-30 07:52:50.018059
534,0,519,1,1,514/519/534/,\N,"ir.actions.act_window,867","{""en_US"": ""Settings"", ""th_TH"": ""การตั้งค่า""}",t,2026-03-30 07:52:50.018059,2026-03-30 07:52:50.018059
535,2,516,1,1,514/516/535/,\N,\N,"{""en_US"": ""Work Orders"", ""th_TH"": ""คำสั่งงาน""}",t,2026-03-30 07:53:00.318091,2026-03-30 07:53:00.318091
536,1,535,1,1,514/516/535/536/,\N,"ir.actions.server,881","{""en_US"": ""Planning by Production"", ""th_TH"": ""การวางแผนโดยการผลิต""}",t,2026-03-30 07:53:00.318091,2026-03-30 07:53:00.318091
537,2,535,1,1,514/516/535/537/,\N,"ir.actions.server,880","{""en_US"": ""Planning by Workcenter"", ""th_TH"": ""การวางแผนโดยศูนย์งาน""}",t,2026-03-30 07:53:00.318091,2026-03-30 07:53:00.318091
538,5,514,1,1,514/538/,\N,"ir.actions.act_window,840","{""en_US"": ""Overview"", ""th_TH"": ""ภาพรวม""}",t,2026-03-30 07:53:00.318091,2026-03-30 07:53:00.318091
539,146,\N,1,1,539/,"mrp_workorder,static/description/mrp_display_icon.png",\N,"{""en_US"": ""Shop Floor"", ""th_TH"": ""พื้นที่ผลิต""}",t,2026-03-30 07:53:00.318091,2026-03-30 07:53:00.318091
540,10,539,1,1,539/540/,\N,"ir.actions.client,885","{""en_US"": ""Shop Floor"", ""th_TH"": ""พื้นที่ผลิต""}",t,2026-03-30 07:53:00.318091,2026-03-30 07:53:00.318091
541,20,518,1,1,514/518/541/,\N,"ir.actions.act_window,890","{""en_US"": ""Production Analysis"", ""th_TH"": ""วิเคราะห์การผลิต""}",t,2026-03-30 07:53:02.865557,2026-03-30 07:53:02.865557
542,1,400,1,1,395/400/542/,\N,"ir.actions.act_window,891","{""en_US"": ""Work Centers"", ""th_TH"": ""ศูนย์งาน""}",t,2026-03-30 07:53:03.138617,2026-03-30 07:53:03.138617
543,2,400,1,1,395/400/543/,\N,"ir.actions.act_window,654","{""en_US"": ""Machines & Tools"", ""th_TH"": ""เครื่องจักรและเครื่องมือ""}",t,2026-03-30 07:53:03.138617,2026-03-30 07:53:03.138617
551,95,\N,1,1,551/,"website,static/description/icon.png",\N,"{""en_US"": ""Website"", ""th_TH"": ""เว็บไซต์""}",t,2026-04-01 04:52:07.614842,2026-04-01 04:52:07.614842
552,10,551,1,1,551/552/,\N,\N,"{""en_US"": ""Site"", ""th_TH"": ""ไซต์""}",t,2026-04-01 04:52:07.614842,2026-04-01 04:52:07.614842
553,10,552,1,1,551/552/553/,\N,"ir.actions.client,919","{""en_US"": ""Homepage"", ""th_TH"": ""หน้าแรก""}",t,2026-04-01 04:52:07.614842,2026-04-01 04:52:07.614842
554,20,552,1,1,551/552/554/,\N,"ir.actions.client,919","{""en_US"": ""Menu Editor"", ""th_TH"": ""ตัวแก้ไขเมนู""}",t,2026-04-01 04:52:07.614842,2026-04-01 04:52:07.614842
555,30,552,1,1,551/552/555/,\N,\N,"{""en_US"": ""Content"", ""th_TH"": ""เนื้อหา""}",t,2026-04-01 04:52:07.614842,2026-04-01 04:52:07.614842
556,40,552,1,1,551/552/556/,\N,\N,"{""en_US"": ""This page"", ""th_TH"": ""เพจนี้""}",t,2026-04-01 04:52:07.614842,2026-04-01 04:52:07.614842
